PERMNO,date,TICKER,COMNAM,CUSIP,PRC,VOL
84415,20000901,CRYS,CRYSTAL SYSTEMS SOLUTIONS,M7037810,8.75000,6000
84415,20000905,CRYS,CRYSTAL SYSTEMS SOLUTIONS,M7037810,8.68750,24124
84415,20000906,CRYS,CRYSTAL SYSTEMS SOLUTIONS,M7037810,8.50000,23782
84415,20000907,CRYS,CRYSTAL SYSTEMS SOLUTIONS,M7037810,8.37500,14870
84415,20000908,CRYS,CRYSTAL SYSTEMS SOLUTIONS,M7037810,8.62500,15600
84415,20000911,CRYS,CRYSTAL SYSTEMS SOLUTIONS,M7037810,8.37500,23365
84415,20000912,CRYS,CRYSTAL SYSTEMS SOLUTIONS,M7037810,8.62500,18590
84415,20000913,CRYS,CRYSTAL SYSTEMS SOLUTIONS,M7037810,8.50000,23500
84415,20000914,CRYS,CRYSTAL SYSTEMS SOLUTIONS,M7037810,9.03125,75671
84415,20000915,CRYS,CRYSTAL SYSTEMS SOLUTIONS,M7037810,9.12500,19924
84415,20000918,CRYS,CRYSTAL SYSTEMS SOLUTIONS,M7037810,8.68750,19230
84415,20000919,CRYS,CRYSTAL SYSTEMS SOLUTIONS,M7037810,8.62500,7750
84415,20000920,CRYS,CRYSTAL SYSTEMS SOLUTIONS,M7037810,9.00000,11600
84415,20000921,CRYS,CRYSTAL SYSTEMS SOLUTIONS,M7037810,8.87500,9016
84415,20000922,CRYS,CRYSTAL SYSTEMS SOLUTIONS,M7037810,8.75000,8998
84415,20000925,CRYS,CRYSTAL SYSTEMS SOLUTIONS,M7037810,8.25000,5630
84415,20000926,CRYS,CRYSTAL SYSTEMS SOLUTIONS,M7037810,8.06250,12300
84415,20000927,CRYS,CRYSTAL SYSTEMS SOLUTIONS,M7037810,7.87500,7570
84415,20000928,CRYS,CRYSTAL SYSTEMS SOLUTIONS,M7037810,8.37500,35710
84415,20000929,CRYS,CRYSTAL SYSTEMS SOLUTIONS,M7037810,8.31250,15970
84415,20001002,CRYS,CRYSTAL SYSTEMS SOLUTIONS,M7037810,8.37500,8100
84415,20001003,CRYS,CRYSTAL SYSTEMS SOLUTIONS,M7037810,8.25000,11820
84415,20001004,CRYS,CRYSTAL SYSTEMS SOLUTIONS,M7037810,8.00000,18300
84415,20001005,CRYS,CRYSTAL SYSTEMS SOLUTIONS,M7037810,7.75000,27079
84415,20001006,CRYS,CRYSTAL SYSTEMS SOLUTIONS,M7037810,7.50000,11850
84415,20001009,CRYS,CRYSTAL SYSTEMS SOLUTIONS,M7037810,7.50000,6500
84415,20001010,CRYS,CRYSTAL SYSTEMS SOLUTIONS,M7037810,7.37500,31155
84415,20001011,CRYS,CRYSTAL SYSTEMS SOLUTIONS,M7037810,7.12500,95009
84415,20001012,CRYS,CRYSTAL SYSTEMS SOLUTIONS,M7037810,6.43750,88291
84415,20001013,CRYS,CRYSTAL SYSTEMS SOLUTIONS,M7037810,6.50000,33015
84415,20001016,CRYS,CRYSTAL SYSTEMS SOLUTIONS,M7037810,6.25000,34339
84415,20001017,CRYS,CRYSTAL SYSTEMS SOLUTIONS,M7037810,6.18750,16802
84415,20001018,CRYS,CRYSTAL SYSTEMS SOLUTIONS,M7037810,6.25000,31987
84415,20001019,CRYS,CRYSTAL SYSTEMS SOLUTIONS,M7037810,6.25000,20623
84415,20001020,CRYS,CRYSTAL SYSTEMS SOLUTIONS,M7037810,7.00000,41765
84415,20001023,CRYS,CRYSTAL SYSTEMS SOLUTIONS,M7037810,6.68750,24100
84415,20001024,CRYS,CRYSTAL SYSTEMS SOLUTIONS,M7037810,6.75000,19255
84415,20001025,CRYS,CRYSTAL SYSTEMS SOLUTIONS,M7037810,6.25000,8995
84415,20001026,CRYS,CRYSTAL SYSTEMS SOLUTIONS,M7037810,5.75000,36431
84415,20001027,CRYS,CRYSTAL SYSTEMS SOLUTIONS,M7037810,6.06250,15800
84415,20001030,CRYS,CRYSTAL SYSTEMS SOLUTIONS,M7037810,5.75000,20150
84415,20001031,CRYS,CRYSTAL SYSTEMS SOLUTIONS,M7037810,5.62500,10200
84415,20001101,CRYS,CRYSTAL SYSTEMS SOLUTIONS,M7037810,5.87500,9682
84415,20001102,CRYS,CRYSTAL SYSTEMS SOLUTIONS,M7037810,6.43750,10177
84415,20001103,CRYS,CRYSTAL SYSTEMS SOLUTIONS,M7037810,6.56250,18677
84415,20001106,CRYS,CRYSTAL SYSTEMS SOLUTIONS,M7037810,6.50000,10295
84415,20001107,CRYS,CRYSTAL SYSTEMS SOLUTIONS,M7037810,6.12500,15642
84415,20001108,CRYS,CRYSTAL SYSTEMS SOLUTIONS,M7037810,6.12500,6400
84415,20001109,CRYS,CRYSTAL SYSTEMS SOLUTIONS,M7037810,6.00000,3400
84415,20001110,CRYS,CRYSTAL SYSTEMS SOLUTIONS,M7037810,5.87500,8800
84415,20001113,CRYS,CRYSTAL SYSTEMS SOLUTIONS,M7037810,6.43750,271378
84415,20001114,CRYS,CRYSTAL SYSTEMS SOLUTIONS,M7037810,6.75000,44777
84415,20001115,CRYS,CRYSTAL SYSTEMS SOLUTIONS,M7037810,6.12500,17390
84415,20001116,CRYS,CRYSTAL SYSTEMS SOLUTIONS,M7037810,6.62500,89726
84415,20001117,CRYS,CRYSTAL SYSTEMS SOLUTIONS,M7037810,6.93750,18355
84415,20001120,CRYS,CRYSTAL SYSTEMS SOLUTIONS,M7037810,7.00000,58460
84415,20001121,CRYS,CRYSTAL SYSTEMS SOLUTIONS,M7037810,7.12500,33100
84415,20001122,CRYS,CRYSTAL SYSTEMS SOLUTIONS,M7037810,6.62500,54209
84415,20001124,CRYS,CRYSTAL SYSTEMS SOLUTIONS,M7037810,7.00000,35000
84415,20001127,CRYS,CRYSTAL SYSTEMS SOLUTIONS,M7037810,7.50000,117420
84415,20001128,CRYS,CRYSTAL SYSTEMS SOLUTIONS,M7037810,7.75000,130084
84415,20001129,CRYS,CRYSTAL SYSTEMS SOLUTIONS,M7037810,7.75000,44100
84415,20001130,CRYS,CRYSTAL SYSTEMS SOLUTIONS,M7037810,7.50000,58562
84415,20001201,CRYS,CRYSTAL SYSTEMS SOLUTIONS,M7037810,8.00000,40949
84415,20001204,CRYS,CRYSTAL SYSTEMS SOLUTIONS,M7037810,8.12500,100880
84415,20001205,CRYS,CRYSTAL SYSTEMS SOLUTIONS,M7037810,8.37500,45376
84415,20001206,CRYS,CRYSTAL SYSTEMS SOLUTIONS,M7037810,8.00000,13921
84415,20001207,CRYS,CRYSTAL SYSTEMS SOLUTIONS,M7037810,8.00000,33546
84415,20001208,CRYS,CRYSTAL SYSTEMS SOLUTIONS,M7037810,8.50000,36195
84415,20001211,CRYS,CRYSTAL SYSTEMS SOLUTIONS,M7037810,8.00000,18325
84415,20001212,CRYS,CRYSTAL SYSTEMS SOLUTIONS,M7037810,8.09375,42246
84415,20001213,CRYS,CRYSTAL SYSTEMS SOLUTIONS,M7037810,8.00000,13522
84415,20001214,CRYS,CRYSTAL SYSTEMS SOLUTIONS,M7037810,8.00000,12860
84415,20001215,CRYS,CRYSTAL SYSTEMS SOLUTIONS,M7037810,7.50000,14400
84415,20001218,CRYS,CRYSTAL SYSTEMS SOLUTIONS,M7037810,7.50000,28200
84415,20001219,CRYS,CRYSTAL SYSTEMS SOLUTIONS,M7037810,7.12500,16850
84415,20001220,CRYS,CRYSTAL SYSTEMS SOLUTIONS,M7037810,7.06250,159300
84415,20001221,CRYS,CRYSTAL SYSTEMS SOLUTIONS,M7037810,7.37500,18209
84415,20001222,CRYS,CRYSTAL SYSTEMS SOLUTIONS,M7037810,7.75000,30900
84415,20001226,CRYS,CRYSTAL SYSTEMS SOLUTIONS,M7037810,7.43750,12000
84415,20001227,CRYS,CRYSTAL SYSTEMS SOLUTIONS,M7037810,7.37500,92600
84415,20001228,CRYS,CRYSTAL SYSTEMS SOLUTIONS,M7037810,7.25000,77250
84415,20001229,CRYS,CRYSTAL SYSTEMS SOLUTIONS,M7037810,7.25000,61995
84415,20010102,CRYS,CRYSTAL SYSTEMS SOLUTIONS,M7037810,6.87500,39674
84415,20010103,CRYS,CRYSTAL SYSTEMS SOLUTIONS,M7037810,7.12500,56526
84415,20010104,CRYS,CRYSTAL SYSTEMS SOLUTIONS,M7037810,7.12500,20173
84415,20010105,CRYS,CRYSTAL SYSTEMS SOLUTIONS,M7037810,7.12500,11700
84415,20010108,CRYS,CRYSTAL SYSTEMS SOLUTIONS,M7037810,7.12500,80628
84415,20010109,CRYS,CRYSTAL SYSTEMS SOLUTIONS,M7037810,7.09375,17300
84415,20010110,CRYS,CRYSTAL SYSTEMS SOLUTIONS,M7037810,7.18750,32275
84415,20010111,CRYS,CRYSTAL SYSTEMS SOLUTIONS,M7037810,7.37500,15320
84415,20010112,CRYS,CRYSTAL SYSTEMS SOLUTIONS,M7037810,7.37500,5450
84415,20010116,CRYS,CRYSTAL SYSTEMS SOLUTIONS,M7037810,7.31250,14460
84415,20010117,CRYS,CRYSTAL SYSTEMS SOLUTIONS,M7037810,7.37500,5150
84415,20010118,CRYS,CRYSTAL SYSTEMS SOLUTIONS,M7037810,7.75000,21287
84415,20010119,CRYS,CRYSTAL SYSTEMS SOLUTIONS,M7037810,8.06250,21608
84415,20010122,CRYS,CRYSTAL SYSTEMS SOLUTIONS,M7037810,7.81250,15200
84415,20010123,CRYS,CRYSTAL SYSTEMS SOLUTIONS,M7037810,8.00000,2600
84415,20010124,CRYS,CRYSTAL SYSTEMS SOLUTIONS,M7037810,7.87500,4150
84415,20010125,CRYS,CRYSTAL SYSTEMS SOLUTIONS,M7037810,8.00000,9750
84415,20010126,CRYS,CRYSTAL SYSTEMS SOLUTIONS,M7037810,8.12500,6000
84415,20010129,CRYS,CRYSTAL SYSTEMS SOLUTIONS,M7037810,8.37500,39966
84415,20010130,CRYS,CRYSTAL SYSTEMS SOLUTIONS,M7037810,8.12500,25078
84415,20010131,CRYS,CRYSTAL SYSTEMS SOLUTIONS,M7037810,8.12500,39800
84415,20010201,CRYS,CRYSTAL SYSTEMS SOLUTIONS,M7037810,8.06250,38753
84415,20010202,CRYS,CRYSTAL SYSTEMS SOLUTIONS,M7037810,8.25000,53900
84415,20010205,CRYS,CRYSTAL SYSTEMS SOLUTIONS,M7037810,8.12500,5758
84415,20010206,CRYS,CRYSTAL SYSTEMS SOLUTIONS,M7037810,8.68750,3450
84415,20010207,CRYS,CRYSTAL SYSTEMS SOLUTIONS,M7037810,8.06250,2550
84415,20010208,CRYS,CRYSTAL SYSTEMS SOLUTIONS,M7037810,8.06250,12960
84415,20010209,CRYS,CRYSTAL SYSTEMS SOLUTIONS,M7037810,8.12500,2300
84415,20010212,CRYS,CRYSTAL SYSTEMS SOLUTIONS,M7037810,8.25000,9279
84415,20010213,CRYS,CRYSTAL SYSTEMS SOLUTIONS,M7037810,8.12500,15235
84415,20010214,CRYS,CRYSTAL SYSTEMS SOLUTIONS,M7037810,8.12500,18967
84415,20010215,CRYS,CRYSTAL SYSTEMS SOLUTIONS,M7037810,7.93750,17704
84415,20010216,CRYS,CRYSTAL SYSTEMS SOLUTIONS,M7037810,7.87500,1525
84415,20010220,CRYS,CRYSTAL SYSTEMS SOLUTIONS,M7037810,8.00000,14016
84415,20010221,CRYS,CRYSTAL SYSTEMS SOLUTIONS,M7037810,7.87500,7100
84415,20010222,CRYS,CRYSTAL SYSTEMS SOLUTIONS,M7037810,7.93750,5500
84415,20010223,CRYS,CRYSTAL SYSTEMS SOLUTIONS,M7037810,-7.65625,0
84415,20010226,CRYS,CRYSTAL SYSTEMS SOLUTIONS,M7037810,8.00000,22800
84415,20010227,CRYS,CRYSTAL SYSTEMS SOLUTIONS,M7037810,7.93750,5160
84415,20010228,CRYS,CRYSTAL SYSTEMS SOLUTIONS,M7037810,7.37500,1432
84415,20010301,CRYS,CRYSTAL SYSTEMS SOLUTIONS,M7037810,7.50000,520
84415,20010302,CRYS,CRYSTAL SYSTEMS SOLUTIONS,M7037810,7.37500,2300
84415,20010305,CRYS,CRYSTAL SYSTEMS SOLUTIONS,M7037810,7.56250,10300
84415,20010306,CRYS,CRYSTAL SYSTEMS SOLUTIONS,M7037810,7.25000,9300
84415,20010307,CRYS,CRYSTAL SYSTEMS SOLUTIONS,M7037810,7.06250,32835
84415,20010308,CRYS,CRYSTAL SYSTEMS SOLUTIONS,M7037810,6.93750,17700
84415,20010309,CRYS,CRYSTAL SYSTEMS SOLUTIONS,M7037810,7.00000,5200
84415,20010312,CRYS,CRYSTAL SYSTEMS SOLUTIONS,M7037810,6.62500,26965
84415,20010313,CRYS,CRYSTAL SYSTEMS SOLUTIONS,M7037810,6.75000,8000
84415,20010314,CRYS,CRYSTAL SYSTEMS SOLUTIONS,M7037810,6.00000,3700
84415,20010315,CRYS,CRYSTAL SYSTEMS SOLUTIONS,M7037810,6.00000,3590
84415,20010316,CRYS,CRYSTAL SYSTEMS SOLUTIONS,M7037810,5.81250,11732
84415,20010319,CRYS,CRYSTAL SYSTEMS SOLUTIONS,M7037810,5.62500,21200
84415,20010320,CRYS,CRYSTAL SYSTEMS SOLUTIONS,M7037810,5.87500,7140
84415,20010321,CRYS,CRYSTAL SYSTEMS SOLUTIONS,M7037810,5.75000,26052
84415,20010322,CRYS,CRYSTAL SYSTEMS SOLUTIONS,M7037810,5.68750,5950
84415,20010323,CRYS,CRYSTAL SYSTEMS SOLUTIONS,M7037810,5.68750,2960
84415,20010326,CRYS,CRYSTAL SYSTEMS SOLUTIONS,M7037810,5.62500,14850
84415,20010327,CRYS,CRYSTAL SYSTEMS SOLUTIONS,M7037810,5.62500,4320
84415,20010328,CRYS,CRYSTAL SYSTEMS SOLUTIONS,M7037810,5.37500,32400
84415,20010329,CRYS,CRYSTAL SYSTEMS SOLUTIONS,M7037810,5.00000,31340
84415,20010330,CRYS,CRYSTAL SYSTEMS SOLUTIONS,M7037810,5.03125,1600
84415,20010402,CRYS,CRYSTAL SYSTEMS SOLUTIONS,M7037810,5.09375,54500
84415,20010403,CRYS,CRYSTAL SYSTEMS SOLUTIONS,M7037810,5.00000,8247
84415,20010404,CRYS,CRYSTAL SYSTEMS SOLUTIONS,M7037810,5.06250,22554
84415,20010405,CRYS,CRYSTAL SYSTEMS SOLUTIONS,M7037810,5.06250,12300
84415,20010406,CRYS,CRYSTAL SYSTEMS SOLUTIONS,M7037810,4.87500,2600
84415,20010409,CRYS,CRYSTAL SYSTEMS SOLUTIONS,M7037810,4.80000,7090
84415,20010410,CRYS,CRYSTAL SYSTEMS SOLUTIONS,M7037810,5.00000,3800
84415,20010411,CRYS,CRYSTAL SYSTEMS SOLUTIONS,M7037810,5.00000,7061
84415,20010412,CRYS,CRYSTAL SYSTEMS SOLUTIONS,M7037810,5.05000,7970
84415,20010416,CRYS,CRYSTAL SYSTEMS SOLUTIONS,M7037810,4.95000,100
84415,20010417,CRYS,CRYSTAL SYSTEMS SOLUTIONS,M7037810,4.90000,1500
84415,20010418,CRYS,CRYSTAL SYSTEMS SOLUTIONS,M7037810,4.75000,11550
84415,20010419,CRYS,CRYSTAL SYSTEMS SOLUTIONS,M7037810,4.80000,7054
84415,20010420,CRYS,CRYSTAL SYSTEMS SOLUTIONS,M7037810,4.80000,6400
84415,20010423,CRYS,CRYSTAL SYSTEMS SOLUTIONS,M7037810,4.85000,1000
84415,20010424,CRYS,CRYSTAL SYSTEMS SOLUTIONS,M7037810,4.50000,8022
84415,20010425,CRYS,CRYSTAL SYSTEMS SOLUTIONS,M7037810,4.52000,24400
84415,20010426,CRYS,CRYSTAL SYSTEMS SOLUTIONS,M7037810,4.45000,5650
84415,20010427,CRYS,CRYSTAL SYSTEMS SOLUTIONS,M7037810,4.50000,7670
84415,20010430,CRYS,CRYSTAL SYSTEMS SOLUTIONS,M7037810,4.95000,12700
84415,20010501,CRYS,CRYSTAL SYSTEMS SOLUTIONS,M7037810,5.50000,10000
84415,20010502,CRYS,CRYSTAL SYSTEMS SOLUTIONS,M7037810,5.50000,3000
84415,20010503,CRYS,CRYSTAL SYSTEMS SOLUTIONS,M7037810,5.10000,10100
84415,20010504,CRYS,CRYSTAL SYSTEMS SOLUTIONS,M7037810,5.00000,300
84415,20010507,CRYS,CRYSTAL SYSTEMS SOLUTIONS,M7037810,5.00000,8200
84415,20010508,CRYS,CRYSTAL SYSTEMS SOLUTIONS,M7037810,-5.07500,0
84415,20010509,CRYS,CRYSTAL SYSTEMS SOLUTIONS,M7037810,4.80000,300
84415,20010510,CRYS,CRYSTAL SYSTEMS SOLUTIONS,M7037810,5.00000,4000
84415,20010511,CRYS,CRYSTAL SYSTEMS SOLUTIONS,M7037810,4.90000,1300
84415,20010514,CRYS,CRYSTAL SYSTEMS SOLUTIONS,M7037810,-4.97500,0
84415,20010515,CRYS,CRYSTAL SYSTEMS SOLUTIONS,M7037810,4.89000,1925
84415,20010516,CRYS,CRYSTAL SYSTEMS SOLUTIONS,M7037810,5.05000,24330
84415,20010517,CRYS,CRYSTAL SYSTEMS SOLUTIONS,M7037810,4.60000,800
84415,20010518,CRYS,CRYSTAL SYSTEMS SOLUTIONS,M7037810,4.95000,3800
84415,20010521,CRYS,CRYSTAL SYSTEMS SOLUTIONS,M7037810,4.75000,13000
84415,20010522,CRYS,CRYSTAL SYSTEMS SOLUTIONS,M7037810,4.65000,6450
84415,20010523,CRYS,CRYSTAL SYSTEMS SOLUTIONS,M7037810,4.56000,20500
84415,20010524,CRYS,CRYSTAL SYSTEMS SOLUTIONS,M7037810,4.55000,25375
84415,20010525,CRYS,CRYSTAL SYSTEMS SOLUTIONS,M7037810,4.55000,54400
84415,20010529,CRYS,CRYSTAL SYSTEMS SOLUTIONS,M7037810,4.55000,9400
84415,20010530,CRYS,CRYSTAL SYSTEMS SOLUTIONS,M7037810,4.53000,14505
84415,20010531,CRYS,CRYSTAL SYSTEMS SOLUTIONS,M7037810,4.50000,15837
84415,20010601,CRYS,CRYSTAL SYSTEMS SOLUTIONS,M7037810,4.55000,12150
84415,20010604,CRYS,CRYSTAL SYSTEMS SOLUTIONS,M7037810,4.30000,39112
84415,20010605,CRYS,CRYSTAL SYSTEMS SOLUTIONS,M7037810,4.41000,9613
84415,20010606,CRYS,CRYSTAL SYSTEMS SOLUTIONS,M7037810,4.40000,14000
84415,20010607,CRYS,CRYSTAL SYSTEMS SOLUTIONS,M7037810,4.45000,10300
84415,20010608,CRYS,CRYSTAL SYSTEMS SOLUTIONS,M7037810,4.40000,1800
84415,20010611,CRYS,CRYSTAL SYSTEMS SOLUTIONS,M7037810,4.40000,1650
84415,20010612,CRYS,CRYSTAL SYSTEMS SOLUTIONS,M7037810,4.44000,800
84415,20010613,CRYS,CRYSTAL SYSTEMS SOLUTIONS,M7037810,4.30000,2650
84415,20010614,CRYS,CRYSTAL SYSTEMS SOLUTIONS,M7037810,4.32000,1000
84415,20010615,CRYS,CRYSTAL SYSTEMS SOLUTIONS,M7037810,4.34000,10950
84415,20010618,CRYS,CRYSTAL SYSTEMS SOLUTIONS,M7037810,4.25000,2200
84415,20010619,CRYS,CRYSTAL SYSTEMS SOLUTIONS,M7037810,4.15000,6000
84415,20010620,CRYS,CRYSTAL SYSTEMS SOLUTIONS,M7037810,4.21000,6400
84415,20010621,CRYS,CRYSTAL SYSTEMS SOLUTIONS,M7037810,4.03000,24850
84415,20010622,CRYS,CRYSTAL SYSTEMS SOLUTIONS,M7037810,3.96000,14100
84415,20010625,CRYS,CRYSTAL SYSTEMS SOLUTIONS,M7037810,3.91000,5400
84415,20010626,CRYS,CRYSTAL SYSTEMS SOLUTIONS,M7037810,3.87000,4850
84415,20010627,CRYS,CRYSTAL SYSTEMS SOLUTIONS,M7037810,3.90000,1100
84415,20010628,CRYS,CRYSTAL SYSTEMS SOLUTIONS,M7037810,3.93000,6370
84415,20010629,CRYS,CRYSTAL SYSTEMS SOLUTIONS,M7037810,3.91000,7100
84415,20010702,CRYS,CRYSTAL SYSTEMS SOLUTIONS,M7037810,4.18000,8910
84415,20010703,CRYS,CRYSTAL SYSTEMS SOLUTIONS,M7037810,4.15000,450
84415,20010705,CRYS,CRYSTAL SYSTEMS SOLUTIONS,M7037810,3.82000,1239
84415,20010706,CRYS,CRYSTAL SYSTEMS SOLUTIONS,M7037810,-3.99000,0
84415,20010709,CRYS,CRYSTAL SYSTEMS SOLUTIONS,M7037810,3.94000,8100
84415,20010710,CRYS,CRYSTAL SYSTEMS SOLUTIONS,M7037810,3.95000,4250
84415,20010711,CRYS,CRYSTAL SYSTEMS SOLUTIONS,M7037810,3.45000,31805
84415,20010712,CRYS,CRYSTAL SYSTEMS SOLUTIONS,M7037810,3.50000,42218
84415,20010713,CRYS,CRYSTAL SYSTEMS SOLUTIONS,M7037810,3.55000,59500
84415,20010716,CRYS,CRYSTAL SYSTEMS SOLUTIONS,M7037810,3.52000,300
84415,20010717,CRYS,CRYSTAL SYSTEMS SOLUTIONS,M7037810,3.59000,850
84415,20010718,CRYS,CRYSTAL SYSTEMS SOLUTIONS,M7037810,3.55000,7500
84415,20010719,CRYS,CRYSTAL SYSTEMS SOLUTIONS,M7037810,3.47000,12400
84415,20010720,CRYS,CRYSTAL SYSTEMS SOLUTIONS,M7037810,3.40000,35350
84415,20010723,CRYS,CRYSTAL SYSTEMS SOLUTIONS,M7037810,3.34000,5700
84415,20010724,CRYS,CRYSTAL SYSTEMS SOLUTIONS,M7037810,3.07000,25600
84415,20010725,CRYS,CRYSTAL SYSTEMS SOLUTIONS,M7037810,3.00000,11900
84415,20010726,CRYS,CRYSTAL SYSTEMS SOLUTIONS,M7037810,2.95000,32928
84415,20010727,CRYS,CRYSTAL SYSTEMS SOLUTIONS,M7037810,3.00000,3100
84415,20010730,CRYS,CRYSTAL SYSTEMS SOLUTIONS,M7037810,2.94000,1800
84415,20010731,CRYS,CRYSTAL SYSTEMS SOLUTIONS,M7037810,2.86000,20300
84415,20010801,CRYS,CRYSTAL SYSTEMS SOLUTIONS,M7037810,2.89000,25530
84415,20010802,CRYS,CRYSTAL SYSTEMS SOLUTIONS,M7037810,2.87000,9000
84415,20010803,CRYS,CRYSTAL SYSTEMS SOLUTIONS,M7037810,2.95000,1100
84415,20010806,CRYS,CRYSTAL SYSTEMS SOLUTIONS,M7037810,2.95000,8400
84415,20010807,CRYS,CRYSTAL SYSTEMS SOLUTIONS,M7037810,2.90000,19711
84415,20010808,CRYS,CRYSTAL SYSTEMS SOLUTIONS,M7037810,2.95000,100
84415,20010809,CRYS,CRYSTAL SYSTEMS SOLUTIONS,M7037810,2.65000,6900
84415,20010810,CRYS,CRYSTAL SYSTEMS SOLUTIONS,M7037810,2.90000,645
84415,20010813,CRYS,CRYSTAL SYSTEMS SOLUTIONS,M7037810,2.90000,14900
84415,20010814,CRYS,CRYSTAL SYSTEMS SOLUTIONS,M7037810,-2.70000,0
84415,20010815,CRYS,CRYSTAL SYSTEMS SOLUTIONS,M7037810,2.60000,19395
84415,20010816,CRYS,CRYSTAL SYSTEMS SOLUTIONS,M7037810,2.40000,5200
84415,20010817,CRYS,CRYSTAL SYSTEMS SOLUTIONS,M7037810,2.40000,6775
84415,20010820,CRYS,CRYSTAL SYSTEMS SOLUTIONS,M7037810,2.40000,2970
84415,20010821,CRYS,CRYSTAL SYSTEMS SOLUTIONS,M7037810,2.40000,200
84415,20010822,CRYS,CRYSTAL SYSTEMS SOLUTIONS,M7037810,2.35000,31127
84415,20010823,CRYS,CRYSTAL SYSTEMS SOLUTIONS,M7037810,2.05000,4021
84415,20010824,CRYS,CRYSTAL SYSTEMS SOLUTIONS,M7037810,2.12000,26000
84415,20010827,CRYS,CRYSTAL SYSTEMS SOLUTIONS,M7037810,2.12000,29604
84415,20010828,CRYS,CRYSTAL SYSTEMS SOLUTIONS,M7037810,2.17000,14935
84415,20010829,CRYS,CRYSTAL SYSTEMS SOLUTIONS,M7037810,2.20000,69151
84415,20010830,CRYS,CRYSTAL SYSTEMS SOLUTIONS,M7037810,2.15000,9800
84415,20010831,CRYS,CRYSTAL SYSTEMS SOLUTIONS,M7037810,2.25000,58650
84415,20010904,CRYS,CRYSTAL SYSTEMS SOLUTIONS,M7037810,2.32000,17200
84415,20010905,CRYS,CRYSTAL SYSTEMS SOLUTIONS,M7037810,2.50000,3307
84415,20010906,CRYS,CRYSTAL SYSTEMS SOLUTIONS,M7037810,2.40000,49925
84415,20010907,CRYS,CRYSTAL SYSTEMS SOLUTIONS,M7037810,2.50000,15900
84415,20010910,CRYS,CRYSTAL SYSTEMS SOLUTIONS,M7037810,2.30000,2724
84415,20010917,CRYS,CRYSTAL SYSTEMS SOLUTIONS,M7037810,2.30000,8100
84415,20010918,CRYS,CRYSTAL SYSTEMS SOLUTIONS,M7037810,2.25000,9700
84415,20010919,CRYS,CRYSTAL SYSTEMS SOLUTIONS,M7037810,2.25000,850
84415,20010920,CRYS,CRYSTAL SYSTEMS SOLUTIONS,M7037810,2.50000,17014
84415,20010921,CRYS,CRYSTAL SYSTEMS SOLUTIONS,M7037810,2.50000,17462
84415,20010924,CRYS,CRYSTAL SYSTEMS SOLUTIONS,M7037810,2.75000,9604
84415,20010925,CRYS,CRYSTAL SYSTEMS SOLUTIONS,M7037810,2.80000,5500
84415,20010926,CRYS,CRYSTAL SYSTEMS SOLUTIONS,M7037810,3.00000,9100
84415,20010927,CRYS,CRYSTAL SYSTEMS SOLUTIONS,M7037810,2.95000,2600
84415,20010928,CRYS,CRYSTAL SYSTEMS SOLUTIONS,M7037810,3.10000,19100
84415,20011001,CRYS,CRYSTAL SYSTEMS SOLUTIONS,M7037810,2.95000,37674
84415,20011002,CRYS,CRYSTAL SYSTEMS SOLUTIONS,M7037810,2.90000,13100
84415,20011003,CRYS,CRYSTAL SYSTEMS SOLUTIONS,M7037810,3.00000,16285
84415,20011004,CRYS,CRYSTAL SYSTEMS SOLUTIONS,M7037810,2.80000,13300
84415,20011005,CRYS,CRYSTAL SYSTEMS SOLUTIONS,M7037810,2.90000,22760
84415,20011008,CRYS,CRYSTAL SYSTEMS SOLUTIONS,M7037810,2.90000,2000
84415,20011009,CRYS,CRYSTAL SYSTEMS SOLUTIONS,M7037810,2.75000,2940
84415,20011010,CRYS,CRYSTAL SYSTEMS SOLUTIONS,M7037810,2.90000,2200
84415,20011011,CRYS,CRYSTAL SYSTEMS SOLUTIONS,M7037810,2.88000,1200
84415,20011012,CRYS,CRYSTAL SYSTEMS SOLUTIONS,M7037810,2.63000,900
84415,20011015,CRYS,CRYSTAL SYSTEMS SOLUTIONS,M7037810,2.45000,4500
84415,20011016,CRYS,CRYSTAL SYSTEMS SOLUTIONS,M7037810,2.45050,900
84415,20011017,CRYS,CRYSTAL SYSTEMS SOLUTIONS,M7037810,2.50000,700
84415,20011018,CRYS,CRYSTAL SYSTEMS SOLUTIONS,M7037810,2.41000,200
84415,20011019,CRYS,CRYSTAL SYSTEMS SOLUTIONS,M7037810,2.40000,3000
84415,20011022,CRYS,CRYSTAL SYSTEMS SOLUTIONS,M7037810,-2.30000,0
84415,20011023,CRYS,CRYSTAL SYSTEMS SOLUTIONS,M7037810,2.36000,2100
84415,20011024,CRYS,CRYSTAL SYSTEMS SOLUTIONS,M7037810,2.21000,100
84415,20011025,CRYS,CRYSTAL SYSTEMS SOLUTIONS,M7037810,2.30000,350
84415,20011026,CRYS,CRYSTAL SYSTEMS SOLUTIONS,M7037810,2.30000,2800
84415,20011029,CRYS,CRYSTAL SYSTEMS SOLUTIONS,M7037810,2.30000,1750
84415,20011030,CRYS,CRYSTAL SYSTEMS SOLUTIONS,M7037810,2.23000,200
84415,20011031,CRYS,CRYSTAL SYSTEMS SOLUTIONS,M7037810,2.25000,12600
84415,20011101,CRYS,CRYSTAL SYSTEMS SOLUTIONS,M7037810,2.25000,1501
84415,20011102,CRYS,CRYSTAL SYSTEMS SOLUTIONS,M7037810,2.05000,300
84415,20011105,CRYS,CRYSTAL SYSTEMS SOLUTIONS,M7037810,2.06000,17100
84415,20011106,CRYS,CRYSTAL SYSTEMS SOLUTIONS,M7037810,2.06000,1880
84415,20011107,CRYS,CRYSTAL SYSTEMS SOLUTIONS,M7037810,2.20000,1165
84415,20011108,CRYS,CRYSTAL SYSTEMS SOLUTIONS,M7037810,2.11000,10000
84415,20011109,CRYS,CRYSTAL SYSTEMS SOLUTIONS,M7037810,2.18000,2900
84415,20011112,CRYS,CRYSTAL SYSTEMS SOLUTIONS,M7037810,2.09000,11589
84415,20011113,CRYS,CRYSTAL SYSTEMS SOLUTIONS,M7037810,2.12000,16951
84415,20011114,CRYS,CRYSTAL SYSTEMS SOLUTIONS,M7037810,2.10000,12200
84415,20011115,CRYS,CRYSTAL SYSTEMS SOLUTIONS,M7037810,2.32000,9900
84415,20011116,CRYS,CRYSTAL SYSTEMS SOLUTIONS,M7037810,2.50000,2200
84415,20011119,CRYS,CRYSTAL SYSTEMS SOLUTIONS,M7037810,2.70000,11991
84415,20011120,CRYS,CRYSTAL SYSTEMS SOLUTIONS,M7037810,2.71000,35985
84415,20011121,CRYS,CRYSTAL SYSTEMS SOLUTIONS,M7037810,2.75000,23600
84415,20011123,CRYS,CRYSTAL SYSTEMS SOLUTIONS,M7037810,2.70000,22000
84415,20011126,CRYS,CRYSTAL SYSTEMS SOLUTIONS,M7037810,2.70000,18051
84415,20011127,CRYS,CRYSTAL SYSTEMS SOLUTIONS,M7037810,2.75000,14800
84415,20011128,CRYS,CRYSTAL SYSTEMS SOLUTIONS,M7037810,2.75000,1115
84415,20011129,CRYS,CRYSTAL SYSTEMS SOLUTIONS,M7037810,2.50150,450
84415,20011130,CRYS,CRYSTAL SYSTEMS SOLUTIONS,M7037810,2.75000,15400
84415,20011203,CRYS,CRYSTAL SYSTEMS SOLUTIONS,M7037810,2.75000,24168
84415,20011204,CRYS,CRYSTAL SYSTEMS SOLUTIONS,M7037810,3.00000,17509
84415,20011205,CRYS,CRYSTAL SYSTEMS SOLUTIONS,M7037810,2.94000,15800
84415,20011206,CRYS,CRYSTAL SYSTEMS SOLUTIONS,M7037810,3.00000,23820
84415,20011207,CRYS,CRYSTAL SYSTEMS SOLUTIONS,M7037810,3.10000,12100
84415,20011210,CRYS,CRYSTAL SYSTEMS SOLUTIONS,M7037810,3.10000,12040
84415,20011211,CRYS,CRYSTAL SYSTEMS SOLUTIONS,M7037810,3.10000,30050
84415,20011212,CRYS,CRYSTAL SYSTEMS SOLUTIONS,M7037810,3.09000,24500
84415,20011213,CRYS,CRYSTAL SYSTEMS SOLUTIONS,M7037810,3.10000,25593
84415,20011214,CRYS,CRYSTAL SYSTEMS SOLUTIONS,M7037810,3.20000,23980
84415,20011217,CRYS,CRYSTAL SYSTEMS SOLUTIONS,M7037810,3.25000,38100
84415,20011218,CRYS,CRYSTAL SYSTEMS SOLUTIONS,M7037810,3.29000,40550
84415,20011219,CRYS,CRYSTAL SYSTEMS SOLUTIONS,M7037810,3.29000,28475
84415,20011220,CRYS,CRYSTAL SYSTEMS SOLUTIONS,M7037810,3.25000,6000
84415,20011221,CRYS,CRYSTAL SYSTEMS SOLUTIONS,M7037810,3.40000,15300
84415,20011224,CRYS,CRYSTAL SYSTEMS SOLUTIONS,M7037810,3.50000,43746
84415,20011226,CRYS,CRYSTAL SYSTEMS SOLUTIONS,M7037810,3.52000,31927
84415,20011227,CRYS,CRYSTAL SYSTEMS SOLUTIONS,M7037810,3.57000,34200
84415,20011228,CRYS,CRYSTAL SYSTEMS SOLUTIONS,M7037810,3.60000,63215
84415,20011231,CRYS,CRYSTAL SYSTEMS SOLUTIONS,M7037810,3.80000,40250
84415,20020102,CRYS,CRYSTAL SYSTEMS SOLUTIONS,M7037810,3.89000,8117
84415,20020103,CRYS,CRYSTAL SYSTEMS SOLUTIONS,M7037810,3.90000,13220
84415,20020104,CRYS,CRYSTAL SYSTEMS SOLUTIONS,M7037810,3.95000,9350
84415,20020107,CRYS,CRYSTAL SYSTEMS SOLUTIONS,M7037810,3.91000,22900
84415,20020108,CRYS,CRYSTAL SYSTEMS SOLUTIONS,M7037810,3.95000,20000
84415,20020109,CRYS,CRYSTAL SYSTEMS SOLUTIONS,M7037810,3.81000,11154
84415,20020110,CRYS,CRYSTAL SYSTEMS SOLUTIONS,M7037810,4.05000,10700
84415,20020111,CRYS,CRYSTAL SYSTEMS SOLUTIONS,M7037810,4.15000,3476
84415,20020114,CRYS,CRYSTAL SYSTEMS SOLUTIONS,M7037810,3.91000,2600
84415,20020115,CRYS,CRYSTAL SYSTEMS SOLUTIONS,M7037810,4.14000,24600
84415,20020116,CRYS,CRYSTAL SYSTEMS SOLUTIONS,M7037810,4.10000,38100
84415,20020117,CRYS,CRYSTAL SYSTEMS SOLUTIONS,M7037810,3.97000,12218
84415,20020118,CRYS,CRYSTAL SYSTEMS SOLUTIONS,M7037810,3.83000,8300
84415,20020122,CRYS,CRYSTAL SYSTEMS SOLUTIONS,M7037810,3.80000,5100
84415,20020123,CRYS,CRYSTAL SYSTEMS SOLUTIONS,M7037810,4.00000,7471
84415,20020124,CRYS,CRYSTAL SYSTEMS SOLUTIONS,M7037810,4.05000,6450
84415,20020125,CRYS,CRYSTAL SYSTEMS SOLUTIONS,M7037810,4.00000,53600
84415,20020128,CRYS,CRYSTAL SYSTEMS SOLUTIONS,M7037810,4.10000,7185
84415,20020129,CRYS,CRYSTAL SYSTEMS SOLUTIONS,M7037810,3.96000,6103
84415,20020130,CRYS,CRYSTAL SYSTEMS SOLUTIONS,M7037810,3.86000,1150
84415,20020131,CRYS,CRYSTAL SYSTEMS SOLUTIONS,M7037810,3.86000,700
84415,20020201,CRYS,CRYSTAL SYSTEMS SOLUTIONS,M7037810,3.99000,1675
84415,20020204,CRYS,CRYSTAL SYSTEMS SOLUTIONS,M7037810,3.85000,1000
84415,20020205,CRYS,CRYSTAL SYSTEMS SOLUTIONS,M7037810,3.75000,800
84415,20020206,CRYS,CRYSTAL SYSTEMS SOLUTIONS,M7037810,4.00000,6854
84415,20020207,CRYS,CRYSTAL SYSTEMS SOLUTIONS,M7037810,3.95000,600
84415,20020208,CRYS,CRYSTAL SYSTEMS SOLUTIONS,M7037810,4.00000,4150
84415,20020211,CRYS,CRYSTAL SYSTEMS SOLUTIONS,M7037810,3.90000,1100
84415,20020212,CRYS,CRYSTAL SYSTEMS SOLUTIONS,M7037810,3.85000,1550
84415,20020213,CRYS,CRYSTAL SYSTEMS SOLUTIONS,M7037810,3.50000,5500
84415,20020214,CRYS,CRYSTAL SYSTEMS SOLUTIONS,M7037810,3.70000,7781
84415,20020215,CRYS,CRYSTAL SYSTEMS SOLUTIONS,M7037810,3.90000,10400
84415,20020219,CRYS,CRYSTAL SYSTEMS SOLUTIONS,M7037810,3.83000,3800
84415,20020220,CRYS,CRYSTAL SYSTEMS SOLUTIONS,M7037810,3.90000,11600
84415,20020221,CRYS,CRYSTAL SYSTEMS SOLUTIONS,M7037810,-3.79000,0
84415,20020222,CRYS,CRYSTAL SYSTEMS SOLUTIONS,M7037810,3.95000,4120
84415,20020225,CRYS,CRYSTAL SYSTEMS SOLUTIONS,M7037810,4.05000,2000
84415,20020226,CRYS,CRYSTAL SYSTEMS SOLUTIONS,M7037810,3.98000,3550
84415,20020227,CRYS,CRYSTAL SYSTEMS SOLUTIONS,M7037810,-3.94500,0
84415,20020228,CRYS,CRYSTAL SYSTEMS SOLUTIONS,M7037810,3.91000,3112
84415,20020301,CRYS,CRYSTAL SYSTEMS SOLUTIONS,M7037810,4.00000,11300
84415,20020304,CRYS,CRYSTAL SYSTEMS SOLUTIONS,M7037810,4.00000,12325
84415,20020305,CRYS,CRYSTAL SYSTEMS SOLUTIONS,M7037810,4.03000,2000
84415,20020306,CRYS,CRYSTAL SYSTEMS SOLUTIONS,M7037810,3.93000,2500
84415,20020307,CRYS,CRYSTAL SYSTEMS SOLUTIONS,M7037810,3.80200,1000
84415,20020308,CRYS,CRYSTAL SYSTEMS SOLUTIONS,M7037810,3.99000,4100
84415,20020311,CRYS,CRYSTAL SYSTEMS SOLUTIONS,M7037810,3.98000,500
84415,20020312,CRYS,CRYSTAL SYSTEMS SOLUTIONS,M7037810,3.92000,12950
84415,20020313,CRYS,CRYSTAL SYSTEMS SOLUTIONS,M7037810,3.90000,200
84415,20020314,CRYS,CRYSTAL SYSTEMS SOLUTIONS,M7037810,-3.77500,0
84415,20020315,CRYS,CRYSTAL SYSTEMS SOLUTIONS,M7037810,3.93000,2200
84415,20020318,CRYS,CRYSTAL SYSTEMS SOLUTIONS,M7037810,3.79000,5770
84415,20020319,CRYS,CRYSTAL SYSTEMS SOLUTIONS,M7037810,4.00000,4200
84415,20020320,CRYS,CRYSTAL SYSTEMS SOLUTIONS,M7037810,3.99000,1600
84415,20020321,CRYS,CRYSTAL SYSTEMS SOLUTIONS,M7037810,-3.77500,0
84415,20020322,CRYS,CRYSTAL SYSTEMS SOLUTIONS,M7037810,-3.76000,0
84415,20020325,CRYS,CRYSTAL SYSTEMS SOLUTIONS,M7037810,4.00000,3900
84415,20020326,CRYS,CRYSTAL SYSTEMS SOLUTIONS,M7037810,3.94000,2800
84415,20020327,CRYS,CRYSTAL SYSTEMS SOLUTIONS,M7037810,3.95000,1200
84415,20020328,CRYS,CRYSTAL SYSTEMS SOLUTIONS,M7037810,3.83000,900
84415,20020401,CRYS,CRYSTAL SYSTEMS SOLUTIONS,M7037810,4.00000,4170
84415,20020402,CRYS,CRYSTAL SYSTEMS SOLUTIONS,M7037810,3.90000,6240
84415,20020403,CRYS,CRYSTAL SYSTEMS SOLUTIONS,M7037810,-3.62000,0
84415,20020404,CRYS,CRYSTAL SYSTEMS SOLUTIONS,M7037810,3.80000,600
84415,20020405,CRYS,CRYSTAL SYSTEMS SOLUTIONS,M7037810,3.50100,100
84415,20020408,CRYS,CRYSTAL SYSTEMS SOLUTIONS,M7037810,3.80000,340
84415,20020409,CRYS,CRYSTAL SYSTEMS SOLUTIONS,M7037810,-3.57000,0
84415,20020410,CRYS,CRYSTAL SYSTEMS SOLUTIONS,M7037810,3.80000,6050
84415,20020411,CRYS,CRYSTAL SYSTEMS SOLUTIONS,M7037810,-3.60500,0
84415,20020412,CRYS,CRYSTAL SYSTEMS SOLUTIONS,M7037810,3.46000,1100
84415,20020415,CRYS,CRYSTAL SYSTEMS SOLUTIONS,M7037810,3.73000,1650
84415,20020416,CRYS,CRYSTAL SYSTEMS SOLUTIONS,M7037810,3.78000,12406
84415,20020417,CRYS,CRYSTAL SYSTEMS SOLUTIONS,M7037810,3.78000,4000
84415,20020418,CRYS,CRYSTAL SYSTEMS SOLUTIONS,M7037810,3.78000,4000
84415,20020419,CRYS,CRYSTAL SYSTEMS SOLUTIONS,M7037810,3.78000,3550
84415,20020422,CRYS,CRYSTAL SYSTEMS SOLUTIONS,M7037810,3.80000,3700
84415,20020423,CRYS,CRYSTAL SYSTEMS SOLUTIONS,M7037810,-3.65500,0
84415,20020424,CRYS,CRYSTAL SYSTEMS SOLUTIONS,M7037810,3.75000,1755
84415,20020425,CRYS,CRYSTAL SYSTEMS SOLUTIONS,M7037810,3.41000,2000
84415,20020426,CRYS,CRYSTAL SYSTEMS SOLUTIONS,M7037810,3.77000,500
84415,20020429,CRYS,CRYSTAL SYSTEMS SOLUTIONS,M7037810,-3.58500,0
84415,20020430,CRYS,CRYSTAL SYSTEMS SOLUTIONS,M7037810,-3.58500,0
84415,20020501,CRYS,CRYSTAL SYSTEMS SOLUTIONS,M7037810,3.40000,500
84415,20020502,CRYS,CRYSTAL SYSTEMS SOLUTIONS,M7037810,3.58000,2350
84415,20020503,CRYS,CRYSTAL SYSTEMS SOLUTIONS,M7037810,3.65000,500
84415,20020506,CRYS,CRYSTAL SYSTEMS SOLUTIONS,M7037810,3.73000,800
84415,20020507,CRYS,CRYSTAL SYSTEMS SOLUTIONS,M7037810,-3.53500,0
84415,20020508,CRYS,CRYSTAL SYSTEMS SOLUTIONS,M7037810,3.70000,3850
84415,20020509,CRYS,CRYSTAL SYSTEMS SOLUTIONS,M7037810,3.45000,200
84415,20020510,CRYS,CRYSTAL SYSTEMS SOLUTIONS,M7037810,3.45000,600
84415,20020513,CRYS,CRYSTAL SYSTEMS SOLUTIONS,M7037810,3.65000,32600
84415,20020514,CRYS,CRYSTAL SYSTEMS SOLUTIONS,M7037810,3.65000,16000
84415,20020515,CRYS,CRYSTAL SYSTEMS SOLUTIONS,M7037810,3.70000,21550
84415,20020516,CRYS,CRYSTAL SYSTEMS SOLUTIONS,M7037810,3.70000,17100
84415,20020517,CRYS,CRYSTAL SYSTEMS SOLUTIONS,M7037810,3.55000,6900
84415,20020520,CRYS,CRYSTAL SYSTEMS SOLUTIONS,M7037810,3.63000,3800
84415,20020521,CRYS,CRYSTAL SYSTEMS SOLUTIONS,M7037810,-3.59000,0
84415,20020522,CRYS,CRYSTAL SYSTEMS SOLUTIONS,M7037810,-3.43000,0
84415,20020523,CRYS,CRYSTAL SYSTEMS SOLUTIONS,M7037810,3.50000,2900
84415,20020524,CRYS,CRYSTAL SYSTEMS SOLUTIONS,M7037810,3.60000,3900
84415,20020528,CRYS,CRYSTAL SYSTEMS SOLUTIONS,M7037810,3.40000,13000
84415,20020529,CRYS,CRYSTAL SYSTEMS SOLUTIONS,M7037810,3.39000,1850
84415,20020530,CRYS,CRYSTAL SYSTEMS SOLUTIONS,M7037810,3.45000,1125
84415,20020531,CRYS,CRYSTAL SYSTEMS SOLUTIONS,M7037810,3.15000,6700
84415,20020603,CRYS,CRYSTAL SYSTEMS SOLUTIONS,M7037810,3.16000,12920
84415,20020604,CRYS,CRYSTAL SYSTEMS SOLUTIONS,M7037810,3.15000,7900
84415,20020605,CRYS,CRYSTAL SYSTEMS SOLUTIONS,M7037810,3.21000,28500
84415,20020606,CRYS,CRYSTAL SYSTEMS SOLUTIONS,M7037810,3.24000,3200
84415,20020607,CRYS,CRYSTAL SYSTEMS SOLUTIONS,M7037810,3.12000,10700
84415,20020610,CRYS,CRYSTAL SYSTEMS SOLUTIONS,M7037810,3.23000,1068
84415,20020611,CRYS,CRYSTAL SYSTEMS SOLUTIONS,M7037810,3.27000,49840
84415,20020612,CRYS,CRYSTAL SYSTEMS SOLUTIONS,M7037810,3.24000,3330
84415,20020613,CRYS,CRYSTAL SYSTEMS SOLUTIONS,M7037810,3.13000,1000
84415,20020614,CRYS,CRYSTAL SYSTEMS SOLUTIONS,M7037810,3.10000,7100
84415,20020617,CRYS,CRYSTAL SYSTEMS SOLUTIONS,M7037810,3.19000,30000
84415,20020618,CRYS,CRYSTAL SYSTEMS SOLUTIONS,M7037810,3.14000,6900
84415,20020619,CRYS,CRYSTAL SYSTEMS SOLUTIONS,M7037810,3.06000,8000
84415,20020620,CRYS,CRYSTAL SYSTEMS SOLUTIONS,M7037810,3.01000,14570
84415,20020621,CRYS,CRYSTAL SYSTEMS SOLUTIONS,M7037810,3.02000,1600
84415,20020624,CRYS,CRYSTAL SYSTEMS SOLUTIONS,M7037810,2.80000,7420
84415,20020625,CRYS,CRYSTAL SYSTEMS SOLUTIONS,M7037810,3.05000,11684
84415,20020626,CRYS,CRYSTAL SYSTEMS SOLUTIONS,M7037810,3.25000,2200
84415,20020627,CRYS,CRYSTAL SYSTEMS SOLUTIONS,M7037810,2.90000,2625
84415,20020628,CRYS,CRYSTAL SYSTEMS SOLUTIONS,M7037810,3.23000,27600
84415,20020701,CRYS,CRYSTAL SYSTEMS SOLUTIONS,M7037810,2.98000,235
84415,20020702,CRYS,CRYSTAL SYSTEMS SOLUTIONS,M7037810,2.98000,900
84415,20020703,CRYS,CRYSTAL SYSTEMS SOLUTIONS,M7037810,3.00000,1200
84415,20020705,CRYS,CRYSTAL SYSTEMS SOLUTIONS,M7037810,2.80000,900
84415,20020708,CRYS,CRYSTAL SYSTEMS SOLUTIONS,M7037810,3.00000,500
84415,20020709,CRYS,CRYSTAL SYSTEMS SOLUTIONS,M7037810,3.00000,4500
84415,20020710,CRYS,CRYSTAL SYSTEMS SOLUTIONS,M7037810,2.80000,900
84415,20020711,CRYS,CRYSTAL SYSTEMS SOLUTIONS,M7037810,2.75000,100
84415,20020712,CRYS,CRYSTAL SYSTEMS SOLUTIONS,M7037810,3.00000,2700
84415,20020715,CRYS,CRYSTAL SYSTEMS SOLUTIONS,M7037810,2.69000,7029
84415,20020716,CRYS,CRYSTAL SYSTEMS SOLUTIONS,M7037810,2.45000,480
84415,20020717,CRYS,CRYSTAL SYSTEMS SOLUTIONS,M7037810,2.69000,3575
84415,20020718,CRYS,CRYSTAL SYSTEMS SOLUTIONS,M7037810,2.46000,100
84415,20020719,CRYS,CRYSTAL SYSTEMS SOLUTIONS,M7037810,2.73000,1000
84415,20020722,CRYS,CRYSTAL SYSTEMS SOLUTIONS,M7037810,2.45000,700
84415,20020723,CRYS,CRYSTAL SYSTEMS SOLUTIONS,M7037810,2.45000,100
84415,20020724,CRYS,CRYSTAL SYSTEMS SOLUTIONS,M7037810,2.45000,1640
84415,20020725,CRYS,CRYSTAL SYSTEMS SOLUTIONS,M7037810,2.44000,11200
84415,20020726,CRYS,CRYSTAL SYSTEMS SOLUTIONS,M7037810,2.55000,300
84415,20020729,CRYS,CRYSTAL SYSTEMS SOLUTIONS,M7037810,2.59000,700
84415,20020730,CRYS,CRYSTAL SYSTEMS SOLUTIONS,M7037810,2.69000,1900
84415,20020731,CRYS,CRYSTAL SYSTEMS SOLUTIONS,M7037810,2.80000,1640
84415,20020801,CRYS,CRYSTAL SYSTEMS SOLUTIONS,M7037810,2.90000,1300
84415,20020802,CRYS,CRYSTAL SYSTEMS SOLUTIONS,M7037810,-2.52000,0
84415,20020805,CRYS,CRYSTAL SYSTEMS SOLUTIONS,M7037810,2.79000,4850
84415,20020806,CRYS,CRYSTAL SYSTEMS SOLUTIONS,M7037810,-2.48000,0
84415,20020807,CRYS,CRYSTAL SYSTEMS SOLUTIONS,M7037810,-2.34000,0
84415,20020808,CRYS,CRYSTAL SYSTEMS SOLUTIONS,M7037810,-2.36500,0
84415,20020809,CRYS,CRYSTAL SYSTEMS SOLUTIONS,M7037810,2.55000,4300
84415,20020812,CRYS,CRYSTAL SYSTEMS SOLUTIONS,M7037810,2.58000,1300
84415,20020813,CRYS,CRYSTAL SYSTEMS SOLUTIONS,M7037810,2.66000,5100
84415,20020814,CRYS,CRYSTAL SYSTEMS SOLUTIONS,M7037810,2.57000,7000
84415,20020815,CRYS,CRYSTAL SYSTEMS SOLUTIONS,M7037810,2.40000,10100
84415,20020816,CRYS,CRYSTAL SYSTEMS SOLUTIONS,M7037810,2.50000,8400
84415,20020819,CRYS,CRYSTAL SYSTEMS SOLUTIONS,M7037810,2.45000,5000
84415,20020820,CRYS,CRYSTAL SYSTEMS SOLUTIONS,M7037810,-2.34000,0
84415,20020821,CRYS,CRYSTAL SYSTEMS SOLUTIONS,M7037810,2.43000,2100
84415,20020822,CRYS,CRYSTAL SYSTEMS SOLUTIONS,M7037810,2.43000,4500
84415,20020823,CRYS,CRYSTAL SYSTEMS SOLUTIONS,M7037810,2.50000,13200
84415,20020826,CRYS,CRYSTAL SYSTEMS SOLUTIONS,M7037810,2.50000,1300
84415,20020827,CRYS,CRYSTAL SYSTEMS SOLUTIONS,M7037810,2.50000,1300
84415,20020828,CRYS,CRYSTAL SYSTEMS SOLUTIONS,M7037810,2.53000,700
84415,20020829,CRYS,CRYSTAL SYSTEMS SOLUTIONS,M7037810,2.26000,22200
84415,20020830,CRYS,CRYSTAL SYSTEMS SOLUTIONS,M7037810,2.50000,800
84415,20020903,CRYS,CRYSTAL SYSTEMS SOLUTIONS,M7037810,2.38900,3050
84415,20020904,CRYS,CRYSTAL SYSTEMS SOLUTIONS,M7037810,2.45000,5600
84415,20020905,CRYS,CRYSTAL SYSTEMS SOLUTIONS,M7037810,2.30000,3300
84415,20020906,CRYS,CRYSTAL SYSTEMS SOLUTIONS,M7037810,2.59000,2000
84415,20020909,CRYS,CRYSTAL SYSTEMS SOLUTIONS,M7037810,2.57000,13800
84415,20020910,CRYS,CRYSTAL SYSTEMS SOLUTIONS,M7037810,2.52000,1800
84415,20020911,CRYS,CRYSTAL SYSTEMS SOLUTIONS,M7037810,2.49000,1000
84415,20020912,CRYS,CRYSTAL SYSTEMS SOLUTIONS,M7037810,-2.44500,0
84415,20020913,CRYS,CRYSTAL SYSTEMS SOLUTIONS,M7037810,2.74890,4800
84415,20020916,CRYS,CRYSTAL SYSTEMS SOLUTIONS,M7037810,2.58000,2150
84415,20020917,CRYS,CRYSTAL SYSTEMS SOLUTIONS,M7037810,2.50000,800
84415,20020918,CRYS,CRYSTAL SYSTEMS SOLUTIONS,M7037810,-2.38500,0
84415,20020919,CRYS,CRYSTAL SYSTEMS SOLUTIONS,M7037810,-2.40000,0
84415,20020920,CRYS,CRYSTAL SYSTEMS SOLUTIONS,M7037810,2.47000,1000
84415,20020923,CRYS,CRYSTAL SYSTEMS SOLUTIONS,M7037810,2.30000,1000
84415,20020924,CRYS,CRYSTAL SYSTEMS SOLUTIONS,M7037810,2.39000,1200
84415,20020925,CRYS,CRYSTAL SYSTEMS SOLUTIONS,M7037810,2.31000,4500
84415,20020926,CRYS,CRYSTAL SYSTEMS SOLUTIONS,M7037810,2.40000,3480
84415,20020927,CRYS,CRYSTAL SYSTEMS SOLUTIONS,M7037810,2.24000,300
84415,20020930,CRYS,CRYSTAL SYSTEMS SOLUTIONS,M7037810,2.38000,3100
84415,20021001,CRYS,CRYSTAL SYSTEMS SOLUTIONS,M7037810,2.23000,15430
84415,20021002,CRYS,CRYSTAL SYSTEMS SOLUTIONS,M7037810,2.15000,40200
84415,20021003,CRYS,CRYSTAL SYSTEMS SOLUTIONS,M7037810,2.14000,11600
84415,20021004,CRYS,CRYSTAL SYSTEMS SOLUTIONS,M7037810,2.30000,37000
84415,20021007,CRYS,CRYSTAL SYSTEMS SOLUTIONS,M7037810,2.10000,5500
84415,20021008,CRYS,CRYSTAL SYSTEMS SOLUTIONS,M7037810,2.19000,18500
84415,20021009,CRYS,CRYSTAL SYSTEMS SOLUTIONS,M7037810,2.15000,10200
84415,20021010,CRYS,CRYSTAL SYSTEMS SOLUTIONS,M7037810,2.04000,9900
84415,20021011,CRYS,CRYSTAL SYSTEMS SOLUTIONS,M7037810,2.18000,8700
84415,20021014,CRYS,CRYSTAL SYSTEMS SOLUTIONS,M7037810,2.03000,7650
84415,20021015,CRYS,CRYSTAL SYSTEMS SOLUTIONS,M7037810,2.05000,18800
84415,20021016,CRYS,CRYSTAL SYSTEMS SOLUTIONS,M7037810,2.08000,10500
84415,20021017,CRYS,CRYSTAL SYSTEMS SOLUTIONS,M7037810,2.02000,6350
84415,20021018,CRYS,CRYSTAL SYSTEMS SOLUTIONS,M7037810,2.18000,13600
84415,20021021,CRYS,CRYSTAL SYSTEMS SOLUTIONS,M7037810,2.17000,2404
84415,20021022,CRYS,CRYSTAL SYSTEMS SOLUTIONS,M7037810,-2.10000,0
84415,20021023,CRYS,CRYSTAL SYSTEMS SOLUTIONS,M7037810,2.20000,3850
84415,20021024,CRYS,CRYSTAL SYSTEMS SOLUTIONS,M7037810,2.28000,200
84415,20021025,CRYS,CRYSTAL SYSTEMS SOLUTIONS,M7037810,2.38000,5600
84415,20021028,CRYS,CRYSTAL SYSTEMS SOLUTIONS,M7037810,2.20000,1100
84415,20021029,CRYS,CRYSTAL SYSTEMS SOLUTIONS,M7037810,2.20000,10799
84415,20021030,CRYS,CRYSTAL SYSTEMS SOLUTIONS,M7037810,-2.07500,0
84415,20021031,CRYS,CRYSTAL SYSTEMS SOLUTIONS,M7037810,2.06880,11477
84415,20021101,CRYS,CRYSTAL SYSTEMS SOLUTIONS,M7037810,2.10000,13000
84415,20021104,CRYS,CRYSTAL SYSTEMS SOLUTIONS,M7037810,2.00000,31400
84415,20021105,CRYS,CRYSTAL SYSTEMS SOLUTIONS,M7037810,2.00000,56570
84415,20021106,CRYS,CRYSTAL SYSTEMS SOLUTIONS,M7037810,2.05000,31801
84415,20021107,CRYS,CRYSTAL SYSTEMS SOLUTIONS,M7037810,2.05000,7600
84415,20021108,CRYS,CRYSTAL SYSTEMS SOLUTIONS,M7037810,2.05000,3900
84415,20021111,CRYS,CRYSTAL SYSTEMS SOLUTIONS,M7037810,2.00880,4750
84415,20021112,CRYS,CRYSTAL SYSTEMS SOLUTIONS,M7037810,2.20000,10300
84415,20021113,CRYS,CRYSTAL SYSTEMS SOLUTIONS,M7037810,2.19000,13340
84415,20021114,CRYS,CRYSTAL SYSTEMS SOLUTIONS,M7037810,2.38000,11800
84415,20021115,CRYS,CRYSTAL SYSTEMS SOLUTIONS,M7037810,2.35000,700
84415,20021118,CRYS,CRYSTAL SYSTEMS SOLUTIONS,M7037810,2.18000,16200
84415,20021119,CRYS,CRYSTAL SYSTEMS SOLUTIONS,M7037810,2.20000,5500
84415,20021120,CRYS,CRYSTAL SYSTEMS SOLUTIONS,M7037810,-2.14500,0
84415,20021121,CRYS,CRYSTAL SYSTEMS SOLUTIONS,M7037810,2.10000,16500
84415,20021122,CRYS,CRYSTAL SYSTEMS SOLUTIONS,M7037810,2.25000,6100
84415,20021125,CRYS,CRYSTAL SYSTEMS SOLUTIONS,M7037810,2.20000,5938
84415,20021126,CRYS,CRYSTAL SYSTEMS SOLUTIONS,M7037810,2.25000,2000
84415,20021127,CRYS,CRYSTAL SYSTEMS SOLUTIONS,M7037810,2.27000,8000
84415,20021129,CRYS,CRYSTAL SYSTEMS SOLUTIONS,M7037810,2.20000,1700
84415,20021202,CRYS,CRYSTAL SYSTEMS SOLUTIONS,M7037810,2.28000,6200
84415,20021203,CRYS,CRYSTAL SYSTEMS SOLUTIONS,M7037810,2.35000,8900
84415,20021204,CRYS,CRYSTAL SYSTEMS SOLUTIONS,M7037810,2.32000,1100
84415,20021205,CRYS,CRYSTAL SYSTEMS SOLUTIONS,M7037810,2.32000,100
84415,20021206,CRYS,CRYSTAL SYSTEMS SOLUTIONS,M7037810,2.30000,6500
84415,20021209,CRYS,CRYSTAL SYSTEMS SOLUTIONS,M7037810,2.14000,25577
84415,20021210,CRYS,CRYSTAL SYSTEMS SOLUTIONS,M7037810,2.29000,26000
84415,20021211,CRYS,CRYSTAL SYSTEMS SOLUTIONS,M7037810,2.21000,1850
84415,20021212,CRYS,CRYSTAL SYSTEMS SOLUTIONS,M7037810,2.28000,700
84415,20021213,CRYS,CRYSTAL SYSTEMS SOLUTIONS,M7037810,2.25000,3100
84415,20021216,CRYS,CRYSTAL SYSTEMS SOLUTIONS,M7037810,2.29000,11930
84415,20021217,CRYS,CRYSTAL SYSTEMS SOLUTIONS,M7037810,2.30000,21450
84415,20021218,CRYS,CRYSTAL SYSTEMS SOLUTIONS,M7037810,2.28000,1900
84415,20021219,CRYS,CRYSTAL SYSTEMS SOLUTIONS,M7037810,2.20000,200
84415,20021220,CRYS,CRYSTAL SYSTEMS SOLUTIONS,M7037810,2.28000,5900
84415,20021223,CRYS,CRYSTAL SYSTEMS SOLUTIONS,M7037810,2.17000,35985
84415,20021224,CRYS,CRYSTAL SYSTEMS SOLUTIONS,M7037810,2.12000,13220
84415,20021226,CRYS,CRYSTAL SYSTEMS SOLUTIONS,M7037810,2.15000,44800
84415,20021227,CRYS,CRYSTAL SYSTEMS SOLUTIONS,M7037810,2.16000,10600
84415,20021230,CRYS,CRYSTAL SYSTEMS SOLUTIONS,M7037810,2.16000,3250
84415,20021231,CRYS,CRYSTAL SYSTEMS SOLUTIONS,M7037810,2.30000,5900
84415,20030102,CRYS,CRYSTAL SYSTEMS SOLUTIONS,M7037810,2.20000,3500
84415,20030103,CRYS,CRYSTAL SYSTEMS SOLUTIONS,M7037810,2.30000,1960
84415,20030106,CRYS,CRYSTAL SYSTEMS SOLUTIONS,M7037810,2.11000,2800
84415,20030107,CRYS,CRYSTAL SYSTEMS SOLUTIONS,M7037810,2.20000,4800
84415,20030108,CRYS,CRYSTAL SYSTEMS SOLUTIONS,M7037810,2.16000,22100
84415,20030109,CRYS,CRYSTAL SYSTEMS SOLUTIONS,M7037810,2.13000,14000
84415,20030110,CRYS,CRYSTAL SYSTEMS SOLUTIONS,M7037810,2.15000,2000
84415,20030113,CRYS,CRYSTAL SYSTEMS SOLUTIONS,M7037810,2.15000,65420
84415,20030114,CRYS,CRYSTAL SYSTEMS SOLUTIONS,M7037810,2.13000,33700
84415,20030115,CRYS,CRYSTAL SYSTEMS SOLUTIONS,M7037810,2.10000,13300
84415,20030116,CRYS,CRYSTAL SYSTEMS SOLUTIONS,M7037810,-2.10000,0
84415,20030117,CRYS,CRYSTAL SYSTEMS SOLUTIONS,M7037810,2.14000,1300
84415,20030121,CRYS,CRYSTAL SYSTEMS SOLUTIONS,M7037810,2.36000,8850
84415,20030122,CRYS,CRYSTAL SYSTEMS SOLUTIONS,M7037810,2.41000,5700
84415,20030123,CRYS,CRYSTAL SYSTEMS SOLUTIONS,M7037810,2.40000,3300
84415,20030124,CRYS,CRYSTAL SYSTEMS SOLUTIONS,M7037810,2.16000,800
84415,20030127,CRYS,CRYSTAL SYSTEMS SOLUTIONS,M7037810,2.20000,100
84415,20030128,CRYS,CRYSTAL SYSTEMS SOLUTIONS,M7037810,-2.19500,0
84415,20030129,CRYS,CRYSTAL SYSTEMS SOLUTIONS,M7037810,2.14000,13244
84415,20030130,CRYS,CRYSTAL SYSTEMS SOLUTIONS,M7037810,2.14000,6100
84415,20030131,CRYS,CRYSTAL SYSTEMS SOLUTIONS,M7037810,2.24000,800
84415,20030203,CRYS,CRYSTAL SYSTEMS SOLUTIONS,M7037810,2.20000,10000
84415,20030204,CRYS,CRYSTAL SYSTEMS SOLUTIONS,M7037810,2.29000,1900
84415,20030205,CRYS,CRYSTAL SYSTEMS SOLUTIONS,M7037810,-2.20500,0
84415,20030206,CRYS,CRYSTAL SYSTEMS SOLUTIONS,M7037810,2.24000,12500
84415,20030207,CRYS,CRYSTAL SYSTEMS SOLUTIONS,M7037810,2.25000,900
84415,20030210,CRYS,CRYSTAL SYSTEMS SOLUTIONS,M7037810,2.29000,3900
84415,20030211,CRYS,CRYSTAL SYSTEMS SOLUTIONS,M7037810,2.30000,3400
84415,20030212,CRYS,CRYSTAL SYSTEMS SOLUTIONS,M7037810,2.30000,3500
84415,20030213,CRYS,CRYSTAL SYSTEMS SOLUTIONS,M7037810,2.15000,715
84415,20030214,CRYS,CRYSTAL SYSTEMS SOLUTIONS,M7037810,2.10000,200
84415,20030218,CRYS,CRYSTAL SYSTEMS SOLUTIONS,M7037810,2.26000,1600
84415,20030219,CRYS,CRYSTAL SYSTEMS SOLUTIONS,M7037810,-2.17500,0
84415,20030220,CRYS,CRYSTAL SYSTEMS SOLUTIONS,M7037810,2.20000,1700
84415,20030221,CRYS,CRYSTAL SYSTEMS SOLUTIONS,M7037810,2.19000,100
84415,20030224,CRYS,CRYSTAL SYSTEMS SOLUTIONS,M7037810,2.18000,1900
84415,20030225,CRYS,CRYSTAL SYSTEMS SOLUTIONS,M7037810,2.10000,410
84415,20030226,CRYS,CRYSTAL SYSTEMS SOLUTIONS,M7037810,2.15000,4100
84415,20030227,CRYS,CRYSTAL SYSTEMS SOLUTIONS,M7037810,2.20000,1900
84415,20030228,CRYS,CRYSTAL SYSTEMS SOLUTIONS,M7037810,-2.16500,0
84415,20030303,CRYS,CRYSTAL SYSTEMS SOLUTIONS,M7037810,-2.16000,0
84415,20030304,CRYS,CRYSTAL SYSTEMS SOLUTIONS,M7037810,2.32000,7000
84415,20030305,CRYS,CRYSTAL SYSTEMS SOLUTIONS,M7037810,2.41000,3875
84415,20030306,CRYS,CRYSTAL SYSTEMS SOLUTIONS,M7037810,2.40000,7600
84415,20030307,CRYS,CRYSTAL SYSTEMS SOLUTIONS,M7037810,-2.28000,0
84415,20030310,CRYS,CRYSTAL SYSTEMS SOLUTIONS,M7037810,2.21000,200
84415,20030311,CRYS,CRYSTAL SYSTEMS SOLUTIONS,M7037810,2.32000,2700
84415,20030312,CRYS,CRYSTAL SYSTEMS SOLUTIONS,M7037810,2.30000,3085
84415,20030313,CRYS,CRYSTAL SYSTEMS SOLUTIONS,M7037810,2.40000,8300
84415,20030314,CRYS,CRYSTAL SYSTEMS SOLUTIONS,M7037810,2.40000,1200
84415,20030317,CRYS,CRYSTAL SYSTEMS SOLUTIONS,M7037810,2.41000,4500
84415,20030318,CRYS,CRYSTAL SYSTEMS SOLUTIONS,M7037810,2.40000,1650
84415,20030319,CRYS,CRYSTAL SYSTEMS SOLUTIONS,M7037810,2.40000,100
84415,20030320,CRYS,CRYSTAL SYSTEMS SOLUTIONS,M7037810,-2.33000,0
84415,20030321,CRYS,CRYSTAL SYSTEMS SOLUTIONS,M7037810,2.35000,2949
84415,20030324,CRYS,CRYSTAL SYSTEMS SOLUTIONS,M7037810,2.35000,496
84415,20030325,CRYS,CRYSTAL SYSTEMS SOLUTIONS,M7037810,2.35000,2600
84415,20030326,CRYS,CRYSTAL SYSTEMS SOLUTIONS,M7037810,2.35000,600
84415,20030327,CRYS,CRYSTAL SYSTEMS SOLUTIONS,M7037810,2.35000,700
84415,20030328,CRYS,CRYSTAL SYSTEMS SOLUTIONS,M7037810,-2.24000,0
84415,20030331,CRYS,CRYSTAL SYSTEMS SOLUTIONS,M7037810,2.30000,600
84415,20030401,CRYS,CRYSTAL SYSTEMS SOLUTIONS,M7037810,2.18000,900
84415,20030402,CRYS,CRYSTAL SYSTEMS SOLUTIONS,M7037810,2.30000,500
84415,20030403,CRYS,CRYSTAL SYSTEMS SOLUTIONS,M7037810,-2.23500,0
84415,20030404,CRYS,CRYSTAL SYSTEMS SOLUTIONS,M7037810,-2.23000,0
84415,20030407,CRYS,CRYSTAL SYSTEMS SOLUTIONS,M7037810,2.29000,7600
84415,20030408,CRYS,CRYSTAL SYSTEMS SOLUTIONS,M7037810,2.30000,2320
84415,20030409,CRYS,CRYSTAL SYSTEMS SOLUTIONS,M7037810,2.40000,1900
84415,20030410,CRYS,CRYSTAL SYSTEMS SOLUTIONS,M7037810,2.41000,500
84415,20030411,CRYS,CRYSTAL SYSTEMS SOLUTIONS,M7037810,-2.33000,0
84415,20030414,CRYS,CRYSTAL SYSTEMS SOLUTIONS,M7037810,2.42000,2500
84415,20030415,CRYS,CRYSTAL SYSTEMS SOLUTIONS,M7037810,2.41000,845
84415,20030416,CRYS,CRYSTAL SYSTEMS SOLUTIONS,M7037810,2.45000,11200
84415,20030417,CRYS,CRYSTAL SYSTEMS SOLUTIONS,M7037810,2.44000,3100
84415,20030421,CRYS,CRYSTAL SYSTEMS SOLUTIONS,M7037810,2.50000,5100
84415,20030422,CRYS,CRYSTAL SYSTEMS SOLUTIONS,M7037810,2.50000,19400
84415,20030423,CRYS,CRYSTAL SYSTEMS SOLUTIONS,M7037810,2.50000,4000
84415,20030424,CRYS,CRYSTAL SYSTEMS SOLUTIONS,M7037810,2.50000,2350
84415,20030425,CRYS,CRYSTAL SYSTEMS SOLUTIONS,M7037810,2.55000,500
84415,20030428,CRYS,CRYSTAL SYSTEMS SOLUTIONS,M7037810,2.41000,2600
84415,20030429,CRYS,CRYSTAL SYSTEMS SOLUTIONS,M7037810,2.48000,500
84415,20030430,CRYS,CRYSTAL SYSTEMS SOLUTIONS,M7037810,-2.44500,0
84415,20030501,CRYS,CRYSTAL SYSTEMS SOLUTIONS,M7037810,-2.44500,0
84415,20030502,CRYS,CRYSTAL SYSTEMS SOLUTIONS,M7037810,2.55000,1800
84415,20030505,CRYS,CRYSTAL SYSTEMS SOLUTIONS,M7037810,2.59000,5050
84415,20030506,CRYS,CRYSTAL SYSTEMS SOLUTIONS,M7037810,2.66000,2600
84415,20030507,CRYS,CRYSTAL SYSTEMS SOLUTIONS,M7037810,2.65000,420
84415,20030508,CRYS,CRYSTAL SYSTEMS SOLUTIONS,M7037810,-2.56000,0
84415,20030509,CRYS,CRYSTAL SYSTEMS SOLUTIONS,M7037810,-2.55500,0
84415,20030512,CRYS,CRYSTAL SYSTEMS SOLUTIONS,M7037810,2.67000,300
84415,20030513,CRYS,CRYSTAL SYSTEMS SOLUTIONS,M7037810,2.60000,3389
84415,20030514,CRYS,CRYSTAL SYSTEMS SOLUTIONS,M7037810,2.68000,510
84415,20030515,CRYS,CRYSTAL SYSTEMS SOLUTIONS,M7037810,-2.64500,0
84415,20030516,CRYS,CRYSTAL SYSTEMS SOLUTIONS,M7037810,2.68000,1100
84415,20030519,CRYS,CRYSTAL SYSTEMS SOLUTIONS,M7037810,2.69000,500
84415,20030520,CRYS,CRYSTAL SYSTEMS SOLUTIONS,M7037810,2.68000,3000
84415,20030521,CRYS,CRYSTAL SYSTEMS SOLUTIONS,M7037810,2.60000,100
84415,20030522,CRYS,CRYSTAL SYSTEMS SOLUTIONS,M7037810,2.64000,2560
84415,20030523,CRYS,CRYSTAL SYSTEMS SOLUTIONS,M7037810,2.58000,1000
84415,20030527,CRYS,CRYSTAL SYSTEMS SOLUTIONS,M7037810,2.70000,6850
84415,20030528,CRYS,CRYSTAL SYSTEMS SOLUTIONS,M7037810,2.70000,11950
84415,20030529,CRYS,CRYSTAL SYSTEMS SOLUTIONS,M7037810,2.70000,9900
84415,20030530,CRYS,CRYSTAL SYSTEMS SOLUTIONS,M7037810,2.51000,2700
84415,20030602,CRYS,CRYSTAL SYSTEMS SOLUTIONS,M7037810,2.69000,4425
84415,20030603,CRYS,CRYSTAL SYSTEMS SOLUTIONS,M7037810,2.69000,600
84415,20030604,CRYS,CRYSTAL SYSTEMS SOLUTIONS,M7037810,2.64000,3090
84415,20030605,CRYS,CRYSTAL SYSTEMS SOLUTIONS,M7037810,2.69000,1200
84415,20030606,CRYS,CRYSTAL SYSTEMS SOLUTIONS,M7037810,2.67000,400
84415,20030609,CRYS,CRYSTAL SYSTEMS SOLUTIONS,M7037810,2.70000,3800
84415,20030610,CRYS,CRYSTAL SYSTEMS SOLUTIONS,M7037810,2.89000,2000
84415,20030611,CRYS,CRYSTAL SYSTEMS SOLUTIONS,M7037810,2.95000,7600
84415,20030612,CRYS,CRYSTAL SYSTEMS SOLUTIONS,M7037810,3.09000,2651
84415,20030613,CRYS,CRYSTAL SYSTEMS SOLUTIONS,M7037810,3.01000,1431
84415,20030616,CRYS,CRYSTAL SYSTEMS SOLUTIONS,M7037810,3.10000,300
84415,20030617,CRYS,CRYSTAL SYSTEMS SOLUTIONS,M7037810,3.14000,3300
84415,20030618,CRYS,CRYSTAL SYSTEMS SOLUTIONS,M7037810,3.15000,100
84415,20030619,CRYS,CRYSTAL SYSTEMS SOLUTIONS,M7037810,3.09000,16800
84415,20030620,CRYS,CRYSTAL SYSTEMS SOLUTIONS,M7037810,3.19000,1000
84415,20030623,CRYS,CRYSTAL SYSTEMS SOLUTIONS,M7037810,3.01000,1200
84415,20030624,CRYS,CRYSTAL SYSTEMS SOLUTIONS,M7037810,3.08000,4300
84415,20030625,CRYS,CRYSTAL SYSTEMS SOLUTIONS,M7037810,3.05000,2000
84415,20030626,CRYS,CRYSTAL SYSTEMS SOLUTIONS,M7037810,3.25000,1800
84415,20030627,CRYS,CRYSTAL SYSTEMS SOLUTIONS,M7037810,3.10000,3400
84415,20030630,CRYS,CRYSTAL SYSTEMS SOLUTIONS,M7037810,-3.07500,0
84415,20030701,CRYS,CRYSTAL SYSTEMS SOLUTIONS,M7037810,3.05000,1395
84415,20030702,CRYS,CRYSTAL SYSTEMS SOLUTIONS,M7037810,3.10000,12950
84415,20030703,CRYS,CRYSTAL SYSTEMS SOLUTIONS,M7037810,3.10000,1650
84415,20030707,CRYS,CRYSTAL SYSTEMS SOLUTIONS,M7037810,3.23000,2629
84415,20030708,CRYS,CRYSTAL SYSTEMS SOLUTIONS,M7037810,-3.20000,0
84415,20030709,CRYS,CRYSTAL SYSTEMS SOLUTIONS,M7037810,3.11000,1600
84415,20030710,CRYS,CRYSTAL SYSTEMS SOLUTIONS,M7037810,3.16000,8205
84415,20030711,CRYS,CRYSTAL SYSTEMS SOLUTIONS,M7037810,3.14000,300
84415,20030714,CRYS,CRYSTAL SYSTEMS SOLUTIONS,M7037810,3.36000,1600
84415,20030715,CRYS,CRYSTAL SYSTEMS SOLUTIONS,M7037810,3.21000,2725
84415,20030716,CRYS,CRYSTAL SYSTEMS SOLUTIONS,M7037810,-3.28500,0
84415,20030717,CRYS,CRYSTAL SYSTEMS SOLUTIONS,M7037810,-3.28500,0
84415,20030718,CRYS,CRYSTAL SYSTEMS SOLUTIONS,M7037810,3.37000,1800
84415,20030721,CRYS,CRYSTAL SYSTEMS SOLUTIONS,M7037810,3.35000,2375
84415,20030722,CRYS,CRYSTAL SYSTEMS SOLUTIONS,M7037810,3.70000,3800
84415,20030723,CRYS,CRYSTAL SYSTEMS SOLUTIONS,M7037810,-3.60000,0
84415,20030724,CRYS,CRYSTAL SYSTEMS SOLUTIONS,M7037810,3.70000,1000
84415,20030725,CRYS,CRYSTAL SYSTEMS SOLUTIONS,M7037810,3.50000,1300
84415,20030728,CRYS,CRYSTAL SYSTEMS SOLUTIONS,M7037810,3.50000,4908
84415,20030729,CRYS,CRYSTAL SYSTEMS SOLUTIONS,M7037810,-3.59500,0
84415,20030730,CRYS,CRYSTAL SYSTEMS SOLUTIONS,M7037810,3.61000,5844
84415,20030731,CRYS,CRYSTAL SYSTEMS SOLUTIONS,M7037810,3.51000,1606
84415,20030801,CRYS,CRYSTAL SYSTEMS SOLUTIONS,M7037810,3.52000,500
84415,20030804,CRYS,CRYSTAL SYSTEMS SOLUTIONS,M7037810,3.53000,1000
84415,20030805,CRYS,CRYSTAL SYSTEMS SOLUTIONS,M7037810,3.54000,600
84415,20030806,CRYS,CRYSTAL SYSTEMS SOLUTIONS,M7037810,3.69000,2000
84415,20030807,CRYS,CRYSTAL SYSTEMS SOLUTIONS,M7037810,3.49000,11200
84415,20030808,CRYS,CRYSTAL SYSTEMS SOLUTIONS,M7037810,3.41000,2000
84415,20030811,BPHX,BLUEPHOENIX SOLUTIONS LTD,M7037810,3.55000,1976
84415,20030812,BPHX,BLUEPHOENIX SOLUTIONS LTD,M7037810,3.45000,100
84415,20030813,BPHX,BLUEPHOENIX SOLUTIONS LTD,M7037810,-3.50000,0
84415,20030814,BPHX,BLUEPHOENIX SOLUTIONS LTD,M7037810,-3.50000,0
84415,20030815,BPHX,BLUEPHOENIX SOLUTIONS LTD,M7037810,3.31000,200
84415,20030818,BPHX,BLUEPHOENIX SOLUTIONS LTD,M7037810,3.56000,2330
84415,20030819,BPHX,BLUEPHOENIX SOLUTIONS LTD,M7037810,-3.46000,0
84415,20030820,BPHX,BLUEPHOENIX SOLUTIONS LTD,M7037810,3.56000,700
84415,20030821,BPHX,BLUEPHOENIX SOLUTIONS LTD,M7037810,-3.45500,0
84415,20030822,BPHX,BLUEPHOENIX SOLUTIONS LTD,M7037810,3.36100,4100
84415,20030825,BPHX,BLUEPHOENIX SOLUTIONS LTD,M7037810,3.55000,1200
84415,20030826,BPHX,BLUEPHOENIX SOLUTIONS LTD,M7037810,3.35000,285
84415,20030827,BPHX,BLUEPHOENIX SOLUTIONS LTD,M7037810,-3.42500,0
84415,20030828,BPHX,BLUEPHOENIX SOLUTIONS LTD,M7037810,3.35000,100
84415,20030829,BPHX,BLUEPHOENIX SOLUTIONS LTD,M7037810,3.54000,1285
84415,20030902,BPHX,BLUEPHOENIX SOLUTIONS LTD,M7037810,3.59000,2100
84415,20030903,BPHX,BLUEPHOENIX SOLUTIONS LTD,M7037810,3.59000,400
84415,20030904,BPHX,BLUEPHOENIX SOLUTIONS LTD,M7037810,3.46000,3000
84415,20030905,BPHX,BLUEPHOENIX SOLUTIONS LTD,M7037810,3.57000,1000
84415,20030908,BPHX,BLUEPHOENIX SOLUTIONS LTD,M7037810,3.50000,9940
84415,20030909,BPHX,BLUEPHOENIX SOLUTIONS LTD,M7037810,3.50000,1500
84415,20030910,BPHX,BLUEPHOENIX SOLUTIONS LTD,M7037810,3.43100,516
84415,20030911,BPHX,BLUEPHOENIX SOLUTIONS LTD,M7037810,3.57000,3895
84415,20030912,BPHX,BLUEPHOENIX SOLUTIONS LTD,M7037810,3.60000,1000
84415,20030915,BPHX,BLUEPHOENIX SOLUTIONS LTD,M7037810,3.57000,3800
84415,20030916,BPHX,BLUEPHOENIX SOLUTIONS LTD,M7037810,3.65000,2600
84415,20030917,BPHX,BLUEPHOENIX SOLUTIONS LTD,M7037810,3.79000,7500
84415,20030918,BPHX,BLUEPHOENIX SOLUTIONS LTD,M7037810,3.91000,500
84415,20030919,BPHX,BLUEPHOENIX SOLUTIONS LTD,M7037810,-3.81000,0
84415,20030922,BPHX,BLUEPHOENIX SOLUTIONS LTD,M7037810,4.00000,3515
84415,20030923,BPHX,BLUEPHOENIX SOLUTIONS LTD,M7037810,3.77900,4200
84415,20030924,BPHX,BLUEPHOENIX SOLUTIONS LTD,M7037810,3.66000,3150
84415,20030925,BPHX,BLUEPHOENIX SOLUTIONS LTD,M7037810,3.98000,1300
84415,20030926,BPHX,BLUEPHOENIX SOLUTIONS LTD,M7037810,3.99000,2100
84415,20030929,BPHX,BLUEPHOENIX SOLUTIONS LTD,M7037810,4.00000,7200
84415,20030930,BPHX,BLUEPHOENIX SOLUTIONS LTD,M7037810,3.75000,1300
84415,20031001,BPHX,BLUEPHOENIX SOLUTIONS LTD,M7037810,3.75000,1800
84415,20031002,BPHX,BLUEPHOENIX SOLUTIONS LTD,M7037810,3.80000,2792
84415,20031003,BPHX,BLUEPHOENIX SOLUTIONS LTD,M7037810,4.00000,4100
84415,20031006,BPHX,BLUEPHOENIX SOLUTIONS LTD,M7037810,4.24000,4200
84415,20031007,BPHX,BLUEPHOENIX SOLUTIONS LTD,M7037810,4.39000,5466
84415,20031008,BPHX,BLUEPHOENIX SOLUTIONS LTD,M7037810,4.25000,3730
84415,20031009,BPHX,BLUEPHOENIX SOLUTIONS LTD,M7037810,4.25000,2672
84415,20031010,BPHX,BLUEPHOENIX SOLUTIONS LTD,M7037810,-4.32000,0
84415,20031013,BPHX,BLUEPHOENIX SOLUTIONS LTD,M7037810,4.30000,4000
84415,20031014,BPHX,BLUEPHOENIX SOLUTIONS LTD,M7037810,4.44000,7871
84415,20031015,BPHX,BLUEPHOENIX SOLUTIONS LTD,M7037810,4.33000,1300
84415,20031016,BPHX,BLUEPHOENIX SOLUTIONS LTD,M7037810,4.45000,2200
84415,20031017,BPHX,BLUEPHOENIX SOLUTIONS LTD,M7037810,4.37000,100
84415,20031020,BPHX,BLUEPHOENIX SOLUTIONS LTD,M7037810,4.55000,1400
84415,20031021,BPHX,BLUEPHOENIX SOLUTIONS LTD,M7037810,4.52000,900
84415,20031022,BPHX,BLUEPHOENIX SOLUTIONS LTD,M7037810,4.43000,750
84415,20031023,BPHX,BLUEPHOENIX SOLUTIONS LTD,M7037810,-4.50000,0
84415,20031024,BPHX,BLUEPHOENIX SOLUTIONS LTD,M7037810,4.26000,1500
84415,20031027,BPHX,BLUEPHOENIX SOLUTIONS LTD,M7037810,4.37000,4800
84415,20031028,BPHX,BLUEPHOENIX SOLUTIONS LTD,M7037810,4.37000,1300
84415,20031029,BPHX,BLUEPHOENIX SOLUTIONS LTD,M7037810,-4.40000,0
84415,20031030,BPHX,BLUEPHOENIX SOLUTIONS LTD,M7037810,4.25000,3200
84415,20031031,BPHX,BLUEPHOENIX SOLUTIONS LTD,M7037810,4.25000,1000
84415,20031103,BPHX,BLUEPHOENIX SOLUTIONS LTD,M7037810,4.55000,500
84415,20031104,BPHX,BLUEPHOENIX SOLUTIONS LTD,M7037810,4.25000,2800
84415,20031105,BPHX,BLUEPHOENIX SOLUTIONS LTD,M7037810,5.50000,28333
84415,20031106,BPHX,BLUEPHOENIX SOLUTIONS LTD,M7037810,5.25000,12699
84415,20031107,BPHX,BLUEPHOENIX SOLUTIONS LTD,M7037810,5.25000,13400
84415,20031110,BPHX,BLUEPHOENIX SOLUTIONS LTD,M7037810,5.10000,2900
84415,20031111,BPHX,BLUEPHOENIX SOLUTIONS LTD,M7037810,5.10000,14850
84415,20031112,BPHX,BLUEPHOENIX SOLUTIONS LTD,M7037810,5.15000,11653
84415,20031113,BPHX,BLUEPHOENIX SOLUTIONS LTD,M7037810,5.33000,22570
84415,20031114,BPHX,BLUEPHOENIX SOLUTIONS LTD,M7037810,5.25000,2750
84415,20031117,BPHX,BLUEPHOENIX SOLUTIONS LTD,M7037810,5.09000,8740
84415,20031118,BPHX,BLUEPHOENIX SOLUTIONS LTD,M7037810,5.12000,1700
84415,20031119,BPHX,BLUEPHOENIX SOLUTIONS LTD,M7037810,5.05100,3700
84415,20031120,BPHX,BLUEPHOENIX SOLUTIONS LTD,M7037810,4.76000,10000
84415,20031121,BPHX,BLUEPHOENIX SOLUTIONS LTD,M7037810,4.89000,2200
84415,20031124,BPHX,BLUEPHOENIX SOLUTIONS LTD,M7037810,4.90000,2828
84415,20031125,BPHX,BLUEPHOENIX SOLUTIONS LTD,M7037810,4.99000,2700
84415,20031126,BPHX,BLUEPHOENIX SOLUTIONS LTD,M7037810,4.99000,1000
84415,20031128,BPHX,BLUEPHOENIX SOLUTIONS LTD,M7037810,5.03000,900
84415,20031201,BPHX,BLUEPHOENIX SOLUTIONS LTD,M7037810,5.25000,9258
84415,20031202,BPHX,BLUEPHOENIX SOLUTIONS LTD,M7037810,5.23000,2465
84415,20031203,BPHX,BLUEPHOENIX SOLUTIONS LTD,M7037810,5.20000,10035
84415,20031204,BPHX,BLUEPHOENIX SOLUTIONS LTD,M7037810,6.00000,35193
84415,20031205,BPHX,BLUEPHOENIX SOLUTIONS LTD,M7037810,6.22000,169493
84415,20031208,BPHX,BLUEPHOENIX SOLUTIONS LTD,M7037810,6.45000,236560
84415,20031209,BPHX,BLUEPHOENIX SOLUTIONS LTD,M7037810,6.68000,66565
84415,20031210,BPHX,BLUEPHOENIX SOLUTIONS LTD,M7037810,6.42000,35030
84415,20031211,BPHX,BLUEPHOENIX SOLUTIONS LTD,M7037810,6.58000,47648
84415,20031212,BPHX,BLUEPHOENIX SOLUTIONS LTD,M7037810,6.70000,22910
84415,20031215,BPHX,BLUEPHOENIX SOLUTIONS LTD,M7037810,7.04000,88166
84415,20031216,BPHX,BLUEPHOENIX SOLUTIONS LTD,M7037810,7.00000,11306
84415,20031217,BPHX,BLUEPHOENIX SOLUTIONS LTD,M7037810,6.80000,36359
84415,20031218,BPHX,BLUEPHOENIX SOLUTIONS LTD,M7037810,6.69000,25674
84415,20031219,BPHX,BLUEPHOENIX SOLUTIONS LTD,M7037810,6.53000,23998
84415,20031222,BPHX,BLUEPHOENIX SOLUTIONS LTD,M7037810,6.39000,22725
84415,20031223,BPHX,BLUEPHOENIX SOLUTIONS LTD,M7037810,6.46000,55219
84415,20031224,BPHX,BLUEPHOENIX SOLUTIONS LTD,M7037810,6.41000,1100
84415,20031226,BPHX,BLUEPHOENIX SOLUTIONS LTD,M7037810,6.31000,11200
84415,20031229,BPHX,BLUEPHOENIX SOLUTIONS LTD,M7037810,6.25000,23269
84415,20031230,BPHX,BLUEPHOENIX SOLUTIONS LTD,M7037810,6.05000,26964
84415,20031231,BPHX,BLUEPHOENIX SOLUTIONS LTD,M7037810,5.90000,24475
84415,20040102,BPHX,BLUEPHOENIX SOLUTIONS LTD,M7037810,5.90000,13317
84415,20040105,BPHX,BLUEPHOENIX SOLUTIONS LTD,M7037810,6.33000,7510
84415,20040106,BPHX,BLUEPHOENIX SOLUTIONS LTD,M7037810,6.15000,5690
84415,20040107,BPHX,BLUEPHOENIX SOLUTIONS LTD,M7037810,6.05000,10840
84415,20040108,BPHX,BLUEPHOENIX SOLUTIONS LTD,M7037810,5.75000,53710
84415,20040109,BPHX,BLUEPHOENIX SOLUTIONS LTD,M7037810,5.64000,8830
84415,20040112,BPHX,BLUEPHOENIX SOLUTIONS LTD,M7037810,6.35000,169585
84415,20040113,BPHX,BLUEPHOENIX SOLUTIONS LTD,M7037810,6.94000,98408
84415,20040114,BPHX,BLUEPHOENIX SOLUTIONS LTD,M7037810,7.20000,46775
84415,20040115,BPHX,BLUEPHOENIX SOLUTIONS LTD,M7037810,7.20000,24210
84415,20040116,BPHX,BLUEPHOENIX SOLUTIONS LTD,M7037810,7.35000,18964
84415,20040120,BPHX,BLUEPHOENIX SOLUTIONS LTD,M7037810,7.49000,37811
84415,20040121,BPHX,BLUEPHOENIX SOLUTIONS LTD,M7037810,7.45000,15186
84415,20040122,BPHX,BLUEPHOENIX SOLUTIONS LTD,M7037810,7.25000,27863
84415,20040123,BPHX,BLUEPHOENIX SOLUTIONS LTD,M7037810,6.95000,7605
84415,20040126,BPHX,BLUEPHOENIX SOLUTIONS LTD,M7037810,7.07900,2390
84415,20040127,BPHX,BLUEPHOENIX SOLUTIONS LTD,M7037810,7.12000,2175
84415,20040128,BPHX,BLUEPHOENIX SOLUTIONS LTD,M7037810,7.19000,34668
84415,20040129,BPHX,BLUEPHOENIX SOLUTIONS LTD,M7037810,7.19000,5364
84415,20040130,BPHX,BLUEPHOENIX SOLUTIONS LTD,M7037810,7.15000,1400
84415,20040202,BPHX,BLUEPHOENIX SOLUTIONS LTD,M7037810,6.95000,3587
84415,20040203,BPHX,BLUEPHOENIX SOLUTIONS LTD,M7037810,7.08000,2957
84415,20040204,BPHX,BLUEPHOENIX SOLUTIONS LTD,M7037810,6.53000,19980
84415,20040205,BPHX,BLUEPHOENIX SOLUTIONS LTD,M7037810,6.75000,10062
84415,20040206,BPHX,BLUEPHOENIX SOLUTIONS LTD,M7037810,6.75100,5172
84415,20040209,BPHX,BLUEPHOENIX SOLUTIONS LTD,M7037810,6.75000,6929
84415,20040210,BPHX,BLUEPHOENIX SOLUTIONS LTD,M7037810,6.79000,7073
84415,20040211,BPHX,BLUEPHOENIX SOLUTIONS LTD,M7037810,6.82000,18967
84415,20040212,BPHX,BLUEPHOENIX SOLUTIONS LTD,M7037810,6.82000,22633
84415,20040213,BPHX,BLUEPHOENIX SOLUTIONS LTD,M7037810,6.87000,17550
84415,20040217,BPHX,BLUEPHOENIX SOLUTIONS LTD,M7037810,6.70000,8330
84415,20040218,BPHX,BLUEPHOENIX SOLUTIONS LTD,M7037810,6.48000,7875
84415,20040219,BPHX,BLUEPHOENIX SOLUTIONS LTD,M7037810,6.24000,34570
84415,20040220,BPHX,BLUEPHOENIX SOLUTIONS LTD,M7037810,6.10000,7550
84415,20040223,BPHX,BLUEPHOENIX SOLUTIONS LTD,M7037810,5.51000,29284
84415,20040224,BPHX,BLUEPHOENIX SOLUTIONS LTD,M7037810,5.90000,40724
84415,20040225,BPHX,BLUEPHOENIX SOLUTIONS LTD,M7037810,5.85000,10400
84415,20040226,BPHX,BLUEPHOENIX SOLUTIONS LTD,M7037810,5.85000,7200
84415,20040227,BPHX,BLUEPHOENIX SOLUTIONS LTD,M7037810,5.57000,24853
84415,20040301,BPHX,BLUEPHOENIX SOLUTIONS LTD,M7037810,5.35000,21311
84415,20040302,BPHX,BLUEPHOENIX SOLUTIONS LTD,M7037810,5.46000,13893
84415,20040303,BPHX,BLUEPHOENIX SOLUTIONS LTD,M7037810,5.42000,10407
84415,20040304,BPHX,BLUEPHOENIX SOLUTIONS LTD,M7037810,5.38000,22923
84415,20040305,BPHX,BLUEPHOENIX SOLUTIONS LTD,M7037810,5.35000,8158
84415,20040308,BPHX,BLUEPHOENIX SOLUTIONS LTD,M7037810,5.35000,12842
84415,20040309,BPHX,BLUEPHOENIX SOLUTIONS LTD,M7037810,4.95000,78502
84415,20040310,BPHX,BLUEPHOENIX SOLUTIONS LTD,M7037810,4.80000,15028
84415,20040311,BPHX,BLUEPHOENIX SOLUTIONS LTD,M7037810,4.63000,88305
84415,20040312,BPHX,BLUEPHOENIX SOLUTIONS LTD,M7037810,4.75000,8200
84415,20040315,BPHX,BLUEPHOENIX SOLUTIONS LTD,M7037810,4.92000,7341
84415,20040316,BPHX,BLUEPHOENIX SOLUTIONS LTD,M7037810,4.95000,15985
84415,20040317,BPHX,BLUEPHOENIX SOLUTIONS LTD,M7037810,4.90000,8600
84415,20040318,BPHX,BLUEPHOENIX SOLUTIONS LTD,M7037810,4.95000,8000
84415,20040319,BPHX,BLUEPHOENIX SOLUTIONS LTD,M7037810,5.01000,5100
84415,20040322,BPHX,BLUEPHOENIX SOLUTIONS LTD,M7037810,5.01000,11250
84415,20040323,BPHX,BLUEPHOENIX SOLUTIONS LTD,M7037810,5.10000,4214
84415,20040324,BPHX,BLUEPHOENIX SOLUTIONS LTD,M7037810,5.05000,6420
84415,20040325,BPHX,BLUEPHOENIX SOLUTIONS LTD,M7037810,5.15000,4500
84415,20040326,BPHX,BLUEPHOENIX SOLUTIONS LTD,M7037810,5.11000,2500
84415,20040329,BPHX,BLUEPHOENIX SOLUTIONS LTD,M7037810,5.15000,9250
84415,20040330,BPHX,BLUEPHOENIX SOLUTIONS LTD,M7037810,5.10000,1000
84415,20040331,BPHX,BLUEPHOENIX SOLUTIONS LTD,M7037810,5.15000,2900
84415,20040401,BPHX,BLUEPHOENIX SOLUTIONS LTD,M7037810,5.18900,2300
84415,20040402,BPHX,BLUEPHOENIX SOLUTIONS LTD,M7037810,5.33000,4678
84415,20040405,BPHX,BLUEPHOENIX SOLUTIONS LTD,M7037810,5.22000,6651
84415,20040406,BPHX,BLUEPHOENIX SOLUTIONS LTD,M7037810,5.20000,3500
84415,20040407,BPHX,BLUEPHOENIX SOLUTIONS LTD,M7037810,5.26900,13400
84415,20040408,BPHX,BLUEPHOENIX SOLUTIONS LTD,M7037810,5.20000,7079
84415,20040412,BPHX,BLUEPHOENIX SOLUTIONS LTD,M7037810,5.40000,8220
84415,20040413,BPHX,BLUEPHOENIX SOLUTIONS LTD,M7037810,5.21000,13400
84415,20040414,BPHX,BLUEPHOENIX SOLUTIONS LTD,M7037810,5.27000,4600
84415,20040415,BPHX,BLUEPHOENIX SOLUTIONS LTD,M7037810,5.23000,3605
84415,20040416,BPHX,BLUEPHOENIX SOLUTIONS LTD,M7037810,5.10000,5950
84415,20040419,BPHX,BLUEPHOENIX SOLUTIONS LTD,M7037810,5.35000,13500
84415,20040420,BPHX,BLUEPHOENIX SOLUTIONS LTD,M7037810,5.24000,1250
84415,20040421,BPHX,BLUEPHOENIX SOLUTIONS LTD,M7037810,5.28000,5950
84415,20040422,BPHX,BLUEPHOENIX SOLUTIONS LTD,M7037810,5.22100,3940
84415,20040423,BPHX,BLUEPHOENIX SOLUTIONS LTD,M7037810,5.16000,6700
84415,20040426,BPHX,BLUEPHOENIX SOLUTIONS LTD,M7037810,5.11000,3900
84415,20040427,BPHX,BLUEPHOENIX SOLUTIONS LTD,M7037810,5.15000,2900
84415,20040428,BPHX,BLUEPHOENIX SOLUTIONS LTD,M7037810,5.03000,12050
84415,20040429,BPHX,BLUEPHOENIX SOLUTIONS LTD,M7037810,5.05000,7250
84415,20040430,BPHX,BLUEPHOENIX SOLUTIONS LTD,M7037810,5.18000,8500
84415,20040503,BPHX,BLUEPHOENIX SOLUTIONS LTD,M7037810,5.00000,12503
84415,20040504,BPHX,BLUEPHOENIX SOLUTIONS LTD,M7037810,4.98000,25388
84415,20040505,BPHX,BLUEPHOENIX SOLUTIONS LTD,M7037810,5.17000,3767
84415,20040506,BPHX,BLUEPHOENIX SOLUTIONS LTD,M7037810,5.20000,4389
84415,20040507,BPHX,BLUEPHOENIX SOLUTIONS LTD,M7037810,5.22900,17500
84415,20040510,BPHX,BLUEPHOENIX SOLUTIONS LTD,M7037810,5.19000,23430
84415,20040511,BPHX,BLUEPHOENIX SOLUTIONS LTD,M7037810,5.04000,126523
84415,20040512,BPHX,BLUEPHOENIX SOLUTIONS LTD,M7037810,5.16000,22270
84415,20040513,BPHX,BLUEPHOENIX SOLUTIONS LTD,M7037810,5.18900,168125
84415,20040514,BPHX,BLUEPHOENIX SOLUTIONS LTD,M7037810,5.35000,18878
84415,20040517,BPHX,BLUEPHOENIX SOLUTIONS LTD,M7037810,5.26000,10467
84415,20040518,BPHX,BLUEPHOENIX SOLUTIONS LTD,M7037810,5.29900,4560
84415,20040519,BPHX,BLUEPHOENIX SOLUTIONS LTD,M7037810,5.29000,14377
84415,20040520,BPHX,BLUEPHOENIX SOLUTIONS LTD,M7037810,5.39000,1495
84415,20040521,BPHX,BLUEPHOENIX SOLUTIONS LTD,M7037810,5.26900,400
84415,20040524,BPHX,BLUEPHOENIX SOLUTIONS LTD,M7037810,5.23000,14700
84415,20040525,BPHX,BLUEPHOENIX SOLUTIONS LTD,M7037810,5.21000,4100
84415,20040526,BPHX,BLUEPHOENIX SOLUTIONS LTD,M7037810,5.10000,12800
84415,20040527,BPHX,BLUEPHOENIX SOLUTIONS LTD,M7037810,5.30000,15123
84415,20040528,BPHX,BLUEPHOENIX SOLUTIONS LTD,M7037810,5.28000,29500
84415,20040601,BPHX,BLUEPHOENIX SOLUTIONS LTD,M7037810,5.28000,2200
84415,20040602,BPHX,BLUEPHOENIX SOLUTIONS LTD,M7037810,5.20000,10500
84415,20040603,BPHX,BLUEPHOENIX SOLUTIONS LTD,M7037810,5.05000,54540
84415,20040604,BPHX,BLUEPHOENIX SOLUTIONS LTD,M7037810,5.17000,6000
84415,20040607,BPHX,BLUEPHOENIX SOLUTIONS LTD,M7037810,5.20000,15700
84415,20040608,BPHX,BLUEPHOENIX SOLUTIONS LTD,M7037810,5.16000,7600
84415,20040609,BPHX,BLUEPHOENIX SOLUTIONS LTD,M7037810,5.14000,4569
84415,20040610,BPHX,BLUEPHOENIX SOLUTIONS LTD,M7037810,5.11000,7819
84415,20040614,BPHX,BLUEPHOENIX SOLUTIONS LTD,M7037810,5.12000,7840
84415,20040615,BPHX,BLUEPHOENIX SOLUTIONS LTD,M7037810,5.08000,1700
84415,20040616,BPHX,BLUEPHOENIX SOLUTIONS LTD,M7037810,-5.05000,0
84415,20040617,BPHX,BLUEPHOENIX SOLUTIONS LTD,M7037810,5.09000,18700
84415,20040618,BPHX,BLUEPHOENIX SOLUTIONS LTD,M7037810,5.10000,1500
84415,20040621,BPHX,BLUEPHOENIX SOLUTIONS LTD,M7037810,5.06000,11740
84415,20040622,BPHX,BLUEPHOENIX SOLUTIONS LTD,M7037810,5.13000,1900
84415,20040623,BPHX,BLUEPHOENIX SOLUTIONS LTD,M7037810,5.11000,11300
84415,20040624,BPHX,BLUEPHOENIX SOLUTIONS LTD,M7037810,5.25000,17774
84415,20040625,BPHX,BLUEPHOENIX SOLUTIONS LTD,M7037810,5.38000,11600
84415,20040628,BPHX,BLUEPHOENIX SOLUTIONS LTD,M7037810,5.50000,7468
84415,20040629,BPHX,BLUEPHOENIX SOLUTIONS LTD,M7037810,5.45100,11819
84415,20040630,BPHX,BLUEPHOENIX SOLUTIONS LTD,M7037810,5.26100,5100
84415,20040701,BPHX,BLUEPHOENIX SOLUTIONS LTD,M7037810,5.40000,1200
84415,20040702,BPHX,BLUEPHOENIX SOLUTIONS LTD,M7037810,5.49000,1450
84415,20040706,BPHX,BLUEPHOENIX SOLUTIONS LTD,M7037810,5.25000,548
84415,20040707,BPHX,BLUEPHOENIX SOLUTIONS LTD,M7037810,5.24000,200
84415,20040708,BPHX,BLUEPHOENIX SOLUTIONS LTD,M7037810,5.03000,535
84415,20040709,BPHX,BLUEPHOENIX SOLUTIONS LTD,M7037810,5.07000,1900
84415,20040712,BPHX,BLUEPHOENIX SOLUTIONS LTD,M7037810,5.05000,1320
84415,20040713,BPHX,BLUEPHOENIX SOLUTIONS LTD,M7037810,5.06000,7284
84415,20040714,BPHX,BLUEPHOENIX SOLUTIONS LTD,M7037810,5.13000,3555
84415,20040715,BPHX,BLUEPHOENIX SOLUTIONS LTD,M7037810,4.96000,9726
84415,20040716,BPHX,BLUEPHOENIX SOLUTIONS LTD,M7037810,4.78000,4850
84415,20040719,BPHX,BLUEPHOENIX SOLUTIONS LTD,M7037810,4.76000,13128
84415,20040720,BPHX,BLUEPHOENIX SOLUTIONS LTD,M7037810,4.84000,8467
84415,20040721,BPHX,BLUEPHOENIX SOLUTIONS LTD,M7037810,4.62000,11550
84415,20040722,BPHX,BLUEPHOENIX SOLUTIONS LTD,M7037810,4.61000,30184
84415,20040723,BPHX,BLUEPHOENIX SOLUTIONS LTD,M7037810,4.67000,17900
84415,20040726,BPHX,BLUEPHOENIX SOLUTIONS LTD,M7037810,4.18000,35790
84415,20040727,BPHX,BLUEPHOENIX SOLUTIONS LTD,M7037810,4.10000,11667
84415,20040728,BPHX,BLUEPHOENIX SOLUTIONS LTD,M7037810,4.04000,3600
84415,20040729,BPHX,BLUEPHOENIX SOLUTIONS LTD,M7037810,4.15000,200
84415,20040730,BPHX,BLUEPHOENIX SOLUTIONS LTD,M7037810,4.20000,6800
84415,20040802,BPHX,BLUEPHOENIX SOLUTIONS LTD,M7037810,4.67000,19942
84415,20040803,BPHX,BLUEPHOENIX SOLUTIONS LTD,M7037810,4.80400,7800
84415,20040804,BPHX,BLUEPHOENIX SOLUTIONS LTD,M7037810,4.84000,3350
84415,20040805,BPHX,BLUEPHOENIX SOLUTIONS LTD,M7037810,4.92000,7650
84415,20040806,BPHX,BLUEPHOENIX SOLUTIONS LTD,M7037810,4.77000,14110
84415,20040809,BPHX,BLUEPHOENIX SOLUTIONS LTD,M7037810,4.81000,6950
84415,20040810,BPHX,BLUEPHOENIX SOLUTIONS LTD,M7037810,4.66000,10250
84415,20040811,BPHX,BLUEPHOENIX SOLUTIONS LTD,M7037810,4.30000,7948
84415,20040812,BPHX,BLUEPHOENIX SOLUTIONS LTD,M7037810,4.47000,2500
84415,20040813,BPHX,BLUEPHOENIX SOLUTIONS LTD,M7037810,4.38800,950
84415,20040816,BPHX,BLUEPHOENIX SOLUTIONS LTD,M7037810,4.36000,2307
84415,20040817,BPHX,BLUEPHOENIX SOLUTIONS LTD,M7037810,4.74000,15245
84415,20040818,BPHX,BLUEPHOENIX SOLUTIONS LTD,M7037810,4.44000,23251
84415,20040819,BPHX,BLUEPHOENIX SOLUTIONS LTD,M7037810,4.40000,1600
84415,20040820,BPHX,BLUEPHOENIX SOLUTIONS LTD,M7037810,4.40000,4400
84415,20040823,BPHX,BLUEPHOENIX SOLUTIONS LTD,M7037810,4.25000,6493
84415,20040824,BPHX,BLUEPHOENIX SOLUTIONS LTD,M7037810,4.31000,1700
84415,20040825,BPHX,BLUEPHOENIX SOLUTIONS LTD,M7037810,4.14000,4320
84415,20040826,BPHX,BLUEPHOENIX SOLUTIONS LTD,M7037810,4.15000,12200
84415,20040827,BPHX,BLUEPHOENIX SOLUTIONS LTD,M7037810,4.03000,11600
84415,20040830,BPHX,BLUEPHOENIX SOLUTIONS LTD,M7037810,4.09000,11694
84415,20040831,BPHX,BLUEPHOENIX SOLUTIONS LTD,M7037810,4.12000,4865
84415,20040901,BPHX,BLUEPHOENIX SOLUTIONS LTD,M7037810,4.24000,8135
84415,20040902,BPHX,BLUEPHOENIX SOLUTIONS LTD,M7037810,4.22900,8700
84415,20040903,BPHX,BLUEPHOENIX SOLUTIONS LTD,M7037810,4.10000,2800
84415,20040907,BPHX,BLUEPHOENIX SOLUTIONS LTD,M7037810,4.10100,5111
84415,20040908,BPHX,BLUEPHOENIX SOLUTIONS LTD,M7037810,4.42000,5950
84415,20040909,BPHX,BLUEPHOENIX SOLUTIONS LTD,M7037810,4.35000,2900
84415,20040910,BPHX,BLUEPHOENIX SOLUTIONS LTD,M7037810,4.33000,7000
84415,20040913,BPHX,BLUEPHOENIX SOLUTIONS LTD,M7037810,4.29000,6855
84415,20040914,BPHX,BLUEPHOENIX SOLUTIONS LTD,M7037810,4.35000,10581
84415,20040915,BPHX,BLUEPHOENIX SOLUTIONS LTD,M7037810,4.40000,1300
84415,20040916,BPHX,BLUEPHOENIX SOLUTIONS LTD,M7037810,4.40000,2500
84415,20040917,BPHX,BLUEPHOENIX SOLUTIONS LTD,M7037810,4.35000,4600
84415,20040920,BPHX,BLUEPHOENIX SOLUTIONS LTD,M7037810,4.36000,7900
84415,20040921,BPHX,BLUEPHOENIX SOLUTIONS LTD,M7037810,4.36000,6100
84415,20040922,BPHX,BLUEPHOENIX SOLUTIONS LTD,M7037810,4.40000,4000
84415,20040923,BPHX,BLUEPHOENIX SOLUTIONS LTD,M7037810,4.35000,6850
84415,20040924,BPHX,BLUEPHOENIX SOLUTIONS LTD,M7037810,4.40000,8850
84415,20040927,BPHX,BLUEPHOENIX SOLUTIONS LTD,M7037810,4.24000,19393
84415,20040928,BPHX,BLUEPHOENIX SOLUTIONS LTD,M7037810,4.21000,2100
84415,20040929,BPHX,BLUEPHOENIX SOLUTIONS LTD,M7037810,4.29000,3000
84415,20040930,BPHX,BLUEPHOENIX SOLUTIONS LTD,M7037810,4.30000,8950
84415,20041001,BPHX,BLUEPHOENIX SOLUTIONS LTD,M7037810,4.35000,3600
84415,20041004,BPHX,BLUEPHOENIX SOLUTIONS LTD,M7037810,4.27000,10100
84415,20041005,BPHX,BLUEPHOENIX SOLUTIONS LTD,M7037810,4.13000,13600
84415,20041006,BPHX,BLUEPHOENIX SOLUTIONS LTD,M7037810,4.15000,1810
84415,20041007,BPHX,BLUEPHOENIX SOLUTIONS LTD,M7037810,4.25000,900
84415,20041008,BPHX,BLUEPHOENIX SOLUTIONS LTD,M7037810,4.21000,1450
84415,20041011,BPHX,BLUEPHOENIX SOLUTIONS LTD,M7037810,4.15000,700
84415,20041012,BPHX,BLUEPHOENIX SOLUTIONS LTD,M7037810,4.20000,4550
84415,20041013,BPHX,BLUEPHOENIX SOLUTIONS LTD,M7037810,-4.22500,0
84415,20041014,BPHX,BLUEPHOENIX SOLUTIONS LTD,M7037810,4.19000,5300
84415,20041015,BPHX,BLUEPHOENIX SOLUTIONS LTD,M7037810,4.15000,2200
84415,20041018,BPHX,BLUEPHOENIX SOLUTIONS LTD,M7037810,-4.20500,0
84415,20041019,BPHX,BLUEPHOENIX SOLUTIONS LTD,M7037810,4.23000,7650
84415,20041020,BPHX,BLUEPHOENIX SOLUTIONS LTD,M7037810,4.24000,1100
84415,20041021,BPHX,BLUEPHOENIX SOLUTIONS LTD,M7037810,4.13000,2140
84415,20041022,BPHX,BLUEPHOENIX SOLUTIONS LTD,M7037810,4.15000,1300
84415,20041025,BPHX,BLUEPHOENIX SOLUTIONS LTD,M7037810,4.15000,750
84415,20041026,BPHX,BLUEPHOENIX SOLUTIONS LTD,M7037810,4.10100,5368
84415,20041027,BPHX,BLUEPHOENIX SOLUTIONS LTD,M7037810,4.15900,2136
84415,20041028,BPHX,BLUEPHOENIX SOLUTIONS LTD,M7037810,4.10000,4600
84415,20041029,BPHX,BLUEPHOENIX SOLUTIONS LTD,M7037810,4.10100,150
84415,20041101,BPHX,BLUEPHOENIX SOLUTIONS LTD,M7037810,-4.15000,0
84415,20041102,BPHX,BLUEPHOENIX SOLUTIONS LTD,M7037810,4.10100,200
84415,20041103,BPHX,BLUEPHOENIX SOLUTIONS LTD,M7037810,4.18000,1650
84415,20041104,BPHX,BLUEPHOENIX SOLUTIONS LTD,M7037810,4.09000,1100
84415,20041105,BPHX,BLUEPHOENIX SOLUTIONS LTD,M7037810,4.21000,1600
84415,20041108,BPHX,BLUEPHOENIX SOLUTIONS LTD,M7037810,4.03000,3350
84415,20041109,BPHX,BLUEPHOENIX SOLUTIONS LTD,M7037810,4.11000,6500
84415,20041110,BPHX,BLUEPHOENIX SOLUTIONS LTD,M7037810,4.20000,18367
84415,20041111,BPHX,BLUEPHOENIX SOLUTIONS LTD,M7037810,4.11000,19400
84415,20041112,BPHX,BLUEPHOENIX SOLUTIONS LTD,M7037810,4.18000,12948
84415,20041115,BPHX,BLUEPHOENIX SOLUTIONS LTD,M7037810,4.13000,5200
84415,20041116,BPHX,BLUEPHOENIX SOLUTIONS LTD,M7037810,4.16100,7000
84415,20041117,BPHX,BLUEPHOENIX SOLUTIONS LTD,M7037810,4.14000,13800
84415,20041118,BPHX,BLUEPHOENIX SOLUTIONS LTD,M7037810,4.40900,36242
84415,20041119,BPHX,BLUEPHOENIX SOLUTIONS LTD,M7037810,4.36000,12230
84415,20041122,BPHX,BLUEPHOENIX SOLUTIONS LTD,M7037810,4.26000,3799
84415,20041123,BPHX,BLUEPHOENIX SOLUTIONS LTD,M7037810,4.12000,8030
84415,20041124,BPHX,BLUEPHOENIX SOLUTIONS LTD,M7037810,4.15000,13400
84415,20041126,BPHX,BLUEPHOENIX SOLUTIONS LTD,M7037810,4.12000,600
84415,20041129,BPHX,BLUEPHOENIX SOLUTIONS LTD,M7037810,4.15000,17200
84415,20041130,BPHX,BLUEPHOENIX SOLUTIONS LTD,M7037810,4.09990,13299
84415,20041201,BPHX,BLUEPHOENIX SOLUTIONS LTD,M7037810,4.05100,9554
84415,20041202,BPHX,BLUEPHOENIX SOLUTIONS LTD,M7037810,4.00900,20460
84415,20041203,BPHX,BLUEPHOENIX SOLUTIONS LTD,M7037810,4.03000,34660
84415,20041206,BPHX,BLUEPHOENIX SOLUTIONS LTD,M7037810,4.04900,23028
84415,20041207,BPHX,BLUEPHOENIX SOLUTIONS LTD,M7037810,4.05000,17500
84415,20041208,BPHX,BLUEPHOENIX SOLUTIONS LTD,M7037810,4.11000,14741
84415,20041209,BPHX,BLUEPHOENIX SOLUTIONS LTD,M7037810,4.02000,10066
84415,20041210,BPHX,BLUEPHOENIX SOLUTIONS LTD,M7037810,4.02000,17950
84415,20041213,BPHX,BLUEPHOENIX SOLUTIONS LTD,M7037810,4.06000,12100
84415,20041214,BPHX,BLUEPHOENIX SOLUTIONS LTD,M7037810,4.02000,14584
84415,20041215,BPHX,BLUEPHOENIX SOLUTIONS LTD,M7037810,4.01000,22900
84415,20041216,BPHX,BLUEPHOENIX SOLUTIONS LTD,M7037810,4.08900,12590
84415,20041217,BPHX,BLUEPHOENIX SOLUTIONS LTD,M7037810,4.05900,16588
84415,20041220,BPHX,BLUEPHOENIX SOLUTIONS LTD,M7037810,4.03000,21125
84415,20041221,BPHX,BLUEPHOENIX SOLUTIONS LTD,M7037810,3.98000,6000
84415,20041222,BPHX,BLUEPHOENIX SOLUTIONS LTD,M7037810,3.95000,10000
84415,20041223,BPHX,BLUEPHOENIX SOLUTIONS LTD,M7037810,4.00000,950
84415,20041227,BPHX,BLUEPHOENIX SOLUTIONS LTD,M7037810,4.02000,11500
84415,20041228,BPHX,BLUEPHOENIX SOLUTIONS LTD,M7037810,3.92000,16269
84415,20041229,BPHX,BLUEPHOENIX SOLUTIONS LTD,M7037810,3.99000,14166
84415,20041230,BPHX,BLUEPHOENIX SOLUTIONS LTD,M7037810,4.10000,31451
84415,20041231,BPHX,BLUEPHOENIX SOLUTIONS LTD,M7037810,4.25000,17830
84415,20050103,BPHX,BLUEPHOENIX SOLUTIONS LTD,M7037810,4.20000,11833
84415,20050104,BPHX,BLUEPHOENIX SOLUTIONS LTD,M7037810,4.03000,11234
84415,20050105,BPHX,BLUEPHOENIX SOLUTIONS LTD,M7037810,4.00000,4300
84415,20050106,BPHX,BLUEPHOENIX SOLUTIONS LTD,M7037810,4.05000,9400
84415,20050107,BPHX,BLUEPHOENIX SOLUTIONS LTD,M7037810,4.00000,6935
84415,20050110,BPHX,BLUEPHOENIX SOLUTIONS LTD,M7037810,3.97000,3400
84415,20050111,BPHX,BLUEPHOENIX SOLUTIONS LTD,M7037810,4.04000,7700
84415,20050112,BPHX,BLUEPHOENIX SOLUTIONS LTD,M7037810,3.95000,5150
84415,20050113,BPHX,BLUEPHOENIX SOLUTIONS LTD,M7037810,4.01000,20695
84415,20050114,BPHX,BLUEPHOENIX SOLUTIONS LTD,M7037810,3.96000,21750
84415,20050118,BPHX,BLUEPHOENIX SOLUTIONS LTD,M7037810,3.96000,4250
84415,20050119,BPHX,BLUEPHOENIX SOLUTIONS LTD,M7037810,3.94000,9600
84415,20050120,BPHX,BLUEPHOENIX SOLUTIONS LTD,M7037810,3.99000,15100
84415,20050121,BPHX,BLUEPHOENIX SOLUTIONS LTD,M7037810,4.04000,2400
84415,20050124,BPHX,BLUEPHOENIX SOLUTIONS LTD,M7037810,4.00000,3250
84415,20050125,BPHX,BLUEPHOENIX SOLUTIONS LTD,M7037810,3.95000,17358
84415,20050126,BPHX,BLUEPHOENIX SOLUTIONS LTD,M7037810,4.00000,4451
84415,20050127,BPHX,BLUEPHOENIX SOLUTIONS LTD,M7037810,3.91000,3081
84415,20050128,BPHX,BLUEPHOENIX SOLUTIONS LTD,M7037810,3.90000,11000
84415,20050131,BPHX,BLUEPHOENIX SOLUTIONS LTD,M7037810,3.92000,12320
84415,20050201,BPHX,BLUEPHOENIX SOLUTIONS LTD,M7037810,3.91000,20742
84415,20050202,BPHX,BLUEPHOENIX SOLUTIONS LTD,M7037810,3.95000,19000
84415,20050203,BPHX,BLUEPHOENIX SOLUTIONS LTD,M7037810,4.07000,16500
84415,20050204,BPHX,BLUEPHOENIX SOLUTIONS LTD,M7037810,4.09000,10700
84415,20050207,BPHX,BLUEPHOENIX SOLUTIONS LTD,M7037810,4.08000,6000
84415,20050208,BPHX,BLUEPHOENIX SOLUTIONS LTD,M7037810,4.29000,16954
84415,20050209,BPHX,BLUEPHOENIX SOLUTIONS LTD,M7037810,4.26000,21186
84415,20050210,BPHX,BLUEPHOENIX SOLUTIONS LTD,M7037810,4.46000,10400
84415,20050211,BPHX,BLUEPHOENIX SOLUTIONS LTD,M7037810,4.69000,24048
84415,20050214,BPHX,BLUEPHOENIX SOLUTIONS LTD,M7037810,4.60100,8500
84415,20050215,BPHX,BLUEPHOENIX SOLUTIONS LTD,M7037810,4.60000,2348
84415,20050216,BPHX,BLUEPHOENIX SOLUTIONS LTD,M7037810,4.55000,6036
84415,20050217,BPHX,BLUEPHOENIX SOLUTIONS LTD,M7037810,4.54000,2818
84415,20050218,BPHX,BLUEPHOENIX SOLUTIONS LTD,M7037810,4.45000,400
84415,20050222,BPHX,BLUEPHOENIX SOLUTIONS LTD,M7037810,4.25000,5860
84415,20050223,BPHX,BLUEPHOENIX SOLUTIONS LTD,M7037810,4.35000,19800
84415,20050224,BPHX,BLUEPHOENIX SOLUTIONS LTD,M7037810,4.60000,29048
84415,20050225,BPHX,BLUEPHOENIX SOLUTIONS LTD,M7037810,4.54000,3300
84415,20050228,BPHX,BLUEPHOENIX SOLUTIONS LTD,M7037810,4.75000,75715
84415,20050301,BPHX,BLUEPHOENIX SOLUTIONS LTD,M7037810,4.70000,7115
84415,20050302,BPHX,BLUEPHOENIX SOLUTIONS LTD,M7037810,4.75000,10500
84415,20050303,BPHX,BLUEPHOENIX SOLUTIONS LTD,M7037810,4.75000,1900
84415,20050304,BPHX,BLUEPHOENIX SOLUTIONS LTD,M7037810,4.72000,2700
84415,20050307,BPHX,BLUEPHOENIX SOLUTIONS LTD,M7037810,4.73000,32625
84415,20050308,BPHX,BLUEPHOENIX SOLUTIONS LTD,M7037810,4.72000,25700
84415,20050309,BPHX,BLUEPHOENIX SOLUTIONS LTD,M7037810,4.70000,27500
84415,20050310,BPHX,BLUEPHOENIX SOLUTIONS LTD,M7037810,4.67900,1700
84415,20050311,BPHX,BLUEPHOENIX SOLUTIONS LTD,M7037810,4.55000,800
84415,20050314,BPHX,BLUEPHOENIX SOLUTIONS LTD,M7037810,4.47000,21100
84415,20050315,BPHX,BLUEPHOENIX SOLUTIONS LTD,M7037810,4.47000,34553
84415,20050316,BPHX,BLUEPHOENIX SOLUTIONS LTD,M7037810,4.50000,61400
84415,20050317,BPHX,BLUEPHOENIX SOLUTIONS LTD,M7037810,4.50000,9870
84415,20050318,BPHX,BLUEPHOENIX SOLUTIONS LTD,M7037810,4.28000,4601
84415,20050321,BPHX,BLUEPHOENIX SOLUTIONS LTD,M7037810,4.40100,4899
84415,20050322,BPHX,BLUEPHOENIX SOLUTIONS LTD,M7037810,4.50000,800
84415,20050323,BPHX,BLUEPHOENIX SOLUTIONS LTD,M7037810,4.35000,2000
84415,20050324,BPHX,BLUEPHOENIX SOLUTIONS LTD,M7037810,4.25000,2049
84415,20050328,BPHX,BLUEPHOENIX SOLUTIONS LTD,M7037810,4.25000,1500
84415,20050329,BPHX,BLUEPHOENIX SOLUTIONS LTD,M7037810,4.33000,1400
84415,20050330,BPHX,BLUEPHOENIX SOLUTIONS LTD,M7037810,4.39000,3900
84415,20050331,BPHX,BLUEPHOENIX SOLUTIONS LTD,M7037810,4.39000,2100
84415,20050401,BPHX,BLUEPHOENIX SOLUTIONS LTD,M7037810,4.29000,5900
84415,20050404,BPHX,BLUEPHOENIX SOLUTIONS LTD,M7037810,4.41000,500
84415,20050405,BPHX,BLUEPHOENIX SOLUTIONS LTD,M7037810,4.34000,3300
84415,20050406,BPHX,BLUEPHOENIX SOLUTIONS LTD,M7037810,4.24000,6100
84415,20050407,BPHX,BLUEPHOENIX SOLUTIONS LTD,M7037810,4.25000,2300
84415,20050408,BPHX,BLUEPHOENIX SOLUTIONS LTD,M7037810,4.26000,1400
84415,20050411,BPHX,BLUEPHOENIX SOLUTIONS LTD,M7037810,4.40000,500
84415,20050412,BPHX,BLUEPHOENIX SOLUTIONS LTD,M7037810,4.30000,3046
84415,20050413,BPHX,BLUEPHOENIX SOLUTIONS LTD,M7037810,4.46000,10450
84415,20050414,BPHX,BLUEPHOENIX SOLUTIONS LTD,M7037810,4.17000,5204
84415,20050415,BPHX,BLUEPHOENIX SOLUTIONS LTD,M7037810,4.47000,2351
84415,20050418,BPHX,BLUEPHOENIX SOLUTIONS LTD,M7037810,4.20000,480
84415,20050419,BPHX,BLUEPHOENIX SOLUTIONS LTD,M7037810,4.21000,725
84415,20050420,BPHX,BLUEPHOENIX SOLUTIONS LTD,M7037810,-4.26000,0
84415,20050421,BPHX,BLUEPHOENIX SOLUTIONS LTD,M7037810,4.35000,2500
84415,20050422,BPHX,BLUEPHOENIX SOLUTIONS LTD,M7037810,4.20000,600
84415,20050425,BPHX,BLUEPHOENIX SOLUTIONS LTD,M7037810,4.20000,7588
84415,20050426,BPHX,BLUEPHOENIX SOLUTIONS LTD,M7037810,4.10000,5000
84415,20050427,BPHX,BLUEPHOENIX SOLUTIONS LTD,M7037810,4.05000,2500
84415,20050428,BPHX,BLUEPHOENIX SOLUTIONS LTD,M7037810,4.20000,11700
84415,20050429,BPHX,BLUEPHOENIX SOLUTIONS LTD,M7037810,4.16000,2500
84415,20050502,BPHX,BLUEPHOENIX SOLUTIONS LTD,M7037810,-4.23500,0
84415,20050503,BPHX,BLUEPHOENIX SOLUTIONS LTD,M7037810,4.06000,4072
84415,20050504,BPHX,BLUEPHOENIX SOLUTIONS LTD,M7037810,4.05000,2600
84415,20050505,BPHX,BLUEPHOENIX SOLUTIONS LTD,M7037810,4.05000,1385
84415,20050506,BPHX,BLUEPHOENIX SOLUTIONS LTD,M7037810,-4.13500,0
84415,20050509,BPHX,BLUEPHOENIX SOLUTIONS LTD,M7037810,4.10000,5920
84415,20050510,BPHX,BLUEPHOENIX SOLUTIONS LTD,M7037810,4.18000,1700
84415,20050511,BPHX,BLUEPHOENIX SOLUTIONS LTD,M7037810,4.17000,2020
84415,20050512,BPHX,BLUEPHOENIX SOLUTIONS LTD,M7037810,-4.07500,0
84415,20050513,BPHX,BLUEPHOENIX SOLUTIONS LTD,M7037810,4.49000,7730
84415,20050516,BPHX,BLUEPHOENIX SOLUTIONS LTD,M7037810,-4.27500,0
84415,20050517,BPHX,BLUEPHOENIX SOLUTIONS LTD,M7037810,4.30000,2000
84415,20050518,BPHX,BLUEPHOENIX SOLUTIONS LTD,M7037810,-4.19500,0
84415,20050519,BPHX,BLUEPHOENIX SOLUTIONS LTD,M7037810,4.15000,2100
84415,20050520,BPHX,BLUEPHOENIX SOLUTIONS LTD,M7037810,4.15000,3500
84415,20050523,BPHX,BLUEPHOENIX SOLUTIONS LTD,M7037810,4.05000,3100
84415,20050524,BPHX,BLUEPHOENIX SOLUTIONS LTD,M7037810,4.02000,468
84415,20050525,BPHX,BLUEPHOENIX SOLUTIONS LTD,M7037810,-4.07500,0
84415,20050526,BPHX,BLUEPHOENIX SOLUTIONS LTD,M7037810,4.00000,1009
84415,20050527,BPHX,BLUEPHOENIX SOLUTIONS LTD,M7037810,-4.05000,0
84415,20050531,BPHX,BLUEPHOENIX SOLUTIONS LTD,M7037810,3.99000,5151
84415,20050601,BPHX,BLUEPHOENIX SOLUTIONS LTD,M7037810,3.99000,400
84415,20050602,BPHX,BLUEPHOENIX SOLUTIONS LTD,M7037810,4.00000,13345
84415,20050603,BPHX,BLUEPHOENIX SOLUTIONS LTD,M7037810,3.98000,3548
84415,20050606,BPHX,BLUEPHOENIX SOLUTIONS LTD,M7037810,3.98000,8748
84415,20050607,BPHX,BLUEPHOENIX SOLUTIONS LTD,M7037810,3.95000,900
84415,20050608,BPHX,BLUEPHOENIX SOLUTIONS LTD,M7037810,-3.93500,0
84415,20050609,BPHX,BLUEPHOENIX SOLUTIONS LTD,M7037810,3.95000,1150
84415,20050610,BPHX,BLUEPHOENIX SOLUTIONS LTD,M7037810,3.95000,500
84415,20050613,BPHX,BLUEPHOENIX SOLUTIONS LTD,M7037810,3.91000,300
84415,20050614,BPHX,BLUEPHOENIX SOLUTIONS LTD,M7037810,4.00000,759
84415,20050615,BPHX,BLUEPHOENIX SOLUTIONS LTD,M7037810,-4.07000,0
84415,20050616,BPHX,BLUEPHOENIX SOLUTIONS LTD,M7037810,4.10000,1688
84415,20050617,BPHX,BLUEPHOENIX SOLUTIONS LTD,M7037810,4.13000,400
84415,20050620,BPHX,BLUEPHOENIX SOLUTIONS LTD,M7037810,4.30000,8100
84415,20050621,BPHX,BLUEPHOENIX SOLUTIONS LTD,M7037810,4.39000,4800
84415,20050622,BPHX,BLUEPHOENIX SOLUTIONS LTD,M7037810,4.39000,2025
84415,20050623,BPHX,BLUEPHOENIX SOLUTIONS LTD,M7037810,4.35000,2000
84415,20050624,BPHX,BLUEPHOENIX SOLUTIONS LTD,M7037810,4.39000,3925
84415,20050627,BPHX,BLUEPHOENIX SOLUTIONS LTD,M7037810,4.23000,1482
84415,20050628,BPHX,BLUEPHOENIX SOLUTIONS LTD,M7037810,4.19000,6718
84415,20050629,BPHX,BLUEPHOENIX SOLUTIONS LTD,M7037810,4.35000,3163
84415,20050630,BPHX,BLUEPHOENIX SOLUTIONS LTD,M7037810,4.36000,1000
84415,20050701,BPHX,BLUEPHOENIX SOLUTIONS LTD,M7037810,4.14000,300
84415,20050705,BPHX,BLUEPHOENIX SOLUTIONS LTD,M7037810,4.10000,1594
84415,20050706,BPHX,BLUEPHOENIX SOLUTIONS LTD,M7037810,4.20000,650
84415,20050707,BPHX,BLUEPHOENIX SOLUTIONS LTD,M7037810,-4.02500,0
84415,20050708,BPHX,BLUEPHOENIX SOLUTIONS LTD,M7037810,4.25000,3784
84415,20050711,BPHX,BLUEPHOENIX SOLUTIONS LTD,M7037810,4.00000,841
84415,20050712,BPHX,BLUEPHOENIX SOLUTIONS LTD,M7037810,-4.07500,0
84415,20050713,BPHX,BLUEPHOENIX SOLUTIONS LTD,M7037810,4.00000,300
84415,20050714,BPHX,BLUEPHOENIX SOLUTIONS LTD,M7037810,4.05000,3500
84415,20050715,BPHX,BLUEPHOENIX SOLUTIONS LTD,M7037810,4.00000,300
84415,20050718,BPHX,BLUEPHOENIX SOLUTIONS LTD,M7037810,4.00000,2262
84415,20050719,BPHX,BLUEPHOENIX SOLUTIONS LTD,M7037810,4.00000,100
84415,20050720,BPHX,BLUEPHOENIX SOLUTIONS LTD,M7037810,4.00000,900
84415,20050721,BPHX,BLUEPHOENIX SOLUTIONS LTD,M7037810,-4.00000,0
84415,20050722,BPHX,BLUEPHOENIX SOLUTIONS LTD,M7037810,-4.00000,0
84415,20050725,BPHX,BLUEPHOENIX SOLUTIONS LTD,M7037810,4.00000,7150
84415,20050726,BPHX,BLUEPHOENIX SOLUTIONS LTD,M7037810,4.00000,1265
84415,20050727,BPHX,BLUEPHOENIX SOLUTIONS LTD,M7037810,4.00000,1400
84415,20050728,BPHX,BLUEPHOENIX SOLUTIONS LTD,M7037810,3.85000,1750
84415,20050729,BPHX,BLUEPHOENIX SOLUTIONS LTD,M7037810,-4.05000,0
84415,20050801,BPHX,BLUEPHOENIX SOLUTIONS LTD,M7037810,-4.03500,0
84415,20050802,BPHX,BLUEPHOENIX SOLUTIONS LTD,M7037810,3.90000,18040
84415,20050803,BPHX,BLUEPHOENIX SOLUTIONS LTD,M7037810,4.00000,5200
84415,20050804,BPHX,BLUEPHOENIX SOLUTIONS LTD,M7037810,4.02000,2796
84415,20050805,BPHX,BLUEPHOENIX SOLUTIONS LTD,M7037810,4.14000,2675
84415,20050808,BPHX,BLUEPHOENIX SOLUTIONS LTD,M7037810,-4.08000,0
84415,20050809,BPHX,BLUEPHOENIX SOLUTIONS LTD,M7037810,4.13000,1242
84415,20050810,BPHX,BLUEPHOENIX SOLUTIONS LTD,M7037810,4.16000,1983
84415,20050811,BPHX,BLUEPHOENIX SOLUTIONS LTD,M7037810,4.03000,200
84415,20050812,BPHX,BLUEPHOENIX SOLUTIONS LTD,M7037810,3.90000,12662
84415,20050815,BPHX,BLUEPHOENIX SOLUTIONS LTD,M7037810,3.95000,5372
84415,20050816,BPHX,BLUEPHOENIX SOLUTIONS LTD,M7037810,3.90000,12100
84415,20050817,BPHX,BLUEPHOENIX SOLUTIONS LTD,M7037810,4.00000,3300
84415,20050818,BPHX,BLUEPHOENIX SOLUTIONS LTD,M7037810,-4.00500,0
84415,20050819,BPHX,BLUEPHOENIX SOLUTIONS LTD,M7037810,-4.02500,0
84415,20050822,BPHX,BLUEPHOENIX SOLUTIONS LTD,M7037810,4.00000,4802
84415,20050823,BPHX,BLUEPHOENIX SOLUTIONS LTD,M7037810,4.00000,2901
84415,20050824,BPHX,BLUEPHOENIX SOLUTIONS LTD,M7037810,4.00000,1599
84415,20050825,BPHX,BLUEPHOENIX SOLUTIONS LTD,M7037810,-3.88000,0
84415,20050826,BPHX,BLUEPHOENIX SOLUTIONS LTD,M7037810,-3.94500,0
84415,20050829,BPHX,BLUEPHOENIX SOLUTIONS LTD,M7037810,-3.88500,108000
84415,20050830,BPHX,BLUEPHOENIX SOLUTIONS LTD,M7037810,3.98000,2100
84415,20050831,BPHX,BLUEPHOENIX SOLUTIONS LTD,M7037810,3.85000,450
84415,20050901,BPHX,BLUEPHOENIX SOLUTIONS LTD,M7037810,4.00000,200
84415,20050902,BPHX,BLUEPHOENIX SOLUTIONS LTD,M7037810,4.00000,275
84415,20050906,BPHX,BLUEPHOENIX SOLUTIONS LTD,M7037810,3.87000,7400
84415,20050907,BPHX,BLUEPHOENIX SOLUTIONS LTD,M7037810,3.99000,1825
84415,20050908,BPHX,BLUEPHOENIX SOLUTIONS LTD,M7037810,4.00000,2275
84415,20050909,BPHX,BLUEPHOENIX SOLUTIONS LTD,M7037810,4.00000,1200
84415,20050912,BPHX,BLUEPHOENIX SOLUTIONS LTD,M7037810,4.09000,9783
84415,20050913,BPHX,BLUEPHOENIX SOLUTIONS LTD,M7037810,4.19000,6000
84415,20050914,BPHX,BLUEPHOENIX SOLUTIONS LTD,M7037810,4.20000,2426
84415,20050915,BPHX,BLUEPHOENIX SOLUTIONS LTD,M7037810,-4.10000,0
84415,20050916,BPHX,BLUEPHOENIX SOLUTIONS LTD,M7037810,4.20000,1500
84415,20050919,BPHX,BLUEPHOENIX SOLUTIONS LTD,M7037810,4.20000,4157
84415,20050920,BPHX,BLUEPHOENIX SOLUTIONS LTD,M7037810,-4.09500,0
84415,20050921,BPHX,BLUEPHOENIX SOLUTIONS LTD,M7037810,4.11000,5200
84415,20050922,BPHX,BLUEPHOENIX SOLUTIONS LTD,M7037810,4.19000,10904
84415,20050923,BPHX,BLUEPHOENIX SOLUTIONS LTD,M7037810,4.25000,600
84415,20050926,BPHX,BLUEPHOENIX SOLUTIONS LTD,M7037810,4.30000,1600
84415,20050927,BPHX,BLUEPHOENIX SOLUTIONS LTD,M7037810,4.28000,7400
84415,20050928,BPHX,BLUEPHOENIX SOLUTIONS LTD,M7037810,4.20000,520
84415,20050929,BPHX,BLUEPHOENIX SOLUTIONS LTD,M7037810,4.05010,1615
84415,20050930,BPHX,BLUEPHOENIX SOLUTIONS LTD,M7037810,4.29000,2400
84415,20051003,BPHX,BLUEPHOENIX SOLUTIONS LTD,M7037810,-4.18000,0
84415,20051004,BPHX,BLUEPHOENIX SOLUTIONS LTD,M7037810,4.30000,8801
84415,20051005,BPHX,BLUEPHOENIX SOLUTIONS LTD,M7037810,-4.10000,0
84415,20051006,BPHX,BLUEPHOENIX SOLUTIONS LTD,M7037810,-4.13000,0
84415,20051007,BPHX,BLUEPHOENIX SOLUTIONS LTD,M7037810,-4.13000,0
84415,20051010,BPHX,BLUEPHOENIX SOLUTIONS LTD,M7037810,3.92000,200
84415,20051011,BPHX,BLUEPHOENIX SOLUTIONS LTD,M7037810,4.14000,3802
84415,20051012,BPHX,BLUEPHOENIX SOLUTIONS LTD,M7037810,3.85000,321
84415,20051013,BPHX,BLUEPHOENIX SOLUTIONS LTD,M7037810,4.10000,450
84415,20051014,BPHX,BLUEPHOENIX SOLUTIONS LTD,M7037810,4.15000,2212
84415,20051017,BPHX,BLUEPHOENIX SOLUTIONS LTD,M7037810,3.90000,2990
84415,20051018,BPHX,BLUEPHOENIX SOLUTIONS LTD,M7037810,4.00000,1512
84415,20051019,BPHX,BLUEPHOENIX SOLUTIONS LTD,M7037810,4.10000,5005
84415,20051020,BPHX,BLUEPHOENIX SOLUTIONS LTD,M7037810,-4.06000,0
84415,20051021,BPHX,BLUEPHOENIX SOLUTIONS LTD,M7037810,-4.08500,0
84415,20051024,BPHX,BLUEPHOENIX SOLUTIONS LTD,M7037810,4.14000,600
84415,20051025,BPHX,BLUEPHOENIX SOLUTIONS LTD,M7037810,3.96000,1525
84415,20051026,BPHX,BLUEPHOENIX SOLUTIONS LTD,M7037810,-3.98000,0
84415,20051027,BPHX,BLUEPHOENIX SOLUTIONS LTD,M7037810,3.81000,2428
84415,20051028,BPHX,BLUEPHOENIX SOLUTIONS LTD,M7037810,4.00000,400
84415,20051031,BPHX,BLUEPHOENIX SOLUTIONS LTD,M7037810,4.00000,1100
84415,20051101,BPHX,BLUEPHOENIX SOLUTIONS LTD,M7037810,3.90000,2300
84415,20051102,BPHX,BLUEPHOENIX SOLUTIONS LTD,M7037810,4.00000,1000
84415,20051103,BPHX,BLUEPHOENIX SOLUTIONS LTD,M7037810,3.90000,2538
84415,20051104,BPHX,BLUEPHOENIX SOLUTIONS LTD,M7037810,4.00000,1313
84415,20051107,BPHX,BLUEPHOENIX SOLUTIONS LTD,M7037810,4.00000,2570
84415,20051108,BPHX,BLUEPHOENIX SOLUTIONS LTD,M7037810,4.04000,800
84415,20051109,BPHX,BLUEPHOENIX SOLUTIONS LTD,M7037810,4.00000,2698
84415,20051110,BPHX,BLUEPHOENIX SOLUTIONS LTD,M7037810,4.09000,1000
84415,20051111,BPHX,BLUEPHOENIX SOLUTIONS LTD,M7037810,3.85000,500
84415,20051114,BPHX,BLUEPHOENIX SOLUTIONS LTD,M7037810,4.10000,10056
84415,20051115,BPHX,BLUEPHOENIX SOLUTIONS LTD,M7037810,4.10000,1924
84415,20051116,BPHX,BLUEPHOENIX SOLUTIONS LTD,M7037810,4.09000,1200
84415,20051117,BPHX,BLUEPHOENIX SOLUTIONS LTD,M7037810,4.08000,1500
84415,20051118,BPHX,BLUEPHOENIX SOLUTIONS LTD,M7037810,4.09000,1900
84415,20051121,BPHX,BLUEPHOENIX SOLUTIONS LTD,M7037810,4.10000,1706
84415,20051122,BPHX,BLUEPHOENIX SOLUTIONS LTD,M7037810,3.93850,100
84415,20051123,BPHX,BLUEPHOENIX SOLUTIONS LTD,M7037810,4.09000,3600
84415,20051125,BPHX,BLUEPHOENIX SOLUTIONS LTD,M7037810,-4.00500,0
84415,20051128,BPHX,BLUEPHOENIX SOLUTIONS LTD,M7037810,4.09000,2500
84415,20051129,BPHX,BLUEPHOENIX SOLUTIONS LTD,M7037810,3.94000,2473
84415,20051130,BPHX,BLUEPHOENIX SOLUTIONS LTD,M7037810,4.00000,1300
84415,20051201,BPHX,BLUEPHOENIX SOLUTIONS LTD,M7037810,4.00000,1500
84415,20051202,BPHX,BLUEPHOENIX SOLUTIONS LTD,M7037810,4.10000,2353
84415,20051205,BPHX,BLUEPHOENIX SOLUTIONS LTD,M7037810,4.14000,2123
84415,20051206,BPHX,BLUEPHOENIX SOLUTIONS LTD,M7037810,4.14000,1355
84415,20051207,BPHX,BLUEPHOENIX SOLUTIONS LTD,M7037810,4.15000,17757
84415,20051208,BPHX,BLUEPHOENIX SOLUTIONS LTD,M7037810,4.20000,3600
84415,20051209,BPHX,BLUEPHOENIX SOLUTIONS LTD,M7037810,4.10000,1505
84415,20051212,BPHX,BLUEPHOENIX SOLUTIONS LTD,M7037810,4.10000,5600
84415,20051213,BPHX,BLUEPHOENIX SOLUTIONS LTD,M7037810,-3.96000,0
84415,20051214,BPHX,BLUEPHOENIX SOLUTIONS LTD,M7037810,3.90000,2495
84415,20051215,BPHX,BLUEPHOENIX SOLUTIONS LTD,M7037810,4.09000,4350
84415,20051216,BPHX,BLUEPHOENIX SOLUTIONS LTD,M7037810,4.05000,2775
84415,20051219,BPHX,BLUEPHOENIX SOLUTIONS LTD,M7037810,3.95000,9103
84415,20051220,BPHX,BLUEPHOENIX SOLUTIONS LTD,M7037810,4.00000,1925
84415,20051221,BPHX,BLUEPHOENIX SOLUTIONS LTD,M7037810,4.00000,9950
84415,20051222,BPHX,BLUEPHOENIX SOLUTIONS LTD,M7037810,4.04000,8294
84415,20051223,BPHX,BLUEPHOENIX SOLUTIONS LTD,M7037810,3.92000,2100
84415,20051227,BPHX,BLUEPHOENIX SOLUTIONS LTD,M7037810,3.95000,7498
84415,20051228,BPHX,BLUEPHOENIX SOLUTIONS LTD,M7037810,3.95000,3300
84415,20051229,BPHX,BLUEPHOENIX SOLUTIONS LTD,M7037810,4.10000,5250
84415,20051230,BPHX,BLUEPHOENIX SOLUTIONS LTD,M7037810,4.08000,5700
84415,20060103,BPHX,BLUEPHOENIX SOLUTIONS LTD,M7037810,3.85000,1462
84415,20060104,BPHX,BLUEPHOENIX SOLUTIONS LTD,M7037810,3.86000,1750
84415,20060105,BPHX,BLUEPHOENIX SOLUTIONS LTD,M7037810,4.01000,3200
84415,20060106,BPHX,BLUEPHOENIX SOLUTIONS LTD,M7037810,-3.99500,0
84415,20060109,BPHX,BLUEPHOENIX SOLUTIONS LTD,M7037810,4.00000,2150
84415,20060110,BPHX,BLUEPHOENIX SOLUTIONS LTD,M7037810,4.00000,86800
84415,20060111,BPHX,BLUEPHOENIX SOLUTIONS LTD,M7037810,4.05000,14790
84415,20060112,BPHX,BLUEPHOENIX SOLUTIONS LTD,M7037810,-4.05500,0
84415,20060113,BPHX,BLUEPHOENIX SOLUTIONS LTD,M7037810,4.10000,100
84415,20060117,BPHX,BLUEPHOENIX SOLUTIONS LTD,M7037810,4.05000,20508
84415,20060118,BPHX,BLUEPHOENIX SOLUTIONS LTD,M7037810,4.05000,3550
84415,20060119,BPHX,BLUEPHOENIX SOLUTIONS LTD,M7037810,4.28000,33660
84415,20060120,BPHX,BLUEPHOENIX SOLUTIONS LTD,M7037810,4.15000,13746
84415,20060123,BPHX,BLUEPHOENIX SOLUTIONS LTD,M7037810,4.19000,1100
84415,20060124,BPHX,BLUEPHOENIX SOLUTIONS LTD,M7037810,4.31000,6500
84415,20060125,BPHX,BLUEPHOENIX SOLUTIONS LTD,M7037810,4.10000,2986
84415,20060126,BPHX,BLUEPHOENIX SOLUTIONS LTD,M7037810,4.25000,2300
84415,20060127,BPHX,BLUEPHOENIX SOLUTIONS LTD,M7037810,4.31000,100
84415,20060130,BPHX,BLUEPHOENIX SOLUTIONS LTD,M7037810,4.25000,7489
84415,20060131,BPHX,BLUEPHOENIX SOLUTIONS LTD,M7037810,4.10000,5742
84415,20060201,BPHX,BLUEPHOENIX SOLUTIONS LTD,M7037810,4.20000,1373
84415,20060202,BPHX,BLUEPHOENIX SOLUTIONS LTD,M7037810,4.20000,6215
84415,20060203,BPHX,BLUEPHOENIX SOLUTIONS LTD,M7037810,4.20000,2600
84415,20060206,BPHX,BLUEPHOENIX SOLUTIONS LTD,M7037810,4.19950,3000
84415,20060207,BPHX,BLUEPHOENIX SOLUTIONS LTD,M7037810,4.18000,11711
84415,20060208,BPHX,BLUEPHOENIX SOLUTIONS LTD,M7037810,4.20000,4080
84415,20060209,BPHX,BLUEPHOENIX SOLUTIONS LTD,M7037810,5.15000,104495
84415,20060210,BPHX,BLUEPHOENIX SOLUTIONS LTD,M7037810,4.98000,27878
84415,20060213,BPHX,BLUEPHOENIX SOLUTIONS LTD,M7037810,4.85000,32662
84415,20060214,BPHX,BLUEPHOENIX SOLUTIONS LTD,M7037810,4.85000,15434
84415,20060215,BPHX,BLUEPHOENIX SOLUTIONS LTD,M7037810,4.60000,29925
84415,20060216,BPHX,BLUEPHOENIX SOLUTIONS LTD,M7037810,4.65000,7835
84415,20060217,BPHX,BLUEPHOENIX SOLUTIONS LTD,M7037810,4.82000,9120
84415,20060221,BPHX,BLUEPHOENIX SOLUTIONS LTD,M7037810,4.85000,23016
84415,20060222,BPHX,BLUEPHOENIX SOLUTIONS LTD,M7037810,4.60000,3161
84415,20060223,BPHX,BLUEPHOENIX SOLUTIONS LTD,M7037810,4.67000,2500
84415,20060224,BPHX,BLUEPHOENIX SOLUTIONS LTD,M7037810,4.80000,18912
84415,20060227,BPHX,BLUEPHOENIX SOLUTIONS LTD,M7037810,4.69000,14284
84415,20060228,BPHX,BLUEPHOENIX SOLUTIONS LTD,M7037810,4.90000,28618
84415,20060301,BPHX,BLUEPHOENIX SOLUTIONS LTD,M7037810,4.69000,8621
84415,20060302,BPHX,BLUEPHOENIX SOLUTIONS LTD,M7037810,4.60000,500
84415,20060303,BPHX,BLUEPHOENIX SOLUTIONS LTD,M7037810,5.23000,78856
84415,20060306,BPHX,BLUEPHOENIX SOLUTIONS LTD,M7037810,4.82000,37313
84415,20060307,BPHX,BLUEPHOENIX SOLUTIONS LTD,M7037810,4.80000,2463
84415,20060308,BPHX,BLUEPHOENIX SOLUTIONS LTD,M7037810,5.00000,74506
84415,20060309,BPHX,BLUEPHOENIX SOLUTIONS LTD,M7037810,4.88000,44090
84415,20060310,BPHX,BLUEPHOENIX SOLUTIONS LTD,M7037810,5.00000,3667
84415,20060313,BPHX,BLUEPHOENIX SOLUTIONS LTD,M7037810,5.00000,2400
84415,20060314,BPHX,BLUEPHOENIX SOLUTIONS LTD,M7037810,5.00000,7670
84415,20060315,BPHX,BLUEPHOENIX SOLUTIONS LTD,M7037810,4.73000,2397
84415,20060316,BPHX,BLUEPHOENIX SOLUTIONS LTD,M7037810,4.60000,25090
84415,20060317,BPHX,BLUEPHOENIX SOLUTIONS LTD,M7037810,4.75000,1000
84415,20060320,BPHX,BLUEPHOENIX SOLUTIONS LTD,M7037810,4.78000,611
84415,20060321,BPHX,BLUEPHOENIX SOLUTIONS LTD,M7037810,4.80000,2084
84415,20060322,BPHX,BLUEPHOENIX SOLUTIONS LTD,M7037810,5.00000,7393
84415,20060323,BPHX,BLUEPHOENIX SOLUTIONS LTD,M7037810,5.00000,6075
84415,20060324,BPHX,BLUEPHOENIX SOLUTIONS LTD,M7037810,5.00000,3300
84415,20060327,BPHX,BLUEPHOENIX SOLUTIONS LTD,M7037810,4.82000,4280
84415,20060328,BPHX,BLUEPHOENIX SOLUTIONS LTD,M7037810,4.90000,500
84415,20060329,BPHX,BLUEPHOENIX SOLUTIONS LTD,M7037810,5.00000,3055
84415,20060330,BPHX,BLUEPHOENIX SOLUTIONS LTD,M7037810,4.75000,3978
84415,20060331,BPHX,BLUEPHOENIX SOLUTIONS LTD,M7037810,5.00000,2000
84415,20060403,BPHX,BLUEPHOENIX SOLUTIONS LTD,M7037810,5.00000,3803
84415,20060404,BPHX,BLUEPHOENIX SOLUTIONS LTD,M7037810,5.15000,6333
84415,20060405,BPHX,BLUEPHOENIX SOLUTIONS LTD,M7037810,5.00000,4700
84415,20060406,BPHX,BLUEPHOENIX SOLUTIONS LTD,M7037810,5.00000,11300
84415,20060407,BPHX,BLUEPHOENIX SOLUTIONS LTD,M7037810,5.13000,2400
84415,20060410,BPHX,BLUEPHOENIX SOLUTIONS LTD,M7037810,5.01000,19128
84415,20060411,BPHX,BLUEPHOENIX SOLUTIONS LTD,M7037810,5.10000,1600
84415,20060412,BPHX,BLUEPHOENIX SOLUTIONS LTD,M7037810,5.10000,3250
84415,20060413,BPHX,BLUEPHOENIX SOLUTIONS LTD,M7037810,5.05000,1086
84415,20060417,BPHX,BLUEPHOENIX SOLUTIONS LTD,M7037810,5.45000,56778
84415,20060418,BPHX,BLUEPHOENIX SOLUTIONS LTD,M7037810,5.49000,20293
84415,20060419,BPHX,BLUEPHOENIX SOLUTIONS LTD,M7037810,5.45000,67141
84415,20060420,BPHX,BLUEPHOENIX SOLUTIONS LTD,M7037810,5.45000,9373
84415,20060421,BPHX,BLUEPHOENIX SOLUTIONS LTD,M7037810,5.40000,52621
84415,20060424,BPHX,BLUEPHOENIX SOLUTIONS LTD,M7037810,5.40000,8800
84415,20060425,BPHX,BLUEPHOENIX SOLUTIONS LTD,M7037810,5.40000,25176
84415,20060426,BPHX,BLUEPHOENIX SOLUTIONS LTD,M7037810,5.37000,7645
84415,20060427,BPHX,BLUEPHOENIX SOLUTIONS LTD,M7037810,5.39000,12415
84415,20060428,BPHX,BLUEPHOENIX SOLUTIONS LTD,M7037810,5.27000,2855
84415,20060501,BPHX,BLUEPHOENIX SOLUTIONS LTD,M7037810,5.45000,9038
84415,20060502,BPHX,BLUEPHOENIX SOLUTIONS LTD,M7037810,5.50000,17300
84415,20060503,BPHX,BLUEPHOENIX SOLUTIONS LTD,M7037810,5.40000,12600
84415,20060504,BPHX,BLUEPHOENIX SOLUTIONS LTD,M7037810,5.48000,4100
84415,20060505,BPHX,BLUEPHOENIX SOLUTIONS LTD,M7037810,5.45000,9900
84415,20060508,BPHX,BLUEPHOENIX SOLUTIONS LTD,M7037810,5.40000,9475
84415,20060509,BPHX,BLUEPHOENIX SOLUTIONS LTD,M7037810,5.50000,850
84415,20060510,BPHX,BLUEPHOENIX SOLUTIONS LTD,M7037810,5.50000,3900
84415,20060511,BPHX,BLUEPHOENIX SOLUTIONS LTD,M7037810,5.51000,34038
84415,20060512,BPHX,BLUEPHOENIX SOLUTIONS LTD,M7037810,5.61000,105100
84415,20060515,BPHX,BLUEPHOENIX SOLUTIONS LTD,M7037810,5.47000,5300
84415,20060516,BPHX,BLUEPHOENIX SOLUTIONS LTD,M7037810,5.33000,22236
84415,20060517,BPHX,BLUEPHOENIX SOLUTIONS LTD,M7037810,5.28000,9700
84415,20060518,BPHX,BLUEPHOENIX SOLUTIONS LTD,M7037810,5.33000,18550
84415,20060519,BPHX,BLUEPHOENIX SOLUTIONS LTD,M7037810,5.22000,12815
84415,20060522,BPHX,BLUEPHOENIX SOLUTIONS LTD,M7037810,5.21000,8100
84415,20060523,BPHX,BLUEPHOENIX SOLUTIONS LTD,M7037810,5.30000,1800
84415,20060524,BPHX,BLUEPHOENIX SOLUTIONS LTD,M7037810,5.30000,4628
84415,20060525,BPHX,BLUEPHOENIX SOLUTIONS LTD,M7037810,5.28000,3150
84415,20060526,BPHX,BLUEPHOENIX SOLUTIONS LTD,M7037810,5.20000,18661
84415,20060530,BPHX,BLUEPHOENIX SOLUTIONS LTD,M7037810,5.20000,3558
84415,20060531,BPHX,BLUEPHOENIX SOLUTIONS LTD,M7037810,5.25000,15585
84415,20060601,BPHX,BLUEPHOENIX SOLUTIONS LTD,M7037810,-5.20500,0
84415,20060602,BPHX,BLUEPHOENIX SOLUTIONS LTD,M7037810,5.20000,500
84415,20060605,BPHX,BLUEPHOENIX SOLUTIONS LTD,M7037810,5.20000,3462
84415,20060606,BPHX,BLUEPHOENIX SOLUTIONS LTD,M7037810,5.15000,700
84415,20060607,BPHX,BLUEPHOENIX SOLUTIONS LTD,M7037810,-5.18000,0
84415,20060608,BPHX,BLUEPHOENIX SOLUTIONS LTD,M7037810,5.10000,1000
84415,20060609,BPHX,BLUEPHOENIX SOLUTIONS LTD,M7037810,5.08000,870
84415,20060612,BPHX,BLUEPHOENIX SOLUTIONS LTD,M7037810,5.05000,7700
84415,20060613,BPHX,BLUEPHOENIX SOLUTIONS LTD,M7037810,5.00000,15978
84415,20060614,BPHX,BLUEPHOENIX SOLUTIONS LTD,M7037810,-4.98000,0
84415,20060615,BPHX,BLUEPHOENIX SOLUTIONS LTD,M7037810,4.90000,960
84415,20060616,BPHX,BLUEPHOENIX SOLUTIONS LTD,M7037810,5.20000,263241
84415,20060619,BPHX,BLUEPHOENIX SOLUTIONS LTD,M7037810,5.19000,8592
84415,20060620,BPHX,BLUEPHOENIX SOLUTIONS LTD,M7037810,5.25000,10500
84415,20060621,BPHX,BLUEPHOENIX SOLUTIONS LTD,M7037810,5.05000,1200
84415,20060622,BPHX,BLUEPHOENIX SOLUTIONS LTD,M7037810,5.20000,21094
84415,20060623,BPHX,BLUEPHOENIX SOLUTIONS LTD,M7037810,5.30000,29700
84415,20060626,BPHX,BLUEPHOENIX SOLUTIONS LTD,M7037810,5.17000,6017
84415,20060627,BPHX,BLUEPHOENIX SOLUTIONS LTD,M7037810,5.29000,46350
84415,20060628,BPHX,BLUEPHOENIX SOLUTIONS LTD,M7037810,5.30000,1200
84415,20060629,BPHX,BLUEPHOENIX SOLUTIONS LTD,M7037810,5.21000,1100
84415,20060630,BPHX,BLUEPHOENIX SOLUTIONS LTD,M7037810,5.15000,3990
84415,20060703,BPHX,BLUEPHOENIX SOLUTIONS LTD,M7037810,5.29000,3500
84415,20060705,BPHX,BLUEPHOENIX SOLUTIONS LTD,M7037810,5.30000,4625
84415,20060706,BPHX,BLUEPHOENIX SOLUTIONS LTD,M7037810,5.12000,3201
84415,20060707,BPHX,BLUEPHOENIX SOLUTIONS LTD,M7037810,-5.30000,0
84415,20060710,BPHX,BLUEPHOENIX SOLUTIONS LTD,M7037810,5.32000,3650
84415,20060711,BPHX,BLUEPHOENIX SOLUTIONS LTD,M7037810,5.30000,2250
84415,20060712,BPHX,BLUEPHOENIX SOLUTIONS LTD,M7037810,5.16800,1100
84415,20060713,BPHX,BLUEPHOENIX SOLUTIONS LTD,M7037810,5.23000,10111
84415,20060714,BPHX,BLUEPHOENIX SOLUTIONS LTD,M7037810,-5.17500,0
84415,20060717,BPHX,BLUEPHOENIX SOLUTIONS LTD,M7037810,5.29000,3690
84415,20060718,BPHX,BLUEPHOENIX SOLUTIONS LTD,M7037810,5.20000,500
84415,20060719,BPHX,BLUEPHOENIX SOLUTIONS LTD,M7037810,5.29000,100
84415,20060720,BPHX,BLUEPHOENIX SOLUTIONS LTD,M7037810,-5.27000,0
84415,20060721,BPHX,BLUEPHOENIX SOLUTIONS LTD,M7037810,5.30000,1775
84415,20060724,BPHX,BLUEPHOENIX SOLUTIONS LTD,M7037810,5.11000,377
84415,20060725,BPHX,BLUEPHOENIX SOLUTIONS LTD,M7037810,5.24000,500
84415,20060726,BPHX,BLUEPHOENIX SOLUTIONS LTD,M7037810,5.21000,1807
84415,20060727,BPHX,BLUEPHOENIX SOLUTIONS LTD,M7037810,5.16080,300
84415,20060728,BPHX,BLUEPHOENIX SOLUTIONS LTD,M7037810,5.15000,1400
84415,20060731,BPHX,BLUEPHOENIX SOLUTIONS LTD,M7037810,5.20000,1750
84415,20060801,BPHX,BLUEPHOENIX SOLUTIONS LTD,M7037810,5.21000,10186
84415,20060802,BPHX,BLUEPHOENIX SOLUTIONS LTD,M7037810,5.25000,11477
84415,20060803,BPHX,BLUEPHOENIX SOLUTIONS LTD,M7037810,5.26000,4000
84415,20060804,BPHX,BLUEPHOENIX SOLUTIONS LTD,M7037810,5.26000,700
84415,20060807,BPHX,BLUEPHOENIX SOLUTIONS LTD,M7037810,5.12000,8857
84415,20060808,BPHX,BLUEPHOENIX SOLUTIONS LTD,M7037810,5.11000,5592
84415,20060809,BPHX,BLUEPHOENIX SOLUTIONS LTD,M7037810,4.86000,36579
84415,20060810,BPHX,BLUEPHOENIX SOLUTIONS LTD,M7037810,4.71000,28075
84415,20060811,BPHX,BLUEPHOENIX SOLUTIONS LTD,M7037810,4.64000,19663
84415,20060814,BPHX,BLUEPHOENIX SOLUTIONS LTD,M7037810,4.79000,1700
84415,20060815,BPHX,BLUEPHOENIX SOLUTIONS LTD,M7037810,4.60000,12700
84415,20060816,BPHX,BLUEPHOENIX SOLUTIONS LTD,M7037810,4.60000,3850
84415,20060817,BPHX,BLUEPHOENIX SOLUTIONS LTD,M7037810,4.72000,3879
84415,20060818,BPHX,BLUEPHOENIX SOLUTIONS LTD,M7037810,4.79000,1925
84415,20060821,BPHX,BLUEPHOENIX SOLUTIONS LTD,M7037810,5.40000,62383
84415,20060822,BPHX,BLUEPHOENIX SOLUTIONS LTD,M7037810,5.70000,150195
84415,20060823,BPHX,BLUEPHOENIX SOLUTIONS LTD,M7037810,5.42000,56783
84415,20060824,BPHX,BLUEPHOENIX SOLUTIONS LTD,M7037810,5.52000,4475
84415,20060825,BPHX,BLUEPHOENIX SOLUTIONS LTD,M7037810,5.50000,2735
84415,20060828,BPHX,BLUEPHOENIX SOLUTIONS LTD,M7037810,5.45000,9600
84415,20060829,BPHX,BLUEPHOENIX SOLUTIONS LTD,M7037810,5.50000,2500
84415,20060830,BPHX,BLUEPHOENIX SOLUTIONS LTD,M7037810,5.59000,8329
84415,20060831,BPHX,BLUEPHOENIX SOLUTIONS LTD,M7037810,-5.50000,0
84415,20060901,BPHX,BLUEPHOENIX SOLUTIONS LTD,M7037810,5.64000,500
84415,20060905,BPHX,BLUEPHOENIX SOLUTIONS LTD,M7037810,5.50000,3504
84415,20060906,BPHX,BLUEPHOENIX SOLUTIONS LTD,M7037810,5.43010,150
84415,20060907,BPHX,BLUEPHOENIX SOLUTIONS LTD,M7037810,5.65000,2961
84415,20060908,BPHX,BLUEPHOENIX SOLUTIONS LTD,M7037810,5.63000,1300
84415,20060911,BPHX,BLUEPHOENIX SOLUTIONS LTD,M7037810,5.65000,506
84415,20060912,BPHX,BLUEPHOENIX SOLUTIONS LTD,M7037810,5.46000,2568
84415,20060913,BPHX,BLUEPHOENIX SOLUTIONS LTD,M7037810,5.26000,10205
84415,20060914,BPHX,BLUEPHOENIX SOLUTIONS LTD,M7037810,5.31100,100
84415,20060915,BPHX,BLUEPHOENIX SOLUTIONS LTD,M7037810,5.40000,1800
84415,20060918,BPHX,BLUEPHOENIX SOLUTIONS LTD,M7037810,5.34000,4121
84415,20060919,BPHX,BLUEPHOENIX SOLUTIONS LTD,M7037810,5.10000,7046
84415,20060920,BPHX,BLUEPHOENIX SOLUTIONS LTD,M7037810,5.17000,7398
84415,20060921,BPHX,BLUEPHOENIX SOLUTIONS LTD,M7037810,5.25000,1076
84415,20060922,BPHX,BLUEPHOENIX SOLUTIONS LTD,M7037810,5.06000,3603
84415,20060925,BPHX,BLUEPHOENIX SOLUTIONS LTD,M7037810,5.20000,1902
84415,20060926,BPHX,BLUEPHOENIX SOLUTIONS LTD,M7037810,5.34000,3900
84415,20060927,BPHX,BLUEPHOENIX SOLUTIONS LTD,M7037810,5.31000,3500
84415,20060928,BPHX,BLUEPHOENIX SOLUTIONS LTD,M7037810,5.15000,7700
84415,20060929,BPHX,BLUEPHOENIX SOLUTIONS LTD,M7037810,5.20000,4000
84415,20061002,BPHX,BLUEPHOENIX SOLUTIONS LTD,M7037810,-5.12500,35
84415,20061003,BPHX,BLUEPHOENIX SOLUTIONS LTD,M7037810,5.16000,7564
84415,20061004,BPHX,BLUEPHOENIX SOLUTIONS LTD,M7037810,5.26000,700
84415,20061005,BPHX,BLUEPHOENIX SOLUTIONS LTD,M7037810,5.45000,1100
84415,20061006,BPHX,BLUEPHOENIX SOLUTIONS LTD,M7037810,5.42200,450
84415,20061009,BPHX,BLUEPHOENIX SOLUTIONS LTD,M7037810,5.70000,20292
84415,20061010,BPHX,BLUEPHOENIX SOLUTIONS LTD,M7037810,5.85000,78870
84415,20061011,BPHX,BLUEPHOENIX SOLUTIONS LTD,M7037810,5.89000,20913
84415,20061012,BPHX,BLUEPHOENIX SOLUTIONS LTD,M7037810,5.84000,11157
84415,20061013,BPHX,BLUEPHOENIX SOLUTIONS LTD,M7037810,5.78000,1765
84415,20061016,BPHX,BLUEPHOENIX SOLUTIONS LTD,M7037810,5.65000,6080
84415,20061017,BPHX,BLUEPHOENIX SOLUTIONS LTD,M7037810,5.70000,20275
84415,20061018,BPHX,BLUEPHOENIX SOLUTIONS LTD,M7037810,5.57000,22774
84415,20061019,BPHX,BLUEPHOENIX SOLUTIONS LTD,M7037810,5.58000,16610
84415,20061020,BPHX,BLUEPHOENIX SOLUTIONS LTD,M7037810,5.48000,5700
84415,20061023,BPHX,BLUEPHOENIX SOLUTIONS LTD,M7037810,5.47000,1375
84415,20061024,BPHX,BLUEPHOENIX SOLUTIONS LTD,M7037810,5.35000,1695
84415,20061025,BPHX,BLUEPHOENIX SOLUTIONS LTD,M7037810,5.29000,12285
84415,20061026,BPHX,BLUEPHOENIX SOLUTIONS LTD,M7037810,5.30000,26354
84415,20061027,BPHX,BLUEPHOENIX SOLUTIONS LTD,M7037810,5.38000,10533
84415,20061030,BPHX,BLUEPHOENIX SOLUTIONS LTD,M7037810,5.38000,7931
84415,20061031,BPHX,BLUEPHOENIX SOLUTIONS LTD,M7037810,5.43000,19301
84415,20061101,BPHX,BLUEPHOENIX SOLUTIONS LTD,M7037810,5.47000,33958
84415,20061102,BPHX,BLUEPHOENIX SOLUTIONS LTD,M7037810,5.42000,13800
84415,20061103,BPHX,BLUEPHOENIX SOLUTIONS LTD,M7037810,5.59000,900
84415,20061106,BPHX,BLUEPHOENIX SOLUTIONS LTD,M7037810,5.59000,2250
84415,20061107,BPHX,BLUEPHOENIX SOLUTIONS LTD,M7037810,5.68000,10154
84415,20061108,BPHX,BLUEPHOENIX SOLUTIONS LTD,M7037810,5.59000,6485
84415,20061109,BPHX,BLUEPHOENIX SOLUTIONS LTD,M7037810,5.49010,9000
84415,20061110,BPHX,BLUEPHOENIX SOLUTIONS LTD,M7037810,5.43470,3300
84415,20061113,BPHX,BLUEPHOENIX SOLUTIONS LTD,M7037810,5.45000,25691
84415,20061114,BPHX,BLUEPHOENIX SOLUTIONS LTD,M7037810,5.75000,16258
84415,20061115,BPHX,BLUEPHOENIX SOLUTIONS LTD,M7037810,5.75000,18338
84415,20061116,BPHX,BLUEPHOENIX SOLUTIONS LTD,M7037810,5.75000,27563
84415,20061117,BPHX,BLUEPHOENIX SOLUTIONS LTD,M7037810,5.80000,10400
84415,20061120,BPHX,BLUEPHOENIX SOLUTIONS LTD,M7037810,5.50000,8555
84415,20061121,BPHX,BLUEPHOENIX SOLUTIONS LTD,M7037810,5.45000,9080
84415,20061122,BPHX,BLUEPHOENIX SOLUTIONS LTD,M7037810,5.72000,52700
84415,20061124,BPHX,BLUEPHOENIX SOLUTIONS LTD,M7037810,5.62000,7380
84415,20061127,BPHX,BLUEPHOENIX SOLUTIONS LTD,M7037810,5.56000,13635
84415,20061128,BPHX,BLUEPHOENIX SOLUTIONS LTD,M7037810,5.65000,32270
84415,20061129,BPHX,BLUEPHOENIX SOLUTIONS LTD,M7037810,5.45000,28950
84415,20061130,BPHX,BLUEPHOENIX SOLUTIONS LTD,M7037810,5.65000,26908
84415,20061201,BPHX,BLUEPHOENIX SOLUTIONS LTD,M7037810,5.26000,24128
84415,20061204,BPHX,BLUEPHOENIX SOLUTIONS LTD,M7037810,5.48000,34906
84415,20061205,BPHX,BLUEPHOENIX SOLUTIONS LTD,M7037810,5.45750,9900
84415,20061206,BPHX,BLUEPHOENIX SOLUTIONS LTD,M7037810,5.60000,4259
84415,20061207,BPHX,BLUEPHOENIX SOLUTIONS LTD,M7037810,5.43600,6100
84415,20061208,BPHX,BLUEPHOENIX SOLUTIONS LTD,M7037810,5.38000,18225
84415,20061211,BPHX,BLUEPHOENIX SOLUTIONS LTD,M7037810,5.36000,15373
84415,20061212,BPHX,BLUEPHOENIX SOLUTIONS LTD,M7037810,5.55000,13740
84415,20061213,BPHX,BLUEPHOENIX SOLUTIONS LTD,M7037810,5.55000,105108
84415,20061214,BPHX,BLUEPHOENIX SOLUTIONS LTD,M7037810,5.65000,38283
84415,20061215,BPHX,BLUEPHOENIX SOLUTIONS LTD,M7037810,5.74000,18448
84415,20061218,BPHX,BLUEPHOENIX SOLUTIONS LTD,M7037810,6.00000,102843
84415,20061219,BPHX,BLUEPHOENIX SOLUTIONS LTD,M7037810,6.02000,19034
84415,20061220,BPHX,BLUEPHOENIX SOLUTIONS LTD,M7037810,5.86000,31281
84415,20061221,BPHX,BLUEPHOENIX SOLUTIONS LTD,M7037810,5.86000,23650
84415,20061222,BPHX,BLUEPHOENIX SOLUTIONS LTD,M7037810,6.10000,14112
84415,20061226,BPHX,BLUEPHOENIX SOLUTIONS LTD,M7037810,6.45000,137687
84415,20061227,BPHX,BLUEPHOENIX SOLUTIONS LTD,M7037810,6.36000,154589
84415,20061228,BPHX,BLUEPHOENIX SOLUTIONS LTD,M7037810,6.42000,44773
84415,20061229,BPHX,BLUEPHOENIX SOLUTIONS LTD,M7037810,6.28000,27516
84415,20070103,BPHX,BLUEPHOENIX SOLUTIONS LTD,M7037810,6.48000,28765
84415,20070104,BPHX,BLUEPHOENIX SOLUTIONS LTD,M7037810,6.51000,21173
84415,20070105,BPHX,BLUEPHOENIX SOLUTIONS LTD,M7037810,6.11000,78149
84415,20070108,BPHX,BLUEPHOENIX SOLUTIONS LTD,M7037810,6.39000,61350
84415,20070109,BPHX,BLUEPHOENIX SOLUTIONS LTD,M7037810,6.50000,32119
84415,20070110,BPHX,BLUEPHOENIX SOLUTIONS LTD,M7037810,6.41000,30763
84415,20070111,BPHX,BLUEPHOENIX SOLUTIONS LTD,M7037810,6.34000,21227
84415,20070112,BPHX,BLUEPHOENIX SOLUTIONS LTD,M7037810,6.45000,14405
84415,20070116,BPHX,BLUEPHOENIX SOLUTIONS LTD,M7037810,6.45000,28133
84415,20070117,BPHX,BLUEPHOENIX SOLUTIONS LTD,M7037810,6.40000,16450
84415,20070118,BPHX,BLUEPHOENIX SOLUTIONS LTD,M7037810,6.45000,19770
84415,20070119,BPHX,BLUEPHOENIX SOLUTIONS LTD,M7037810,6.39000,41609
84415,20070122,BPHX,BLUEPHOENIX SOLUTIONS LTD,M7037810,5.94000,92000
84415,20070123,BPHX,BLUEPHOENIX SOLUTIONS LTD,M7037810,6.00000,47903
84415,20070124,BPHX,BLUEPHOENIX SOLUTIONS LTD,M7037810,5.99000,24500
84415,20070125,BPHX,BLUEPHOENIX SOLUTIONS LTD,M7037810,6.00000,7515
84415,20070126,BPHX,BLUEPHOENIX SOLUTIONS LTD,M7037810,5.99000,40585
84415,20070129,BPHX,BLUEPHOENIX SOLUTIONS LTD,M7037810,6.05000,19204
84415,20070130,BPHX,BLUEPHOENIX SOLUTIONS LTD,M7037810,6.08990,22314
84415,20070131,BPHX,BLUEPHOENIX SOLUTIONS LTD,M7037810,6.12000,46421
84415,20070201,BPHX,BLUEPHOENIX SOLUTIONS LTD,M7037810,6.07000,16510
84415,20070202,BPHX,BLUEPHOENIX SOLUTIONS LTD,M7037810,6.15000,14722
84415,20070205,BPHX,BLUEPHOENIX SOLUTIONS LTD,M7037810,6.27000,41347
84415,20070206,BPHX,BLUEPHOENIX SOLUTIONS LTD,M7037810,6.18000,12466
84415,20070207,BPHX,BLUEPHOENIX SOLUTIONS LTD,M7037810,6.14000,3669
84415,20070208,BPHX,BLUEPHOENIX SOLUTIONS LTD,M7037810,6.20000,40798
84415,20070209,BPHX,BLUEPHOENIX SOLUTIONS LTD,M7037810,6.09000,62501
84415,20070212,BPHX,BLUEPHOENIX SOLUTIONS LTD,M7037810,6.38000,64597
84415,20070213,BPHX,BLUEPHOENIX SOLUTIONS LTD,M7037810,6.27000,16381
84415,20070214,BPHX,BLUEPHOENIX SOLUTIONS LTD,M7037810,6.20000,36957
84415,20070215,BPHX,BLUEPHOENIX SOLUTIONS LTD,M7037810,6.20000,23380
84415,20070216,BPHX,BLUEPHOENIX SOLUTIONS LTD,M7037810,6.01000,55322
84415,20070220,BPHX,BLUEPHOENIX SOLUTIONS LTD,M7037810,6.08000,85207
84415,20070221,BPHX,BLUEPHOENIX SOLUTIONS LTD,M7037810,6.57580,142883
84415,20070222,BPHX,BLUEPHOENIX SOLUTIONS LTD,M7037810,6.55000,75776
84415,20070223,BPHX,BLUEPHOENIX SOLUTIONS LTD,M7037810,6.70000,113811
84415,20070226,BPHX,BLUEPHOENIX SOLUTIONS LTD,M7037810,7.10000,198422
84415,20070227,BPHX,BLUEPHOENIX SOLUTIONS LTD,M7037810,6.70000,418470
84415,20070228,BPHX,BLUEPHOENIX SOLUTIONS LTD,M7037810,6.64000,121458
84415,20070301,BPHX,BLUEPHOENIX SOLUTIONS LTD,M7037810,6.46000,103321
84415,20070302,BPHX,BLUEPHOENIX SOLUTIONS LTD,M7037810,6.57000,93175
84415,20070305,BPHX,BLUEPHOENIX SOLUTIONS LTD,M7037810,6.50000,157244
84415,20070306,BPHX,BLUEPHOENIX SOLUTIONS LTD,M7037810,6.67000,86798
84415,20070307,BPHX,BLUEPHOENIX SOLUTIONS LTD,M7037810,6.58000,21403
84415,20070308,BPHX,BLUEPHOENIX SOLUTIONS LTD,M7037810,6.63000,40840
84415,20070309,BPHX,BLUEPHOENIX SOLUTIONS LTD,M7037810,6.67000,22446
84415,20070312,BPHX,BLUEPHOENIX SOLUTIONS LTD,M7037810,6.89000,131721
84415,20070313,BPHX,BLUEPHOENIX SOLUTIONS LTD,M7037810,6.69630,67124
84415,20070314,BPHX,BLUEPHOENIX SOLUTIONS LTD,M7037810,6.56000,47386
84415,20070315,BPHX,BLUEPHOENIX SOLUTIONS LTD,M7037810,6.65000,24161
84415,20070316,BPHX,BLUEPHOENIX SOLUTIONS LTD,M7037810,6.51000,59510
84415,20070319,BPHX,BLUEPHOENIX SOLUTIONS LTD,M7037810,6.73000,94516
84415,20070320,BPHX,BLUEPHOENIX SOLUTIONS LTD,M7037810,6.84000,38261
84415,20070321,BPHX,BLUEPHOENIX SOLUTIONS LTD,M7037810,6.79000,31248
84415,20070322,BPHX,BLUEPHOENIX SOLUTIONS LTD,M7037810,6.92000,59728
84415,20070323,BPHX,BLUEPHOENIX SOLUTIONS LTD,M7037810,6.88000,32741
84415,20070326,BPHX,BLUEPHOENIX SOLUTIONS LTD,M7037810,6.71010,37392
84415,20070327,BPHX,BLUEPHOENIX SOLUTIONS LTD,M7037810,6.63000,8911
84415,20070328,BPHX,BLUEPHOENIX SOLUTIONS LTD,M7037810,6.70000,19155
84415,20070329,BPHX,BLUEPHOENIX SOLUTIONS LTD,M7037810,6.73000,26200
84415,20070330,BPHX,BLUEPHOENIX SOLUTIONS LTD,M7037810,6.80000,21512
84415,20070402,BPHX,BLUEPHOENIX SOLUTIONS LTD,M7037810,6.65000,40475
84415,20070403,BPHX,BLUEPHOENIX SOLUTIONS LTD,M7037810,6.75000,10702
84415,20070404,BPHX,BLUEPHOENIX SOLUTIONS LTD,M7037810,6.72000,19276
84415,20070405,BPHX,BLUEPHOENIX SOLUTIONS LTD,M7037810,6.62000,3980
84415,20070409,BPHX,BLUEPHOENIX SOLUTIONS LTD,M7037810,6.79000,30352
84415,20070410,BPHX,BLUEPHOENIX SOLUTIONS LTD,M7037810,6.78000,21865
84415,20070411,BPHX,BLUEPHOENIX SOLUTIONS LTD,M7037810,6.80000,21804
84415,20070412,BPHX,BLUEPHOENIX SOLUTIONS LTD,M7037810,6.70000,69098
84415,20070413,BPHX,BLUEPHOENIX SOLUTIONS LTD,M7037810,6.79000,53941
84415,20070416,BPHX,BLUEPHOENIX SOLUTIONS LTD,M7037810,6.80000,52051
84415,20070417,BPHX,BLUEPHOENIX SOLUTIONS LTD,M7037810,6.76000,8132
84415,20070418,BPHX,BLUEPHOENIX SOLUTIONS LTD,M7037810,6.92000,30438
84415,20070419,BPHX,BLUEPHOENIX SOLUTIONS LTD,M7037810,6.87000,30310
84415,20070420,BPHX,BLUEPHOENIX SOLUTIONS LTD,M7037810,6.93000,14540
84415,20070423,BPHX,BLUEPHOENIX SOLUTIONS LTD,M7037810,6.96000,123822
84415,20070424,BPHX,BLUEPHOENIX SOLUTIONS LTD,M7037810,7.51000,324931
84415,20070425,BPHX,BLUEPHOENIX SOLUTIONS LTD,M7037810,7.25000,67895
84415,20070426,BPHX,BLUEPHOENIX SOLUTIONS LTD,M7037810,7.25000,93431
84415,20070427,BPHX,BLUEPHOENIX SOLUTIONS LTD,M7037810,7.31000,33985
84415,20070430,BPHX,BLUEPHOENIX SOLUTIONS LTD,M7037810,7.32000,161706
84415,20070501,BPHX,BLUEPHOENIX SOLUTIONS LTD,M7037810,7.75000,147099
84415,20070502,BPHX,BLUEPHOENIX SOLUTIONS LTD,M7037810,7.72000,219840
84415,20070503,BPHX,BLUEPHOENIX SOLUTIONS LTD,M7037810,7.95000,113357
84415,20070504,BPHX,BLUEPHOENIX SOLUTIONS LTD,M7037810,8.09000,124399
84415,20070507,BPHX,BLUEPHOENIX SOLUTIONS LTD,M7037810,8.49000,238229
84415,20070508,BPHX,BLUEPHOENIX SOLUTIONS LTD,M7037810,8.49000,137219
84415,20070509,BPHX,BLUEPHOENIX SOLUTIONS LTD,M7037810,9.73000,1416478
84415,20070510,BPHX,BLUEPHOENIX SOLUTIONS LTD,M7037810,9.13000,496326
84415,20070511,BPHX,BLUEPHOENIX SOLUTIONS LTD,M7037810,9.10000,199167
84415,20070514,BPHX,BLUEPHOENIX SOLUTIONS LTD,M7037810,9.40000,585901
84415,20070515,BPHX,BLUEPHOENIX SOLUTIONS LTD,M7037810,9.22000,247890
84415,20070516,BPHX,BLUEPHOENIX SOLUTIONS LTD,M7037810,9.74000,392947
84415,20070517,BPHX,BLUEPHOENIX SOLUTIONS LTD,M7037810,10.42000,816470
84415,20070518,BPHX,BLUEPHOENIX SOLUTIONS LTD,M7037810,9.76000,339172
84415,20070521,BPHX,BLUEPHOENIX SOLUTIONS LTD,M7037810,9.97000,326657
84415,20070522,BPHX,BLUEPHOENIX SOLUTIONS LTD,M7037810,10.04000,111683
84415,20070523,BPHX,BLUEPHOENIX SOLUTIONS LTD,M7037810,10.45000,326180
84415,20070524,BPHX,BLUEPHOENIX SOLUTIONS LTD,M7037810,9.95000,602296
84415,20070525,BPHX,BLUEPHOENIX SOLUTIONS LTD,M7037810,9.89760,84962
84415,20070529,BPHX,BLUEPHOENIX SOLUTIONS LTD,M7037810,9.67000,224036
84415,20070530,BPHX,BLUEPHOENIX SOLUTIONS LTD,M7037810,9.74000,226694
84415,20070531,BPHX,BLUEPHOENIX SOLUTIONS LTD,M7037810,9.82500,135781
84415,20070601,BPHX,BLUEPHOENIX SOLUTIONS LTD,M7037810,9.70000,147757
84415,20070604,BPHX,BLUEPHOENIX SOLUTIONS LTD,M7037810,10.07000,293798
84415,20070605,BPHX,BLUEPHOENIX SOLUTIONS LTD,M7037810,10.09000,133442
84415,20070606,BPHX,BLUEPHOENIX SOLUTIONS LTD,M7037810,10.10000,154668
84415,20070607,BPHX,BLUEPHOENIX SOLUTIONS LTD,M7037810,9.92250,192495
84415,20070608,BPHX,BLUEPHOENIX SOLUTIONS LTD,M7037810,10.14000,96889
84415,20070611,BPHX,BLUEPHOENIX SOLUTIONS LTD,M7037810,9.88000,104015
84415,20070612,BPHX,BLUEPHOENIX SOLUTIONS LTD,M7037810,9.18000,191849
84415,20070613,BPHX,BLUEPHOENIX SOLUTIONS LTD,M7037810,9.37000,203317
84415,20070614,BPHX,BLUEPHOENIX SOLUTIONS LTD,M7037810,9.21000,64820
84415,20070615,BPHX,BLUEPHOENIX SOLUTIONS LTD,M7037810,8.79000,217212
84415,20070618,BPHX,BLUEPHOENIX SOLUTIONS LTD,M7037810,8.76000,1044731
84415,20070619,BPHX,BLUEPHOENIX SOLUTIONS LTD,M7037810,9.50000,710115
84415,20070620,BPHX,BLUEPHOENIX SOLUTIONS LTD,M7037810,10.20000,756747
84415,20070621,BPHX,BLUEPHOENIX SOLUTIONS LTD,M7037810,10.33000,557366
84415,20070622,BPHX,BLUEPHOENIX SOLUTIONS LTD,M7037810,10.87000,760382
84415,20070625,BPHX,BLUEPHOENIX SOLUTIONS LTD,M7037810,11.00000,796340
84415,20070626,BPHX,BLUEPHOENIX SOLUTIONS LTD,M7037810,11.62000,649753
84415,20070627,BPHX,BLUEPHOENIX SOLUTIONS LTD,M7037810,11.85000,507582
84415,20070628,BPHX,BLUEPHOENIX SOLUTIONS LTD,M7037810,11.48000,224365
84415,20070629,BPHX,BLUEPHOENIX SOLUTIONS LTD,M7037810,11.89000,619749
84415,20070702,BPHX,BLUEPHOENIX SOLUTIONS LTD,M7037810,12.29000,449803
84415,20070703,BPHX,BLUEPHOENIX SOLUTIONS LTD,M7037810,12.58000,611495
84415,20070705,BPHX,BLUEPHOENIX SOLUTIONS LTD,M7037810,13.12000,606817
84415,20070706,BPHX,BLUEPHOENIX SOLUTIONS LTD,M7037810,13.67000,544464
84415,20070709,BPHX,BLUEPHOENIX SOLUTIONS LTD,M7037810,13.83010,793698
84415,20070710,BPHX,BLUEPHOENIX SOLUTIONS LTD,M7037810,13.68000,378160
84415,20070711,BPHX,BLUEPHOENIX SOLUTIONS LTD,M7037810,13.76000,699227
84415,20070712,BPHX,BLUEPHOENIX SOLUTIONS LTD,M7037810,13.82000,700186
84415,20070713,BPHX,BLUEPHOENIX SOLUTIONS LTD,M7037810,13.69000,488342
84415,20070716,BPHX,BLUEPHOENIX SOLUTIONS LTD,M7037810,13.79000,526822
84415,20070717,BPHX,BLUEPHOENIX SOLUTIONS LTD,M7037810,14.36010,903501
84415,20070718,BPHX,BLUEPHOENIX SOLUTIONS LTD,M7037810,14.03000,591204
84415,20070719,BPHX,BLUEPHOENIX SOLUTIONS LTD,M7037810,14.02000,467708
84415,20070720,BPHX,BLUEPHOENIX SOLUTIONS LTD,M7037810,13.11000,451363
84415,20070723,BPHX,BLUEPHOENIX SOLUTIONS LTD,M7037810,12.82000,730499
84415,20070724,BPHX,BLUEPHOENIX SOLUTIONS LTD,M7037810,12.88000,659605
84415,20070725,BPHX,BLUEPHOENIX SOLUTIONS LTD,M7037810,12.59010,381779
84415,20070726,BPHX,BLUEPHOENIX SOLUTIONS LTD,M7037810,12.10000,375579
84415,20070727,BPHX,BLUEPHOENIX SOLUTIONS LTD,M7037810,11.93000,216009
84415,20070730,BPHX,BLUEPHOENIX SOLUTIONS LTD,M7037810,12.68000,697652
84415,20070731,BPHX,BLUEPHOENIX SOLUTIONS LTD,M7037810,11.86000,2741192
84415,20070801,BPHX,BLUEPHOENIX SOLUTIONS LTD,M7037810,11.30000,870537
84415,20070802,BPHX,BLUEPHOENIX SOLUTIONS LTD,M7037810,13.24000,1726173
84415,20070803,BPHX,BLUEPHOENIX SOLUTIONS LTD,M7037810,12.22000,620833
84415,20070806,BPHX,BLUEPHOENIX SOLUTIONS LTD,M7037810,12.03000,399345
84415,20070807,BPHX,BLUEPHOENIX SOLUTIONS LTD,M7037810,12.15000,539193
84415,20070808,BPHX,BLUEPHOENIX SOLUTIONS LTD,M7037810,12.17000,735772
84415,20070809,BPHX,BLUEPHOENIX SOLUTIONS LTD,M7037810,12.18000,368086
84415,20070810,BPHX,BLUEPHOENIX SOLUTIONS LTD,M7037810,12.12000,376176
84415,20070813,BPHX,BLUEPHOENIX SOLUTIONS LTD,M7037810,13.04000,563032
84415,20070814,BPHX,BLUEPHOENIX SOLUTIONS LTD,M7037810,12.58000,435598
84415,20070815,BPHX,BLUEPHOENIX SOLUTIONS LTD,M7037810,11.95000,326996
84415,20070816,BPHX,BLUEPHOENIX SOLUTIONS LTD,M7037810,11.59000,703848
84415,20070817,BPHX,BLUEPHOENIX SOLUTIONS LTD,M7037810,11.82000,299382
84415,20070820,BPHX,BLUEPHOENIX SOLUTIONS LTD,M7037810,12.38000,283890
84415,20070821,BPHX,BLUEPHOENIX SOLUTIONS LTD,M7037810,13.16000,624735
84415,20070822,BPHX,BLUEPHOENIX SOLUTIONS LTD,M7037810,13.90000,1156735
84415,20070823,BPHX,BLUEPHOENIX SOLUTIONS LTD,M7037810,13.35000,382597
84415,20070824,BPHX,BLUEPHOENIX SOLUTIONS LTD,M7037810,13.52900,320258
84415,20070827,BPHX,BLUEPHOENIX SOLUTIONS LTD,M7037810,14.66000,1389783
84415,20070828,BPHX,BLUEPHOENIX SOLUTIONS LTD,M7037810,13.95200,758987
84415,20070829,BPHX,BLUEPHOENIX SOLUTIONS LTD,M7037810,14.89000,740153
84415,20070830,BPHX,BLUEPHOENIX SOLUTIONS LTD,M7037810,15.33000,982870
84415,20070831,BPHX,BLUEPHOENIX SOLUTIONS LTD,M7037810,15.80000,662999
84415,20070904,BPHX,BLUEPHOENIX SOLUTIONS LTD,M7037810,16.21000,1395166
84415,20070905,BPHX,BLUEPHOENIX SOLUTIONS LTD,M7037810,16.27000,1159723
84415,20070906,BPHX,BLUEPHOENIX SOLUTIONS LTD,M7037810,15.69000,766243
84415,20070907,BPHX,BLUEPHOENIX SOLUTIONS LTD,M7037810,15.54000,555975
84415,20070910,BPHX,BLUEPHOENIX SOLUTIONS LTD,M7037810,15.67000,475081
84415,20070911,BPHX,BLUEPHOENIX SOLUTIONS LTD,M7037810,15.96000,289888
84415,20070912,BPHX,BLUEPHOENIX SOLUTIONS LTD,M7037810,16.61000,463136
84415,20070913,BPHX,BLUEPHOENIX SOLUTIONS LTD,M7037810,16.51000,138405
84415,20070914,BPHX,BLUEPHOENIX SOLUTIONS LTD,M7037810,16.53000,184748
84415,20070917,BPHX,BLUEPHOENIX SOLUTIONS LTD,M7037810,16.67000,350829
84415,20070918,BPHX,BLUEPHOENIX SOLUTIONS LTD,M7037810,17.44000,540096
84415,20070919,BPHX,BLUEPHOENIX SOLUTIONS LTD,M7037810,17.42010,652349
84415,20070920,BPHX,BLUEPHOENIX SOLUTIONS LTD,M7037810,17.70000,566968
84415,20070921,BPHX,BLUEPHOENIX SOLUTIONS LTD,M7037810,18.21000,417314
84415,20070924,BPHX,BLUEPHOENIX SOLUTIONS LTD,M7037810,17.78000,380233
84415,20070925,BPHX,BLUEPHOENIX SOLUTIONS LTD,M7037810,17.85000,240953
84415,20070926,BPHX,BLUEPHOENIX SOLUTIONS LTD,M7037810,17.89000,161965
84415,20070927,BPHX,BLUEPHOENIX SOLUTIONS LTD,M7037810,18.11000,268821
84415,20070928,BPHX,BLUEPHOENIX SOLUTIONS LTD,M7037810,18.41000,239330
84415,20071001,BPHX,BLUEPHOENIX SOLUTIONS LTD,M7037810,17.65100,411434
84415,20071002,BPHX,BLUEPHOENIX SOLUTIONS LTD,M7037810,17.83000,579287
84415,20071003,BPHX,BLUEPHOENIX SOLUTIONS LTD,M7037810,17.32000,208524
84415,20071004,BPHX,BLUEPHOENIX SOLUTIONS LTD,M7037810,16.98000,341486
84415,20071005,BPHX,BLUEPHOENIX SOLUTIONS LTD,M7037810,18.19000,349921
84415,20071008,BPHX,BLUEPHOENIX SOLUTIONS LTD,M7037810,18.13000,141598
84415,20071009,BPHX,BLUEPHOENIX SOLUTIONS LTD,M7037810,18.85990,177402
84415,20071010,BPHX,BLUEPHOENIX SOLUTIONS LTD,M7037810,19.25000,338424
84415,20071011,BPHX,BLUEPHOENIX SOLUTIONS LTD,M7037810,19.24000,309346
84415,20071012,BPHX,BLUEPHOENIX SOLUTIONS LTD,M7037810,19.20990,111406
84415,20071015,BPHX,BLUEPHOENIX SOLUTIONS LTD,M7037810,19.09000,201037
84415,20071016,BPHX,BLUEPHOENIX SOLUTIONS LTD,M7037810,18.90000,80215
84415,20071017,BPHX,BLUEPHOENIX SOLUTIONS LTD,M7037810,18.80000,85983
84415,20071018,BPHX,BLUEPHOENIX SOLUTIONS LTD,M7037810,18.89000,58436
84415,20071019,BPHX,BLUEPHOENIX SOLUTIONS LTD,M7037810,17.33000,660684
84415,20071022,BPHX,BLUEPHOENIX SOLUTIONS LTD,M7037810,19.62000,508055
84415,20071023,BPHX,BLUEPHOENIX SOLUTIONS LTD,M7037810,18.80000,245990
84415,20071024,BPHX,BLUEPHOENIX SOLUTIONS LTD,M7037810,18.99000,190512
84415,20071025,BPHX,BLUEPHOENIX SOLUTIONS LTD,M7037810,18.76000,154287
84415,20071026,BPHX,BLUEPHOENIX SOLUTIONS LTD,M7037810,19.01000,215430
84415,20071029,BPHX,BLUEPHOENIX SOLUTIONS LTD,M7037810,21.49000,1674335
84415,20071030,BPHX,BLUEPHOENIX SOLUTIONS LTD,M7037810,21.38000,523056
84415,20071031,BPHX,BLUEPHOENIX SOLUTIONS LTD,M7037810,21.29000,210226
84415,20071101,BPHX,BLUEPHOENIX SOLUTIONS LTD,M7037810,20.76000,275408
84415,20071102,BPHX,BLUEPHOENIX SOLUTIONS LTD,M7037810,21.05000,169464
84415,20071105,BPHX,BLUEPHOENIX SOLUTIONS LTD,M7037810,20.45000,275328
84415,20071106,BPHX,BLUEPHOENIX SOLUTIONS LTD,M7037810,20.53000,151564
84415,20071107,BPHX,BLUEPHOENIX SOLUTIONS LTD,M7037810,19.78000,258417
84415,20071108,BPHX,BLUEPHOENIX SOLUTIONS LTD,M7037810,18.62000,726312
84415,20071109,BPHX,BLUEPHOENIX SOLUTIONS LTD,M7037810,17.82000,315058
84415,20071112,BPHX,BLUEPHOENIX SOLUTIONS LTD,M7037810,17.22000,379818
84415,20071113,BPHX,BLUEPHOENIX SOLUTIONS LTD,M7037810,16.82000,411835
84415,20071114,BPHX,BLUEPHOENIX SOLUTIONS LTD,M7037810,16.45000,206571
84415,20071115,BPHX,BLUEPHOENIX SOLUTIONS LTD,M7037810,17.32000,432644
84415,20071116,BPHX,BLUEPHOENIX SOLUTIONS LTD,M7037810,18.78000,639470
84415,20071119,BPHX,BLUEPHOENIX SOLUTIONS LTD,M7037810,15.97000,1494871
84415,20071120,BPHX,BLUEPHOENIX SOLUTIONS LTD,M7037810,16.70000,700984
84415,20071121,BPHX,BLUEPHOENIX SOLUTIONS LTD,M7037810,15.97000,260567
84415,20071123,BPHX,BLUEPHOENIX SOLUTIONS LTD,M7037810,15.92000,104469
84415,20071126,BPHX,BLUEPHOENIX SOLUTIONS LTD,M7037810,14.82000,482078
84415,20071127,BPHX,BLUEPHOENIX SOLUTIONS LTD,M7037810,15.78000,544189
84415,20071128,BPHX,BLUEPHOENIX SOLUTIONS LTD,M7037810,16.26000,298534
84415,20071129,BPHX,BLUEPHOENIX SOLUTIONS LTD,M7037810,17.02000,338081
84415,20071130,BPHX,BLUEPHOENIX SOLUTIONS LTD,M7037810,18.20000,722897
84415,20071203,BPHX,BLUEPHOENIX SOLUTIONS LTD,M7037810,18.75000,573662
84415,20071204,BPHX,BLUEPHOENIX SOLUTIONS LTD,M7037810,18.94000,327448
84415,20071205,BPHX,BLUEPHOENIX SOLUTIONS LTD,M7037810,17.25000,949438
84415,20071206,BPHX,BLUEPHOENIX SOLUTIONS LTD,M7037810,16.96000,254893
84415,20071207,BPHX,BLUEPHOENIX SOLUTIONS LTD,M7037810,17.55000,345116
84415,20071210,BPHX,BLUEPHOENIX SOLUTIONS LTD,M7037810,17.45000,186355
84415,20071211,BPHX,BLUEPHOENIX SOLUTIONS LTD,M7037810,16.77000,177780
84415,20071212,BPHX,BLUEPHOENIX SOLUTIONS LTD,M7037810,16.50000,315506
84415,20071213,BPHX,BLUEPHOENIX SOLUTIONS LTD,M7037810,16.10000,152169
84415,20071214,BPHX,BLUEPHOENIX SOLUTIONS LTD,M7037810,15.57000,251056
84415,20071217,BPHX,BLUEPHOENIX SOLUTIONS LTD,M7037810,15.81000,192236
84415,20071218,BPHX,BLUEPHOENIX SOLUTIONS LTD,M7037810,16.37000,260249
84415,20071219,BPHX,BLUEPHOENIX SOLUTIONS LTD,M7037810,17.10000,299688
84415,20071220,BPHX,BLUEPHOENIX SOLUTIONS LTD,M7037810,17.40000,158888
84415,20071221,BPHX,BLUEPHOENIX SOLUTIONS LTD,M7037810,17.88000,198928
84415,20071224,BPHX,BLUEPHOENIX SOLUTIONS LTD,M7037810,18.14000,87650
84415,20071226,BPHX,BLUEPHOENIX SOLUTIONS LTD,M7037810,18.14000,81479
84415,20071227,BPHX,BLUEPHOENIX SOLUTIONS LTD,M7037810,17.47000,87428
84415,20071228,BPHX,BLUEPHOENIX SOLUTIONS LTD,M7037810,16.90000,244005
84415,20071231,BPHX,BLUEPHOENIX SOLUTIONS LTD,M7037810,18.12000,380683
84415,20080102,BPHX,BLUEPHOENIX SOLUTIONS LTD,M7037810,19.19000,525887
84415,20080103,BPHX,BLUEPHOENIX SOLUTIONS LTD,M7037810,19.73000,284438
84415,20080104,BPHX,BLUEPHOENIX SOLUTIONS LTD,M7037810,19.18000,290058
84415,20080107,BPHX,BLUEPHOENIX SOLUTIONS LTD,M7037810,18.67000,237066
84415,20080108,BPHX,BLUEPHOENIX SOLUTIONS LTD,M7037810,18.17000,111928
84415,20080109,BPHX,BLUEPHOENIX SOLUTIONS LTD,M7037810,17.94000,302948
84415,20080110,BPHX,BLUEPHOENIX SOLUTIONS LTD,M7037810,18.78000,325036
84415,20080111,BPHX,BLUEPHOENIX SOLUTIONS LTD,M7037810,18.67000,198177
84415,20080114,BPHX,BLUEPHOENIX SOLUTIONS LTD,M7037810,20.66000,995493
84415,20080115,BPHX,BLUEPHOENIX SOLUTIONS LTD,M7037810,20.62000,378687
84415,20080116,BPHX,BLUEPHOENIX SOLUTIONS LTD,M7037810,19.99000,703454
84415,20080117,BPHX,BLUEPHOENIX SOLUTIONS LTD,M7037810,19.11000,385153
84415,20080118,BPHX,BLUEPHOENIX SOLUTIONS LTD,M7037810,19.70000,415059
84415,20080122,BPHX,BLUEPHOENIX SOLUTIONS LTD,M7037810,19.15000,259271
84415,20080123,BPHX,BLUEPHOENIX SOLUTIONS LTD,M7037810,18.80000,338815
84415,20080124,BPHX,BLUEPHOENIX SOLUTIONS LTD,M7037810,17.55000,778452
84415,20080125,BPHX,BLUEPHOENIX SOLUTIONS LTD,M7037810,18.62000,389072
84415,20080128,BPHX,BLUEPHOENIX SOLUTIONS LTD,M7037810,18.24000,253483
84415,20080129,BPHX,BLUEPHOENIX SOLUTIONS LTD,M7037810,18.10000,244847
84415,20080130,BPHX,BLUEPHOENIX SOLUTIONS LTD,M7037810,18.02000,381523
84415,20080131,BPHX,BLUEPHOENIX SOLUTIONS LTD,M7037810,14.91000,3163369
84415,20080201,BPHX,BLUEPHOENIX SOLUTIONS LTD,M7037810,13.66000,1889970
84415,20080204,BPHX,BLUEPHOENIX SOLUTIONS LTD,M7037810,12.27000,1478900
84415,20080205,BPHX,BLUEPHOENIX SOLUTIONS LTD,M7037810,11.20000,1968924
84415,20080206,BPHX,BLUEPHOENIX SOLUTIONS LTD,M7037810,10.96000,846465
84415,20080207,BPHX,BLUEPHOENIX SOLUTIONS LTD,M7037810,11.01000,470722
84415,20080208,BPHX,BLUEPHOENIX SOLUTIONS LTD,M7037810,11.19000,591065
84415,20080211,BPHX,BLUEPHOENIX SOLUTIONS LTD,M7037810,10.60000,318605
84415,20080212,BPHX,BLUEPHOENIX SOLUTIONS LTD,M7037810,10.56000,690813
84415,20080213,BPHX,BLUEPHOENIX SOLUTIONS LTD,M7037810,10.98000,312214
84415,20080214,BPHX,BLUEPHOENIX SOLUTIONS LTD,M7037810,10.04000,505665
84415,20080215,BPHX,BLUEPHOENIX SOLUTIONS LTD,M7037810,9.24000,1307970
84415,20080219,BPHX,BLUEPHOENIX SOLUTIONS LTD,M7037810,10.98000,1525104
84415,20080220,BPHX,BLUEPHOENIX SOLUTIONS LTD,M7037810,10.22000,949082
84415,20080221,BPHX,BLUEPHOENIX SOLUTIONS LTD,M7037810,11.01000,894209
84415,20080222,BPHX,BLUEPHOENIX SOLUTIONS LTD,M7037810,10.54000,366501
84415,20080225,BPHX,BLUEPHOENIX SOLUTIONS LTD,M7037810,10.55000,546285
84415,20080226,BPHX,BLUEPHOENIX SOLUTIONS LTD,M7037810,10.51000,240065
84415,20080227,BPHX,BLUEPHOENIX SOLUTIONS LTD,M7037810,10.56000,227107
84415,20080228,BPHX,BLUEPHOENIX SOLUTIONS LTD,M7037810,10.34000,258703
84415,20080229,BPHX,BLUEPHOENIX SOLUTIONS LTD,M7037810,9.97000,246749
84415,20080303,BPHX,BLUEPHOENIX SOLUTIONS LTD,M7037810,9.24000,577891
84415,20080304,BPHX,BLUEPHOENIX SOLUTIONS LTD,M7037810,9.25000,404232
84415,20080305,BPHX,BLUEPHOENIX SOLUTIONS LTD,M7037810,9.15000,192969
84415,20080306,BPHX,BLUEPHOENIX SOLUTIONS LTD,M7037810,9.01000,144332
84415,20080307,BPHX,BLUEPHOENIX SOLUTIONS LTD,M7037810,8.71000,256730
84415,20080310,BPHX,BLUEPHOENIX SOLUTIONS LTD,M7037810,8.37000,107985
84415,20080311,BPHX,BLUEPHOENIX SOLUTIONS LTD,M7037810,8.80000,285445
84415,20080312,BPHX,BLUEPHOENIX SOLUTIONS LTD,M7037810,8.69000,160482
84415,20080313,BPHX,BLUEPHOENIX SOLUTIONS LTD,M7037810,8.70010,209671
84415,20080314,BPHX,BLUEPHOENIX SOLUTIONS LTD,M7037810,8.34000,232844
84415,20080317,BPHX,BLUEPHOENIX SOLUTIONS LTD,M7037810,7.59000,322030
84415,20080318,BPHX,BLUEPHOENIX SOLUTIONS LTD,M7037810,7.25000,290689
84415,20080319,BPHX,BLUEPHOENIX SOLUTIONS LTD,M7037810,7.48400,492289
84415,20080320,BPHX,BLUEPHOENIX SOLUTIONS LTD,M7037810,7.65000,702034
84415,20080324,BPHX,BLUEPHOENIX SOLUTIONS LTD,M7037810,8.52000,556381
84415,20080325,BPHX,BLUEPHOENIX SOLUTIONS LTD,M7037810,9.06000,266998
84415,20080326,BPHX,BLUEPHOENIX SOLUTIONS LTD,M7037810,9.06000,294212
84415,20080327,BPHX,BLUEPHOENIX SOLUTIONS LTD,M7037810,8.75000,201012
84415,20080328,BPHX,BLUEPHOENIX SOLUTIONS LTD,M7037810,8.28000,339841
84415,20080331,BPHX,BLUEPHOENIX SOLUTIONS LTD,M7037810,8.35000,311832
84415,20080401,BPHX,BLUEPHOENIX SOLUTIONS LTD,M7037810,9.49000,375469
84415,20080402,BPHX,BLUEPHOENIX SOLUTIONS LTD,M7037810,9.88000,546975
84415,20080403,BPHX,BLUEPHOENIX SOLUTIONS LTD,M7037810,9.81000,154658
84415,20080404,BPHX,BLUEPHOENIX SOLUTIONS LTD,M7037810,9.97000,167749
84415,20080407,BPHX,BLUEPHOENIX SOLUTIONS LTD,M7037810,9.74000,159511
84415,20080408,BPHX,BLUEPHOENIX SOLUTIONS LTD,M7037810,9.74000,149932
84415,20080409,BPHX,BLUEPHOENIX SOLUTIONS LTD,M7037810,9.48000,166273
84415,20080410,BPHX,BLUEPHOENIX SOLUTIONS LTD,M7037810,9.65000,113464
84415,20080411,BPHX,BLUEPHOENIX SOLUTIONS LTD,M7037810,9.51000,99705
84415,20080414,BPHX,BLUEPHOENIX SOLUTIONS LTD,M7037810,9.66000,89147
84415,20080415,BPHX,BLUEPHOENIX SOLUTIONS LTD,M7037810,9.09000,538111
84415,20080416,BPHX,BLUEPHOENIX SOLUTIONS LTD,M7037810,9.00000,257021
84415,20080417,BPHX,BLUEPHOENIX SOLUTIONS LTD,M7037810,9.22000,535680
84415,20080418,BPHX,BLUEPHOENIX SOLUTIONS LTD,M7037810,9.35000,112060
84415,20080421,BPHX,BLUEPHOENIX SOLUTIONS LTD,M7037810,9.17000,116290
84415,20080422,BPHX,BLUEPHOENIX SOLUTIONS LTD,M7037810,9.17000,100995
84415,20080423,BPHX,BLUEPHOENIX SOLUTIONS LTD,M7037810,9.40000,155506
84415,20080424,BPHX,BLUEPHOENIX SOLUTIONS LTD,M7037810,9.32000,107180
84415,20080425,BPHX,BLUEPHOENIX SOLUTIONS LTD,M7037810,9.29000,98963
84415,20080428,BPHX,BLUEPHOENIX SOLUTIONS LTD,M7037810,9.11000,197891
84415,20080429,BPHX,BLUEPHOENIX SOLUTIONS LTD,M7037810,8.70000,242926
84415,20080430,BPHX,BLUEPHOENIX SOLUTIONS LTD,M7037810,8.55000,339649
84415,20080501,BPHX,BLUEPHOENIX SOLUTIONS LTD,M7037810,9.69000,979418
84415,20080502,BPHX,BLUEPHOENIX SOLUTIONS LTD,M7037810,10.75000,1762345
84415,20080505,BPHX,BLUEPHOENIX SOLUTIONS LTD,M7037810,10.73000,426515
84415,20080506,BPHX,BLUEPHOENIX SOLUTIONS LTD,M7037810,10.26500,410282
84415,20080507,BPHX,BLUEPHOENIX SOLUTIONS LTD,M7037810,10.50000,366960
84415,20080508,BPHX,BLUEPHOENIX SOLUTIONS LTD,M7037810,10.85000,198110
84415,20080509,BPHX,BLUEPHOENIX SOLUTIONS LTD,M7037810,11.02000,236425
84415,20080512,BPHX,BLUEPHOENIX SOLUTIONS LTD,M7037810,10.99000,198458
84415,20080513,BPHX,BLUEPHOENIX SOLUTIONS LTD,M7037810,10.71000,112778
84415,20080514,BPHX,BLUEPHOENIX SOLUTIONS LTD,M7037810,10.86000,103518
84415,20080515,BPHX,BLUEPHOENIX SOLUTIONS LTD,M7037810,10.98000,129563
84415,20080516,BPHX,BLUEPHOENIX SOLUTIONS LTD,M7037810,11.02000,174082
84415,20080519,BPHX,BLUEPHOENIX SOLUTIONS LTD,M7037810,11.28000,338674
84415,20080520,BPHX,BLUEPHOENIX SOLUTIONS LTD,M7037810,10.62000,503905
84415,20080521,BPHX,BLUEPHOENIX SOLUTIONS LTD,M7037810,10.37000,181262
84415,20080522,BPHX,BLUEPHOENIX SOLUTIONS LTD,M7037810,9.93000,330879
84415,20080523,BPHX,BLUEPHOENIX SOLUTIONS LTD,M7037810,9.60000,246527
84415,20080527,BPHX,BLUEPHOENIX SOLUTIONS LTD,M7037810,9.80000,255392
84415,20080528,BPHX,BLUEPHOENIX SOLUTIONS LTD,M7037810,10.00000,217790
84415,20080529,BPHX,BLUEPHOENIX SOLUTIONS LTD,M7037810,10.66000,340111
84415,20080530,BPHX,BLUEPHOENIX SOLUTIONS LTD,M7037810,10.75000,180744
84415,20080602,BPHX,BLUEPHOENIX SOLUTIONS LTD,M7037810,10.90000,301623
84415,20080603,BPHX,BLUEPHOENIX SOLUTIONS LTD,M7037810,11.38000,592752
84415,20080604,BPHX,BLUEPHOENIX SOLUTIONS LTD,M7037810,11.39000,448224
84415,20080605,BPHX,BLUEPHOENIX SOLUTIONS LTD,M7037810,11.91000,259111
84415,20080606,BPHX,BLUEPHOENIX SOLUTIONS LTD,M7037810,12.07000,263378
84415,20080609,BPHX,BLUEPHOENIX SOLUTIONS LTD,M7037810,12.02000,204841
84415,20080610,BPHX,BLUEPHOENIX SOLUTIONS LTD,M7037810,12.00000,168663
84415,20080611,BPHX,BLUEPHOENIX SOLUTIONS LTD,M7037810,11.30000,434439
84415,20080612,BPHX,BLUEPHOENIX SOLUTIONS LTD,M7037810,11.41500,108286
84415,20080613,BPHX,BLUEPHOENIX SOLUTIONS LTD,M7037810,11.63000,177208
84415,20080616,BPHX,BLUEPHOENIX SOLUTIONS LTD,M7037810,11.59000,152949
84415,20080617,BPHX,BLUEPHOENIX SOLUTIONS LTD,M7037810,11.70000,292450
84415,20080618,BPHX,BLUEPHOENIX SOLUTIONS LTD,M7037810,11.39000,143381
84415,20080619,BPHX,BLUEPHOENIX SOLUTIONS LTD,M7037810,6.87000,4858895
84415,20080620,BPHX,BLUEPHOENIX SOLUTIONS LTD,M7037810,6.25000,3150294
84415,20080623,BPHX,BLUEPHOENIX SOLUTIONS LTD,M7037810,6.00000,1946999
84415,20080624,BPHX,BLUEPHOENIX SOLUTIONS LTD,M7037810,5.60000,1148553
84415,20080625,BPHX,BLUEPHOENIX SOLUTIONS LTD,M7037810,5.16000,2361214
84415,20080626,BPHX,BLUEPHOENIX SOLUTIONS LTD,M7037810,5.15000,1120525
84415,20080627,BPHX,BLUEPHOENIX SOLUTIONS LTD,M7037810,4.99000,577605
84415,20080630,BPHX,BLUEPHOENIX SOLUTIONS LTD,M7037810,4.61000,1584690
84415,20080701,BPHX,BLUEPHOENIX SOLUTIONS LTD,M7037810,4.65000,728048
84415,20080702,BPHX,BLUEPHOENIX SOLUTIONS LTD,M7037810,4.30000,677770
84415,20080703,BPHX,BLUEPHOENIX SOLUTIONS LTD,M7037810,4.49000,336817
84415,20080707,BPHX,BLUEPHOENIX SOLUTIONS LTD,M7037810,4.26000,613318
84415,20080708,BPHX,BLUEPHOENIX SOLUTIONS LTD,M7037810,4.37000,1443921
84415,20080709,BPHX,BLUEPHOENIX SOLUTIONS LTD,M7037810,4.28000,405363
84415,20080710,BPHX,BLUEPHOENIX SOLUTIONS LTD,M7037810,4.27000,365596
84415,20080711,BPHX,BLUEPHOENIX SOLUTIONS LTD,M7037810,4.25000,245818
84415,20080714,BPHX,BLUEPHOENIX SOLUTIONS LTD,M7037810,4.28000,139119
84415,20080715,BPHX,BLUEPHOENIX SOLUTIONS LTD,M7037810,4.21000,559444
84415,20080716,BPHX,BLUEPHOENIX SOLUTIONS LTD,M7037810,4.42000,605828
84415,20080717,BPHX,BLUEPHOENIX SOLUTIONS LTD,M7037810,5.02000,498717
84415,20080718,BPHX,BLUEPHOENIX SOLUTIONS LTD,M7037810,5.58000,1222599
84415,20080721,BPHX,BLUEPHOENIX SOLUTIONS LTD,M7037810,5.68000,717613
84415,20080722,BPHX,BLUEPHOENIX SOLUTIONS LTD,M7037810,5.80000,354409
84415,20080723,BPHX,BLUEPHOENIX SOLUTIONS LTD,M7037810,5.28000,1315918
84415,20080724,BPHX,BLUEPHOENIX SOLUTIONS LTD,M7037810,4.73000,517243
84415,20080725,BPHX,BLUEPHOENIX SOLUTIONS LTD,M7037810,4.96000,346753
84415,20080728,BPHX,BLUEPHOENIX SOLUTIONS LTD,M7037810,4.71000,160020
84415,20080729,BPHX,BLUEPHOENIX SOLUTIONS LTD,M7037810,4.69000,254479
84415,20080730,BPHX,BLUEPHOENIX SOLUTIONS LTD,M7037810,4.82000,143923
84415,20080731,BPHX,BLUEPHOENIX SOLUTIONS LTD,M7037810,4.70000,208619
84415,20080801,BPHX,BLUEPHOENIX SOLUTIONS LTD,M7037810,4.94000,288233
84415,20080804,BPHX,BLUEPHOENIX SOLUTIONS LTD,M7037810,4.79000,445956
84415,20080805,BPHX,BLUEPHOENIX SOLUTIONS LTD,M7037810,4.66000,608189
84415,20080806,BPHX,BLUEPHOENIX SOLUTIONS LTD,M7037810,4.51000,343211
84415,20080807,BPHX,BLUEPHOENIX SOLUTIONS LTD,M7037810,4.49000,120682
84415,20080808,BPHX,BLUEPHOENIX SOLUTIONS LTD,M7037810,4.77000,255267
84415,20080811,BPHX,BLUEPHOENIX SOLUTIONS LTD,M7037810,4.64000,254197
84415,20080812,BPHX,BLUEPHOENIX SOLUTIONS LTD,M7037810,4.89000,259112
84415,20080813,BPHX,BLUEPHOENIX SOLUTIONS LTD,M7037810,5.15000,311376
84415,20080814,BPHX,BLUEPHOENIX SOLUTIONS LTD,M7037810,4.99000,210687
84415,20080815,BPHX,BLUEPHOENIX SOLUTIONS LTD,M7037810,5.05000,182956
84415,20080818,BPHX,BLUEPHOENIX SOLUTIONS LTD,M7037810,4.99000,212248
84415,20080819,BPHX,BLUEPHOENIX SOLUTIONS LTD,M7037810,4.89000,118597
84415,20080820,BPHX,BLUEPHOENIX SOLUTIONS LTD,M7037810,4.84000,104800
84415,20080821,BPHX,BLUEPHOENIX SOLUTIONS LTD,M7037810,4.77000,201828
84415,20080822,BPHX,BLUEPHOENIX SOLUTIONS LTD,M7037810,4.84000,271945
84415,20080825,BPHX,BLUEPHOENIX SOLUTIONS LTD,M7037810,4.66500,98498
84415,20080826,BPHX,BLUEPHOENIX SOLUTIONS LTD,M7037810,4.67000,105529
84415,20080827,BPHX,BLUEPHOENIX SOLUTIONS LTD,M7037810,4.71000,225600
84415,20080828,BPHX,BLUEPHOENIX SOLUTIONS LTD,M7037810,5.12000,175946
84415,20080829,BPHX,BLUEPHOENIX SOLUTIONS LTD,M7037810,5.36000,397914
84415,20080902,BPHX,BLUEPHOENIX SOLUTIONS LTD,M7037810,5.40000,171514
84415,20080903,BPHX,BLUEPHOENIX SOLUTIONS LTD,M7037810,5.34000,104328
84415,20080904,BPHX,BLUEPHOENIX SOLUTIONS LTD,M7037810,5.08000,128445
84415,20080905,BPHX,BLUEPHOENIX SOLUTIONS LTD,M7037810,4.92000,114433
84415,20080908,BPHX,BLUEPHOENIX SOLUTIONS LTD,M7037810,4.97000,85810
84415,20080909,BPHX,BLUEPHOENIX SOLUTIONS LTD,M7037810,4.61000,171561
84415,20080910,BPHX,BLUEPHOENIX SOLUTIONS LTD,M7037810,4.66000,96904
84415,20080911,BPHX,BLUEPHOENIX SOLUTIONS LTD,M7037810,4.44000,234395
84415,20080912,BPHX,BLUEPHOENIX SOLUTIONS LTD,M7037810,4.41000,93339
84415,20080915,BPHX,BLUEPHOENIX SOLUTIONS LTD,M7037810,4.18000,343423
84415,20080916,BPHX,BLUEPHOENIX SOLUTIONS LTD,M7037810,4.03000,310943
84415,20080917,BPHX,BLUEPHOENIX SOLUTIONS LTD,M7037810,3.75000,193745
84415,20080918,BPHX,BLUEPHOENIX SOLUTIONS LTD,M7037810,3.83000,207004
84415,20080919,BPHX,BLUEPHOENIX SOLUTIONS LTD,M7037810,3.76000,808819
84415,20080922,BPHX,BLUEPHOENIX SOLUTIONS LTD,M7037810,3.78000,117105
84415,20080923,BPHX,BLUEPHOENIX SOLUTIONS LTD,M7037810,3.53000,212624
84415,20080924,BPHX,BLUEPHOENIX SOLUTIONS LTD,M7037810,3.45000,87834
84415,20080925,BPHX,BLUEPHOENIX SOLUTIONS LTD,M7037810,3.53000,99357
84415,20080926,BPHX,BLUEPHOENIX SOLUTIONS LTD,M7037810,3.52000,91580
84415,20080929,BPHX,BLUEPHOENIX SOLUTIONS LTD,M7037810,3.47000,272428
84415,20080930,BPHX,BLUEPHOENIX SOLUTIONS LTD,M7037810,3.52000,228829
84415,20081001,BPHX,BLUEPHOENIX SOLUTIONS LTD,M7037810,3.45000,104220
84415,20081002,BPHX,BLUEPHOENIX SOLUTIONS LTD,M7037810,3.21000,113667
84415,20081003,BPHX,BLUEPHOENIX SOLUTIONS LTD,M7037810,3.11000,199528
84415,20081006,BPHX,BLUEPHOENIX SOLUTIONS LTD,M7037810,2.90000,263566
84415,20081007,BPHX,BLUEPHOENIX SOLUTIONS LTD,M7037810,2.50990,226376
84415,20081008,BPHX,BLUEPHOENIX SOLUTIONS LTD,M7037810,2.36000,206518
84415,20081009,BPHX,BLUEPHOENIX SOLUTIONS LTD,M7037810,2.21000,510315
84415,20081010,BPHX,BLUEPHOENIX SOLUTIONS LTD,M7037810,2.28000,549736
84415,20081013,BPHX,BLUEPHOENIX SOLUTIONS LTD,M7037810,2.81000,300743
84415,20081014,BPHX,BLUEPHOENIX SOLUTIONS LTD,M7037810,2.87000,146472
84415,20081015,BPHX,BLUEPHOENIX SOLUTIONS LTD,M7037810,2.80000,115523
84415,20081016,BPHX,BLUEPHOENIX SOLUTIONS LTD,M7037810,3.10000,561596
84415,20081017,BPHX,BLUEPHOENIX SOLUTIONS LTD,M7037810,3.11000,151610
84415,20081020,BPHX,BLUEPHOENIX SOLUTIONS LTD,M7037810,3.73000,127538
84415,20081021,BPHX,BLUEPHOENIX SOLUTIONS LTD,M7037810,3.46000,87420
84415,20081022,BPHX,BLUEPHOENIX SOLUTIONS LTD,M7037810,2.99000,135889
84415,20081023,BPHX,BLUEPHOENIX SOLUTIONS LTD,M7037810,3.05000,117392
84415,20081024,BPHX,BLUEPHOENIX SOLUTIONS LTD,M7037810,2.89000,70572
84415,20081027,BPHX,BLUEPHOENIX SOLUTIONS LTD,M7037810,2.39000,275118
84415,20081028,BPHX,BLUEPHOENIX SOLUTIONS LTD,M7037810,2.44000,336389
84415,20081029,BPHX,BLUEPHOENIX SOLUTIONS LTD,M7037810,2.45000,127463
84415,20081030,BPHX,BLUEPHOENIX SOLUTIONS LTD,M7037810,2.50000,127366
84415,20081031,BPHX,BLUEPHOENIX SOLUTIONS LTD,M7037810,2.68000,205957
84415,20081103,BPHX,BLUEPHOENIX SOLUTIONS LTD,M7037810,2.82000,302220
84415,20081104,BPHX,BLUEPHOENIX SOLUTIONS LTD,M7037810,2.98000,220395
84415,20081105,BPHX,BLUEPHOENIX SOLUTIONS LTD,M7037810,2.60000,89694
84415,20081106,BPHX,BLUEPHOENIX SOLUTIONS LTD,M7037810,2.33000,121944
84415,20081107,BPHX,BLUEPHOENIX SOLUTIONS LTD,M7037810,2.29000,372357
84415,20081110,BPHX,BLUEPHOENIX SOLUTIONS LTD,M7037810,2.25000,268282
84415,20081111,BPHX,BLUEPHOENIX SOLUTIONS LTD,M7037810,2.14000,167529
84415,20081112,BPHX,BLUEPHOENIX SOLUTIONS LTD,M7037810,1.88000,806514
84415,20081113,BPHX,BLUEPHOENIX SOLUTIONS LTD,M7037810,1.90000,487464
84415,20081114,BPHX,BLUEPHOENIX SOLUTIONS LTD,M7037810,1.92000,366213
84415,20081117,BPHX,BLUEPHOENIX SOLUTIONS LTD,M7037810,1.83000,119601
84415,20081118,BPHX,BLUEPHOENIX SOLUTIONS LTD,M7037810,1.71000,143648
84415,20081119,BPHX,BLUEPHOENIX SOLUTIONS LTD,M7037810,1.68000,174184
84415,20081120,BPHX,BLUEPHOENIX SOLUTIONS LTD,M7037810,1.46000,331074
84415,20081121,BPHX,BLUEPHOENIX SOLUTIONS LTD,M7037810,1.46000,229452
84415,20081124,BPHX,BLUEPHOENIX SOLUTIONS LTD,M7037810,1.49000,292259
84415,20081125,BPHX,BLUEPHOENIX SOLUTIONS LTD,M7037810,1.72000,338612
84415,20081126,BPHX,BLUEPHOENIX SOLUTIONS LTD,M7037810,1.71000,530852
84415,20081128,BPHX,BLUEPHOENIX SOLUTIONS LTD,M7037810,1.79000,51202
84415,20081201,BPHX,BLUEPHOENIX SOLUTIONS LTD,M7037810,1.50000,636515
84415,20081202,BPHX,BLUEPHOENIX SOLUTIONS LTD,M7037810,1.46000,213355
84415,20081203,BPHX,BLUEPHOENIX SOLUTIONS LTD,M7037810,1.50000,217864
84415,20081204,BPHX,BLUEPHOENIX SOLUTIONS LTD,M7037810,1.40000,106434
84415,20081205,BPHX,BLUEPHOENIX SOLUTIONS LTD,M7037810,1.44000,87175
84415,20081208,BPHX,BLUEPHOENIX SOLUTIONS LTD,M7037810,1.74000,232575
84415,20081209,BPHX,BLUEPHOENIX SOLUTIONS LTD,M7037810,1.85000,172728
84415,20081210,BPHX,BLUEPHOENIX SOLUTIONS LTD,M7037810,1.98000,62963
84415,20081211,BPHX,BLUEPHOENIX SOLUTIONS LTD,M7037810,1.69000,68489
84415,20081212,BPHX,BLUEPHOENIX SOLUTIONS LTD,M7037810,1.71000,96994
84415,20081215,BPHX,BLUEPHOENIX SOLUTIONS LTD,M7037810,1.59000,127581
84415,20081216,BPHX,BLUEPHOENIX SOLUTIONS LTD,M7037810,1.61830,128378
84415,20081217,BPHX,BLUEPHOENIX SOLUTIONS LTD,M7037810,1.59000,244451
84415,20081218,BPHX,BLUEPHOENIX SOLUTIONS LTD,M7037810,1.63000,137162
84415,20081219,BPHX,BLUEPHOENIX SOLUTIONS LTD,M7037810,1.51000,124950
84415,20081222,BPHX,BLUEPHOENIX SOLUTIONS LTD,M7037810,1.40000,93405
84415,20081223,BPHX,BLUEPHOENIX SOLUTIONS LTD,M7037810,1.50000,347952
84415,20081224,BPHX,BLUEPHOENIX SOLUTIONS LTD,M7037810,1.50000,57976
84415,20081226,BPHX,BLUEPHOENIX SOLUTIONS LTD,M7037810,1.44000,100460
84415,20081229,BPHX,BLUEPHOENIX SOLUTIONS LTD,M7037810,1.54000,218445
84415,20081230,BPHX,BLUEPHOENIX SOLUTIONS LTD,M7037810,1.64000,287027
84415,20081231,BPHX,BLUEPHOENIX SOLUTIONS LTD,M7037810,1.84000,638345
84415,20090102,BPHX,BLUEPHOENIX SOLUTIONS LTD,M7037810,2.20000,227405
84415,20090105,BPHX,BLUEPHOENIX SOLUTIONS LTD,M7037810,2.33000,236117
84415,20090106,BPHX,BLUEPHOENIX SOLUTIONS LTD,M7037810,2.38000,581693
84415,20090107,BPHX,BLUEPHOENIX SOLUTIONS LTD,M7037810,2.27000,458564
84415,20090108,BPHX,BLUEPHOENIX SOLUTIONS LTD,M7037810,2.38000,150677
84415,20090109,BPHX,BLUEPHOENIX SOLUTIONS LTD,M7037810,2.30000,122777
84415,20090112,BPHX,BLUEPHOENIX SOLUTIONS LTD,M7037810,2.16000,158050
84415,20090113,BPHX,BLUEPHOENIX SOLUTIONS LTD,M7037810,2.16000,167578
84415,20090114,BPHX,BLUEPHOENIX SOLUTIONS LTD,M7037810,2.00000,189272
84415,20090115,BPHX,BLUEPHOENIX SOLUTIONS LTD,M7037810,1.94100,87202
84415,20090116,BPHX,BLUEPHOENIX SOLUTIONS LTD,M7037810,1.99000,306958
84415,20090120,BPHX,BLUEPHOENIX SOLUTIONS LTD,M7037810,1.93000,56216
84415,20090121,BPHX,BLUEPHOENIX SOLUTIONS LTD,M7037810,1.99000,105485
84415,20090122,BPHX,BLUEPHOENIX SOLUTIONS LTD,M7037810,2.07000,76510
84415,20090123,BPHX,BLUEPHOENIX SOLUTIONS LTD,M7037810,2.02000,24607
84415,20090126,BPHX,BLUEPHOENIX SOLUTIONS LTD,M7037810,2.05000,54189
84415,20090127,BPHX,BLUEPHOENIX SOLUTIONS LTD,M7037810,2.21000,149776
84415,20090128,BPHX,BLUEPHOENIX SOLUTIONS LTD,M7037810,2.30000,46569
84415,20090129,BPHX,BLUEPHOENIX SOLUTIONS LTD,M7037810,2.25000,257394
84415,20090130,BPHX,BLUEPHOENIX SOLUTIONS LTD,M7037810,2.08990,48674
84415,20090202,BPHX,BLUEPHOENIX SOLUTIONS LTD,M7037810,2.14000,122219
84415,20090203,BPHX,BLUEPHOENIX SOLUTIONS LTD,M7037810,2.31990,34934
84415,20090204,BPHX,BLUEPHOENIX SOLUTIONS LTD,M7037810,2.25000,82945
84415,20090205,BPHX,BLUEPHOENIX SOLUTIONS LTD,M7037810,2.37000,61872
84415,20090206,BPHX,BLUEPHOENIX SOLUTIONS LTD,M7037810,2.57000,132729
84415,20090209,BPHX,BLUEPHOENIX SOLUTIONS LTD,M7037810,2.65300,76364
84415,20090210,BPHX,BLUEPHOENIX SOLUTIONS LTD,M7037810,2.60000,73496
84415,20090211,BPHX,BLUEPHOENIX SOLUTIONS LTD,M7037810,2.56000,78061
84415,20090212,BPHX,BLUEPHOENIX SOLUTIONS LTD,M7037810,2.62000,61513
84415,20090213,BPHX,BLUEPHOENIX SOLUTIONS LTD,M7037810,2.61000,128610
84415,20090217,BPHX,BLUEPHOENIX SOLUTIONS LTD,M7037810,2.58000,98242
84415,20090218,BPHX,BLUEPHOENIX SOLUTIONS LTD,M7037810,2.40000,202989
84415,20090219,BPHX,BLUEPHOENIX SOLUTIONS LTD,M7037810,2.30000,112733
84415,20090220,BPHX,BLUEPHOENIX SOLUTIONS LTD,M7037810,2.24000,128660
84415,20090223,BPHX,BLUEPHOENIX SOLUTIONS LTD,M7037810,2.04000,181420
84415,20090224,BPHX,BLUEPHOENIX SOLUTIONS LTD,M7037810,2.03000,217686
84415,20090225,BPHX,BLUEPHOENIX SOLUTIONS LTD,M7037810,2.00000,135311
84415,20090226,BPHX,BLUEPHOENIX SOLUTIONS LTD,M7037810,2.03000,95636
84415,20090227,BPHX,BLUEPHOENIX SOLUTIONS LTD,M7037810,1.98000,61116
84415,20090302,BPHX,BLUEPHOENIX SOLUTIONS LTD,M7037810,1.81000,145513
84415,20090303,BPHX,BLUEPHOENIX SOLUTIONS LTD,M7037810,1.73000,186227
84415,20090304,BPHX,BLUEPHOENIX SOLUTIONS LTD,M7037810,1.82000,53075
84415,20090305,BPHX,BLUEPHOENIX SOLUTIONS LTD,M7037810,1.66990,81280
84415,20090306,BPHX,BLUEPHOENIX SOLUTIONS LTD,M7037810,1.69000,22555
84415,20090309,BPHX,BLUEPHOENIX SOLUTIONS LTD,M7037810,1.62000,46067
84415,20090310,BPHX,BLUEPHOENIX SOLUTIONS LTD,M7037810,1.73000,43187
84415,20090311,BPHX,BLUEPHOENIX SOLUTIONS LTD,M7037810,1.77000,66758
84415,20090312,BPHX,BLUEPHOENIX SOLUTIONS LTD,M7037810,1.83000,44947
84415,20090313,BPHX,BLUEPHOENIX SOLUTIONS LTD,M7037810,1.75000,74257
84415,20090316,BPHX,BLUEPHOENIX SOLUTIONS LTD,M7037810,1.73000,41400
84415,20090317,BPHX,BLUEPHOENIX SOLUTIONS LTD,M7037810,1.74000,25486
84415,20090318,BPHX,BLUEPHOENIX SOLUTIONS LTD,M7037810,1.76000,72952
84415,20090319,BPHX,BLUEPHOENIX SOLUTIONS LTD,M7037810,1.74000,53069
84415,20090320,BPHX,BLUEPHOENIX SOLUTIONS LTD,M7037810,1.69000,35410
84415,20090323,BPHX,BLUEPHOENIX SOLUTIONS LTD,M7037810,1.79000,101300
84415,20090324,BPHX,BLUEPHOENIX SOLUTIONS LTD,M7037810,1.69000,70670
84415,20090325,BPHX,BLUEPHOENIX SOLUTIONS LTD,M7037810,1.89000,211038
84415,20090326,BPHX,BLUEPHOENIX SOLUTIONS LTD,M7037810,2.00000,92307
84415,20090327,BPHX,BLUEPHOENIX SOLUTIONS LTD,M7037810,1.98000,23520
84415,20090330,BPHX,BLUEPHOENIX SOLUTIONS LTD,M7037810,1.93000,28748
84415,20090331,BPHX,BLUEPHOENIX SOLUTIONS LTD,M7037810,1.92000,107091
84415,20090401,BPHX,BLUEPHOENIX SOLUTIONS LTD,M7037810,1.89000,92972
84415,20090402,BPHX,BLUEPHOENIX SOLUTIONS LTD,M7037810,1.94000,332059
84415,20090403,BPHX,BLUEPHOENIX SOLUTIONS LTD,M7037810,1.97800,43640
84415,20090406,BPHX,BLUEPHOENIX SOLUTIONS LTD,M7037810,1.99000,40140
84415,20090407,BPHX,BLUEPHOENIX SOLUTIONS LTD,M7037810,1.97000,9283
84415,20090408,BPHX,BLUEPHOENIX SOLUTIONS LTD,M7037810,1.99000,36940
84415,20090409,BPHX,BLUEPHOENIX SOLUTIONS LTD,M7037810,2.05990,78905
84415,20090413,BPHX,BLUEPHOENIX SOLUTIONS LTD,M7037810,2.05000,139510
84415,20090414,BPHX,BLUEPHOENIX SOLUTIONS LTD,M7037810,2.01000,107142
84415,20090415,BPHX,BLUEPHOENIX SOLUTIONS LTD,M7037810,2.02000,44087
84415,20090416,BPHX,BLUEPHOENIX SOLUTIONS LTD,M7037810,2.11000,340573
84415,20090417,BPHX,BLUEPHOENIX SOLUTIONS LTD,M7037810,2.08000,92211
84415,20090420,BPHX,BLUEPHOENIX SOLUTIONS LTD,M7037810,1.98000,140399
84415,20090421,BPHX,BLUEPHOENIX SOLUTIONS LTD,M7037810,1.97000,113170
84415,20090422,BPHX,BLUEPHOENIX SOLUTIONS LTD,M7037810,2.00000,258599
84415,20090423,BPHX,BLUEPHOENIX SOLUTIONS LTD,M7037810,1.98000,126653
84415,20090424,BPHX,BLUEPHOENIX SOLUTIONS LTD,M7037810,2.00000,56936
84415,20090427,BPHX,BLUEPHOENIX SOLUTIONS LTD,M7037810,1.94000,99278
84415,20090428,BPHX,BLUEPHOENIX SOLUTIONS LTD,M7037810,1.79000,88995
84415,20090429,BPHX,BLUEPHOENIX SOLUTIONS LTD,M7037810,1.92000,118816
84415,20090430,BPHX,BLUEPHOENIX SOLUTIONS LTD,M7037810,1.90000,144819
84415,20090501,BPHX,BLUEPHOENIX SOLUTIONS LTD,M7037810,1.95000,30731
84415,20090504,BPHX,BLUEPHOENIX SOLUTIONS LTD,M7037810,2.08000,212842
84415,20090505,BPHX,BLUEPHOENIX SOLUTIONS LTD,M7037810,2.20000,154795
84415,20090506,BPHX,BLUEPHOENIX SOLUTIONS LTD,M7037810,2.15000,194054
84415,20090507,BPHX,BLUEPHOENIX SOLUTIONS LTD,M7037810,2.05000,174449
84415,20090508,BPHX,BLUEPHOENIX SOLUTIONS LTD,M7037810,2.39000,291821
84415,20090511,BPHX,BLUEPHOENIX SOLUTIONS LTD,M7037810,2.49000,576549
84415,20090512,BPHX,BLUEPHOENIX SOLUTIONS LTD,M7037810,2.03000,789462
84415,20090513,BPHX,BLUEPHOENIX SOLUTIONS LTD,M7037810,1.95000,325604
84415,20090514,BPHX,BLUEPHOENIX SOLUTIONS LTD,M7037810,1.82000,391738
84415,20090515,BPHX,BLUEPHOENIX SOLUTIONS LTD,M7037810,1.89000,143931
84415,20090518,BPHX,BLUEPHOENIX SOLUTIONS LTD,M7037810,2.06000,192464
84415,20090519,BPHX,BLUEPHOENIX SOLUTIONS LTD,M7037810,2.08000,95538
84415,20090520,BPHX,BLUEPHOENIX SOLUTIONS LTD,M7037810,2.05000,69647
84415,20090521,BPHX,BLUEPHOENIX SOLUTIONS LTD,M7037810,1.95000,59284
84415,20090522,BPHX,BLUEPHOENIX SOLUTIONS LTD,M7037810,2.05000,52937
84415,20090526,BPHX,BLUEPHOENIX SOLUTIONS LTD,M7037810,2.07000,91891
84415,20090527,BPHX,BLUEPHOENIX SOLUTIONS LTD,M7037810,2.19000,96879
84415,20090528,BPHX,BLUEPHOENIX SOLUTIONS LTD,M7037810,2.19000,65688
84415,20090529,BPHX,BLUEPHOENIX SOLUTIONS LTD,M7037810,2.21000,36935
84415,20090601,BPHX,BLUEPHOENIX SOLUTIONS LTD,M7037810,2.30000,141587
84415,20090602,BPHX,BLUEPHOENIX SOLUTIONS LTD,M7037810,2.26000,227690
84415,20090603,BPHX,BLUEPHOENIX SOLUTIONS LTD,M7037810,2.25000,62107
84415,20090604,BPHX,BLUEPHOENIX SOLUTIONS LTD,M7037810,2.19000,58630
84415,20090605,BPHX,BLUEPHOENIX SOLUTIONS LTD,M7037810,2.19000,35379
84415,20090608,BPHX,BLUEPHOENIX SOLUTIONS LTD,M7037810,2.11000,103326
84415,20090609,BPHX,BLUEPHOENIX SOLUTIONS LTD,M7037810,2.19000,42519
84415,20090610,BPHX,BLUEPHOENIX SOLUTIONS LTD,M7037810,2.13000,81098
84415,20090611,BPHX,BLUEPHOENIX SOLUTIONS LTD,M7037810,2.24000,52631
84415,20090612,BPHX,BLUEPHOENIX SOLUTIONS LTD,M7037810,2.24000,36494
84415,20090615,BPHX,BLUEPHOENIX SOLUTIONS LTD,M7037810,2.14000,44676
84415,20090616,BPHX,BLUEPHOENIX SOLUTIONS LTD,M7037810,2.02000,95926
84415,20090617,BPHX,BLUEPHOENIX SOLUTIONS LTD,M7037810,2.12000,45949
84415,20090618,BPHX,BLUEPHOENIX SOLUTIONS LTD,M7037810,2.06000,29532
84415,20090619,BPHX,BLUEPHOENIX SOLUTIONS LTD,M7037810,2.11000,19987
84415,20090622,BPHX,BLUEPHOENIX SOLUTIONS LTD,M7037810,2.00000,85744
84415,20090623,BPHX,BLUEPHOENIX SOLUTIONS LTD,M7037810,2.02000,23378
84415,20090624,BPHX,BLUEPHOENIX SOLUTIONS LTD,M7037810,2.12000,40801
84415,20090625,BPHX,BLUEPHOENIX SOLUTIONS LTD,M7037810,2.10000,45468
84415,20090626,BPHX,BLUEPHOENIX SOLUTIONS LTD,M7037810,1.85000,254697
84415,20090629,BPHX,BLUEPHOENIX SOLUTIONS LTD,M7037810,2.14000,151657
84415,20090630,BPHX,BLUEPHOENIX SOLUTIONS LTD,M7037810,2.45000,278097
84415,20090701,BPHX,BLUEPHOENIX SOLUTIONS LTD,M7037810,2.56000,145038
84415,20090702,BPHX,BLUEPHOENIX SOLUTIONS LTD,M7037810,2.45000,28542
84415,20090706,BPHX,BLUEPHOENIX SOLUTIONS LTD,M7037810,2.32000,47195
84415,20090707,BPHX,BLUEPHOENIX SOLUTIONS LTD,M7037810,2.17000,149838
84415,20090708,BPHX,BLUEPHOENIX SOLUTIONS LTD,M7037810,2.15000,81261
84415,20090709,BPHX,BLUEPHOENIX SOLUTIONS LTD,M7037810,2.11000,44337
84415,20090710,BPHX,BLUEPHOENIX SOLUTIONS LTD,M7037810,2.11000,17815
84415,20090713,BPHX,BLUEPHOENIX SOLUTIONS LTD,M7037810,2.15000,56999
84415,20090714,BPHX,BLUEPHOENIX SOLUTIONS LTD,M7037810,2.22000,51181
84415,20090715,BPHX,BLUEPHOENIX SOLUTIONS LTD,M7037810,2.35000,143707
84415,20090716,BPHX,BLUEPHOENIX SOLUTIONS LTD,M7037810,2.38000,57327
84415,20090717,BPHX,BLUEPHOENIX SOLUTIONS LTD,M7037810,2.31000,65795
84415,20090720,BPHX,BLUEPHOENIX SOLUTIONS LTD,M7037810,2.40000,106340
84415,20090721,BPHX,BLUEPHOENIX SOLUTIONS LTD,M7037810,2.55000,85350
84415,20090722,BPHX,BLUEPHOENIX SOLUTIONS LTD,M7037810,2.48010,58117
84415,20090723,BPHX,BLUEPHOENIX SOLUTIONS LTD,M7037810,2.50000,82611
84415,20090724,BPHX,BLUEPHOENIX SOLUTIONS LTD,M7037810,2.53000,31705
84415,20090727,BPHX,BLUEPHOENIX SOLUTIONS LTD,M7037810,2.58000,235613
84415,20090728,BPHX,BLUEPHOENIX SOLUTIONS LTD,M7037810,2.89000,392080
84415,20090729,BPHX,BLUEPHOENIX SOLUTIONS LTD,M7037810,3.03000,153842
84415,20090730,BPHX,BLUEPHOENIX SOLUTIONS LTD,M7037810,2.93000,55205
84415,20090731,BPHX,BLUEPHOENIX SOLUTIONS LTD,M7037810,3.07010,47625
84415,20090803,BPHX,BLUEPHOENIX SOLUTIONS LTD,M7037810,2.95000,196406
84415,20090804,BPHX,BLUEPHOENIX SOLUTIONS LTD,M7037810,2.80000,61876
84415,20090805,BPHX,BLUEPHOENIX SOLUTIONS LTD,M7037810,2.84010,60759
84415,20090806,BPHX,BLUEPHOENIX SOLUTIONS LTD,M7037810,2.89000,42038
84415,20090807,BPHX,BLUEPHOENIX SOLUTIONS LTD,M7037810,2.94000,183463
84415,20090810,BPHX,BLUEPHOENIX SOLUTIONS LTD,M7037810,2.90400,30122
84415,20090811,BPHX,BLUEPHOENIX SOLUTIONS LTD,M7037810,2.74000,88498
84415,20090812,BPHX,BLUEPHOENIX SOLUTIONS LTD,M7037810,2.78000,86009
84415,20090813,BPHX,BLUEPHOENIX SOLUTIONS LTD,M7037810,3.26000,345132
84415,20090814,BPHX,BLUEPHOENIX SOLUTIONS LTD,M7037810,3.25000,210155
84415,20090817,BPHX,BLUEPHOENIX SOLUTIONS LTD,M7037810,2.81000,164954
84415,20090818,BPHX,BLUEPHOENIX SOLUTIONS LTD,M7037810,3.00000,109601
84415,20090819,BPHX,BLUEPHOENIX SOLUTIONS LTD,M7037810,3.17000,94449
84415,20090820,BPHX,BLUEPHOENIX SOLUTIONS LTD,M7037810,3.26000,64157
84415,20090821,BPHX,BLUEPHOENIX SOLUTIONS LTD,M7037810,3.32000,78476
84415,20090824,BPHX,BLUEPHOENIX SOLUTIONS LTD,M7037810,3.34000,169504
84415,20090825,BPHX,BLUEPHOENIX SOLUTIONS LTD,M7037810,3.41000,38541
84415,20090826,BPHX,BLUEPHOENIX SOLUTIONS LTD,M7037810,3.30000,154291
84415,20090827,BPHX,BLUEPHOENIX SOLUTIONS LTD,M7037810,3.21000,157711
84415,20090828,BPHX,BLUEPHOENIX SOLUTIONS LTD,M7037810,3.27000,72885
84415,20090831,BPHX,BLUEPHOENIX SOLUTIONS LTD,M7037810,3.29000,58065
84415,20090901,BPHX,BLUEPHOENIX SOLUTIONS LTD,M7037810,3.27000,61001
84415,20090902,BPHX,BLUEPHOENIX SOLUTIONS LTD,M7037810,3.25000,60738
84415,20090903,BPHX,BLUEPHOENIX SOLUTIONS LTD,M7037810,3.25000,13945
84415,20090904,BPHX,BLUEPHOENIX SOLUTIONS LTD,M7037810,3.26990,75021
84415,20090908,BPHX,BLUEPHOENIX SOLUTIONS LTD,M7037810,3.02000,178326
84415,20090909,BPHX,BLUEPHOENIX SOLUTIONS LTD,M7037810,2.89000,88969
84415,20090910,BPHX,BLUEPHOENIX SOLUTIONS LTD,M7037810,3.05000,402988
84415,20090911,BPHX,BLUEPHOENIX SOLUTIONS LTD,M7037810,3.08000,176475
84415,20090914,BPHX,BLUEPHOENIX SOLUTIONS LTD,M7037810,3.16000,190992
84415,20090915,BPHX,BLUEPHOENIX SOLUTIONS LTD,M7037810,3.25000,62688
84415,20090916,BPHX,BLUEPHOENIX SOLUTIONS LTD,M7037810,3.60000,208033
84415,20090917,BPHX,BLUEPHOENIX SOLUTIONS LTD,M7037810,3.69000,218419
84415,20090918,BPHX,BLUEPHOENIX SOLUTIONS LTD,M7037810,3.72000,32226
84415,20090921,BPHX,BLUEPHOENIX SOLUTIONS LTD,M7037810,3.57000,71678
84415,20090922,BPHX,BLUEPHOENIX SOLUTIONS LTD,M7037810,3.70000,105417
84415,20090923,BPHX,BLUEPHOENIX SOLUTIONS LTD,M7037810,3.85000,156908
84415,20090924,BPHX,BLUEPHOENIX SOLUTIONS LTD,M7037810,3.81000,143221
84415,20090925,BPHX,BLUEPHOENIX SOLUTIONS LTD,M7037810,3.64000,103557
84415,20090928,BPHX,BLUEPHOENIX SOLUTIONS LTD,M7037810,3.60000,153358
84415,20090929,BPHX,BLUEPHOENIX SOLUTIONS LTD,M7037810,3.60000,84066
84415,20090930,BPHX,BLUEPHOENIX SOLUTIONS LTD,M7037810,3.79000,115877
84415,20091001,BPHX,BLUEPHOENIX SOLUTIONS LTD,M7037810,3.68000,70642
84415,20091002,BPHX,BLUEPHOENIX SOLUTIONS LTD,M7037810,3.60000,91286
84415,20091005,BPHX,BLUEPHOENIX SOLUTIONS LTD,M7037810,3.67000,87945
84415,20091006,BPHX,BLUEPHOENIX SOLUTIONS LTD,M7037810,3.74000,60104
84415,20091007,BPHX,BLUEPHOENIX SOLUTIONS LTD,M7037810,3.64000,67770
84415,20091008,BPHX,BLUEPHOENIX SOLUTIONS LTD,M7037810,3.58000,43784
84415,20091009,BPHX,BLUEPHOENIX SOLUTIONS LTD,M7037810,3.59000,34038
84415,20091012,BPHX,BLUEPHOENIX SOLUTIONS LTD,M7037810,3.08000,820509
84415,20091013,BPHX,BLUEPHOENIX SOLUTIONS LTD,M7037810,3.12000,649387
84415,20091014,BPHX,BLUEPHOENIX SOLUTIONS LTD,M7037810,3.13000,296753
84415,20091015,BPHX,BLUEPHOENIX SOLUTIONS LTD,M7037810,3.14960,67312
84415,20091016,BPHX,BLUEPHOENIX SOLUTIONS LTD,M7037810,3.15000,82318
84415,20091019,BPHX,BLUEPHOENIX SOLUTIONS LTD,M7037810,3.24000,174095
84415,20091020,BPHX,BLUEPHOENIX SOLUTIONS LTD,M7037810,3.19000,42789
84415,20091021,BPHX,BLUEPHOENIX SOLUTIONS LTD,M7037810,3.12000,114554
84415,20091022,BPHX,BLUEPHOENIX SOLUTIONS LTD,M7037810,3.05000,129116
84415,20091023,BPHX,BLUEPHOENIX SOLUTIONS LTD,M7037810,2.89000,380884
84415,20091026,BPHX,BLUEPHOENIX SOLUTIONS LTD,M7037810,2.92000,138030
84415,20091027,BPHX,BLUEPHOENIX SOLUTIONS LTD,M7037810,2.97000,1086229
84415,20091028,BPHX,BLUEPHOENIX SOLUTIONS LTD,M7037810,2.74000,1616311
84415,20091029,BPHX,BLUEPHOENIX SOLUTIONS LTD,M7037810,2.63000,223292
84415,20091030,BPHX,BLUEPHOENIX SOLUTIONS LTD,M7037810,2.62000,136278
84415,20091102,BPHX,BLUEPHOENIX SOLUTIONS LTD,M7037810,2.62000,262334
84415,20091103,BPHX,BLUEPHOENIX SOLUTIONS LTD,M7037810,2.51000,385668
84415,20091104,BPHX,BLUEPHOENIX SOLUTIONS LTD,M7037810,2.52000,133399
84415,20091105,BPHX,BLUEPHOENIX SOLUTIONS LTD,M7037810,2.68000,58398
84415,20091106,BPHX,BLUEPHOENIX SOLUTIONS LTD,M7037810,2.56000,49845
84415,20091109,BPHX,BLUEPHOENIX SOLUTIONS LTD,M7037810,2.66000,47094
84415,20091110,BPHX,BLUEPHOENIX SOLUTIONS LTD,M7037810,2.58000,61313
84415,20091111,BPHX,BLUEPHOENIX SOLUTIONS LTD,M7037810,2.64000,114703
84415,20091112,BPHX,BLUEPHOENIX SOLUTIONS LTD,M7037810,2.56000,654121
84415,20091113,BPHX,BLUEPHOENIX SOLUTIONS LTD,M7037810,2.60000,40594
84415,20091116,BPHX,BLUEPHOENIX SOLUTIONS LTD,M7037810,2.73000,58847
84415,20091117,BPHX,BLUEPHOENIX SOLUTIONS LTD,M7037810,2.91000,325348
84415,20091118,BPHX,BLUEPHOENIX SOLUTIONS LTD,M7037810,2.79000,48040
84415,20091119,BPHX,BLUEPHOENIX SOLUTIONS LTD,M7037810,2.70000,33494
84415,20091120,BPHX,BLUEPHOENIX SOLUTIONS LTD,M7037810,2.67000,43139
84415,20091123,BPHX,BLUEPHOENIX SOLUTIONS LTD,M7037810,2.72000,50925
84415,20091124,BPHX,BLUEPHOENIX SOLUTIONS LTD,M7037810,2.72000,47698
84415,20091125,BPHX,BLUEPHOENIX SOLUTIONS LTD,M7037810,2.62000,86897
84415,20091127,BPHX,BLUEPHOENIX SOLUTIONS LTD,M7037810,2.64000,27547
84415,20091130,BPHX,BLUEPHOENIX SOLUTIONS LTD,M7037810,2.61000,25637
84415,20091201,BPHX,BLUEPHOENIX SOLUTIONS LTD,M7037810,2.59000,49169
84415,20091202,BPHX,BLUEPHOENIX SOLUTIONS LTD,M7037810,2.57000,75247
84415,20091203,BPHX,BLUEPHOENIX SOLUTIONS LTD,M7037810,2.46000,84343
84415,20091204,BPHX,BLUEPHOENIX SOLUTIONS LTD,M7037810,2.56000,36484
84415,20091207,BPHX,BLUEPHOENIX SOLUTIONS LTD,M7037810,2.56000,31334
84415,20091208,BPHX,BLUEPHOENIX SOLUTIONS LTD,M7037810,2.51000,62096
84415,20091209,BPHX,BLUEPHOENIX SOLUTIONS LTD,M7037810,2.57000,45840
84415,20091210,BPHX,BLUEPHOENIX SOLUTIONS LTD,M7037810,2.54000,53659
84415,20091211,BPHX,BLUEPHOENIX SOLUTIONS LTD,M7037810,2.52000,16014
84415,20091214,BPHX,BLUEPHOENIX SOLUTIONS LTD,M7037810,2.48000,88205
84415,20091215,BPHX,BLUEPHOENIX SOLUTIONS LTD,M7037810,2.46000,66927
84415,20091216,BPHX,BLUEPHOENIX SOLUTIONS LTD,M7037810,2.51000,90946
84415,20091217,BPHX,BLUEPHOENIX SOLUTIONS LTD,M7037810,2.55000,79998
84415,20091218,BPHX,BLUEPHOENIX SOLUTIONS LTD,M7037810,2.55000,109860
84415,20091221,BPHX,BLUEPHOENIX SOLUTIONS LTD,M7037810,2.50000,59815
84415,20091222,BPHX,BLUEPHOENIX SOLUTIONS LTD,M7037810,2.54000,56967
84415,20091223,BPHX,BLUEPHOENIX SOLUTIONS LTD,M7037810,2.65000,34683
84415,20091224,BPHX,BLUEPHOENIX SOLUTIONS LTD,M7037810,2.65000,24939
84415,20091228,BPHX,BLUEPHOENIX SOLUTIONS LTD,M7037810,2.63000,107960
84415,20091229,BPHX,BLUEPHOENIX SOLUTIONS LTD,M7037810,2.54010,41990
84415,20091230,BPHX,BLUEPHOENIX SOLUTIONS LTD,M7037810,2.54000,58731
84415,20091231,BPHX,BLUEPHOENIX SOLUTIONS LTD,M7037810,2.53000,103124
84415,20100104,BPHX,BLUEPHOENIX SOLUTIONS LTD,M7037810,2.84000,179017
84415,20100105,BPHX,BLUEPHOENIX SOLUTIONS LTD,M7037810,2.91000,79607
84415,20100106,BPHX,BLUEPHOENIX SOLUTIONS LTD,M7037810,2.94000,76433
84415,20100107,BPHX,BLUEPHOENIX SOLUTIONS LTD,M7037810,2.88000,46324
84415,20100108,BPHX,BLUEPHOENIX SOLUTIONS LTD,M7037810,2.85000,56665
84415,20100111,BPHX,BLUEPHOENIX SOLUTIONS LTD,M7037810,2.87000,98837
84415,20100112,BPHX,BLUEPHOENIX SOLUTIONS LTD,M7037810,2.75000,159664
84415,20100113,BPHX,BLUEPHOENIX SOLUTIONS LTD,M7037810,2.75000,198390
84415,20100114,BPHX,BLUEPHOENIX SOLUTIONS LTD,M7037810,2.71000,24486
84415,20100115,BPHX,BLUEPHOENIX SOLUTIONS LTD,M7037810,2.67000,14611
84415,20100119,BPHX,BLUEPHOENIX SOLUTIONS LTD,M7037810,2.78990,87085
84415,20100120,BPHX,BLUEPHOENIX SOLUTIONS LTD,M7037810,2.77000,61642
84415,20100121,BPHX,BLUEPHOENIX SOLUTIONS LTD,M7037810,2.92000,156634
84415,20100122,BPHX,BLUEPHOENIX SOLUTIONS LTD,M7037810,2.85000,71781
84415,20100125,BPHX,BLUEPHOENIX SOLUTIONS LTD,M7037810,2.85000,44287
84415,20100126,BPHX,BLUEPHOENIX SOLUTIONS LTD,M7037810,2.90000,62214
84415,20100127,BPHX,BLUEPHOENIX SOLUTIONS LTD,M7037810,2.84000,37500
84415,20100128,BPHX,BLUEPHOENIX SOLUTIONS LTD,M7037810,2.80000,86896
84415,20100129,BPHX,BLUEPHOENIX SOLUTIONS LTD,M7037810,2.80000,70079
84415,20100201,BPHX,BLUEPHOENIX SOLUTIONS LTD,M7037810,2.70000,118385
84415,20100202,BPHX,BLUEPHOENIX SOLUTIONS LTD,M7037810,2.90000,242806
84415,20100203,BPHX,BLUEPHOENIX SOLUTIONS LTD,M7037810,2.84000,54927
84415,20100204,BPHX,BLUEPHOENIX SOLUTIONS LTD,M7037810,2.74000,42164
84415,20100205,BPHX,BLUEPHOENIX SOLUTIONS LTD,M7037810,2.74000,68558
84415,20100208,BPHX,BLUEPHOENIX SOLUTIONS LTD,M7037810,2.69000,38017
84415,20100209,BPHX,BLUEPHOENIX SOLUTIONS LTD,M7037810,2.68000,55500
84415,20100210,BPHX,BLUEPHOENIX SOLUTIONS LTD,M7037810,2.60000,47258
84415,20100211,BPHX,BLUEPHOENIX SOLUTIONS LTD,M7037810,2.59000,60546
84415,20100212,BPHX,BLUEPHOENIX SOLUTIONS LTD,M7037810,2.58000,62446
84415,20100216,BPHX,BLUEPHOENIX SOLUTIONS LTD,M7037810,2.69010,93687
84415,20100217,BPHX,BLUEPHOENIX SOLUTIONS LTD,M7037810,2.85000,34925
84415,20100218,BPHX,BLUEPHOENIX SOLUTIONS LTD,M7037810,2.78000,21510
84415,20100219,BPHX,BLUEPHOENIX SOLUTIONS LTD,M7037810,2.93000,31266
84415,20100222,BPHX,BLUEPHOENIX SOLUTIONS LTD,M7037810,2.73000,214143
84415,20100223,BPHX,BLUEPHOENIX SOLUTIONS LTD,M7037810,2.45000,310712
84415,20100224,BPHX,BLUEPHOENIX SOLUTIONS LTD,M7037810,2.32000,245269
84415,20100225,BPHX,BLUEPHOENIX SOLUTIONS LTD,M7037810,2.30000,101838
84415,20100226,BPHX,BLUEPHOENIX SOLUTIONS LTD,M7037810,2.34000,193960
84415,20100301,BPHX,BLUEPHOENIX SOLUTIONS LTD,M7037810,2.38000,163155
84415,20100302,BPHX,BLUEPHOENIX SOLUTIONS LTD,M7037810,2.41000,81980
84415,20100303,BPHX,BLUEPHOENIX SOLUTIONS LTD,M7037810,2.41000,115464
84415,20100304,BPHX,BLUEPHOENIX SOLUTIONS LTD,M7037810,2.39000,30966
84415,20100305,BPHX,BLUEPHOENIX SOLUTIONS LTD,M7037810,2.44000,99498
84415,20100308,BPHX,BLUEPHOENIX SOLUTIONS LTD,M7037810,2.46000,52743
84415,20100309,BPHX,BLUEPHOENIX SOLUTIONS LTD,M7037810,2.40000,35593
84415,20100310,BPHX,BLUEPHOENIX SOLUTIONS LTD,M7037810,2.47000,123451
84415,20100311,BPHX,BLUEPHOENIX SOLUTIONS LTD,M7037810,2.41000,107309
84415,20100312,BPHX,BLUEPHOENIX SOLUTIONS LTD,M7037810,2.48000,135558
84415,20100315,BPHX,BLUEPHOENIX SOLUTIONS LTD,M7037810,2.55000,180145
84415,20100316,BPHX,BLUEPHOENIX SOLUTIONS LTD,M7037810,2.62000,190117
84415,20100317,BPHX,BLUEPHOENIX SOLUTIONS LTD,M7037810,2.59000,163663
84415,20100318,BPHX,BLUEPHOENIX SOLUTIONS LTD,M7037810,2.53000,43486
84415,20100319,BPHX,BLUEPHOENIX SOLUTIONS LTD,M7037810,2.52000,16122
84415,20100322,BPHX,BLUEPHOENIX SOLUTIONS LTD,M7037810,2.47000,13764
84415,20100323,BPHX,BLUEPHOENIX SOLUTIONS LTD,M7037810,2.51000,17926
84415,20100324,BPHX,BLUEPHOENIX SOLUTIONS LTD,M7037810,2.54990,34902
84415,20100325,BPHX,BLUEPHOENIX SOLUTIONS LTD,M7037810,2.48000,22804
84415,20100326,BPHX,BLUEPHOENIX SOLUTIONS LTD,M7037810,2.49000,12498
84415,20100329,BPHX,BLUEPHOENIX SOLUTIONS LTD,M7037810,2.47000,23042
84415,20100330,BPHX,BLUEPHOENIX SOLUTIONS LTD,M7037810,2.46000,28823
84415,20100331,BPHX,BLUEPHOENIX SOLUTIONS LTD,M7037810,2.46000,48487
84415,20100401,BPHX,BLUEPHOENIX SOLUTIONS LTD,M7037810,2.46000,39463
84415,20100405,BPHX,BLUEPHOENIX SOLUTIONS LTD,M7037810,2.47000,28001
84415,20100406,BPHX,BLUEPHOENIX SOLUTIONS LTD,M7037810,2.47000,21373
84415,20100407,BPHX,BLUEPHOENIX SOLUTIONS LTD,M7037810,2.57000,48292
84415,20100408,BPHX,BLUEPHOENIX SOLUTIONS LTD,M7037810,2.48000,14132
84415,20100409,BPHX,BLUEPHOENIX SOLUTIONS LTD,M7037810,2.44000,28020
84415,20100412,BPHX,BLUEPHOENIX SOLUTIONS LTD,M7037810,2.43000,14741
84415,20100413,BPHX,BLUEPHOENIX SOLUTIONS LTD,M7037810,2.42010,23077
84415,20100414,BPHX,BLUEPHOENIX SOLUTIONS LTD,M7037810,2.41000,58015
84415,20100415,BPHX,BLUEPHOENIX SOLUTIONS LTD,M7037810,2.19000,229490
84415,20100416,BPHX,BLUEPHOENIX SOLUTIONS LTD,M7037810,2.33000,146451
84415,20100419,BPHX,BLUEPHOENIX SOLUTIONS LTD,M7037810,2.25000,28866
84415,20100420,BPHX,BLUEPHOENIX SOLUTIONS LTD,M7037810,2.16000,678612
84415,20100421,BPHX,BLUEPHOENIX SOLUTIONS LTD,M7037810,2.21000,264588
84415,20100422,BPHX,BLUEPHOENIX SOLUTIONS LTD,M7037810,2.16000,37591
84415,20100423,BPHX,BLUEPHOENIX SOLUTIONS LTD,M7037810,2.21000,14640
84415,20100426,BPHX,BLUEPHOENIX SOLUTIONS LTD,M7037810,2.22000,46653
84415,20100427,BPHX,BLUEPHOENIX SOLUTIONS LTD,M7037810,2.17000,25455
84415,20100428,BPHX,BLUEPHOENIX SOLUTIONS LTD,M7037810,2.16000,17409
84415,20100429,BPHX,BLUEPHOENIX SOLUTIONS LTD,M7037810,2.14000,42225
84415,20100430,BPHX,BLUEPHOENIX SOLUTIONS LTD,M7037810,2.07000,67382
84415,20100503,BPHX,BLUEPHOENIX SOLUTIONS LTD,M7037810,2.11000,132895
84415,20100504,BPHX,BLUEPHOENIX SOLUTIONS LTD,M7037810,2.04000,91238
84415,20100505,BPHX,BLUEPHOENIX SOLUTIONS LTD,M7037810,2.00000,84066
84415,20100506,BPHX,BLUEPHOENIX SOLUTIONS LTD,M7037810,1.98000,374732
84415,20100507,BPHX,BLUEPHOENIX SOLUTIONS LTD,M7037810,1.91000,65085
84415,20100510,BPHX,BLUEPHOENIX SOLUTIONS LTD,M7037810,1.96000,126578
84415,20100511,BPHX,BLUEPHOENIX SOLUTIONS LTD,M7037810,1.92000,47684
84415,20100512,BPHX,BLUEPHOENIX SOLUTIONS LTD,M7037810,1.98000,42003
84415,20100513,BPHX,BLUEPHOENIX SOLUTIONS LTD,M7037810,1.90000,57723
84415,20100514,BPHX,BLUEPHOENIX SOLUTIONS LTD,M7037810,1.82000,126463
84415,20100517,BPHX,BLUEPHOENIX SOLUTIONS LTD,M7037810,1.71000,70247
84415,20100518,BPHX,BLUEPHOENIX SOLUTIONS LTD,M7037810,1.69990,42575
84415,20100519,BPHX,BLUEPHOENIX SOLUTIONS LTD,M7037810,1.67000,66244
84415,20100520,BPHX,BLUEPHOENIX SOLUTIONS LTD,M7037810,1.59000,118684
84415,20100521,BPHX,BLUEPHOENIX SOLUTIONS LTD,M7037810,1.57000,121405
84415,20100524,BPHX,BLUEPHOENIX SOLUTIONS LTD,M7037810,1.47000,89415
84415,20100525,BPHX,BLUEPHOENIX SOLUTIONS LTD,M7037810,1.50000,172973
84415,20100526,BPHX,BLUEPHOENIX SOLUTIONS LTD,M7037810,1.34000,161078
84415,20100527,BPHX,BLUEPHOENIX SOLUTIONS LTD,M7037810,1.44000,243807
84415,20100528,BPHX,BLUEPHOENIX SOLUTIONS LTD,M7037810,1.44000,121293
84415,20100601,BPHX,BLUEPHOENIX SOLUTIONS LTD,M7037810,1.39000,82513
84415,20100602,BPHX,BLUEPHOENIX SOLUTIONS LTD,M7037810,1.40000,46781
84415,20100603,BPHX,BLUEPHOENIX SOLUTIONS LTD,M7037810,1.41000,23736
84415,20100604,BPHX,BLUEPHOENIX SOLUTIONS LTD,M7037810,1.36000,19298
84415,20100607,BPHX,BLUEPHOENIX SOLUTIONS LTD,M7037810,1.28000,48948
84415,20100608,BPHX,BLUEPHOENIX SOLUTIONS LTD,M7037810,1.25000,40192
84415,20100609,BPHX,BLUEPHOENIX SOLUTIONS LTD,M7037810,1.22000,148875
84415,20100610,BPHX,BLUEPHOENIX SOLUTIONS LTD,M7037810,1.26000,290174
84415,20100611,BPHX,BLUEPHOENIX SOLUTIONS LTD,M7037810,1.31000,510767
84415,20100614,BPHX,BLUEPHOENIX SOLUTIONS LTD,M7037810,1.38000,94328
84415,20100615,BPHX,BLUEPHOENIX SOLUTIONS LTD,M7037810,1.49000,131661
84415,20100616,BPHX,BLUEPHOENIX SOLUTIONS LTD,M7037810,1.48000,111125
84415,20100617,BPHX,BLUEPHOENIX SOLUTIONS LTD,M7037810,1.49000,37735
84415,20100618,BPHX,BLUEPHOENIX SOLUTIONS LTD,M7037810,1.47000,28619
84415,20100621,BPHX,BLUEPHOENIX SOLUTIONS LTD,M7037810,1.46000,66658
84415,20100622,BPHX,BLUEPHOENIX SOLUTIONS LTD,M7037810,1.40000,19937
84415,20100623,BPHX,BLUEPHOENIX SOLUTIONS LTD,M7037810,1.35000,27513
84415,20100624,BPHX,BLUEPHOENIX SOLUTIONS LTD,M7037810,1.37000,45920
84415,20100625,BPHX,BLUEPHOENIX SOLUTIONS LTD,M7037810,1.39000,201041
84415,20100628,BPHX,BLUEPHOENIX SOLUTIONS LTD,M7037810,1.29000,46242
84415,20100629,BPHX,BLUEPHOENIX SOLUTIONS LTD,M7037810,1.28000,199622
84415,20100630,BPHX,BLUEPHOENIX SOLUTIONS LTD,M7037810,1.22000,155099
84415,20100701,BPHX,BLUEPHOENIX SOLUTIONS LTD,M7037810,1.22000,127146
84415,20100702,BPHX,BLUEPHOENIX SOLUTIONS LTD,M7037810,1.22000,55356
84415,20100706,BPHX,BLUEPHOENIX SOLUTIONS LTD,M7037810,1.20000,185221
84415,20100707,BPHX,BLUEPHOENIX SOLUTIONS LTD,M7037810,1.29000,350968
84415,20100708,BPHX,BLUEPHOENIX SOLUTIONS LTD,M7037810,1.30000,110775
84415,20100709,BPHX,BLUEPHOENIX SOLUTIONS LTD,M7037810,1.35000,144628
84415,20100712,BPHX,BLUEPHOENIX SOLUTIONS LTD,M7037810,1.35990,52647
84415,20100713,BPHX,BLUEPHOENIX SOLUTIONS LTD,M7037810,1.43000,153619
84415,20100714,BPHX,BLUEPHOENIX SOLUTIONS LTD,M7037810,1.45000,124388
84415,20100715,BPHX,BLUEPHOENIX SOLUTIONS LTD,M7037810,1.44000,80925
84415,20100716,BPHX,BLUEPHOENIX SOLUTIONS LTD,M7037810,1.42990,80298
84415,20100719,BPHX,BLUEPHOENIX SOLUTIONS LTD,M7037810,1.46000,15870
84415,20100720,BPHX,BLUEPHOENIX SOLUTIONS LTD,M7037810,1.52000,63184
84415,20100721,BPHX,BLUEPHOENIX SOLUTIONS LTD,M7037810,1.51000,92350
84415,20100722,BPHX,BLUEPHOENIX SOLUTIONS LTD,M7037810,1.60000,55765
84415,20100723,BPHX,BLUEPHOENIX SOLUTIONS LTD,M7037810,1.55000,34220
84415,20100726,BPHX,BLUEPHOENIX SOLUTIONS LTD,M7037810,1.51000,36776
84415,20100727,BPHX,BLUEPHOENIX SOLUTIONS LTD,M7037810,1.53000,53369
84415,20100728,BPHX,BLUEPHOENIX SOLUTIONS LTD,M7037810,1.52000,103730
84415,20100729,BPHX,BLUEPHOENIX SOLUTIONS LTD,M7037810,1.64000,229159
84415,20100730,BPHX,BLUEPHOENIX SOLUTIONS LTD,M7037810,1.61000,42862
84415,20100802,BPHX,BLUEPHOENIX SOLUTIONS LTD,M7037810,1.65000,68159
84415,20100803,BPHX,BLUEPHOENIX SOLUTIONS LTD,M7037810,1.69680,62606
84415,20100804,BPHX,BLUEPHOENIX SOLUTIONS LTD,M7037810,1.72000,61230
84415,20100805,BPHX,BLUEPHOENIX SOLUTIONS LTD,M7037810,1.81000,61418
84415,20100806,BPHX,BLUEPHOENIX SOLUTIONS LTD,M7037810,1.79000,118722
84415,20100809,BPHX,BLUEPHOENIX SOLUTIONS LTD,M7037810,1.77000,78943
84415,20100810,BPHX,BLUEPHOENIX SOLUTIONS LTD,M7037810,1.71000,37724
84415,20100811,BPHX,BLUEPHOENIX SOLUTIONS LTD,M7037810,1.61000,113004
84415,20100812,BPHX,BLUEPHOENIX SOLUTIONS LTD,M7037810,1.62000,145547
84415,20100813,BPHX,BLUEPHOENIX SOLUTIONS LTD,M7037810,1.60000,11682
84415,20100816,BPHX,BLUEPHOENIX SOLUTIONS LTD,M7037810,1.59000,44768
84415,20100817,BPHX,BLUEPHOENIX SOLUTIONS LTD,M7037810,1.55000,260280
84415,20100818,BPHX,BLUEPHOENIX SOLUTIONS LTD,M7037810,1.59000,24067
84415,20100819,BPHX,BLUEPHOENIX SOLUTIONS LTD,M7037810,1.46000,128503
84415,20100820,BPHX,BLUEPHOENIX SOLUTIONS LTD,M7037810,1.51000,45282
84415,20100823,BPHX,BLUEPHOENIX SOLUTIONS LTD,M7037810,1.48000,22819
84415,20100824,BPHX,BLUEPHOENIX SOLUTIONS LTD,M7037810,1.45000,24651
84415,20100825,BPHX,BLUEPHOENIX SOLUTIONS LTD,M7037810,1.51000,77486
84415,20100826,BPHX,BLUEPHOENIX SOLUTIONS LTD,M7037810,1.52000,34404
84415,20100827,BPHX,BLUEPHOENIX SOLUTIONS LTD,M7037810,1.55000,15006
84415,20100830,BPHX,BLUEPHOENIX SOLUTIONS LTD,M7037810,1.59000,8694
84415,20100831,BPHX,BLUEPHOENIX SOLUTIONS LTD,M7037810,1.53000,46834
84415,20100901,BPHX,BLUEPHOENIX SOLUTIONS LTD,M7037810,1.56440,38153
84415,20100902,BPHX,BLUEPHOENIX SOLUTIONS LTD,M7037810,1.60000,48531
84415,20100903,BPHX,BLUEPHOENIX SOLUTIONS LTD,M7037810,1.69000,127524
84415,20100907,BPHX,BLUEPHOENIX SOLUTIONS LTD,M7037810,1.79000,82064
84415,20100908,BPHX,BLUEPHOENIX SOLUTIONS LTD,M7037810,1.84000,65249
84415,20100909,BPHX,BLUEPHOENIX SOLUTIONS LTD,M7037810,1.83000,25400
84415,20100910,BPHX,BLUEPHOENIX SOLUTIONS LTD,M7037810,1.80000,26935
84415,20100913,BPHX,BLUEPHOENIX SOLUTIONS LTD,M7037810,1.83990,78179
84415,20100914,BPHX,BLUEPHOENIX SOLUTIONS LTD,M7037810,1.83000,49237
84415,20100915,BPHX,BLUEPHOENIX SOLUTIONS LTD,M7037810,1.85000,65175
84415,20100916,BPHX,BLUEPHOENIX SOLUTIONS LTD,M7037810,1.83000,41591
84415,20100917,BPHX,BLUEPHOENIX SOLUTIONS LTD,M7037810,1.94000,280686
84415,20100920,BPHX,BLUEPHOENIX SOLUTIONS LTD,M7037810,2.12000,534525
84415,20100921,BPHX,BLUEPHOENIX SOLUTIONS LTD,M7037810,2.30000,962819
84415,20100922,BPHX,BLUEPHOENIX SOLUTIONS LTD,M7037810,2.25500,166152
84415,20100923,BPHX,BLUEPHOENIX SOLUTIONS LTD,M7037810,2.23000,178914
84415,20100924,BPHX,BLUEPHOENIX SOLUTIONS LTD,M7037810,2.35010,109220
84415,20100927,BPHX,BLUEPHOENIX SOLUTIONS LTD,M7037810,2.30000,53156
84415,20100928,BPHX,BLUEPHOENIX SOLUTIONS LTD,M7037810,2.24000,45349
84415,20100929,BPHX,BLUEPHOENIX SOLUTIONS LTD,M7037810,2.25000,32867
84415,20100930,BPHX,BLUEPHOENIX SOLUTIONS LTD,M7037810,2.25000,36088
84415,20101001,BPHX,BLUEPHOENIX SOLUTIONS LTD,M7037810,2.32000,104152
84415,20101004,BPHX,BLUEPHOENIX SOLUTIONS LTD,M7037810,2.24000,34570
84415,20101005,BPHX,BLUEPHOENIX SOLUTIONS LTD,M7037810,2.23000,66489
84415,20101006,BPHX,BLUEPHOENIX SOLUTIONS LTD,M7037810,2.19000,58676
84415,20101007,BPHX,BLUEPHOENIX SOLUTIONS LTD,M7037810,2.17000,34216
84415,20101008,BPHX,BLUEPHOENIX SOLUTIONS LTD,M7037810,2.22000,40188
84415,20101011,BPHX,BLUEPHOENIX SOLUTIONS LTD,M7037810,2.18000,51483
84415,20101012,BPHX,BLUEPHOENIX SOLUTIONS LTD,M7037810,2.26000,70803
84415,20101013,BPHX,BLUEPHOENIX SOLUTIONS LTD,M7037810,2.23000,16595
84415,20101014,BPHX,BLUEPHOENIX SOLUTIONS LTD,M7037810,2.22000,37373
84415,20101015,BPHX,BLUEPHOENIX SOLUTIONS LTD,M7037810,2.24000,47864
84415,20101018,BPHX,BLUEPHOENIX SOLUTIONS LTD,M7037810,2.23000,62801
84415,20101019,BPHX,BLUEPHOENIX SOLUTIONS LTD,M7037810,2.19000,92617
84415,20101020,BPHX,BLUEPHOENIX SOLUTIONS LTD,M7037810,2.21000,28139
84415,20101021,BPHX,BLUEPHOENIX SOLUTIONS LTD,M7037810,2.21000,36278
84415,20101022,BPHX,BLUEPHOENIX SOLUTIONS LTD,M7037810,2.19000,52641
84415,20101025,BPHX,BLUEPHOENIX SOLUTIONS LTD,M7037810,2.20190,98442
84415,20101026,BPHX,BLUEPHOENIX SOLUTIONS LTD,M7037810,2.18190,53857
84415,20101027,BPHX,BLUEPHOENIX SOLUTIONS LTD,M7037810,2.17000,44768
84415,20101028,BPHX,BLUEPHOENIX SOLUTIONS LTD,M7037810,2.17000,44059
84415,20101029,BPHX,BLUEPHOENIX SOLUTIONS LTD,M7037810,2.17190,71534
84415,20101101,BPHX,BLUEPHOENIX SOLUTIONS LTD,M7037810,2.17000,46556
84415,20101102,BPHX,BLUEPHOENIX SOLUTIONS LTD,M7037810,2.18000,17380
84415,20101103,BPHX,BLUEPHOENIX SOLUTIONS LTD,M7037810,2.18000,21607
84415,20101104,BPHX,BLUEPHOENIX SOLUTIONS LTD,M7037810,2.20000,99857
84415,20101105,BPHX,BLUEPHOENIX SOLUTIONS LTD,M7037810,2.19000,68411
84415,20101108,BPHX,BLUEPHOENIX SOLUTIONS LTD,M7037810,2.17000,41695
84415,20101109,BPHX,BLUEPHOENIX SOLUTIONS LTD,M7037810,2.16000,48254
84415,20101110,BPHX,BLUEPHOENIX SOLUTIONS LTD,M7037810,2.14000,176743
84415,20101111,BPHX,BLUEPHOENIX SOLUTIONS LTD,M7037810,2.10050,65894
84415,20101112,BPHX,BLUEPHOENIX SOLUTIONS LTD,M7037810,2.07000,86693
84415,20101115,BPHX,BLUEPHOENIX SOLUTIONS LTD,M7037810,2.05000,120759
84415,20101116,BPHX,BLUEPHOENIX SOLUTIONS LTD,M7037810,2.01000,69794
84415,20101117,BPHX,BLUEPHOENIX SOLUTIONS LTD,M7037810,2.00000,35318
84415,20101118,BPHX,BLUEPHOENIX SOLUTIONS LTD,M7037810,1.98190,146920
84415,20101119,BPHX,BLUEPHOENIX SOLUTIONS LTD,M7037810,2.00000,21367
84415,20101122,BPHX,BLUEPHOENIX SOLUTIONS LTD,M7037810,1.95000,62157
84415,20101123,BPHX,BLUEPHOENIX SOLUTIONS LTD,M7037810,1.94000,30530
84415,20101124,BPHX,BLUEPHOENIX SOLUTIONS LTD,M7037810,1.94000,36263
84415,20101126,BPHX,BLUEPHOENIX SOLUTIONS LTD,M7037810,1.94000,24694
84415,20101129,BPHX,BLUEPHOENIX SOLUTIONS LTD,M7037810,1.95000,31000
84415,20101130,BPHX,BLUEPHOENIX SOLUTIONS LTD,M7037810,1.83000,639494
84415,20101201,BPHX,BLUEPHOENIX SOLUTIONS LTD,M7037810,1.84000,399788
84415,20101202,BPHX,BLUEPHOENIX SOLUTIONS LTD,M7037810,1.89000,73175
84415,20101203,BPHX,BLUEPHOENIX SOLUTIONS LTD,M7037810,1.87000,36222
84415,20101206,BPHX,BLUEPHOENIX SOLUTIONS LTD,M7037810,1.87190,70236
84415,20101207,BPHX,BLUEPHOENIX SOLUTIONS LTD,M7037810,1.85000,44619
84415,20101208,BPHX,BLUEPHOENIX SOLUTIONS LTD,M7037810,1.84000,28035
84415,20101209,BPHX,BLUEPHOENIX SOLUTIONS LTD,M7037810,1.84000,34691
84415,20101210,BPHX,BLUEPHOENIX SOLUTIONS LTD,M7037810,1.84000,72815
84415,20101213,BPHX,BLUEPHOENIX SOLUTIONS LTD,M7037810,1.85000,267054
84415,20101214,BPHX,BLUEPHOENIX SOLUTIONS LTD,M7037810,1.84000,145407
84415,20101215,BPHX,BLUEPHOENIX SOLUTIONS LTD,M7037810,1.80000,112607
84415,20101216,BPHX,BLUEPHOENIX SOLUTIONS LTD,M7037810,1.82000,92191
84415,20101217,BPHX,BLUEPHOENIX SOLUTIONS LTD,M7037810,1.83190,86212
84415,20101220,BPHX,BLUEPHOENIX SOLUTIONS LTD,M7037810,1.83000,51403
84415,20101221,BPHX,BLUEPHOENIX SOLUTIONS LTD,M7037810,1.88190,96565
84415,20101222,BPHX,BLUEPHOENIX SOLUTIONS LTD,M7037810,1.87000,130675
84415,20101223,BPHX,BLUEPHOENIX SOLUTIONS LTD,M7037810,1.90000,348204
84415,20101227,BPHX,BLUEPHOENIX SOLUTIONS LTD,M7037810,1.90000,46340
84415,20101228,BPHX,BLUEPHOENIX SOLUTIONS LTD,M7037810,1.97000,72417
84415,20101229,BPHX,BLUEPHOENIX SOLUTIONS LTD,M7037810,2.02000,88493
84415,20101230,BPHX,BLUEPHOENIX SOLUTIONS LTD,M7037810,2.07000,48960
84415,20101231,BPHX,BLUEPHOENIX SOLUTIONS LTD,M7037810,2.10000,45761
84415,20110103,BPHX,BLUEPHOENIX SOLUTIONS LTD,M7037810,2.26000,85473
84415,20110104,BPHX,BLUEPHOENIX SOLUTIONS LTD,M7037810,2.32500,112006
84415,20110105,BPHX,BLUEPHOENIX SOLUTIONS LTD,M7037810,2.45000,160116
84415,20110106,BPHX,BLUEPHOENIX SOLUTIONS LTD,M7037810,2.42000,69606
84415,20110107,BPHX,BLUEPHOENIX SOLUTIONS LTD,M7037810,2.44000,47361
84415,20110110,BPHX,BLUEPHOENIX SOLUTIONS LTD,M7037810,2.40000,34623
84415,20110111,BPHX,BLUEPHOENIX SOLUTIONS LTD,M7037810,2.35000,54086
84415,20110112,BPHX,BLUEPHOENIX SOLUTIONS LTD,M7037810,2.40000,113773
84415,20110113,BPHX,BLUEPHOENIX SOLUTIONS LTD,M7037810,2.48000,297043
84415,20110114,BPHX,BLUEPHOENIX SOLUTIONS LTD,M7037810,2.49990,106874
84415,20110118,BPHX,BLUEPHOENIX SOLUTIONS LTD,M7037810,2.45000,56881
84415,20110119,BPHX,BLUEPHOENIX SOLUTIONS LTD,M7037810,2.44000,87297
84415,20110120,BPHX,BLUEPHOENIX SOLUTIONS LTD,M7037810,2.41300,34555
84415,20110121,BPHX,BLUEPHOENIX SOLUTIONS LTD,M7037810,2.40000,23064
84415,20110124,BPHX,BLUEPHOENIX SOLUTIONS LTD,M7037810,2.40000,33477
84415,20110125,BPHX,BLUEPHOENIX SOLUTIONS LTD,M7037810,2.38000,2427
84415,20110126,BPHX,BLUEPHOENIX SOLUTIONS LTD,M7037810,2.37000,47504
84415,20110127,BPHX,BLUEPHOENIX SOLUTIONS LTD,M7037810,2.37000,58558
84415,20110128,BPHX,BLUEPHOENIX SOLUTIONS LTD,M7037810,2.33000,57641
84415,20110131,BPHX,BLUEPHOENIX SOLUTIONS LTD,M7037810,2.29000,119537
84415,20110201,BPHX,BLUEPHOENIX SOLUTIONS LTD,M7037810,2.27000,56812
84415,20110202,BPHX,BLUEPHOENIX SOLUTIONS LTD,M7037810,2.27000,150884
84415,20110203,BPHX,BLUEPHOENIX SOLUTIONS LTD,M7037810,2.24000,50292
84415,20110204,BPHX,BLUEPHOENIX SOLUTIONS LTD,M7037810,2.23000,29094
84415,20110207,BPHX,BLUEPHOENIX SOLUTIONS LTD,M7037810,2.23000,87779
84415,20110208,BPHX,BLUEPHOENIX SOLUTIONS LTD,M7037810,2.20000,49100
84415,20110209,BPHX,BLUEPHOENIX SOLUTIONS LTD,M7037810,2.23000,268530
84415,20110210,BPHX,BLUEPHOENIX SOLUTIONS LTD,M7037810,2.18000,62147
84415,20110211,BPHX,BLUEPHOENIX SOLUTIONS LTD,M7037810,2.18000,54542
84415,20110214,BPHX,BLUEPHOENIX SOLUTIONS LTD,M7037810,2.17000,12934
84415,20110215,BPHX,BLUEPHOENIX SOLUTIONS LTD,M7037810,2.16000,36210
84415,20110216,BPHX,BLUEPHOENIX SOLUTIONS LTD,M7037810,2.19000,12005
84415,20110217,BPHX,BLUEPHOENIX SOLUTIONS LTD,M7037810,2.19000,10503
84415,20110218,BPHX,BLUEPHOENIX SOLUTIONS LTD,M7037810,2.18000,50656
84415,20110222,BPHX,BLUEPHOENIX SOLUTIONS LTD,M7037810,2.15000,35639
84415,20110223,BPHX,BLUEPHOENIX SOLUTIONS LTD,M7037810,2.10000,15346
84415,20110224,BPHX,BLUEPHOENIX SOLUTIONS LTD,M7037810,2.09000,43443
84415,20110225,BPHX,BLUEPHOENIX SOLUTIONS LTD,M7037810,2.05000,35505
84415,20110228,BPHX,BLUEPHOENIX SOLUTIONS LTD,M7037810,1.94000,133747
84415,20110301,BPHX,BLUEPHOENIX SOLUTIONS LTD,M7037810,1.87000,77086
84415,20110302,BPHX,BLUEPHOENIX SOLUTIONS LTD,M7037810,1.86000,20457
84415,20110303,BPHX,BLUEPHOENIX SOLUTIONS LTD,M7037810,1.89010,38228
84415,20110304,BPHX,BLUEPHOENIX SOLUTIONS LTD,M7037810,1.89000,40568
84415,20110307,BPHX,BLUEPHOENIX SOLUTIONS LTD,M7037810,1.82000,10705
84415,20110308,BPHX,BLUEPHOENIX SOLUTIONS LTD,M7037810,1.83000,20000
84415,20110309,BPHX,BLUEPHOENIX SOLUTIONS LTD,M7037810,1.80000,27200
84415,20110310,BPHX,BLUEPHOENIX SOLUTIONS LTD,M7037810,1.80000,37326
84415,20110311,BPHX,BLUEPHOENIX SOLUTIONS LTD,M7037810,1.80000,47173
84415,20110314,BPHX,BLUEPHOENIX SOLUTIONS LTD,M7037810,1.76000,27255
84415,20110315,BPHX,BLUEPHOENIX SOLUTIONS LTD,M7037810,1.73000,31284
84415,20110316,BPHX,BLUEPHOENIX SOLUTIONS LTD,M7037810,1.69450,123024
84415,20110317,BPHX,BLUEPHOENIX SOLUTIONS LTD,M7037810,1.71000,62258
84415,20110318,BPHX,BLUEPHOENIX SOLUTIONS LTD,M7037810,1.72000,17106
84415,20110321,BPHX,BLUEPHOENIX SOLUTIONS LTD,M7037810,1.76000,52724
84415,20110322,BPHX,BLUEPHOENIX SOLUTIONS LTD,M7037810,1.76000,26690
84415,20110323,BPHX,BLUEPHOENIX SOLUTIONS LTD,M7037810,1.76000,11750
84415,20110324,BPHX,BLUEPHOENIX SOLUTIONS LTD,M7037810,1.78000,50165
84415,20110325,BPHX,BLUEPHOENIX SOLUTIONS LTD,M7037810,1.83000,29190
84415,20110328,BPHX,BLUEPHOENIX SOLUTIONS LTD,M7037810,1.90000,32103
84415,20110329,BPHX,BLUEPHOENIX SOLUTIONS LTD,M7037810,1.93000,8910
84415,20110330,BPHX,BLUEPHOENIX SOLUTIONS LTD,M7037810,1.93000,10791
84415,20110331,BPHX,BLUEPHOENIX SOLUTIONS LTD,M7037810,1.92000,19058
84415,20110401,BPHX,BLUEPHOENIX SOLUTIONS LTD,M7037810,1.91000,8200
84415,20110404,BPHX,BLUEPHOENIX SOLUTIONS LTD,M7037810,1.90000,7500
84415,20110405,BPHX,BLUEPHOENIX SOLUTIONS LTD,M7037810,1.88000,30319
84415,20110406,BPHX,BLUEPHOENIX SOLUTIONS LTD,M7037810,1.91000,41705
84415,20110407,BPHX,BLUEPHOENIX SOLUTIONS LTD,M7037810,1.93000,5400
84415,20110408,BPHX,BLUEPHOENIX SOLUTIONS LTD,M7037810,1.90000,19890
84415,20110411,BPHX,BLUEPHOENIX SOLUTIONS LTD,M7037810,1.87000,4224
84415,20110412,BPHX,BLUEPHOENIX SOLUTIONS LTD,M7037810,1.83000,99946
84415,20110413,BPHX,BLUEPHOENIX SOLUTIONS LTD,M7037810,1.85000,12970
84415,20110414,BPHX,BLUEPHOENIX SOLUTIONS LTD,M7037810,1.85000,2300
84415,20110415,BPHX,BLUEPHOENIX SOLUTIONS LTD,M7037810,1.83000,63428
84415,20110418,BPHX,BLUEPHOENIX SOLUTIONS LTD,M7037810,1.82000,23690
84415,20110419,BPHX,BLUEPHOENIX SOLUTIONS LTD,M7037810,1.83000,5682
84415,20110420,BPHX,BLUEPHOENIX SOLUTIONS LTD,M7037810,1.86000,14888
84415,20110421,BPHX,BLUEPHOENIX SOLUTIONS LTD,M7037810,1.88000,30300
84415,20110425,BPHX,BLUEPHOENIX SOLUTIONS LTD,M7037810,1.88000,46396
84415,20110426,BPHX,BLUEPHOENIX SOLUTIONS LTD,M7037810,1.88000,47429
84415,20110427,BPHX,BLUEPHOENIX SOLUTIONS LTD,M7037810,1.89000,36563
84415,20110428,BPHX,BLUEPHOENIX SOLUTIONS LTD,M7037810,1.87010,46896
84415,20110429,BPHX,BLUEPHOENIX SOLUTIONS LTD,M7037810,1.84010,4863
84415,20110502,BPHX,BLUEPHOENIX SOLUTIONS LTD,M7037810,1.77000,20675
84415,20110503,BPHX,BLUEPHOENIX SOLUTIONS LTD,M7037810,1.71000,3551
84415,20110504,BPHX,BLUEPHOENIX SOLUTIONS LTD,M7037810,1.80010,1944
84415,20110505,BPHX,BLUEPHOENIX SOLUTIONS LTD,M7037810,1.66990,28183
84415,20110506,BPHX,BLUEPHOENIX SOLUTIONS LTD,M7037810,1.62000,23900
84415,20110509,BPHX,BLUEPHOENIX SOLUTIONS LTD,M7037810,1.65000,51570
84415,20110510,BPHX,BLUEPHOENIX SOLUTIONS LTD,M7037810,1.68000,76070
84415,20110511,BPHX,BLUEPHOENIX SOLUTIONS LTD,M7037810,1.65000,13714
84415,20110512,BPHX,BLUEPHOENIX SOLUTIONS LTD,M7037810,1.60000,17650
84415,20110513,BPHX,BLUEPHOENIX SOLUTIONS LTD,M7037810,1.56010,27448
84415,20110516,BPHX,BLUEPHOENIX SOLUTIONS LTD,M7037810,1.59000,31015
84415,20110517,BPHX,BLUEPHOENIX SOLUTIONS LTD,M7037810,1.51000,22013
84415,20110518,BPHX,BLUEPHOENIX SOLUTIONS LTD,M7037810,1.50000,23438
84415,20110519,BPHX,BLUEPHOENIX SOLUTIONS LTD,M7037810,1.48990,900
84415,20110520,BPHX,BLUEPHOENIX SOLUTIONS LTD,M7037810,1.45000,6996
84415,20110523,BPHX,BLUEPHOENIX SOLUTIONS LTD,M7037810,1.34000,31985
84415,20110524,BPHX,BLUEPHOENIX SOLUTIONS LTD,M7037810,1.39000,26969
84415,20110525,BPHX,BLUEPHOENIX SOLUTIONS LTD,M7037810,1.31000,22315
84415,20110526,BPHX,BLUEPHOENIX SOLUTIONS LTD,M7037810,1.38990,12210
84415,20110527,BPHX,BLUEPHOENIX SOLUTIONS LTD,M7037810,1.34990,2533
84415,20110531,BPHX,BLUEPHOENIX SOLUTIONS LTD,M7037810,1.28900,18033
84415,20110601,BPHX,BLUEPHOENIX SOLUTIONS LTD,M7037810,1.25000,5550
84415,20110602,BPHX,BLUEPHOENIX SOLUTIONS LTD,M7037810,1.27000,13975
84415,20110603,BPHX,BLUEPHOENIX SOLUTIONS LTD,M7037810,1.24000,9357
84415,20110606,BPHX,BLUEPHOENIX SOLUTIONS LTD,M7037810,1.20000,13181
84415,20110607,BPHX,BLUEPHOENIX SOLUTIONS LTD,M7037810,1.19000,5700
84415,20110608,BPHX,BLUEPHOENIX SOLUTIONS LTD,M7037810,1.18000,3200
84415,20110609,BPHX,BLUEPHOENIX SOLUTIONS LTD,M7037810,1.21000,70123
84415,20110610,BPHX,BLUEPHOENIX SOLUTIONS LTD,M7037810,1.14000,42946
84415,20110613,BPHX,BLUEPHOENIX SOLUTIONS LTD,M7037810,1.10000,13585
84415,20110614,BPHX,BLUEPHOENIX SOLUTIONS LTD,M7037810,1.08000,21000
84415,20110615,BPHX,BLUEPHOENIX SOLUTIONS LTD,M7037810,1.05000,11322
84415,20110616,BPHX,BLUEPHOENIX SOLUTIONS LTD,M7037810,1.04000,84582
84415,20110617,BPHX,BLUEPHOENIX SOLUTIONS LTD,M7037810,1.04000,11700
84415,20110620,BPHX,BLUEPHOENIX SOLUTIONS LTD,M7037810,1.02000,21450
84415,20110621,BPHX,BLUEPHOENIX SOLUTIONS LTD,M7037810,1.01000,27110
84415,20110622,BPHX,BLUEPHOENIX SOLUTIONS LTD,M7037810,1.01000,7473
84415,20110623,BPHX,BLUEPHOENIX SOLUTIONS LTD,M7037810,1.03000,18152
84415,20110624,BPHX,BLUEPHOENIX SOLUTIONS LTD,M7037810,1.02000,7681
84415,20110627,BPHX,BLUEPHOENIX SOLUTIONS LTD,M7037810,1.10000,91599
84415,20110628,BPHX,BLUEPHOENIX SOLUTIONS LTD,M7037810,1.16000,12398
84415,20110629,BPHX,BLUEPHOENIX SOLUTIONS LTD,M7037810,1.23000,21562
84415,20110630,BPHX,BLUEPHOENIX SOLUTIONS LTD,M7037810,1.17000,4500
84415,20110701,BPHX,BLUEPHOENIX SOLUTIONS LTD,M7037810,1.16000,15100
84415,20110705,BPHX,BLUEPHOENIX SOLUTIONS LTD,M7037810,1.20000,3405
84415,20110706,BPHX,BLUEPHOENIX SOLUTIONS LTD,M7037810,1.19000,6641
84415,20110707,BPHX,BLUEPHOENIX SOLUTIONS LTD,M7037810,1.21000,10157
84415,20110708,BPHX,BLUEPHOENIX SOLUTIONS LTD,M7037810,1.20000,11826
84415,20110711,BPHX,BLUEPHOENIX SOLUTIONS LTD,M7037810,1.13000,32183
84415,20110712,BPHX,BLUEPHOENIX SOLUTIONS LTD,M7037810,1.11000,56669
84415,20110713,BPHX,BLUEPHOENIX SOLUTIONS LTD,M7037810,1.12000,3913
84415,20110714,BPHX,BLUEPHOENIX SOLUTIONS LTD,M7037810,1.06000,12805
84415,20110715,BPHX,BLUEPHOENIX SOLUTIONS LTD,M7037810,1.07000,2895
84415,20110718,BPHX,BLUEPHOENIX SOLUTIONS LTD,M7037810,1.10000,12912
84415,20110719,BPHX,BLUEPHOENIX SOLUTIONS LTD,M7037810,1.12000,5601
84415,20110720,BPHX,BLUEPHOENIX SOLUTIONS LTD,M7037810,1.14000,4430
84415,20110721,BPHX,BLUEPHOENIX SOLUTIONS LTD,M7037810,1.15000,13132
84415,20110722,BPHX,BLUEPHOENIX SOLUTIONS LTD,M7037810,1.17000,350
84415,20110725,BPHX,BLUEPHOENIX SOLUTIONS LTD,M7037810,1.18000,10600
84415,20110726,BPHX,BLUEPHOENIX SOLUTIONS LTD,M7037810,1.21000,14808
84415,20110727,BPHX,BLUEPHOENIX SOLUTIONS LTD,M7037810,1.18000,10784
84415,20110728,BPHX,BLUEPHOENIX SOLUTIONS LTD,M7037810,1.20000,3458
84415,20110729,BPHX,BLUEPHOENIX SOLUTIONS LTD,M7037810,1.17000,13958
84415,20110801,BPHX,BLUEPHOENIX SOLUTIONS LTD,M7037810,1.17000,6579
84415,20110802,BPHX,BLUEPHOENIX SOLUTIONS LTD,M7037810,1.15000,21093
84415,20110803,BPHX,BLUEPHOENIX SOLUTIONS LTD,M7037810,1.15210,8617
84415,20110804,BPHX,BLUEPHOENIX SOLUTIONS LTD,M7037810,1.06000,25288
84415,20110805,BPHX,BLUEPHOENIX SOLUTIONS LTD,M7037810,1.04000,8432
84415,20110808,BPHX,BLUEPHOENIX SOLUTIONS LTD,M7037810,0.99000,34858
84415,20110809,BPHX,BLUEPHOENIX SOLUTIONS LTD,M7037810,0.99000,17200
84415,20110810,BPHX,BLUEPHOENIX SOLUTIONS LTD,M7037810,0.94100,35090
84415,20110811,BPHX,BLUEPHOENIX SOLUTIONS LTD,M7037810,0.95000,38815
84415,20110812,BPHX,BLUEPHOENIX SOLUTIONS LTD,M7037810,0.96170,7100
84415,20110815,BPHX,BLUEPHOENIX SOLUTIONS LTD,M7037810,0.95000,32783
84415,20110816,BPHX,BLUEPHOENIX SOLUTIONS LTD,M7037810,0.94000,25912
84415,20110817,BPHX,BLUEPHOENIX SOLUTIONS LTD,M7037810,0.94000,12478
84415,20110818,BPHX,BLUEPHOENIX SOLUTIONS LTD,M7037810,0.91010,39296
84415,20110819,BPHX,BLUEPHOENIX SOLUTIONS LTD,M7037810,0.94000,33700
84415,20110822,BPHX,BLUEPHOENIX SOLUTIONS LTD,M7037810,0.92010,56067
84415,20110823,BPHX,BLUEPHOENIX SOLUTIONS LTD,M7037810,0.90000,5200
84415,20110824,BPHX,BLUEPHOENIX SOLUTIONS LTD,M7037810,0.87010,15900
84415,20110825,BPHX,BLUEPHOENIX SOLUTIONS LTD,M7037810,0.87000,9698
84415,20110826,BPHX,BLUEPHOENIX SOLUTIONS LTD,M7037810,0.86990,1601
84415,20110829,BPHX,BLUEPHOENIX SOLUTIONS LTD,M7037810,0.87000,2100
84415,20110830,BPHX,BLUEPHOENIX SOLUTIONS LTD,M7037810,0.96700,6931
84415,20110831,BPHX,BLUEPHOENIX SOLUTIONS LTD,M7037810,0.99700,11079
84415,20110901,BPHX,BLUEPHOENIX SOLUTIONS LTD,M7037810,0.88000,75486
84415,20110902,BPHX,BLUEPHOENIX SOLUTIONS LTD,M7037810,0.82500,38834
84415,20110906,BPHX,BLUEPHOENIX SOLUTIONS LTD,M7037810,0.83000,18565
84415,20110907,BPHX,BLUEPHOENIX SOLUTIONS LTD,M7037810,0.80000,58291
84415,20110908,BPHX,BLUEPHOENIX SOLUTIONS LTD,M7037810,0.78000,41905
84415,20110909,BPHX,BLUEPHOENIX SOLUTIONS LTD,M7037810,0.76900,10030
84415,20110912,BPHX,BLUEPHOENIX SOLUTIONS LTD,M7037810,0.69000,46493
84415,20110913,BPHX,BLUEPHOENIX SOLUTIONS LTD,M7037810,0.65000,14025
84415,20110914,BPHX,BLUEPHOENIX SOLUTIONS LTD,M7037810,0.67000,38302
84415,20110915,BPHX,BLUEPHOENIX SOLUTIONS LTD,M7037810,0.66990,26486
84415,20110916,BPHX,BLUEPHOENIX SOLUTIONS LTD,M7037810,0.66000,9092
84415,20110919,BPHX,BLUEPHOENIX SOLUTIONS LTD,M7037810,0.67000,30876
84415,20110920,BPHX,BLUEPHOENIX SOLUTIONS LTD,M7037810,0.64000,5900
84415,20110921,BPHX,BLUEPHOENIX SOLUTIONS LTD,M7037810,0.62000,90445
84415,20110922,BPHX,BLUEPHOENIX SOLUTIONS LTD,M7037810,0.60890,25192
84415,20110923,BPHX,BLUEPHOENIX SOLUTIONS LTD,M7037810,0.60990,16148
84415,20110926,BPHX,BLUEPHOENIX SOLUTIONS LTD,M7037810,0.58000,11442
84415,20110927,BPHX,BLUEPHOENIX SOLUTIONS LTD,M7037810,0.59000,25966
84415,20110928,BPHX,BLUEPHOENIX SOLUTIONS LTD,M7037810,0.58980,7492
84415,20110929,BPHX,BLUEPHOENIX SOLUTIONS LTD,M7037810,0.50300,11590
84415,20110930,BPHX,BLUEPHOENIX SOLUTIONS LTD,M7037810,0.60000,88940
84415,20111003,BPHX,BLUEPHOENIX SOLUTIONS LTD,M7037810,0.55000,25420
84415,20111004,BPHX,BLUEPHOENIX SOLUTIONS LTD,M7037810,0.56000,61528
84415,20111005,BPHX,BLUEPHOENIX SOLUTIONS LTD,M7037810,0.59000,26559
84415,20111006,BPHX,BLUEPHOENIX SOLUTIONS LTD,M7037810,0.61490,13948
84415,20111007,BPHX,BLUEPHOENIX SOLUTIONS LTD,M7037810,0.65000,12295
84415,20111010,BPHX,BLUEPHOENIX SOLUTIONS LTD,M7037810,0.64000,8605
84415,20111011,BPHX,BLUEPHOENIX SOLUTIONS LTD,M7037810,0.63000,13284
84415,20111012,BPHX,BLUEPHOENIX SOLUTIONS LTD,M7037810,0.70000,9684
84415,20111013,BPHX,BLUEPHOENIX SOLUTIONS LTD,M7037810,0.71000,30700
84415,20111014,BPHX,BLUEPHOENIX SOLUTIONS LTD,M7037810,0.72900,17700
84415,20111017,BPHX,BLUEPHOENIX SOLUTIONS LTD,M7037810,0.73000,7890
84415,20111018,BPHX,BLUEPHOENIX SOLUTIONS LTD,M7037810,0.76900,27340
84415,20111019,BPHX,BLUEPHOENIX SOLUTIONS LTD,M7037810,0.72000,10800
84415,20111020,BPHX,BLUEPHOENIX SOLUTIONS LTD,M7037810,0.71900,26625
84415,20111021,BPHX,BLUEPHOENIX SOLUTIONS LTD,M7037810,0.72720,17549
84415,20111024,BPHX,BLUEPHOENIX SOLUTIONS LTD,M7037810,0.80000,91396
84415,20111025,BPHX,BLUEPHOENIX SOLUTIONS LTD,M7037810,0.80000,39036
84415,20111026,BPHX,BLUEPHOENIX SOLUTIONS LTD,M7037810,0.80000,4598
84415,20111027,BPHX,BLUEPHOENIX SOLUTIONS LTD,M7037810,0.80000,53047
84415,20111028,BPHX,BLUEPHOENIX SOLUTIONS LTD,M7037810,0.79970,3850
84415,20111031,BPHX,BLUEPHOENIX SOLUTIONS LTD,M7037810,0.81010,160004
84415,20111101,BPHX,BLUEPHOENIX SOLUTIONS LTD,M7037810,0.79000,39774
84415,20111102,BPHX,BLUEPHOENIX SOLUTIONS LTD,M7037810,0.80000,27200
84415,20111103,BPHX,BLUEPHOENIX SOLUTIONS LTD,M7037810,0.74100,518858
84415,20111104,BPHX,BLUEPHOENIX SOLUTIONS LTD,M7037810,0.74700,231700
84415,20111107,BPHX,BLUEPHOENIX SOLUTIONS LTD,M7037810,0.73000,62100
84415,20111108,BPHX,BLUEPHOENIX SOLUTIONS LTD,M7037810,0.69870,19489
84415,20111109,BPHX,BLUEPHOENIX SOLUTIONS LTD,M7037810,0.72190,16001
84415,20111110,BPHX,BLUEPHOENIX SOLUTIONS LTD,M7037810,0.70000,301390
84415,20111111,BPHX,BLUEPHOENIX SOLUTIONS LTD,M7037810,0.74000,7700
84415,20111114,BPHX,BLUEPHOENIX SOLUTIONS LTD,M7037810,0.71990,11650
84415,20111115,BPHX,BLUEPHOENIX SOLUTIONS LTD,M7037810,0.71990,11537
84415,20111116,BPHX,BLUEPHOENIX SOLUTIONS LTD,M7037810,0.73000,9300
84415,20111117,BPHX,BLUEPHOENIX SOLUTIONS LTD,M7037810,0.70000,6600
84415,20111118,BPHX,BLUEPHOENIX SOLUTIONS LTD,M7037810,0.71000,2300
84415,20111121,BPHX,BLUEPHOENIX SOLUTIONS LTD,M7037810,0.69000,27511
84415,20111122,BPHX,BLUEPHOENIX SOLUTIONS LTD,M7037810,0.70070,18854
84415,20111123,BPHX,BLUEPHOENIX SOLUTIONS LTD,M7037810,0.71750,600
84415,20111125,BPHX,BLUEPHOENIX SOLUTIONS LTD,M7037810,0.67000,19400
84415,20111128,BPHX,BLUEPHOENIX SOLUTIONS LTD,M7037810,0.67000,31717
84415,20111129,BPHX,BLUEPHOENIX SOLUTIONS LTD,M7037810,0.66900,26900
84415,20111130,BPHX,BLUEPHOENIX SOLUTIONS LTD,M7037810,0.68990,23321
84415,20111201,BPHX,BLUEPHOENIX SOLUTIONS LTD,M7037810,0.68000,71964
84415,20111202,BPHX,BLUEPHOENIX SOLUTIONS LTD,M7037810,0.72700,67250
84415,20111205,BPHX,BLUEPHOENIX SOLUTIONS LTD,M7037810,0.74000,508509
84415,20111206,BPHX,BLUEPHOENIX SOLUTIONS LTD,M7037810,0.70000,44850
84415,20111207,BPHX,BLUEPHOENIX SOLUTIONS LTD,M7037810,0.70000,46565
84415,20111208,BPHX,BLUEPHOENIX SOLUTIONS LTD,M7037810,0.69000,28503
84415,20111209,BPHX,BLUEPHOENIX SOLUTIONS LTD,M7037810,0.69900,53037
84415,20111212,BPHX,BLUEPHOENIX SOLUTIONS LTD,M7037810,0.68000,36350
84415,20111213,BPHX,BLUEPHOENIX SOLUTIONS LTD,M7037810,0.70990,284717
84415,20111214,BPHX,BLUEPHOENIX SOLUTIONS LTD,M7037810,0.73380,1533534
84415,20111215,BPHX,BLUEPHOENIX SOLUTIONS LTD,M7037810,0.75500,40349
84415,20111216,BPHX,BLUEPHOENIX SOLUTIONS LTD,M7037810,0.74100,4255
84415,20111219,BPHX,BLUEPHOENIX SOLUTIONS LTD,M7037810,0.70300,54568
84415,20111220,BPHX,BLUEPHOENIX SOLUTIONS LTD,M7037810,0.72000,41533
84415,20111221,BPHX,BLUEPHOENIX SOLUTIONS LTD,M7037810,0.70990,17838
84415,20111222,BPHX,BLUEPHOENIX SOLUTIONS LTD,M7037810,0.69610,79750
84415,20111223,BPHX,BLUEPHOENIX SOLUTIONS LTD,M7037810,0.70000,21890
84415,20111227,BPHX,BLUEPHOENIX SOLUTIONS LTD,M7037810,0.70000,203199
84415,20111228,BPHX,BLUEPHOENIX SOLUTIONS LTD,M7037810,2.81000,70463
84415,20111229,BPHX,BLUEPHOENIX SOLUTIONS LTD,M7037810,2.99000,7649
84415,20111230,BPHX,BLUEPHOENIX SOLUTIONS LTD,M7037810,2.97000,14148
84415,20120103,BPHX,BLUEPHOENIX SOLUTIONS LTD,M7037810,3.02000,5644
84415,20120104,BPHX,BLUEPHOENIX SOLUTIONS LTD,M7037810,2.98000,17058
84415,20120105,BPHX,BLUEPHOENIX SOLUTIONS LTD,M7037810,2.96000,57550
84415,20120106,BPHX,BLUEPHOENIX SOLUTIONS LTD,M7037810,2.99000,9114
84415,20120109,BPHX,BLUEPHOENIX SOLUTIONS LTD,M7037810,2.91000,1047
84415,20120110,BPHX,BLUEPHOENIX SOLUTIONS LTD,M7037810,2.79000,12287
84415,20120111,BPHX,BLUEPHOENIX SOLUTIONS LTD,M7037810,2.76000,5800
84415,20120112,BPHX,BLUEPHOENIX SOLUTIONS LTD,M7037810,2.82000,200
84415,20120113,BPHX,BLUEPHOENIX SOLUTIONS LTD,M7037810,2.75000,5048
84415,20120117,BPHX,BLUEPHOENIX SOLUTIONS LTD,M7037810,2.75000,6049
84415,20120118,BPHX,BLUEPHOENIX SOLUTIONS LTD,M7037810,2.62000,6963
84415,20120119,BPHX,BLUEPHOENIX SOLUTIONS LTD,M7037810,2.58000,6559
84415,20120120,BPHX,BLUEPHOENIX SOLUTIONS LTD,M7037810,2.52500,5200
84415,20120123,BPHX,BLUEPHOENIX SOLUTIONS LTD,M7037810,2.47000,16341
84415,20120124,BPHX,BLUEPHOENIX SOLUTIONS LTD,M7037810,2.49000,300
84415,20120125,BPHX,BLUEPHOENIX SOLUTIONS LTD,M7037810,2.45000,1808
84415,20120126,BPHX,BLUEPHOENIX SOLUTIONS LTD,M7037810,2.45000,3450
84415,20120127,BPHX,BLUEPHOENIX SOLUTIONS LTD,M7037810,2.57000,6808
84415,20120130,BPHX,BLUEPHOENIX SOLUTIONS LTD,M7037810,2.60000,3981
84415,20120131,BPHX,BLUEPHOENIX SOLUTIONS LTD,M7037810,2.67000,6725
84415,20120201,BPHX,BLUEPHOENIX SOLUTIONS LTD,M7037810,2.63000,3962
84415,20120202,BPHX,BLUEPHOENIX SOLUTIONS LTD,M7037810,2.64000,1400
84415,20120203,BPHX,BLUEPHOENIX SOLUTIONS LTD,M7037810,2.50000,5810
84415,20120206,BPHX,BLUEPHOENIX SOLUTIONS LTD,M7037810,2.39000,2654
84415,20120207,BPHX,BLUEPHOENIX SOLUTIONS LTD,M7037810,2.29000,14968
84415,20120208,BPHX,BLUEPHOENIX SOLUTIONS LTD,M7037810,2.32000,1885
84415,20120209,BPHX,BLUEPHOENIX SOLUTIONS LTD,M7037810,2.29000,1375
84415,20120210,BPHX,BLUEPHOENIX SOLUTIONS LTD,M7037810,2.24000,1084
84415,20120213,BPHX,BLUEPHOENIX SOLUTIONS LTD,M7037810,2.34920,557
84415,20120214,BPHX,BLUEPHOENIX SOLUTIONS LTD,M7037810,2.39000,677
84415,20120215,BPHX,BLUEPHOENIX SOLUTIONS LTD,M7037810,2.36000,1738
84415,20120216,BPHX,BLUEPHOENIX SOLUTIONS LTD,M7037810,2.35000,1029
84415,20120217,BPHX,BLUEPHOENIX SOLUTIONS LTD,M7037810,2.36000,9796
84415,20120221,BPHX,BLUEPHOENIX SOLUTIONS LTD,M7037810,2.45000,7387
84415,20120222,BPHX,BLUEPHOENIX SOLUTIONS LTD,M7037810,2.40000,3279
84415,20120223,BPHX,BLUEPHOENIX SOLUTIONS LTD,M7037810,2.37000,7040
84415,20120224,BPHX,BLUEPHOENIX SOLUTIONS LTD,M7037810,2.34000,14526
84415,20120227,BPHX,BLUEPHOENIX SOLUTIONS LTD,M7037810,2.24000,37753
84415,20120228,BPHX,BLUEPHOENIX SOLUTIONS LTD,M7037810,2.22000,14846
84415,20120229,BPHX,BLUEPHOENIX SOLUTIONS LTD,M7037810,2.24000,7305
84415,20120301,BPHX,BLUEPHOENIX SOLUTIONS LTD,M7037810,2.13000,5174
84415,20120302,BPHX,BLUEPHOENIX SOLUTIONS LTD,M7037810,2.08000,17943
84415,20120305,BPHX,BLUEPHOENIX SOLUTIONS LTD,M7037810,1.82000,38604
84415,20120306,BPHX,BLUEPHOENIX SOLUTIONS LTD,M7037810,1.81000,36100
84415,20120307,BPHX,BLUEPHOENIX SOLUTIONS LTD,M7037810,1.78000,13500
84415,20120308,BPHX,BLUEPHOENIX SOLUTIONS LTD,M7037810,1.53000,48563
84415,20120309,BPHX,BLUEPHOENIX SOLUTIONS LTD,M7037810,1.66000,9348
84415,20120312,BPHX,BLUEPHOENIX SOLUTIONS LTD,M7037810,1.64000,3700
84415,20120313,BPHX,BLUEPHOENIX SOLUTIONS LTD,M7037810,1.55000,12558
84415,20120314,BPHX,BLUEPHOENIX SOLUTIONS LTD,M7037810,1.46000,15708
84415,20120315,BPHX,BLUEPHOENIX SOLUTIONS LTD,M7037810,1.37000,12375
84415,20120316,BPHX,BLUEPHOENIX SOLUTIONS LTD,M7037810,1.32000,14539
84415,20120319,BPHX,BLUEPHOENIX SOLUTIONS LTD,M7037810,1.26000,17520
84415,20120320,BPHX,BLUEPHOENIX SOLUTIONS LTD,M7037810,1.40600,15160
84415,20120321,BPHX,BLUEPHOENIX SOLUTIONS LTD,M7037810,1.44000,31746
84415,20120322,BPHX,BLUEPHOENIX SOLUTIONS LTD,M7037810,1.70000,321936
84415,20120323,BPHX,BLUEPHOENIX SOLUTIONS LTD,M7037810,1.74000,55629
84415,20120326,BPHX,BLUEPHOENIX SOLUTIONS LTD,M7037810,1.71000,50228
84415,20120327,BPHX,BLUEPHOENIX SOLUTIONS LTD,M7037810,1.57000,39543
84415,20120328,BPHX,BLUEPHOENIX SOLUTIONS LTD,M7037810,1.64000,13635
84415,20120329,BPHX,BLUEPHOENIX SOLUTIONS LTD,M7037810,1.65000,17735
84415,20120330,BPHX,BLUEPHOENIX SOLUTIONS LTD,M7037810,1.59000,76550
84415,20120402,BPHX,BLUEPHOENIX SOLUTIONS LTD,M7037810,1.59000,826
84415,20120403,BPHX,BLUEPHOENIX SOLUTIONS LTD,M7037810,1.45010,5375
84415,20120404,BPHX,BLUEPHOENIX SOLUTIONS LTD,M7037810,1.48000,25890
84415,20120405,BPHX,BLUEPHOENIX SOLUTIONS LTD,M7037810,1.45000,22177
84415,20120409,BPHX,BLUEPHOENIX SOLUTIONS LTD,M7037810,1.40000,10129
84415,20120410,BPHX,BLUEPHOENIX SOLUTIONS LTD,M7037810,1.39000,25975
84415,20120411,BPHX,BLUEPHOENIX SOLUTIONS LTD,M7037810,1.47000,18625
84415,20120412,BPHX,BLUEPHOENIX SOLUTIONS LTD,M7037810,1.32000,29780
84415,20120413,BPHX,BLUEPHOENIX SOLUTIONS LTD,M7037810,1.25000,50290
84415,20120416,BPHX,BLUEPHOENIX SOLUTIONS LTD,M7037810,1.36000,42411
84415,20120417,BPHX,BLUEPHOENIX SOLUTIONS LTD,M7037810,1.35000,121956
84415,20120418,BPHX,BLUEPHOENIX SOLUTIONS LTD,M7037810,1.39000,58514
84415,20120419,BPHX,BLUEPHOENIX SOLUTIONS LTD,M7037810,1.74000,244215
84415,20120420,BPHX,BLUEPHOENIX SOLUTIONS LTD,M7037810,1.75000,74736
84415,20120423,BPHX,BLUEPHOENIX SOLUTIONS LTD,M7037810,1.74000,11628
84415,20120424,BPHX,BLUEPHOENIX SOLUTIONS LTD,M7037810,1.74000,26936
84415,20120425,BPHX,BLUEPHOENIX SOLUTIONS LTD,M7037810,1.70000,15022
84415,20120426,BPHX,BLUEPHOENIX SOLUTIONS LTD,M7037810,1.62800,11307
84415,20120427,BPHX,BLUEPHOENIX SOLUTIONS LTD,M7037810,1.75000,25610
84415,20120430,BPHX,BLUEPHOENIX SOLUTIONS LTD,M7037810,1.84000,32884
84415,20120501,BPHX,BLUEPHOENIX SOLUTIONS LTD,M7037810,2.16000,115643
84415,20120502,BPHX,BLUEPHOENIX SOLUTIONS LTD,M7037810,2.14000,5367
84415,20120503,BPHX,BLUEPHOENIX SOLUTIONS LTD,M7037810,2.00010,13645
84415,20120504,BPHX,BLUEPHOENIX SOLUTIONS LTD,M7037810,2.04000,6450
84415,20120507,BPHX,BLUEPHOENIX SOLUTIONS LTD,M7037810,2.03000,79162
84415,20120508,BPHX,BLUEPHOENIX SOLUTIONS LTD,M7037810,2.04990,3726
84415,20120509,BPHX,BLUEPHOENIX SOLUTIONS LTD,M7037810,2.03000,6400
84415,20120510,BPHX,BLUEPHOENIX SOLUTIONS LTD,M7037810,2.03000,13947
84415,20120511,BPHX,BLUEPHOENIX SOLUTIONS LTD,M7037810,2.00000,25623
84415,20120514,BPHX,BLUEPHOENIX SOLUTIONS LTD,M7037810,1.94000,2379
84415,20120515,BPHX,BLUEPHOENIX SOLUTIONS LTD,M7037810,1.99000,39517
84415,20120516,BPHX,BLUEPHOENIX SOLUTIONS LTD,M7037810,2.10000,37691
84415,20120517,BPHX,BLUEPHOENIX SOLUTIONS LTD,M7037810,2.02000,40245
84415,20120518,BPHX,BLUEPHOENIX SOLUTIONS LTD,M7037810,2.04000,19213
84415,20120521,BPHX,BLUEPHOENIX SOLUTIONS LTD,M7037810,2.14000,21077
84415,20120522,BPHX,BLUEPHOENIX SOLUTIONS LTD,M7037810,2.10000,55173
84415,20120523,BPHX,BLUEPHOENIX SOLUTIONS LTD,M7037810,2.08000,6463
84415,20120524,BPHX,BLUEPHOENIX SOLUTIONS LTD,M7037810,2.15000,2965
84415,20120525,BPHX,BLUEPHOENIX SOLUTIONS LTD,M7037810,2.14000,2991
84415,20120529,BPHX,BLUEPHOENIX SOLUTIONS LTD,M7037810,2.24000,10550
84415,20120530,BPHX,BLUEPHOENIX SOLUTIONS LTD,M7037810,2.19000,2900
84415,20120531,BPHX,BLUEPHOENIX SOLUTIONS LTD,M7037810,2.17000,2476
84415,20120601,BPHX,BLUEPHOENIX SOLUTIONS LTD,M7037810,2.10000,2199
84415,20120604,BPHX,BLUEPHOENIX SOLUTIONS LTD,M7037810,2.10000,5600
84415,20120605,BPHX,BLUEPHOENIX SOLUTIONS LTD,M7037810,2.04000,19442
84415,20120606,BPHX,BLUEPHOENIX SOLUTIONS LTD,M7037810,2.06000,2700
84415,20120607,BPHX,BLUEPHOENIX SOLUTIONS LTD,M7037810,2.00000,3875
84415,20120608,BPHX,BLUEPHOENIX SOLUTIONS LTD,M7037810,1.99000,1900
84415,20120611,BPHX,BLUEPHOENIX SOLUTIONS LTD,M7037810,1.95000,27788
84415,20120612,BPHX,BLUEPHOENIX SOLUTIONS LTD,M7037810,2.15950,26035
84415,20120613,BPHX,BLUEPHOENIX SOLUTIONS LTD,M7037810,2.22000,40286
84415,20120614,BPHX,BLUEPHOENIX SOLUTIONS LTD,M7037810,2.28000,26500
84415,20120615,BPHX,BLUEPHOENIX SOLUTIONS LTD,M7037810,2.34000,14088
84415,20120618,BPHX,BLUEPHOENIX SOLUTIONS LTD,M7037810,2.30000,15593
84415,20120619,BPHX,BLUEPHOENIX SOLUTIONS LTD,M7037810,2.35000,48559
84415,20120620,BPHX,BLUEPHOENIX SOLUTIONS LTD,M7037810,2.38000,30290
84415,20120621,BPHX,BLUEPHOENIX SOLUTIONS LTD,M7037810,2.35000,19887
84415,20120622,BPHX,BLUEPHOENIX SOLUTIONS LTD,M7037810,2.43000,21100
84415,20120625,BPHX,BLUEPHOENIX SOLUTIONS LTD,M7037810,2.40000,14266
84415,20120626,BPHX,BLUEPHOENIX SOLUTIONS LTD,M7037810,2.41000,8036
84415,20120627,BPHX,BLUEPHOENIX SOLUTIONS LTD,M7037810,2.46000,27661
84415,20120628,BPHX,BLUEPHOENIX SOLUTIONS LTD,M7037810,2.50000,9550
84415,20120629,BPHX,BLUEPHOENIX SOLUTIONS LTD,M7037810,2.60000,49476
84415,20120702,BPHX,BLUEPHOENIX SOLUTIONS LTD,M7037810,2.62000,2425
84415,20120703,BPHX,BLUEPHOENIX SOLUTIONS LTD,M7037810,2.81000,23926
84415,20120705,BPHX,BLUEPHOENIX SOLUTIONS LTD,M7037810,2.78000,8050
84415,20120706,BPHX,BLUEPHOENIX SOLUTIONS LTD,M7037810,2.79000,1800
84415,20120709,BPHX,BLUEPHOENIX SOLUTIONS LTD,M7037810,2.79000,4644
84415,20120710,BPHX,BLUEPHOENIX SOLUTIONS LTD,M7037810,2.90000,15964
84415,20120711,BPHX,BLUEPHOENIX SOLUTIONS LTD,M7037810,2.90000,22075
84415,20120712,BPHX,BLUEPHOENIX SOLUTIONS LTD,M7037810,3.00000,19290
84415,20120713,BPHX,BLUEPHOENIX SOLUTIONS LTD,M7037810,3.10000,21791
84415,20120716,BPHX,BLUEPHOENIX SOLUTIONS LTD,M7037810,3.05000,6205
84415,20120717,BPHX,BLUEPHOENIX SOLUTIONS LTD,M7037810,3.00000,9192
84415,20120718,BPHX,BLUEPHOENIX SOLUTIONS LTD,M7037810,2.94000,11686
84415,20120719,BPHX,BLUEPHOENIX SOLUTIONS LTD,M7037810,3.19890,83354
84415,20120720,BPHX,BLUEPHOENIX SOLUTIONS LTD,M7037810,3.21000,23457
84415,20120723,BPHX,BLUEPHOENIX SOLUTIONS LTD,M7037810,3.15000,19872
84415,20120724,BPHX,BLUEPHOENIX SOLUTIONS LTD,M7037810,3.17670,33041
84415,20120725,BPHX,BLUEPHOENIX SOLUTIONS LTD,M7037810,3.20000,11295
84415,20120726,BPHX,BLUEPHOENIX SOLUTIONS LTD,M7037810,3.40000,77647
84415,20120727,BPHX,BLUEPHOENIX SOLUTIONS LTD,M7037810,3.50000,48707
84415,20120730,BPHX,BLUEPHOENIX SOLUTIONS LTD,M7037810,3.50000,32662
84415,20120731,BPHX,BLUEPHOENIX SOLUTIONS LTD,M7037810,3.52000,46523
84415,20120801,BPHX,BLUEPHOENIX SOLUTIONS LTD,M7037810,3.40000,5100
84415,20120802,BPHX,BLUEPHOENIX SOLUTIONS LTD,M7037810,3.28000,48951
84415,20120803,BPHX,BLUEPHOENIX SOLUTIONS LTD,M7037810,3.60000,18851
84415,20120806,BPHX,BLUEPHOENIX SOLUTIONS LTD,M7037810,3.54000,44835
84415,20120807,BPHX,BLUEPHOENIX SOLUTIONS LTD,M7037810,3.46000,29271
84415,20120808,BPHX,BLUEPHOENIX SOLUTIONS LTD,M7037810,3.48000,7250
84415,20120809,BPHX,BLUEPHOENIX SOLUTIONS LTD,M7037810,3.50000,3300
84415,20120810,BPHX,BLUEPHOENIX SOLUTIONS LTD,M7037810,3.51000,6620
84415,20120813,BPHX,BLUEPHOENIX SOLUTIONS LTD,M7037810,3.44000,13145
84415,20120814,BPHX,BLUEPHOENIX SOLUTIONS LTD,M7037810,3.48000,24977
84415,20120815,BPHX,BLUEPHOENIX SOLUTIONS LTD,M7037810,3.45000,5000
84415,20120816,BPHX,BLUEPHOENIX SOLUTIONS LTD,M7037810,3.45000,6150
84415,20120817,BPHX,BLUEPHOENIX SOLUTIONS LTD,M7037810,3.38000,5013
84415,20120820,BPHX,BLUEPHOENIX SOLUTIONS LTD,M7037810,3.28000,45334
84415,20120821,BPHX,BLUEPHOENIX SOLUTIONS LTD,M7037810,3.33000,9283
84415,20120822,BPHX,BLUEPHOENIX SOLUTIONS LTD,M7037810,3.32000,8522
84415,20120823,BPHX,BLUEPHOENIX SOLUTIONS LTD,M7037810,3.31000,9811
84415,20120824,BPHX,BLUEPHOENIX SOLUTIONS LTD,M7037810,3.42000,19957
84415,20120827,BPHX,BLUEPHOENIX SOLUTIONS LTD,M7037810,3.42000,5009
84415,20120828,BPHX,BLUEPHOENIX SOLUTIONS LTD,M7037810,3.41000,8482
84415,20120829,BPHX,BLUEPHOENIX SOLUTIONS LTD,M7037810,3.27000,5356
84415,20120830,BPHX,BLUEPHOENIX SOLUTIONS LTD,M7037810,3.22000,1531
84415,20120831,BPHX,BLUEPHOENIX SOLUTIONS LTD,M7037810,3.25000,7100
84415,20120904,BPHX,BLUEPHOENIX SOLUTIONS LTD,M7037810,3.16000,10380
84415,20120905,BPHX,BLUEPHOENIX SOLUTIONS LTD,M7037810,3.19000,16125
84415,20120906,BPHX,BLUEPHOENIX SOLUTIONS LTD,M7037810,2.97000,33156
84415,20120907,BPHX,BLUEPHOENIX SOLUTIONS LTD,M7037810,2.76000,84808
84415,20120910,BPHX,BLUEPHOENIX SOLUTIONS LTD,M7037810,3.03000,52329
84415,20120911,BPHX,BLUEPHOENIX SOLUTIONS LTD,M7037810,3.35000,18597
84415,20120912,BPHX,BLUEPHOENIX SOLUTIONS LTD,M7037810,3.34000,32959
84415,20120913,BPHX,BLUEPHOENIX SOLUTIONS LTD,M7037810,3.62000,42844
84415,20120914,BPHX,BLUEPHOENIX SOLUTIONS LTD,M7037810,3.65000,14633
84415,20120917,BPHX,BLUEPHOENIX SOLUTIONS LTD,M7037810,3.80000,13291
84415,20120918,BPHX,BLUEPHOENIX SOLUTIONS LTD,M7037810,3.96000,32967
84415,20120919,BPHX,BLUEPHOENIX SOLUTIONS LTD,M7037810,3.90000,50342
84415,20120920,BPHX,BLUEPHOENIX SOLUTIONS LTD,M7037810,3.86000,11907
84415,20120921,BPHX,BLUEPHOENIX SOLUTIONS LTD,M7037810,3.92000,3008
84415,20120924,BPHX,BLUEPHOENIX SOLUTIONS LTD,M7037810,3.97000,16313
84415,20120925,BPHX,BLUEPHOENIX SOLUTIONS LTD,M7037810,3.89000,2750
84415,20120926,BPHX,BLUEPHOENIX SOLUTIONS LTD,M7037810,3.88990,2325
84415,20120927,BPHX,BLUEPHOENIX SOLUTIONS LTD,M7037810,3.95000,15209
84415,20120928,BPHX,BLUEPHOENIX SOLUTIONS LTD,M7037810,3.94000,18488
84415,20121001,BPHX,BLUEPHOENIX SOLUTIONS LTD,M7037810,3.87000,3775
84415,20121002,BPHX,BLUEPHOENIX SOLUTIONS LTD,M7037810,3.73000,8061
84415,20121003,BPHX,BLUEPHOENIX SOLUTIONS LTD,M7037810,3.69000,41158
84415,20121004,BPHX,BLUEPHOENIX SOLUTIONS LTD,M7037810,3.70000,36589
84415,20121005,BPHX,BLUEPHOENIX SOLUTIONS LTD,M7037810,3.70000,11150
84415,20121008,BPHX,BLUEPHOENIX SOLUTIONS LTD,M7037810,3.62000,14622
84415,20121009,BPHX,BLUEPHOENIX SOLUTIONS LTD,M7037810,3.53000,9700
84415,20121010,BPHX,BLUEPHOENIX SOLUTIONS LTD,M7037810,3.61000,13682
84415,20121011,BPHX,BLUEPHOENIX SOLUTIONS LTD,M7037810,3.65000,11328
84415,20121012,BPHX,BLUEPHOENIX SOLUTIONS LTD,M7037810,3.70000,1956
84415,20121015,BPHX,BLUEPHOENIX SOLUTIONS LTD,M7037810,3.60000,8785
84415,20121016,BPHX,BLUEPHOENIX SOLUTIONS LTD,M7037810,3.54000,10064
84415,20121017,BPHX,BLUEPHOENIX SOLUTIONS LTD,M7037810,3.65000,23851
84415,20121018,BPHX,BLUEPHOENIX SOLUTIONS LTD,M7037810,3.83000,20171
84415,20121019,BPHX,BLUEPHOENIX SOLUTIONS LTD,M7037810,3.75000,5624
84415,20121022,BPHX,BLUEPHOENIX SOLUTIONS LTD,M7037810,3.78000,3405
84415,20121023,BPHX,BLUEPHOENIX SOLUTIONS LTD,M7037810,3.74000,9862
84415,20121024,BPHX,BLUEPHOENIX SOLUTIONS LTD,M7037810,3.74000,5331
84415,20121025,BPHX,BLUEPHOENIX SOLUTIONS LTD,M7037810,3.80000,7298
84415,20121026,BPHX,BLUEPHOENIX SOLUTIONS LTD,M7037810,3.78000,1925
84415,20121031,BPHX,BLUEPHOENIX SOLUTIONS LTD,M7037810,3.74000,12935
84415,20121101,BPHX,BLUEPHOENIX SOLUTIONS LTD,M7037810,3.83000,5553
84415,20121102,BPHX,BLUEPHOENIX SOLUTIONS LTD,M7037810,3.76000,1425
84415,20121105,BPHX,BLUEPHOENIX SOLUTIONS LTD,M7037810,3.85000,10888
84415,20121106,BPHX,BLUEPHOENIX SOLUTIONS LTD,M7037810,3.92000,11855
84415,20121107,BPHX,BLUEPHOENIX SOLUTIONS LTD,M7037810,3.85000,18525
84415,20121108,BPHX,BLUEPHOENIX SOLUTIONS LTD,M7037810,3.97000,52509
84415,20121109,BPHX,BLUEPHOENIX SOLUTIONS LTD,M7037810,3.94000,10082
84415,20121112,BPHX,BLUEPHOENIX SOLUTIONS LTD,M7037810,3.97000,16651
84415,20121113,BPHX,BLUEPHOENIX SOLUTIONS LTD,M7037810,3.95000,19550
84415,20121114,BPHX,BLUEPHOENIX SOLUTIONS LTD,M7037810,3.94000,3625
84415,20121115,BPHX,BLUEPHOENIX SOLUTIONS LTD,M7037810,3.82000,1800
84415,20121116,BPHX,BLUEPHOENIX SOLUTIONS LTD,M7037810,3.83000,3299
84415,20121119,BPHX,BLUEPHOENIX SOLUTIONS LTD,M7037810,3.93000,9130
84415,20121120,BPHX,BLUEPHOENIX SOLUTIONS LTD,M7037810,3.92000,2571
84415,20121121,BPHX,BLUEPHOENIX SOLUTIONS LTD,M7037810,3.92000,500
84415,20121123,BPHX,BLUEPHOENIX SOLUTIONS LTD,M7037810,3.85000,3400
84415,20121126,BPHX,BLUEPHOENIX SOLUTIONS LTD,M7037810,3.75000,4435
84415,20121127,BPHX,BLUEPHOENIX SOLUTIONS LTD,M7037810,3.90000,2659
84415,20121128,BPHX,BLUEPHOENIX SOLUTIONS LTD,M7037810,3.91000,3829
84415,20121129,BPHX,BLUEPHOENIX SOLUTIONS LTD,M7037810,3.90000,4823
84415,20121130,BPHX,BLUEPHOENIX SOLUTIONS LTD,M7037810,3.95000,8579
84415,20121203,BPHX,BLUEPHOENIX SOLUTIONS LTD,M7037810,3.90000,19147
84415,20121204,BPHX,BLUEPHOENIX SOLUTIONS LTD,M7037810,3.95000,12978
84415,20121205,BPHX,BLUEPHOENIX SOLUTIONS LTD,M7037810,4.03000,23366
84415,20121206,BPHX,BLUEPHOENIX SOLUTIONS LTD,M7037810,4.13000,3295
84415,20121207,BPHX,BLUEPHOENIX SOLUTIONS LTD,M7037810,4.04000,8550
84415,20121210,BPHX,BLUEPHOENIX SOLUTIONS LTD,M7037810,4.06000,18927
84415,20121211,BPHX,BLUEPHOENIX SOLUTIONS LTD,M7037810,4.08000,12550
84415,20121212,BPHX,BLUEPHOENIX SOLUTIONS LTD,M7037810,4.05000,6550
84415,20121213,BPHX,BLUEPHOENIX SOLUTIONS LTD,M7037810,4.05000,5506
84415,20121214,BPHX,BLUEPHOENIX SOLUTIONS LTD,M7037810,-4.00000,0
84415,20121217,BPHX,BLUEPHOENIX SOLUTIONS LTD,M7037810,4.05000,12200
84415,20121218,BPHX,BLUEPHOENIX SOLUTIONS LTD,M7037810,4.26000,33376
84415,20121219,BPHX,BLUEPHOENIX SOLUTIONS LTD,M7037810,4.29000,14313
84415,20121220,BPHX,BLUEPHOENIX SOLUTIONS LTD,M7037810,4.19000,4404
84415,20121221,BPHX,BLUEPHOENIX SOLUTIONS LTD,M7037810,4.25000,1410
84415,20121224,BPHX,BLUEPHOENIX SOLUTIONS LTD,M7037810,4.25000,4710
84415,20121226,BPHX,BLUEPHOENIX SOLUTIONS LTD,M7037810,4.14000,4820
84415,20121227,BPHX,BLUEPHOENIX SOLUTIONS LTD,M7037810,4.27860,9490
84415,20121228,BPHX,BLUEPHOENIX SOLUTIONS LTD,M7037810,4.19000,64259
84415,20121231,BPHX,BLUEPHOENIX SOLUTIONS LTD,M7037810,4.29000,41570
84415,20130102,BPHX,BLUEPHOENIX SOLUTIONS LTD,M7037810,4.25000,10900
84415,20130103,BPHX,BLUEPHOENIX SOLUTIONS LTD,M7037810,4.26000,8760
84415,20130104,BPHX,BLUEPHOENIX SOLUTIONS LTD,M7037810,4.31000,2400
84415,20130107,BPHX,BLUEPHOENIX SOLUTIONS LTD,M7037810,4.20000,2250
84415,20130108,BPHX,BLUEPHOENIX SOLUTIONS LTD,M7037810,4.20000,1371
84415,20130109,BPHX,BLUEPHOENIX SOLUTIONS LTD,M7037810,4.09000,4500
84415,20130110,BPHX,BLUEPHOENIX SOLUTIONS LTD,M7037810,4.09000,39652
84415,20130111,BPHX,BLUEPHOENIX SOLUTIONS LTD,M7037810,3.95000,3244
84415,20130114,BPHX,BLUEPHOENIX SOLUTIONS LTD,M7037810,3.95000,7734
84415,20130115,BPHX,BLUEPHOENIX SOLUTIONS LTD,M7037810,4.12000,5192
84415,20130116,BPHX,BLUEPHOENIX SOLUTIONS LTD,M7037810,4.18000,985
84415,20130117,BPHX,BLUEPHOENIX SOLUTIONS LTD,M7037810,4.10000,1677
84415,20130118,BPHX,BLUEPHOENIX SOLUTIONS LTD,M7037810,4.20000,8040
84415,20130122,BPHX,BLUEPHOENIX SOLUTIONS LTD,M7037810,4.24000,1644
84415,20130123,BPHX,BLUEPHOENIX SOLUTIONS LTD,M7037810,3.99000,11285
84415,20130124,BPHX,BLUEPHOENIX SOLUTIONS LTD,M7037810,4.18000,7029
84415,20130125,BPHX,BLUEPHOENIX SOLUTIONS LTD,M7037810,4.23000,3763
84415,20130128,BPHX,BLUEPHOENIX SOLUTIONS LTD,M7037810,4.20000,2625
84415,20130129,BPHX,BLUEPHOENIX SOLUTIONS LTD,M7037810,4.14000,4481
84415,20130130,BPHX,BLUEPHOENIX SOLUTIONS LTD,M7037810,4.16000,11880
84415,20130131,BPHX,BLUEPHOENIX SOLUTIONS LTD,M7037810,4.23000,700
84415,20130201,BPHX,BLUEPHOENIX SOLUTIONS LTD,M7037810,4.22000,2848
84415,20130204,BPHX,BLUEPHOENIX SOLUTIONS LTD,M7037810,4.00000,6100
84415,20130205,BPHX,BLUEPHOENIX SOLUTIONS LTD,M7037810,4.15000,5375
84415,20130206,BPHX,BLUEPHOENIX SOLUTIONS LTD,M7037810,4.10000,123
84415,20130207,BPHX,BLUEPHOENIX SOLUTIONS LTD,M7037810,4.30000,17238
84415,20130208,BPHX,BLUEPHOENIX SOLUTIONS LTD,M7037810,4.45000,9038
84415,20130211,BPHX,BLUEPHOENIX SOLUTIONS LTD,M7037810,4.44000,1758
84415,20130212,BPHX,BLUEPHOENIX SOLUTIONS LTD,M7037810,4.58000,6880
84415,20130213,BPHX,BLUEPHOENIX SOLUTIONS LTD,M7037810,4.50000,4716
84415,20130214,BPHX,BLUEPHOENIX SOLUTIONS LTD,M7037810,4.57000,536
84415,20130215,BPHX,BLUEPHOENIX SOLUTIONS LTD,M7037810,4.50000,3149
84415,20130219,BPHX,BLUEPHOENIX SOLUTIONS LTD,M7037810,4.36010,333
84415,20130220,BPHX,BLUEPHOENIX SOLUTIONS LTD,M7037810,4.49000,1590
84415,20130221,BPHX,BLUEPHOENIX SOLUTIONS LTD,M7037810,4.35000,1353
84415,20130222,BPHX,BLUEPHOENIX SOLUTIONS LTD,M7037810,4.50000,3225
84415,20130225,BPHX,BLUEPHOENIX SOLUTIONS LTD,M7037810,4.47000,4299
84415,20130226,BPHX,BLUEPHOENIX SOLUTIONS LTD,M7037810,4.48000,2146
84415,20130227,BPHX,BLUEPHOENIX SOLUTIONS LTD,M7037810,4.36000,5068
84415,20130228,BPHX,BLUEPHOENIX SOLUTIONS LTD,M7037810,4.49000,9371
84415,20130301,BPHX,BLUEPHOENIX SOLUTIONS LTD,M7037810,4.48000,5700
84415,20130304,BPHX,BLUEPHOENIX SOLUTIONS LTD,M7037810,4.30000,1900
84415,20130305,BPHX,BLUEPHOENIX SOLUTIONS LTD,M7037810,4.14000,29887
84415,20130306,BPHX,BLUEPHOENIX SOLUTIONS LTD,M7037810,4.17000,15072
84415,20130307,BPHX,BLUEPHOENIX SOLUTIONS LTD,M7037810,4.18000,9747
84415,20130308,BPHX,BLUEPHOENIX SOLUTIONS LTD,M7037810,4.35000,29973
84415,20130311,BPHX,BLUEPHOENIX SOLUTIONS LTD,M7037810,4.37000,2850
84415,20130312,BPHX,BLUEPHOENIX SOLUTIONS LTD,M7037810,4.19000,900
84415,20130313,BPHX,BLUEPHOENIX SOLUTIONS LTD,M7037810,4.16000,6780
84415,20130314,BPHX,BLUEPHOENIX SOLUTIONS LTD,M7037810,4.36400,15539
84415,20130315,BPHX,BLUEPHOENIX SOLUTIONS LTD,M7037810,4.35000,9401
84415,20130318,BPHX,BLUEPHOENIX SOLUTIONS LTD,M7037810,4.16000,1200
84415,20130319,BPHX,BLUEPHOENIX SOLUTIONS LTD,M7037810,4.20000,8092
84415,20130320,BPHX,BLUEPHOENIX SOLUTIONS LTD,M7037810,4.18000,7419
84415,20130321,BPHX,BLUEPHOENIX SOLUTIONS LTD,M7037810,4.15000,1400
84415,20130322,BPHX,BLUEPHOENIX SOLUTIONS LTD,M7037810,4.16000,4500
84415,20130325,BPHX,BLUEPHOENIX SOLUTIONS LTD,M7037810,4.20000,17000
84415,20130326,BPHX,BLUEPHOENIX SOLUTIONS LTD,M7037810,4.11000,1710
84415,20130327,BPHX,BLUEPHOENIX SOLUTIONS LTD,M7037810,4.14000,7650
84415,20130328,BPHX,BLUEPHOENIX SOLUTIONS LTD,M7037810,4.34000,15593
84415,20130401,BPHX,BLUEPHOENIX SOLUTIONS LTD,M7037810,4.27000,6798
84415,20130402,BPHX,BLUEPHOENIX SOLUTIONS LTD,M7037810,4.09010,12951
84415,20130403,BPHX,BLUEPHOENIX SOLUTIONS LTD,M7037810,4.10000,1891
84415,20130404,BPHX,BLUEPHOENIX SOLUTIONS LTD,M7037810,4.01000,467
84415,20130405,BPHX,BLUEPHOENIX SOLUTIONS LTD,M7037810,4.02000,3004
84415,20130408,BPHX,BLUEPHOENIX SOLUTIONS LTD,M7037810,3.99000,1103
84415,20130409,BPHX,BLUEPHOENIX SOLUTIONS LTD,M7037810,3.80000,23751
84415,20130410,BPHX,BLUEPHOENIX SOLUTIONS LTD,M7037810,3.91000,3104
84415,20130411,BPHX,BLUEPHOENIX SOLUTIONS LTD,M7037810,3.87000,7152
84415,20130412,BPHX,BLUEPHOENIX SOLUTIONS LTD,M7037810,3.87000,575
84415,20130415,BPHX,BLUEPHOENIX SOLUTIONS LTD,M7037810,3.98000,5351
84415,20130416,BPHX,BLUEPHOENIX SOLUTIONS LTD,M7037810,3.91000,2979
84415,20130417,BPHX,BLUEPHOENIX SOLUTIONS LTD,M7037810,3.82000,2825
84415,20130418,BPHX,BLUEPHOENIX SOLUTIONS LTD,M7037810,3.82000,900
84415,20130419,BPHX,BLUEPHOENIX SOLUTIONS LTD,M7037810,3.81000,1400
84415,20130422,BPHX,BLUEPHOENIX SOLUTIONS LTD,M7037810,3.86000,404
84415,20130423,BPHX,BLUEPHOENIX SOLUTIONS LTD,M7037810,-3.85000,0
84415,20130424,BPHX,BLUEPHOENIX SOLUTIONS LTD,M7037810,3.71010,5996
84415,20130425,BPHX,BLUEPHOENIX SOLUTIONS LTD,M7037810,3.80000,1412
84415,20130426,BPHX,BLUEPHOENIX SOLUTIONS LTD,M7037810,3.67000,28799
84415,20130429,BPHX,BLUEPHOENIX SOLUTIONS LTD,M7037810,3.46000,25639
84415,20130430,BPHX,BLUEPHOENIX SOLUTIONS LTD,M7037810,3.57000,310191
84415,20130501,BPHX,BLUEPHOENIX SOLUTIONS LTD,M7037810,3.72000,11451
84415,20130502,BPHX,BLUEPHOENIX SOLUTIONS LTD,M7037810,3.69010,2290
84415,20130503,BPHX,BLUEPHOENIX SOLUTIONS LTD,M7037810,3.77000,1857
84415,20130506,BPHX,BLUEPHOENIX SOLUTIONS LTD,M7037810,3.80000,19900
84415,20130507,BPHX,BLUEPHOENIX SOLUTIONS LTD,M7037810,3.97000,11559
84415,20130508,BPHX,BLUEPHOENIX SOLUTIONS LTD,M7037810,3.90000,4725
84415,20130509,BPHX,BLUEPHOENIX SOLUTIONS LTD,M7037810,3.99000,4448
84415,20130510,BPHX,BLUEPHOENIX SOLUTIONS LTD,M7037810,4.03000,6209
84415,20130513,BPHX,BLUEPHOENIX SOLUTIONS LTD,M7037810,3.91000,5200
84415,20130514,BPHX,BLUEPHOENIX SOLUTIONS LTD,M7037810,4.05000,1500
84415,20130515,BPHX,BLUEPHOENIX SOLUTIONS LTD,M7037810,3.99100,1150
84415,20130516,BPHX,BLUEPHOENIX SOLUTIONS LTD,M7037810,3.91280,2488
84415,20130517,BPHX,BLUEPHOENIX SOLUTIONS LTD,M7037810,4.04000,7241
84415,20130520,BPHX,BLUEPHOENIX SOLUTIONS LTD,M7037810,4.06000,2919
84415,20130521,BPHX,BLUEPHOENIX SOLUTIONS LTD,M7037810,4.05000,1550
84415,20130522,BPHX,BLUEPHOENIX SOLUTIONS LTD,M7037810,4.12000,7307
84415,20130523,BPHX,BLUEPHOENIX SOLUTIONS LTD,M7037810,4.03760,3270
84415,20130524,BPHX,BLUEPHOENIX SOLUTIONS LTD,M7037810,4.15000,2567
84415,20130528,BPHX,BLUEPHOENIX SOLUTIONS LTD,M7037810,4.24000,4287
84415,20130529,BPHX,BLUEPHOENIX SOLUTIONS LTD,M7037810,4.17000,1550
84415,20130530,BPHX,BLUEPHOENIX SOLUTIONS LTD,M7037810,4.06000,8924
84415,20130531,BPHX,BLUEPHOENIX SOLUTIONS LTD,M7037810,4.01000,26980
84415,20130603,BPHX,BLUEPHOENIX SOLUTIONS LTD,M7037810,3.99000,3229
84415,20130604,BPHX,BLUEPHOENIX SOLUTIONS LTD,M7037810,4.05000,14625
84415,20130605,BPHX,BLUEPHOENIX SOLUTIONS LTD,M7037810,4.02000,11620
84415,20130606,BPHX,BLUEPHOENIX SOLUTIONS LTD,M7037810,-3.98500,0
84415,20130607,BPHX,BLUEPHOENIX SOLUTIONS LTD,M7037810,4.02000,100
84415,20130610,BPHX,BLUEPHOENIX SOLUTIONS LTD,M7037810,4.04000,744
84415,20130611,BPHX,BLUEPHOENIX SOLUTIONS LTD,M7037810,3.98700,825
84415,20130612,BPHX,BLUEPHOENIX SOLUTIONS LTD,M7037810,4.02000,350
84415,20130613,BPHX,BLUEPHOENIX SOLUTIONS LTD,M7037810,3.96000,981
84415,20130614,BPHX,BLUEPHOENIX SOLUTIONS LTD,M7037810,4.04000,275
84415,20130617,BPHX,BLUEPHOENIX SOLUTIONS LTD,M7037810,4.04000,350
84415,20130618,BPHX,BLUEPHOENIX SOLUTIONS LTD,M7037810,4.03990,5078
84415,20130619,BPHX,BLUEPHOENIX SOLUTIONS LTD,M7037810,3.96000,200
84415,20130620,BPHX,BLUEPHOENIX SOLUTIONS LTD,M7037810,3.97000,1100
84415,20130621,BPHX,BLUEPHOENIX SOLUTIONS LTD,M7037810,3.98000,5943
84415,20130624,BPHX,BLUEPHOENIX SOLUTIONS LTD,M7037810,3.93250,14132
84415,20130625,BPHX,BLUEPHOENIX SOLUTIONS LTD,M7037810,4.00000,1200
84415,20130626,BPHX,BLUEPHOENIX SOLUTIONS LTD,M7037810,4.01000,5000
84415,20130627,BPHX,BLUEPHOENIX SOLUTIONS LTD,M7037810,4.06000,600
84415,20130628,BPHX,BLUEPHOENIX SOLUTIONS LTD,M7037810,4.07000,1200
84415,20130701,BPHX,BLUEPHOENIX SOLUTIONS LTD,M7037810,4.16000,1199
84415,20130702,BPHX,BLUEPHOENIX SOLUTIONS LTD,M7037810,4.18000,220
84415,20130703,BPHX,BLUEPHOENIX SOLUTIONS LTD,M7037810,-4.07500,1
84415,20130705,BPHX,BLUEPHOENIX SOLUTIONS LTD,M7037810,4.19000,4259
84415,20130708,BPHX,BLUEPHOENIX SOLUTIONS LTD,M7037810,4.18000,300
84415,20130709,BPHX,BLUEPHOENIX SOLUTIONS LTD,M7037810,4.18000,1550
84415,20130710,BPHX,BLUEPHOENIX SOLUTIONS LTD,M7037810,4.18000,2332
84415,20130711,BPHX,BLUEPHOENIX SOLUTIONS LTD,M7037810,4.18000,268
84415,20130712,BPHX,BLUEPHOENIX SOLUTIONS LTD,M7037810,4.23050,2151
84415,20130715,BPHX,BLUEPHOENIX SOLUTIONS LTD,M7037810,4.16100,356
84415,20130716,BPHX,BLUEPHOENIX SOLUTIONS LTD,M7037810,4.24000,3000
84415,20130717,BPHX,BLUEPHOENIX SOLUTIONS LTD,M7037810,4.24000,1076
84415,20130718,BPHX,BLUEPHOENIX SOLUTIONS LTD,M7037810,4.22000,3903
84415,20130719,BPHX,BLUEPHOENIX SOLUTIONS LTD,M7037810,4.22000,1636
84415,20130722,BPHX,BLUEPHOENIX SOLUTIONS LTD,M7037810,4.22000,13141
84415,20130723,BPHX,BLUEPHOENIX SOLUTIONS LTD,M7037810,4.22000,513
84415,20130724,BPHX,BLUEPHOENIX SOLUTIONS LTD,M7037810,4.16000,3802
84415,20130725,BPHX,BLUEPHOENIX SOLUTIONS LTD,M7037810,4.20000,8397
84415,20130726,BPHX,BLUEPHOENIX SOLUTIONS LTD,M7037810,4.20000,3134
84415,20130729,BPHX,BLUEPHOENIX SOLUTIONS LTD,M7037810,4.20000,938
84415,20130730,BPHX,BLUEPHOENIX SOLUTIONS LTD,M7037810,4.10010,2524
84415,20130731,BPHX,BLUEPHOENIX SOLUTIONS LTD,M7037810,4.22000,503
84415,20130801,BPHX,BLUEPHOENIX SOLUTIONS LTD,M7037810,4.23000,13471
84415,20130802,BPHX,BLUEPHOENIX SOLUTIONS LTD,M7037810,-4.34000,3
84415,20130805,BPHX,BLUEPHOENIX SOLUTIONS LTD,M7037810,4.29010,546
84415,20130806,BPHX,BLUEPHOENIX SOLUTIONS LTD,M7037810,4.30000,470
84415,20130807,BPHX,BLUEPHOENIX SOLUTIONS LTD,M7037810,4.40000,701
84415,20130808,BPHX,BLUEPHOENIX SOLUTIONS LTD,M7037810,4.40000,529
84415,20130809,BPHX,BLUEPHOENIX SOLUTIONS LTD,M7037810,4.31000,1201
84415,20130812,BPHX,BLUEPHOENIX SOLUTIONS LTD,M7037810,4.32000,723
84415,20130813,BPHX,BLUEPHOENIX SOLUTIONS LTD,M7037810,4.41000,4079
84415,20130814,BPHX,BLUEPHOENIX SOLUTIONS LTD,M7037810,4.38000,2202
84415,20130815,BPHX,BLUEPHOENIX SOLUTIONS LTD,M7037810,4.43000,1051
84415,20130816,BPHX,BLUEPHOENIX SOLUTIONS LTD,M7037810,4.33000,723
84415,20130819,BPHX,BLUEPHOENIX SOLUTIONS LTD,M7037810,4.31000,382
84415,20130820,BPHX,BLUEPHOENIX SOLUTIONS LTD,M7037810,4.42000,923
84415,20130821,BPHX,BLUEPHOENIX SOLUTIONS LTD,M7037810,4.36000,1177
84415,20130822,BPHX,BLUEPHOENIX SOLUTIONS LTD,M7037810,4.70100,5206
84415,20130823,BPHX,BLUEPHOENIX SOLUTIONS LTD,M7037810,4.54010,9982
84415,20130826,BPHX,BLUEPHOENIX SOLUTIONS LTD,M7037810,4.54990,1575
84415,20130827,BPHX,BLUEPHOENIX SOLUTIONS LTD,M7037810,4.40000,1566
84415,20130828,BPHX,BLUEPHOENIX SOLUTIONS LTD,M7037810,4.50000,4723
84415,20130829,BPHX,BLUEPHOENIX SOLUTIONS LTD,M7037810,4.50000,1048
84415,20130830,BPHX,BLUEPHOENIX SOLUTIONS LTD,M7037810,4.41000,2501
84415,20130903,BPHX,BLUEPHOENIX SOLUTIONS LTD,M7037810,4.48000,1425
84415,20130904,BPHX,BLUEPHOENIX SOLUTIONS LTD,M7037810,4.40000,2501
84415,20130905,BPHX,BLUEPHOENIX SOLUTIONS LTD,M7037810,4.47500,2401
84415,20130906,BPHX,BLUEPHOENIX SOLUTIONS LTD,M7037810,4.39000,376
84415,20130909,BPHX,BLUEPHOENIX SOLUTIONS LTD,M7037810,4.38000,7054
84415,20130910,BPHX,BLUEPHOENIX SOLUTIONS LTD,M7037810,4.38000,8467
84415,20130911,BPHX,BLUEPHOENIX SOLUTIONS LTD,M7037810,4.40000,6561
84415,20130912,BPHX,BLUEPHOENIX SOLUTIONS LTD,M7037810,4.40000,6008
84415,20130913,BPHX,BLUEPHOENIX SOLUTIONS LTD,M7037810,4.30000,3943
84415,20130916,BPHX,BLUEPHOENIX SOLUTIONS LTD,M7037810,4.35000,6795
84415,20130917,BPHX,BLUEPHOENIX SOLUTIONS LTD,M7037810,4.41000,100
84415,20130918,BPHX,BLUEPHOENIX SOLUTIONS LTD,M7037810,4.30000,8978
84415,20130919,BPHX,BLUEPHOENIX SOLUTIONS LTD,M7037810,4.25000,9327
84415,20130920,BPHX,BLUEPHOENIX SOLUTIONS LTD,M7037810,4.21000,6053
84415,20130923,BPHX,BLUEPHOENIX SOLUTIONS LTD,M7037810,4.36010,15674
84415,20130924,BPHX,BLUEPHOENIX SOLUTIONS LTD,M7037810,4.30100,5586
84415,20130925,BPHX,BLUEPHOENIX SOLUTIONS LTD,M7037810,4.35000,4086
84415,20130926,BPHX,BLUEPHOENIX SOLUTIONS LTD,M7037810,4.36000,2225
84415,20130927,BPHX,BLUEPHOENIX SOLUTIONS LTD,M7037810,4.50000,1900
84415,20130930,BPHX,BLUEPHOENIX SOLUTIONS LTD,M7037810,4.36000,1242
84415,20131001,BPHX,BLUEPHOENIX SOLUTIONS LTD,M7037810,4.30000,2081
84415,20131002,BPHX,BLUEPHOENIX SOLUTIONS LTD,M7037810,4.30000,1007
84415,20131003,BPHX,BLUEPHOENIX SOLUTIONS LTD,M7037810,4.30000,5526
84415,20131004,BPHX,BLUEPHOENIX SOLUTIONS LTD,M7037810,4.25000,2356
84415,20131007,BPHX,BLUEPHOENIX SOLUTIONS LTD,M7037810,4.05000,14950
84415,20131008,BPHX,BLUEPHOENIX SOLUTIONS LTD,M7037810,4.19000,3244
84415,20131009,BPHX,BLUEPHOENIX SOLUTIONS LTD,M7037810,4.16000,4453
84415,20131010,BPHX,BLUEPHOENIX SOLUTIONS LTD,M7037810,4.10000,5139
84415,20131011,BPHX,BLUEPHOENIX SOLUTIONS LTD,M7037810,4.28000,5489
84415,20131014,BPHX,BLUEPHOENIX SOLUTIONS LTD,M7037810,4.25000,401
84415,20131015,BPHX,BLUEPHOENIX SOLUTIONS LTD,M7037810,-4.16500,1
84415,20131016,BPHX,BLUEPHOENIX SOLUTIONS LTD,M7037810,4.20000,1601
84415,20131017,BPHX,BLUEPHOENIX SOLUTIONS LTD,M7037810,4.10000,3325
84415,20131018,BPHX,BLUEPHOENIX SOLUTIONS LTD,M7037810,4.05000,2310
84415,20131021,BPHX,BLUEPHOENIX SOLUTIONS LTD,M7037810,4.09000,38495
84415,20131022,BPHX,BLUEPHOENIX SOLUTIONS LTD,M7037810,4.10000,11244
84415,20131023,BPHX,BLUEPHOENIX SOLUTIONS LTD,M7037810,4.25000,1901
84415,20131024,BPHX,BLUEPHOENIX SOLUTIONS LTD,M7037810,4.20000,600
84415,20131025,BPHX,BLUEPHOENIX SOLUTIONS LTD,M7037810,4.30000,7950
84415,20131028,BPHX,BLUEPHOENIX SOLUTIONS LTD,M7037810,4.33000,1896
84415,20131029,BPHX,BLUEPHOENIX SOLUTIONS LTD,M7037810,4.30000,700
84415,20131030,BPHX,BLUEPHOENIX SOLUTIONS LTD,M7037810,4.39000,3148
84415,20131031,BPHX,BLUEPHOENIX SOLUTIONS LTD,M7037810,4.30000,6364
84415,20131101,BPHX,BLUEPHOENIX SOLUTIONS LTD,M7037810,4.28000,400
84415,20131104,BPHX,BLUEPHOENIX SOLUTIONS LTD,M7037810,-4.42500,0
84415,20131105,BPHX,BLUEPHOENIX SOLUTIONS LTD,M7037810,4.29000,1332
84415,20131106,BPHX,BLUEPHOENIX SOLUTIONS LTD,M7037810,4.20000,3419
84415,20131107,BPHX,BLUEPHOENIX SOLUTIONS LTD,M7037810,3.97000,5351
84415,20131108,BPHX,BLUEPHOENIX SOLUTIONS LTD,M7037810,4.20000,1330
84415,20131111,BPHX,BLUEPHOENIX SOLUTIONS LTD,M7037810,4.20000,403
84415,20131112,BPHX,BLUEPHOENIX SOLUTIONS LTD,M7037810,4.25000,3213
84415,20131113,BPHX,BLUEPHOENIX SOLUTIONS LTD,M7037810,4.20000,800
84415,20131114,BPHX,BLUEPHOENIX SOLUTIONS LTD,M7037810,4.26000,600
84415,20131115,BPHX,BLUEPHOENIX SOLUTIONS LTD,M7037810,4.30000,2509
84415,20131118,BPHX,BLUEPHOENIX SOLUTIONS LTD,M7037810,4.49000,1030
84415,20131119,BPHX,BLUEPHOENIX SOLUTIONS LTD,M7037810,4.32000,500
84415,20131120,BPHX,BLUEPHOENIX SOLUTIONS LTD,M7037810,-4.39500,0
84415,20131121,BPHX,BLUEPHOENIX SOLUTIONS LTD,M7037810,-4.29500,0
84415,20131122,BPHX,BLUEPHOENIX SOLUTIONS LTD,M7037810,4.25000,6386
84415,20131125,BPHX,BLUEPHOENIX SOLUTIONS LTD,M7037810,4.19000,1440
84415,20131126,BPHX,BLUEPHOENIX SOLUTIONS LTD,M7037810,4.29000,2523
84415,20131127,BPHX,BLUEPHOENIX SOLUTIONS LTD,M7037810,4.43000,7634
84415,20131129,BPHX,BLUEPHOENIX SOLUTIONS LTD,M7037810,4.70000,17051
84415,20131202,BPHX,BLUEPHOENIX SOLUTIONS LTD,M7037810,4.60000,4711
84415,20131203,BPHX,BLUEPHOENIX SOLUTIONS LTD,M7037810,4.62000,400
84415,20131204,BPHX,BLUEPHOENIX SOLUTIONS LTD,M7037810,4.63000,1100
84415,20131205,BPHX,BLUEPHOENIX SOLUTIONS LTD,M7037810,4.52000,525
84415,20131206,BPHX,BLUEPHOENIX SOLUTIONS LTD,M7037810,4.70000,3900
84415,20131209,BPHX,BLUEPHOENIX SOLUTIONS LTD,M7037810,4.72010,1477
84415,20131210,BPHX,BLUEPHOENIX SOLUTIONS LTD,M7037810,4.79500,1693
84415,20131211,BPHX,BLUEPHOENIX SOLUTIONS LTD,M7037810,4.75000,3106
84415,20131212,BPHX,BLUEPHOENIX SOLUTIONS LTD,M7037810,4.65000,2886
84415,20131213,BPHX,BLUEPHOENIX SOLUTIONS LTD,M7037810,4.57000,1000
84415,20131216,BPHX,BLUEPHOENIX SOLUTIONS LTD,M7037810,4.51000,8140
84415,20131217,BPHX,BLUEPHOENIX SOLUTIONS LTD,M7037810,4.45000,3941
84415,20131218,BPHX,BLUEPHOENIX SOLUTIONS LTD,M7037810,4.45000,2654
84415,20131219,BPHX,BLUEPHOENIX SOLUTIONS LTD,M7037810,4.47000,4090
84415,20131220,BPHX,BLUEPHOENIX SOLUTIONS LTD,M7037810,4.36000,11046
84415,20131223,BPHX,BLUEPHOENIX SOLUTIONS LTD,M7037810,4.29000,12549
84415,20131224,BPHX,BLUEPHOENIX SOLUTIONS LTD,M7037810,4.38000,12669
84415,20131226,BPHX,BLUEPHOENIX SOLUTIONS LTD,M7037810,4.34000,2904
84415,20131227,BPHX,BLUEPHOENIX SOLUTIONS LTD,M7037810,4.50000,4850
84415,20131230,BPHX,BLUEPHOENIX SOLUTIONS LTD,M7037810,4.50000,2843
84415,20131231,BPHX,BLUEPHOENIX SOLUTIONS LTD,M7037810,4.60000,6266
84415,20140102,BPHX,BLUEPHOENIX SOLUTIONS LTD,M7037810,-4.55000,98
84415,20140103,BPHX,BLUEPHOENIX SOLUTIONS LTD,M7037810,-4.53000,0
84415,20140106,BPHX,BLUEPHOENIX SOLUTIONS LTD,M7037810,4.59000,3235
84415,20140107,BPHX,BLUEPHOENIX SOLUTIONS LTD,M7037810,-4.54500,0
84415,20140108,BPHX,BLUEPHOENIX SOLUTIONS LTD,M7037810,4.60000,352
84415,20140109,BPHX,BLUEPHOENIX SOLUTIONS LTD,M7037810,4.59000,677
84415,20140110,BPHX,BLUEPHOENIX SOLUTIONS LTD,M7037810,4.50010,250
84415,20140113,BPHX,BLUEPHOENIX SOLUTIONS LTD,M7037810,4.50000,1100
84415,20140114,BPHX,BLUEPHOENIX SOLUTIONS LTD,M7037810,-4.55000,11
84415,20140115,BPHX,BLUEPHOENIX SOLUTIONS LTD,M7037810,4.49000,1051
84415,20140116,BPHX,BLUEPHOENIX SOLUTIONS LTD,M7037810,4.50000,451
84415,20140117,BPHX,BLUEPHOENIX SOLUTIONS LTD,M7037810,4.45000,500
84415,20140121,BPHX,BLUEPHOENIX SOLUTIONS LTD,M7037810,4.35000,1400
84415,20140122,BPHX,BLUEPHOENIX SOLUTIONS LTD,M7037810,4.37000,750
84415,20140123,BPHX,BLUEPHOENIX SOLUTIONS LTD,M7037810,4.45000,1257
84415,20140124,BPHX,BLUEPHOENIX SOLUTIONS LTD,M7037810,4.50000,1508
84415,20140127,BPHX,BLUEPHOENIX SOLUTIONS LTD,M7037810,4.45000,5598
84415,20140128,BPHX,BLUEPHOENIX SOLUTIONS LTD,M7037810,-4.42500,400
84415,20140129,BPHX,BLUEPHOENIX SOLUTIONS LTD,M7037810,4.35000,1400
84415,20140130,BPHX,BLUEPHOENIX SOLUTIONS LTD,M7037810,4.33000,9087
84415,20140131,BPHX,BLUEPHOENIX SOLUTIONS LTD,M7037810,4.21000,16781
84415,20140203,BPHX,BLUEPHOENIX SOLUTIONS LTD,M7037810,4.23000,3200
84415,20140204,BPHX,BLUEPHOENIX SOLUTIONS LTD,M7037810,4.20000,8429
84415,20140205,BPHX,BLUEPHOENIX SOLUTIONS LTD,M7037810,4.48550,1369
84415,20140206,BPHX,BLUEPHOENIX SOLUTIONS LTD,M7037810,4.54000,407
84415,20140207,BPHX,BLUEPHOENIX SOLUTIONS LTD,M7037810,-4.47000,0
84415,20140210,BPHX,BLUEPHOENIX SOLUTIONS LTD,M7037810,-4.44000,0
84415,20140211,BPHX,BLUEPHOENIX SOLUTIONS LTD,M7037810,4.46760,240
84415,20140212,BPHX,BLUEPHOENIX SOLUTIONS LTD,M7037810,4.49000,4436
84415,20140213,BPHX,BLUEPHOENIX SOLUTIONS LTD,M7037810,4.38600,259
84415,20140214,BPHX,BLUEPHOENIX SOLUTIONS LTD,M7037810,4.47000,562
84415,20140218,BPHX,BLUEPHOENIX SOLUTIONS LTD,M7037810,4.47000,412
84415,20140219,BPHX,BLUEPHOENIX SOLUTIONS LTD,M7037810,4.50000,294
84415,20140220,BPHX,BLUEPHOENIX SOLUTIONS LTD,M7037810,-4.42500,0
84415,20140221,BPHX,BLUEPHOENIX SOLUTIONS LTD,M7037810,4.50000,400
84415,20140224,BPHX,BLUEPHOENIX SOLUTIONS LTD,M7037810,-4.42500,84
84415,20140225,BPHX,BLUEPHOENIX SOLUTIONS LTD,M7037810,-4.37500,25
84415,20140226,BPHX,BLUEPHOENIX SOLUTIONS LTD,M7037810,4.50000,1450
84415,20140227,BPHX,BLUEPHOENIX SOLUTIONS LTD,M7037810,4.50000,200
84415,20140228,BPHX,BLUEPHOENIX SOLUTIONS LTD,M7037810,4.50000,2488
84415,20140303,BPHX,BLUEPHOENIX SOLUTIONS LTD,M7037810,4.48000,100
84415,20140304,BPHX,BLUEPHOENIX SOLUTIONS LTD,M7037810,4.45000,1225
84415,20140305,BPHX,BLUEPHOENIX SOLUTIONS LTD,M7037810,4.47000,1083
84415,20140306,BPHX,BLUEPHOENIX SOLUTIONS LTD,M7037810,4.48000,551
84415,20140307,BPHX,BLUEPHOENIX SOLUTIONS LTD,M7037810,4.50000,650
84415,20140310,BPHX,BLUEPHOENIX SOLUTIONS LTD,M7037810,4.50000,1757
84415,20140311,BPHX,BLUEPHOENIX SOLUTIONS LTD,M7037810,-4.42000,0
84415,20140312,BPHX,BLUEPHOENIX SOLUTIONS LTD,M7037810,-4.42000,81
84415,20140313,BPHX,BLUEPHOENIX SOLUTIONS LTD,M7037810,4.49000,1525
84415,20140314,BPHX,BLUEPHOENIX SOLUTIONS LTD,M7037810,4.50000,200
84415,20140317,BPHX,BLUEPHOENIX SOLUTIONS LTD,M7037810,4.47000,166
84415,20140318,BPHX,BLUEPHOENIX SOLUTIONS LTD,M7037810,4.47000,462
84415,20140319,BPHX,BLUEPHOENIX SOLUTIONS LTD,M7037810,4.48000,624
84415,20140320,BPHX,BLUEPHOENIX SOLUTIONS LTD,M7037810,-4.28000,60
84415,20140321,BPHX,BLUEPHOENIX SOLUTIONS LTD,M7037810,4.40000,5721
84415,20140324,BPHX,BLUEPHOENIX SOLUTIONS LTD,M7037810,4.25000,2175
84415,20140325,BPHX,BLUEPHOENIX SOLUTIONS LTD,M7037810,4.25000,1900
84415,20140326,BPHX,BLUEPHOENIX SOLUTIONS LTD,M7037810,4.30000,1050
84415,20140327,BPHX,BLUEPHOENIX SOLUTIONS LTD,M7037810,4.25000,5050
84415,20140328,BPHX,BLUEPHOENIX SOLUTIONS LTD,M7037810,4.26000,3408
84415,20140331,BPHX,BLUEPHOENIX SOLUTIONS LTD,M7037810,4.35000,1800
84415,20140401,BPHX,BLUEPHOENIX SOLUTIONS LTD,M7037810,-4.33000,0
84415,20140402,BPHX,BLUEPHOENIX SOLUTIONS LTD,M7037810,4.27000,233
84415,20140403,BPHX,BLUEPHOENIX SOLUTIONS LTD,M7037810,4.39000,634
84415,20140404,BPHX,BLUEPHOENIX SOLUTIONS LTD,M7037810,4.31000,300
84415,20140407,BPHX,BLUEPHOENIX SOLUTIONS LTD,M7037810,-4.30000,0
84415,20140408,BPHX,BLUEPHOENIX SOLUTIONS LTD,M7037810,4.35000,725
84415,20140409,BPHX,BLUEPHOENIX SOLUTIONS LTD,M7037810,4.35000,510
84415,20140410,BPHX,BLUEPHOENIX SOLUTIONS LTD,M7037810,4.26000,684
84415,20140411,BPHX,BLUEPHOENIX SOLUTIONS LTD,M7037810,4.40000,350
84415,20140414,BPHX,BLUEPHOENIX SOLUTIONS LTD,M7037810,4.35000,1305
84415,20140415,BPHX,BLUEPHOENIX SOLUTIONS LTD,M7037810,4.25000,550
84415,20140416,BPHX,BLUEPHOENIX SOLUTIONS LTD,M7037810,4.19000,1885
84415,20140417,BPHX,BLUEPHOENIX SOLUTIONS LTD,M7037810,4.19000,1840
84415,20140421,BPHX,BLUEPHOENIX SOLUTIONS LTD,M7037810,4.48000,904
84415,20140422,BPHX,BLUEPHOENIX SOLUTIONS LTD,M7037810,4.36950,1488
84415,20140423,BPHX,BLUEPHOENIX SOLUTIONS LTD,M7037810,4.38000,2334
84415,20140424,BPHX,BLUEPHOENIX SOLUTIONS LTD,M7037810,-4.24000,20
84415,20140425,BPHX,BLUEPHOENIX SOLUTIONS LTD,M7037810,4.44000,1013
84415,20140428,BPHX,BLUEPHOENIX SOLUTIONS LTD,M7037810,4.37350,1675
84415,20140429,BPHX,BLUEPHOENIX SOLUTIONS LTD,M7037810,-4.29500,0
84415,20140430,BPHX,BLUEPHOENIX SOLUTIONS LTD,M7037810,4.35000,2114
84415,20140501,BPHX,BLUEPHOENIX SOLUTIONS LTD,M7037810,4.19000,3228
84415,20140502,BPHX,BLUEPHOENIX SOLUTIONS LTD,M7037810,4.30000,825
84415,20140505,BPHX,BLUEPHOENIX SOLUTIONS LTD,M7037810,4.19000,500
84415,20140506,BPHX,BLUEPHOENIX SOLUTIONS LTD,M7037810,4.19000,1626
84415,20140507,BPHX,BLUEPHOENIX SOLUTIONS LTD,M7037810,4.22000,938
84415,20140508,BPHX,BLUEPHOENIX SOLUTIONS LTD,M7037810,4.10000,1767
84415,20140509,BPHX,BLUEPHOENIX SOLUTIONS LTD,M7037810,4.22000,300
84415,20140512,BPHX,BLUEPHOENIX SOLUTIONS LTD,M7037810,4.20000,3264
84415,20140513,BPHX,BLUEPHOENIX SOLUTIONS LTD,M7037810,4.25000,1287
84415,20140514,BPHX,BLUEPHOENIX SOLUTIONS LTD,M7037810,-4.28500,0
84415,20140515,BPHX,BLUEPHOENIX SOLUTIONS LTD,M7037810,-4.23500,2
84415,20140516,BPHX,BLUEPHOENIX SOLUTIONS LTD,M7037810,4.25000,1473
84415,20140519,BPHX,BLUEPHOENIX SOLUTIONS LTD,M7037810,4.15000,1360
84415,20140520,BPHX,BLUEPHOENIX SOLUTIONS LTD,M7037810,4.23000,2000
84415,20140521,BPHX,BLUEPHOENIX SOLUTIONS LTD,M7037810,4.15000,1297
84415,20140522,BPHX,BLUEPHOENIX SOLUTIONS LTD,M7037810,4.22000,2429
84415,20140523,BPHX,BLUEPHOENIX SOLUTIONS LTD,M7037810,4.22000,2375
84415,20140527,BPHX,BLUEPHOENIX SOLUTIONS LTD,M7037810,4.20000,1275
84415,20140528,BPHX,BLUEPHOENIX SOLUTIONS LTD,M7037810,-4.12500,15
84415,20140529,BPHX,BLUEPHOENIX SOLUTIONS LTD,M7037810,-4.10000,0
84415,20140530,BPHX,BLUEPHOENIX SOLUTIONS LTD,M7037810,-4.10000,0
84415,20140602,BPHX,BLUEPHOENIX SOLUTIONS LTD,M7037810,4.15000,1663
84415,20140603,BPHX,BLUEPHOENIX SOLUTIONS LTD,M7037810,-4.09500,0
84415,20140604,BPHX,BLUEPHOENIX SOLUTIONS LTD,M7037810,4.13000,13498
84415,20140605,BPHX,BLUEPHOENIX SOLUTIONS LTD,M7037810,4.15000,379
84415,20140606,BPHX,BLUEPHOENIX SOLUTIONS LTD,M7037810,4.14000,1800
84415,20140609,BPHX,BLUEPHOENIX SOLUTIONS LTD,M7037810,4.06000,1740
84415,20140610,BPHX,BLUEPHOENIX SOLUTIONS LTD,M7037810,-4.07500,0
84415,20140611,BPHX,BLUEPHOENIX SOLUTIONS LTD,M7037810,4.10000,1050
84415,20140612,BPHX,BLUEPHOENIX SOLUTIONS LTD,M7037810,4.10000,3939
84415,20140613,BPHX,BLUEPHOENIX SOLUTIONS LTD,M7037810,4.15000,7563
84415,20140616,BPHX,BLUEPHOENIX SOLUTIONS LTD,M7037810,4.00010,1884
84415,20140617,BPHX,BLUEPHOENIX SOLUTIONS LTD,M7037810,4.13000,1065
84415,20140618,BPHX,BLUEPHOENIX SOLUTIONS LTD,M7037810,4.10000,8801
84415,20140619,BPHX,BLUEPHOENIX SOLUTIONS LTD,M7037810,4.05000,29273
84415,20140620,BPHX,BLUEPHOENIX SOLUTIONS LTD,M7037810,4.11000,1208
84415,20140623,BPHX,BLUEPHOENIX SOLUTIONS LTD,M7037810,4.10000,4300
84415,20140624,BPHX,BLUEPHOENIX SOLUTIONS LTD,M7037810,4.10000,5392
84415,20140625,BPHX,BLUEPHOENIX SOLUTIONS LTD,M7037810,4.10000,3918
84415,20140626,BPHX,BLUEPHOENIX SOLUTIONS LTD,M7037810,4.10000,4245
84415,20140627,BPHX,BLUEPHOENIX SOLUTIONS LTD,M7037810,4.16000,7498
84415,20140630,BPHX,BLUEPHOENIX SOLUTIONS LTD,M7037810,4.16000,1849
84415,20140701,BPHX,BLUEPHOENIX SOLUTIONS LTD,M7037810,4.00000,2006
84415,20140702,BPHX,BLUEPHOENIX SOLUTIONS LTD,M7037810,4.05000,7994
84415,20140703,BPHX,BLUEPHOENIX SOLUTIONS LTD,M7037810,4.02010,166
84415,20140707,BPHX,BLUEPHOENIX SOLUTIONS LTD,M7037810,4.00000,4600
84415,20140708,BPHX,BLUEPHOENIX SOLUTIONS LTD,M7037810,4.07000,3300
84415,20140709,BPHX,BLUEPHOENIX SOLUTIONS LTD,M7037810,3.97300,880
84415,20140710,BPHX,BLUEPHOENIX SOLUTIONS LTD,M7037810,3.99000,2040
84415,20140711,BPHX,BLUEPHOENIX SOLUTIONS LTD,M7037810,-3.98000,0
84415,20140714,BPHX,BLUEPHOENIX SOLUTIONS LTD,M7037810,3.97000,2155
84415,20140715,BPHX,BLUEPHOENIX SOLUTIONS LTD,M7037810,3.98000,1800
84415,20140716,BPHX,BLUEPHOENIX SOLUTIONS LTD,M7037810,3.99000,1168
84415,20140717,BPHX,BLUEPHOENIX SOLUTIONS LTD,M7037810,3.97010,200
84415,20140718,BPHX,BLUEPHOENIX SOLUTIONS LTD,M7037810,4.08000,16077
84415,20140721,BPHX,BLUEPHOENIX SOLUTIONS LTD,M7037810,3.93010,6450
84415,20140722,BPHX,BLUEPHOENIX SOLUTIONS LTD,M7037810,3.97000,49608
84415,20140723,BPHX,BLUEPHOENIX SOLUTIONS LTD,M7037810,3.99000,1996
84415,20140724,BPHX,BLUEPHOENIX SOLUTIONS LTD,M7037810,4.05000,16436
84415,20140725,BPHX,BLUEPHOENIX SOLUTIONS LTD,M7037810,4.09000,13927
84415,20140728,BPHX,BLUEPHOENIX SOLUTIONS LTD,M7037810,4.07100,31687
84415,20140729,BPHX,BLUEPHOENIX SOLUTIONS LTD,M7037810,3.98000,2176
84415,20140730,BPHX,BLUEPHOENIX SOLUTIONS LTD,M7037810,4.01000,24462
84415,20140731,BPHX,BLUEPHOENIX SOLUTIONS LTD,M7037810,4.13000,14468
84415,20140801,BPHX,BLUEPHOENIX SOLUTIONS LTD,M7037810,3.99000,40399
84415,20140804,BPHX,BLUEPHOENIX SOLUTIONS LTD,M7037810,3.88500,22412
84415,20140805,BPHX,BLUEPHOENIX SOLUTIONS LTD,M7037810,3.80000,615
84415,20140806,BPHX,BLUEPHOENIX SOLUTIONS LTD,M7037810,4.05000,3950
84415,20140807,BPHX,BLUEPHOENIX SOLUTIONS LTD,M7037810,4.03000,1500
84415,20140808,BPHX,BLUEPHOENIX SOLUTIONS LTD,M7037810,3.90000,1650
84415,20140811,BPHX,BLUEPHOENIX SOLUTIONS LTD,M7037810,4.00000,500
84415,20140812,BPHX,BLUEPHOENIX SOLUTIONS LTD,M7037810,3.93000,19785
84415,20140813,BPHX,BLUEPHOENIX SOLUTIONS LTD,M7037810,4.00000,524
84415,20140814,BPHX,BLUEPHOENIX SOLUTIONS LTD,M7037810,3.96000,2600
84415,20140815,BPHX,BLUEPHOENIX SOLUTIONS LTD,M7037810,4.01000,3095
84415,20140818,BPHX,BLUEPHOENIX SOLUTIONS LTD,M7037810,3.92000,204
84415,20140819,BPHX,BLUEPHOENIX SOLUTIONS LTD,M7037810,-3.83500,0
84415,20140820,BPHX,BLUEPHOENIX SOLUTIONS LTD,M7037810,-3.83000,0
84415,20140821,BPHX,BLUEPHOENIX SOLUTIONS LTD,M7037810,-3.82500,21
84415,20140822,BPHX,BLUEPHOENIX SOLUTIONS LTD,M7037810,3.88000,200
84415,20140825,BPHX,BLUEPHOENIX SOLUTIONS LTD,M7037810,3.81000,2090
84415,20140826,BPHX,BLUEPHOENIX SOLUTIONS LTD,M7037810,3.68000,300
84415,20140827,BPHX,BLUEPHOENIX SOLUTIONS LTD,M7037810,3.74000,475
84415,20140828,BPHX,BLUEPHOENIX SOLUTIONS LTD,M7037810,3.61000,380
84415,20140829,BPHX,BLUEPHOENIX SOLUTIONS LTD,M7037810,3.88000,1140
84415,20140902,BPHX,BLUEPHOENIX SOLUTIONS LTD,M7037810,-3.74500,0
84415,20140903,BPHX,BLUEPHOENIX SOLUTIONS LTD,M7037810,3.81000,1500
84415,20140904,BPHX,BLUEPHOENIX SOLUTIONS LTD,M7037810,3.77000,375
84415,20140905,BPHX,BLUEPHOENIX SOLUTIONS LTD,M7037810,-3.72000,0
84415,20140908,BPHX,BLUEPHOENIX SOLUTIONS LTD,M7037810,-3.70500,5
84415,20140909,BPHX,BLUEPHOENIX SOLUTIONS LTD,M7037810,-3.70500,0
84415,20140910,BPHX,BLUEPHOENIX SOLUTIONS LTD,M7037810,-3.71500,1
84415,20140911,BPHX,BLUEPHOENIX SOLUTIONS LTD,M7037810,3.65000,450
84415,20140912,BPHX,BLUEPHOENIX SOLUTIONS LTD,M7037810,3.59000,3028
84415,20140915,BPHX,BLUEPHOENIX SOLUTIONS LTD,M7037810,3.60000,622
84415,20140916,BPHX,BLUEPHOENIX SOLUTIONS LTD,M7037810,3.63000,350
84415,20140917,BPHX,BLUEPHOENIX SOLUTIONS LTD,M7037810,3.60000,187
84415,20140918,BPHX,BLUEPHOENIX SOLUTIONS LTD,M7037810,-3.57500,0
84415,20140919,BPHX,BLUEPHOENIX SOLUTIONS LTD,M7037810,3.70000,2673
84415,20140922,BPHX,BLUEPHOENIX SOLUTIONS LTD,M7037810,3.70000,190
84415,20140923,BPHX,BLUEPHOENIX SOLUTIONS LTD,M7037810,3.55010,3400
84415,20140924,BPHX,BLUEPHOENIX SOLUTIONS LTD,M7037810,3.68700,150
84415,20140925,BPHX,BLUEPHOENIX SOLUTIONS LTD,M7037810,-3.62500,20
84415,20140926,BPHX,BLUEPHOENIX SOLUTIONS LTD,M7037810,-3.60500,0
84415,20140929,BPHX,BLUEPHOENIX SOLUTIONS LTD,M7037810,-3.60000,0
84415,20140930,BPHX,BLUEPHOENIX SOLUTIONS LTD,M7037810,-3.59500,0
84415,20141001,BPHX,BLUEPHOENIX SOLUTIONS LTD,M7037810,3.59000,1551
84415,20141002,BPHX,BLUEPHOENIX SOLUTIONS LTD,M7037810,3.68000,200
84415,20141003,BPHX,BLUEPHOENIX SOLUTIONS LTD,M7037810,-3.54000,0
84415,20141006,BPHX,BLUEPHOENIX SOLUTIONS LTD,M7037810,-3.51000,0
84415,20141007,BPHX,BLUEPHOENIX SOLUTIONS LTD,M7037810,-3.49500,0
84415,20141008,BPHX,BLUEPHOENIX SOLUTIONS LTD,M7037810,3.51000,2521
84415,20141009,BPHX,BLUEPHOENIX SOLUTIONS LTD,M7037810,3.14000,7031
84415,20141010,BPHX,BLUEPHOENIX SOLUTIONS LTD,M7037810,3.34000,950
84415,20141013,BPHX,BLUEPHOENIX SOLUTIONS LTD,M7037810,3.40000,616
84415,20141014,BPHX,BLUEPHOENIX SOLUTIONS LTD,M7037810,3.64000,350
84415,20141015,BPHX,BLUEPHOENIX SOLUTIONS LTD,M7037810,3.66000,1735
84415,20141016,BPHX,BLUEPHOENIX SOLUTIONS LTD,M7037810,-3.55000,150
84415,20141017,BPHX,BLUEPHOENIX SOLUTIONS LTD,M7037810,-3.40500,0
84415,20141020,BPHX,BLUEPHOENIX SOLUTIONS LTD,M7037810,3.55000,1550
84415,20141021,BPHX,BLUEPHOENIX SOLUTIONS LTD,M7037810,3.62000,100
84415,20141022,BPHX,BLUEPHOENIX SOLUTIONS LTD,M7037810,-3.45500,0
84415,20141023,BPHX,BLUEPHOENIX SOLUTIONS LTD,M7037810,-3.45500,25
84415,20141024,BPHX,BLUEPHOENIX SOLUTIONS LTD,M7037810,3.53000,625
84415,20141027,BPHX,BLUEPHOENIX SOLUTIONS LTD,M7037810,3.54950,2104
84415,20141028,BPHX,BLUEPHOENIX SOLUTIONS LTD,M7037810,-3.44500,0
84415,20141029,BPHX,BLUEPHOENIX SOLUTIONS LTD,M7037810,-3.45500,0
84415,20141030,BPHX,BLUEPHOENIX SOLUTIONS LTD,M7037810,3.49000,12331
84415,20141031,BPHX,BLUEPHOENIX SOLUTIONS LTD,M7037810,3.63600,7813
84415,20141103,BPHX,BLUEPHOENIX SOLUTIONS LTD,M7037810,3.65000,425
84415,20141104,BPHX,BLUEPHOENIX SOLUTIONS LTD,M7037810,-3.59500,0
84415,20141105,BPHX,BLUEPHOENIX SOLUTIONS LTD,M7037810,3.68000,800
84415,20141106,BPHX,BLUEPHOENIX SOLUTIONS LTD,M7037810,3.53000,25820
84415,20141107,BPHX,BLUEPHOENIX SOLUTIONS LTD,M7037810,3.56000,6600
84415,20141110,BPHX,BLUEPHOENIX SOLUTIONS LTD,M7037810,3.49000,1649
84415,20141111,BPHX,BLUEPHOENIX SOLUTIONS LTD,M7037810,3.50000,6392
84415,20141112,BPHX,BLUEPHOENIX SOLUTIONS LTD,M7037810,3.57000,3500
84415,20141113,BPHX,BLUEPHOENIX SOLUTIONS LTD,M7037810,3.49000,6755
84415,20141114,BPHX,BLUEPHOENIX SOLUTIONS LTD,M7037810,3.49000,500
84415,20141117,BPHX,BLUEPHOENIX SOLUTIONS LTD,M7037810,3.53000,525
84415,20141118,BPHX,BLUEPHOENIX SOLUTIONS LTD,M7037810,3.47000,1309
84415,20141119,BPHX,BLUEPHOENIX SOLUTIONS LTD,M7037810,3.52000,3612
84415,20141120,BPHX,BLUEPHOENIX SOLUTIONS LTD,M7037810,3.46000,4469
84415,20141121,BPHX,BLUEPHOENIX SOLUTIONS LTD,M7037810,3.44000,800
84415,20141124,BPHX,BLUEPHOENIX SOLUTIONS LTD,M7037810,3.42000,925
84415,20141125,BPHX,BLUEPHOENIX SOLUTIONS LTD,M7037810,3.40000,205
84415,20141126,BPHX,BLUEPHOENIX SOLUTIONS LTD,M7037810,3.46000,2469
84415,20141128,BPHX,BLUEPHOENIX SOLUTIONS LTD,M7037810,3.49000,1792
84415,20141201,BPHX,BLUEPHOENIX SOLUTIONS LTD,M7037810,3.42000,650
84415,20141202,BPHX,BLUEPHOENIX SOLUTIONS LTD,M7037810,3.53360,7479
84415,20141203,MDSY,BLUEPHOENIX SOLUTIONS LTD,M7037810,3.75000,1275
84415,20141204,MDSY,BLUEPHOENIX SOLUTIONS LTD,M7037810,-3.67500,3
84415,20141205,MDSY,BLUEPHOENIX SOLUTIONS LTD,M7037810,-3.67500,50
84415,20141208,MDSY,BLUEPHOENIX SOLUTIONS LTD,M7037810,3.75000,1351
84415,20141209,MDSY,BLUEPHOENIX SOLUTIONS LTD,M7037810,3.75000,1650
84415,20141210,MDSY,BLUEPHOENIX SOLUTIONS LTD,M7037810,3.61000,12558
84415,20141211,MDSY,BLUEPHOENIX SOLUTIONS LTD,M7037810,3.69000,425
84415,20141212,MDSY,BLUEPHOENIX SOLUTIONS LTD,M7037810,-3.64500,0
84415,20141215,MDSY,BLUEPHOENIX SOLUTIONS LTD,M7037810,3.46000,1310
84415,20141216,MDSY,BLUEPHOENIX SOLUTIONS LTD,M7037810,3.50000,1765
84415,20141217,MDSY,BLUEPHOENIX SOLUTIONS LTD,M7037810,3.45000,850
84415,20141218,MDSY,BLUEPHOENIX SOLUTIONS LTD,M7037810,3.40000,950
84415,20141219,MDSY,BLUEPHOENIX SOLUTIONS LTD,M7037810,3.45000,4407
84415,20141222,MDSY,BLUEPHOENIX SOLUTIONS LTD,M7037810,3.44000,2562
84415,20141223,MDSY,BLUEPHOENIX SOLUTIONS LTD,M7037810,3.40000,2174
84415,20141224,MDSY,BLUEPHOENIX SOLUTIONS LTD,M7037810,3.35000,200
84415,20141226,MDSY,BLUEPHOENIX SOLUTIONS LTD,M7037810,3.20000,17399
84415,20141229,MDSY,BLUEPHOENIX SOLUTIONS LTD,M7037810,3.50000,5523
84415,20141230,MDSY,BLUEPHOENIX SOLUTIONS LTD,M7037810,3.45000,9260
84415,20141231,MDSY,BLUEPHOENIX SOLUTIONS LTD,M7037810,3.46000,11537
84415,20150102,MDSY,BLUEPHOENIX SOLUTIONS LTD,M7037810,3.40000,816
84415,20150105,MDSY,BLUEPHOENIX SOLUTIONS LTD,M7037810,3.46000,2680
84415,20150106,MDSY,BLUEPHOENIX SOLUTIONS LTD,M7037810,-3.40000,0
84415,20150107,MDSY,BLUEPHOENIX SOLUTIONS LTD,M7037810,3.31000,516
84415,20150108,MDSY,BLUEPHOENIX SOLUTIONS LTD,M7037810,3.10000,2846
84415,20150109,MDSY,BLUEPHOENIX SOLUTIONS LTD,M7037810,-3.30000,0
84415,20150112,MDSY,BLUEPHOENIX SOLUTIONS LTD,M7037810,3.28000,475
84415,20150113,MDSY,BLUEPHOENIX SOLUTIONS LTD,M7037810,-3.27000,0
84415,20150114,MDSY,BLUEPHOENIX SOLUTIONS LTD,M7037810,3.15000,331
84415,20150115,MDSY,BLUEPHOENIX SOLUTIONS LTD,M7037810,3.10000,2547
84415,20150116,MDSY,BLUEPHOENIX SOLUTIONS LTD,M7037810,-3.32500,0
84415,20150120,MDSY,BLUEPHOENIX SOLUTIONS LTD,M7037810,3.10000,1439
84415,20150121,MDSY,BLUEPHOENIX SOLUTIONS LTD,M7037810,3.12000,3894
84415,20150122,MDSY,BLUEPHOENIX SOLUTIONS LTD,M7037810,3.05000,1300
84415,20150123,MDSY,MODSYS INTERNATIONAL LTD,M7037810,3.19000,600
84415,20150126,MDSY,MODSYS INTERNATIONAL LTD,M7037810,3.30000,2085
84415,20150127,MDSY,MODSYS INTERNATIONAL LTD,M7037810,-3.24500,0
84415,20150128,MDSY,MODSYS INTERNATIONAL LTD,M7037810,3.17000,1775
84415,20150129,MDSY,MODSYS INTERNATIONAL LTD,M7037810,3.20000,986
84415,20150130,MDSY,MODSYS INTERNATIONAL LTD,M7037810,-3.07500,0
84415,20150202,MDSY,MODSYS INTERNATIONAL LTD,M7037810,-3.12500,0
84415,20150203,MDSY,MODSYS INTERNATIONAL LTD,M7037810,-3.12500,0
84415,20150204,MDSY,MODSYS INTERNATIONAL LTD,M7037810,3.03000,637
84415,20150205,MDSY,MODSYS INTERNATIONAL LTD,M7037810,2.96000,500
84415,20150206,MDSY,MODSYS INTERNATIONAL LTD,M7037810,3.03000,7535
84415,20150209,MDSY,MODSYS INTERNATIONAL LTD,M7037810,3.02000,1352
84415,20150210,MDSY,MODSYS INTERNATIONAL LTD,M7037810,2.95000,1437
84415,20150211,MDSY,MODSYS INTERNATIONAL LTD,M7037810,-3.12500,0
84415,20150212,MDSY,MODSYS INTERNATIONAL LTD,M7037810,2.97000,388
84415,20150213,MDSY,MODSYS INTERNATIONAL LTD,M7037810,-2.97500,0
84415,20150217,MDSY,MODSYS INTERNATIONAL LTD,M7037810,2.95000,208
84415,20150218,MDSY,MODSYS INTERNATIONAL LTD,M7037810,2.85000,2098
84415,20150219,MDSY,MODSYS INTERNATIONAL LTD,M7037810,2.82000,1716
84415,20150220,MDSY,MODSYS INTERNATIONAL LTD,M7037810,2.60000,2525
84415,20150223,MDSY,MODSYS INTERNATIONAL LTD,M7037810,2.70000,12423
84415,20150224,MDSY,MODSYS INTERNATIONAL LTD,M7037810,2.70000,2800
84415,20150225,MDSY,MODSYS INTERNATIONAL LTD,M7037810,2.71000,1300
84415,20150226,MDSY,MODSYS INTERNATIONAL LTD,M7037810,2.67000,563
84415,20150227,MDSY,MODSYS INTERNATIONAL LTD,M7037810,2.96000,1700
84415,20150302,MDSY,MODSYS INTERNATIONAL LTD,M7037810,2.56000,6714
84415,20150303,MDSY,MODSYS INTERNATIONAL LTD,M7037810,-2.65000,0
84415,20150304,MDSY,MODSYS INTERNATIONAL LTD,M7037810,-2.60500,0
84415,20150305,MDSY,MODSYS INTERNATIONAL LTD,M7037810,2.39000,1000
84415,20150306,MDSY,MODSYS INTERNATIONAL LTD,M7037810,2.30000,1300
84415,20150309,MDSY,MODSYS INTERNATIONAL LTD,M7037810,2.22000,682
84415,20150310,MDSY,MODSYS INTERNATIONAL LTD,M7037810,2.22000,15659
84415,20150311,MDSY,MODSYS INTERNATIONAL LTD,M7037810,2.38200,975
84415,20150312,MDSY,MODSYS INTERNATIONAL LTD,M7037810,2.50000,300
84415,20150313,MDSY,MODSYS INTERNATIONAL LTD,M7037810,2.54000,200
84415,20150316,MDSY,MODSYS INTERNATIONAL LTD,M7037810,-2.39000,133
84415,20150317,MDSY,MODSYS INTERNATIONAL LTD,M7037810,2.25000,1402
84415,20150318,MDSY,MODSYS INTERNATIONAL LTD,M7037810,2.20000,2500
84415,20150319,MDSY,MODSYS INTERNATIONAL LTD,M7037810,2.20000,7400
84415,20150320,MDSY,MODSYS INTERNATIONAL LTD,M7037810,2.20500,1400
84415,20150323,MDSY,MODSYS INTERNATIONAL LTD,M7037810,2.26000,1200
84415,20150324,MDSY,MODSYS INTERNATIONAL LTD,M7037810,2.28000,2524
84415,20150325,MDSY,MODSYS INTERNATIONAL LTD,M7037810,2.83950,133459
84415,20150326,MDSY,MODSYS INTERNATIONAL LTD,M7037810,2.73000,12780
84415,20150327,MDSY,MODSYS INTERNATIONAL LTD,M7037810,2.99000,3147
84415,20150330,MDSY,MODSYS INTERNATIONAL LTD,M7037810,2.85000,9809
84415,20150331,MDSY,MODSYS INTERNATIONAL LTD,M7037810,2.85540,500
84415,20150401,MDSY,MODSYS INTERNATIONAL LTD,M7037810,3.00000,500
84415,20150402,MDSY,MODSYS INTERNATIONAL LTD,M7037810,3.10000,3200
84415,20150406,MDSY,MODSYS INTERNATIONAL LTD,M7037810,2.85010,1000
84415,20150407,MDSY,MODSYS INTERNATIONAL LTD,M7037810,2.85000,223
84415,20150408,MDSY,MODSYS INTERNATIONAL LTD,M7037810,2.85000,250
84415,20150409,MDSY,MODSYS INTERNATIONAL LTD,M7037810,2.93350,433
84415,20150410,MDSY,MODSYS INTERNATIONAL LTD,M7037810,2.85000,135
84415,20150413,MDSY,MODSYS INTERNATIONAL LTD,M7037810,2.86000,673
84415,20150414,MDSY,MODSYS INTERNATIONAL LTD,M7037810,-2.89500,87
84415,20150415,MDSY,MODSYS INTERNATIONAL LTD,M7037810,-2.79500,0
84415,20150416,MDSY,MODSYS INTERNATIONAL LTD,M7037810,2.85000,100
84415,20150417,MDSY,MODSYS INTERNATIONAL LTD,M7037810,2.85000,225
84415,20150420,MDSY,MODSYS INTERNATIONAL LTD,M7037810,2.91000,400
84415,20150421,MDSY,MODSYS INTERNATIONAL LTD,M7037810,-2.53500,0
84415,20150422,MDSY,MODSYS INTERNATIONAL LTD,M7037810,2.49170,312
84415,20150423,MDSY,MODSYS INTERNATIONAL LTD,M7037810,2.56000,3200
84415,20150424,MDSY,MODSYS INTERNATIONAL LTD,M7037810,2.50000,201
84415,20150427,MDSY,MODSYS INTERNATIONAL LTD,M7037810,2.49900,2105
84415,20150428,MDSY,MODSYS INTERNATIONAL LTD,M7037810,2.26010,999
84415,20150429,MDSY,MODSYS INTERNATIONAL LTD,M7037810,2.50000,1623
84415,20150430,MDSY,MODSYS INTERNATIONAL LTD,M7037810,-2.62000,16
84415,20150501,MDSY,MODSYS INTERNATIONAL LTD,M7037810,2.90000,411
84415,20150504,MDSY,MODSYS INTERNATIONAL LTD,M7037810,-2.71000,34
84415,20150505,MDSY,MODSYS INTERNATIONAL LTD,M7037810,2.35000,531
84415,20150506,MDSY,MODSYS INTERNATIONAL LTD,M7037810,2.49990,105
84415,20150507,MDSY,MODSYS INTERNATIONAL LTD,M7037810,-2.54000,0
84415,20150508,MDSY,MODSYS INTERNATIONAL LTD,M7037810,-2.57500,0
84415,20150511,MDSY,MODSYS INTERNATIONAL LTD,M7037810,2.28000,7880
84415,20150512,MDSY,MODSYS INTERNATIONAL LTD,M7037810,-2.65000,0
84415,20150513,MDSY,MODSYS INTERNATIONAL LTD,M7037810,-2.65000,0
84415,20150514,MDSY,MODSYS INTERNATIONAL LTD,M7037810,2.28000,261
84415,20150515,MDSY,MODSYS INTERNATIONAL LTD,M7037810,2.27010,100
84415,20150518,MDSY,MODSYS INTERNATIONAL LTD,M7037810,2.27000,293
84415,20150519,MDSY,MODSYS INTERNATIONAL LTD,M7037810,2.41370,8781
84415,20150520,MDSY,MODSYS INTERNATIONAL LTD,M7037810,2.55000,7734
84415,20150521,MDSY,MODSYS INTERNATIONAL LTD,M7037810,2.50000,3283
84415,20150522,MDSY,MODSYS INTERNATIONAL LTD,M7037810,2.31000,5900
84415,20150526,MDSY,MODSYS INTERNATIONAL LTD,M7037810,2.43800,250
84415,20150527,MDSY,MODSYS INTERNATIONAL LTD,M7037810,2.26000,1200
84415,20150528,MDSY,MODSYS INTERNATIONAL LTD,M7037810,2.17000,200
84415,20150529,MDSY,MODSYS INTERNATIONAL LTD,M7037810,2.20000,1400
84415,20150601,MDSY,MODSYS INTERNATIONAL LTD,M7037810,2.13000,730
84415,20150602,MDSY,MODSYS INTERNATIONAL LTD,M7037810,2.12000,2003
84415,20150603,MDSY,MODSYS INTERNATIONAL LTD,M7037810,2.00010,425
84415,20150604,MDSY,MODSYS INTERNATIONAL LTD,M7037810,-2.06500,0
84415,20150605,MDSY,MODSYS INTERNATIONAL LTD,M7037810,-1.97500,0
84415,20150608,MDSY,MODSYS INTERNATIONAL LTD,M7037810,-1.97500,1
84415,20150609,MDSY,MODSYS INTERNATIONAL LTD,M7037810,2.10000,712
84415,20150610,MDSY,MODSYS INTERNATIONAL LTD,M7037810,-2.02000,50
84415,20150611,MDSY,MODSYS INTERNATIONAL LTD,M7037810,1.98000,6568
84415,20150612,MDSY,MODSYS INTERNATIONAL LTD,M7037810,1.78000,102
84415,20150615,MDSY,MODSYS INTERNATIONAL LTD,M7037810,1.88000,310
84415,20150616,MDSY,MODSYS INTERNATIONAL LTD,M7037810,1.85000,938
84415,20150617,MDSY,MODSYS INTERNATIONAL LTD,M7037810,-1.88500,0
84415,20150618,MDSY,MODSYS INTERNATIONAL LTD,M7037810,1.80000,306
84415,20150619,MDSY,MODSYS INTERNATIONAL LTD,M7037810,1.80010,451
84415,20150622,MDSY,MODSYS INTERNATIONAL LTD,M7037810,1.80000,1448
84415,20150623,MDSY,MODSYS INTERNATIONAL LTD,M7037810,1.80000,1625
84415,20150624,MDSY,MODSYS INTERNATIONAL LTD,M7037810,1.86440,107
84415,20150625,MDSY,MODSYS INTERNATIONAL LTD,M7037810,1.80000,500
84415,20150626,MDSY,MODSYS INTERNATIONAL LTD,M7037810,-1.83000,0
84415,20150629,MDSY,MODSYS INTERNATIONAL LTD,M7037810,-1.82500,0
84415,20150630,MDSY,MODSYS INTERNATIONAL LTD,M7037810,-1.83000,25
85914,20000901,BBY,BEST BUY COMPANY INC,08651610,64.25000,2622799
85914,20000905,BBY,BEST BUY COMPANY INC,08651610,63.81250,1240899
85914,20000906,BBY,BEST BUY COMPANY INC,08651610,61.00000,1305599
85914,20000907,BBY,BEST BUY COMPANY INC,08651610,61.12500,2056399
85914,20000908,BBY,BEST BUY COMPANY INC,08651610,62.18750,1635500
85914,20000911,BBY,BEST BUY COMPANY INC,08651610,64.43750,1569899
85914,20000912,BBY,BEST BUY COMPANY INC,08651610,69.18750,3105399
85914,20000913,BBY,BEST BUY COMPANY INC,08651610,70.37500,2009500
85914,20000914,BBY,BEST BUY COMPANY INC,08651610,69.62500,1214699
85914,20000915,BBY,BEST BUY COMPANY INC,08651610,70.06250,1746699
85914,20000918,BBY,BEST BUY COMPANY INC,08651610,68.12500,1047300
85914,20000919,BBY,BEST BUY COMPANY INC,08651610,67.18750,1052000
85914,20000920,BBY,BEST BUY COMPANY INC,08651610,67.18750,759500
85914,20000921,BBY,BEST BUY COMPANY INC,08651610,67.00000,1387000
85914,20000922,BBY,BEST BUY COMPANY INC,08651610,67.06250,974300
85914,20000925,BBY,BEST BUY COMPANY INC,08651610,65.68750,1055500
85914,20000926,BBY,BEST BUY COMPANY INC,08651610,62.25000,2388299
85914,20000927,BBY,BEST BUY COMPANY INC,08651610,63.75000,2074099
85914,20000928,BBY,BEST BUY COMPANY INC,08651610,65.81250,1089100
85914,20000929,BBY,BEST BUY COMPANY INC,08651610,63.62500,1959199
85914,20001002,BBY,BEST BUY COMPANY INC,08651610,62.50000,735000
85914,20001003,BBY,BEST BUY COMPANY INC,08651610,62.31250,1334899
85914,20001004,BBY,BEST BUY COMPANY INC,08651610,61.81250,1706099
85914,20001005,BBY,BEST BUY COMPANY INC,08651610,61.75000,1502099
85914,20001006,BBY,BEST BUY COMPANY INC,08651610,56.56250,2991799
85914,20001009,BBY,BEST BUY COMPANY INC,08651610,55.50000,897800
85914,20001010,BBY,BEST BUY COMPANY INC,08651610,52.12500,2322500
85914,20001011,BBY,BEST BUY COMPANY INC,08651610,48.50000,2961899
85914,20001012,BBY,BEST BUY COMPANY INC,08651610,42.43750,4935899
85914,20001013,BBY,BEST BUY COMPANY INC,08651610,47.25000,3035799
85914,20001016,BBY,BEST BUY COMPANY INC,08651610,46.00000,1426399
85914,20001017,BBY,BEST BUY COMPANY INC,08651610,41.50000,2268699
85914,20001018,BBY,BEST BUY COMPANY INC,08651610,44.25000,1995000
85914,20001019,BBY,BEST BUY COMPANY INC,08651610,48.56250,1642099
85914,20001020,BBY,BEST BUY COMPANY INC,08651610,40.12500,10556799
85914,20001023,BBY,BEST BUY COMPANY INC,08651610,43.87500,5240000
85914,20001024,BBY,BEST BUY COMPANY INC,08651610,44.75000,2591899
85914,20001025,BBY,BEST BUY COMPANY INC,08651610,43.06250,2334599
85914,20001026,BBY,BEST BUY COMPANY INC,08651610,44.43750,2407899
85914,20001027,BBY,BEST BUY COMPANY INC,08651610,45.50000,1482399
85914,20001030,BBY,BEST BUY COMPANY INC,08651610,48.00000,2638000
85914,20001031,BBY,BEST BUY COMPANY INC,08651610,50.18750,2757100
85914,20001101,BBY,BEST BUY COMPANY INC,08651610,49.75000,1615899
85914,20001102,BBY,BEST BUY COMPANY INC,08651610,54.37500,3359699
85914,20001103,BBY,BEST BUY COMPANY INC,08651610,53.75000,2054099
85914,20001106,BBY,BEST BUY COMPANY INC,08651610,53.00000,1860099
85914,20001107,BBY,BEST BUY COMPANY INC,08651610,54.00000,1188599
85914,20001108,BBY,BEST BUY COMPANY INC,08651610,52.37500,1632199
85914,20001109,BBY,BEST BUY COMPANY INC,08651610,32.06250,20035584
85914,20001110,BBY,BEST BUY COMPANY INC,08651610,32.93750,6122399
85914,20001113,BBY,BEST BUY COMPANY INC,08651610,32.18750,4136799
85914,20001114,BBY,BEST BUY COMPANY INC,08651610,33.18750,3269199
85914,20001115,BBY,BEST BUY COMPANY INC,08651610,32.75000,2256500
85914,20001116,BBY,BEST BUY COMPANY INC,08651610,31.43750,2762299
85914,20001117,BBY,BEST BUY COMPANY INC,08651610,33.43750,3625000
85914,20001120,BBY,BEST BUY COMPANY INC,08651610,32.50000,1966699
85914,20001121,BBY,BEST BUY COMPANY INC,08651610,31.93750,2848599
85914,20001122,BBY,BEST BUY COMPANY INC,08651610,31.68750,1749599
85914,20001124,BBY,BEST BUY COMPANY INC,08651610,33.50000,747100
85914,20001127,BBY,BEST BUY COMPANY INC,08651610,32.31250,3417099
85914,20001128,BBY,BEST BUY COMPANY INC,08651610,30.75000,2710899
85914,20001129,BBY,BEST BUY COMPANY INC,08651610,29.81250,3361600
85914,20001130,BBY,BEST BUY COMPANY INC,08651610,25.75000,5785699
85914,20001201,BBY,BEST BUY COMPANY INC,08651610,27.50000,4170300
85914,20001204,BBY,BEST BUY COMPANY INC,08651610,28.81250,1950700
85914,20001205,BBY,BEST BUY COMPANY INC,08651610,30.62500,2425200
85914,20001206,BBY,BEST BUY COMPANY INC,08651610,28.81250,3610700
85914,20001207,BBY,BEST BUY COMPANY INC,08651610,22.93750,13339000
85914,20001208,BBY,BEST BUY COMPANY INC,08651610,22.31250,5475000
85914,20001211,BBY,BEST BUY COMPANY INC,08651610,24.56250,4601700
85914,20001212,BBY,BEST BUY COMPANY INC,08651610,25.75000,4326400
85914,20001213,BBY,BEST BUY COMPANY INC,08651610,25.93750,2241600
85914,20001214,BBY,BEST BUY COMPANY INC,08651610,26.68750,3313700
85914,20001215,BBY,BEST BUY COMPANY INC,08651610,25.00000,2354600
85914,20001218,BBY,BEST BUY COMPANY INC,08651610,25.87500,1116000
85914,20001219,BBY,BEST BUY COMPANY INC,08651610,25.12500,1855000
85914,20001220,BBY,BEST BUY COMPANY INC,08651610,24.62500,2488400
85914,20001221,BBY,BEST BUY COMPANY INC,08651610,24.12500,2162900
85914,20001222,BBY,BEST BUY COMPANY INC,08651610,26.12500,1749000
85914,20001226,BBY,BEST BUY COMPANY INC,08651610,24.56250,1434700
85914,20001227,BBY,BEST BUY COMPANY INC,08651610,26.75000,2315700
85914,20001228,BBY,BEST BUY COMPANY INC,08651610,28.56250,2110200
85914,20001229,BBY,BEST BUY COMPANY INC,08651610,29.56250,2842300
85914,20010102,BBY,BEST BUY COMPANY INC,08651610,28.00000,1419500
85914,20010103,BBY,BEST BUY COMPANY INC,08651610,34.50000,3791300
85914,20010104,BBY,BEST BUY COMPANY INC,08651610,38.43750,7391600
85914,20010105,BBY,BEST BUY COMPANY INC,08651610,39.93750,3981300
85914,20010108,BBY,BEST BUY COMPANY INC,08651610,37.56250,2951600
85914,20010109,BBY,BEST BUY COMPANY INC,08651610,40.25000,2783000
85914,20010110,BBY,BEST BUY COMPANY INC,08651610,40.31250,1818800
85914,20010111,BBY,BEST BUY COMPANY INC,08651610,41.43750,2408600
85914,20010112,BBY,BEST BUY COMPANY INC,08651610,42.25000,1950300
85914,20010116,BBY,BEST BUY COMPANY INC,08651610,43.12500,1501300
85914,20010117,BBY,BEST BUY COMPANY INC,08651610,44.87500,2585700
85914,20010118,BBY,BEST BUY COMPANY INC,08651610,44.00000,3026900
85914,20010119,BBY,BEST BUY COMPANY INC,08651610,42.50000,2268100
85914,20010122,BBY,BEST BUY COMPANY INC,08651610,43.75000,1659500
85914,20010123,BBY,BEST BUY COMPANY INC,08651610,46.81250,2290400
85914,20010124,BBY,BEST BUY COMPANY INC,08651610,46.62500,1921000
85914,20010125,BBY,BEST BUY COMPANY INC,08651610,47.18750,2262800
85914,20010126,BBY,BEST BUY COMPANY INC,08651610,47.50000,1273000
85914,20010129,BBY,BEST BUY COMPANY INC,08651610,49.55000,1597300
85914,20010130,BBY,BEST BUY COMPANY INC,08651610,48.93000,1272200
85914,20010131,BBY,BEST BUY COMPANY INC,08651610,49.80000,3149800
85914,20010201,BBY,BEST BUY COMPANY INC,08651610,48.08000,2340500
85914,20010202,BBY,BEST BUY COMPANY INC,08651610,43.69000,3798800
85914,20010205,BBY,BEST BUY COMPANY INC,08651610,43.60000,2220300
85914,20010206,BBY,BEST BUY COMPANY INC,08651610,44.19000,1993500
85914,20010207,BBY,BEST BUY COMPANY INC,08651610,44.25000,1621000
85914,20010208,BBY,BEST BUY COMPANY INC,08651610,40.50000,3396900
85914,20010209,BBY,BEST BUY COMPANY INC,08651610,38.85000,2843000
85914,20010212,BBY,BEST BUY COMPANY INC,08651610,40.00000,2436400
85914,20010213,BBY,BEST BUY COMPANY INC,08651610,40.51000,2237000
85914,20010214,BBY,BEST BUY COMPANY INC,08651610,40.40000,1730100
85914,20010215,BBY,BEST BUY COMPANY INC,08651610,41.40000,975100
85914,20010216,BBY,BEST BUY COMPANY INC,08651610,40.01000,1432300
85914,20010220,BBY,BEST BUY COMPANY INC,08651610,41.13000,2636200
85914,20010221,BBY,BEST BUY COMPANY INC,08651610,38.89000,2627000
85914,20010222,BBY,BEST BUY COMPANY INC,08651610,39.01000,2599600
85914,20010223,BBY,BEST BUY COMPANY INC,08651610,39.00000,2069600
85914,20010226,BBY,BEST BUY COMPANY INC,08651610,42.98000,2334800
85914,20010227,BBY,BEST BUY COMPANY INC,08651610,42.37000,1346700
85914,20010228,BBY,BEST BUY COMPANY INC,08651610,40.96000,2202900
85914,20010301,BBY,BEST BUY COMPANY INC,08651610,38.90000,2568100
85914,20010302,BBY,BEST BUY COMPANY INC,08651610,40.10000,1927000
85914,20010305,BBY,BEST BUY COMPANY INC,08651610,40.00000,1603700
85914,20010306,BBY,BEST BUY COMPANY INC,08651610,41.75000,3034400
85914,20010307,BBY,BEST BUY COMPANY INC,08651610,41.50000,3036900
85914,20010308,BBY,BEST BUY COMPANY INC,08651610,46.41000,4708300
85914,20010309,BBY,BEST BUY COMPANY INC,08651610,47.00000,2337800
85914,20010312,BBY,BEST BUY COMPANY INC,08651610,45.69000,1739600
85914,20010313,BBY,BEST BUY COMPANY INC,08651610,44.63000,1966800
85914,20010314,BBY,BEST BUY COMPANY INC,08651610,43.51000,2230900
85914,20010315,BBY,BEST BUY COMPANY INC,08651610,43.77000,1347400
85914,20010316,BBY,BEST BUY COMPANY INC,08651610,40.97000,2230800
85914,20010319,BBY,BEST BUY COMPANY INC,08651610,44.00000,1690900
85914,20010320,BBY,BEST BUY COMPANY INC,08651610,41.60000,3556900
85914,20010321,BBY,BEST BUY COMPANY INC,08651610,39.41000,3902800
85914,20010322,BBY,BEST BUY COMPANY INC,08651610,38.18000,4579600
85914,20010323,BBY,BEST BUY COMPANY INC,08651610,38.80000,3486100
85914,20010326,BBY,BEST BUY COMPANY INC,08651610,37.97000,2745700
85914,20010327,BBY,BEST BUY COMPANY INC,08651610,39.00000,2121100
85914,20010328,BBY,BEST BUY COMPANY INC,08651610,35.89000,4750800
85914,20010329,BBY,BEST BUY COMPANY INC,08651610,36.15000,3958000
85914,20010330,BBY,BEST BUY COMPANY INC,08651610,35.96000,2815200
85914,20010402,BBY,BEST BUY COMPANY INC,08651610,36.80000,2865700
85914,20010403,BBY,BEST BUY COMPANY INC,08651610,40.06000,10429400
85914,20010404,BBY,BEST BUY COMPANY INC,08651610,41.72000,4032300
85914,20010405,BBY,BEST BUY COMPANY INC,08651610,47.70000,4512500
85914,20010406,BBY,BEST BUY COMPANY INC,08651610,47.49000,4347700
85914,20010409,BBY,BEST BUY COMPANY INC,08651610,45.62000,3309600
85914,20010410,BBY,BEST BUY COMPANY INC,08651610,46.79000,2061500
85914,20010411,BBY,BEST BUY COMPANY INC,08651610,48.73000,2441100
85914,20010412,BBY,BEST BUY COMPANY INC,08651610,49.10000,2454300
85914,20010416,BBY,BEST BUY COMPANY INC,08651610,48.10000,1673800
85914,20010417,BBY,BEST BUY COMPANY INC,08651610,47.50000,1363800
85914,20010418,BBY,BEST BUY COMPANY INC,08651610,54.70000,6704200
85914,20010419,BBY,BEST BUY COMPANY INC,08651610,54.00000,3961500
85914,20010420,BBY,BEST BUY COMPANY INC,08651610,54.33000,3349400
85914,20010423,BBY,BEST BUY COMPANY INC,08651610,54.48000,2497400
85914,20010424,BBY,BEST BUY COMPANY INC,08651610,53.26000,2692700
85914,20010425,BBY,BEST BUY COMPANY INC,08651610,52.49000,3243800
85914,20010426,BBY,BEST BUY COMPANY INC,08651610,53.05000,1773400
85914,20010427,BBY,BEST BUY COMPANY INC,08651610,55.59000,3110000
85914,20010430,BBY,BEST BUY COMPANY INC,08651610,55.05000,2501800
85914,20010501,BBY,BEST BUY COMPANY INC,08651610,55.10000,1955100
85914,20010502,BBY,BEST BUY COMPANY INC,08651610,57.09000,2186400
85914,20010503,BBY,BEST BUY COMPANY INC,08651610,56.52000,1962000
85914,20010504,BBY,BEST BUY COMPANY INC,08651610,56.55000,2754700
85914,20010507,BBY,BEST BUY COMPANY INC,08651610,53.50000,2341600
85914,20010508,BBY,BEST BUY COMPANY INC,08651610,53.09000,1965200
85914,20010509,BBY,BEST BUY COMPANY INC,08651610,52.85000,1045900
85914,20010510,BBY,BEST BUY COMPANY INC,08651610,54.97000,1829900
85914,20010511,BBY,BEST BUY COMPANY INC,08651610,51.50000,3562500
85914,20010514,BBY,BEST BUY COMPANY INC,08651610,52.06000,1353800
85914,20010515,BBY,BEST BUY COMPANY INC,08651610,52.72000,1331900
85914,20010516,BBY,BEST BUY COMPANY INC,08651610,52.99000,2203800
85914,20010517,BBY,BEST BUY COMPANY INC,08651610,56.16000,2165000
85914,20010518,BBY,BEST BUY COMPANY INC,08651610,56.15000,1739300
85914,20010521,BBY,BEST BUY COMPANY INC,08651610,62.11000,4983700
85914,20010522,BBY,BEST BUY COMPANY INC,08651610,61.38000,2663400
85914,20010523,BBY,BEST BUY COMPANY INC,08651610,59.88000,1466500
85914,20010524,BBY,BEST BUY COMPANY INC,08651610,60.24000,1191400
85914,20010525,BBY,BEST BUY COMPANY INC,08651610,61.12000,1123200
85914,20010529,BBY,BEST BUY COMPANY INC,08651610,59.24000,1298600
85914,20010530,BBY,BEST BUY COMPANY INC,08651610,54.29000,5410800
85914,20010531,BBY,BEST BUY COMPANY INC,08651610,53.15000,2795900
85914,20010601,BBY,BEST BUY COMPANY INC,08651610,54.00000,2568100
85914,20010604,BBY,BEST BUY COMPANY INC,08651610,54.41000,853400
85914,20010605,BBY,BEST BUY COMPANY INC,08651610,56.70000,2665300
85914,20010606,BBY,BEST BUY COMPANY INC,08651610,58.76000,2980500
85914,20010607,BBY,BEST BUY COMPANY INC,08651610,61.14000,3012100
85914,20010608,BBY,BEST BUY COMPANY INC,08651610,62.45000,1449200
85914,20010611,BBY,BEST BUY COMPANY INC,08651610,59.75000,1813100
85914,20010612,BBY,BEST BUY COMPANY INC,08651610,59.40000,1902200
85914,20010613,BBY,BEST BUY COMPANY INC,08651610,59.70000,1396500
85914,20010614,BBY,BEST BUY COMPANY INC,08651610,58.35000,1620700
85914,20010615,BBY,BEST BUY COMPANY INC,08651610,56.74000,2207400
85914,20010618,BBY,BEST BUY COMPANY INC,08651610,58.20000,1829100
85914,20010619,BBY,BEST BUY COMPANY INC,08651610,60.20000,4015800
85914,20010620,BBY,BEST BUY COMPANY INC,08651610,61.68000,1918300
85914,20010621,BBY,BEST BUY COMPANY INC,08651610,63.41000,3484700
85914,20010622,BBY,BEST BUY COMPANY INC,08651610,61.82000,5450600
85914,20010625,BBY,BEST BUY COMPANY INC,08651610,61.24000,1204100
85914,20010626,BBY,BEST BUY COMPANY INC,08651610,62.03000,1687600
85914,20010627,BBY,BEST BUY COMPANY INC,08651610,62.13000,1387800
85914,20010628,BBY,BEST BUY COMPANY INC,08651610,63.36000,2256300
85914,20010629,BBY,BEST BUY COMPANY INC,08651610,63.52000,2590500
85914,20010702,BBY,BEST BUY COMPANY INC,08651610,67.01000,2742900
85914,20010703,BBY,BEST BUY COMPANY INC,08651610,68.18000,2301900
85914,20010705,BBY,BEST BUY COMPANY INC,08651610,66.78000,1903200
85914,20010706,BBY,BEST BUY COMPANY INC,08651610,64.84000,1987400
85914,20010709,BBY,BEST BUY COMPANY INC,08651610,66.85000,3263400
85914,20010710,BBY,BEST BUY COMPANY INC,08651610,65.38000,2385800
85914,20010711,BBY,BEST BUY COMPANY INC,08651610,64.53000,2890500
85914,20010712,BBY,BEST BUY COMPANY INC,08651610,67.95000,3803000
85914,20010713,BBY,BEST BUY COMPANY INC,08651610,68.17000,2334000
85914,20010716,BBY,BEST BUY COMPANY INC,08651610,68.25000,1611600
85914,20010717,BBY,BEST BUY COMPANY INC,08651610,67.50000,1910700
85914,20010718,BBY,BEST BUY COMPANY INC,08651610,68.43000,2476200
85914,20010719,BBY,BEST BUY COMPANY INC,08651610,69.42000,1937600
85914,20010720,BBY,BEST BUY COMPANY INC,08651610,67.86000,2024000
85914,20010723,BBY,BEST BUY COMPANY INC,08651610,66.10000,2261400
85914,20010724,BBY,BEST BUY COMPANY INC,08651610,64.37000,3055200
85914,20010725,BBY,BEST BUY COMPANY INC,08651610,64.40000,2693000
85914,20010726,BBY,BEST BUY COMPANY INC,08651610,68.25000,2716700
85914,20010727,BBY,BEST BUY COMPANY INC,08651610,69.00000,2132400
85914,20010730,BBY,BEST BUY COMPANY INC,08651610,66.91000,1883900
85914,20010731,BBY,BEST BUY COMPANY INC,08651610,66.96000,2085900
85914,20010801,BBY,BEST BUY COMPANY INC,08651610,66.45000,2445200
85914,20010802,BBY,BEST BUY COMPANY INC,08651610,67.78000,1676200
85914,20010803,BBY,BEST BUY COMPANY INC,08651610,67.43000,1290500
85914,20010806,BBY,BEST BUY COMPANY INC,08651610,64.75000,3101200
85914,20010807,BBY,BEST BUY COMPANY INC,08651610,65.01000,2269600
85914,20010808,BBY,BEST BUY COMPANY INC,08651610,62.90000,2270300
85914,20010809,BBY,BEST BUY COMPANY INC,08651610,61.53000,4001200
85914,20010810,BBY,BEST BUY COMPANY INC,08651610,60.05000,4431900
85914,20010813,BBY,BEST BUY COMPANY INC,08651610,58.29000,3521200
85914,20010814,BBY,BEST BUY COMPANY INC,08651610,61.09000,5560000
85914,20010815,BBY,BEST BUY COMPANY INC,08651610,61.00000,2709300
85914,20010816,BBY,BEST BUY COMPANY INC,08651610,60.58000,2193200
85914,20010817,BBY,BEST BUY COMPANY INC,08651610,59.28000,1624000
85914,20010820,BBY,BEST BUY COMPANY INC,08651610,59.40000,2831500
85914,20010821,BBY,BEST BUY COMPANY INC,08651610,58.45000,3766900
85914,20010822,BBY,BEST BUY COMPANY INC,08651610,59.34000,2670300
85914,20010823,BBY,BEST BUY COMPANY INC,08651610,57.80000,2623700
85914,20010824,BBY,BEST BUY COMPANY INC,08651610,61.23000,3193200
85914,20010827,BBY,BEST BUY COMPANY INC,08651610,61.23000,2212600
85914,20010828,BBY,BEST BUY COMPANY INC,08651610,60.62000,2118400
85914,20010829,BBY,BEST BUY COMPANY INC,08651610,60.75000,2048400
85914,20010830,BBY,BEST BUY COMPANY INC,08651610,58.11000,3781800
85914,20010831,BBY,BEST BUY COMPANY INC,08651610,58.98000,1893900
85914,20010904,BBY,BEST BUY COMPANY INC,08651610,59.03000,2384200
85914,20010905,BBY,BEST BUY COMPANY INC,08651610,58.72000,3168300
85914,20010906,BBY,BEST BUY COMPANY INC,08651610,60.29000,5910200
85914,20010907,BBY,BEST BUY COMPANY INC,08651610,56.03000,6482800
85914,20010910,BBY,BEST BUY COMPANY INC,08651610,54.05000,4795700
85914,20010917,BBY,BEST BUY COMPANY INC,08651610,48.00000,4726400
85914,20010918,BBY,BEST BUY COMPANY INC,08651610,49.37000,5128900
85914,20010919,BBY,BEST BUY COMPANY INC,08651610,49.36000,5251200
85914,20010920,BBY,BEST BUY COMPANY INC,08651610,45.46000,5560000
85914,20010921,BBY,BEST BUY COMPANY INC,08651610,43.40000,5217700
85914,20010924,BBY,BEST BUY COMPANY INC,08651610,46.45000,3812200
85914,20010925,BBY,BEST BUY COMPANY INC,08651610,45.10000,10162400
85914,20010926,BBY,BEST BUY COMPANY INC,08651610,42.39000,5293400
85914,20010927,BBY,BEST BUY COMPANY INC,08651610,42.50000,5603800
85914,20010928,BBY,BEST BUY COMPANY INC,08651610,45.45000,4874600
85914,20011001,BBY,BEST BUY COMPANY INC,08651610,43.35000,4338600
85914,20011002,BBY,BEST BUY COMPANY INC,08651610,45.10000,3180800
85914,20011003,BBY,BEST BUY COMPANY INC,08651610,48.80000,6227800
85914,20011004,BBY,BEST BUY COMPANY INC,08651610,48.48000,5058200
85914,20011005,BBY,BEST BUY COMPANY INC,08651610,49.70000,3425100
85914,20011008,BBY,BEST BUY COMPANY INC,08651610,48.17000,2899100
85914,20011009,BBY,BEST BUY COMPANY INC,08651610,47.35000,2560000
85914,20011010,BBY,BEST BUY COMPANY INC,08651610,50.90000,3589800
85914,20011011,BBY,BEST BUY COMPANY INC,08651610,53.95000,7102500
85914,20011012,BBY,BEST BUY COMPANY INC,08651610,53.00000,3718800
85914,20011015,BBY,BEST BUY COMPANY INC,08651610,53.20000,1972700
85914,20011016,BBY,BEST BUY COMPANY INC,08651610,52.93000,2291100
85914,20011017,BBY,BEST BUY COMPANY INC,08651610,51.95000,3376500
85914,20011018,BBY,BEST BUY COMPANY INC,08651610,51.85000,2823100
85914,20011019,BBY,BEST BUY COMPANY INC,08651610,53.33000,2655500
85914,20011022,BBY,BEST BUY COMPANY INC,08651610,53.28000,3049300
85914,20011023,BBY,BEST BUY COMPANY INC,08651610,54.51000,4679000
85914,20011024,BBY,BEST BUY COMPANY INC,08651610,55.08000,2463900
85914,20011025,BBY,BEST BUY COMPANY INC,08651610,55.98000,3351100
85914,20011026,BBY,BEST BUY COMPANY INC,08651610,55.20000,2329200
85914,20011029,BBY,BEST BUY COMPANY INC,08651610,53.25000,2767300
85914,20011030,BBY,BEST BUY COMPANY INC,08651610,52.28000,3920000
85914,20011031,BBY,BEST BUY COMPANY INC,08651610,54.90000,4248900
85914,20011101,BBY,BEST BUY COMPANY INC,08651610,57.60000,4671100
85914,20011102,BBY,BEST BUY COMPANY INC,08651610,57.94000,4871700
85914,20011105,BBY,BEST BUY COMPANY INC,08651610,59.11000,3684800
85914,20011106,BBY,BEST BUY COMPANY INC,08651610,60.75000,3140400
85914,20011107,BBY,BEST BUY COMPANY INC,08651610,61.05000,2773100
85914,20011108,BBY,BEST BUY COMPANY INC,08651610,60.27000,4094200
85914,20011109,BBY,BEST BUY COMPANY INC,08651610,60.40000,2144100
85914,20011112,BBY,BEST BUY COMPANY INC,08651610,61.16000,3023100
85914,20011113,BBY,BEST BUY COMPANY INC,08651610,64.97000,4793300
85914,20011114,BBY,BEST BUY COMPANY INC,08651610,66.40000,4637000
85914,20011115,BBY,BEST BUY COMPANY INC,08651610,67.10000,4300500
85914,20011116,BBY,BEST BUY COMPANY INC,08651610,65.07000,5533200
85914,20011119,BBY,BEST BUY COMPANY INC,08651610,67.49000,3208800
85914,20011120,BBY,BEST BUY COMPANY INC,08651610,66.26000,2549800
85914,20011121,BBY,BEST BUY COMPANY INC,08651610,67.37000,1901600
85914,20011123,BBY,BEST BUY COMPANY INC,08651610,68.22000,968100
85914,20011126,BBY,BEST BUY COMPANY INC,08651610,70.82000,5030900
85914,20011127,BBY,BEST BUY COMPANY INC,08651610,71.08000,4088000
85914,20011128,BBY,BEST BUY COMPANY INC,08651610,69.90000,2767700
85914,20011129,BBY,BEST BUY COMPANY INC,08651610,70.25000,2366700
85914,20011130,BBY,BEST BUY COMPANY INC,08651610,71.39000,2717900
85914,20011203,BBY,BEST BUY COMPANY INC,08651610,72.55000,3622300
85914,20011204,BBY,BEST BUY COMPANY INC,08651610,72.37000,3303700
85914,20011205,BBY,BEST BUY COMPANY INC,08651610,73.31000,4150900
85914,20011206,BBY,BEST BUY COMPANY INC,08651610,69.48000,7600700
85914,20011207,BBY,BEST BUY COMPANY INC,08651610,70.16000,3566800
85914,20011210,BBY,BEST BUY COMPANY INC,08651610,68.30000,2490700
85914,20011211,BBY,BEST BUY COMPANY INC,08651610,69.20000,2157700
85914,20011212,BBY,BEST BUY COMPANY INC,08651610,67.20000,3767700
85914,20011213,BBY,BEST BUY COMPANY INC,08651610,66.05000,3421400
85914,20011214,BBY,BEST BUY COMPANY INC,08651610,66.95000,3683500
85914,20011217,BBY,BEST BUY COMPANY INC,08651610,69.00000,3946500
85914,20011218,BBY,BEST BUY COMPANY INC,08651610,72.55000,5365200
85914,20011219,BBY,BEST BUY COMPANY INC,08651610,73.46000,3585400
85914,20011220,BBY,BEST BUY COMPANY INC,08651610,72.85000,3185800
85914,20011221,BBY,BEST BUY COMPANY INC,08651610,72.03000,2406500
85914,20011224,BBY,BEST BUY COMPANY INC,08651610,72.67000,933100
85914,20011226,BBY,BEST BUY COMPANY INC,08651610,72.87000,2280700
85914,20011227,BBY,BEST BUY COMPANY INC,08651610,73.90000,1557000
85914,20011228,BBY,BEST BUY COMPANY INC,08651610,74.63000,2017000
85914,20011231,BBY,BEST BUY COMPANY INC,08651610,74.48000,2118400
85914,20020102,BBY,BEST BUY COMPANY INC,08651610,72.00000,3234200
85914,20020103,BBY,BEST BUY COMPANY INC,08651610,72.90000,3174200
85914,20020104,BBY,BEST BUY COMPANY INC,08651610,73.88000,2144100
85914,20020107,BBY,BEST BUY COMPANY INC,08651610,73.84000,3329200
85914,20020108,BBY,BEST BUY COMPANY INC,08651610,74.76000,2311900
85914,20020109,BBY,BEST BUY COMPANY INC,08651610,75.16000,5178400
85914,20020110,BBY,BEST BUY COMPANY INC,08651610,73.77000,5556800
85914,20020111,BBY,BEST BUY COMPANY INC,08651610,72.70000,2940200
85914,20020114,BBY,BEST BUY COMPANY INC,08651610,72.46000,2640600
85914,20020115,BBY,BEST BUY COMPANY INC,08651610,73.70000,2563800
85914,20020116,BBY,BEST BUY COMPANY INC,08651610,73.30000,2318200
85914,20020117,BBY,BEST BUY COMPANY INC,08651610,73.18000,2019100
85914,20020118,BBY,BEST BUY COMPANY INC,08651610,73.18000,1737100
85914,20020122,BBY,BEST BUY COMPANY INC,08651610,72.06000,1881400
85914,20020123,BBY,BEST BUY COMPANY INC,08651610,74.00000,2650900
85914,20020124,BBY,BEST BUY COMPANY INC,08651610,73.41000,2425300
85914,20020125,BBY,BEST BUY COMPANY INC,08651610,72.19000,1913500
85914,20020128,BBY,BEST BUY COMPANY INC,08651610,72.95000,1757100
85914,20020129,BBY,BEST BUY COMPANY INC,08651610,70.66000,2821600
85914,20020130,BBY,BEST BUY COMPANY INC,08651610,72.84000,2596300
85914,20020131,BBY,BEST BUY COMPANY INC,08651610,74.00000,1773000
85914,20020201,BBY,BEST BUY COMPANY INC,08651610,72.55000,1520700
85914,20020204,BBY,BEST BUY COMPANY INC,08651610,71.31000,2522900
85914,20020205,BBY,BEST BUY COMPANY INC,08651610,69.90000,3126000
85914,20020206,BBY,BEST BUY COMPANY INC,08651610,68.52000,2898200
85914,20020207,BBY,BEST BUY COMPANY INC,08651610,68.45000,3191000
85914,20020208,BBY,BEST BUY COMPANY INC,08651610,70.12000,2660100
85914,20020211,BBY,BEST BUY COMPANY INC,08651610,72.31000,1975900
85914,20020212,BBY,BEST BUY COMPANY INC,08651610,73.05000,2170600
85914,20020213,BBY,BEST BUY COMPANY INC,08651610,74.90000,2280700
85914,20020214,BBY,BEST BUY COMPANY INC,08651610,73.20000,1865300
85914,20020215,BBY,BEST BUY COMPANY INC,08651610,72.03000,1665200
85914,20020219,BBY,BEST BUY COMPANY INC,08651610,68.91000,5292300
85914,20020220,BBY,BEST BUY COMPANY INC,08651610,72.16000,4689400
85914,20020221,BBY,BEST BUY COMPANY INC,08651610,70.65000,2369700
85914,20020222,BBY,BEST BUY COMPANY INC,08651610,67.61000,9094100
85914,20020225,BBY,BEST BUY COMPANY INC,08651610,69.25000,4056000
85914,20020226,BBY,BEST BUY COMPANY INC,08651610,70.00000,2743800
85914,20020227,BBY,BEST BUY COMPANY INC,08651610,65.70000,8652200
85914,20020228,BBY,BEST BUY COMPANY INC,08651610,67.40000,8131400
85914,20020301,BBY,BEST BUY COMPANY INC,08651610,68.03000,4016000
85914,20020304,BBY,BEST BUY COMPANY INC,08651610,69.84000,2736600
85914,20020305,BBY,BEST BUY COMPANY INC,08651610,67.25000,3826400
85914,20020306,BBY,BEST BUY COMPANY INC,08651610,68.57000,2376200
85914,20020307,BBY,BEST BUY COMPANY INC,08651610,72.99000,7072500
85914,20020308,BBY,BEST BUY COMPANY INC,08651610,75.40000,3517100
85914,20020311,BBY,BEST BUY COMPANY INC,08651610,74.92000,2598200
85914,20020312,BBY,BEST BUY COMPANY INC,08651610,74.45000,2527600
85914,20020313,BBY,BEST BUY COMPANY INC,08651610,75.27000,2441300
85914,20020314,BBY,BEST BUY COMPANY INC,08651610,76.61000,2174500
85914,20020315,BBY,BEST BUY COMPANY INC,08651610,78.91000,3181900
85914,20020318,BBY,BEST BUY COMPANY INC,08651610,78.00000,3198100
85914,20020319,BBY,BEST BUY COMPANY INC,08651610,79.95000,2967300
85914,20020320,BBY,BEST BUY COMPANY INC,08651610,80.05000,2523700
85914,20020321,BBY,BEST BUY COMPANY INC,08651610,79.01000,2575000
85914,20020322,BBY,BEST BUY COMPANY INC,08651610,79.94000,1795200
85914,20020325,BBY,BEST BUY COMPANY INC,08651610,77.56000,1956400
85914,20020326,BBY,BEST BUY COMPANY INC,08651610,78.86000,2734700
85914,20020327,BBY,BEST BUY COMPANY INC,08651610,78.68000,2133100
85914,20020328,BBY,BEST BUY COMPANY INC,08651610,79.20000,2007500
85914,20020401,BBY,BEST BUY COMPANY INC,08651610,79.48000,2136800
85914,20020402,BBY,BEST BUY COMPANY INC,08651610,75.01000,7523800
85914,20020403,BBY,BEST BUY COMPANY INC,08651610,74.99000,3461200
85914,20020404,BBY,BEST BUY COMPANY INC,08651610,77.01000,3594900
85914,20020405,BBY,BEST BUY COMPANY INC,08651610,76.93000,1702700
85914,20020408,BBY,BEST BUY COMPANY INC,08651610,78.25000,2186200
85914,20020409,BBY,BEST BUY COMPANY INC,08651610,77.84000,1256600
85914,20020410,BBY,BEST BUY COMPANY INC,08651610,78.95000,1679600
85914,20020411,BBY,BEST BUY COMPANY INC,08651610,76.90000,1834800
85914,20020412,BBY,BEST BUY COMPANY INC,08651610,77.48000,1991800
85914,20020415,BBY,BEST BUY COMPANY INC,08651610,77.38000,1301900
85914,20020416,BBY,BEST BUY COMPANY INC,08651610,78.85000,1561100
85914,20020417,BBY,BEST BUY COMPANY INC,08651610,77.73000,1456500
85914,20020418,BBY,BEST BUY COMPANY INC,08651610,78.00000,1349400
85914,20020419,BBY,BEST BUY COMPANY INC,08651610,78.34000,1224000
85914,20020422,BBY,BEST BUY COMPANY INC,08651610,77.58000,1403200
85914,20020423,BBY,BEST BUY COMPANY INC,08651610,75.98000,3283400
85914,20020424,BBY,BEST BUY COMPANY INC,08651610,75.49000,1796100
85914,20020425,BBY,BEST BUY COMPANY INC,08651610,76.79000,2301500
85914,20020426,BBY,BEST BUY COMPANY INC,08651610,75.49000,1785800
85914,20020429,BBY,BEST BUY COMPANY INC,08651610,74.61000,1266300
85914,20020430,BBY,BEST BUY COMPANY INC,08651610,74.35000,3689300
85914,20020501,BBY,BEST BUY COMPANY INC,08651610,73.97000,3072900
85914,20020502,BBY,BEST BUY COMPANY INC,08651610,72.99000,2344500
85914,20020503,BBY,BEST BUY COMPANY INC,08651610,72.10000,2860800
85914,20020506,BBY,BEST BUY COMPANY INC,08651610,71.80000,2878000
85914,20020507,BBY,BEST BUY COMPANY INC,08651610,73.13000,2352000
85914,20020508,BBY,BEST BUY COMPANY INC,08651610,74.80000,2368700
85914,20020509,BBY,BEST BUY COMPANY INC,08651610,73.62000,1793300
85914,20020510,BBY,BEST BUY COMPANY INC,08651610,70.81000,2918900
85914,20020513,BBY,BEST BUY COMPANY INC,08651610,46.80000,3110200
85914,20020514,BBY,BEST BUY COMPANY INC,08651610,48.13000,4908100
85914,20020515,BBY,BEST BUY COMPANY INC,08651610,47.75000,3199700
85914,20020516,BBY,BEST BUY COMPANY INC,08651610,48.25000,3264400
85914,20020517,BBY,BEST BUY COMPANY INC,08651610,49.57000,4084700
85914,20020520,BBY,BEST BUY COMPANY INC,08651610,48.66000,1971000
85914,20020521,BBY,BEST BUY COMPANY INC,08651610,47.22000,2863900
85914,20020522,BBY,BEST BUY COMPANY INC,08651610,46.72000,2131000
85914,20020523,BBY,BEST BUY COMPANY INC,08651610,47.63000,1877500
85914,20020524,BBY,BEST BUY COMPANY INC,08651610,46.10000,2467700
85914,20020528,BBY,BEST BUY COMPANY INC,08651610,46.50000,2320700
85914,20020529,BBY,BEST BUY COMPANY INC,08651610,45.63000,2703500
85914,20020530,BBY,BEST BUY COMPANY INC,08651610,45.05000,2327300
85914,20020531,BBY,BEST BUY COMPANY INC,08651610,46.20000,2324700
85914,20020603,BBY,BEST BUY COMPANY INC,08651610,44.25000,2513800
85914,20020604,BBY,BEST BUY COMPANY INC,08651610,42.83000,4877800
85914,20020605,BBY,BEST BUY COMPANY INC,08651610,44.06000,4516100
85914,20020606,BBY,BEST BUY COMPANY INC,08651610,45.52000,6069500
85914,20020607,BBY,BEST BUY COMPANY INC,08651610,45.39000,4333400
85914,20020610,BBY,BEST BUY COMPANY INC,08651610,44.81000,2994400
85914,20020611,BBY,BEST BUY COMPANY INC,08651610,43.69000,3133800
85914,20020612,BBY,BEST BUY COMPANY INC,08651610,43.19000,4145900
85914,20020613,BBY,BEST BUY COMPANY INC,08651610,41.67000,5440200
85914,20020614,BBY,BEST BUY COMPANY INC,08651610,41.57000,6204100
85914,20020617,BBY,BEST BUY COMPANY INC,08651610,42.26000,4392000
85914,20020618,BBY,BEST BUY COMPANY INC,08651610,39.01000,13479800
85914,20020619,BBY,BEST BUY COMPANY INC,08651610,38.75000,7178000
85914,20020620,BBY,BEST BUY COMPANY INC,08651610,38.00000,4163500
85914,20020621,BBY,BEST BUY COMPANY INC,08651610,36.73000,3873100
85914,20020624,BBY,BEST BUY COMPANY INC,08651610,36.31000,5195100
85914,20020625,BBY,BEST BUY COMPANY INC,08651610,34.42000,5817100
85914,20020626,BBY,BEST BUY COMPANY INC,08651610,35.81000,5244400
85914,20020627,BBY,BEST BUY COMPANY INC,08651610,37.15000,4692700
85914,20020628,BBY,BEST BUY COMPANY INC,08651610,36.30000,4016200
85914,20020701,BBY,BEST BUY COMPANY INC,08651610,36.14000,2467500
85914,20020702,BBY,BEST BUY COMPANY INC,08651610,34.24000,3845600
85914,20020703,BBY,BEST BUY COMPANY INC,08651610,34.83000,4078500
85914,20020705,BBY,BEST BUY COMPANY INC,08651610,36.91000,1999100
85914,20020708,BBY,BEST BUY COMPANY INC,08651610,36.08000,2821100
85914,20020709,BBY,BEST BUY COMPANY INC,08651610,35.72000,2688700
85914,20020710,BBY,BEST BUY COMPANY INC,08651610,35.10000,4148400
85914,20020711,BBY,BEST BUY COMPANY INC,08651610,34.52000,4490100
85914,20020712,BBY,BEST BUY COMPANY INC,08651610,33.14000,3441000
85914,20020715,BBY,BEST BUY COMPANY INC,08651610,33.65000,3811200
85914,20020716,BBY,BEST BUY COMPANY INC,08651610,33.50000,4447700
85914,20020717,BBY,BEST BUY COMPANY INC,08651610,32.19000,4215500
85914,20020718,BBY,BEST BUY COMPANY INC,08651610,32.05000,3144200
85914,20020719,BBY,BEST BUY COMPANY INC,08651610,31.20000,2583400
85914,20020722,BBY,BEST BUY COMPANY INC,08651610,29.35000,4306600
85914,20020723,BBY,BEST BUY COMPANY INC,08651610,28.62000,4188600
85914,20020724,BBY,BEST BUY COMPANY INC,08651610,31.30000,8679200
85914,20020725,BBY,BEST BUY COMPANY INC,08651610,29.83000,4471700
85914,20020726,BBY,BEST BUY COMPANY INC,08651610,29.16000,4625100
85914,20020729,BBY,BEST BUY COMPANY INC,08651610,32.35000,5098800
85914,20020730,BBY,BEST BUY COMPANY INC,08651610,33.43000,5132400
85914,20020731,BBY,BEST BUY COMPANY INC,08651610,32.90000,5435100
85914,20020801,BBY,BEST BUY COMPANY INC,08651610,31.00000,2823500
85914,20020802,BBY,BEST BUY COMPANY INC,08651610,28.90000,5719100
85914,20020805,BBY,BEST BUY COMPANY INC,08651610,28.32000,3027200
85914,20020806,BBY,BEST BUY COMPANY INC,08651610,30.00000,3976500
85914,20020807,BBY,BEST BUY COMPANY INC,08651610,30.80000,3737000
85914,20020808,BBY,BEST BUY COMPANY INC,08651610,19.55000,43248400
85914,20020809,BBY,BEST BUY COMPANY INC,08651610,21.26000,21918000
85914,20020812,BBY,BEST BUY COMPANY INC,08651610,22.51000,9523800
85914,20020813,BBY,BEST BUY COMPANY INC,08651610,22.23000,10184900
85914,20020814,BBY,BEST BUY COMPANY INC,08651610,23.03000,7357100
85914,20020815,BBY,BEST BUY COMPANY INC,08651610,23.21000,6637400
85914,20020816,BBY,BEST BUY COMPANY INC,08651610,23.45000,4622300
85914,20020819,BBY,BEST BUY COMPANY INC,08651610,24.01000,4169400
85914,20020820,BBY,BEST BUY COMPANY INC,08651610,23.86000,2933100
85914,20020821,BBY,BEST BUY COMPANY INC,08651610,23.10000,9734100
85914,20020822,BBY,BEST BUY COMPANY INC,08651610,23.64000,4087500
85914,20020823,BBY,BEST BUY COMPANY INC,08651610,23.05000,3074800
85914,20020826,BBY,BEST BUY COMPANY INC,08651610,22.83000,3384400
85914,20020827,BBY,BEST BUY COMPANY INC,08651610,21.90000,6481600
85914,20020828,BBY,BEST BUY COMPANY INC,08651610,20.40000,9004900
85914,20020829,BBY,BEST BUY COMPANY INC,08651610,21.00000,5255500
85914,20020830,BBY,BEST BUY COMPANY INC,08651610,21.20000,3047300
85914,20020903,BBY,BEST BUY COMPANY INC,08651610,20.51000,5057200
85914,20020904,BBY,BEST BUY COMPANY INC,08651610,20.40000,4195700
85914,20020905,BBY,BEST BUY COMPANY INC,08651610,22.00000,9925400
85914,20020906,BBY,BEST BUY COMPANY INC,08651610,24.00000,8652600
85914,20020909,BBY,BEST BUY COMPANY INC,08651610,24.25000,4359000
85914,20020910,BBY,BEST BUY COMPANY INC,08651610,24.44000,3670500
85914,20020911,BBY,BEST BUY COMPANY INC,08651610,24.83000,2301200
85914,20020912,BBY,BEST BUY COMPANY INC,08651610,24.50000,3552000
85914,20020913,BBY,BEST BUY COMPANY INC,08651610,24.16000,3493800
85914,20020916,BBY,BEST BUY COMPANY INC,08651610,24.09000,4097000
85914,20020917,BBY,BEST BUY COMPANY INC,08651610,25.46000,11018000
85914,20020918,BBY,BEST BUY COMPANY INC,08651610,24.00000,6682200
85914,20020919,BBY,BEST BUY COMPANY INC,08651610,24.15000,6580900
85914,20020920,BBY,BEST BUY COMPANY INC,08651610,24.00000,3068800
85914,20020923,BBY,BEST BUY COMPANY INC,08651610,23.18000,2676000
85914,20020924,BBY,BEST BUY COMPANY INC,08651610,23.27000,2430900
85914,20020925,BBY,BEST BUY COMPANY INC,08651610,24.30000,2821500
85914,20020926,BBY,BEST BUY COMPANY INC,08651610,25.10000,3231600
85914,20020927,BBY,BEST BUY COMPANY INC,08651610,23.74000,2950700
85914,20020930,BBY,BEST BUY COMPANY INC,08651610,22.31000,4856500
85914,20021001,BBY,BEST BUY COMPANY INC,08651610,22.00000,6638500
85914,20021002,BBY,BEST BUY COMPANY INC,08651610,21.18000,3513800
85914,20021003,BBY,BEST BUY COMPANY INC,08651610,21.26000,3554500
85914,20021004,BBY,BEST BUY COMPANY INC,08651610,20.96000,8132200
85914,20021007,BBY,BEST BUY COMPANY INC,08651610,19.25000,5985500
85914,20021008,BBY,BEST BUY COMPANY INC,08651610,20.23000,7674800
85914,20021009,BBY,BEST BUY COMPANY INC,08651610,17.98000,7618100
85914,20021010,BBY,BEST BUY COMPANY INC,08651610,18.31000,9192200
85914,20021011,BBY,BEST BUY COMPANY INC,08651610,19.68000,5496500
85914,20021014,BBY,BEST BUY COMPANY INC,08651610,20.25000,3868400
85914,20021015,BBY,BEST BUY COMPANY INC,08651610,21.79000,6830800
85914,20021016,BBY,BEST BUY COMPANY INC,08651610,19.36000,9963100
85914,20021017,BBY,BEST BUY COMPANY INC,08651610,20.02000,8622900
85914,20021018,BBY,BEST BUY COMPANY INC,08651610,20.88000,4173700
85914,20021021,BBY,BEST BUY COMPANY INC,08651610,21.18000,3941300
85914,20021022,BBY,BEST BUY COMPANY INC,08651610,20.97000,3402000
85914,20021023,BBY,BEST BUY COMPANY INC,08651610,21.81000,2574600
85914,20021024,BBY,BEST BUY COMPANY INC,08651610,21.74000,4220900
85914,20021025,BBY,BEST BUY COMPANY INC,08651610,22.78000,3938000
85914,20021028,BBY,BEST BUY COMPANY INC,08651610,22.17000,4229000
85914,20021029,BBY,BEST BUY COMPANY INC,08651610,22.58000,4503800
85914,20021030,BBY,BEST BUY COMPANY INC,08651610,21.76000,5390700
85914,20021031,BBY,BEST BUY COMPANY INC,08651610,20.61000,7876200
85914,20021101,BBY,BEST BUY COMPANY INC,08651610,19.73000,10193500
85914,20021104,BBY,BEST BUY COMPANY INC,08651610,20.16000,6410300
85914,20021105,BBY,BEST BUY COMPANY INC,08651610,19.44000,9621400
85914,20021106,BBY,BEST BUY COMPANY INC,08651610,19.70000,5425700
85914,20021107,BBY,BEST BUY COMPANY INC,08651610,18.87000,4753300
85914,20021108,BBY,BEST BUY COMPANY INC,08651610,18.49000,5073100
85914,20021111,BBY,BEST BUY COMPANY INC,08651610,17.68000,7232100
85914,20021112,BBY,BEST BUY COMPANY INC,08651610,18.36000,6577300
85914,20021113,BBY,BEST BUY COMPANY INC,08651610,19.05000,6527300
85914,20021114,BBY,BEST BUY COMPANY INC,08651610,20.39000,6102100
85914,20021115,BBY,BEST BUY COMPANY INC,08651610,20.75000,4536200
85914,20021118,BBY,BEST BUY COMPANY INC,08651610,22.31000,8901200
85914,20021119,BBY,BEST BUY COMPANY INC,08651610,23.09000,8904300
85914,20021120,BBY,BEST BUY COMPANY INC,08651610,24.58000,8103400
85914,20021121,BBY,BEST BUY COMPANY INC,08651610,26.21000,10656700
85914,20021122,BBY,BEST BUY COMPANY INC,08651610,25.43000,5547800
85914,20021125,BBY,BEST BUY COMPANY INC,08651610,25.58000,5116400
85914,20021126,BBY,BEST BUY COMPANY INC,08651610,25.62000,5575700
85914,20021127,BBY,BEST BUY COMPANY INC,08651610,27.03000,6361100
85914,20021129,BBY,BEST BUY COMPANY INC,08651610,27.68000,3577100
85914,20021202,BBY,BEST BUY COMPANY INC,08651610,28.05000,12267200
85914,20021203,BBY,BEST BUY COMPANY INC,08651610,26.39000,7859600
85914,20021204,BBY,BEST BUY COMPANY INC,08651610,26.83000,6940500
85914,20021205,BBY,BEST BUY COMPANY INC,08651610,26.72000,7552600
85914,20021206,BBY,BEST BUY COMPANY INC,08651610,26.60000,3497500
85914,20021209,BBY,BEST BUY COMPANY INC,08651610,25.27000,3904900
85914,20021210,BBY,BEST BUY COMPANY INC,08651610,26.02000,3866800
85914,20021211,BBY,BEST BUY COMPANY INC,08651610,25.58000,2333100
85914,20021212,BBY,BEST BUY COMPANY INC,08651610,25.97000,2716500
85914,20021213,BBY,BEST BUY COMPANY INC,08651610,25.80000,3358700
85914,20021216,BBY,BEST BUY COMPANY INC,08651610,25.40000,5137800
85914,20021217,BBY,BEST BUY COMPANY INC,08651610,24.00000,9589000
85914,20021218,BBY,BEST BUY COMPANY INC,08651610,24.57000,7187700
85914,20021219,BBY,BEST BUY COMPANY INC,08651610,23.70000,3459400
85914,20021220,BBY,BEST BUY COMPANY INC,08651610,24.75000,4213700
85914,20021223,BBY,BEST BUY COMPANY INC,08651610,23.97000,4912800
85914,20021224,BBY,BEST BUY COMPANY INC,08651610,22.49000,3467300
85914,20021226,BBY,BEST BUY COMPANY INC,08651610,23.30000,3428900
85914,20021227,BBY,BEST BUY COMPANY INC,08651610,23.11000,1729700
85914,20021230,BBY,BEST BUY COMPANY INC,08651610,23.68000,2603100
85914,20021231,BBY,BEST BUY COMPANY INC,08651610,24.15000,2879400
85914,20030102,BBY,BEST BUY COMPANY INC,08651610,24.96000,3039500
85914,20030103,BBY,BEST BUY COMPANY INC,08651610,23.86000,3947100
85914,20030106,BBY,BEST BUY COMPANY INC,08651610,24.11000,3478800
85914,20030107,BBY,BEST BUY COMPANY INC,08651610,24.75000,4061000
85914,20030108,BBY,BEST BUY COMPANY INC,08651610,24.40000,3267100
85914,20030109,BBY,BEST BUY COMPANY INC,08651610,27.34000,9039900
85914,20030110,BBY,BEST BUY COMPANY INC,08651610,27.40000,4895500
85914,20030113,BBY,BEST BUY COMPANY INC,08651610,28.85000,7687000
85914,20030114,BBY,BEST BUY COMPANY INC,08651610,28.08000,4684000
85914,20030115,BBY,BEST BUY COMPANY INC,08651610,27.96000,4279500
85914,20030116,BBY,BEST BUY COMPANY INC,08651610,28.67000,3273300
85914,20030117,BBY,BEST BUY COMPANY INC,08651610,27.70000,3679300
85914,20030121,BBY,BEST BUY COMPANY INC,08651610,26.19000,4411000
85914,20030122,BBY,BEST BUY COMPANY INC,08651610,27.04000,5472600
85914,20030123,BBY,BEST BUY COMPANY INC,08651610,28.06000,3862900
85914,20030124,BBY,BEST BUY COMPANY INC,08651610,27.03000,2617300
85914,20030127,BBY,BEST BUY COMPANY INC,08651610,26.07000,4095400
85914,20030128,BBY,BEST BUY COMPANY INC,08651610,26.64000,2033800
85914,20030129,BBY,BEST BUY COMPANY INC,08651610,26.52000,2639000
85914,20030130,BBY,BEST BUY COMPANY INC,08651610,25.92000,2804400
85914,20030131,BBY,BEST BUY COMPANY INC,08651610,26.09000,2598600
85914,20030203,BBY,BEST BUY COMPANY INC,08651610,26.32000,3013400
85914,20030204,BBY,BEST BUY COMPANY INC,08651610,26.99000,4695000
85914,20030205,BBY,BEST BUY COMPANY INC,08651610,27.44000,7245800
85914,20030206,BBY,BEST BUY COMPANY INC,08651610,26.95000,2419500
85914,20030207,BBY,BEST BUY COMPANY INC,08651610,26.41000,2504500
85914,20030210,BBY,BEST BUY COMPANY INC,08651610,26.50000,2242500
85914,20030211,BBY,BEST BUY COMPANY INC,08651610,26.86000,3570300
85914,20030212,BBY,BEST BUY COMPANY INC,08651610,26.62000,1878100
85914,20030213,BBY,BEST BUY COMPANY INC,08651610,25.71000,4149900
85914,20030214,BBY,BEST BUY COMPANY INC,08651610,27.26000,4120700
85914,20030218,BBY,BEST BUY COMPANY INC,08651610,27.90000,3390400
85914,20030219,BBY,BEST BUY COMPANY INC,08651610,27.36000,3298100
85914,20030220,BBY,BEST BUY COMPANY INC,08651610,27.82000,3887700
85914,20030221,BBY,BEST BUY COMPANY INC,08651610,28.78000,5560900
85914,20030224,BBY,BEST BUY COMPANY INC,08651610,27.87000,3054500
85914,20030225,BBY,BEST BUY COMPANY INC,08651610,28.20000,2899400
85914,20030226,BBY,BEST BUY COMPANY INC,08651610,27.91000,2337900
85914,20030227,BBY,BEST BUY COMPANY INC,08651610,28.70000,3351300
85914,20030228,BBY,BEST BUY COMPANY INC,08651610,29.07000,2368100
85914,20030303,BBY,BEST BUY COMPANY INC,08651610,28.77000,3506200
85914,20030304,BBY,BEST BUY COMPANY INC,08651610,27.68000,2818800
85914,20030305,BBY,BEST BUY COMPANY INC,08651610,26.66000,7297700
85914,20030306,BBY,BEST BUY COMPANY INC,08651610,27.52000,6052400
85914,20030307,BBY,BEST BUY COMPANY INC,08651610,28.09000,3510700
85914,20030310,BBY,BEST BUY COMPANY INC,08651610,27.49000,3643400
85914,20030311,BBY,BEST BUY COMPANY INC,08651610,27.18000,3730500
85914,20030312,BBY,BEST BUY COMPANY INC,08651610,27.39000,2101700
85914,20030313,BBY,BEST BUY COMPANY INC,08651610,28.72000,3493600
85914,20030314,BBY,BEST BUY COMPANY INC,08651610,28.36000,3210000
85914,20030317,BBY,BEST BUY COMPANY INC,08651610,29.87000,4383600
85914,20030318,BBY,BEST BUY COMPANY INC,08651610,30.50000,5687500
85914,20030319,BBY,BEST BUY COMPANY INC,08651610,30.26000,4201000
85914,20030320,BBY,BEST BUY COMPANY INC,08651610,29.89000,5050200
85914,20030321,BBY,BEST BUY COMPANY INC,08651610,31.14000,4877800
85914,20030324,BBY,BEST BUY COMPANY INC,08651610,29.05000,4403000
85914,20030325,BBY,BEST BUY COMPANY INC,08651610,30.37000,4544600
85914,20030326,BBY,BEST BUY COMPANY INC,08651610,29.43000,4551800
85914,20030327,BBY,BEST BUY COMPANY INC,08651610,28.20000,5788600
85914,20030328,BBY,BEST BUY COMPANY INC,08651610,26.90000,6030900
85914,20030331,BBY,BEST BUY COMPANY INC,08651610,26.97000,6504600
85914,20030401,BBY,BEST BUY COMPANY INC,08651610,27.35000,10297200
85914,20030402,BBY,BEST BUY COMPANY INC,08651610,28.67000,5571200
85914,20030403,BBY,BEST BUY COMPANY INC,08651610,29.69000,4880000
85914,20030404,BBY,BEST BUY COMPANY INC,08651610,29.57000,2406300
85914,20030407,BBY,BEST BUY COMPANY INC,08651610,29.71000,3833400
85914,20030408,BBY,BEST BUY COMPANY INC,08651610,29.98000,3286300
85914,20030409,BBY,BEST BUY COMPANY INC,08651610,29.58000,2731300
85914,20030410,BBY,BEST BUY COMPANY INC,08651610,30.18000,3222300
85914,20030411,BBY,BEST BUY COMPANY INC,08651610,30.06000,2864300
85914,20030414,BBY,BEST BUY COMPANY INC,08651610,30.98000,4729900
85914,20030415,BBY,BEST BUY COMPANY INC,08651610,31.51000,3421800
85914,20030416,BBY,BEST BUY COMPANY INC,08651610,30.79000,3061200
85914,20030417,BBY,BEST BUY COMPANY INC,08651610,32.34000,4284600
85914,20030421,BBY,BEST BUY COMPANY INC,08651610,32.03000,2057800
85914,20030422,BBY,BEST BUY COMPANY INC,08651610,33.94000,5550900
85914,20030423,BBY,BEST BUY COMPANY INC,08651610,33.60000,5824300
85914,20030424,BBY,BEST BUY COMPANY INC,08651610,33.87000,3977600
85914,20030425,BBY,BEST BUY COMPANY INC,08651610,32.80000,3194400
85914,20030428,BBY,BEST BUY COMPANY INC,08651610,33.75000,3904500
85914,20030429,BBY,BEST BUY COMPANY INC,08651610,34.40000,4721000
85914,20030430,BBY,BEST BUY COMPANY INC,08651610,34.58000,3799300
85914,20030501,BBY,BEST BUY COMPANY INC,08651610,33.76000,3439000
85914,20030502,BBY,BEST BUY COMPANY INC,08651610,34.24000,3205200
85914,20030505,BBY,BEST BUY COMPANY INC,08651610,34.76000,2697700
85914,20030506,BBY,BEST BUY COMPANY INC,08651610,35.40000,3297600
85914,20030507,BBY,BEST BUY COMPANY INC,08651610,35.48000,2708900
85914,20030508,BBY,BEST BUY COMPANY INC,08651610,35.40000,2309600
85914,20030509,BBY,BEST BUY COMPANY INC,08651610,35.85000,2648600
85914,20030512,BBY,BEST BUY COMPANY INC,08651610,37.49000,5625500
85914,20030513,BBY,BEST BUY COMPANY INC,08651610,37.14000,4320600
85914,20030514,BBY,BEST BUY COMPANY INC,08651610,36.80000,4403300
85914,20030515,BBY,BEST BUY COMPANY INC,08651610,37.10000,3724000
85914,20030516,BBY,BEST BUY COMPANY INC,08651610,36.68000,3830500
85914,20030519,BBY,BEST BUY COMPANY INC,08651610,34.08000,6023700
85914,20030520,BBY,BEST BUY COMPANY INC,08651610,34.56000,4465300
85914,20030521,BBY,BEST BUY COMPANY INC,08651610,34.69000,2257300
85914,20030522,BBY,BEST BUY COMPANY INC,08651610,35.70000,2650600
85914,20030523,BBY,BEST BUY COMPANY INC,08651610,35.41000,2003900
85914,20030527,BBY,BEST BUY COMPANY INC,08651610,36.32000,3186000
85914,20030528,BBY,BEST BUY COMPANY INC,08651610,37.60000,5890600
85914,20030529,BBY,BEST BUY COMPANY INC,08651610,37.40000,4241900
85914,20030530,BBY,BEST BUY COMPANY INC,08651610,38.70000,3661100
85914,20030602,BBY,BEST BUY COMPANY INC,08651610,39.97000,5311900
85914,20030603,BBY,BEST BUY COMPANY INC,08651610,39.20000,4250300
85914,20030604,BBY,BEST BUY COMPANY INC,08651610,40.47000,4233900
85914,20030605,BBY,BEST BUY COMPANY INC,08651610,42.80000,12664700
85914,20030606,BBY,BEST BUY COMPANY INC,08651610,41.87000,5453900
85914,20030609,BBY,BEST BUY COMPANY INC,08651610,41.27000,2907200
85914,20030610,BBY,BEST BUY COMPANY INC,08651610,42.28000,2809100
85914,20030611,BBY,BEST BUY COMPANY INC,08651610,42.92000,3006400
85914,20030612,BBY,BEST BUY COMPANY INC,08651610,42.43000,2797200
85914,20030613,BBY,BEST BUY COMPANY INC,08651610,41.76000,2685800
85914,20030616,BBY,BEST BUY COMPANY INC,08651610,43.99000,7179200
85914,20030617,BBY,BEST BUY COMPANY INC,08651610,44.17000,4844500
85914,20030618,BBY,BEST BUY COMPANY INC,08651610,43.65000,5644300
85914,20030619,BBY,BEST BUY COMPANY INC,08651610,43.60000,3170700
85914,20030620,BBY,BEST BUY COMPANY INC,08651610,44.05000,2865900
85914,20030623,BBY,BEST BUY COMPANY INC,08651610,42.96000,2773700
85914,20030624,BBY,BEST BUY COMPANY INC,08651610,42.59000,3561900
85914,20030625,BBY,BEST BUY COMPANY INC,08651610,42.63000,2913500
85914,20030626,BBY,BEST BUY COMPANY INC,08651610,43.45000,2076600
85914,20030627,BBY,BEST BUY COMPANY INC,08651610,43.50000,2426900
85914,20030630,BBY,BEST BUY COMPANY INC,08651610,43.92000,2205800
85914,20030701,BBY,BEST BUY COMPANY INC,08651610,43.89000,3103300
85914,20030702,BBY,BEST BUY COMPANY INC,08651610,44.61000,2562600
85914,20030703,BBY,BEST BUY COMPANY INC,08651610,44.43000,1514900
85914,20030707,BBY,BEST BUY COMPANY INC,08651610,45.55000,2565900
85914,20030708,BBY,BEST BUY COMPANY INC,08651610,47.32000,3011800
85914,20030709,BBY,BEST BUY COMPANY INC,08651610,45.50000,3680500
85914,20030710,BBY,BEST BUY COMPANY INC,08651610,45.27000,3301400
85914,20030711,BBY,BEST BUY COMPANY INC,08651610,45.40000,1957800
85914,20030714,BBY,BEST BUY COMPANY INC,08651610,45.53000,3169500
85914,20030715,BBY,BEST BUY COMPANY INC,08651610,45.04000,2986800
85914,20030716,BBY,BEST BUY COMPANY INC,08651610,45.28000,2325600
85914,20030717,BBY,BEST BUY COMPANY INC,08651610,44.54000,3735000
85914,20030718,BBY,BEST BUY COMPANY INC,08651610,44.42000,2485500
85914,20030721,BBY,BEST BUY COMPANY INC,08651610,43.12000,2713600
85914,20030722,BBY,BEST BUY COMPANY INC,08651610,43.26000,3402400
85914,20030723,BBY,BEST BUY COMPANY INC,08651610,42.90000,2566600
85914,20030724,BBY,BEST BUY COMPANY INC,08651610,42.11000,3335000
85914,20030725,BBY,BEST BUY COMPANY INC,08651610,43.06000,4037700
85914,20030728,BBY,BEST BUY COMPANY INC,08651610,43.64000,2174700
85914,20030729,BBY,BEST BUY COMPANY INC,08651610,43.19000,2688500
85914,20030730,BBY,BEST BUY COMPANY INC,08651610,42.45000,3510000
85914,20030731,BBY,BEST BUY COMPANY INC,08651610,43.65000,4176300
85914,20030801,BBY,BEST BUY COMPANY INC,08651610,42.85000,4354200
85914,20030804,BBY,BEST BUY COMPANY INC,08651610,42.01000,4626000
85914,20030805,BBY,BEST BUY COMPANY INC,08651610,40.18000,4883100
85914,20030806,BBY,BEST BUY COMPANY INC,08651610,40.68000,4928900
85914,20030807,BBY,BEST BUY COMPANY INC,08651610,46.49000,13660000
85914,20030808,BBY,BEST BUY COMPANY INC,08651610,47.90000,6356600
85914,20030811,BBY,BEST BUY COMPANY INC,08651610,47.86000,4021700
85914,20030812,BBY,BEST BUY COMPANY INC,08651610,48.88000,3110000
85914,20030813,BBY,BEST BUY COMPANY INC,08651610,49.25000,4071900
85914,20030814,BBY,BEST BUY COMPANY INC,08651610,48.67000,2431000
85914,20030815,BBY,BEST BUY COMPANY INC,08651610,49.32000,1285800
85914,20030818,BBY,BEST BUY COMPANY INC,08651610,49.25000,2704500
85914,20030819,BBY,BEST BUY COMPANY INC,08651610,49.50000,3138200
85914,20030820,BBY,BEST BUY COMPANY INC,08651610,49.50000,2590000
85914,20030821,BBY,BEST BUY COMPANY INC,08651610,49.45000,4048500
85914,20030822,BBY,BEST BUY COMPANY INC,08651610,50.08000,4259500
85914,20030825,BBY,BEST BUY COMPANY INC,08651610,49.50000,2470000
85914,20030826,BBY,BEST BUY COMPANY INC,08651610,49.70000,3244500
85914,20030827,BBY,BEST BUY COMPANY INC,08651610,51.45000,4179300
85914,20030828,BBY,BEST BUY COMPANY INC,08651610,51.41000,3060000
85914,20030829,BBY,BEST BUY COMPANY INC,08651610,52.01000,3329400
85914,20030902,BBY,BEST BUY COMPANY INC,08651610,53.16000,4823700
85914,20030903,BBY,BEST BUY COMPANY INC,08651610,53.10000,4309800
85914,20030904,BBY,BEST BUY COMPANY INC,08651610,52.69000,5160900
85914,20030905,BBY,BEST BUY COMPANY INC,08651610,52.52000,6186300
85914,20030908,BBY,BEST BUY COMPANY INC,08651610,52.00000,5325000
85914,20030909,BBY,BEST BUY COMPANY INC,08651610,50.55000,5484600
85914,20030910,BBY,BEST BUY COMPANY INC,08651610,49.39000,4640900
85914,20030911,BBY,BEST BUY COMPANY INC,08651610,50.95000,4148800
85914,20030912,BBY,BEST BUY COMPANY INC,08651610,50.94000,3557900
85914,20030915,BBY,BEST BUY COMPANY INC,08651610,52.17000,4311400
85914,20030916,BBY,BEST BUY COMPANY INC,08651610,52.66000,3102200
85914,20030917,BBY,BEST BUY COMPANY INC,08651610,51.48000,7470400
85914,20030918,BBY,BEST BUY COMPANY INC,08651610,51.52000,2804500
85914,20030919,BBY,BEST BUY COMPANY INC,08651610,51.44000,2817700
85914,20030922,BBY,BEST BUY COMPANY INC,08651610,50.38000,3318100
85914,20030923,BBY,BEST BUY COMPANY INC,08651610,50.71000,2806500
85914,20030924,BBY,BEST BUY COMPANY INC,08651610,48.50000,6893800
85914,20030925,BBY,BEST BUY COMPANY INC,08651610,48.55000,5719200
85914,20030926,BBY,BEST BUY COMPANY INC,08651610,48.11000,2789000
85914,20030929,BBY,BEST BUY COMPANY INC,08651610,47.49000,4688500
85914,20030930,BBY,BEST BUY COMPANY INC,08651610,47.52000,3702000
85914,20031001,BBY,BEST BUY COMPANY INC,08651610,49.33000,4224000
85914,20031002,BBY,BEST BUY COMPANY INC,08651610,48.92000,3073200
85914,20031003,BBY,BEST BUY COMPANY INC,08651610,51.00000,4474000
85914,20031006,BBY,BEST BUY COMPANY INC,08651610,51.59000,2422400
85914,20031007,BBY,BEST BUY COMPANY INC,08651610,51.38000,2308700
85914,20031008,BBY,BEST BUY COMPANY INC,08651610,50.85000,2368300
85914,20031009,BBY,BEST BUY COMPANY INC,08651610,53.24000,5078100
85914,20031010,BBY,BEST BUY COMPANY INC,08651610,52.65000,2571100
85914,20031013,BBY,BEST BUY COMPANY INC,08651610,54.60000,3307900
85914,20031014,BBY,BEST BUY COMPANY INC,08651610,54.90000,2281000
85914,20031015,BBY,BEST BUY COMPANY INC,08651610,53.38000,3504000
85914,20031016,BBY,BEST BUY COMPANY INC,08651610,53.62000,3007900
85914,20031017,BBY,BEST BUY COMPANY INC,08651610,52.65000,4129100
85914,20031020,BBY,BEST BUY COMPANY INC,08651610,52.80000,2727200
85914,20031021,BBY,BEST BUY COMPANY INC,08651610,54.08000,4841200
85914,20031022,BBY,BEST BUY COMPANY INC,08651610,54.11000,3608300
85914,20031023,BBY,BEST BUY COMPANY INC,08651610,54.81000,3148400
85914,20031024,BBY,BEST BUY COMPANY INC,08651610,53.64000,4115900
85914,20031027,BBY,BEST BUY COMPANY INC,08651610,55.19000,3249900
85914,20031028,BBY,BEST BUY COMPANY INC,08651610,57.34000,4915200
85914,20031029,BBY,BEST BUY COMPANY INC,08651610,57.07000,2847700
85914,20031030,BBY,BEST BUY COMPANY INC,08651610,57.92000,4282500
85914,20031031,BBY,BEST BUY COMPANY INC,08651610,58.31000,2440400
85914,20031103,BBY,BEST BUY COMPANY INC,08651610,59.38000,3089379
85914,20031104,BBY,BEST BUY COMPANY INC,08651610,59.41000,1870538
85914,20031105,BBY,BEST BUY COMPANY INC,08651610,58.34000,3608900
85914,20031106,BBY,BEST BUY COMPANY INC,08651610,58.77000,2526900
85914,20031107,BBY,BEST BUY COMPANY INC,08651610,58.14000,2299000
85914,20031110,BBY,BEST BUY COMPANY INC,08651610,58.78000,3537200
85914,20031111,BBY,BEST BUY COMPANY INC,08651610,59.50000,3535100
85914,20031112,BBY,BEST BUY COMPANY INC,08651610,59.25000,3622600
85914,20031113,BBY,BEST BUY COMPANY INC,08651610,58.26000,5238500
85914,20031114,BBY,BEST BUY COMPANY INC,08651610,57.38000,3364900
85914,20031117,BBY,BEST BUY COMPANY INC,08651610,57.40000,4105000
85914,20031118,BBY,BEST BUY COMPANY INC,08651610,57.80000,3223400
85914,20031119,BBY,BEST BUY COMPANY INC,08651610,58.04000,3350300
85914,20031120,BBY,BEST BUY COMPANY INC,08651610,57.54000,2884600
85914,20031121,BBY,BEST BUY COMPANY INC,08651610,58.24000,2261200
85914,20031124,BBY,BEST BUY COMPANY INC,08651610,59.69000,3424500
85914,20031125,BBY,BEST BUY COMPANY INC,08651610,60.36000,3506800
85914,20031126,BBY,BEST BUY COMPANY INC,08651610,61.10000,3604600
85914,20031128,BBY,BEST BUY COMPANY INC,08651610,62.00000,1980700
85914,20031201,BBY,BEST BUY COMPANY INC,08651610,60.87000,6354400
85914,20031202,BBY,BEST BUY COMPANY INC,08651610,58.52000,7879600
85914,20031203,BBY,BEST BUY COMPANY INC,08651610,57.42000,6573000
85914,20031204,BBY,BEST BUY COMPANY INC,08651610,54.15000,17972200
85914,20031205,BBY,BEST BUY COMPANY INC,08651610,54.09000,5705800
85914,20031208,BBY,BEST BUY COMPANY INC,08651610,54.24000,4612500
85914,20031209,BBY,BEST BUY COMPANY INC,08651610,52.82000,4358500
85914,20031210,BBY,BEST BUY COMPANY INC,08651610,51.98000,4682500
85914,20031211,BBY,BEST BUY COMPANY INC,08651610,53.35000,4984400
85914,20031212,BBY,BEST BUY COMPANY INC,08651610,53.59000,3866100
85914,20031215,BBY,BEST BUY COMPANY INC,08651610,52.57000,5117400
85914,20031216,BBY,BEST BUY COMPANY INC,08651610,49.52000,11805600
85914,20031217,BBY,BEST BUY COMPANY INC,08651610,51.50000,14350500
85914,20031218,BBY,BEST BUY COMPANY INC,08651610,52.01000,5226800
85914,20031219,BBY,BEST BUY COMPANY INC,08651610,51.62000,3985100
85914,20031222,BBY,BEST BUY COMPANY INC,08651610,50.45000,5093600
85914,20031223,BBY,BEST BUY COMPANY INC,08651610,49.50000,6851900
85914,20031224,BBY,BEST BUY COMPANY INC,08651610,49.73000,1720400
85914,20031226,BBY,BEST BUY COMPANY INC,08651610,50.56000,2396200
85914,20031229,BBY,BEST BUY COMPANY INC,08651610,52.19000,4857400
85914,20031230,BBY,BEST BUY COMPANY INC,08651610,52.65000,3373700
85914,20031231,BBY,BEST BUY COMPANY INC,08651610,52.24000,2092000
85914,20040102,BBY,BEST BUY COMPANY INC,08651610,50.82000,3783300
85914,20040105,BBY,BEST BUY COMPANY INC,08651610,51.83000,4512800
85914,20040106,BBY,BEST BUY COMPANY INC,08651610,51.64000,4270100
85914,20040107,BBY,BEST BUY COMPANY INC,08651610,52.21000,5395100
85914,20040108,BBY,BEST BUY COMPANY INC,08651610,53.72000,6890800
85914,20040109,BBY,BEST BUY COMPANY INC,08651610,54.00000,5756500
85914,20040112,BBY,BEST BUY COMPANY INC,08651610,53.35000,3768200
85914,20040113,BBY,BEST BUY COMPANY INC,08651610,53.83000,2994800
85914,20040114,BBY,BEST BUY COMPANY INC,08651610,53.65000,3450800
85914,20040115,BBY,BEST BUY COMPANY INC,08651610,54.18000,3420100
85914,20040116,BBY,BEST BUY COMPANY INC,08651610,53.87000,3533300
85914,20040120,BBY,BEST BUY COMPANY INC,08651610,53.31000,3989100
85914,20040121,BBY,BEST BUY COMPANY INC,08651610,53.65000,2508600
85914,20040122,BBY,BEST BUY COMPANY INC,08651610,52.88000,2517800
85914,20040123,BBY,BEST BUY COMPANY INC,08651610,52.55000,3094900
85914,20040126,BBY,BEST BUY COMPANY INC,08651610,53.29000,2204800
85914,20040127,BBY,BEST BUY COMPANY INC,08651610,52.90000,1962800
85914,20040128,BBY,BEST BUY COMPANY INC,08651610,51.28000,3266700
85914,20040129,BBY,BEST BUY COMPANY INC,08651610,51.64000,3356100
85914,20040130,BBY,BEST BUY COMPANY INC,08651610,50.39000,4758200
85914,20040202,BBY,BEST BUY COMPANY INC,08651610,50.77000,3197700
85914,20040203,BBY,BEST BUY COMPANY INC,08651610,50.20000,3144700
85914,20040204,BBY,BEST BUY COMPANY INC,08651610,50.25000,3747000
85914,20040205,BBY,BEST BUY COMPANY INC,08651610,51.90000,5651500
85914,20040206,BBY,BEST BUY COMPANY INC,08651610,52.55000,2589700
85914,20040209,BBY,BEST BUY COMPANY INC,08651610,53.59000,3487300
85914,20040210,BBY,BEST BUY COMPANY INC,08651610,53.35000,3004700
85914,20040211,BBY,BEST BUY COMPANY INC,08651610,54.55000,2371600
85914,20040212,BBY,BEST BUY COMPANY INC,08651610,54.53000,2434000
85914,20040213,BBY,BEST BUY COMPANY INC,08651610,53.65000,1779000
85914,20040217,BBY,BEST BUY COMPANY INC,08651610,54.03000,2224200
85914,20040218,BBY,BEST BUY COMPANY INC,08651610,53.38000,1795000
85914,20040219,BBY,BEST BUY COMPANY INC,08651610,52.94000,2959100
85914,20040220,BBY,BEST BUY COMPANY INC,08651610,52.53000,2919800
85914,20040223,BBY,BEST BUY COMPANY INC,08651610,51.15000,4091500
85914,20040224,BBY,BEST BUY COMPANY INC,08651610,50.82000,3813200
85914,20040225,BBY,BEST BUY COMPANY INC,08651610,51.43000,3082600
85914,20040226,BBY,BEST BUY COMPANY INC,08651610,51.16000,4804800
85914,20040227,BBY,BEST BUY COMPANY INC,08651610,53.25000,4464600
85914,20040301,BBY,BEST BUY COMPANY INC,08651610,54.19000,3055500
85914,20040302,BBY,BEST BUY COMPANY INC,08651610,54.07000,2835100
85914,20040303,BBY,BEST BUY COMPANY INC,08651610,54.31000,2708600
85914,20040304,BBY,BEST BUY COMPANY INC,08651610,52.57000,4655400
85914,20040305,BBY,BEST BUY COMPANY INC,08651610,53.00000,4926800
85914,20040308,BBY,BEST BUY COMPANY INC,08651610,51.48000,3266700
85914,20040309,BBY,BEST BUY COMPANY INC,08651610,50.64000,3236300
85914,20040310,BBY,BEST BUY COMPANY INC,08651610,48.50000,8379600
85914,20040311,BBY,BEST BUY COMPANY INC,08651610,47.25000,6923400
85914,20040312,BBY,BEST BUY COMPANY INC,08651610,49.30000,4427200
85914,20040315,BBY,BEST BUY COMPANY INC,08651610,47.48000,3516100
85914,20040316,BBY,BEST BUY COMPANY INC,08651610,47.48000,3269100
85914,20040317,BBY,BEST BUY COMPANY INC,08651610,48.23000,2513600
85914,20040318,BBY,BEST BUY COMPANY INC,08651610,47.72000,3475100
85914,20040319,BBY,BEST BUY COMPANY INC,08651610,47.23000,3593600
85914,20040322,BBY,BEST BUY COMPANY INC,08651610,45.90000,4281500
85914,20040323,BBY,BEST BUY COMPANY INC,08651610,45.61000,3889700
85914,20040324,BBY,BEST BUY COMPANY INC,08651610,46.44000,3642400
85914,20040325,BBY,BEST BUY COMPANY INC,08651610,48.53000,5634500
85914,20040326,BBY,BEST BUY COMPANY INC,08651610,48.19000,3595600
85914,20040329,BBY,BEST BUY COMPANY INC,08651610,48.29000,3032800
85914,20040330,BBY,BEST BUY COMPANY INC,08651610,48.40000,3658100
85914,20040331,BBY,BEST BUY COMPANY INC,08651610,51.72000,14650600
85914,20040401,BBY,BEST BUY COMPANY INC,08651610,52.30000,5451800
85914,20040402,BBY,BEST BUY COMPANY INC,08651610,53.92000,7243500
85914,20040405,BBY,BEST BUY COMPANY INC,08651610,54.10000,3952000
85914,20040406,BBY,BEST BUY COMPANY INC,08651610,53.47000,3081700
85914,20040407,BBY,BEST BUY COMPANY INC,08651610,52.55000,4053500
85914,20040408,BBY,BEST BUY COMPANY INC,08651610,52.46000,2903600
85914,20040412,BBY,BEST BUY COMPANY INC,08651610,52.42000,1766100
85914,20040413,BBY,BEST BUY COMPANY INC,08651610,51.09000,3946100
85914,20040414,BBY,BEST BUY COMPANY INC,08651610,51.60000,3039800
85914,20040415,BBY,BEST BUY COMPANY INC,08651610,51.65000,2536400
85914,20040416,BBY,BEST BUY COMPANY INC,08651610,53.00000,4297500
85914,20040419,BBY,BEST BUY COMPANY INC,08651610,53.00000,2714300
85914,20040420,BBY,BEST BUY COMPANY INC,08651610,52.80000,2953600
85914,20040421,BBY,BEST BUY COMPANY INC,08651610,53.44000,2743500
85914,20040422,BBY,BEST BUY COMPANY INC,08651610,54.95000,4015800
85914,20040423,BBY,BEST BUY COMPANY INC,08651610,55.50000,3372700
85914,20040426,BBY,BEST BUY COMPANY INC,08651610,54.79000,2612500
85914,20040427,BBY,BEST BUY COMPANY INC,08651610,55.74000,4140400
85914,20040428,BBY,BEST BUY COMPANY INC,08651610,54.64000,3339200
85914,20040429,BBY,BEST BUY COMPANY INC,08651610,54.18000,3785200
85914,20040430,BBY,BEST BUY COMPANY INC,08651610,54.25000,4243300
85914,20040503,BBY,BEST BUY COMPANY INC,08651610,53.92000,2852900
85914,20040504,BBY,BEST BUY COMPANY INC,08651610,53.59000,4289500
85914,20040505,BBY,BEST BUY COMPANY INC,08651610,54.31000,2729400
85914,20040506,BBY,BEST BUY COMPANY INC,08651610,53.40000,3333700
85914,20040507,BBY,BEST BUY COMPANY INC,08651610,52.10000,2997300
85914,20040510,BBY,BEST BUY COMPANY INC,08651610,50.85000,4351300
85914,20040511,BBY,BEST BUY COMPANY INC,08651610,52.12000,3815200
85914,20040512,BBY,BEST BUY COMPANY INC,08651610,51.99000,4832800
85914,20040513,BBY,BEST BUY COMPANY INC,08651610,51.74000,2909500
85914,20040514,BBY,BEST BUY COMPANY INC,08651610,51.20000,3771500
85914,20040517,BBY,BEST BUY COMPANY INC,08651610,49.91000,4814600
85914,20040518,BBY,BEST BUY COMPANY INC,08651610,51.50000,4155500
85914,20040519,BBY,BEST BUY COMPANY INC,08651610,51.21000,2584000
85914,20040520,BBY,BEST BUY COMPANY INC,08651610,51.14000,2225100
85914,20040521,BBY,BEST BUY COMPANY INC,08651610,51.19000,2395400
85914,20040524,BBY,BEST BUY COMPANY INC,08651610,51.51000,2149100
85914,20040525,BBY,BEST BUY COMPANY INC,08651610,53.63000,4175200
85914,20040526,BBY,BEST BUY COMPANY INC,08651610,53.83000,3787600
85914,20040527,BBY,BEST BUY COMPANY INC,08651610,53.39000,3717600
85914,20040528,BBY,BEST BUY COMPANY INC,08651610,52.76000,3702900
85914,20040601,BBY,BEST BUY COMPANY INC,08651610,53.33000,3509300
85914,20040602,BBY,BEST BUY COMPANY INC,08651610,53.47000,2715400
85914,20040603,BBY,BEST BUY COMPANY INC,08651610,52.01000,5333500
85914,20040604,BBY,BEST BUY COMPANY INC,08651610,52.30000,2646500
85914,20040607,BBY,BEST BUY COMPANY INC,08651610,53.05000,2424900
85914,20040608,BBY,BEST BUY COMPANY INC,08651610,53.55000,2098400
85914,20040609,BBY,BEST BUY COMPANY INC,08651610,53.63000,3590300
85914,20040610,BBY,BEST BUY COMPANY INC,08651610,53.50000,1366800
85914,20040614,BBY,BEST BUY COMPANY INC,08651610,53.05000,2058400
85914,20040615,BBY,BEST BUY COMPANY INC,08651610,53.08000,2721600
85914,20040616,BBY,BEST BUY COMPANY INC,08651610,52.04000,5920800
85914,20040617,BBY,BEST BUY COMPANY INC,08651610,51.95000,3015700
85914,20040618,BBY,BEST BUY COMPANY INC,08651610,51.52000,2750000
85914,20040621,BBY,BEST BUY COMPANY INC,08651610,51.20000,2033000
85914,20040622,BBY,BEST BUY COMPANY INC,08651610,51.30000,3419000
85914,20040623,BBY,BEST BUY COMPANY INC,08651610,51.74000,2319000
85914,20040624,BBY,BEST BUY COMPANY INC,08651610,52.60000,3358800
85914,20040625,BBY,BEST BUY COMPANY INC,08651610,52.42000,2896700
85914,20040628,BBY,BEST BUY COMPANY INC,08651610,51.73000,2199600
85914,20040629,BBY,BEST BUY COMPANY INC,08651610,50.70000,3312900
85914,20040630,BBY,BEST BUY COMPANY INC,08651610,50.74000,3541000
85914,20040701,BBY,BEST BUY COMPANY INC,08651610,49.74000,4861200
85914,20040702,BBY,BEST BUY COMPANY INC,08651610,49.25000,3681000
85914,20040706,BBY,BEST BUY COMPANY INC,08651610,48.96000,3445200
85914,20040707,BBY,BEST BUY COMPANY INC,08651610,50.16000,4203400
85914,20040708,BBY,BEST BUY COMPANY INC,08651610,48.76000,3593100
85914,20040709,BBY,BEST BUY COMPANY INC,08651610,48.83000,1992000
85914,20040712,BBY,BEST BUY COMPANY INC,08651610,49.09000,2154400
85914,20040713,BBY,BEST BUY COMPANY INC,08651610,49.50000,2551500
85914,20040714,BBY,BEST BUY COMPANY INC,08651610,49.18000,2702300
85914,20040715,BBY,BEST BUY COMPANY INC,08651610,48.89000,2388800
85914,20040716,BBY,BEST BUY COMPANY INC,08651610,47.57000,3407500
85914,20040719,BBY,BEST BUY COMPANY INC,08651610,46.31000,5167000
85914,20040720,BBY,BEST BUY COMPANY INC,08651610,48.31000,4007400
85914,20040721,BBY,BEST BUY COMPANY INC,08651610,47.62000,3600500
85914,20040722,BBY,BEST BUY COMPANY INC,08651610,47.68000,3485000
85914,20040723,BBY,BEST BUY COMPANY INC,08651610,47.11000,2141400
85914,20040726,BBY,BEST BUY COMPANY INC,08651610,46.05000,3373100
85914,20040727,BBY,BEST BUY COMPANY INC,08651610,47.40000,3071500
85914,20040728,BBY,BEST BUY COMPANY INC,08651610,46.96000,2849400
85914,20040729,BBY,BEST BUY COMPANY INC,08651610,47.65000,2170800
85914,20040730,BBY,BEST BUY COMPANY INC,08651610,48.16000,2451200
85914,20040802,BBY,BEST BUY COMPANY INC,08651610,48.51000,3489000
85914,20040803,BBY,BEST BUY COMPANY INC,08651610,47.00000,4629200
85914,20040804,BBY,BEST BUY COMPANY INC,08651610,46.67000,4584900
85914,20040805,BBY,BEST BUY COMPANY INC,08651610,45.64000,4622200
85914,20040806,BBY,BEST BUY COMPANY INC,08651610,44.88000,4172400
85914,20040809,BBY,BEST BUY COMPANY INC,08651610,44.82000,1927700
85914,20040810,BBY,BEST BUY COMPANY INC,08651610,45.15000,9434100
85914,20040811,BBY,BEST BUY COMPANY INC,08651610,44.60000,4596000
85914,20040812,BBY,BEST BUY COMPANY INC,08651610,44.27000,3684400
85914,20040813,BBY,BEST BUY COMPANY INC,08651610,44.61000,2722200
85914,20040816,BBY,BEST BUY COMPANY INC,08651610,46.49000,5103400
85914,20040817,BBY,BEST BUY COMPANY INC,08651610,47.31000,6114000
85914,20040818,BBY,BEST BUY COMPANY INC,08651610,47.82000,3874300
85914,20040819,BBY,BEST BUY COMPANY INC,08651610,48.48000,4502700
85914,20040820,BBY,BEST BUY COMPANY INC,08651610,48.73000,3543200
85914,20040823,BBY,BEST BUY COMPANY INC,08651610,48.60000,1927700
85914,20040824,BBY,BEST BUY COMPANY INC,08651610,48.84000,2139600
85914,20040825,BBY,BEST BUY COMPANY INC,08651610,49.19000,2553700
85914,20040826,BBY,BEST BUY COMPANY INC,08651610,49.50000,2773200
85914,20040827,BBY,BEST BUY COMPANY INC,08651610,48.43000,7356900
85914,20040830,BBY,BEST BUY COMPANY INC,08651610,47.71000,3760700
85914,20040831,BBY,BEST BUY COMPANY INC,08651610,46.52000,7364000
85914,20040901,BBY,BEST BUY COMPANY INC,08651610,46.75000,5662400
85914,20040902,BBY,BEST BUY COMPANY INC,08651610,49.00000,6125600
85914,20040903,BBY,BEST BUY COMPANY INC,08651610,49.06000,3011300
85914,20040907,BBY,BEST BUY COMPANY INC,08651610,49.55000,3361600
85914,20040908,BBY,BEST BUY COMPANY INC,08651610,49.05000,3369600
85914,20040909,BBY,BEST BUY COMPANY INC,08651610,48.97000,2913600
85914,20040910,BBY,BEST BUY COMPANY INC,08651610,50.45000,4928500
85914,20040913,BBY,BEST BUY COMPANY INC,08651610,50.90000,3567900
85914,20040914,BBY,BEST BUY COMPANY INC,08651610,50.29000,5638500
85914,20040915,BBY,BEST BUY COMPANY INC,08651610,52.61000,9205600
85914,20040916,BBY,BEST BUY COMPANY INC,08651610,53.63000,4496900
85914,20040917,BBY,BEST BUY COMPANY INC,08651610,53.38000,2824200
85914,20040920,BBY,BEST BUY COMPANY INC,08651610,53.48000,3153500
85914,20040921,BBY,BEST BUY COMPANY INC,08651610,54.05000,2634100
85914,20040922,BBY,BEST BUY COMPANY INC,08651610,53.48000,3021300
85914,20040923,BBY,BEST BUY COMPANY INC,08651610,53.64000,3371300
85914,20040924,BBY,BEST BUY COMPANY INC,08651610,53.66000,2284300
85914,20040927,BBY,BEST BUY COMPANY INC,08651610,53.40000,1502100
85914,20040928,BBY,BEST BUY COMPANY INC,08651610,53.51000,2019100
85914,20040929,BBY,BEST BUY COMPANY INC,08651610,55.00000,3728800
85914,20040930,BBY,BEST BUY COMPANY INC,08651610,54.24000,3221100
85914,20041001,BBY,BEST BUY COMPANY INC,08651610,54.74000,2757100
85914,20041004,BBY,BEST BUY COMPANY INC,08651610,54.97000,3229100
85914,20041005,BBY,BEST BUY COMPANY INC,08651610,54.66000,1558300
85914,20041006,BBY,BEST BUY COMPANY INC,08651610,55.01000,1584400
85914,20041007,BBY,BEST BUY COMPANY INC,08651610,54.99000,3166900
85914,20041008,BBY,BEST BUY COMPANY INC,08651610,54.26000,3090900
85914,20041011,BBY,BEST BUY COMPANY INC,08651610,55.09000,1659700
85914,20041012,BBY,BEST BUY COMPANY INC,08651610,54.99000,1763700
85914,20041013,BBY,BEST BUY COMPANY INC,08651610,55.16000,3062300
85914,20041014,BBY,BEST BUY COMPANY INC,08651610,55.51000,4026000
85914,20041015,BBY,BEST BUY COMPANY INC,08651610,56.69000,3023800
85914,20041018,BBY,BEST BUY COMPANY INC,08651610,57.43000,3084400
85914,20041019,BBY,BEST BUY COMPANY INC,08651610,56.51000,3264400
85914,20041020,BBY,BEST BUY COMPANY INC,08651610,55.86000,2447500
85914,20041021,BBY,BEST BUY COMPANY INC,08651610,57.10000,3695900
85914,20041022,BBY,BEST BUY COMPANY INC,08651610,56.90000,2606100
85914,20041025,BBY,BEST BUY COMPANY INC,08651610,56.94000,2634100
85914,20041026,BBY,BEST BUY COMPANY INC,08651610,58.08000,2435800
85914,20041027,BBY,BEST BUY COMPANY INC,08651610,59.22000,3577200
85914,20041028,BBY,BEST BUY COMPANY INC,08651610,59.46000,2369800
85914,20041029,BBY,BEST BUY COMPANY INC,08651610,59.22000,2707000
85914,20041101,BBY,BEST BUY COMPANY INC,08651610,59.71000,2277800
85914,20041102,BBY,BEST BUY COMPANY INC,08651610,59.16000,2603400
85914,20041103,BBY,BEST BUY COMPANY INC,08651610,59.85000,3618700
85914,20041104,BBY,BEST BUY COMPANY INC,08651610,61.85000,4077600
85914,20041105,BBY,BEST BUY COMPANY INC,08651610,61.39000,4352700
85914,20041108,BBY,BEST BUY COMPANY INC,08651610,60.96000,2161400
85914,20041109,BBY,BEST BUY COMPANY INC,08651610,59.54000,5429500
85914,20041110,BBY,BEST BUY COMPANY INC,08651610,59.70000,3111900
85914,20041111,BBY,BEST BUY COMPANY INC,08651610,59.79000,2125300
85914,20041112,BBY,BEST BUY COMPANY INC,08651610,59.73000,2792900
85914,20041115,BBY,BEST BUY COMPANY INC,08651610,61.64000,3086500
85914,20041116,BBY,BEST BUY COMPANY INC,08651610,60.58000,3241400
85914,20041117,BBY,BEST BUY COMPANY INC,08651610,61.24000,3940700
85914,20041118,BBY,BEST BUY COMPANY INC,08651610,62.00000,2866800
85914,20041119,BBY,BEST BUY COMPANY INC,08651610,60.35000,3015100
85914,20041122,BBY,BEST BUY COMPANY INC,08651610,59.00000,3661100
85914,20041123,BBY,BEST BUY COMPANY INC,08651610,59.10000,2826100
85914,20041124,BBY,BEST BUY COMPANY INC,08651610,59.07000,4107500
85914,20041126,BBY,BEST BUY COMPANY INC,08651610,58.92000,1243500
85914,20041129,BBY,BEST BUY COMPANY INC,08651610,57.78000,5811000
85914,20041130,BBY,BEST BUY COMPANY INC,08651610,56.38000,4250200
85914,20041201,BBY,BEST BUY COMPANY INC,08651610,56.95000,4267400
85914,20041202,BBY,BEST BUY COMPANY INC,08651610,57.24000,6185000
85914,20041203,BBY,BEST BUY COMPANY INC,08651610,56.84000,3229000
85914,20041206,BBY,BEST BUY COMPANY INC,08651610,56.39000,3581200
85914,20041207,BBY,BEST BUY COMPANY INC,08651610,55.85000,3536900
85914,20041208,BBY,BEST BUY COMPANY INC,08651610,57.11000,3319900
85914,20041209,BBY,BEST BUY COMPANY INC,08651610,57.92000,3114000
85914,20041210,BBY,BEST BUY COMPANY INC,08651610,56.82000,3345000
85914,20041213,BBY,BEST BUY COMPANY INC,08651610,56.09000,3989500
85914,20041214,BBY,BEST BUY COMPANY INC,08651610,56.04000,4296100
85914,20041215,BBY,BEST BUY COMPANY INC,08651610,58.86000,8440000
85914,20041216,BBY,BEST BUY COMPANY INC,08651610,58.00000,3843700
85914,20041217,BBY,BEST BUY COMPANY INC,08651610,56.55000,4805300
85914,20041220,BBY,BEST BUY COMPANY INC,08651610,56.82000,2740500
85914,20041221,BBY,BEST BUY COMPANY INC,08651610,57.45000,1842300
85914,20041222,BBY,BEST BUY COMPANY INC,08651610,57.99000,3038100
85914,20041223,BBY,BEST BUY COMPANY INC,08651610,57.93000,1972400
85914,20041227,BBY,BEST BUY COMPANY INC,08651610,58.00000,2073800
85914,20041228,BBY,BEST BUY COMPANY INC,08651610,58.74000,2423800
85914,20041229,BBY,BEST BUY COMPANY INC,08651610,59.45000,1509700
85914,20041230,BBY,BEST BUY COMPANY INC,08651610,59.60000,1660200
85914,20041231,BBY,BEST BUY COMPANY INC,08651610,59.42000,2191500
85914,20050103,BBY,BEST BUY COMPANY INC,08651610,59.28000,3554900
85914,20050104,BBY,BEST BUY COMPANY INC,08651610,57.70000,3151800
85914,20050105,BBY,BEST BUY COMPANY INC,08651610,58.05000,2582300
85914,20050106,BBY,BEST BUY COMPANY INC,08651610,55.50000,9811000
85914,20050107,BBY,BEST BUY COMPANY INC,08651610,55.16000,3963600
85914,20050110,BBY,BEST BUY COMPANY INC,08651610,55.95000,3806200
85914,20050111,BBY,BEST BUY COMPANY INC,08651610,56.19000,2883800
85914,20050112,BBY,BEST BUY COMPANY INC,08651610,56.71000,2937600
85914,20050113,BBY,BEST BUY COMPANY INC,08651610,56.64000,1973700
85914,20050114,BBY,BEST BUY COMPANY INC,08651610,57.42000,2715900
85914,20050118,BBY,BEST BUY COMPANY INC,08651610,57.73000,1585600
85914,20050119,BBY,BEST BUY COMPANY INC,08651610,57.35000,2045900
85914,20050120,BBY,BEST BUY COMPANY INC,08651610,55.95000,2891800
85914,20050121,BBY,BEST BUY COMPANY INC,08651610,55.80000,2274100
85914,20050124,BBY,BEST BUY COMPANY INC,08651610,55.16000,4165800
85914,20050125,BBY,BEST BUY COMPANY INC,08651610,54.03000,5509600
85914,20050126,BBY,BEST BUY COMPANY INC,08651610,55.66000,3786100
85914,20050127,BBY,BEST BUY COMPANY INC,08651610,54.84000,3398300
85914,20050128,BBY,BEST BUY COMPANY INC,08651610,53.90000,4036800
85914,20050131,BBY,BEST BUY COMPANY INC,08651610,53.79000,4171900
85914,20050201,BBY,BEST BUY COMPANY INC,08651610,55.33000,3366800
85914,20050202,BBY,BEST BUY COMPANY INC,08651610,54.90000,2072800
85914,20050203,BBY,BEST BUY COMPANY INC,08651610,55.31000,2436600
85914,20050204,BBY,BEST BUY COMPANY INC,08651610,55.90000,2571600
85914,20050207,BBY,BEST BUY COMPANY INC,08651610,55.55000,1563600
85914,20050208,BBY,BEST BUY COMPANY INC,08651610,55.42000,1680200
85914,20050209,BBY,BEST BUY COMPANY INC,08651610,54.29000,3505100
85914,20050210,BBY,BEST BUY COMPANY INC,08651610,54.37000,2092200
85914,20050211,BBY,BEST BUY COMPANY INC,08651610,54.35000,3945900
85914,20050214,BBY,BEST BUY COMPANY INC,08651610,54.68000,1481600
85914,20050215,BBY,BEST BUY COMPANY INC,08651610,55.50000,2887600
85914,20050216,BBY,BEST BUY COMPANY INC,08651610,55.09000,1630300
85914,20050217,BBY,BEST BUY COMPANY INC,08651610,54.93000,2067300
85914,20050218,BBY,BEST BUY COMPANY INC,08651610,53.84000,6895100
85914,20050222,BBY,BEST BUY COMPANY INC,08651610,51.78000,5092100
85914,20050223,BBY,BEST BUY COMPANY INC,08651610,51.81000,4599500
85914,20050224,BBY,BEST BUY COMPANY INC,08651610,51.40000,2829000
85914,20050225,BBY,BEST BUY COMPANY INC,08651610,51.69000,2868600
85914,20050228,BBY,BEST BUY COMPANY INC,08651610,54.02000,5878000
85914,20050301,BBY,BEST BUY COMPANY INC,08651610,54.48000,2506600
85914,20050302,BBY,BEST BUY COMPANY INC,08651610,53.91000,3528500
85914,20050303,BBY,BEST BUY COMPANY INC,08651610,52.40000,9202300
85914,20050304,BBY,BEST BUY COMPANY INC,08651610,53.20000,4307000
85914,20050307,BBY,BEST BUY COMPANY INC,08651610,53.50000,2586400
85914,20050308,BBY,BEST BUY COMPANY INC,08651610,53.01000,2810100
85914,20050309,BBY,BEST BUY COMPANY INC,08651610,53.15000,3164400
85914,20050310,BBY,BEST BUY COMPANY INC,08651610,52.59000,2715500
85914,20050311,BBY,BEST BUY COMPANY INC,08651610,52.25000,3020400
85914,20050314,BBY,BEST BUY COMPANY INC,08651610,52.91000,2402900
85914,20050315,BBY,BEST BUY COMPANY INC,08651610,51.62000,5623900
85914,20050316,BBY,BEST BUY COMPANY INC,08651610,51.64000,2974100
85914,20050317,BBY,BEST BUY COMPANY INC,08651610,51.43000,1989500
85914,20050318,BBY,BEST BUY COMPANY INC,08651610,51.44000,4456700
85914,20050321,BBY,BEST BUY COMPANY INC,08651610,51.37000,2153600
85914,20050322,BBY,BEST BUY COMPANY INC,08651610,51.51000,2865700
85914,20050323,BBY,BEST BUY COMPANY INC,08651610,51.39000,4219500
85914,20050324,BBY,BEST BUY COMPANY INC,08651610,51.74000,4757200
85914,20050328,BBY,BEST BUY COMPANY INC,08651610,52.93000,3400400
85914,20050329,BBY,BEST BUY COMPANY INC,08651610,52.38000,5338700
85914,20050330,BBY,BEST BUY COMPANY INC,08651610,53.32000,2706400
85914,20050331,BBY,BEST BUY COMPANY INC,08651610,54.01000,4628200
85914,20050401,BBY,BEST BUY COMPANY INC,08651610,50.60000,17967400
85914,20050404,BBY,BEST BUY COMPANY INC,08651610,49.87000,4978800
85914,20050405,BBY,BEST BUY COMPANY INC,08651610,50.28000,3397800
85914,20050406,BBY,BEST BUY COMPANY INC,08651610,51.01000,3839300
85914,20050407,BBY,BEST BUY COMPANY INC,08651610,51.14000,3830100
85914,20050408,BBY,BEST BUY COMPANY INC,08651610,50.43000,2137300
85914,20050411,BBY,BEST BUY COMPANY INC,08651610,51.04000,2505400
85914,20050412,BBY,BEST BUY COMPANY INC,08651610,51.52000,3348200
85914,20050413,BBY,BEST BUY COMPANY INC,08651610,50.85000,2635800
85914,20050414,BBY,BEST BUY COMPANY INC,08651610,49.58000,3616600
85914,20050415,BBY,BEST BUY COMPANY INC,08651610,48.70000,5116300
85914,20050418,BBY,BEST BUY COMPANY INC,08651610,49.19000,4051700
85914,20050419,BBY,BEST BUY COMPANY INC,08651610,49.20000,2870800
85914,20050420,BBY,BEST BUY COMPANY INC,08651610,48.47000,2413800
85914,20050421,BBY,BEST BUY COMPANY INC,08651610,48.97000,2608600
85914,20050422,BBY,BEST BUY COMPANY INC,08651610,48.68000,2727700
85914,20050425,BBY,BEST BUY COMPANY INC,08651610,49.37000,1866400
85914,20050426,BBY,BEST BUY COMPANY INC,08651610,49.20000,2986700
85914,20050427,BBY,BEST BUY COMPANY INC,08651610,50.22000,4460200
85914,20050428,BBY,BEST BUY COMPANY INC,08651610,49.55000,3343600
85914,20050429,BBY,BEST BUY COMPANY INC,08651610,50.34000,3665500
85914,20050502,BBY,BEST BUY COMPANY INC,08651610,50.46000,1879100
85914,20050503,BBY,BEST BUY COMPANY INC,08651610,50.70000,1833400
85914,20050504,BBY,BEST BUY COMPANY INC,08651610,51.42000,3005100
85914,20050505,BBY,BEST BUY COMPANY INC,08651610,51.53000,2358800
85914,20050506,BBY,BEST BUY COMPANY INC,08651610,51.53000,2206600
85914,20050509,BBY,BEST BUY COMPANY INC,08651610,52.03000,2301200
85914,20050510,BBY,BEST BUY COMPANY INC,08651610,52.07000,2205900
85914,20050511,BBY,BEST BUY COMPANY INC,08651610,51.88000,2579800
85914,20050512,BBY,BEST BUY COMPANY INC,08651610,50.73000,3912500
85914,20050513,BBY,BEST BUY COMPANY INC,08651610,50.10000,3425300
85914,20050516,BBY,BEST BUY COMPANY INC,08651610,51.71000,1977500
85914,20050517,BBY,BEST BUY COMPANY INC,08651610,53.11000,3158200
85914,20050518,BBY,BEST BUY COMPANY INC,08651610,54.50000,5766000
85914,20050519,BBY,BEST BUY COMPANY INC,08651610,54.19000,2989700
85914,20050520,BBY,BEST BUY COMPANY INC,08651610,54.36000,1508300
85914,20050523,BBY,BEST BUY COMPANY INC,08651610,54.78000,1397900
85914,20050524,BBY,BEST BUY COMPANY INC,08651610,54.60000,1436600
85914,20050525,BBY,BEST BUY COMPANY INC,08651610,54.15000,985700
85914,20050526,BBY,BEST BUY COMPANY INC,08651610,54.87000,1452500
85914,20050527,BBY,BEST BUY COMPANY INC,08651610,54.85000,928000
85914,20050531,BBY,BEST BUY COMPANY INC,08651610,54.43000,1095800
85914,20050601,BBY,BEST BUY COMPANY INC,08651610,56.30000,4085400
85914,20050602,BBY,BEST BUY COMPANY INC,08651610,57.21000,3516200
85914,20050603,BBY,BEST BUY COMPANY INC,08651610,56.84000,2302000
85914,20050606,BBY,BEST BUY COMPANY INC,08651610,57.48000,1823100
85914,20050607,BBY,BEST BUY COMPANY INC,08651610,58.97000,4037700
85914,20050608,BBY,BEST BUY COMPANY INC,08651610,58.25000,2969900
85914,20050609,BBY,BEST BUY COMPANY INC,08651610,58.75000,2506300
85914,20050610,BBY,BEST BUY COMPANY INC,08651610,58.95000,2493700
85914,20050613,BBY,BEST BUY COMPANY INC,08651610,59.12000,3261100
85914,20050614,BBY,BEST BUY COMPANY INC,08651610,67.80000,26882100
85914,20050615,BBY,BEST BUY COMPANY INC,08651610,69.31000,10118100
85914,20050616,BBY,BEST BUY COMPANY INC,08651610,68.47000,6140000
85914,20050617,BBY,BEST BUY COMPANY INC,08651610,68.34000,4667100
85914,20050620,BBY,BEST BUY COMPANY INC,08651610,68.22000,3569400
85914,20050621,BBY,BEST BUY COMPANY INC,08651610,68.25000,2593100
85914,20050622,BBY,BEST BUY COMPANY INC,08651610,68.52000,2299200
85914,20050623,BBY,BEST BUY COMPANY INC,08651610,68.04000,5373600
85914,20050624,BBY,BEST BUY COMPANY INC,08651610,67.87000,3024400
85914,20050627,BBY,BEST BUY COMPANY INC,08651610,67.69000,2478900
85914,20050628,BBY,BEST BUY COMPANY INC,08651610,69.17000,2858200
85914,20050629,BBY,BEST BUY COMPANY INC,08651610,69.15000,3361800
85914,20050630,BBY,BEST BUY COMPANY INC,08651610,68.55000,2774400
85914,20050701,BBY,BEST BUY COMPANY INC,08651610,68.78000,1514900
85914,20050705,BBY,BEST BUY COMPANY INC,08651610,70.76000,2506400
85914,20050706,BBY,BEST BUY COMPANY INC,08651610,70.79000,2701200
85914,20050707,BBY,BEST BUY COMPANY INC,08651610,70.57000,2374900
85914,20050708,BBY,BEST BUY COMPANY INC,08651610,72.77000,3001000
85914,20050711,BBY,BEST BUY COMPANY INC,08651610,73.62000,3157400
85914,20050712,BBY,BEST BUY COMPANY INC,08651610,74.69000,6424400
85914,20050713,BBY,BEST BUY COMPANY INC,08651610,74.40000,3503500
85914,20050714,BBY,BEST BUY COMPANY INC,08651610,75.00000,2824100
85914,20050715,BBY,BEST BUY COMPANY INC,08651610,75.89000,2517500
85914,20050718,BBY,BEST BUY COMPANY INC,08651610,75.73000,2352300
85914,20050719,BBY,BEST BUY COMPANY INC,08651610,76.38000,3081200
85914,20050720,BBY,BEST BUY COMPANY INC,08651610,75.79000,2482900
85914,20050721,BBY,BEST BUY COMPANY INC,08651610,73.87000,3320200
85914,20050722,BBY,BEST BUY COMPANY INC,08651610,74.91000,1977000
85914,20050725,BBY,BEST BUY COMPANY INC,08651610,73.61000,2677300
85914,20050726,BBY,BEST BUY COMPANY INC,08651610,74.89000,2428800
85914,20050727,BBY,BEST BUY COMPANY INC,08651610,77.89000,4980200
85914,20050728,BBY,BEST BUY COMPANY INC,08651610,78.47000,5674200
85914,20050729,BBY,BEST BUY COMPANY INC,08651610,76.60000,2878900
85914,20050801,BBY,BEST BUY COMPANY INC,08651610,77.68000,2502900
85914,20050802,BBY,BEST BUY COMPANY INC,08651610,77.19000,2298800
85914,20050803,BBY,BEST BUY COMPANY INC,08651610,77.82000,1621100
85914,20050804,BBY,BEST BUY COMPANY INC,08651610,51.23000,3198600
85914,20050805,BBY,BEST BUY COMPANY INC,08651610,50.40000,2957500
85914,20050808,BBY,BEST BUY COMPANY INC,08651610,49.31000,3645900
85914,20050809,BBY,BEST BUY COMPANY INC,08651610,49.80000,4079900
85914,20050810,BBY,BEST BUY COMPANY INC,08651610,49.23000,3691200
85914,20050811,BBY,BEST BUY COMPANY INC,08651610,48.68000,5122300
85914,20050812,BBY,BEST BUY COMPANY INC,08651610,49.61000,4085700
85914,20050815,BBY,BEST BUY COMPANY INC,08651610,50.55000,4216600
85914,20050816,BBY,BEST BUY COMPANY INC,08651610,49.10000,4122500
85914,20050817,BBY,BEST BUY COMPANY INC,08651610,49.09000,3047000
85914,20050818,BBY,BEST BUY COMPANY INC,08651610,48.70000,3788900
85914,20050819,BBY,BEST BUY COMPANY INC,08651610,47.65000,4938200
85914,20050822,BBY,BEST BUY COMPANY INC,08651610,47.45000,4290800
85914,20050823,BBY,BEST BUY COMPANY INC,08651610,46.97000,4583300
85914,20050824,BBY,BEST BUY COMPANY INC,08651610,45.44000,6939500
85914,20050825,BBY,BEST BUY COMPANY INC,08651610,46.75000,5494500
85914,20050826,BBY,BEST BUY COMPANY INC,08651610,46.01000,3216000
85914,20050829,BBY,BEST BUY COMPANY INC,08651610,46.35000,5378000
85914,20050830,BBY,BEST BUY COMPANY INC,08651610,46.75000,5482900
85914,20050831,BBY,BEST BUY COMPANY INC,08651610,47.66000,5864600
85914,20050901,BBY,BEST BUY COMPANY INC,08651610,46.98000,4911200
85914,20050902,BBY,BEST BUY COMPANY INC,08651610,46.12000,2505000
85914,20050906,BBY,BEST BUY COMPANY INC,08651610,47.21000,3486700
85914,20050907,BBY,BEST BUY COMPANY INC,08651610,47.76000,4135000
85914,20050908,BBY,BEST BUY COMPANY INC,08651610,47.82000,4387000
85914,20050909,BBY,BEST BUY COMPANY INC,08651610,48.79000,4355000
85914,20050912,BBY,BEST BUY COMPANY INC,08651610,50.36000,8160200
85914,20050913,BBY,BEST BUY COMPANY INC,08651610,44.79000,29188400
85914,20050914,BBY,BEST BUY COMPANY INC,08651610,44.86000,11920800
85914,20050915,BBY,BEST BUY COMPANY INC,08651610,44.30000,7343400
85914,20050916,BBY,BEST BUY COMPANY INC,08651610,44.17000,7568300
85914,20050919,BBY,BEST BUY COMPANY INC,08651610,42.24000,8614800
85914,20050920,BBY,BEST BUY COMPANY INC,08651610,41.51000,8624200
85914,20050921,BBY,BEST BUY COMPANY INC,08651610,41.00000,7752000
85914,20050922,BBY,BEST BUY COMPANY INC,08651610,42.20000,6092400
85914,20050923,BBY,BEST BUY COMPANY INC,08651610,42.92000,6714100
85914,20050926,BBY,BEST BUY COMPANY INC,08651610,43.66000,6984600
85914,20050927,BBY,BEST BUY COMPANY INC,08651610,43.77000,4195000
85914,20050928,BBY,BEST BUY COMPANY INC,08651610,43.13000,4638000
85914,20050929,BBY,BEST BUY COMPANY INC,08651610,43.12000,3663700
85914,20050930,BBY,BEST BUY COMPANY INC,08651610,43.53000,3075600
85914,20051003,BBY,BEST BUY COMPANY INC,08651610,42.65000,3846700
85914,20051004,BBY,BEST BUY COMPANY INC,08651610,41.84000,3540500
85914,20051005,BBY,BEST BUY COMPANY INC,08651610,40.93000,4366100
85914,20051006,BBY,BEST BUY COMPANY INC,08651610,42.38000,7459500
85914,20051007,BBY,BEST BUY COMPANY INC,08651610,42.59000,3666200
85914,20051010,BBY,BEST BUY COMPANY INC,08651610,41.86000,3026900
85914,20051011,BBY,BEST BUY COMPANY INC,08651610,42.25000,2759100
85914,20051012,BBY,BEST BUY COMPANY INC,08651610,41.00000,7082600
85914,20051013,BBY,BEST BUY COMPANY INC,08651610,41.76000,4041800
85914,20051014,BBY,BEST BUY COMPANY INC,08651610,43.29000,4809500
85914,20051017,BBY,BEST BUY COMPANY INC,08651610,43.08000,4211100
85914,20051018,BBY,BEST BUY COMPANY INC,08651610,42.16000,3736500
85914,20051019,BBY,BEST BUY COMPANY INC,08651610,42.90000,4538400
85914,20051020,BBY,BEST BUY COMPANY INC,08651610,43.88000,7140900
85914,20051021,BBY,BEST BUY COMPANY INC,08651610,44.00000,4586200
85914,20051024,BBY,BEST BUY COMPANY INC,08651610,45.35000,4169800
85914,20051025,BBY,BEST BUY COMPANY INC,08651610,44.54000,3506000
85914,20051026,BBY,BEST BUY COMPANY INC,08651610,43.70000,3283900
85914,20051027,BBY,BEST BUY COMPANY INC,08651610,42.41000,3739200
85914,20051028,BBY,BEST BUY COMPANY INC,08651610,42.64000,4833700
85914,20051031,BBY,BEST BUY COMPANY INC,08651610,44.26000,5680700
85914,20051101,BBY,BEST BUY COMPANY INC,08651610,44.45000,4493100
85914,20051102,BBY,BEST BUY COMPANY INC,08651610,46.09000,4947000
85914,20051103,BBY,BEST BUY COMPANY INC,08651610,47.70000,7907900
85914,20051104,BBY,BEST BUY COMPANY INC,08651610,48.58000,5555800
85914,20051107,BBY,BEST BUY COMPANY INC,08651610,48.41000,3615100
85914,20051108,BBY,BEST BUY COMPANY INC,08651610,46.80000,5086000
85914,20051109,BBY,BEST BUY COMPANY INC,08651610,46.53000,2518800
85914,20051110,BBY,BEST BUY COMPANY INC,08651610,47.48000,3152500
85914,20051111,BBY,BEST BUY COMPANY INC,08651610,47.04000,2370000
85914,20051114,BBY,BEST BUY COMPANY INC,08651610,46.50000,3189700
85914,20051115,BBY,BEST BUY COMPANY INC,08651610,43.89000,10375900
85914,20051116,BBY,BEST BUY COMPANY INC,08651610,44.89000,4723800
85914,20051117,BBY,BEST BUY COMPANY INC,08651610,45.27000,3973900
85914,20051118,BBY,BEST BUY COMPANY INC,08651610,45.91000,4123600
85914,20051121,BBY,BEST BUY COMPANY INC,08651610,47.05000,3587700
85914,20051122,BBY,BEST BUY COMPANY INC,08651610,48.16000,5068400
85914,20051123,BBY,BEST BUY COMPANY INC,08651610,49.00000,7529100
85914,20051125,BBY,BEST BUY COMPANY INC,08651610,50.63000,6491200
85914,20051128,BBY,BEST BUY COMPANY INC,08651610,50.14000,8688200
85914,20051129,BBY,BEST BUY COMPANY INC,08651610,48.75000,6318900
85914,20051130,BBY,BEST BUY COMPANY INC,08651610,48.24000,5114300
85914,20051201,BBY,BEST BUY COMPANY INC,08651610,48.69000,3977900
85914,20051202,BBY,BEST BUY COMPANY INC,08651610,48.85000,3228200
85914,20051205,BBY,BEST BUY COMPANY INC,08651610,49.23000,3565600
85914,20051206,BBY,BEST BUY COMPANY INC,08651610,49.32000,3398300
85914,20051207,BBY,BEST BUY COMPANY INC,08651610,48.95000,3865200
85914,20051208,BBY,BEST BUY COMPANY INC,08651610,50.00000,4474400
85914,20051209,BBY,BEST BUY COMPANY INC,08651610,50.16000,4239300
85914,20051212,BBY,BEST BUY COMPANY INC,08651610,49.84000,7187300
85914,20051213,BBY,BEST BUY COMPANY INC,08651610,43.94000,38210400
85914,20051214,BBY,BEST BUY COMPANY INC,08651610,44.69000,13443700
85914,20051215,BBY,BEST BUY COMPANY INC,08651610,44.87000,7528300
85914,20051216,BBY,BEST BUY COMPANY INC,08651610,44.96000,5139100
85914,20051219,BBY,BEST BUY COMPANY INC,08651610,43.71000,5616300
85914,20051220,BBY,BEST BUY COMPANY INC,08651610,44.11000,4210400
85914,20051221,BBY,BEST BUY COMPANY INC,08651610,43.45000,4491400
85914,20051222,BBY,BEST BUY COMPANY INC,08651610,43.25000,4707700
85914,20051223,BBY,BEST BUY COMPANY INC,08651610,44.30000,4746800
85914,20051227,BBY,BEST BUY COMPANY INC,08651610,43.69000,3469300
85914,20051228,BBY,BEST BUY COMPANY INC,08651610,43.70000,3479800
85914,20051229,BBY,BEST BUY COMPANY INC,08651610,43.94000,3347500
85914,20051230,BBY,BEST BUY COMPANY INC,08651610,43.48000,2064000
85914,20060103,BBY,BEST BUY COMPANY INC,08651610,44.73000,5105000
85914,20060104,BBY,BEST BUY COMPANY INC,08651610,44.05000,4411300
85914,20060105,BBY,BEST BUY COMPANY INC,08651610,43.50000,5240100
85914,20060106,BBY,BEST BUY COMPANY INC,08651610,47.05000,15288900
85914,20060109,BBY,BEST BUY COMPANY INC,08651610,47.80000,5028300
85914,20060110,BBY,BEST BUY COMPANY INC,08651610,48.26000,2912100
85914,20060111,BBY,BEST BUY COMPANY INC,08651610,48.23000,3076900
85914,20060112,BBY,BEST BUY COMPANY INC,08651610,47.84000,3017000
85914,20060113,BBY,BEST BUY COMPANY INC,08651610,47.86000,3752200
85914,20060117,BBY,BEST BUY COMPANY INC,08651610,48.03000,6514600
85914,20060118,BBY,BEST BUY COMPANY INC,08651610,48.57000,7409500
85914,20060119,BBY,BEST BUY COMPANY INC,08651610,48.93000,4179000
85914,20060120,BBY,BEST BUY COMPANY INC,08651610,48.81000,6790000
85914,20060123,BBY,BEST BUY COMPANY INC,08651610,48.70000,2534700
85914,20060124,BBY,BEST BUY COMPANY INC,08651610,48.44000,3651300
85914,20060125,BBY,BEST BUY COMPANY INC,08651610,48.71000,4231200
85914,20060126,BBY,BEST BUY COMPANY INC,08651610,50.10000,4614100
85914,20060127,BBY,BEST BUY COMPANY INC,08651610,49.99000,3052600
85914,20060130,BBY,BEST BUY COMPANY INC,08651610,50.22000,3402900
85914,20060131,BBY,BEST BUY COMPANY INC,08651610,50.66000,3245000
85914,20060201,BBY,BEST BUY COMPANY INC,08651610,50.03000,3822200
85914,20060202,BBY,BEST BUY COMPANY INC,08651610,48.94000,3424200
85914,20060203,BBY,BEST BUY COMPANY INC,08651610,48.59000,2402900
85914,20060206,BBY,BEST BUY COMPANY INC,08651610,48.85000,2296700
85914,20060207,BBY,BEST BUY COMPANY INC,08651610,48.61000,2628500
85914,20060208,BBY,BEST BUY COMPANY INC,08651610,48.83000,3701100
85914,20060209,BBY,BEST BUY COMPANY INC,08651610,52.96000,13447900
85914,20060210,BBY,BEST BUY COMPANY INC,08651610,52.55000,4752400
85914,20060213,BBY,BEST BUY COMPANY INC,08651610,52.48000,3256200
85914,20060214,BBY,BEST BUY COMPANY INC,08651610,52.86000,4231900
85914,20060215,BBY,BEST BUY COMPANY INC,08651610,53.78000,3743300
85914,20060216,BBY,BEST BUY COMPANY INC,08651610,54.57000,4993500
85914,20060217,BBY,BEST BUY COMPANY INC,08651610,54.32000,2856100
85914,20060221,BBY,BEST BUY COMPANY INC,08651610,54.32000,5838100
85914,20060222,BBY,BEST BUY COMPANY INC,08651610,55.11000,2869700
85914,20060223,BBY,BEST BUY COMPANY INC,08651610,54.65000,2413400
85914,20060224,BBY,BEST BUY COMPANY INC,08651610,54.04000,2023000
85914,20060227,BBY,BEST BUY COMPANY INC,08651610,54.40000,2564300
85914,20060228,BBY,BEST BUY COMPANY INC,08651610,53.86000,2852900
85914,20060301,BBY,BEST BUY COMPANY INC,08651610,53.98000,3655200
85914,20060302,BBY,BEST BUY COMPANY INC,08651610,53.52000,3455800
85914,20060303,BBY,BEST BUY COMPANY INC,08651610,53.38000,1726600
85914,20060306,BBY,BEST BUY COMPANY INC,08651610,53.12000,1938800
85914,20060307,BBY,BEST BUY COMPANY INC,08651610,52.70000,2236800
85914,20060308,BBY,BEST BUY COMPANY INC,08651610,53.65000,4325500
85914,20060309,BBY,BEST BUY COMPANY INC,08651610,53.15000,3554700
85914,20060310,BBY,BEST BUY COMPANY INC,08651610,53.40000,1815500
85914,20060313,BBY,BEST BUY COMPANY INC,08651610,54.39000,2613400
85914,20060314,BBY,BEST BUY COMPANY INC,08651610,55.19000,2544700
85914,20060315,BBY,BEST BUY COMPANY INC,08651610,55.36000,2075700
85914,20060316,BBY,BEST BUY COMPANY INC,08651610,56.95000,4643200
85914,20060317,BBY,BEST BUY COMPANY INC,08651610,57.00000,2564100
85914,20060320,BBY,BEST BUY COMPANY INC,08651610,56.33000,2261500
85914,20060321,BBY,BEST BUY COMPANY INC,08651610,55.50000,2301400
85914,20060322,BBY,BEST BUY COMPANY INC,08651610,55.17000,3717900
85914,20060323,BBY,BEST BUY COMPANY INC,08651610,54.55000,2992700
85914,20060324,BBY,BEST BUY COMPANY INC,08651610,54.38000,3624600
85914,20060327,BBY,BEST BUY COMPANY INC,08651610,54.75000,2889200
85914,20060328,BBY,BEST BUY COMPANY INC,08651610,55.16000,3501000
85914,20060329,BBY,BEST BUY COMPANY INC,08651610,54.52000,4580300
85914,20060330,BBY,BEST BUY COMPANY INC,08651610,54.78000,9154800
85914,20060331,BBY,BEST BUY COMPANY INC,08651610,55.93000,6510200
85914,20060403,BBY,BEST BUY COMPANY INC,08651610,55.44000,4218400
85914,20060404,BBY,BEST BUY COMPANY INC,08651610,57.00000,5682500
85914,20060405,BBY,BEST BUY COMPANY INC,08651610,58.25000,6341200
85914,20060406,BBY,BEST BUY COMPANY INC,08651610,58.72000,3740700
85914,20060407,BBY,BEST BUY COMPANY INC,08651610,58.12000,4604500
85914,20060410,BBY,BEST BUY COMPANY INC,08651610,57.18000,2871200
85914,20060411,BBY,BEST BUY COMPANY INC,08651610,56.60000,3680300
85914,20060412,BBY,BEST BUY COMPANY INC,08651610,56.90000,3036700
85914,20060413,BBY,BEST BUY COMPANY INC,08651610,57.51000,2792700
85914,20060417,BBY,BEST BUY COMPANY INC,08651610,56.79000,2301900
85914,20060418,BBY,BEST BUY COMPANY INC,08651610,58.41000,3159100
85914,20060419,BBY,BEST BUY COMPANY INC,08651610,57.98000,1614700
85914,20060420,BBY,BEST BUY COMPANY INC,08651610,57.84000,1935500
85914,20060421,BBY,BEST BUY COMPANY INC,08651610,57.55000,2536400
85914,20060424,BBY,BEST BUY COMPANY INC,08651610,56.91000,1569400
85914,20060425,BBY,BEST BUY COMPANY INC,08651610,57.57000,3233400
85914,20060426,BBY,BEST BUY COMPANY INC,08651610,57.06000,1853800
85914,20060427,BBY,BEST BUY COMPANY INC,08651610,57.05000,2129200
85914,20060428,BBY,BEST BUY COMPANY INC,08651610,56.66000,1795700
85914,20060501,BBY,BEST BUY COMPANY INC,08651610,56.67000,2173600
85914,20060502,BBY,BEST BUY COMPANY INC,08651610,56.39000,2372000
85914,20060503,BBY,BEST BUY COMPANY INC,08651610,56.08000,2863900
85914,20060504,BBY,BEST BUY COMPANY INC,08651610,56.98000,2207200
85914,20060505,BBY,BEST BUY COMPANY INC,08651610,58.32000,3317600
85914,20060508,BBY,BEST BUY COMPANY INC,08651610,57.64000,2862400
85914,20060509,BBY,BEST BUY COMPANY INC,08651610,56.57000,4756200
85914,20060510,BBY,BEST BUY COMPANY INC,08651610,55.76000,3462100
85914,20060511,BBY,BEST BUY COMPANY INC,08651610,53.82000,5868200
85914,20060512,BBY,BEST BUY COMPANY INC,08651610,52.60000,4284100
85914,20060515,BBY,BEST BUY COMPANY INC,08651610,52.91000,3456100
85914,20060516,BBY,BEST BUY COMPANY INC,08651610,51.83000,2696800
85914,20060517,BBY,BEST BUY COMPANY INC,08651610,51.65000,3425700
85914,20060518,BBY,BEST BUY COMPANY INC,08651610,52.65000,4745900
85914,20060519,BBY,BEST BUY COMPANY INC,08651610,53.95000,4385800
85914,20060522,BBY,BEST BUY COMPANY INC,08651610,52.26000,4992700
85914,20060523,BBY,BEST BUY COMPANY INC,08651610,51.47000,3425600
85914,20060524,BBY,BEST BUY COMPANY INC,08651610,51.11000,3854000
85914,20060525,BBY,BEST BUY COMPANY INC,08651610,51.19000,2402100
85914,20060526,BBY,BEST BUY COMPANY INC,08651610,51.86000,2858300
85914,20060530,BBY,BEST BUY COMPANY INC,08651610,50.79000,2308000
85914,20060531,BBY,BEST BUY COMPANY INC,08651610,53.00000,4928500
85914,20060601,BBY,BEST BUY COMPANY INC,08651610,52.92000,3660600
85914,20060602,BBY,BEST BUY COMPANY INC,08651610,52.60000,2799400
85914,20060605,BBY,BEST BUY COMPANY INC,08651610,51.83000,2969700
85914,20060606,BBY,BEST BUY COMPANY INC,08651610,51.50000,3225100
85914,20060607,BBY,BEST BUY COMPANY INC,08651610,49.97000,6496000
85914,20060608,BBY,BEST BUY COMPANY INC,08651610,50.15000,5290600
85914,20060609,BBY,BEST BUY COMPANY INC,08651610,50.39000,3168200
85914,20060612,BBY,BEST BUY COMPANY INC,08651610,49.03000,4854400
85914,20060613,BBY,BEST BUY COMPANY INC,08651610,51.69000,13725600
85914,20060614,BBY,BEST BUY COMPANY INC,08651610,51.40000,6314000
85914,20060615,BBY,BEST BUY COMPANY INC,08651610,51.50000,6501600
85914,20060616,BBY,BEST BUY COMPANY INC,08651610,52.45000,5206200
85914,20060619,BBY,BEST BUY COMPANY INC,08651610,52.73000,4568700
85914,20060620,BBY,BEST BUY COMPANY INC,08651610,52.93000,3100700
85914,20060621,BBY,BEST BUY COMPANY INC,08651610,52.80000,3915500
85914,20060622,BBY,BEST BUY COMPANY INC,08651610,53.28000,3096500
85914,20060623,BBY,BEST BUY COMPANY INC,08651610,52.67000,2185300
85914,20060626,BBY,BEST BUY COMPANY INC,08651610,53.41000,2115700
85914,20060627,BBY,BEST BUY COMPANY INC,08651610,52.15000,2540100
85914,20060628,BBY,BEST BUY COMPANY INC,08651610,52.66000,2695700
85914,20060629,BBY,BEST BUY COMPANY INC,08651610,55.21000,4339700
85914,20060630,BBY,BEST BUY COMPANY INC,08651610,54.84000,3573200
85914,20060703,BBY,BEST BUY COMPANY INC,08651610,54.63000,989100
85914,20060705,BBY,BEST BUY COMPANY INC,08651610,53.49000,2984000
85914,20060706,BBY,BEST BUY COMPANY INC,08651610,53.04000,5472500
85914,20060707,BBY,BEST BUY COMPANY INC,08651610,52.28000,6650600
85914,20060710,BBY,BEST BUY COMPANY INC,08651610,51.41000,3565100
85914,20060711,BBY,BEST BUY COMPANY INC,08651610,50.62000,5574500
85914,20060712,BBY,BEST BUY COMPANY INC,08651610,47.70000,9720000
85914,20060713,BBY,BEST BUY COMPANY INC,08651610,46.50000,8489500
85914,20060714,BBY,BEST BUY COMPANY INC,08651610,45.51000,8208000
85914,20060717,BBY,BEST BUY COMPANY INC,08651610,45.83000,4706900
85914,20060718,BBY,BEST BUY COMPANY INC,08651610,44.10000,10090000
85914,20060719,BBY,BEST BUY COMPANY INC,08651610,46.44000,9533900
85914,20060720,BBY,BEST BUY COMPANY INC,08651610,45.50000,6265900
85914,20060721,BBY,BEST BUY COMPANY INC,08651610,43.97000,5585300
85914,20060724,BBY,BEST BUY COMPANY INC,08651610,45.20000,3977500
85914,20060725,BBY,BEST BUY COMPANY INC,08651610,44.94000,4740100
85914,20060726,BBY,BEST BUY COMPANY INC,08651610,43.96000,4818400
85914,20060727,BBY,BEST BUY COMPANY INC,08651610,44.14000,4110900
85914,20060728,BBY,BEST BUY COMPANY INC,08651610,45.53000,4764900
85914,20060731,BBY,BEST BUY COMPANY INC,08651610,45.34000,3522600
85914,20060801,BBY,BEST BUY COMPANY INC,08651610,44.71000,3838500
85914,20060802,BBY,BEST BUY COMPANY INC,08651610,45.42000,2635000
85914,20060803,BBY,BEST BUY COMPANY INC,08651610,46.95000,5806600
85914,20060804,BBY,BEST BUY COMPANY INC,08651610,48.35000,7376000
85914,20060807,BBY,BEST BUY COMPANY INC,08651610,47.80000,3265100
85914,20060808,BBY,BEST BUY COMPANY INC,08651610,46.11000,5592100
85914,20060809,BBY,BEST BUY COMPANY INC,08651610,44.94000,5632200
85914,20060810,BBY,BEST BUY COMPANY INC,08651610,46.40000,5291800
85914,20060811,BBY,BEST BUY COMPANY INC,08651610,46.25000,3153300
85914,20060814,BBY,BEST BUY COMPANY INC,08651610,46.04000,2968700
85914,20060815,BBY,BEST BUY COMPANY INC,08651610,48.04000,4872100
85914,20060816,BBY,BEST BUY COMPANY INC,08651610,49.11000,4578300
85914,20060817,BBY,BEST BUY COMPANY INC,08651610,49.18000,2673800
85914,20060818,BBY,BEST BUY COMPANY INC,08651610,49.02000,2473400
85914,20060821,BBY,BEST BUY COMPANY INC,08651610,47.66000,3753200
85914,20060822,BBY,BEST BUY COMPANY INC,08651610,46.90000,3904700
85914,20060823,BBY,BEST BUY COMPANY INC,08651610,46.36000,3299900
85914,20060824,BBY,BEST BUY COMPANY INC,08651610,45.69000,5228900
85914,20060825,BBY,BEST BUY COMPANY INC,08651610,45.57000,2976000
85914,20060828,BBY,BEST BUY COMPANY INC,08651610,46.12000,3807600
85914,20060829,BBY,BEST BUY COMPANY INC,08651610,46.21000,3766700
85914,20060830,BBY,BEST BUY COMPANY INC,08651610,46.26000,5855800
85914,20060831,BBY,BEST BUY COMPANY INC,08651610,47.00000,4545900
85914,20060901,BBY,BEST BUY COMPANY INC,08651610,47.33000,4809500
85914,20060905,BBY,BEST BUY COMPANY INC,08651610,47.68000,4899800
85914,20060906,BBY,BEST BUY COMPANY INC,08651610,46.25000,6308400
85914,20060907,BBY,BEST BUY COMPANY INC,08651610,45.01000,8274800
85914,20060908,BBY,BEST BUY COMPANY INC,08651610,46.31000,6943600
85914,20060911,BBY,BEST BUY COMPANY INC,08651610,47.77000,11532800
85914,20060912,BBY,BEST BUY COMPANY INC,08651610,52.14000,27954900
85914,20060913,BBY,BEST BUY COMPANY INC,08651610,52.36000,9892500
85914,20060914,BBY,BEST BUY COMPANY INC,08651610,52.46000,5188900
85914,20060915,BBY,BEST BUY COMPANY INC,08651610,53.83000,7095400
85914,20060918,BBY,BEST BUY COMPANY INC,08651610,54.10000,4622500
85914,20060919,BBY,BEST BUY COMPANY INC,08651610,53.61000,5996600
85914,20060920,BBY,BEST BUY COMPANY INC,08651610,54.84000,8727800
85914,20060921,BBY,BEST BUY COMPANY INC,08651610,53.83000,6518900
85914,20060922,BBY,BEST BUY COMPANY INC,08651610,54.33000,5386200
85914,20060925,BBY,BEST BUY COMPANY INC,08651610,55.53000,4687600
85914,20060926,BBY,BEST BUY COMPANY INC,08651610,55.20000,3996000
85914,20060927,BBY,BEST BUY COMPANY INC,08651610,54.46000,3785400
85914,20060928,BBY,BEST BUY COMPANY INC,08651610,54.29000,3683100
85914,20060929,BBY,BEST BUY COMPANY INC,08651610,53.56000,3280400
85914,20061002,BBY,BEST BUY COMPANY INC,08651610,53.23000,2783400
85914,20061003,BBY,BEST BUY COMPANY INC,08651610,54.60000,3754900
85914,20061004,BBY,BEST BUY COMPANY INC,08651610,56.60000,6288200
85914,20061005,BBY,BEST BUY COMPANY INC,08651610,56.85000,4486200
85914,20061006,BBY,BEST BUY COMPANY INC,08651610,55.46000,3635100
85914,20061009,BBY,BEST BUY COMPANY INC,08651610,55.75000,3209500
85914,20061010,BBY,BEST BUY COMPANY INC,08651610,56.17000,3502000
85914,20061011,BBY,BEST BUY COMPANY INC,08651610,55.67000,2575900
85914,20061012,BBY,BEST BUY COMPANY INC,08651610,57.86000,6021200
85914,20061013,BBY,BEST BUY COMPANY INC,08651610,57.67000,3040400
85914,20061016,BBY,BEST BUY COMPANY INC,08651610,58.15000,2609400
85914,20061017,BBY,BEST BUY COMPANY INC,08651610,56.56000,4551300
85914,20061018,BBY,BEST BUY COMPANY INC,08651610,56.03000,4376400
85914,20061019,BBY,BEST BUY COMPANY INC,08651610,55.45000,2666900
85914,20061020,BBY,BEST BUY COMPANY INC,08651610,55.18000,3100900
85914,20061023,BBY,BEST BUY COMPANY INC,08651610,55.46000,4674900
85914,20061024,BBY,BEST BUY COMPANY INC,08651610,55.34000,3618800
85914,20061025,BBY,BEST BUY COMPANY INC,08651610,54.53000,4891500
85914,20061026,BBY,BEST BUY COMPANY INC,08651610,54.68000,4063700
85914,20061027,BBY,BEST BUY COMPANY INC,08651610,54.14000,4030800
85914,20061030,BBY,BEST BUY COMPANY INC,08651610,55.16000,3704600
85914,20061031,BBY,BEST BUY COMPANY INC,08651610,55.25000,4400300
85914,20061101,BBY,BEST BUY COMPANY INC,08651610,54.02000,3651800
85914,20061102,BBY,BEST BUY COMPANY INC,08651610,52.98000,6997700
85914,20061103,BBY,BEST BUY COMPANY INC,08651610,52.43000,7510300
85914,20061106,BBY,BEST BUY COMPANY INC,08651610,52.67000,3932400
85914,20061107,BBY,BEST BUY COMPANY INC,08651610,53.12000,3861800
85914,20061108,BBY,BEST BUY COMPANY INC,08651610,52.38000,4561600
85914,20061109,BBY,BEST BUY COMPANY INC,08651610,51.39000,4758400
85914,20061110,BBY,BEST BUY COMPANY INC,08651610,52.31000,3039700
85914,20061113,BBY,BEST BUY COMPANY INC,08651610,52.05000,5265200
85914,20061114,BBY,BEST BUY COMPANY INC,08651610,52.61000,6928700
85914,20061115,BBY,BEST BUY COMPANY INC,08651610,53.11000,4747500
85914,20061116,BBY,BEST BUY COMPANY INC,08651610,55.01000,7517100
85914,20061117,BBY,BEST BUY COMPANY INC,08651610,55.00000,5152700
85914,20061120,BBY,BEST BUY COMPANY INC,08651610,54.63000,3506100
85914,20061121,BBY,BEST BUY COMPANY INC,08651610,55.56000,3853100
85914,20061122,BBY,BEST BUY COMPANY INC,08651610,55.84000,3626200
85914,20061124,BBY,BEST BUY COMPANY INC,08651610,55.08000,2119100
85914,20061127,BBY,BEST BUY COMPANY INC,08651610,54.37000,7707800
85914,20061128,BBY,BEST BUY COMPANY INC,08651610,55.30000,6975700
85914,20061129,BBY,BEST BUY COMPANY INC,08651610,55.15000,4495000
85914,20061130,BBY,BEST BUY COMPANY INC,08651610,54.97000,4321600
85914,20061201,BBY,BEST BUY COMPANY INC,08651610,53.70000,5963000
85914,20061204,BBY,BEST BUY COMPANY INC,08651610,54.47000,4942300
85914,20061205,BBY,BEST BUY COMPANY INC,08651610,54.04000,4946300
85914,20061206,BBY,BEST BUY COMPANY INC,08651610,53.89000,3824200
85914,20061207,BBY,BEST BUY COMPANY INC,08651610,52.11000,8536200
85914,20061208,BBY,BEST BUY COMPANY INC,08651610,53.13000,6762500
85914,20061211,BBY,BEST BUY COMPANY INC,08651610,53.92000,7566100
85914,20061212,BBY,BEST BUY COMPANY INC,08651610,51.30000,34062800
85914,20061213,BBY,BEST BUY COMPANY INC,08651610,50.46000,10088900
85914,20061214,BBY,BEST BUY COMPANY INC,08651610,51.08000,8566000
85914,20061215,BBY,BEST BUY COMPANY INC,08651610,50.39000,7400800
85914,20061218,BBY,BEST BUY COMPANY INC,08651610,49.34000,9510900
85914,20061219,BBY,BEST BUY COMPANY INC,08651610,48.55000,19811100
85914,20061220,BBY,BEST BUY COMPANY INC,08651610,48.36000,7334700
85914,20061221,BBY,BEST BUY COMPANY INC,08651610,49.21000,8216300
85914,20061222,BBY,BEST BUY COMPANY INC,08651610,49.93000,5255300
85914,20061226,BBY,BEST BUY COMPANY INC,08651610,49.23000,3837300
85914,20061227,BBY,BEST BUY COMPANY INC,08651610,49.64000,4278200
85914,20061228,BBY,BEST BUY COMPANY INC,08651610,49.37000,2650200
85914,20061229,BBY,BEST BUY COMPANY INC,08651610,49.19000,3159100
85914,20070103,BBY,BEST BUY COMPANY INC,08651610,49.06000,6608400
85914,20070104,BBY,BEST BUY COMPANY INC,08651610,49.84000,8753900
85914,20070105,BBY,BEST BUY COMPANY INC,08651610,50.00000,14646500
85914,20070108,BBY,BEST BUY COMPANY INC,08651610,49.42000,8388200
85914,20070109,BBY,BEST BUY COMPANY INC,08651610,49.04000,8346700
85914,20070110,BBY,BEST BUY COMPANY INC,08651610,49.41000,5196300
85914,20070111,BBY,BEST BUY COMPANY INC,08651610,50.04000,7318000
85914,20070112,BBY,BEST BUY COMPANY INC,08651610,49.66000,3756600
85914,20070116,BBY,BEST BUY COMPANY INC,08651610,48.96000,5492600
85914,20070117,BBY,BEST BUY COMPANY INC,08651610,48.65000,4089700
85914,20070118,BBY,BEST BUY COMPANY INC,08651610,49.18000,5427000
85914,20070119,BBY,BEST BUY COMPANY INC,08651610,49.40000,5503700
85914,20070122,BBY,BEST BUY COMPANY INC,08651610,49.38000,5491700
85914,20070123,BBY,BEST BUY COMPANY INC,08651610,49.31000,4941200
85914,20070124,BBY,BEST BUY COMPANY INC,08651610,50.36000,6057100
85914,20070125,BBY,BEST BUY COMPANY INC,08651610,49.88000,7146300
85914,20070126,BBY,BEST BUY COMPANY INC,08651610,49.52000,3143300
85914,20070129,BBY,BEST BUY COMPANY INC,08651610,50.08000,3582500
85914,20070130,BBY,BEST BUY COMPANY INC,08651610,49.62000,3338300
85914,20070131,BBY,BEST BUY COMPANY INC,08651610,50.40000,3429900
85914,20070201,BBY,BEST BUY COMPANY INC,08651610,50.85000,3196200
85914,20070202,BBY,BEST BUY COMPANY INC,08651610,51.19000,2757700
85914,20070205,BBY,BEST BUY COMPANY INC,08651610,50.98000,2528100
85914,20070206,BBY,BEST BUY COMPANY INC,08651610,50.84000,2246500
85914,20070207,BBY,BEST BUY COMPANY INC,08651610,50.79000,3029200
85914,20070208,BBY,BEST BUY COMPANY INC,08651610,51.12000,3026600
85914,20070209,BBY,BEST BUY COMPANY INC,08651610,51.00000,3632200
85914,20070212,BBY,BEST BUY COMPANY INC,08651610,50.46000,2383614
85914,20070213,BBY,BEST BUY COMPANY INC,08651610,50.52000,3046280
85914,20070214,BBY,BEST BUY COMPANY INC,08651610,50.07000,5146476
85914,20070215,BBY,BEST BUY COMPANY INC,08651610,50.24000,3427400
85914,20070216,BBY,BEST BUY COMPANY INC,08651610,50.00000,3064700
85914,20070220,BBY,BEST BUY COMPANY INC,08651610,50.65000,3012800
85914,20070221,BBY,BEST BUY COMPANY INC,08651610,50.39000,4727200
85914,20070222,BBY,BEST BUY COMPANY INC,08651610,50.05000,4100200
85914,20070223,BBY,BEST BUY COMPANY INC,08651610,49.30000,5035900
85914,20070226,BBY,BEST BUY COMPANY INC,08651610,48.64000,3979923
85914,20070227,BBY,BEST BUY COMPANY INC,08651610,46.90000,7848400
85914,20070228,BBY,BEST BUY COMPANY INC,08651610,46.48000,7887800
85914,20070301,BBY,BEST BUY COMPANY INC,08651610,46.79000,8836398
85914,20070302,BBY,BEST BUY COMPANY INC,08651610,46.35000,7080200
85914,20070305,BBY,BEST BUY COMPANY INC,08651610,45.63000,5074800
85914,20070306,BBY,BEST BUY COMPANY INC,08651610,46.52000,7485300
85914,20070307,BBY,BEST BUY COMPANY INC,08651610,47.70000,7742000
85914,20070308,BBY,BEST BUY COMPANY INC,08651610,48.16000,7421400
85914,20070309,BBY,BEST BUY COMPANY INC,08651610,48.34000,4505400
85914,20070312,BBY,BEST BUY COMPANY INC,08651610,47.98000,3631000
85914,20070313,BBY,BEST BUY COMPANY INC,08651610,47.66000,6567000
85914,20070314,BBY,BEST BUY COMPANY INC,08651610,48.15000,7964900
85914,20070315,BBY,BEST BUY COMPANY INC,08651610,48.22000,3856700
85914,20070316,BBY,BEST BUY COMPANY INC,08651610,47.85000,4432100
85914,20070319,BBY,BEST BUY COMPANY INC,08651610,47.61000,4702798
85914,20070320,BBY,BEST BUY COMPANY INC,08651610,48.38000,5241497
85914,20070321,BBY,BEST BUY COMPANY INC,08651610,49.54000,4851700
85914,20070322,BBY,BEST BUY COMPANY INC,08651610,49.65000,3700100
85914,20070323,BBY,BEST BUY COMPANY INC,08651610,50.02000,3402708
85914,20070326,BBY,BEST BUY COMPANY INC,08651610,49.72000,4049200
85914,20070327,BBY,BEST BUY COMPANY INC,08651610,49.17000,3336000
85914,20070328,BBY,BEST BUY COMPANY INC,08651610,48.77000,6369152
85914,20070329,BBY,BEST BUY COMPANY INC,08651610,48.93000,5229300
85914,20070330,BBY,BEST BUY COMPANY INC,08651610,48.72000,4749492
85914,20070402,BBY,BEST BUY COMPANY INC,08651610,48.48000,4220140
85914,20070403,BBY,BEST BUY COMPANY INC,08651610,49.13000,7357300
85914,20070404,BBY,BEST BUY COMPANY INC,08651610,47.89000,13094700
85914,20070405,BBY,BEST BUY COMPANY INC,08651610,48.45000,6078400
85914,20070409,BBY,BEST BUY COMPANY INC,08651610,48.23000,5039480
85914,20070410,BBY,BEST BUY COMPANY INC,08651610,47.46000,7877056
85914,20070411,BBY,BEST BUY COMPANY INC,08651610,47.12000,7496397
85914,20070412,BBY,BEST BUY COMPANY INC,08651610,46.86000,6205524
85914,20070413,BBY,BEST BUY COMPANY INC,08651610,46.52000,6591210
85914,20070416,BBY,BEST BUY COMPANY INC,08651610,47.87000,7732860
85914,20070417,BBY,BEST BUY COMPANY INC,08651610,48.87000,6655900
85914,20070418,BBY,BEST BUY COMPANY INC,08651610,48.84000,4727700
85914,20070419,BBY,BEST BUY COMPANY INC,08651610,48.40000,4826293
85914,20070420,BBY,BEST BUY COMPANY INC,08651610,48.73000,4368094
85914,20070423,BBY,BEST BUY COMPANY INC,08651610,48.76000,2988402
85914,20070424,BBY,BEST BUY COMPANY INC,08651610,48.44000,4966824
85914,20070425,BBY,BEST BUY COMPANY INC,08651610,48.34000,3466148
85914,20070426,BBY,BEST BUY COMPANY INC,08651610,48.16000,3755442
85914,20070427,BBY,BEST BUY COMPANY INC,08651610,47.42000,4459800
85914,20070430,BBY,BEST BUY COMPANY INC,08651610,46.65000,5916916
85914,20070501,BBY,BEST BUY COMPANY INC,08651610,46.49000,12623990
85914,20070502,BBY,BEST BUY COMPANY INC,08651610,46.61000,4357860
85914,20070503,BBY,BEST BUY COMPANY INC,08651610,46.70000,6590334
85914,20070504,BBY,BEST BUY COMPANY INC,08651610,46.21000,5533270
85914,20070507,BBY,BEST BUY COMPANY INC,08651610,46.74000,3402757
85914,20070508,BBY,BEST BUY COMPANY INC,08651610,46.42000,3879550
85914,20070509,BBY,BEST BUY COMPANY INC,08651610,47.38000,4523303
85914,20070510,BBY,BEST BUY COMPANY INC,08651610,46.47000,5585200
85914,20070511,BBY,BEST BUY COMPANY INC,08651610,46.90000,5819000
85914,20070514,BBY,BEST BUY COMPANY INC,08651610,46.84000,5426400
85914,20070515,BBY,BEST BUY COMPANY INC,08651610,46.93000,5962682
85914,20070516,BBY,BEST BUY COMPANY INC,08651610,47.22000,4505600
85914,20070517,BBY,BEST BUY COMPANY INC,08651610,47.21000,4798401
85914,20070518,BBY,BEST BUY COMPANY INC,08651610,47.87000,5379100
85914,20070521,BBY,BEST BUY COMPANY INC,08651610,47.87000,4622566
85914,20070522,BBY,BEST BUY COMPANY INC,08651610,47.91000,3069700
85914,20070523,BBY,BEST BUY COMPANY INC,08651610,47.53000,3107975
85914,20070524,BBY,BEST BUY COMPANY INC,08651610,46.67000,6225510
85914,20070525,BBY,BEST BUY COMPANY INC,08651610,46.64000,3177488
85914,20070529,BBY,BEST BUY COMPANY INC,08651610,46.78000,3783534
85914,20070530,BBY,BEST BUY COMPANY INC,08651610,46.81000,3956904
85914,20070531,BBY,BEST BUY COMPANY INC,08651610,48.29000,5860045
85914,20070601,BBY,BEST BUY COMPANY INC,08651610,49.08000,5868076
85914,20070604,BBY,BEST BUY COMPANY INC,08651610,49.06000,3917000
85914,20070605,BBY,BEST BUY COMPANY INC,08651610,48.12000,4915547
85914,20070606,BBY,BEST BUY COMPANY INC,08651610,48.44000,5460990
85914,20070607,BBY,BEST BUY COMPANY INC,08651610,47.50000,4643891
85914,20070608,BBY,BEST BUY COMPANY INC,08651610,48.15000,3371000
85914,20070611,BBY,BEST BUY COMPANY INC,08651610,47.46000,4863802
85914,20070612,BBY,BEST BUY COMPANY INC,08651610,47.41000,4349200
85914,20070613,BBY,BEST BUY COMPANY INC,08651610,47.96000,3409100
85914,20070614,BBY,BEST BUY COMPANY INC,08651610,47.79000,3753800
85914,20070615,BBY,BEST BUY COMPANY INC,08651610,47.77000,4855200
85914,20070618,BBY,BEST BUY COMPANY INC,08651610,48.01000,6313560
85914,20070619,BBY,BEST BUY COMPANY INC,08651610,45.18000,33286270
85914,20070620,BBY,BEST BUY COMPANY INC,08651610,44.92000,15871380
85914,20070621,BBY,BEST BUY COMPANY INC,08651610,44.43000,11929220
85914,20070622,BBY,BEST BUY COMPANY INC,08651610,44.79000,10435860
85914,20070625,BBY,BEST BUY COMPANY INC,08651610,45.07000,10695180
85914,20070626,BBY,BEST BUY COMPANY INC,08651610,44.99000,9665300
85914,20070627,BBY,BEST BUY COMPANY INC,08651610,46.67000,16889360
85914,20070628,BBY,BEST BUY COMPANY INC,08651610,46.64000,9293420
85914,20070629,BBY,BEST BUY COMPANY INC,08651610,46.67000,5942718
85914,20070702,BBY,BEST BUY COMPANY INC,08651610,46.94000,6134861
85914,20070703,BBY,BEST BUY COMPANY INC,08651610,47.04000,2124800
85914,20070705,BBY,BEST BUY COMPANY INC,08651610,47.80000,6446400
85914,20070706,BBY,BEST BUY COMPANY INC,08651610,48.30000,5572356
85914,20070709,BBY,BEST BUY COMPANY INC,08651610,48.35000,4531800
85914,20070710,BBY,BEST BUY COMPANY INC,08651610,47.51000,6370898
85914,20070711,BBY,BEST BUY COMPANY INC,08651610,47.46000,5034800
85914,20070712,BBY,BEST BUY COMPANY INC,08651610,48.05000,5358468
85914,20070713,BBY,BEST BUY COMPANY INC,08651610,47.35000,4481984
85914,20070716,BBY,BEST BUY COMPANY INC,08651610,47.17000,4097222
85914,20070717,BBY,BEST BUY COMPANY INC,08651610,46.51000,6556990
85914,20070718,BBY,BEST BUY COMPANY INC,08651610,46.24000,5736800
85914,20070719,BBY,BEST BUY COMPANY INC,08651610,46.83000,4064577
85914,20070720,BBY,BEST BUY COMPANY INC,08651610,46.38000,7294160
85914,20070723,BBY,BEST BUY COMPANY INC,08651610,45.95000,8698300
85914,20070724,BBY,BEST BUY COMPANY INC,08651610,45.35000,7122173
85914,20070725,BBY,BEST BUY COMPANY INC,08651610,45.52000,7900534
85914,20070726,BBY,BEST BUY COMPANY INC,08651610,44.66000,11410250
85914,20070727,BBY,BEST BUY COMPANY INC,08651610,44.21000,8024534
85914,20070730,BBY,BEST BUY COMPANY INC,08651610,44.79000,5932603
85914,20070731,BBY,BEST BUY COMPANY INC,08651610,44.59000,7678898
85914,20070801,BBY,BEST BUY COMPANY INC,08651610,44.24000,11255220
85914,20070802,BBY,BEST BUY COMPANY INC,08651610,44.46000,6491616
85914,20070803,BBY,BEST BUY COMPANY INC,08651610,43.62000,6135536
85914,20070806,BBY,BEST BUY COMPANY INC,08651610,44.42000,8428755
85914,20070807,BBY,BEST BUY COMPANY INC,08651610,44.90000,10099490
85914,20070808,BBY,BEST BUY COMPANY INC,08651610,45.27000,6958095
85914,20070809,BBY,BEST BUY COMPANY INC,08651610,44.93000,8055899
85914,20070810,BBY,BEST BUY COMPANY INC,08651610,45.09000,7414054
85914,20070813,BBY,BEST BUY COMPANY INC,08651610,44.48000,5476300
85914,20070814,BBY,BEST BUY COMPANY INC,08651610,43.60000,8164726
85914,20070815,BBY,BEST BUY COMPANY INC,08651610,43.54000,5407882
85914,20070816,BBY,BEST BUY COMPANY INC,08651610,43.05000,11054540
85914,20070817,BBY,BEST BUY COMPANY INC,08651610,43.67000,7846061
85914,20070820,BBY,BEST BUY COMPANY INC,08651610,43.87000,4696500
85914,20070821,BBY,BEST BUY COMPANY INC,08651610,44.09000,4192077
85914,20070822,BBY,BEST BUY COMPANY INC,08651610,44.34000,4242400
85914,20070823,BBY,BEST BUY COMPANY INC,08651610,44.04000,4489000
85914,20070824,BBY,BEST BUY COMPANY INC,08651610,44.04000,4547700
85914,20070827,BBY,BEST BUY COMPANY INC,08651610,43.72000,4301915
85914,20070828,BBY,BEST BUY COMPANY INC,08651610,43.12000,4672100
85914,20070829,BBY,BEST BUY COMPANY INC,08651610,43.97000,4455400
85914,20070830,BBY,BEST BUY COMPANY INC,08651610,43.69000,4753100
85914,20070831,BBY,BEST BUY COMPANY INC,08651610,43.95000,4279500
85914,20070904,BBY,BEST BUY COMPANY INC,08651610,43.94000,5021500
85914,20070905,BBY,BEST BUY COMPANY INC,08651610,43.26000,7234350
85914,20070906,BBY,BEST BUY COMPANY INC,08651610,43.21000,4142100
85914,20070907,BBY,BEST BUY COMPANY INC,08651610,42.85000,5801800
85914,20070910,BBY,BEST BUY COMPANY INC,08651610,42.69000,4939300
85914,20070911,BBY,BEST BUY COMPANY INC,08651610,42.86000,5505800
85914,20070912,BBY,BEST BUY COMPANY INC,08651610,42.93000,5534400
85914,20070913,BBY,BEST BUY COMPANY INC,08651610,43.46000,6835860
85914,20070914,BBY,BEST BUY COMPANY INC,08651610,44.08000,7956100
85914,20070917,BBY,BEST BUY COMPANY INC,08651610,44.54000,7874952
85914,20070918,BBY,BEST BUY COMPANY INC,08651610,47.46000,24382390
85914,20070919,BBY,BEST BUY COMPANY INC,08651610,47.47000,10907150
85914,20070920,BBY,BEST BUY COMPANY INC,08651610,46.44000,8333166
85914,20070921,BBY,BEST BUY COMPANY INC,08651610,46.76000,5501500
85914,20070924,BBY,BEST BUY COMPANY INC,08651610,46.23000,4872500
85914,20070925,BBY,BEST BUY COMPANY INC,08651610,46.01000,6061093
85914,20070926,BBY,BEST BUY COMPANY INC,08651610,46.32000,4160200
85914,20070927,BBY,BEST BUY COMPANY INC,08651610,46.20000,3173300
85914,20070928,BBY,BEST BUY COMPANY INC,08651610,46.02000,5116100
85914,20071001,BBY,BEST BUY COMPANY INC,08651610,46.94000,6003700
85914,20071002,BBY,BEST BUY COMPANY INC,08651610,47.53000,5558900
85914,20071003,BBY,BEST BUY COMPANY INC,08651610,48.53000,9319940
85914,20071004,BBY,BEST BUY COMPANY INC,08651610,48.46000,4624001
85914,20071005,BBY,BEST BUY COMPANY INC,08651610,49.15000,6651900
85914,20071008,BBY,BEST BUY COMPANY INC,08651610,49.42000,4512600
85914,20071009,BBY,BEST BUY COMPANY INC,08651610,49.78000,4535300
85914,20071010,BBY,BEST BUY COMPANY INC,08651610,49.44000,4977600
85914,20071011,BBY,BEST BUY COMPANY INC,08651610,49.66000,7757253
85914,20071012,BBY,BEST BUY COMPANY INC,08651610,49.71000,5083272
85914,20071015,BBY,BEST BUY COMPANY INC,08651610,49.25000,5311028
85914,20071016,BBY,BEST BUY COMPANY INC,08651610,48.63000,5544169
85914,20071017,BBY,BEST BUY COMPANY INC,08651610,48.67000,5452809
85914,20071018,BBY,BEST BUY COMPANY INC,08651610,47.84000,5525800
85914,20071019,BBY,BEST BUY COMPANY INC,08651610,46.96000,7276500
85914,20071022,BBY,BEST BUY COMPANY INC,08651610,47.02000,4319000
85914,20071023,BBY,BEST BUY COMPANY INC,08651610,47.31000,6087500
85914,20071024,BBY,BEST BUY COMPANY INC,08651610,47.66000,6063070
85914,20071025,BBY,BEST BUY COMPANY INC,08651610,47.93000,4711979
85914,20071026,BBY,BEST BUY COMPANY INC,08651610,48.29000,3481300
85914,20071029,BBY,BEST BUY COMPANY INC,08651610,48.91000,4522800
85914,20071030,BBY,BEST BUY COMPANY INC,08651610,48.94000,4695900
85914,20071031,BBY,BEST BUY COMPANY INC,08651610,48.52000,12669800
85914,20071101,BBY,BEST BUY COMPANY INC,08651610,47.17000,7152600
85914,20071102,BBY,BEST BUY COMPANY INC,08651610,47.24000,5522900
85914,20071105,BBY,BEST BUY COMPANY INC,08651610,46.72000,5142649
85914,20071106,BBY,BEST BUY COMPANY INC,08651610,47.08000,5951295
85914,20071107,BBY,BEST BUY COMPANY INC,08651610,46.32000,4910288
85914,20071108,BBY,BEST BUY COMPANY INC,08651610,46.50000,7366232
85914,20071109,BBY,BEST BUY COMPANY INC,08651610,45.02000,10429260
85914,20071112,BBY,BEST BUY COMPANY INC,08651610,45.57000,5604068
85914,20071113,BBY,BEST BUY COMPANY INC,08651610,46.85000,9773157
85914,20071114,BBY,BEST BUY COMPANY INC,08651610,46.82000,7981382
85914,20071115,BBY,BEST BUY COMPANY INC,08651610,46.34000,5874892
85914,20071116,BBY,BEST BUY COMPANY INC,08651610,46.84000,4827374
85914,20071119,BBY,BEST BUY COMPANY INC,08651610,46.53000,6618072
85914,20071120,BBY,BEST BUY COMPANY INC,08651610,47.36000,10702830
85914,20071121,BBY,BEST BUY COMPANY INC,08651610,47.60000,7096956
85914,20071123,BBY,BEST BUY COMPANY INC,08651610,48.02000,4658517
85914,20071126,BBY,BEST BUY COMPANY INC,08651610,48.25000,10831290
85914,20071127,BBY,BEST BUY COMPANY INC,08651610,49.10000,7563089
85914,20071128,BBY,BEST BUY COMPANY INC,08651610,50.58000,10069430
85914,20071129,BBY,BEST BUY COMPANY INC,08651610,50.50000,6086514
85914,20071130,BBY,BEST BUY COMPANY INC,08651610,51.05000,7869616
85914,20071203,BBY,BEST BUY COMPANY INC,08651610,51.73000,6773300
85914,20071204,BBY,BEST BUY COMPANY INC,08651610,51.07000,6425200
85914,20071205,BBY,BEST BUY COMPANY INC,08651610,51.82000,5776800
85914,20071206,BBY,BEST BUY COMPANY INC,08651610,52.71000,6572100
85914,20071207,BBY,BEST BUY COMPANY INC,08651610,52.71000,4809600
85914,20071210,BBY,BEST BUY COMPANY INC,08651610,52.91000,3880500
85914,20071211,BBY,BEST BUY COMPANY INC,08651610,50.97000,10537700
85914,20071212,BBY,BEST BUY COMPANY INC,08651610,50.84000,11336800
85914,20071213,BBY,BEST BUY COMPANY INC,08651610,51.63000,8519000
85914,20071214,BBY,BEST BUY COMPANY INC,08651610,50.34000,5811800
85914,20071217,BBY,BEST BUY COMPANY INC,08651610,51.14000,10648300
85914,20071218,BBY,BEST BUY COMPANY INC,08651610,51.62000,23716200
85914,20071219,BBY,BEST BUY COMPANY INC,08651610,51.20000,6612100
85914,20071220,BBY,BEST BUY COMPANY INC,08651610,51.67000,5859000
85914,20071221,BBY,BEST BUY COMPANY INC,08651610,52.48000,9107200
85914,20071224,BBY,BEST BUY COMPANY INC,08651610,53.32000,2978500
85914,20071226,BBY,BEST BUY COMPANY INC,08651610,53.38000,3248500
85914,20071227,BBY,BEST BUY COMPANY INC,08651610,52.49000,3401500
85914,20071228,BBY,BEST BUY COMPANY INC,08651610,52.29000,3278900
85914,20071231,BBY,BEST BUY COMPANY INC,08651610,52.65000,3247100
85914,20080102,BBY,BEST BUY COMPANY INC,08651610,51.22000,6365600
85914,20080103,BBY,BEST BUY COMPANY INC,08651610,49.24000,12793900
85914,20080104,BBY,BEST BUY COMPANY INC,08651610,47.61000,10686000
85914,20080107,BBY,BEST BUY COMPANY INC,08651610,47.14000,9989400
85914,20080108,BBY,BEST BUY COMPANY INC,08651610,45.64000,13737700
85914,20080109,BBY,BEST BUY COMPANY INC,08651610,46.43000,12515000
85914,20080110,BBY,BEST BUY COMPANY INC,08651610,46.57000,10366200
85914,20080111,BBY,BEST BUY COMPANY INC,08651610,44.20000,13387700
85914,20080114,BBY,BEST BUY COMPANY INC,08651610,44.77000,9230900
85914,20080115,BBY,BEST BUY COMPANY INC,08651610,44.10000,9967400
85914,20080116,BBY,BEST BUY COMPANY INC,08651610,45.04000,13429700
85914,20080117,BBY,BEST BUY COMPANY INC,08651610,43.89000,10499400
85914,20080118,BBY,BEST BUY COMPANY INC,08651610,44.25000,11161300
85914,20080122,BBY,BEST BUY COMPANY INC,08651610,45.30000,11399800
85914,20080123,BBY,BEST BUY COMPANY INC,08651610,46.85000,11778800
85914,20080124,BBY,BEST BUY COMPANY INC,08651610,47.00000,8687500
85914,20080125,BBY,BEST BUY COMPANY INC,08651610,45.28000,7536600
85914,20080128,BBY,BEST BUY COMPANY INC,08651610,48.06000,9878900
85914,20080129,BBY,BEST BUY COMPANY INC,08651610,48.95000,7586700
85914,20080130,BBY,BEST BUY COMPANY INC,08651610,47.28000,10134000
85914,20080131,BBY,BEST BUY COMPANY INC,08651610,48.73000,11496300
85914,20080201,BBY,BEST BUY COMPANY INC,08651610,48.47000,7129200
85914,20080204,BBY,BEST BUY COMPANY INC,08651610,48.46000,8469900
85914,20080205,BBY,BEST BUY COMPANY INC,08651610,46.17000,9419600
85914,20080206,BBY,BEST BUY COMPANY INC,08651610,46.28000,7039700
85914,20080207,BBY,BEST BUY COMPANY INC,08651610,47.22000,8777500
85914,20080208,BBY,BEST BUY COMPANY INC,08651610,46.70000,5734100
85914,20080211,BBY,BEST BUY COMPANY INC,08651610,47.37000,5888900
85914,20080212,BBY,BEST BUY COMPANY INC,08651610,46.90000,6611600
85914,20080213,BBY,BEST BUY COMPANY INC,08651610,46.58000,9038700
85914,20080214,BBY,BEST BUY COMPANY INC,08651610,45.77000,6498500
85914,20080215,BBY,BEST BUY COMPANY INC,08651610,44.62000,20058800
85914,20080219,BBY,BEST BUY COMPANY INC,08651610,44.01000,9505400
85914,20080220,BBY,BEST BUY COMPANY INC,08651610,44.56000,7055700
85914,20080221,BBY,BEST BUY COMPANY INC,08651610,43.75000,6323500
85914,20080222,BBY,BEST BUY COMPANY INC,08651610,44.22000,7365500
85914,20080225,BBY,BEST BUY COMPANY INC,08651610,45.14000,8082400
85914,20080226,BBY,BEST BUY COMPANY INC,08651610,46.50000,11718100
85914,20080227,BBY,BEST BUY COMPANY INC,08651610,46.58000,5430100
85914,20080228,BBY,BEST BUY COMPANY INC,08651610,44.82000,6145000
85914,20080229,BBY,BEST BUY COMPANY INC,08651610,43.01000,6874600
85914,20080303,BBY,BEST BUY COMPANY INC,08651610,43.28000,9178600
85914,20080304,BBY,BEST BUY COMPANY INC,08651610,42.60000,16428000
85914,20080305,BBY,BEST BUY COMPANY INC,08651610,42.80000,5019600
85914,20080306,BBY,BEST BUY COMPANY INC,08651610,40.84000,8427600
85914,20080307,BBY,BEST BUY COMPANY INC,08651610,39.87000,9951900
85914,20080310,BBY,BEST BUY COMPANY INC,08651610,39.76000,6690800
85914,20080311,BBY,BEST BUY COMPANY INC,08651610,41.38000,7136400
85914,20080312,BBY,BEST BUY COMPANY INC,08651610,40.35000,5569400
85914,20080313,BBY,BEST BUY COMPANY INC,08651610,40.61000,5959200
85914,20080314,BBY,BEST BUY COMPANY INC,08651610,40.01000,5402500
85914,20080317,BBY,BEST BUY COMPANY INC,08651610,39.43000,7331500
85914,20080318,BBY,BEST BUY COMPANY INC,08651610,41.11000,8159000
85914,20080319,BBY,BEST BUY COMPANY INC,08651610,40.47000,5046200
85914,20080320,BBY,BEST BUY COMPANY INC,08651610,42.41000,8604800
85914,20080324,BBY,BEST BUY COMPANY INC,08651610,43.27000,8570300
85914,20080325,BBY,BEST BUY COMPANY INC,08651610,42.79000,5739200
85914,20080326,BBY,BEST BUY COMPANY INC,08651610,42.28000,7180000
85914,20080327,BBY,BEST BUY COMPANY INC,08651610,42.27000,8339700
85914,20080328,BBY,BEST BUY COMPANY INC,08651610,40.56000,8415800
85914,20080331,BBY,BEST BUY COMPANY INC,08651610,41.46000,6794100
85914,20080401,BBY,BEST BUY COMPANY INC,08651610,43.47000,9509700
85914,20080402,BBY,BEST BUY COMPANY INC,08651610,43.94000,19601800
85914,20080403,BBY,BEST BUY COMPANY INC,08651610,42.53000,9716900
85914,20080404,BBY,BEST BUY COMPANY INC,08651610,42.89000,5953800
85914,20080407,BBY,BEST BUY COMPANY INC,08651610,42.53000,3838000
85914,20080408,BBY,BEST BUY COMPANY INC,08651610,42.19000,4131600
85914,20080409,BBY,BEST BUY COMPANY INC,08651610,41.27000,4880500
85914,20080410,BBY,BEST BUY COMPANY INC,08651610,42.09000,5040700
85914,20080411,BBY,BEST BUY COMPANY INC,08651610,41.18000,4210000
85914,20080414,BBY,BEST BUY COMPANY INC,08651610,41.03000,5092700
85914,20080415,BBY,BEST BUY COMPANY INC,08651610,41.76000,4661200
85914,20080416,BBY,BEST BUY COMPANY INC,08651610,42.79000,4505300
85914,20080417,BBY,BEST BUY COMPANY INC,08651610,42.49000,3729500
85914,20080418,BBY,BEST BUY COMPANY INC,08651610,43.83000,7586800
85914,20080421,BBY,BEST BUY COMPANY INC,08651610,43.77000,4815000
85914,20080422,BBY,BEST BUY COMPANY INC,08651610,42.37000,4580400
85914,20080423,BBY,BEST BUY COMPANY INC,08651610,43.51000,5187100
85914,20080424,BBY,BEST BUY COMPANY INC,08651610,43.95000,6746000
85914,20080425,BBY,BEST BUY COMPANY INC,08651610,45.09000,6119500
85914,20080428,BBY,BEST BUY COMPANY INC,08651610,45.32000,5979100
85914,20080429,BBY,BEST BUY COMPANY INC,08651610,44.38000,6272100
85914,20080430,BBY,BEST BUY COMPANY INC,08651610,43.02000,5339100
85914,20080501,BBY,BEST BUY COMPANY INC,08651610,44.80000,5777400
85914,20080502,BBY,BEST BUY COMPANY INC,08651610,44.92000,6404500
85914,20080505,BBY,BEST BUY COMPANY INC,08651610,43.86000,4779900
85914,20080506,BBY,BEST BUY COMPANY INC,08651610,44.44000,4227000
85914,20080507,BBY,BEST BUY COMPANY INC,08651610,43.45000,4676700
85914,20080508,BBY,BEST BUY COMPANY INC,08651610,42.05000,8978600
85914,20080509,BBY,BEST BUY COMPANY INC,08651610,41.93000,4611000
85914,20080512,BBY,BEST BUY COMPANY INC,08651610,43.67000,6032600
85914,20080513,BBY,BEST BUY COMPANY INC,08651610,43.63000,4301200
85914,20080514,BBY,BEST BUY COMPANY INC,08651610,44.88000,5061700
85914,20080515,BBY,BEST BUY COMPANY INC,08651610,45.26000,4659400
85914,20080516,BBY,BEST BUY COMPANY INC,08651610,45.02000,4616400
85914,20080519,BBY,BEST BUY COMPANY INC,08651610,44.08000,4288900
85914,20080520,BBY,BEST BUY COMPANY INC,08651610,43.34000,5174000
85914,20080521,BBY,BEST BUY COMPANY INC,08651610,42.62000,6148500
85914,20080522,BBY,BEST BUY COMPANY INC,08651610,42.81000,5161600
85914,20080523,BBY,BEST BUY COMPANY INC,08651610,43.30000,5735200
85914,20080527,BBY,BEST BUY COMPANY INC,08651610,43.25000,5646200
85914,20080528,BBY,BEST BUY COMPANY INC,08651610,44.00000,5761000
85914,20080529,BBY,BEST BUY COMPANY INC,08651610,46.12000,12844000
85914,20080530,BBY,BEST BUY COMPANY INC,08651610,46.69000,5754100
85914,20080602,BBY,BEST BUY COMPANY INC,08651610,46.07000,7281600
85914,20080603,BBY,BEST BUY COMPANY INC,08651610,45.84000,6148200
85914,20080604,BBY,BEST BUY COMPANY INC,08651610,46.49000,5989100
85914,20080605,BBY,BEST BUY COMPANY INC,08651610,47.52000,8251200
85914,20080606,BBY,BEST BUY COMPANY INC,08651610,44.38000,10729600
85914,20080609,BBY,BEST BUY COMPANY INC,08651610,44.18000,7916700
85914,20080610,BBY,BEST BUY COMPANY INC,08651610,45.07000,7338500
85914,20080611,BBY,BEST BUY COMPANY INC,08651610,43.46000,6370200
85914,20080612,BBY,BEST BUY COMPANY INC,08651610,44.16000,5889300
85914,20080613,BBY,BEST BUY COMPANY INC,08651610,45.70000,6828400
85914,20080616,BBY,BEST BUY COMPANY INC,08651610,45.88000,8616700
85914,20080617,BBY,BEST BUY COMPANY INC,08651610,43.46000,18901300
85914,20080618,BBY,BEST BUY COMPANY INC,08651610,42.74000,9296600
85914,20080619,BBY,BEST BUY COMPANY INC,08651610,43.51000,6253300
85914,20080620,BBY,BEST BUY COMPANY INC,08651610,42.07000,7709800
85914,20080623,BBY,BEST BUY COMPANY INC,08651610,41.17000,6716200
85914,20080624,BBY,BEST BUY COMPANY INC,08651610,41.02000,7212200
85914,20080625,BBY,BEST BUY COMPANY INC,08651610,41.65000,7487700
85914,20080626,BBY,BEST BUY COMPANY INC,08651610,40.09000,8031700
85914,20080627,BBY,BEST BUY COMPANY INC,08651610,40.05000,5593800
85914,20080630,BBY,BEST BUY COMPANY INC,08651610,39.60000,6310800
85914,20080701,BBY,BEST BUY COMPANY INC,08651610,39.94000,5583000
85914,20080702,BBY,BEST BUY COMPANY INC,08651610,39.65000,6782900
85914,20080703,BBY,BEST BUY COMPANY INC,08651610,39.59000,3678800
85914,20080707,BBY,BEST BUY COMPANY INC,08651610,39.25000,7050300
85914,20080708,BBY,BEST BUY COMPANY INC,08651610,40.80000,7326800
85914,20080709,BBY,BEST BUY COMPANY INC,08651610,39.85000,8102400
85914,20080710,BBY,BEST BUY COMPANY INC,08651610,38.56000,10098500
85914,20080711,BBY,BEST BUY COMPANY INC,08651610,37.61000,9427500
85914,20080714,BBY,BEST BUY COMPANY INC,08651610,37.32000,5631300
85914,20080715,BBY,BEST BUY COMPANY INC,08651610,37.22000,8142300
85914,20080716,BBY,BEST BUY COMPANY INC,08651610,38.97000,9856300
85914,20080717,BBY,BEST BUY COMPANY INC,08651610,39.38000,7303400
85914,20080718,BBY,BEST BUY COMPANY INC,08651610,39.00000,6598400
85914,20080721,BBY,BEST BUY COMPANY INC,08651610,38.36000,3863000
85914,20080722,BBY,BEST BUY COMPANY INC,08651610,39.10000,5544800
85914,20080723,BBY,BEST BUY COMPANY INC,08651610,39.71000,6733100
85914,20080724,BBY,BEST BUY COMPANY INC,08651610,38.58000,4748700
85914,20080725,BBY,BEST BUY COMPANY INC,08651610,38.29000,5218200
85914,20080728,BBY,BEST BUY COMPANY INC,08651610,38.76000,5817300
85914,20080729,BBY,BEST BUY COMPANY INC,08651610,40.46000,7087200
85914,20080730,BBY,BEST BUY COMPANY INC,08651610,40.39000,5545900
85914,20080731,BBY,BEST BUY COMPANY INC,08651610,39.72000,6232500
85914,20080801,BBY,BEST BUY COMPANY INC,08651610,39.75000,3991000
85914,20080804,BBY,BEST BUY COMPANY INC,08651610,39.79000,4409300
85914,20080805,BBY,BEST BUY COMPANY INC,08651610,41.19000,6246300
85914,20080806,BBY,BEST BUY COMPANY INC,08651610,41.44000,4477500
85914,20080807,BBY,BEST BUY COMPANY INC,08651610,40.43000,5167500
85914,20080808,BBY,BEST BUY COMPANY INC,08651610,42.78000,7849300
85914,20080811,BBY,BEST BUY COMPANY INC,08651610,44.40000,14095300
85914,20080812,BBY,BEST BUY COMPANY INC,08651610,44.91000,9355800
85914,20080813,BBY,BEST BUY COMPANY INC,08651610,45.38000,11464700
85914,20080814,BBY,BEST BUY COMPANY INC,08651610,45.82000,8404500
85914,20080815,BBY,BEST BUY COMPANY INC,08651610,46.84000,7882500
85914,20080818,BBY,BEST BUY COMPANY INC,08651610,46.08000,5710200
85914,20080819,BBY,BEST BUY COMPANY INC,08651610,44.80000,6737700
85914,20080820,BBY,BEST BUY COMPANY INC,08651610,44.25000,8450800
85914,20080821,BBY,BEST BUY COMPANY INC,08651610,44.34000,4265800
85914,20080822,BBY,BEST BUY COMPANY INC,08651610,45.14000,4645400
85914,20080825,BBY,BEST BUY COMPANY INC,08651610,44.22000,4840500
85914,20080826,BBY,BEST BUY COMPANY INC,08651610,44.20000,4720100
85914,20080827,BBY,BEST BUY COMPANY INC,08651610,44.26000,3323300
85914,20080828,BBY,BEST BUY COMPANY INC,08651610,45.40000,4395300
85914,20080829,BBY,BEST BUY COMPANY INC,08651610,44.77000,3740700
85914,20080902,BBY,BEST BUY COMPANY INC,08651610,45.79000,6437300
85914,20080903,BBY,BEST BUY COMPANY INC,08651610,46.00000,8649800
85914,20080904,BBY,BEST BUY COMPANY INC,08651610,44.98000,7663900
85914,20080905,BBY,BEST BUY COMPANY INC,08651610,44.92000,7182000
85914,20080908,BBY,BEST BUY COMPANY INC,08651610,46.93000,9333400
85914,20080909,BBY,BEST BUY COMPANY INC,08651610,44.80000,10193700
85914,20080910,BBY,BEST BUY COMPANY INC,08651610,45.21000,6558700
85914,20080911,BBY,BEST BUY COMPANY INC,08651610,46.00000,8753000
85914,20080912,BBY,BEST BUY COMPANY INC,08651610,44.49000,10369900
85914,20080915,BBY,BEST BUY COMPANY INC,08651610,43.70000,9711900
85914,20080916,BBY,BEST BUY COMPANY INC,08651610,42.40000,20077200
85914,20080917,BBY,BEST BUY COMPANY INC,08651610,39.79000,13275700
85914,20080918,BBY,BEST BUY COMPANY INC,08651610,41.23000,12854600
85914,20080919,BBY,BEST BUY COMPANY INC,08651610,41.49000,12933200
85914,20080922,BBY,BEST BUY COMPANY INC,08651610,39.26000,9693400
85914,20080923,BBY,BEST BUY COMPANY INC,08651610,37.87000,9481800
85914,20080924,BBY,BEST BUY COMPANY INC,08651610,38.11000,8158600
85914,20080925,BBY,BEST BUY COMPANY INC,08651610,38.72000,9052100
85914,20080926,BBY,BEST BUY COMPANY INC,08651610,39.12000,6296700
85914,20080929,BBY,BEST BUY COMPANY INC,08651610,36.58000,9699300
85914,20080930,BBY,BEST BUY COMPANY INC,08651610,37.50000,6603800
85914,20081001,BBY,BEST BUY COMPANY INC,08651610,36.52000,6791700
85914,20081002,BBY,BEST BUY COMPANY INC,08651610,34.40000,8065600
85914,20081003,BBY,BEST BUY COMPANY INC,08651610,33.68000,6768500
85914,20081006,BBY,BEST BUY COMPANY INC,08651610,32.41000,11934500
85914,20081007,BBY,BEST BUY COMPANY INC,08651610,30.34000,10682000
85914,20081008,BBY,BEST BUY COMPANY INC,08651610,29.06000,16807300
85914,20081009,BBY,BEST BUY COMPANY INC,08651610,26.31000,12418500
85914,20081010,BBY,BEST BUY COMPANY INC,08651610,25.75000,15751700
85914,20081013,BBY,BEST BUY COMPANY INC,08651610,27.13000,11508100
85914,20081014,BBY,BEST BUY COMPANY INC,08651610,27.06000,12231500
85914,20081015,BBY,BEST BUY COMPANY INC,08651610,24.58000,10920200
85914,20081016,BBY,BEST BUY COMPANY INC,08651610,25.07000,13384100
85914,20081017,BBY,BEST BUY COMPANY INC,08651610,24.75000,6089700
85914,20081020,BBY,BEST BUY COMPANY INC,08651610,25.01000,11115200
85914,20081021,BBY,BEST BUY COMPANY INC,08651610,24.53000,7636000
85914,20081022,BBY,BEST BUY COMPANY INC,08651610,22.86000,7831700
85914,20081023,BBY,BEST BUY COMPANY INC,08651610,22.33000,10986200
85914,20081024,BBY,BEST BUY COMPANY INC,08651610,22.51000,10032300
85914,20081027,BBY,BEST BUY COMPANY INC,08651610,21.51000,7957600
85914,20081028,BBY,BEST BUY COMPANY INC,08651610,24.00000,15288100
85914,20081029,BBY,BEST BUY COMPANY INC,08651610,23.15000,16037400
85914,20081030,BBY,BEST BUY COMPANY INC,08651610,24.61000,7520700
85914,20081031,BBY,BEST BUY COMPANY INC,08651610,26.88000,12229000
85914,20081103,BBY,BEST BUY COMPANY INC,08651610,27.76000,10533500
85914,20081104,BBY,BEST BUY COMPANY INC,08651610,27.48000,10116800
85914,20081105,BBY,BEST BUY COMPANY INC,08651610,26.60000,8572900
85914,20081106,BBY,BEST BUY COMPANY INC,08651610,25.76000,11408500
85914,20081107,BBY,BEST BUY COMPANY INC,08651610,25.59000,5761500
85914,20081110,BBY,BEST BUY COMPANY INC,08651610,25.21000,7711300
85914,20081111,BBY,BEST BUY COMPANY INC,08651610,23.88000,7681600
85914,20081112,BBY,BEST BUY COMPANY INC,08651610,21.97000,26040100
85914,20081113,BBY,BEST BUY COMPANY INC,08651610,23.59000,14003100
85914,20081114,BBY,BEST BUY COMPANY INC,08651610,22.06000,8688300
85914,20081117,BBY,BEST BUY COMPANY INC,08651610,20.77000,9042300
85914,20081118,BBY,BEST BUY COMPANY INC,08651610,20.97000,9304700
85914,20081119,BBY,BEST BUY COMPANY INC,08651610,18.58000,19754800
85914,20081120,BBY,BEST BUY COMPANY INC,08651610,17.42000,11591400
85914,20081121,BBY,BEST BUY COMPANY INC,08651610,17.63000,13314300
85914,20081124,BBY,BEST BUY COMPANY INC,08651610,19.89000,14063900
85914,20081125,BBY,BEST BUY COMPANY INC,08651610,20.00000,10649800
85914,20081126,BBY,BEST BUY COMPANY INC,08651610,21.08000,7746300
85914,20081128,BBY,BEST BUY COMPANY INC,08651610,20.71000,3514800
85914,20081201,BBY,BEST BUY COMPANY INC,08651610,19.02000,8982200
85914,20081202,BBY,BEST BUY COMPANY INC,08651610,19.95000,10680900
85914,20081203,BBY,BEST BUY COMPANY INC,08651610,21.15000,8607200
85914,20081204,BBY,BEST BUY COMPANY INC,08651610,22.14000,12448600
85914,20081205,BBY,BEST BUY COMPANY INC,08651610,23.05000,6860800
85914,20081208,BBY,BEST BUY COMPANY INC,08651610,24.28000,9312300
85914,20081209,BBY,BEST BUY COMPANY INC,08651610,23.75000,10186000
85914,20081210,BBY,BEST BUY COMPANY INC,08651610,24.82000,7978100
85914,20081211,BBY,BEST BUY COMPANY INC,08651610,24.10000,7425600
85914,20081212,BBY,BEST BUY COMPANY INC,08651610,24.42000,7883000
85914,20081215,BBY,BEST BUY COMPANY INC,08651610,23.47000,9457900
85914,20081216,BBY,BEST BUY COMPANY INC,08651610,27.68000,26805600
85914,20081217,BBY,BEST BUY COMPANY INC,08651610,28.58000,9162100
85914,20081218,BBY,BEST BUY COMPANY INC,08651610,28.29000,8998800
85914,20081219,BBY,BEST BUY COMPANY INC,08651610,28.10000,7937200
85914,20081222,BBY,BEST BUY COMPANY INC,08651610,27.31000,6652400
85914,20081223,BBY,BEST BUY COMPANY INC,08651610,26.46000,5384800
85914,20081224,BBY,BEST BUY COMPANY INC,08651610,26.70000,1537700
85914,20081226,BBY,BEST BUY COMPANY INC,08651610,26.70000,1697400
85914,20081229,BBY,BEST BUY COMPANY INC,08651610,26.34000,3526100
85914,20081230,BBY,BEST BUY COMPANY INC,08651610,27.75000,5003900
85914,20081231,BBY,BEST BUY COMPANY INC,08651610,28.11000,4720200
85914,20090102,BBY,BEST BUY COMPANY INC,08651610,29.02000,5387600
85914,20090105,BBY,BEST BUY COMPANY INC,08651610,30.00000,9102700
85914,20090106,BBY,BEST BUY COMPANY INC,08651610,31.25000,9278100
85914,20090107,BBY,BEST BUY COMPANY INC,08651610,29.55000,7594300
85914,20090108,BBY,BEST BUY COMPANY INC,08651610,29.65000,7996100
85914,20090109,BBY,BEST BUY COMPANY INC,08651610,28.08000,10109800
85914,20090112,BBY,BEST BUY COMPANY INC,08651610,27.56000,7604600
85914,20090113,BBY,BEST BUY COMPANY INC,08651610,27.03000,6989800
85914,20090114,BBY,BEST BUY COMPANY INC,08651610,26.12000,9707700
85914,20090115,BBY,BEST BUY COMPANY INC,08651610,27.14000,9645900
85914,20090116,BBY,BEST BUY COMPANY INC,08651610,29.34000,20779200
85914,20090120,BBY,BEST BUY COMPANY INC,08651610,27.23000,14217200
85914,20090121,BBY,BEST BUY COMPANY INC,08651610,27.31000,10407000
85914,20090122,BBY,BEST BUY COMPANY INC,08651610,27.24000,10865100
85914,20090123,BBY,BEST BUY COMPANY INC,08651610,27.65000,8324500
85914,20090126,BBY,BEST BUY COMPANY INC,08651610,28.22000,7427800
85914,20090127,BBY,BEST BUY COMPANY INC,08651610,28.26000,8544400
85914,20090128,BBY,BEST BUY COMPANY INC,08651610,30.26000,12148300
85914,20090129,BBY,BEST BUY COMPANY INC,08651610,29.16000,6724300
85914,20090130,BBY,BEST BUY COMPANY INC,08651610,28.02000,6308500
85914,20090202,BBY,BEST BUY COMPANY INC,08651610,27.29000,8259300
85914,20090203,BBY,BEST BUY COMPANY INC,08651610,28.56000,7914900
85914,20090204,BBY,BEST BUY COMPANY INC,08651610,28.01000,8473000
85914,20090205,BBY,BEST BUY COMPANY INC,08651610,29.35000,10680300
85914,20090206,BBY,BEST BUY COMPANY INC,08651610,29.84000,6626200
85914,20090209,BBY,BEST BUY COMPANY INC,08651610,30.14000,5746900
85914,20090210,BBY,BEST BUY COMPANY INC,08651610,28.70000,7190600
85914,20090211,BBY,BEST BUY COMPANY INC,08651610,29.19000,7337500
85914,20090212,BBY,BEST BUY COMPANY INC,08651610,30.23000,12736300
85914,20090213,BBY,BEST BUY COMPANY INC,08651610,30.35000,8519500
85914,20090217,BBY,BEST BUY COMPANY INC,08651610,28.17000,13078600
85914,20090218,BBY,BEST BUY COMPANY INC,08651610,27.72000,9324600
85914,20090219,BBY,BEST BUY COMPANY INC,08651610,27.89000,9845200
85914,20090220,BBY,BEST BUY COMPANY INC,08651610,27.90000,12133600
85914,20090223,BBY,BEST BUY COMPANY INC,08651610,27.58000,10058000
85914,20090224,BBY,BEST BUY COMPANY INC,08651610,27.88000,16269900
85914,20090225,BBY,BEST BUY COMPANY INC,08651610,28.20000,10746000
85914,20090226,BBY,BEST BUY COMPANY INC,08651610,28.76000,10459600
85914,20090227,BBY,BEST BUY COMPANY INC,08651610,28.82000,11116300
85914,20090302,BBY,BEST BUY COMPANY INC,08651610,26.82000,12475400
85914,20090303,BBY,BEST BUY COMPANY INC,08651610,26.94000,15295700
85914,20090304,BBY,BEST BUY COMPANY INC,08651610,27.64000,10940600
85914,20090305,BBY,BEST BUY COMPANY INC,08651610,26.02000,12067600
85914,20090306,BBY,BEST BUY COMPANY INC,08651610,24.71000,14203700
85914,20090309,BBY,BEST BUY COMPANY INC,08651610,24.73000,11225100
85914,20090310,BBY,BEST BUY COMPANY INC,08651610,28.07000,16197600
85914,20090311,BBY,BEST BUY COMPANY INC,08651610,28.33000,12160600
85914,20090312,BBY,BEST BUY COMPANY INC,08651610,29.50000,10816300
85914,20090313,BBY,BEST BUY COMPANY INC,08651610,29.69000,8968700
85914,20090316,BBY,BEST BUY COMPANY INC,08651610,29.15000,8457400
85914,20090317,BBY,BEST BUY COMPANY INC,08651610,31.73000,17208600
85914,20090318,BBY,BEST BUY COMPANY INC,08651610,32.73000,12605500
85914,20090319,BBY,BEST BUY COMPANY INC,08651610,33.58000,12113400
85914,20090320,BBY,BEST BUY COMPANY INC,08651610,32.30000,10415200
85914,20090323,BBY,BEST BUY COMPANY INC,08651610,34.10000,9990900
85914,20090324,BBY,BEST BUY COMPANY INC,08651610,33.24000,10244600
85914,20090325,BBY,BEST BUY COMPANY INC,08651610,33.46000,12373600
85914,20090326,BBY,BEST BUY COMPANY INC,08651610,37.67000,35106300
85914,20090327,BBY,BEST BUY COMPANY INC,08651610,38.04000,11693300
85914,20090330,BBY,BEST BUY COMPANY INC,08651610,36.97000,8896900
85914,20090331,BBY,BEST BUY COMPANY INC,08651610,37.96000,11342300
85914,20090401,BBY,BEST BUY COMPANY INC,08651610,38.97000,8832300
85914,20090402,BBY,BEST BUY COMPANY INC,08651610,39.88000,13794000
85914,20090403,BBY,BEST BUY COMPANY INC,08651610,40.26000,8273700
85914,20090406,BBY,BEST BUY COMPANY INC,08651610,39.02000,7653700
85914,20090407,BBY,BEST BUY COMPANY INC,08651610,38.13000,6184800
85914,20090408,BBY,BEST BUY COMPANY INC,08651610,39.45000,8955400
85914,20090409,BBY,BEST BUY COMPANY INC,08651610,41.09000,9773600
85914,20090413,BBY,BEST BUY COMPANY INC,08651610,41.05000,6018800
85914,20090414,BBY,BEST BUY COMPANY INC,08651610,38.10000,11509300
85914,20090415,BBY,BEST BUY COMPANY INC,08651610,37.83000,6397500
85914,20090416,BBY,BEST BUY COMPANY INC,08651610,38.53000,7609400
85914,20090417,BBY,BEST BUY COMPANY INC,08651610,39.51000,9067100
85914,20090420,BBY,BEST BUY COMPANY INC,08651610,38.61000,6630200
85914,20090421,BBY,BEST BUY COMPANY INC,08651610,39.98000,5734400
85914,20090422,BBY,BEST BUY COMPANY INC,08651610,39.74000,10129100
85914,20090423,BBY,BEST BUY COMPANY INC,08651610,39.50000,6337500
85914,20090424,BBY,BEST BUY COMPANY INC,08651610,39.27000,7013600
85914,20090427,BBY,BEST BUY COMPANY INC,08651610,38.27000,6678400
85914,20090428,BBY,BEST BUY COMPANY INC,08651610,37.88000,5101800
85914,20090429,BBY,BEST BUY COMPANY INC,08651610,37.53000,6651700
85914,20090430,BBY,BEST BUY COMPANY INC,08651610,38.38000,8973000
85914,20090501,BBY,BEST BUY COMPANY INC,08651610,37.20000,5570000
85914,20090504,BBY,BEST BUY COMPANY INC,08651610,40.38000,11710900
85914,20090505,BBY,BEST BUY COMPANY INC,08651610,40.87000,7559400
85914,20090506,BBY,BEST BUY COMPANY INC,08651610,39.50000,7981400
85914,20090507,BBY,BEST BUY COMPANY INC,08651610,39.04000,8708600
85914,20090508,BBY,BEST BUY COMPANY INC,08651610,37.93000,10501400
85914,20090511,BBY,BEST BUY COMPANY INC,08651610,38.16000,8857300
85914,20090512,BBY,BEST BUY COMPANY INC,08651610,37.06000,9319200
85914,20090513,BBY,BEST BUY COMPANY INC,08651610,35.20000,10884300
85914,20090514,BBY,BEST BUY COMPANY INC,08651610,36.13000,7944800
85914,20090515,BBY,BEST BUY COMPANY INC,08651610,35.41000,6928300
85914,20090518,BBY,BEST BUY COMPANY INC,08651610,36.36000,7331200
85914,20090519,BBY,BEST BUY COMPANY INC,08651610,37.25000,7134500
85914,20090520,BBY,BEST BUY COMPANY INC,08651610,36.20000,6051100
85914,20090521,BBY,BEST BUY COMPANY INC,08651610,35.23000,7191900
85914,20090522,BBY,BEST BUY COMPANY INC,08651610,35.18000,5948100
85914,20090526,BBY,BEST BUY COMPANY INC,08651610,37.05000,7868400
85914,20090527,BBY,BEST BUY COMPANY INC,08651610,35.27000,7621700
85914,20090528,BBY,BEST BUY COMPANY INC,08651610,34.94000,8217100
85914,20090529,BBY,BEST BUY COMPANY INC,08651610,35.10000,8030600
85914,20090601,BBY,BEST BUY COMPANY INC,08651610,37.63000,8622700
85914,20090602,BBY,BEST BUY COMPANY INC,08651610,37.91000,5847600
85914,20090603,BBY,BEST BUY COMPANY INC,08651610,38.02000,6336000
85914,20090604,BBY,BEST BUY COMPANY INC,08651610,37.03000,6622200
85914,20090605,BBY,BEST BUY COMPANY INC,08651610,37.44000,6164100
85914,20090608,BBY,BEST BUY COMPANY INC,08651610,38.64000,7404000
85914,20090609,BBY,BEST BUY COMPANY INC,08651610,39.52000,5549700
85914,20090610,BBY,BEST BUY COMPANY INC,08651610,38.52000,6446600
85914,20090611,BBY,BEST BUY COMPANY INC,08651610,37.23000,8583700
85914,20090612,BBY,BEST BUY COMPANY INC,08651610,38.55000,7140900
85914,20090615,BBY,BEST BUY COMPANY INC,08651610,38.66000,12767700
85914,20090616,BBY,BEST BUY COMPANY INC,08651610,35.84000,27503900
85914,20090617,BBY,BEST BUY COMPANY INC,08651610,35.87000,9124300
85914,20090618,BBY,BEST BUY COMPANY INC,08651610,34.07000,13474500
85914,20090619,BBY,BEST BUY COMPANY INC,08651610,34.38000,11147000
85914,20090622,BBY,BEST BUY COMPANY INC,08651610,33.44000,5984400
85914,20090623,BBY,BEST BUY COMPANY INC,08651610,32.98000,5074700
85914,20090624,BBY,BEST BUY COMPANY INC,08651610,32.97000,6103900
85914,20090625,BBY,BEST BUY COMPANY INC,08651610,34.05000,6594800
85914,20090626,BBY,BEST BUY COMPANY INC,08651610,33.58000,3922300
85914,20090629,BBY,BEST BUY COMPANY INC,08651610,34.02000,4150500
85914,20090630,BBY,BEST BUY COMPANY INC,08651610,33.49000,6432700
85914,20090701,BBY,BEST BUY COMPANY INC,08651610,34.00000,4608100
85914,20090702,BBY,BEST BUY COMPANY INC,08651610,32.08000,6651700
85914,20090706,BBY,BEST BUY COMPANY INC,08651610,32.07000,8117200
85914,20090707,BBY,BEST BUY COMPANY INC,08651610,31.35000,5563700
85914,20090708,BBY,BEST BUY COMPANY INC,08651610,32.21000,12242900
85914,20090709,BBY,BEST BUY COMPANY INC,08651610,32.86000,7492700
85914,20090710,BBY,BEST BUY COMPANY INC,08651610,32.77000,4293600
85914,20090713,BBY,BEST BUY COMPANY INC,08651610,34.12000,8143600
85914,20090714,BBY,BEST BUY COMPANY INC,08651610,34.41000,5325800
85914,20090715,BBY,BEST BUY COMPANY INC,08651610,35.35000,6753600
85914,20090716,BBY,BEST BUY COMPANY INC,08651610,35.60000,4796600
85914,20090717,BBY,BEST BUY COMPANY INC,08651610,36.18000,5676400
85914,20090720,BBY,BEST BUY COMPANY INC,08651610,36.86000,6143700
85914,20090721,BBY,BEST BUY COMPANY INC,08651610,36.41000,6440600
85914,20090722,BBY,BEST BUY COMPANY INC,08651610,35.92000,6147000
85914,20090723,BBY,BEST BUY COMPANY INC,08651610,37.11000,5271700
85914,20090724,BBY,BEST BUY COMPANY INC,08651610,36.55000,5126600
85914,20090727,BBY,BEST BUY COMPANY INC,08651610,36.01000,5595700
85914,20090728,BBY,BEST BUY COMPANY INC,08651610,37.38000,7654300
85914,20090729,BBY,BEST BUY COMPANY INC,08651610,36.97000,4360700
85914,20090730,BBY,BEST BUY COMPANY INC,08651610,36.73000,5432600
85914,20090731,BBY,BEST BUY COMPANY INC,08651610,37.37000,5531100
85914,20090803,BBY,BEST BUY COMPANY INC,08651610,38.42000,5189300
85914,20090804,BBY,BEST BUY COMPANY INC,08651610,38.47000,4776000
85914,20090805,BBY,BEST BUY COMPANY INC,08651610,37.56000,5364300
85914,20090806,BBY,BEST BUY COMPANY INC,08651610,37.64000,4621600
85914,20090807,BBY,BEST BUY COMPANY INC,08651610,39.75000,5554900
85914,20090810,BBY,BEST BUY COMPANY INC,08651610,37.66000,8861900
85914,20090811,BBY,BEST BUY COMPANY INC,08651610,36.77000,7122500
85914,20090812,BBY,BEST BUY COMPANY INC,08651610,36.50000,7121000
85914,20090813,BBY,BEST BUY COMPANY INC,08651610,37.01000,5476400
85914,20090814,BBY,BEST BUY COMPANY INC,08651610,36.44000,3776000
85914,20090817,BBY,BEST BUY COMPANY INC,08651610,34.75000,5739000
85914,20090818,BBY,BEST BUY COMPANY INC,08651610,36.06000,6043500
85914,20090819,BBY,BEST BUY COMPANY INC,08651610,36.31000,5603800
85914,20090820,BBY,BEST BUY COMPANY INC,08651610,36.71000,3582500
85914,20090821,BBY,BEST BUY COMPANY INC,08651610,37.49000,4546900
85914,20090824,BBY,BEST BUY COMPANY INC,08651610,35.81000,6575300
85914,20090825,BBY,BEST BUY COMPANY INC,08651610,36.91000,8063500
85914,20090826,BBY,BEST BUY COMPANY INC,08651610,37.29000,5410400
85914,20090827,BBY,BEST BUY COMPANY INC,08651610,37.47000,4519200
85914,20090828,BBY,BEST BUY COMPANY INC,08651610,37.54000,5929700
85914,20090831,BBY,BEST BUY COMPANY INC,08651610,36.28000,7081200
85914,20090901,BBY,BEST BUY COMPANY INC,08651610,36.09000,8658400
85914,20090902,BBY,BEST BUY COMPANY INC,08651610,37.43000,9334100
85914,20090903,BBY,BEST BUY COMPANY INC,08651610,39.65000,11013700
85914,20090904,BBY,BEST BUY COMPANY INC,08651610,39.41000,6058300
85914,20090908,BBY,BEST BUY COMPANY INC,08651610,41.12000,8875900
85914,20090909,BBY,BEST BUY COMPANY INC,08651610,41.14000,6968400
85914,20090910,BBY,BEST BUY COMPANY INC,08651610,41.05000,5770700
85914,20090911,BBY,BEST BUY COMPANY INC,08651610,39.76000,10528700
85914,20090914,BBY,BEST BUY COMPANY INC,08651610,40.41000,8576100
85914,20090915,BBY,BEST BUY COMPANY INC,08651610,38.32000,24985800
85914,20090916,BBY,BEST BUY COMPANY INC,08651610,38.56000,10366600
85914,20090917,BBY,BEST BUY COMPANY INC,08651610,37.59000,9721400
85914,20090918,BBY,BEST BUY COMPANY INC,08651610,37.90000,7434500
85914,20090921,BBY,BEST BUY COMPANY INC,08651610,38.45000,7633500
85914,20090922,BBY,BEST BUY COMPANY INC,08651610,38.32000,5724300
85914,20090923,BBY,BEST BUY COMPANY INC,08651610,38.30000,5940600
85914,20090924,BBY,BEST BUY COMPANY INC,08651610,37.91000,4852700
85914,20090925,BBY,BEST BUY COMPANY INC,08651610,37.30000,3900400
85914,20090928,BBY,BEST BUY COMPANY INC,08651610,37.73000,2605900
85914,20090929,BBY,BEST BUY COMPANY INC,08651610,37.86000,2513700
85914,20090930,BBY,BEST BUY COMPANY INC,08651610,37.52000,5175400
85914,20091001,BBY,BEST BUY COMPANY INC,08651610,37.01000,6079700
85914,20091002,BBY,BEST BUY COMPANY INC,08651610,36.41000,3808200
85914,20091005,BBY,BEST BUY COMPANY INC,08651610,37.10000,3246200
85914,20091006,BBY,BEST BUY COMPANY INC,08651610,37.87000,5434500
85914,20091007,BBY,BEST BUY COMPANY INC,08651610,38.10000,3664300
85914,20091008,BBY,BEST BUY COMPANY INC,08651610,38.59000,4335600
85914,20091009,BBY,BEST BUY COMPANY INC,08651610,38.44000,3596900
85914,20091012,BBY,BEST BUY COMPANY INC,08651610,39.11000,4684500
85914,20091013,BBY,BEST BUY COMPANY INC,08651610,39.26000,3864500
85914,20091014,BBY,BEST BUY COMPANY INC,08651610,40.62000,7906400
85914,20091015,BBY,BEST BUY COMPANY INC,08651610,40.92000,5317300
85914,20091016,BBY,BEST BUY COMPANY INC,08651610,40.73000,5164300
85914,20091019,BBY,BEST BUY COMPANY INC,08651610,40.86000,3261200
85914,20091020,BBY,BEST BUY COMPANY INC,08651610,39.79000,6260500
85914,20091021,BBY,BEST BUY COMPANY INC,08651610,38.81000,5891600
85914,20091022,BBY,BEST BUY COMPANY INC,08651610,39.45000,5584000
85914,20091023,BBY,BEST BUY COMPANY INC,08651610,39.17000,3905600
85914,20091026,BBY,BEST BUY COMPANY INC,08651610,39.39000,5098500
85914,20091027,BBY,BEST BUY COMPANY INC,08651610,39.87000,6516100
85914,20091028,BBY,BEST BUY COMPANY INC,08651610,38.58000,5177900
85914,20091029,BBY,BEST BUY COMPANY INC,08651610,39.27000,3594400
85914,20091030,BBY,BEST BUY COMPANY INC,08651610,38.18000,4972200
85914,20091102,BBY,BEST BUY COMPANY INC,08651610,38.89000,4125200
85914,20091103,BBY,BEST BUY COMPANY INC,08651610,39.32000,4955600
85914,20091104,BBY,BEST BUY COMPANY INC,08651610,38.96000,3870400
85914,20091105,BBY,BEST BUY COMPANY INC,08651610,40.05000,8054300
85914,20091106,BBY,BEST BUY COMPANY INC,08651610,40.24000,3831100
85914,20091109,BBY,BEST BUY COMPANY INC,08651610,41.78000,5013700
85914,20091110,BBY,BEST BUY COMPANY INC,08651610,42.24000,5196600
85914,20091111,BBY,BEST BUY COMPANY INC,08651610,42.25000,4567800
85914,20091112,BBY,BEST BUY COMPANY INC,08651610,41.84000,5616200
85914,20091113,BBY,BEST BUY COMPANY INC,08651610,41.88000,4217600
85914,20091116,BBY,BEST BUY COMPANY INC,08651610,42.93000,5001500
85914,20091117,BBY,BEST BUY COMPANY INC,08651610,42.20000,5328100
85914,20091118,BBY,BEST BUY COMPANY INC,08651610,42.48000,4072000
85914,20091119,BBY,BEST BUY COMPANY INC,08651610,42.95000,6907800
85914,20091120,BBY,BEST BUY COMPANY INC,08651610,43.30000,6213800
85914,20091123,BBY,BEST BUY COMPANY INC,08651610,43.71000,5579400
85914,20091124,BBY,BEST BUY COMPANY INC,08651610,42.85000,8546600
85914,20091125,BBY,BEST BUY COMPANY INC,08651610,43.26000,4052300
85914,20091127,BBY,BEST BUY COMPANY INC,08651610,42.83000,3037000
85914,20091130,BBY,BEST BUY COMPANY INC,08651610,42.83000,6791000
85914,20091201,BBY,BEST BUY COMPANY INC,08651610,43.53000,4920400
85914,20091202,BBY,BEST BUY COMPANY INC,08651610,43.13000,5176700
85914,20091203,BBY,BEST BUY COMPANY INC,08651610,43.54000,6887000
85914,20091204,BBY,BEST BUY COMPANY INC,08651610,43.79000,5046900
85914,20091207,BBY,BEST BUY COMPANY INC,08651610,43.97000,3396100
85914,20091208,BBY,BEST BUY COMPANY INC,08651610,43.46000,4514600
85914,20091209,BBY,BEST BUY COMPANY INC,08651610,43.03000,4921400
85914,20091210,BBY,BEST BUY COMPANY INC,08651610,43.21000,4282200
85914,20091211,BBY,BEST BUY COMPANY INC,08651610,44.34000,5926200
85914,20091214,BBY,BEST BUY COMPANY INC,08651610,45.37000,8943400
85914,20091215,BBY,BEST BUY COMPANY INC,08651610,41.53000,43755000
85914,20091216,BBY,BEST BUY COMPANY INC,08651610,41.29000,11861500
85914,20091217,BBY,BEST BUY COMPANY INC,08651610,40.94000,9552600
85914,20091218,BBY,BEST BUY COMPANY INC,08651610,39.50000,15380100
85914,20091221,BBY,BEST BUY COMPANY INC,08651610,40.07000,7938900
85914,20091222,BBY,BEST BUY COMPANY INC,08651610,40.45000,4668400
85914,20091223,BBY,BEST BUY COMPANY INC,08651610,40.76000,5711100
85914,20091224,BBY,BEST BUY COMPANY INC,08651610,40.70000,2079000
85914,20091228,BBY,BEST BUY COMPANY INC,08651610,40.89000,4465800
85914,20091229,BBY,BEST BUY COMPANY INC,08651610,40.42000,4110700
85914,20091230,BBY,BEST BUY COMPANY INC,08651610,40.34000,2568100
85914,20091231,BBY,BEST BUY COMPANY INC,08651610,39.46000,3764800
85914,20100104,BBY,BEST BUY COMPANY INC,08651610,40.19000,6434300
85914,20100105,BBY,BEST BUY COMPANY INC,08651610,41.21000,6980100
85914,20100106,BBY,BEST BUY COMPANY INC,08651610,40.89000,4194500
85914,20100107,BBY,BEST BUY COMPANY INC,08651610,41.54000,8761900
85914,20100108,BBY,BEST BUY COMPANY INC,08651610,39.91000,14178800
85914,20100111,BBY,BEST BUY COMPANY INC,08651610,39.23000,9571400
85914,20100112,BBY,BEST BUY COMPANY INC,08651610,39.26000,6773400
85914,20100113,BBY,BEST BUY COMPANY INC,08651610,39.73000,4400300
85914,20100114,BBY,BEST BUY COMPANY INC,08651610,39.35000,4047600
85914,20100115,BBY,BEST BUY COMPANY INC,08651610,38.93000,5806400
85914,20100119,BBY,BEST BUY COMPANY INC,08651610,39.10000,4975000
85914,20100120,BBY,BEST BUY COMPANY INC,08651610,38.77000,5295100
85914,20100121,BBY,BEST BUY COMPANY INC,08651610,38.17000,6825400
85914,20100122,BBY,BEST BUY COMPANY INC,08651610,37.15000,9599200
85914,20100125,BBY,BEST BUY COMPANY INC,08651610,37.53000,5595200
85914,20100126,BBY,BEST BUY COMPANY INC,08651610,37.06000,6954000
85914,20100127,BBY,BEST BUY COMPANY INC,08651610,36.92000,8380400
85914,20100128,BBY,BEST BUY COMPANY INC,08651610,36.35000,8300300
85914,20100129,BBY,BEST BUY COMPANY INC,08651610,36.65000,9077100
85914,20100201,BBY,BEST BUY COMPANY INC,08651610,36.76000,5631300
85914,20100202,BBY,BEST BUY COMPANY INC,08651610,37.28000,5379000
85914,20100203,BBY,BEST BUY COMPANY INC,08651610,37.03000,4443800
85914,20100204,BBY,BEST BUY COMPANY INC,08651610,35.59000,6387000
85914,20100205,BBY,BEST BUY COMPANY INC,08651610,35.82000,7297800
85914,20100208,BBY,BEST BUY COMPANY INC,08651610,35.47000,4602400
85914,20100209,BBY,BEST BUY COMPANY INC,08651610,35.98000,5554200
85914,20100210,BBY,BEST BUY COMPANY INC,08651610,35.40000,6440700
85914,20100211,BBY,BEST BUY COMPANY INC,08651610,35.65000,5387500
85914,20100212,BBY,BEST BUY COMPANY INC,08651610,35.76000,5195700
85914,20100216,BBY,BEST BUY COMPANY INC,08651610,36.43000,4622600
85914,20100217,BBY,BEST BUY COMPANY INC,08651610,36.28000,5794400
85914,20100218,BBY,BEST BUY COMPANY INC,08651610,36.15000,4706500
85914,20100219,BBY,BEST BUY COMPANY INC,08651610,36.34000,4469200
85914,20100222,BBY,BEST BUY COMPANY INC,08651610,36.57000,5585400
85914,20100223,BBY,BEST BUY COMPANY INC,08651610,36.40000,6150900
85914,20100224,BBY,BEST BUY COMPANY INC,08651610,36.94000,5881700
85914,20100225,BBY,BEST BUY COMPANY INC,08651610,36.87000,6126300
85914,20100226,BBY,BEST BUY COMPANY INC,08651610,36.50000,5113000
85914,20100301,BBY,BEST BUY COMPANY INC,08651610,36.80000,5262300
85914,20100302,BBY,BEST BUY COMPANY INC,08651610,36.45000,6336900
85914,20100303,BBY,BEST BUY COMPANY INC,08651610,36.55000,5129100
85914,20100304,BBY,BEST BUY COMPANY INC,08651610,37.15000,9585400
85914,20100305,BBY,BEST BUY COMPANY INC,08651610,38.64000,11727700
85914,20100308,BBY,BEST BUY COMPANY INC,08651610,39.35000,6830900
85914,20100309,BBY,BEST BUY COMPANY INC,08651610,38.91000,5642300
85914,20100310,BBY,BEST BUY COMPANY INC,08651610,38.96000,4274600
85914,20100311,BBY,BEST BUY COMPANY INC,08651610,39.47000,5996800
85914,20100312,BBY,BEST BUY COMPANY INC,08651610,40.12000,7516200
85914,20100315,BBY,BEST BUY COMPANY INC,08651610,39.60000,6154900
85914,20100316,BBY,BEST BUY COMPANY INC,08651610,39.58000,4842300
85914,20100317,BBY,BEST BUY COMPANY INC,08651610,40.11000,5520600
85914,20100318,BBY,BEST BUY COMPANY INC,08651610,40.45000,6618700
85914,20100319,BBY,BEST BUY COMPANY INC,08651610,40.99000,14172600
85914,20100322,BBY,BEST BUY COMPANY INC,08651610,41.20000,8233700
85914,20100323,BBY,BEST BUY COMPANY INC,08651610,41.51000,7759000
85914,20100324,BBY,BEST BUY COMPANY INC,08651610,41.18000,7529400
85914,20100325,BBY,BEST BUY COMPANY INC,08651610,42.66000,30643300
85914,20100326,BBY,BEST BUY COMPANY INC,08651610,43.16000,10670000
85914,20100329,BBY,BEST BUY COMPANY INC,08651610,43.00000,6876100
85914,20100330,BBY,BEST BUY COMPANY INC,08651610,42.62000,6991200
85914,20100331,BBY,BEST BUY COMPANY INC,08651610,42.54000,5581300
85914,20100401,BBY,BEST BUY COMPANY INC,08651610,42.57000,7314400
85914,20100405,BBY,BEST BUY COMPANY INC,08651610,43.37000,5064900
85914,20100406,BBY,BEST BUY COMPANY INC,08651610,44.11000,7586400
85914,20100407,BBY,BEST BUY COMPANY INC,08651610,44.20000,8816300
85914,20100408,BBY,BEST BUY COMPANY INC,08651610,44.66000,9756900
85914,20100409,BBY,BEST BUY COMPANY INC,08651610,44.89000,6528500
85914,20100412,BBY,BEST BUY COMPANY INC,08651610,45.23000,6062600
85914,20100413,BBY,BEST BUY COMPANY INC,08651610,44.69000,5846000
85914,20100414,BBY,BEST BUY COMPANY INC,08651610,45.57000,6628100
85914,20100415,BBY,BEST BUY COMPANY INC,08651610,45.89000,5650400
85914,20100416,BBY,BEST BUY COMPANY INC,08651610,45.39000,7507900
85914,20100419,BBY,BEST BUY COMPANY INC,08651610,44.89000,7211300
85914,20100420,BBY,BEST BUY COMPANY INC,08651610,45.20000,4525000
85914,20100421,BBY,BEST BUY COMPANY INC,08651610,46.18000,5517900
85914,20100422,BBY,BEST BUY COMPANY INC,08651610,47.19000,7652800
85914,20100423,BBY,BEST BUY COMPANY INC,08651610,48.58000,12412100
85914,20100426,BBY,BEST BUY COMPANY INC,08651610,48.31000,6620500
85914,20100427,BBY,BEST BUY COMPANY INC,08651610,46.49000,7597500
85914,20100428,BBY,BEST BUY COMPANY INC,08651610,46.50000,5684500
85914,20100429,BBY,BEST BUY COMPANY INC,08651610,47.68000,4589400
85914,20100430,BBY,BEST BUY COMPANY INC,08651610,45.52000,7581400
85914,20100503,BBY,BEST BUY COMPANY INC,08651610,46.11000,8928900
85914,20100504,BBY,BEST BUY COMPANY INC,08651610,44.55000,10154200
85914,20100505,BBY,BEST BUY COMPANY INC,08651610,42.90000,12621800
85914,20100506,BBY,BEST BUY COMPANY INC,08651610,41.51000,13674000
85914,20100507,BBY,BEST BUY COMPANY INC,08651610,41.03000,14129500
85914,20100510,BBY,BEST BUY COMPANY INC,08651610,43.55000,6824100
85914,20100511,BBY,BEST BUY COMPANY INC,08651610,44.43000,9197200
85914,20100512,BBY,BEST BUY COMPANY INC,08651610,45.11000,4795700
85914,20100513,BBY,BEST BUY COMPANY INC,08651610,43.73000,4884800
85914,20100514,BBY,BEST BUY COMPANY INC,08651610,43.07000,6224600
85914,20100517,BBY,BEST BUY COMPANY INC,08651610,43.24000,6054200
85914,20100518,BBY,BEST BUY COMPANY INC,08651610,42.58000,4691200
85914,20100519,BBY,BEST BUY COMPANY INC,08651610,42.08000,5288000
85914,20100520,BBY,BEST BUY COMPANY INC,08651610,40.75000,6876400
85914,20100521,BBY,BEST BUY COMPANY INC,08651610,41.80000,6353100
85914,20100524,BBY,BEST BUY COMPANY INC,08651610,41.17000,4879200
85914,20100525,BBY,BEST BUY COMPANY INC,08651610,40.99000,8321600
85914,20100526,BBY,BEST BUY COMPANY INC,08651610,40.56000,7586500
85914,20100527,BBY,BEST BUY COMPANY INC,08651610,42.24000,8014100
85914,20100528,BBY,BEST BUY COMPANY INC,08651610,42.25000,6363200
85914,20100601,BBY,BEST BUY COMPANY INC,08651610,40.72000,6494000
85914,20100602,BBY,BEST BUY COMPANY INC,08651610,40.20000,14995300
85914,20100603,BBY,BEST BUY COMPANY INC,08651610,40.27000,6389500
85914,20100604,BBY,BEST BUY COMPANY INC,08651610,38.88250,8279200
85914,20100607,BBY,BEST BUY COMPANY INC,08651610,37.91000,8539600
85914,20100608,BBY,BEST BUY COMPANY INC,08651610,38.71000,8449900
85914,20100609,BBY,BEST BUY COMPANY INC,08651610,39.00000,6396600
85914,20100610,BBY,BEST BUY COMPANY INC,08651610,40.24000,5063700
85914,20100611,BBY,BEST BUY COMPANY INC,08651610,41.20000,6251600
85914,20100614,BBY,BEST BUY COMPANY INC,08651610,41.05000,8361400
85914,20100615,BBY,BEST BUY COMPANY INC,08651610,38.56000,29300200
85914,20100616,BBY,BEST BUY COMPANY INC,08651610,38.18000,9605000
85914,20100617,BBY,BEST BUY COMPANY INC,08651610,37.82000,8400000
85914,20100618,BBY,BEST BUY COMPANY INC,08651610,37.83000,7347000
85914,20100621,BBY,BEST BUY COMPANY INC,08651610,37.08000,7737900
85914,20100622,BBY,BEST BUY COMPANY INC,08651610,36.61000,5895400
85914,20100623,BBY,BEST BUY COMPANY INC,08651610,36.63000,6083600
85914,20100624,BBY,BEST BUY COMPANY INC,08651610,35.74000,8687000
85914,20100625,BBY,BEST BUY COMPANY INC,08651610,35.16000,13206900
85914,20100628,BBY,BEST BUY COMPANY INC,08651610,35.35000,7275400
85914,20100629,BBY,BEST BUY COMPANY INC,08651610,34.16000,6831400
85914,20100630,BBY,BEST BUY COMPANY INC,08651610,33.86000,5666400
85914,20100701,BBY,BEST BUY COMPANY INC,08651610,34.12000,8338900
85914,20100702,BBY,BEST BUY COMPANY INC,08651610,33.86000,5901400
85914,20100706,BBY,BEST BUY COMPANY INC,08651610,33.13000,9261800
85914,20100707,BBY,BEST BUY COMPANY INC,08651610,34.43000,10658900
85914,20100708,BBY,BEST BUY COMPANY INC,08651610,34.40000,6539900
85914,20100709,BBY,BEST BUY COMPANY INC,08651610,34.37000,6246800
85914,20100712,BBY,BEST BUY COMPANY INC,08651610,34.13000,5227100
85914,20100713,BBY,BEST BUY COMPANY INC,08651610,35.42000,7361400
85914,20100714,BBY,BEST BUY COMPANY INC,08651610,34.95000,6890200
85914,20100715,BBY,BEST BUY COMPANY INC,08651610,35.42000,5210300
85914,20100716,BBY,BEST BUY COMPANY INC,08651610,34.33000,8564000
85914,20100719,BBY,BEST BUY COMPANY INC,08651610,34.37000,4615600
85914,20100720,BBY,BEST BUY COMPANY INC,08651610,34.55000,6040500
85914,20100721,BBY,BEST BUY COMPANY INC,08651610,33.84000,6996100
85914,20100722,BBY,BEST BUY COMPANY INC,08651610,34.93000,6153700
85914,20100723,BBY,BEST BUY COMPANY INC,08651610,35.79000,5826900
85914,20100726,BBY,BEST BUY COMPANY INC,08651610,36.90000,5757700
85914,20100727,BBY,BEST BUY COMPANY INC,08651610,35.45000,7903200
85914,20100728,BBY,BEST BUY COMPANY INC,08651610,35.14000,5888100
85914,20100729,BBY,BEST BUY COMPANY INC,08651610,34.55000,6867800
85914,20100730,BBY,BEST BUY COMPANY INC,08651610,34.66000,7350600
85914,20100802,BBY,BEST BUY COMPANY INC,08651610,35.84000,7180000
85914,20100803,BBY,BEST BUY COMPANY INC,08651610,34.90000,5634900
85914,20100804,BBY,BEST BUY COMPANY INC,08651610,35.16000,5720100
85914,20100805,BBY,BEST BUY COMPANY INC,08651610,35.13000,6157400
85914,20100806,BBY,BEST BUY COMPANY INC,08651610,34.91000,5335800
85914,20100809,BBY,BEST BUY COMPANY INC,08651610,35.58000,4035500
85914,20100810,BBY,BEST BUY COMPANY INC,08651610,34.57000,6298800
85914,20100811,BBY,BEST BUY COMPANY INC,08651610,33.29000,6836300
85914,20100812,BBY,BEST BUY COMPANY INC,08651610,33.43000,5555300
85914,20100813,BBY,BEST BUY COMPANY INC,08651610,33.14000,3691200
85914,20100816,BBY,BEST BUY COMPANY INC,08651610,33.05000,4216900
85914,20100817,BBY,BEST BUY COMPANY INC,08651610,32.90000,6229200
85914,20100818,BBY,BEST BUY COMPANY INC,08651610,33.18000,6358900
85914,20100819,BBY,BEST BUY COMPANY INC,08651610,32.66000,4082100
85914,20100820,BBY,BEST BUY COMPANY INC,08651610,32.50000,4958700
85914,20100823,BBY,BEST BUY COMPANY INC,08651610,32.22000,3801600
85914,20100824,BBY,BEST BUY COMPANY INC,08651610,31.68000,4887000
85914,20100825,BBY,BEST BUY COMPANY INC,08651610,32.48000,5492300
85914,20100826,BBY,BEST BUY COMPANY INC,08651610,31.93000,4762800
85914,20100827,BBY,BEST BUY COMPANY INC,08651610,31.86000,7578700
85914,20100830,BBY,BEST BUY COMPANY INC,08651610,31.46000,4265500
85914,20100831,BBY,BEST BUY COMPANY INC,08651610,31.39000,6721400
85914,20100901,BBY,BEST BUY COMPANY INC,08651610,32.66000,5408100
85914,20100902,BBY,BEST BUY COMPANY INC,08651610,33.46000,5651900
85914,20100903,BBY,BEST BUY COMPANY INC,08651610,34.37000,6411600
85914,20100907,BBY,BEST BUY COMPANY INC,08651610,33.69000,4542900
85914,20100908,BBY,BEST BUY COMPANY INC,08651610,33.54000,8884700
85914,20100909,BBY,BEST BUY COMPANY INC,08651610,33.56000,6448300
85914,20100910,BBY,BEST BUY COMPANY INC,08651610,33.88000,6073200
85914,20100913,BBY,BEST BUY COMPANY INC,08651610,34.65000,8062800
85914,20100914,BBY,BEST BUY COMPANY INC,08651610,36.73000,21354000
85914,20100915,BBY,BEST BUY COMPANY INC,08651610,36.76000,5853400
85914,20100916,BBY,BEST BUY COMPANY INC,08651610,36.92000,5701900
85914,20100917,BBY,BEST BUY COMPANY INC,08651610,37.15250,5272000
85914,20100920,BBY,BEST BUY COMPANY INC,08651610,38.32000,7986800
85914,20100921,BBY,BEST BUY COMPANY INC,08651610,38.05000,5001000
85914,20100922,BBY,BEST BUY COMPANY INC,08651610,38.30000,5235200
85914,20100923,BBY,BEST BUY COMPANY INC,08651610,38.63000,6669900
85914,20100924,BBY,BEST BUY COMPANY INC,08651610,39.60000,5154100
85914,20100927,BBY,BEST BUY COMPANY INC,08651610,39.44000,5674400
85914,20100928,BBY,BEST BUY COMPANY INC,08651610,40.18000,5527400
85914,20100929,BBY,BEST BUY COMPANY INC,08651610,40.37000,5610000
85914,20100930,BBY,BEST BUY COMPANY INC,08651610,40.83000,8185400
85914,20101001,BBY,BEST BUY COMPANY INC,08651610,40.76000,8970600
85914,20101004,BBY,BEST BUY COMPANY INC,08651610,40.25000,7699300
85914,20101005,BBY,BEST BUY COMPANY INC,08651610,40.88000,6417700
85914,20101006,BBY,BEST BUY COMPANY INC,08651610,40.82000,5048700
85914,20101007,BBY,BEST BUY COMPANY INC,08651610,41.19000,3568200
85914,20101008,BBY,BEST BUY COMPANY INC,08651610,41.09000,6659800
85914,20101011,BBY,BEST BUY COMPANY INC,08651610,40.86000,3491300
85914,20101012,BBY,BEST BUY COMPANY INC,08651610,40.73000,5350400
85914,20101013,BBY,BEST BUY COMPANY INC,08651610,41.03000,7025400
85914,20101014,BBY,BEST BUY COMPANY INC,08651610,40.98000,5501900
85914,20101015,BBY,BEST BUY COMPANY INC,08651610,42.15000,8742000
85914,20101018,BBY,BEST BUY COMPANY INC,08651610,42.53000,5109000
85914,20101019,BBY,BEST BUY COMPANY INC,08651610,42.03000,8178200
85914,20101020,BBY,BEST BUY COMPANY INC,08651610,42.28000,5570600
85914,20101021,BBY,BEST BUY COMPANY INC,08651610,42.36000,5036900
85914,20101022,BBY,BEST BUY COMPANY INC,08651610,42.74000,3374400
85914,20101025,BBY,BEST BUY COMPANY INC,08651610,43.08000,5343000
85914,20101026,BBY,BEST BUY COMPANY INC,08651610,42.92000,4617000
85914,20101027,BBY,BEST BUY COMPANY INC,08651610,42.86000,5181500
85914,20101028,BBY,BEST BUY COMPANY INC,08651610,42.90000,4664300
85914,20101029,BBY,BEST BUY COMPANY INC,08651610,42.98000,3546000
85914,20101101,BBY,BEST BUY COMPANY INC,08651610,42.17000,5217300
85914,20101102,BBY,BEST BUY COMPANY INC,08651610,42.63000,3707600
85914,20101103,BBY,BEST BUY COMPANY INC,08651610,42.75000,3118300
85914,20101104,BBY,BEST BUY COMPANY INC,08651610,43.68000,4729000
85914,20101105,BBY,BEST BUY COMPANY INC,08651610,44.75000,7281300
85914,20101108,BBY,BEST BUY COMPANY INC,08651610,44.83000,2616900
85914,20101109,BBY,BEST BUY COMPANY INC,08651610,44.15000,4623400
85914,20101110,BBY,BEST BUY COMPANY INC,08651610,44.48000,3776200
85914,20101111,BBY,BEST BUY COMPANY INC,08651610,44.40000,4369800
85914,20101112,BBY,BEST BUY COMPANY INC,08651610,43.59000,3749000
85914,20101115,BBY,BEST BUY COMPANY INC,08651610,43.18750,3635300
85914,20101116,BBY,BEST BUY COMPANY INC,08651610,42.76000,4450600
85914,20101117,BBY,BEST BUY COMPANY INC,08651610,42.87000,4390100
85914,20101118,BBY,BEST BUY COMPANY INC,08651610,43.08000,4313300
85914,20101119,BBY,BEST BUY COMPANY INC,08651610,43.54000,3849900
85914,20101122,BBY,BEST BUY COMPANY INC,08651610,44.86000,5675800
85914,20101123,BBY,BEST BUY COMPANY INC,08651610,44.17000,4152500
85914,20101124,BBY,BEST BUY COMPANY INC,08651610,44.81000,5063700
85914,20101126,BBY,BEST BUY COMPANY INC,08651610,44.75000,2930900
85914,20101129,BBY,BEST BUY COMPANY INC,08651610,43.41000,7143900
85914,20101130,BBY,BEST BUY COMPANY INC,08651610,42.72000,8533300
85914,20101201,BBY,BEST BUY COMPANY INC,08651610,42.44000,7371000
85914,20101202,BBY,BEST BUY COMPANY INC,08651610,43.56000,5158000
85914,20101203,BBY,BEST BUY COMPANY INC,08651610,42.83000,6071700
85914,20101206,BBY,BEST BUY COMPANY INC,08651610,42.59000,4256800
85914,20101207,BBY,BEST BUY COMPANY INC,08651610,41.59000,8481100
85914,20101208,BBY,BEST BUY COMPANY INC,08651610,41.64000,5084700
85914,20101209,BBY,BEST BUY COMPANY INC,08651610,42.00000,4540900
85914,20101210,BBY,BEST BUY COMPANY INC,08651610,41.80000,6382300
85914,20101213,BBY,BEST BUY COMPANY INC,08651610,41.70000,13240100
85914,20101214,BBY,BEST BUY COMPANY INC,08651610,35.52000,64707300
85914,20101215,BBY,BEST BUY COMPANY INC,08651610,34.50000,20743800
85914,20101216,BBY,BEST BUY COMPANY INC,08651610,34.60000,12910000
85914,20101217,BBY,BEST BUY COMPANY INC,08651610,34.27000,12153600
85914,20101220,BBY,BEST BUY COMPANY INC,08651610,33.97000,9659300
85914,20101221,BBY,BEST BUY COMPANY INC,08651610,33.46000,12059200
85914,20101222,BBY,BEST BUY COMPANY INC,08651610,33.52000,5950000
85914,20101223,BBY,BEST BUY COMPANY INC,08651610,34.35000,8931500
85914,20101227,BBY,BEST BUY COMPANY INC,08651610,34.22000,4468700
85914,20101228,BBY,BEST BUY COMPANY INC,08651610,34.05000,6091400
85914,20101229,BBY,BEST BUY COMPANY INC,08651610,34.29000,4265500
85914,20101230,BBY,BEST BUY COMPANY INC,08651610,34.30000,6480900
85914,20101231,BBY,BEST BUY COMPANY INC,08651610,34.29000,3573300
85914,20110103,BBY,BEST BUY COMPANY INC,08651610,34.47000,10427600
85914,20110104,BBY,BEST BUY COMPANY INC,08651610,35.05000,11080000
85914,20110105,BBY,BEST BUY COMPANY INC,08651610,35.70000,18620800
85914,20110106,BBY,BEST BUY COMPANY INC,08651610,35.25000,9126200
85914,20110107,BBY,BEST BUY COMPANY INC,08651610,35.37000,8874100
85914,20110110,BBY,BEST BUY COMPANY INC,08651610,35.91000,6454900
85914,20110111,BBY,BEST BUY COMPANY INC,08651610,35.69000,6379900
85914,20110112,BBY,BEST BUY COMPANY INC,08651610,35.67000,5353600
85914,20110113,BBY,BEST BUY COMPANY INC,08651610,35.54000,5356200
85914,20110114,BBY,BEST BUY COMPANY INC,08651610,35.62000,4905500
85914,20110118,BBY,BEST BUY COMPANY INC,08651610,35.13000,5361700
85914,20110119,BBY,BEST BUY COMPANY INC,08651610,34.90000,5316200
85914,20110120,BBY,BEST BUY COMPANY INC,08651610,35.32000,6499200
85914,20110121,BBY,BEST BUY COMPANY INC,08651610,35.11000,5102300
85914,20110124,BBY,BEST BUY COMPANY INC,08651610,35.27000,4624600
85914,20110125,BBY,BEST BUY COMPANY INC,08651610,35.14000,4137000
85914,20110126,BBY,BEST BUY COMPANY INC,08651610,34.99000,4560500
85914,20110127,BBY,BEST BUY COMPANY INC,08651610,34.79000,4744900
85914,20110128,BBY,BEST BUY COMPANY INC,08651610,34.11000,7215800
85914,20110131,BBY,BEST BUY COMPANY INC,08651610,34.00000,6034700
85914,20110201,BBY,BEST BUY COMPANY INC,08651610,34.40000,7664400
85914,20110202,BBY,BEST BUY COMPANY INC,08651610,34.69000,5262000
85914,20110203,BBY,BEST BUY COMPANY INC,08651610,35.02000,5295100
85914,20110204,BBY,BEST BUY COMPANY INC,08651610,35.24000,6269900
85914,20110207,BBY,BEST BUY COMPANY INC,08651610,34.99000,3586000
85914,20110208,BBY,BEST BUY COMPANY INC,08651610,34.35000,6674700
85914,20110209,BBY,BEST BUY COMPANY INC,08651610,33.85000,8441500
85914,20110210,BBY,BEST BUY COMPANY INC,08651610,34.06000,6755500
85914,20110211,BBY,BEST BUY COMPANY INC,08651610,33.60000,8357500
85914,20110214,BBY,BEST BUY COMPANY INC,08651610,33.06000,7959300
85914,20110215,BBY,BEST BUY COMPANY INC,08651610,32.88000,10539300
85914,20110216,BBY,BEST BUY COMPANY INC,08651610,32.67000,9416600
85914,20110217,BBY,BEST BUY COMPANY INC,08651610,32.86000,7775300
85914,20110218,BBY,BEST BUY COMPANY INC,08651610,33.04000,8431300
85914,20110222,BBY,BEST BUY COMPANY INC,08651610,33.13000,7324800
85914,20110223,BBY,BEST BUY COMPANY INC,08651610,32.72000,6038600
85914,20110224,BBY,BEST BUY COMPANY INC,08651610,32.17000,5916600
85914,20110225,BBY,BEST BUY COMPANY INC,08651610,32.37000,4352700
85914,20110228,BBY,BEST BUY COMPANY INC,08651610,32.24000,4046200
85914,20110301,BBY,BEST BUY COMPANY INC,08651610,32.46000,5889900
85914,20110302,BBY,BEST BUY COMPANY INC,08651610,32.44000,4497700
85914,20110303,BBY,BEST BUY COMPANY INC,08651610,33.03000,4935200
85914,20110304,BBY,BEST BUY COMPANY INC,08651610,32.69000,9679100
85914,20110307,BBY,BEST BUY COMPANY INC,08651610,31.81000,6405700
85914,20110308,BBY,BEST BUY COMPANY INC,08651610,31.62000,7468300
85914,20110309,BBY,BEST BUY COMPANY INC,08651610,31.28000,8564300
85914,20110310,BBY,BEST BUY COMPANY INC,08651610,30.91000,6016200
85914,20110311,BBY,BEST BUY COMPANY INC,08651610,31.52000,5450500
85914,20110314,BBY,BEST BUY COMPANY INC,08651610,31.64000,6090100
85914,20110315,BBY,BEST BUY COMPANY INC,08651610,30.99000,7066400
85914,20110316,BBY,BEST BUY COMPANY INC,08651610,30.84000,6854600
85914,20110317,BBY,BEST BUY COMPANY INC,08651610,30.87000,3502000
85914,20110318,BBY,BEST BUY COMPANY INC,08651610,31.53000,7435300
85914,20110321,BBY,BEST BUY COMPANY INC,08651610,31.90000,5104100
85914,20110322,BBY,BEST BUY COMPANY INC,08651610,31.42000,4944700
85914,20110323,BBY,BEST BUY COMPANY INC,08651610,31.85000,8648900
85914,20110324,BBY,BEST BUY COMPANY INC,08651610,30.13000,37421200
85914,20110325,BBY,BEST BUY COMPANY INC,08651610,29.22000,24561500
85914,20110328,BBY,BEST BUY COMPANY INC,08651610,29.35000,10515000
85914,20110329,BBY,BEST BUY COMPANY INC,08651610,29.08000,10191700
85914,20110330,BBY,BEST BUY COMPANY INC,08651610,29.21000,6297700
85914,20110331,BBY,BEST BUY COMPANY INC,08651610,28.72000,15475600
85914,20110401,BBY,BEST BUY COMPANY INC,08651610,28.64000,10161800
85914,20110404,BBY,BEST BUY COMPANY INC,08651610,28.15000,8965300
85914,20110405,BBY,BEST BUY COMPANY INC,08651610,28.64000,8765600
85914,20110406,BBY,BEST BUY COMPANY INC,08651610,29.75000,12508800
85914,20110407,BBY,BEST BUY COMPANY INC,08651610,29.99000,12695700
85914,20110408,BBY,BEST BUY COMPANY INC,08651610,29.70000,8484100
85914,20110411,BBY,BEST BUY COMPANY INC,08651610,30.51000,11835700
85914,20110412,BBY,BEST BUY COMPANY INC,08651610,30.39000,8401100
85914,20110413,BBY,BEST BUY COMPANY INC,08651610,30.25000,9090000
85914,20110414,BBY,BEST BUY COMPANY INC,08651610,29.46000,14243600
85914,20110415,BBY,BEST BUY COMPANY INC,08651610,28.85000,11344500
85914,20110418,BBY,BEST BUY COMPANY INC,08651610,29.22000,8003400
85914,20110419,BBY,BEST BUY COMPANY INC,08651610,29.60000,5440000
85914,20110420,BBY,BEST BUY COMPANY INC,08651610,30.10000,6379800
85914,20110421,BBY,BEST BUY COMPANY INC,08651610,30.12000,7225200
85914,20110425,BBY,BEST BUY COMPANY INC,08651610,30.20000,4887300
85914,20110426,BBY,BEST BUY COMPANY INC,08651610,30.70000,6173800
85914,20110427,BBY,BEST BUY COMPANY INC,08651610,30.70000,4907600
85914,20110428,BBY,BEST BUY COMPANY INC,08651610,30.84000,5105500
85914,20110429,BBY,BEST BUY COMPANY INC,08651610,31.22000,6627100
85914,20110502,BBY,BEST BUY COMPANY INC,08651610,31.45000,9005700
85914,20110503,BBY,BEST BUY COMPANY INC,08651610,31.41000,5529700
85914,20110504,BBY,BEST BUY COMPANY INC,08651610,31.31000,3838800
85914,20110505,BBY,BEST BUY COMPANY INC,08651610,30.91000,4827500
85914,20110506,BBY,BEST BUY COMPANY INC,08651610,31.00000,8132000
85914,20110509,BBY,BEST BUY COMPANY INC,08651610,30.40000,5530100
85914,20110510,BBY,BEST BUY COMPANY INC,08651610,30.38000,5194100
85914,20110511,BBY,BEST BUY COMPANY INC,08651610,30.43000,5177800
85914,20110512,BBY,BEST BUY COMPANY INC,08651610,31.69000,7311300
85914,20110513,BBY,BEST BUY COMPANY INC,08651610,32.31000,8345900
85914,20110516,BBY,BEST BUY COMPANY INC,08651610,32.13000,4380700
85914,20110517,BBY,BEST BUY COMPANY INC,08651610,31.96000,5985500
85914,20110518,BBY,BEST BUY COMPANY INC,08651610,32.22000,3753200
85914,20110519,BBY,BEST BUY COMPANY INC,08651610,31.80000,4400400
85914,20110520,BBY,BEST BUY COMPANY INC,08651610,31.33000,4833000
85914,20110523,BBY,BEST BUY COMPANY INC,08651610,31.52000,4136000
85914,20110524,BBY,BEST BUY COMPANY INC,08651610,31.76000,4446600
85914,20110525,BBY,BEST BUY COMPANY INC,08651610,31.20000,5729500
85914,20110526,BBY,BEST BUY COMPANY INC,08651610,31.09000,5731300
85914,20110527,BBY,BEST BUY COMPANY INC,08651610,31.59000,3802700
85914,20110531,BBY,BEST BUY COMPANY INC,08651610,31.76000,10358700
85914,20110601,BBY,BEST BUY COMPANY INC,08651610,30.97000,5295300
85914,20110602,BBY,BEST BUY COMPANY INC,08651610,30.54000,6498100
85914,20110603,BBY,BEST BUY COMPANY INC,08651610,30.63000,7610900
85914,20110606,BBY,BEST BUY COMPANY INC,08651610,29.88000,6370200
85914,20110607,BBY,BEST BUY COMPANY INC,08651610,28.93000,11613300
85914,20110608,BBY,BEST BUY COMPANY INC,08651610,28.67000,7558900
85914,20110609,BBY,BEST BUY COMPANY INC,08651610,28.97000,4933800
85914,20110610,BBY,BEST BUY COMPANY INC,08651610,28.43000,6190900
85914,20110613,BBY,BEST BUY COMPANY INC,08651610,28.82000,9998700
85914,20110614,BBY,BEST BUY COMPANY INC,08651610,30.13000,31067400
85914,20110615,BBY,BEST BUY COMPANY INC,08651610,30.41000,12107800
85914,20110616,BBY,BEST BUY COMPANY INC,08651610,30.01000,8832100
85914,20110617,BBY,BEST BUY COMPANY INC,08651610,31.01000,10194000
85914,20110620,BBY,BEST BUY COMPANY INC,08651610,31.54000,7160000
85914,20110621,BBY,BEST BUY COMPANY INC,08651610,32.38000,13098300
85914,20110622,BBY,BEST BUY COMPANY INC,08651610,31.77000,6079100
85914,20110623,BBY,BEST BUY COMPANY INC,08651610,32.12000,7493400
85914,20110624,BBY,BEST BUY COMPANY INC,08651610,32.48000,13396200
85914,20110627,BBY,BEST BUY COMPANY INC,08651610,31.32000,8300400
85914,20110628,BBY,BEST BUY COMPANY INC,08651610,31.92000,6246400
85914,20110629,BBY,BEST BUY COMPANY INC,08651610,31.67000,5548000
85914,20110630,BBY,BEST BUY COMPANY INC,08651610,31.41000,5313500
85914,20110701,BBY,BEST BUY COMPANY INC,08651610,32.00000,5908900
85914,20110705,BBY,BEST BUY COMPANY INC,08651610,32.24000,6622100
85914,20110706,BBY,BEST BUY COMPANY INC,08651610,32.00000,5177700
85914,20110707,BBY,BEST BUY COMPANY INC,08651610,32.28000,5892100
85914,20110708,BBY,BEST BUY COMPANY INC,08651610,31.82000,5600000
85914,20110711,BBY,BEST BUY COMPANY INC,08651610,31.09000,6114300
85914,20110712,BBY,BEST BUY COMPANY INC,08651610,31.15000,4772100
85914,20110713,BBY,BEST BUY COMPANY INC,08651610,31.25000,4736200
85914,20110714,BBY,BEST BUY COMPANY INC,08651610,29.46000,12289500
85914,20110715,BBY,BEST BUY COMPANY INC,08651610,29.61000,8550600
85914,20110718,BBY,BEST BUY COMPANY INC,08651610,28.96000,6444000
85914,20110719,BBY,BEST BUY COMPANY INC,08651610,29.02000,7001600
85914,20110720,BBY,BEST BUY COMPANY INC,08651610,28.92000,4771100
85914,20110721,BBY,BEST BUY COMPANY INC,08651610,29.70000,5883600
85914,20110722,BBY,BEST BUY COMPANY INC,08651610,29.56000,3327800
85914,20110725,BBY,BEST BUY COMPANY INC,08651610,29.30000,3370400
85914,20110726,BBY,BEST BUY COMPANY INC,08651610,29.76000,6186700
85914,20110727,BBY,BEST BUY COMPANY INC,08651610,28.78000,7181300
85914,20110728,BBY,BEST BUY COMPANY INC,08651610,27.94000,6636000
85914,20110729,BBY,BEST BUY COMPANY INC,08651610,27.60000,7637100
85914,20110801,BBY,BEST BUY COMPANY INC,08651610,26.96000,7076300
85914,20110802,BBY,BEST BUY COMPANY INC,08651610,26.89000,11104300
85914,20110803,BBY,BEST BUY COMPANY INC,08651610,26.98000,8693700
85914,20110804,BBY,BEST BUY COMPANY INC,08651610,24.92000,12840300
85914,20110805,BBY,BEST BUY COMPANY INC,08651610,25.52000,12814200
85914,20110808,BBY,BEST BUY COMPANY INC,08651610,23.95000,10835700
85914,20110809,BBY,BEST BUY COMPANY INC,08651610,25.12000,11904300
85914,20110810,BBY,BEST BUY COMPANY INC,08651610,24.08000,6653100
85914,20110811,BBY,BEST BUY COMPANY INC,08651610,24.95000,6337800
85914,20110812,BBY,BEST BUY COMPANY INC,08651610,23.68000,11646900
85914,20110815,BBY,BEST BUY COMPANY INC,08651610,24.52000,6209400
85914,20110816,BBY,BEST BUY COMPANY INC,08651610,24.87000,5207100
85914,20110817,BBY,BEST BUY COMPANY INC,08651610,24.81000,4870800
85914,20110818,BBY,BEST BUY COMPANY INC,08651610,24.02000,11865100
85914,20110819,BBY,BEST BUY COMPANY INC,08651610,24.06000,7017500
85914,20110822,BBY,BEST BUY COMPANY INC,08651610,23.95000,5983200
85914,20110823,BBY,BEST BUY COMPANY INC,08651610,24.38000,5939200
85914,20110824,BBY,BEST BUY COMPANY INC,08651610,25.05000,3776700
85914,20110825,BBY,BEST BUY COMPANY INC,08651610,24.14000,5107500
85914,20110826,BBY,BEST BUY COMPANY INC,08651610,24.79000,4024100
85914,20110829,BBY,BEST BUY COMPANY INC,08651610,25.43000,3624200
85914,20110830,BBY,BEST BUY COMPANY INC,08651610,25.23000,4868800
85914,20110831,BBY,BEST BUY COMPANY INC,08651610,25.59000,4878500
85914,20110901,BBY,BEST BUY COMPANY INC,08651610,24.79000,4380700
85914,20110902,BBY,BEST BUY COMPANY INC,08651610,24.10000,5097700
85914,20110906,BBY,BEST BUY COMPANY INC,08651610,23.30000,8019600
85914,20110907,BBY,BEST BUY COMPANY INC,08651610,24.55000,5422300
85914,20110908,BBY,BEST BUY COMPANY INC,08651610,24.20000,4788200
85914,20110909,BBY,BEST BUY COMPANY INC,08651610,24.50000,7660600
85914,20110912,BBY,BEST BUY COMPANY INC,08651610,24.96000,8754600
85914,20110913,BBY,BEST BUY COMPANY INC,08651610,23.35000,32901100
85914,20110914,BBY,BEST BUY COMPANY INC,08651610,24.01000,13167300
85914,20110915,BBY,BEST BUY COMPANY INC,08651610,25.68000,12548500
85914,20110916,BBY,BEST BUY COMPANY INC,08651610,25.43000,10769400
85914,20110919,BBY,BEST BUY COMPANY INC,08651610,25.10000,5406200
85914,20110920,BBY,BEST BUY COMPANY INC,08651610,24.79000,5680100
85914,20110921,BBY,BEST BUY COMPANY INC,08651610,24.12000,4359200
85914,20110922,BBY,BEST BUY COMPANY INC,08651610,24.25000,9221900
85914,20110923,BBY,BEST BUY COMPANY INC,08651610,24.18000,6440500
85914,20110926,BBY,BEST BUY COMPANY INC,08651610,25.22000,4783200
85914,20110927,BBY,BEST BUY COMPANY INC,08651610,24.69000,9193500
85914,20110928,BBY,BEST BUY COMPANY INC,08651610,24.47000,8760700
85914,20110929,BBY,BEST BUY COMPANY INC,08651610,24.38000,8157800
85914,20110930,BBY,BEST BUY COMPANY INC,08651610,23.30000,5159700
85914,20111003,BBY,BEST BUY COMPANY INC,08651610,22.12000,9517400
85914,20111004,BBY,BEST BUY COMPANY INC,08651610,22.78000,9274100
85914,20111005,BBY,BEST BUY COMPANY INC,08651610,23.16000,9137900
85914,20111006,BBY,BEST BUY COMPANY INC,08651610,24.26000,5035800
85914,20111007,BBY,BEST BUY COMPANY INC,08651610,24.77000,10051800
85914,20111010,BBY,BEST BUY COMPANY INC,08651610,25.09000,4674300
85914,20111011,BBY,BEST BUY COMPANY INC,08651610,25.79000,4941000
85914,20111012,BBY,BEST BUY COMPANY INC,08651610,25.82000,4943900
85914,20111013,BBY,BEST BUY COMPANY INC,08651610,25.55000,3860200
85914,20111014,BBY,BEST BUY COMPANY INC,08651610,25.66000,3956000
85914,20111017,BBY,BEST BUY COMPANY INC,08651610,24.87000,4028100
85914,20111018,BBY,BEST BUY COMPANY INC,08651610,25.38000,4822600
85914,20111019,BBY,BEST BUY COMPANY INC,08651610,25.04000,3940600
85914,20111020,BBY,BEST BUY COMPANY INC,08651610,25.73000,5085400
85914,20111021,BBY,BEST BUY COMPANY INC,08651610,26.08000,3580400
85914,20111024,BBY,BEST BUY COMPANY INC,08651610,26.43000,4071400
85914,20111025,BBY,BEST BUY COMPANY INC,08651610,26.05000,3768600
85914,20111026,BBY,BEST BUY COMPANY INC,08651610,26.65000,6126700
85914,20111027,BBY,BEST BUY COMPANY INC,08651610,27.05000,8946600
85914,20111028,BBY,BEST BUY COMPANY INC,08651610,26.50000,6594200
85914,20111031,BBY,BEST BUY COMPANY INC,08651610,26.23000,6598700
85914,20111101,BBY,BEST BUY COMPANY INC,08651610,25.93000,5213100
85914,20111102,BBY,BEST BUY COMPANY INC,08651610,26.59000,6004000
85914,20111103,BBY,BEST BUY COMPANY INC,08651610,27.01000,5404100
85914,20111104,BBY,BEST BUY COMPANY INC,08651610,27.31000,5304900
85914,20111107,BBY,BEST BUY COMPANY INC,08651610,26.46000,6674600
85914,20111108,BBY,BEST BUY COMPANY INC,08651610,26.84000,6642300
85914,20111109,BBY,BEST BUY COMPANY INC,08651610,27.22000,10188800
85914,20111110,BBY,BEST BUY COMPANY INC,08651610,27.30000,7661900
85914,20111111,BBY,BEST BUY COMPANY INC,08651610,28.09000,5186100
85914,20111114,BBY,BEST BUY COMPANY INC,08651610,27.64000,3804300
85914,20111115,BBY,BEST BUY COMPANY INC,08651610,28.06000,7093000
85914,20111116,BBY,BEST BUY COMPANY INC,08651610,28.06000,6530200
85914,20111117,BBY,BEST BUY COMPANY INC,08651610,27.52000,6125900
85914,20111118,BBY,BEST BUY COMPANY INC,08651610,27.06000,5411900
85914,20111121,BBY,BEST BUY COMPANY INC,08651610,26.41000,6144800
85914,20111122,BBY,BEST BUY COMPANY INC,08651610,26.18000,4582400
85914,20111123,BBY,BEST BUY COMPANY INC,08651610,25.71000,3224000
85914,20111125,BBY,BEST BUY COMPANY INC,08651610,25.63000,2795800
85914,20111128,BBY,BEST BUY COMPANY INC,08651610,26.49000,5706700
85914,20111129,BBY,BEST BUY COMPANY INC,08651610,27.86000,8963600
85914,20111130,BBY,BEST BUY COMPANY INC,08651610,27.09000,9973100
85914,20111201,BBY,BEST BUY COMPANY INC,08651610,27.07000,6445300
85914,20111202,BBY,BEST BUY COMPANY INC,08651610,27.60000,5143100
85914,20111205,BBY,BEST BUY COMPANY INC,08651610,28.37000,5402200
85914,20111206,BBY,BEST BUY COMPANY INC,08651610,28.13000,5905700
85914,20111207,BBY,BEST BUY COMPANY INC,08651610,28.12000,5206900
85914,20111208,BBY,BEST BUY COMPANY INC,08651610,27.42000,5907000
85914,20111209,BBY,BEST BUY COMPANY INC,08651610,28.11000,4686500
85914,20111212,BBY,BEST BUY COMPANY INC,08651610,28.07000,7813500
85914,20111213,BBY,BEST BUY COMPANY INC,08651610,23.73000,31746600
85914,20111214,BBY,BEST BUY COMPANY INC,08651610,23.35000,14836600
85914,20111215,BBY,BEST BUY COMPANY INC,08651610,23.36000,8529900
85914,20111216,BBY,BEST BUY COMPANY INC,08651610,23.19000,8805800
85914,20111219,BBY,BEST BUY COMPANY INC,08651610,22.56000,8942100
85914,20111220,BBY,BEST BUY COMPANY INC,08651610,23.06000,9391800
85914,20111221,BBY,BEST BUY COMPANY INC,08651610,22.88000,5948800
85914,20111222,BBY,BEST BUY COMPANY INC,08651610,23.22000,6027300
85914,20111223,BBY,BEST BUY COMPANY INC,08651610,23.28000,3759600
85914,20111227,BBY,BEST BUY COMPANY INC,08651610,23.43000,6687400
85914,20111228,BBY,BEST BUY COMPANY INC,08651610,23.00000,4364000
85914,20111229,BBY,BEST BUY COMPANY INC,08651610,23.11000,3552100
85914,20111230,BBY,BEST BUY COMPANY INC,08651610,23.37000,4122200
85914,20120103,BBY,BEST BUY COMPANY INC,08651610,23.68000,5432500
85914,20120104,BBY,BEST BUY COMPANY INC,08651610,23.23000,7837000
85914,20120105,BBY,BEST BUY COMPANY INC,08651610,23.44000,8464200
85914,20120106,BBY,BEST BUY COMPANY INC,08651610,24.22000,8873800
85914,20120109,BBY,BEST BUY COMPANY INC,08651610,24.62000,6952000
85914,20120110,BBY,BEST BUY COMPANY INC,08651610,24.72000,7090700
85914,20120111,BBY,BEST BUY COMPANY INC,08651610,24.81000,4682900
85914,20120112,BBY,BEST BUY COMPANY INC,08651610,24.76000,3791500
85914,20120113,BBY,BEST BUY COMPANY INC,08651610,24.29000,4295800
85914,20120117,BBY,BEST BUY COMPANY INC,08651610,24.46000,3510900
85914,20120118,BBY,BEST BUY COMPANY INC,08651610,25.17000,4546100
85914,20120119,BBY,BEST BUY COMPANY INC,08651610,25.10000,4611900
85914,20120120,BBY,BEST BUY COMPANY INC,08651610,25.00000,4287000
85914,20120123,BBY,BEST BUY COMPANY INC,08651610,25.69000,5514700
85914,20120124,BBY,BEST BUY COMPANY INC,08651610,25.36000,4197600
85914,20120125,BBY,BEST BUY COMPANY INC,08651610,25.71000,4581200
85914,20120126,BBY,BEST BUY COMPANY INC,08651610,25.02000,6562400
85914,20120127,BBY,BEST BUY COMPANY INC,08651610,25.44000,3981400
85914,20120130,BBY,BEST BUY COMPANY INC,08651610,25.38000,3745200
85914,20120131,BBY,BEST BUY COMPANY INC,08651610,23.95000,9746200
85914,20120201,BBY,BEST BUY COMPANY INC,08651610,24.18000,6653200
85914,20120202,BBY,BEST BUY COMPANY INC,08651610,24.30000,3742400
85914,20120203,BBY,BEST BUY COMPANY INC,08651610,23.86000,8449700
85914,20120206,BBY,BEST BUY COMPANY INC,08651610,24.67000,6574100
85914,20120207,BBY,BEST BUY COMPANY INC,08651610,25.38000,7672300
85914,20120208,BBY,BEST BUY COMPANY INC,08651610,25.40000,6505000
85914,20120209,BBY,BEST BUY COMPANY INC,08651610,25.35000,4519600
85914,20120210,BBY,BEST BUY COMPANY INC,08651610,25.08000,3456100
85914,20120213,BBY,BEST BUY COMPANY INC,08651610,25.21000,2733400
85914,20120214,BBY,BEST BUY COMPANY INC,08651610,25.49000,2780300
85914,20120215,BBY,BEST BUY COMPANY INC,08651610,25.35000,3686200
85914,20120216,BBY,BEST BUY COMPANY INC,08651610,25.87000,3626200
85914,20120217,BBY,BEST BUY COMPANY INC,08651610,25.71000,3311300
85914,20120221,BBY,BEST BUY COMPANY INC,08651610,25.91000,5444100
85914,20120222,BBY,BEST BUY COMPANY INC,08651610,25.08000,5707000
85914,20120223,BBY,BEST BUY COMPANY INC,08651610,25.19000,3938800
85914,20120224,BBY,BEST BUY COMPANY INC,08651610,24.99000,2821600
85914,20120227,BBY,BEST BUY COMPANY INC,08651610,25.01000,3013300
85914,20120228,BBY,BEST BUY COMPANY INC,08651610,25.54000,3951300
85914,20120229,BBY,BEST BUY COMPANY INC,08651610,24.70000,5794400
85914,20120301,BBY,BEST BUY COMPANY INC,08651610,24.70000,4097900
85914,20120302,BBY,BEST BUY COMPANY INC,08651610,24.31000,3271900
85914,20120305,BBY,BEST BUY COMPANY INC,08651610,24.64000,3848600
85914,20120306,BBY,BEST BUY COMPANY INC,08651610,24.06000,3884900
85914,20120307,BBY,BEST BUY COMPANY INC,08651610,24.39000,5401700
85914,20120308,BBY,BEST BUY COMPANY INC,08651610,24.55000,2507000
85914,20120309,BBY,BEST BUY COMPANY INC,08651610,24.77000,3224100
85914,20120312,BBY,BEST BUY COMPANY INC,08651610,24.56000,2788500
85914,20120313,BBY,BEST BUY COMPANY INC,08651610,24.59000,4513800
85914,20120314,BBY,BEST BUY COMPANY INC,08651610,23.92000,7229400
85914,20120315,BBY,BEST BUY COMPANY INC,08651610,25.20000,10099300
85914,20120316,BBY,BEST BUY COMPANY INC,08651610,25.52000,10234200
85914,20120319,BBY,BEST BUY COMPANY INC,08651610,26.12000,8536200
85914,20120320,BBY,BEST BUY COMPANY INC,08651610,26.29000,6833700
85914,20120321,BBY,BEST BUY COMPANY INC,08651610,27.14000,13474600
85914,20120322,BBY,BEST BUY COMPANY INC,08651610,26.96000,7781800
85914,20120323,BBY,BEST BUY COMPANY INC,08651610,27.51000,8408900
85914,20120326,BBY,BEST BUY COMPANY INC,08651610,27.37000,7478200
85914,20120327,BBY,BEST BUY COMPANY INC,08651610,26.93000,6918100
85914,20120328,BBY,BEST BUY COMPANY INC,08651610,26.62000,9788700
85914,20120329,BBY,BEST BUY COMPANY INC,08651610,24.77000,30392300
85914,20120330,BBY,BEST BUY COMPANY INC,08651610,23.68000,16863200
85914,20120402,BBY,BEST BUY COMPANY INC,08651610,23.64000,11184000
85914,20120403,BBY,BEST BUY COMPANY INC,08651610,23.55000,8254100
85914,20120404,BBY,BEST BUY COMPANY INC,08651610,22.95000,10275000
85914,20120405,BBY,BEST BUY COMPANY INC,08651610,22.65000,6948300
85914,20120409,BBY,BEST BUY COMPANY INC,08651610,22.65000,6961200
85914,20120410,BBY,BEST BUY COMPANY INC,08651610,21.32000,29623200
85914,20120411,BBY,BEST BUY COMPANY INC,08651610,21.96000,13638500
85914,20120412,BBY,BEST BUY COMPANY INC,08651610,22.24000,19379400
85914,20120413,BBY,BEST BUY COMPANY INC,08651610,22.04000,18356000
85914,20120416,BBY,BEST BUY COMPANY INC,08651610,21.85000,7236600
85914,20120417,BBY,BEST BUY COMPANY INC,08651610,21.92000,5924500
85914,20120418,BBY,BEST BUY COMPANY INC,08651610,22.06000,6275200
85914,20120419,BBY,BEST BUY COMPANY INC,08651610,22.00000,4412900
85914,20120420,BBY,BEST BUY COMPANY INC,08651610,21.47000,9820400
85914,20120423,BBY,BEST BUY COMPANY INC,08651610,21.75000,7599200
85914,20120424,BBY,BEST BUY COMPANY INC,08651610,21.70000,6762000
85914,20120425,BBY,BEST BUY COMPANY INC,08651610,22.08000,4790200
85914,20120426,BBY,BEST BUY COMPANY INC,08651610,22.11000,4800200
85914,20120427,BBY,BEST BUY COMPANY INC,08651610,22.33000,5146800
85914,20120430,BBY,BEST BUY COMPANY INC,08651610,22.07000,3474800
85914,20120501,BBY,BEST BUY COMPANY INC,08651610,22.45000,5557900
85914,20120502,BBY,BEST BUY COMPANY INC,08651610,22.10000,3989800
85914,20120503,BBY,BEST BUY COMPANY INC,08651610,21.59000,8958000
85914,20120504,BBY,BEST BUY COMPANY INC,08651610,20.82000,5938700
85914,20120507,BBY,BEST BUY COMPANY INC,08651610,20.62000,5193600
85914,20120508,BBY,BEST BUY COMPANY INC,08651610,20.12000,7819900
85914,20120509,BBY,BEST BUY COMPANY INC,08651610,20.10000,6044500
85914,20120510,BBY,BEST BUY COMPANY INC,08651610,19.94000,7003700
85914,20120511,BBY,BEST BUY COMPANY INC,08651610,19.28000,7506200
85914,20120514,BBY,BEST BUY COMPANY INC,08651610,19.56000,7975500
85914,20120515,BBY,BEST BUY COMPANY INC,08651610,19.12000,4722100
85914,20120516,BBY,BEST BUY COMPANY INC,08651610,18.92000,5436300
85914,20120517,BBY,BEST BUY COMPANY INC,08651610,18.44000,10735300
85914,20120518,BBY,BEST BUY COMPANY INC,08651610,18.02000,9787400
85914,20120521,BBY,BEST BUY COMPANY INC,08651610,18.17000,10084200
85914,20120522,BBY,BEST BUY COMPANY INC,08651610,18.46000,22900400
85914,20120523,BBY,BEST BUY COMPANY INC,08651610,18.57000,7263500
85914,20120524,BBY,BEST BUY COMPANY INC,08651610,18.82000,8255600
85914,20120525,BBY,BEST BUY COMPANY INC,08651610,19.17000,5635000
85914,20120529,BBY,BEST BUY COMPANY INC,08651610,19.28000,6079800
85914,20120530,BBY,BEST BUY COMPANY INC,08651610,19.20000,5738800
85914,20120531,BBY,BEST BUY COMPANY INC,08651610,18.72000,6425200
85914,20120601,BBY,BEST BUY COMPANY INC,08651610,18.30000,7511300
85914,20120604,BBY,BEST BUY COMPANY INC,08651610,18.22000,8967300
85914,20120605,BBY,BEST BUY COMPANY INC,08651610,19.17000,9721800
85914,20120606,BBY,BEST BUY COMPANY INC,08651610,19.89000,6675900
85914,20120607,BBY,BEST BUY COMPANY INC,08651610,19.70000,32894800
85914,20120608,BBY,BEST BUY COMPANY INC,08651610,19.98000,10549000
85914,20120611,BBY,BEST BUY COMPANY INC,08651610,19.50000,9073500
85914,20120612,BBY,BEST BUY COMPANY INC,08651610,20.04000,6904300
85914,20120613,BBY,BEST BUY COMPANY INC,08651610,19.40000,9880300
85914,20120614,BBY,BEST BUY COMPANY INC,08651610,19.81000,6645900
85914,20120615,BBY,BEST BUY COMPANY INC,08651610,20.03000,6383000
85914,20120618,BBY,BEST BUY COMPANY INC,08651610,19.80000,4565200
85914,20120619,BBY,BEST BUY COMPANY INC,08651610,20.23000,11344200
85914,20120620,BBY,BEST BUY COMPANY INC,08651610,20.31000,5529100
85914,20120621,BBY,BEST BUY COMPANY INC,08651610,19.48000,8107000
85914,20120622,BBY,BEST BUY COMPANY INC,08651610,19.19000,6438200
85914,20120625,BBY,BEST BUY COMPANY INC,08651610,18.51000,6737200
85914,20120626,BBY,BEST BUY COMPANY INC,08651610,19.37000,17381000
85914,20120627,BBY,BEST BUY COMPANY INC,08651610,19.80000,9559500
85914,20120628,BBY,BEST BUY COMPANY INC,08651610,20.88000,14537200
85914,20120629,BBY,BEST BUY COMPANY INC,08651610,20.96000,8885400
85914,20120702,BBY,BEST BUY COMPANY INC,08651610,22.20000,35781700
85914,20120703,BBY,BEST BUY COMPANY INC,08651610,21.75000,6487000
85914,20120705,BBY,BEST BUY COMPANY INC,08651610,21.74000,6155800
85914,20120706,BBY,BEST BUY COMPANY INC,08651610,21.59000,7996800
85914,20120709,BBY,BEST BUY COMPANY INC,08651610,21.18000,6369600
85914,20120710,BBY,BEST BUY COMPANY INC,08651610,21.14000,7373400
85914,20120711,BBY,BEST BUY COMPANY INC,08651610,19.37000,16447400
85914,20120712,BBY,BEST BUY COMPANY INC,08651610,19.02000,12657000
85914,20120713,BBY,BEST BUY COMPANY INC,08651610,19.00000,9987700
85914,20120716,BBY,BEST BUY COMPANY INC,08651610,18.90000,6995700
85914,20120717,BBY,BEST BUY COMPANY INC,08651610,18.82000,5287000
85914,20120718,BBY,BEST BUY COMPANY INC,08651610,18.85000,6018300
85914,20120719,BBY,BEST BUY COMPANY INC,08651610,18.76000,6771200
85914,20120720,BBY,BEST BUY COMPANY INC,08651610,18.23000,6586100
85914,20120723,BBY,BEST BUY COMPANY INC,08651610,18.68000,8900400
85914,20120724,BBY,BEST BUY COMPANY INC,08651610,18.10000,10517800
85914,20120725,BBY,BEST BUY COMPANY INC,08651610,17.34000,9656200
85914,20120726,BBY,BEST BUY COMPANY INC,08651610,17.23000,10931500
85914,20120727,BBY,BEST BUY COMPANY INC,08651610,17.76000,7531400
85914,20120730,BBY,BEST BUY COMPANY INC,08651610,18.06000,7944200
85914,20120731,BBY,BEST BUY COMPANY INC,08651610,18.09000,7383000
85914,20120801,BBY,BEST BUY COMPANY INC,08651610,18.07000,12308800
85914,20120802,BBY,BEST BUY COMPANY INC,08651610,17.39000,6861300
85914,20120803,BBY,BEST BUY COMPANY INC,08651610,17.64000,4234000
85914,20120806,BBY,BEST BUY COMPANY INC,08651610,19.99000,49675300
85914,20120807,BBY,BEST BUY COMPANY INC,08651610,19.90000,12291700
85914,20120808,BBY,BEST BUY COMPANY INC,08651610,19.86000,8376600
85914,20120809,BBY,BEST BUY COMPANY INC,08651610,19.19000,11704200
85914,20120810,BBY,BEST BUY COMPANY INC,08651610,19.21000,4719000
85914,20120813,BBY,BEST BUY COMPANY INC,08651610,19.48000,5501600
85914,20120814,BBY,BEST BUY COMPANY INC,08651610,19.35000,6479300
85914,20120815,BBY,BEST BUY COMPANY INC,08651610,19.36000,4166500
85914,20120816,BBY,BEST BUY COMPANY INC,08651610,20.41000,7963300
85914,20120817,BBY,BEST BUY COMPANY INC,08651610,20.27000,7585400
85914,20120820,BBY,BEST BUY COMPANY INC,08651610,18.16000,22010100
85914,20120821,BBY,BEST BUY COMPANY INC,08651610,17.91000,42312000
85914,20120822,BBY,BEST BUY COMPANY INC,08651610,17.72000,8556900
85914,20120823,BBY,BEST BUY COMPANY INC,08651610,18.01000,11548800
85914,20120824,BBY,BEST BUY COMPANY INC,08651610,17.31000,10554900
85914,20120827,BBY,BEST BUY COMPANY INC,08651610,17.87000,17241900
85914,20120828,BBY,BEST BUY COMPANY INC,08651610,17.86000,14537100
85914,20120829,BBY,BEST BUY COMPANY INC,08651610,18.21000,10840800
85914,20120830,BBY,BEST BUY COMPANY INC,08651610,17.80000,4864300
85914,20120831,BBY,BEST BUY COMPANY INC,08651610,17.74000,5828200
85914,20120904,BBY,BEST BUY COMPANY INC,08651610,18.02000,4902000
85914,20120905,BBY,BEST BUY COMPANY INC,08651610,17.91000,6298800
85914,20120906,BBY,BEST BUY COMPANY INC,08651610,18.24000,5660900
85914,20120907,BBY,BEST BUY COMPANY INC,08651610,18.23000,7184000
85914,20120910,BBY,BEST BUY COMPANY INC,08651610,18.18000,4150700
85914,20120911,BBY,BEST BUY COMPANY INC,08651610,18.58000,4027700
85914,20120912,BBY,BEST BUY COMPANY INC,08651610,18.58000,5636600
85914,20120913,BBY,BEST BUY COMPANY INC,08651610,18.32000,5691400
85914,20120914,BBY,BEST BUY COMPANY INC,08651610,18.58000,5117200
85914,20120917,BBY,BEST BUY COMPANY INC,08651610,17.96000,6587100
85914,20120918,BBY,BEST BUY COMPANY INC,08651610,17.66000,6055500
85914,20120919,BBY,BEST BUY COMPANY INC,08651610,17.94000,5948600
85914,20120920,BBY,BEST BUY COMPANY INC,08651610,18.09000,4942400
85914,20120921,BBY,BEST BUY COMPANY INC,08651610,17.81000,6335800
85914,20120924,BBY,BEST BUY COMPANY INC,08651610,17.61000,5582300
85914,20120925,BBY,BEST BUY COMPANY INC,08651610,16.93000,5658300
85914,20120926,BBY,BEST BUY COMPANY INC,08651610,17.59000,10371100
85914,20120927,BBY,BEST BUY COMPANY INC,08651610,17.58000,3708100
85914,20120928,BBY,BEST BUY COMPANY INC,08651610,17.20000,4340100
85914,20121001,BBY,BEST BUY COMPANY INC,08651610,16.99000,4451200
85914,20121002,BBY,BEST BUY COMPANY INC,08651610,16.97000,3525900
85914,20121003,BBY,BEST BUY COMPANY INC,08651610,17.76000,9236900
85914,20121004,BBY,BEST BUY COMPANY INC,08651610,18.40000,7903500
85914,20121005,BBY,BEST BUY COMPANY INC,08651610,18.03000,4416600
85914,20121008,BBY,BEST BUY COMPANY INC,08651610,17.91000,2125100
85914,20121009,BBY,BEST BUY COMPANY INC,08651610,17.84000,2881200
85914,20121010,BBY,BEST BUY COMPANY INC,08651610,17.80000,5609000
85914,20121011,BBY,BEST BUY COMPANY INC,08651610,17.84000,3840800
85914,20121012,BBY,BEST BUY COMPANY INC,08651610,17.66000,2254900
85914,20121015,BBY,BEST BUY COMPANY INC,08651610,17.48000,2691600
85914,20121016,BBY,BEST BUY COMPANY INC,08651610,17.61000,2552200
85914,20121017,BBY,BEST BUY COMPANY INC,08651610,17.59000,2850000
85914,20121018,BBY,BEST BUY COMPANY INC,08651610,17.49000,2847100
85914,20121019,BBY,BEST BUY COMPANY INC,08651610,17.25000,3158500
85914,20121022,BBY,BEST BUY COMPANY INC,08651610,17.10000,3342400
85914,20121023,BBY,BEST BUY COMPANY INC,08651610,16.87000,5332200
85914,20121024,BBY,BEST BUY COMPANY INC,08651610,16.92000,7914000
85914,20121025,BBY,BEST BUY COMPANY INC,08651610,15.17000,16012000
85914,20121026,BBY,BEST BUY COMPANY INC,08651610,14.96000,9132300
85914,20121031,BBY,BEST BUY COMPANY INC,08651610,15.21000,5129500
85914,20121101,BBY,BEST BUY COMPANY INC,08651610,15.05000,3937400
85914,20121102,BBY,BEST BUY COMPANY INC,08651610,14.69000,4903000
85914,20121105,BBY,BEST BUY COMPANY INC,08651610,14.47000,5006600
85914,20121106,BBY,BEST BUY COMPANY INC,08651610,14.95000,4893000
85914,20121107,BBY,BEST BUY COMPANY INC,08651610,15.47000,10354100
85914,20121108,BBY,BEST BUY COMPANY INC,08651610,15.26000,4054500
85914,20121109,BBY,BEST BUY COMPANY INC,08651610,15.30000,3236300
85914,20121112,BBY,BEST BUY COMPANY INC,08651610,15.85000,7071400
85914,20121113,BBY,BEST BUY COMPANY INC,08651610,15.70000,4941100
85914,20121114,BBY,BEST BUY COMPANY INC,08651610,15.33000,4027400
85914,20121115,BBY,BEST BUY COMPANY INC,08651610,15.25000,3394000
85914,20121116,BBY,BEST BUY COMPANY INC,08651610,13.75000,17371100
85914,20121119,BBY,BEST BUY COMPANY INC,08651610,13.75000,10210100
85914,20121120,BBY,BEST BUY COMPANY INC,08651610,11.96000,32773500
85914,20121121,BBY,BEST BUY COMPANY INC,08651610,11.57000,18758700
85914,20121123,BBY,BEST BUY COMPANY INC,08651610,11.70000,7237900
85914,20121126,BBY,BEST BUY COMPANY INC,08651610,12.48000,15747200
85914,20121127,BBY,BEST BUY COMPANY INC,08651610,12.89000,21970900
85914,20121128,BBY,BEST BUY COMPANY INC,08651610,13.35000,10164700
85914,20121129,BBY,BEST BUY COMPANY INC,08651610,12.95000,13857400
85914,20121130,BBY,BEST BUY COMPANY INC,08651610,13.11000,13001300
85914,20121203,BBY,BEST BUY COMPANY INC,08651610,12.92000,5191600
85914,20121204,BBY,BEST BUY COMPANY INC,08651610,12.15000,8522400
85914,20121205,BBY,BEST BUY COMPANY INC,08651610,12.08000,6329100
85914,20121206,BBY,BEST BUY COMPANY INC,08651610,12.36000,8995700
85914,20121207,BBY,BEST BUY COMPANY INC,08651610,11.99000,7204800
85914,20121210,BBY,BEST BUY COMPANY INC,08651610,12.39000,7809500
85914,20121211,BBY,BEST BUY COMPANY INC,08651610,12.11000,7759000
85914,20121212,BBY,BEST BUY COMPANY INC,08651610,12.18000,16364900
85914,20121213,BBY,BEST BUY COMPANY INC,08651610,14.12000,44057800
85914,20121214,BBY,BEST BUY COMPANY INC,08651610,12.05000,42322400
85914,20121217,BBY,BEST BUY COMPANY INC,08651610,12.27000,7953500
85914,20121218,BBY,BEST BUY COMPANY INC,08651610,12.12000,8355300
85914,20121219,BBY,BEST BUY COMPANY INC,08651610,11.90000,6052200
85914,20121220,BBY,BEST BUY COMPANY INC,08651610,11.97000,5891400
85914,20121221,BBY,BEST BUY COMPANY INC,08651610,11.67000,8458600
85914,20121224,BBY,BEST BUY COMPANY INC,08651610,11.57000,2299100
85914,20121226,BBY,BEST BUY COMPANY INC,08651610,11.47000,5004000
85914,20121227,BBY,BEST BUY COMPANY INC,08651610,11.51000,5439400
85914,20121228,BBY,BEST BUY COMPANY INC,08651610,11.29000,4483400
85914,20121231,BBY,BEST BUY COMPANY INC,08651610,11.85000,8208500
85914,20130102,BBY,BEST BUY COMPANY INC,08651610,11.81000,6571700
85914,20130103,BBY,BEST BUY COMPANY INC,08651610,11.99000,6108000
85914,20130104,BBY,BEST BUY COMPANY INC,08651610,12.11000,6075700
85914,20130107,BBY,BEST BUY COMPANY INC,08651610,12.21000,5150500
85914,20130108,BBY,BEST BUY COMPANY INC,08651610,11.82000,6884500
85914,20130109,BBY,BEST BUY COMPANY INC,08651610,11.59000,8371900
85914,20130110,BBY,BEST BUY COMPANY INC,08651610,12.21000,9785200
85914,20130111,BBY,BEST BUY COMPANY INC,08651610,14.21000,45788000
85914,20130114,BBY,BEST BUY COMPANY INC,08651610,14.48000,19678800
85914,20130115,BBY,BEST BUY COMPANY INC,08651610,14.42000,11252600
85914,20130116,BBY,BEST BUY COMPANY INC,08651610,14.67000,6923200
85914,20130117,BBY,BEST BUY COMPANY INC,08651610,14.62000,8322900
85914,20130118,BBY,BEST BUY COMPANY INC,08651610,14.88000,6266900
85914,20130122,BBY,BEST BUY COMPANY INC,08651610,15.39000,13803000
85914,20130123,BBY,BEST BUY COMPANY INC,08651610,15.40000,12234900
85914,20130124,BBY,BEST BUY COMPANY INC,08651610,15.34000,7004300
85914,20130125,BBY,BEST BUY COMPANY INC,08651610,15.78000,9187600
85914,20130128,BBY,BEST BUY COMPANY INC,08651610,16.06000,10581100
85914,20130129,BBY,BEST BUY COMPANY INC,08651610,15.99000,5402800
85914,20130130,BBY,BEST BUY COMPANY INC,08651610,15.90000,6744300
85914,20130131,BBY,BEST BUY COMPANY INC,08651610,16.26000,6413500
85914,20130201,BBY,BEST BUY COMPANY INC,08651610,16.11000,4504800
85914,20130204,BBY,BEST BUY COMPANY INC,08651610,15.76000,6203300
85914,20130205,BBY,BEST BUY COMPANY INC,08651610,15.93000,5346100
85914,20130206,BBY,BEST BUY COMPANY INC,08651610,15.91000,4596700
85914,20130207,BBY,BEST BUY COMPANY INC,08651610,15.58000,3930100
85914,20130208,BBY,BEST BUY COMPANY INC,08651610,15.29000,4775400
85914,20130211,BBY,BEST BUY COMPANY INC,08651610,15.71000,3858900
85914,20130212,BBY,BEST BUY COMPANY INC,08651610,15.43000,4486700
85914,20130213,BBY,BEST BUY COMPANY INC,08651610,15.12000,17339400
85914,20130214,BBY,BEST BUY COMPANY INC,08651610,15.71000,14403700
85914,20130215,BBY,BEST BUY COMPANY INC,08651610,16.87000,18403700
85914,20130219,BBY,BEST BUY COMPANY INC,08651610,17.33000,16391300
85914,20130220,BBY,BEST BUY COMPANY INC,08651610,17.25000,7948600
85914,20130221,BBY,BEST BUY COMPANY INC,08651610,17.41000,8612700
85914,20130222,BBY,BEST BUY COMPANY INC,08651610,17.02000,5182400
85914,20130225,BBY,BEST BUY COMPANY INC,08651610,17.00000,8513700
85914,20130226,BBY,BEST BUY COMPANY INC,08651610,16.46000,10844500
85914,20130227,BBY,BEST BUY COMPANY INC,08651610,16.60000,4565700
85914,20130228,BBY,BEST BUY COMPANY INC,08651610,16.41000,12812000
85914,20130301,BBY,BEST BUY COMPANY INC,08651610,17.16000,32706900
85914,20130304,BBY,BEST BUY COMPANY INC,08651610,17.77000,14176500
85914,20130305,BBY,BEST BUY COMPANY INC,08651610,18.40000,12124000
85914,20130306,BBY,BEST BUY COMPANY INC,08651610,18.75000,26689200
85914,20130307,BBY,BEST BUY COMPANY INC,08651610,19.26000,10560500
85914,20130308,BBY,BEST BUY COMPANY INC,08651610,20.17000,22784500
85914,20130311,BBY,BEST BUY COMPANY INC,08651610,20.08000,20020400
85914,20130312,BBY,BEST BUY COMPANY INC,08651610,20.29000,15194800
85914,20130313,BBY,BEST BUY COMPANY INC,08651610,20.96000,11652800
85914,20130314,BBY,BEST BUY COMPANY INC,08651610,21.50000,9247800
85914,20130315,BBY,BEST BUY COMPANY INC,08651610,21.45000,12090200
85914,20130318,BBY,BEST BUY COMPANY INC,08651610,22.13000,14993500
85914,20130319,BBY,BEST BUY COMPANY INC,08651610,22.25000,11295200
85914,20130320,BBY,BEST BUY COMPANY INC,08651610,23.07000,16468600
85914,20130321,BBY,BEST BUY COMPANY INC,08651610,22.46000,15838600
85914,20130322,BBY,BEST BUY COMPANY INC,08651610,22.78000,15684000
85914,20130325,BBY,BEST BUY COMPANY INC,08651610,23.20000,9802200
85914,20130326,BBY,BEST BUY COMPANY INC,08651610,22.70000,9421600
85914,20130327,BBY,BEST BUY COMPANY INC,08651610,22.15000,10648400
85914,20130328,BBY,BEST BUY COMPANY INC,08651610,22.15000,8861800
85914,20130401,BBY,BEST BUY COMPANY INC,08651610,21.68000,6090800
85914,20130402,BBY,BEST BUY COMPANY INC,08651610,21.64000,7679200
85914,20130403,BBY,BEST BUY COMPANY INC,08651610,21.65000,7599500
85914,20130404,BBY,BEST BUY COMPANY INC,08651610,25.13000,55397700
85914,20130405,BBY,BEST BUY COMPANY INC,08651610,25.45000,25427400
85914,20130408,BBY,BEST BUY COMPANY INC,08651610,25.96000,31708700
85914,20130409,BBY,BEST BUY COMPANY INC,08651610,25.74000,12265000
85914,20130410,BBY,BEST BUY COMPANY INC,08651610,24.82000,14280100
85914,20130411,BBY,BEST BUY COMPANY INC,08651610,24.11000,11822900
85914,20130412,BBY,BEST BUY COMPANY INC,08651610,24.09000,14930700
85914,20130415,BBY,BEST BUY COMPANY INC,08651610,22.94000,11309700
85914,20130416,BBY,BEST BUY COMPANY INC,08651610,23.66000,7350900
85914,20130417,BBY,BEST BUY COMPANY INC,08651610,23.38000,6153700
85914,20130418,BBY,BEST BUY COMPANY INC,08651610,22.97000,6092300
85914,20130419,BBY,BEST BUY COMPANY INC,08651610,23.25000,5044800
85914,20130422,BBY,BEST BUY COMPANY INC,08651610,23.68000,5294300
85914,20130423,BBY,BEST BUY COMPANY INC,08651610,24.13000,6209700
85914,20130424,BBY,BEST BUY COMPANY INC,08651610,23.77000,4496000
85914,20130425,BBY,BEST BUY COMPANY INC,08651610,24.14000,5285200
85914,20130426,BBY,BEST BUY COMPANY INC,08651610,23.50000,4644000
85914,20130429,BBY,BEST BUY COMPANY INC,08651610,24.20000,5288800
85914,20130430,BBY,BEST BUY COMPANY INC,08651610,25.99000,23296700
85914,20130501,BBY,BEST BUY COMPANY INC,08651610,25.90000,7449000
85914,20130502,BBY,BEST BUY COMPANY INC,08651610,26.26000,4392800
85914,20130503,BBY,BEST BUY COMPANY INC,08651610,26.52000,5109900
85914,20130506,BBY,BEST BUY COMPANY INC,08651610,26.34000,4664200
85914,20130507,BBY,BEST BUY COMPANY INC,08651610,26.12000,3659500
85914,20130508,BBY,BEST BUY COMPANY INC,08651610,25.51000,5986500
85914,20130509,BBY,BEST BUY COMPANY INC,08651610,25.60000,4496500
85914,20130510,BBY,BEST BUY COMPANY INC,08651610,25.37000,4185700
85914,20130513,BBY,BEST BUY COMPANY INC,08651610,25.31000,3424300
85914,20130514,BBY,BEST BUY COMPANY INC,08651610,26.74000,7455400
85914,20130515,BBY,BEST BUY COMPANY INC,08651610,26.40000,5580500
85914,20130516,BBY,BEST BUY COMPANY INC,08651610,25.90000,3623000
85914,20130517,BBY,BEST BUY COMPANY INC,08651610,26.90000,5907100
85914,20130520,BBY,BEST BUY COMPANY INC,08651610,26.81000,7884800
85914,20130521,BBY,BEST BUY COMPANY INC,08651610,25.64000,20922900
85914,20130522,BBY,BEST BUY COMPANY INC,08651610,25.65000,9696000
85914,20130523,BBY,BEST BUY COMPANY INC,08651610,26.29000,5322100
85914,20130524,BBY,BEST BUY COMPANY INC,08651610,26.03000,4140200
85914,20130528,BBY,BEST BUY COMPANY INC,08651610,26.73000,7291400
85914,20130529,BBY,BEST BUY COMPANY INC,08651610,27.04000,7167400
85914,20130530,BBY,BEST BUY COMPANY INC,08651610,27.74000,10798000
85914,20130531,BBY,BEST BUY COMPANY INC,08651610,27.55000,10223600
85914,20130603,BBY,BEST BUY COMPANY INC,08651610,27.36000,10418000
85914,20130604,BBY,BEST BUY COMPANY INC,08651610,27.40000,6992300
85914,20130605,BBY,BEST BUY COMPANY INC,08651610,27.09000,8352900
85914,20130606,BBY,BEST BUY COMPANY INC,08651610,27.68000,4859600
85914,20130607,BBY,BEST BUY COMPANY INC,08651610,27.36000,3495400
85914,20130610,BBY,BEST BUY COMPANY INC,08651610,28.04000,4847400
85914,20130611,BBY,BEST BUY COMPANY INC,08651610,27.89000,6245900
85914,20130612,BBY,BEST BUY COMPANY INC,08651610,26.88000,5498100
85914,20130613,BBY,BEST BUY COMPANY INC,08651610,27.56000,6204200
85914,20130614,BBY,BEST BUY COMPANY INC,08651610,26.87000,5823400
85914,20130617,BBY,BEST BUY COMPANY INC,08651610,27.41000,4269900
85914,20130618,BBY,BEST BUY COMPANY INC,08651610,28.06000,5076200
85914,20130619,BBY,BEST BUY COMPANY INC,08651610,27.66000,3874600
85914,20130620,BBY,BEST BUY COMPANY INC,08651610,26.59000,4404600
85914,20130621,BBY,BEST BUY COMPANY INC,08651610,26.77000,6840500
85914,20130624,BBY,BEST BUY COMPANY INC,08651610,26.32000,3326600
85914,20130625,BBY,BEST BUY COMPANY INC,08651610,26.74000,5152500
85914,20130626,BBY,BEST BUY COMPANY INC,08651610,27.28000,3270600
85914,20130627,BBY,BEST BUY COMPANY INC,08651610,27.84000,3221600
85914,20130628,BBY,BEST BUY COMPANY INC,08651610,27.33000,4108700
85914,20130701,BBY,BEST BUY COMPANY INC,08651610,29.74000,12010300
85914,20130702,BBY,BEST BUY COMPANY INC,08651610,28.69000,7237700
85914,20130703,BBY,BEST BUY COMPANY INC,08651610,29.42000,4355000
85914,20130705,BBY,BEST BUY COMPANY INC,08651610,29.73000,4075800
85914,20130708,BBY,BEST BUY COMPANY INC,08651610,30.02000,5728000
85914,20130709,BBY,BEST BUY COMPANY INC,08651610,29.73000,5496600
85914,20130710,BBY,BEST BUY COMPANY INC,08651610,28.47000,10772900
85914,20130711,BBY,BEST BUY COMPANY INC,08651610,29.38000,5575500
85914,20130712,BBY,BEST BUY COMPANY INC,08651610,29.73000,7444300
85914,20130715,BBY,BEST BUY COMPANY INC,08651610,29.60000,3400500
85914,20130716,BBY,BEST BUY COMPANY INC,08651610,29.14000,3150600
85914,20130717,BBY,BEST BUY COMPANY INC,08651610,28.54000,3333700
85914,20130718,BBY,BEST BUY COMPANY INC,08651610,28.81000,3569200
85914,20130719,BBY,BEST BUY COMPANY INC,08651610,28.97000,3122500
85914,20130722,BBY,BEST BUY COMPANY INC,08651610,29.40000,2335100
85914,20130723,BBY,BEST BUY COMPANY INC,08651610,29.33000,2260400
85914,20130724,BBY,BEST BUY COMPANY INC,08651610,29.33000,2277400
85914,20130725,BBY,BEST BUY COMPANY INC,08651610,29.93000,2263100
85914,20130726,BBY,BEST BUY COMPANY INC,08651610,29.65000,1651000
85914,20130729,BBY,BEST BUY COMPANY INC,08651610,28.86000,2768700
85914,20130730,BBY,BEST BUY COMPANY INC,08651610,29.34000,3853500
85914,20130731,BBY,BEST BUY COMPANY INC,08651610,30.09000,3978100
85914,20130801,BBY,BEST BUY COMPANY INC,08651610,30.71000,3512800
85914,20130802,BBY,BEST BUY COMPANY INC,08651610,31.30000,3203200
85914,20130805,BBY,BEST BUY COMPANY INC,08651610,31.24000,4872400
85914,20130806,BBY,BEST BUY COMPANY INC,08651610,31.39000,4598500
85914,20130807,BBY,BEST BUY COMPANY INC,08651610,30.44000,5512900
85914,20130808,BBY,BEST BUY COMPANY INC,08651610,31.03000,4408300
85914,20130809,BBY,BEST BUY COMPANY INC,08651610,30.63000,2797700
85914,20130812,BBY,BEST BUY COMPANY INC,08651610,30.86000,4242400
85914,20130813,BBY,BEST BUY COMPANY INC,08651610,30.86000,3654200
85914,20130814,BBY,BEST BUY COMPANY INC,08651610,31.67000,7034000
85914,20130815,BBY,BEST BUY COMPANY INC,08651610,30.81000,5010000
85914,20130816,BBY,BEST BUY COMPANY INC,08651610,30.37000,5003400
85914,20130819,BBY,BEST BUY COMPANY INC,08651610,30.73000,5698400
85914,20130820,BBY,BEST BUY COMPANY INC,08651610,34.80000,31447700
85914,20130821,BBY,BEST BUY COMPANY INC,08651610,33.75000,11009700
85914,20130822,BBY,BEST BUY COMPANY INC,08651610,35.20000,8296200
85914,20130823,BBY,BEST BUY COMPANY INC,08651610,35.08000,7037000
85914,20130826,BBY,BEST BUY COMPANY INC,08651610,35.81000,5116800
85914,20130827,BBY,BEST BUY COMPANY INC,08651610,35.02000,7275000
85914,20130828,BBY,BEST BUY COMPANY INC,08651610,35.81000,7197400
85914,20130829,BBY,BEST BUY COMPANY INC,08651610,36.35000,6189300
85914,20130830,BBY,BEST BUY COMPANY INC,08651610,36.00000,4936400
85914,20130903,BBY,BEST BUY COMPANY INC,08651610,36.99000,5987800
85914,20130904,BBY,BEST BUY COMPANY INC,08651610,37.14000,9307300
85914,20130905,BBY,BEST BUY COMPANY INC,08651610,37.49000,5590000
85914,20130906,BBY,BEST BUY COMPANY INC,08651610,37.02000,5925300
85914,20130909,BBY,BEST BUY COMPANY INC,08651610,37.16000,4065700
85914,20130910,BBY,BEST BUY COMPANY INC,08651610,37.92000,4766900
85914,20130911,BBY,BEST BUY COMPANY INC,08651610,37.90000,3949200
85914,20130912,BBY,BEST BUY COMPANY INC,08651610,37.63000,3224600
85914,20130913,BBY,BEST BUY COMPANY INC,08651610,38.28000,4482900
85914,20130916,BBY,BEST BUY COMPANY INC,08651610,38.32000,4624600
85914,20130917,BBY,BEST BUY COMPANY INC,08651610,38.95000,4409200
85914,20130918,BBY,BEST BUY COMPANY INC,08651610,39.05000,3962300
85914,20130919,BBY,BEST BUY COMPANY INC,08651610,39.10000,5207500
85914,20130920,BBY,BEST BUY COMPANY INC,08651610,38.30000,6240200
85914,20130923,BBY,BEST BUY COMPANY INC,08651610,38.89000,5613000
85914,20130924,BBY,BEST BUY COMPANY INC,08651610,38.30000,5546600
85914,20130925,BBY,BEST BUY COMPANY INC,08651610,38.00000,6722800
85914,20130926,BBY,BEST BUY COMPANY INC,08651610,38.53000,2808500
85914,20130927,BBY,BEST BUY COMPANY INC,08651610,37.98000,2838800
85914,20130930,BBY,BEST BUY COMPANY INC,08651610,37.50000,3827400
85914,20131001,BBY,BEST BUY COMPANY INC,08651610,37.95000,3608800
85914,20131002,BBY,BEST BUY COMPANY INC,08651610,37.66000,2991500
85914,20131003,BBY,BEST BUY COMPANY INC,08651610,37.69000,3413700
85914,20131004,BBY,BEST BUY COMPANY INC,08651610,38.15000,3312300
85914,20131007,BBY,BEST BUY COMPANY INC,08651610,37.01000,3078700
85914,20131008,BBY,BEST BUY COMPANY INC,08651610,35.67000,6941400
85914,20131009,BBY,BEST BUY COMPANY INC,08651610,36.26000,5336900
85914,20131010,BBY,BEST BUY COMPANY INC,08651610,39.00000,11496100
85914,20131011,BBY,BEST BUY COMPANY INC,08651610,39.26000,5841300
85914,20131014,BBY,BEST BUY COMPANY INC,08651610,39.61000,4940700
85914,20131015,BBY,BEST BUY COMPANY INC,08651610,40.62000,12585400
85914,20131016,BBY,BEST BUY COMPANY INC,08651610,41.60000,9621900
85914,20131017,BBY,BEST BUY COMPANY INC,08651610,42.82000,8142600
85914,20131018,BBY,BEST BUY COMPANY INC,08651610,42.97000,5995200
85914,20131021,BBY,BEST BUY COMPANY INC,08651610,42.81000,3197000
85914,20131022,BBY,BEST BUY COMPANY INC,08651610,43.08000,4256100
85914,20131023,BBY,BEST BUY COMPANY INC,08651610,42.55000,4284400
85914,20131024,BBY,BEST BUY COMPANY INC,08651610,42.74000,3011900
85914,20131025,BBY,BEST BUY COMPANY INC,08651610,42.77000,11557300
85914,20131028,BBY,BEST BUY COMPANY INC,08651610,42.87000,3817500
85914,20131029,BBY,BEST BUY COMPANY INC,08651610,42.92000,4255800
85914,20131030,BBY,BEST BUY COMPANY INC,08651610,42.73000,2982900
85914,20131031,BBY,BEST BUY COMPANY INC,08651610,42.80000,3418200
85914,20131101,BBY,BEST BUY COMPANY INC,08651610,42.93000,3454000
85914,20131104,BBY,BEST BUY COMPANY INC,08651610,43.28000,3277000
85914,20131105,BBY,BEST BUY COMPANY INC,08651610,44.06000,4003400
85914,20131106,BBY,BEST BUY COMPANY INC,08651610,41.71000,9488200
85914,20131107,BBY,BEST BUY COMPANY INC,08651610,40.89000,6140200
85914,20131108,BBY,BEST BUY COMPANY INC,08651610,42.41000,4153000
85914,20131111,BBY,BEST BUY COMPANY INC,08651610,44.33000,6908000
85914,20131112,BBY,BEST BUY COMPANY INC,08651610,43.77000,3472600
85914,20131113,BBY,BEST BUY COMPANY INC,08651610,43.99000,5377000
85914,20131114,BBY,BEST BUY COMPANY INC,08651610,43.33000,5967100
85914,20131115,BBY,BEST BUY COMPANY INC,08651610,43.69000,4922600
85914,20131118,BBY,BEST BUY COMPANY INC,08651610,43.56000,7235100
85914,20131119,BBY,BEST BUY COMPANY INC,08651610,38.78000,33161300
85914,20131120,BBY,BEST BUY COMPANY INC,08651610,38.71000,11858000
85914,20131121,BBY,BEST BUY COMPANY INC,08651610,39.07000,9752100
85914,20131122,BBY,BEST BUY COMPANY INC,08651610,39.37000,4832400
85914,20131125,BBY,BEST BUY COMPANY INC,08651610,39.73000,4057700
85914,20131126,BBY,BEST BUY COMPANY INC,08651610,39.62000,7040500
85914,20131127,BBY,BEST BUY COMPANY INC,08651610,39.61000,3959300
85914,20131129,BBY,BEST BUY COMPANY INC,08651610,40.55000,4284900
85914,20131202,BBY,BEST BUY COMPANY INC,08651610,41.08000,6430400
85914,20131203,BBY,BEST BUY COMPANY INC,08651610,42.00000,6307200
85914,20131204,BBY,BEST BUY COMPANY INC,08651610,42.80000,6632200
85914,20131205,BBY,BEST BUY COMPANY INC,08651610,41.60000,5397400
85914,20131206,BBY,BEST BUY COMPANY INC,08651610,41.05000,5002700
85914,20131209,BBY,BEST BUY COMPANY INC,08651610,41.36000,4515900
85914,20131210,BBY,BEST BUY COMPANY INC,08651610,41.54000,2486400
85914,20131211,BBY,BEST BUY COMPANY INC,08651610,40.51000,3279000
85914,20131212,BBY,BEST BUY COMPANY INC,08651610,40.23000,4934600
85914,20131213,BBY,BEST BUY COMPANY INC,08651610,40.51000,3951500
85914,20131216,BBY,BEST BUY COMPANY INC,08651610,41.73000,4287600
85914,20131217,BBY,BEST BUY COMPANY INC,08651610,41.22000,3638300
85914,20131218,BBY,BEST BUY COMPANY INC,08651610,41.96000,4616100
85914,20131219,BBY,BEST BUY COMPANY INC,08651610,41.35000,3012600
85914,20131220,BBY,BEST BUY COMPANY INC,08651610,39.66000,10066500
85914,20131223,BBY,BEST BUY COMPANY INC,08651610,40.61000,4908900
85914,20131224,BBY,BEST BUY COMPANY INC,08651610,40.22000,1520000
85914,20131226,BBY,BEST BUY COMPANY INC,08651610,41.04000,3396900
85914,20131227,BBY,BEST BUY COMPANY INC,08651610,40.17000,2730400
85914,20131230,BBY,BEST BUY COMPANY INC,08651610,40.01000,3749900
85914,20131231,BBY,BEST BUY COMPANY INC,08651610,39.88000,2927000
85914,20140102,BBY,BEST BUY COMPANY INC,08651610,40.50000,4019300
85914,20140103,BBY,BEST BUY COMPANY INC,08651610,40.68000,2565200
85914,20140106,BBY,BEST BUY COMPANY INC,08651610,39.41000,11016500
85914,20140107,BBY,BEST BUY COMPANY INC,08651610,38.38000,7854400
85914,20140108,BBY,BEST BUY COMPANY INC,08651610,37.84000,6941800
85914,20140109,BBY,BEST BUY COMPANY INC,08651610,37.53000,8116600
85914,20140110,BBY,BEST BUY COMPANY INC,08651610,37.81000,4838000
85914,20140113,BBY,BEST BUY COMPANY INC,08651610,36.86000,5680200
85914,20140114,BBY,BEST BUY COMPANY INC,08651610,37.05000,12156600
85914,20140115,BBY,BEST BUY COMPANY INC,08651610,37.57000,14065500
85914,20140116,BBY,BEST BUY COMPANY INC,08651610,26.83000,85222900
85914,20140117,BBY,BEST BUY COMPANY INC,08651610,24.43000,60431100
85914,20140121,BBY,BEST BUY COMPANY INC,08651610,24.47000,24890500
85914,20140122,BBY,BEST BUY COMPANY INC,08651610,26.01000,23743200
85914,20140123,BBY,BEST BUY COMPANY INC,08651610,26.07000,14657600
85914,20140124,BBY,BEST BUY COMPANY INC,08651610,25.02000,11936000
85914,20140127,BBY,BEST BUY COMPANY INC,08651610,24.60000,10043300
85914,20140128,BBY,BEST BUY COMPANY INC,08651610,24.72000,9172300
85914,20140129,BBY,BEST BUY COMPANY INC,08651610,23.97000,7462900
85914,20140130,BBY,BEST BUY COMPANY INC,08651610,22.72000,15355200
85914,20140131,BBY,BEST BUY COMPANY INC,08651610,23.54000,13508300
85914,20140203,BBY,BEST BUY COMPANY INC,08651610,23.07000,12291000
85914,20140204,BBY,BEST BUY COMPANY INC,08651610,22.78000,8970000
85914,20140205,BBY,BEST BUY COMPANY INC,08651610,23.12000,8288700
85914,20140206,BBY,BEST BUY COMPANY INC,08651610,23.71000,6582200
85914,20140207,BBY,BEST BUY COMPANY INC,08651610,24.55000,9285000
85914,20140210,BBY,BEST BUY COMPANY INC,08651610,25.24000,12060400
85914,20140211,BBY,BEST BUY COMPANY INC,08651610,25.42000,10685600
85914,20140212,BBY,BEST BUY COMPANY INC,08651610,24.89000,8324800
85914,20140213,BBY,BEST BUY COMPANY INC,08651610,24.68000,6089100
85914,20140214,BBY,BEST BUY COMPANY INC,08651610,24.78000,4075300
85914,20140218,BBY,BEST BUY COMPANY INC,08651610,24.99000,4416000
85914,20140219,BBY,BEST BUY COMPANY INC,08651610,24.88000,6880400
85914,20140220,BBY,BEST BUY COMPANY INC,08651610,24.84000,5214200
85914,20140221,BBY,BEST BUY COMPANY INC,08651610,24.64000,4627000
85914,20140224,BBY,BEST BUY COMPANY INC,08651610,25.17000,6044700
85914,20140225,BBY,BEST BUY COMPANY INC,08651610,25.31000,12972700
85914,20140226,BBY,BEST BUY COMPANY INC,08651610,25.82000,14642600
85914,20140227,BBY,BEST BUY COMPANY INC,08651610,25.57000,34012500
85914,20140228,BBY,BEST BUY COMPANY INC,08651610,26.63000,15429100
85914,20140303,BBY,BEST BUY COMPANY INC,08651610,26.15000,8050551
85914,20140304,BBY,BEST BUY COMPANY INC,08651610,25.80000,9970008
85914,20140305,BBY,BEST BUY COMPANY INC,08651610,25.54000,8707506
85914,20140306,BBY,BEST BUY COMPANY INC,08651610,25.44000,10361646
85914,20140307,BBY,BEST BUY COMPANY INC,08651610,25.80000,6720224
85914,20140310,BBY,BEST BUY COMPANY INC,08651610,26.24000,7775036
85914,20140311,BBY,BEST BUY COMPANY INC,08651610,25.97000,5579008
85914,20140312,BBY,BEST BUY COMPANY INC,08651610,25.74000,4729893
85914,20140313,BBY,BEST BUY COMPANY INC,08651610,25.29000,5826351
85914,20140314,BBY,BEST BUY COMPANY INC,08651610,25.70000,3853241
85914,20140317,BBY,BEST BUY COMPANY INC,08651610,26.01000,4244689
85914,20140318,BBY,BEST BUY COMPANY INC,08651610,25.88000,4430063
85914,20140319,BBY,BEST BUY COMPANY INC,08651610,25.75000,3534483
85914,20140320,BBY,BEST BUY COMPANY INC,08651610,25.84000,4625093
85914,20140321,BBY,BEST BUY COMPANY INC,08651610,26.96000,12203439
85914,20140324,BBY,BEST BUY COMPANY INC,08651610,26.35000,6874792
85914,20140325,BBY,BEST BUY COMPANY INC,08651610,26.19000,4804336
85914,20140326,BBY,BEST BUY COMPANY INC,08651610,25.77000,4241155
85914,20140327,BBY,BEST BUY COMPANY INC,08651610,25.73000,5647529
85914,20140328,BBY,BEST BUY COMPANY INC,08651610,26.07000,5553318
85914,20140331,BBY,BEST BUY COMPANY INC,08651610,26.41000,4524908
85914,20140401,BBY,BEST BUY COMPANY INC,08651610,26.38000,4850887
85914,20140402,BBY,BEST BUY COMPANY INC,08651610,26.80000,5283467
85914,20140403,BBY,BEST BUY COMPANY INC,08651610,26.77000,4249031
85914,20140404,BBY,BEST BUY COMPANY INC,08651610,27.70000,11293808
85914,20140407,BBY,BEST BUY COMPANY INC,08651610,27.19000,6953368
85914,20140408,BBY,BEST BUY COMPANY INC,08651610,27.37000,6093660
85914,20140409,BBY,BEST BUY COMPANY INC,08651610,27.36000,5082861
85914,20140410,BBY,BEST BUY COMPANY INC,08651610,26.21000,6874831
85914,20140411,BBY,BEST BUY COMPANY INC,08651610,25.51000,6511817
85914,20140414,BBY,BEST BUY COMPANY INC,08651610,25.70000,4508186
85914,20140415,BBY,BEST BUY COMPANY INC,08651610,25.00000,10748262
85914,20140416,BBY,BEST BUY COMPANY INC,08651610,24.47000,5729939
85914,20140417,BBY,BEST BUY COMPANY INC,08651610,24.48000,6207604
85914,20140421,BBY,BEST BUY COMPANY INC,08651610,24.12000,5272383
85914,20140422,BBY,BEST BUY COMPANY INC,08651610,24.49000,5958386
85914,20140423,BBY,BEST BUY COMPANY INC,08651610,24.27000,2844861
85914,20140424,BBY,BEST BUY COMPANY INC,08651610,24.19000,4278226
85914,20140425,BBY,BEST BUY COMPANY INC,08651610,24.38000,7421870
85914,20140428,BBY,BEST BUY COMPANY INC,08651610,25.55000,9295790
85914,20140429,BBY,BEST BUY COMPANY INC,08651610,25.79000,5036431
85914,20140430,BBY,BEST BUY COMPANY INC,08651610,25.93000,4610318
85914,20140501,BBY,BEST BUY COMPANY INC,08651610,26.02000,3287847
85914,20140502,BBY,BEST BUY COMPANY INC,08651610,26.15000,3559961
85914,20140505,BBY,BEST BUY COMPANY INC,08651610,25.91000,2735087
85914,20140506,BBY,BEST BUY COMPANY INC,08651610,25.18000,4361541
85914,20140507,BBY,BEST BUY COMPANY INC,08651610,25.25000,2581907
85914,20140508,BBY,BEST BUY COMPANY INC,08651610,25.51000,3176702
85914,20140509,BBY,BEST BUY COMPANY INC,08651610,25.92000,2651043
85914,20140512,BBY,BEST BUY COMPANY INC,08651610,26.25000,2973973
85914,20140513,BBY,BEST BUY COMPANY INC,08651610,26.05000,5164831
85914,20140514,BBY,BEST BUY COMPANY INC,08651610,26.02000,3306548
85914,20140515,BBY,BEST BUY COMPANY INC,08651610,25.47000,4985238
85914,20140516,BBY,BEST BUY COMPANY INC,08651610,25.49000,3291606
85914,20140519,BBY,BEST BUY COMPANY INC,08651610,26.12000,4245845
85914,20140520,BBY,BEST BUY COMPANY INC,08651610,24.66000,8826913
85914,20140521,BBY,BEST BUY COMPANY INC,08651610,25.35000,8838035
85914,20140522,BBY,BEST BUY COMPANY INC,08651610,26.22000,26740238
85914,20140523,BBY,BEST BUY COMPANY INC,08651610,27.01000,7305988
85914,20140527,BBY,BEST BUY COMPANY INC,08651610,27.07000,6727318
85914,20140528,BBY,BEST BUY COMPANY INC,08651610,26.94000,3385724
85914,20140529,BBY,BEST BUY COMPANY INC,08651610,27.47000,5570830
85914,20140530,BBY,BEST BUY COMPANY INC,08651610,27.66000,7702184
85914,20140602,BBY,BEST BUY COMPANY INC,08651610,27.46000,4062935
85914,20140603,BBY,BEST BUY COMPANY INC,08651610,28.06000,3905054
85914,20140604,BBY,BEST BUY COMPANY INC,08651610,28.55000,4736357
85914,20140605,BBY,BEST BUY COMPANY INC,08651610,28.67000,5410519
85914,20140606,BBY,BEST BUY COMPANY INC,08651610,29.03000,3190821
85914,20140609,BBY,BEST BUY COMPANY INC,08651610,28.97000,2958506
85914,20140610,BBY,BEST BUY COMPANY INC,08651610,29.49000,5063670
85914,20140611,BBY,BEST BUY COMPANY INC,08651610,28.83000,3997446
85914,20140612,BBY,BEST BUY COMPANY INC,08651610,28.44000,3487696
85914,20140613,BBY,BEST BUY COMPANY INC,08651610,28.64000,2863594
85914,20140616,BBY,BEST BUY COMPANY INC,08651610,28.76000,2504169
85914,20140617,BBY,BEST BUY COMPANY INC,08651610,29.01000,2734723
85914,20140618,BBY,BEST BUY COMPANY INC,08651610,29.11000,2390544
85914,20140619,BBY,BEST BUY COMPANY INC,08651610,28.92000,2622797
85914,20140620,BBY,BEST BUY COMPANY INC,08651610,28.31000,4606650
85914,20140623,BBY,BEST BUY COMPANY INC,08651610,28.57000,2383061
85914,20140624,BBY,BEST BUY COMPANY INC,08651610,29.06000,3777420
85914,20140625,BBY,BEST BUY COMPANY INC,08651610,30.56000,8041155
85914,20140626,BBY,BEST BUY COMPANY INC,08651610,30.32000,4292321
85914,20140627,BBY,BEST BUY COMPANY INC,08651610,31.04000,4853782
85914,20140630,BBY,BEST BUY COMPANY INC,08651610,31.01000,4869483
85914,20140701,BBY,BEST BUY COMPANY INC,08651610,30.97000,4414225
85914,20140702,BBY,BEST BUY COMPANY INC,08651610,31.44000,2720261
85914,20140703,BBY,BEST BUY COMPANY INC,08651610,32.10000,3135946
85914,20140707,BBY,BEST BUY COMPANY INC,08651610,31.77000,2737714
85914,20140708,BBY,BEST BUY COMPANY INC,08651610,31.15000,3640042
85914,20140709,BBY,BEST BUY COMPANY INC,08651610,31.49000,2726333
85914,20140710,BBY,BEST BUY COMPANY INC,08651610,30.49000,4315009
85914,20140711,BBY,BEST BUY COMPANY INC,08651610,29.89000,4919573
85914,20140714,BBY,BEST BUY COMPANY INC,08651610,29.46000,5658201
85914,20140715,BBY,BEST BUY COMPANY INC,08651610,29.71000,3275469
85914,20140716,BBY,BEST BUY COMPANY INC,08651610,30.69000,7913248
85914,20140717,BBY,BEST BUY COMPANY INC,08651610,29.56000,4305447
85914,20140718,BBY,BEST BUY COMPANY INC,08651610,30.09000,2542197
85914,20140721,BBY,BEST BUY COMPANY INC,08651610,30.13000,3118590
85914,20140722,BBY,BEST BUY COMPANY INC,08651610,30.88000,4424519
85914,20140723,BBY,BEST BUY COMPANY INC,08651610,30.90000,2465547
85914,20140724,BBY,BEST BUY COMPANY INC,08651610,31.45000,3061744
85914,20140725,BBY,BEST BUY COMPANY INC,08651610,31.03000,2402509
85914,20140728,BBY,BEST BUY COMPANY INC,08651610,31.55000,3412873
85914,20140729,BBY,BEST BUY COMPANY INC,08651610,30.93000,2682674
85914,20140730,BBY,BEST BUY COMPANY INC,08651610,30.91000,3854101
85914,20140731,BBY,BEST BUY COMPANY INC,08651610,29.73000,6449677
85914,20140801,BBY,BEST BUY COMPANY INC,08651610,29.17000,3917084
85914,20140804,BBY,BEST BUY COMPANY INC,08651610,29.70000,3390200
85914,20140805,BBY,BEST BUY COMPANY INC,08651610,29.56000,2752626
85914,20140806,BBY,BEST BUY COMPANY INC,08651610,29.57000,2515996
85914,20140807,BBY,BEST BUY COMPANY INC,08651610,29.03000,2722829
85914,20140808,BBY,BEST BUY COMPANY INC,08651610,29.66000,2860523
85914,20140811,BBY,BEST BUY COMPANY INC,08651610,29.64000,2290050
85914,20140812,BBY,BEST BUY COMPANY INC,08651610,29.46000,2946139
85914,20140813,BBY,BEST BUY COMPANY INC,08651610,29.57000,3167779
85914,20140814,BBY,BEST BUY COMPANY INC,08651610,29.53000,1976583
85914,20140815,BBY,BEST BUY COMPANY INC,08651610,29.19000,3779550
85914,20140818,BBY,BEST BUY COMPANY INC,08651610,29.91000,3516358
85914,20140819,BBY,BEST BUY COMPANY INC,08651610,30.75000,4318840
85914,20140820,BBY,BEST BUY COMPANY INC,08651610,31.34000,5543643
85914,20140821,BBY,BEST BUY COMPANY INC,08651610,31.13000,3975576
85914,20140822,BBY,BEST BUY COMPANY INC,08651610,31.20000,4597701
85914,20140825,BBY,BEST BUY COMPANY INC,08651610,31.99000,8048098
85914,20140826,BBY,BEST BUY COMPANY INC,08651610,29.80000,28775228
85914,20140827,BBY,BEST BUY COMPANY INC,08651610,31.69000,16442025
85914,20140828,BBY,BEST BUY COMPANY INC,08651610,32.24000,7569692
85914,20140829,BBY,BEST BUY COMPANY INC,08651610,31.89000,5071106
85914,20140902,BBY,BEST BUY COMPANY INC,08651610,31.35000,4928892
85914,20140903,BBY,BEST BUY COMPANY INC,08651610,31.23000,2998445
85914,20140904,BBY,BEST BUY COMPANY INC,08651610,32.16000,7222516
85914,20140905,BBY,BEST BUY COMPANY INC,08651610,32.39000,3673087
85914,20140908,BBY,BEST BUY COMPANY INC,08651610,32.14000,5301633
85914,20140909,BBY,BEST BUY COMPANY INC,08651610,31.80000,4246875
85914,20140910,BBY,BEST BUY COMPANY INC,08651610,32.31000,4201496
85914,20140911,BBY,BEST BUY COMPANY INC,08651610,32.50000,4195940
85914,20140912,BBY,BEST BUY COMPANY INC,08651610,33.62000,9987668
85914,20140915,BBY,BEST BUY COMPANY INC,08651610,34.01000,6903832
85914,20140916,BBY,BEST BUY COMPANY INC,08651610,34.80000,7127809
85914,20140917,BBY,BEST BUY COMPANY INC,08651610,34.52000,5087493
85914,20140918,BBY,BEST BUY COMPANY INC,08651610,34.96000,3979615
85914,20140919,BBY,BEST BUY COMPANY INC,08651610,34.61000,8794977
85914,20140922,BBY,BEST BUY COMPANY INC,08651610,33.67000,5886487
85914,20140923,BBY,BEST BUY COMPANY INC,08651610,33.36000,4394717
85914,20140924,BBY,BEST BUY COMPANY INC,08651610,33.99000,5759180
85914,20140925,BBY,BEST BUY COMPANY INC,08651610,33.26000,4143258
85914,20140926,BBY,BEST BUY COMPANY INC,08651610,32.94000,4014501
85914,20140929,BBY,BEST BUY COMPANY INC,08651610,33.65000,4971461
85914,20140930,BBY,BEST BUY COMPANY INC,08651610,33.59000,3985622
85914,20141001,BBY,BEST BUY COMPANY INC,08651610,32.62000,5177031
85914,20141002,BBY,BEST BUY COMPANY INC,08651610,32.72000,3765737
85914,20141003,BBY,BEST BUY COMPANY INC,08651610,33.37000,3954966
85914,20141006,BBY,BEST BUY COMPANY INC,08651610,32.20000,4963435
85914,20141007,BBY,BEST BUY COMPANY INC,08651610,30.23000,12995149
85914,20141008,BBY,BEST BUY COMPANY INC,08651610,31.51000,9366629
85914,20141009,BBY,BEST BUY COMPANY INC,08651610,30.86000,7432165
85914,20141010,BBY,BEST BUY COMPANY INC,08651610,30.49000,4385623
85914,20141013,BBY,BEST BUY COMPANY INC,08651610,29.72000,5331584
85914,20141014,BBY,BEST BUY COMPANY INC,08651610,30.04000,4668945
85914,20141015,BBY,BEST BUY COMPANY INC,08651610,30.89000,7276976
85914,20141016,BBY,BEST BUY COMPANY INC,08651610,31.28000,4218297
85914,20141017,BBY,BEST BUY COMPANY INC,08651610,31.34000,4519523
85914,20141020,BBY,BEST BUY COMPANY INC,08651610,32.19000,3589321
85914,20141021,BBY,BEST BUY COMPANY INC,08651610,32.60000,3238571
85914,20141022,BBY,BEST BUY COMPANY INC,08651610,32.84000,5739860
85914,20141023,BBY,BEST BUY COMPANY INC,08651610,33.12000,5847548
85914,20141024,BBY,BEST BUY COMPANY INC,08651610,33.11000,3795367
85914,20141027,BBY,BEST BUY COMPANY INC,08651610,32.99000,2887980
85914,20141028,BBY,BEST BUY COMPANY INC,08651610,32.66000,4428235
85914,20141029,BBY,BEST BUY COMPANY INC,08651610,32.35000,2975313
85914,20141030,BBY,BEST BUY COMPANY INC,08651610,33.62000,4944246
85914,20141031,BBY,BEST BUY COMPANY INC,08651610,34.14000,6810549
85914,20141103,BBY,BEST BUY COMPANY INC,08651610,34.41000,4209289
85914,20141104,BBY,BEST BUY COMPANY INC,08651610,34.36000,2875569
85914,20141105,BBY,BEST BUY COMPANY INC,08651610,34.64000,4166747
85914,20141106,BBY,BEST BUY COMPANY INC,08651610,35.21000,4707037
85914,20141107,BBY,BEST BUY COMPANY INC,08651610,35.18000,4360363
85914,20141110,BBY,BEST BUY COMPANY INC,08651610,34.71000,3869472
85914,20141111,BBY,BEST BUY COMPANY INC,08651610,34.83000,3705143
85914,20141112,BBY,BEST BUY COMPANY INC,08651610,35.20000,3495397
85914,20141113,BBY,BEST BUY COMPANY INC,08651610,35.49000,4115450
85914,20141114,BBY,BEST BUY COMPANY INC,08651610,35.49000,3063145
85914,20141117,BBY,BEST BUY COMPANY INC,08651610,35.29000,4882056
85914,20141118,BBY,BEST BUY COMPANY INC,08651610,34.90000,6420886
85914,20141119,BBY,BEST BUY COMPANY INC,08651610,35.54000,13691849
85914,20141120,BBY,BEST BUY COMPANY INC,08651610,38.02000,26049928
85914,20141121,BBY,BEST BUY COMPANY INC,08651610,38.03000,8820649
85914,20141124,BBY,BEST BUY COMPANY INC,08651610,38.90000,7395216
85914,20141125,BBY,BEST BUY COMPANY INC,08651610,38.41000,7598297
85914,20141126,BBY,BEST BUY COMPANY INC,08651610,38.75000,5013508
85914,20141128,BBY,BEST BUY COMPANY INC,08651610,39.41000,7155424
85914,20141201,BBY,BEST BUY COMPANY INC,08651610,37.26000,10456457
85914,20141202,BBY,BEST BUY COMPANY INC,08651610,37.20000,7266031
85914,20141203,BBY,BEST BUY COMPANY INC,08651610,36.04000,14808958
85914,20141204,BBY,BEST BUY COMPANY INC,08651610,36.08000,5716007
85914,20141205,BBY,BEST BUY COMPANY INC,08651610,35.63000,5089175
85914,20141208,BBY,BEST BUY COMPANY INC,08651610,36.59000,7404537
85914,20141209,BBY,BEST BUY COMPANY INC,08651610,36.47000,4447700
85914,20141210,BBY,BEST BUY COMPANY INC,08651610,36.00000,4710544
85914,20141211,BBY,BEST BUY COMPANY INC,08651610,36.63000,4168277
85914,20141212,BBY,BEST BUY COMPANY INC,08651610,36.85000,5029773
85914,20141215,BBY,BEST BUY COMPANY INC,08651610,36.91000,4231715
85914,20141216,BBY,BEST BUY COMPANY INC,08651610,35.77000,4798799
85914,20141217,BBY,BEST BUY COMPANY INC,08651610,37.47000,5004653
85914,20141218,BBY,BEST BUY COMPANY INC,08651610,38.48000,5846025
85914,20141219,BBY,BEST BUY COMPANY INC,08651610,39.01000,6713519
85914,20141222,BBY,BEST BUY COMPANY INC,08651610,39.23000,4839881
85914,20141223,BBY,BEST BUY COMPANY INC,08651610,39.69000,6225850
85914,20141224,BBY,BEST BUY COMPANY INC,08651610,38.89000,2835658
85914,20141226,BBY,BEST BUY COMPANY INC,08651610,39.14000,2654396
85914,20141229,BBY,BEST BUY COMPANY INC,08651610,39.08000,4982031
85914,20141230,BBY,BEST BUY COMPANY INC,08651610,39.38000,3421835
85914,20141231,BBY,BEST BUY COMPANY INC,08651610,38.98000,2844075
85914,20150102,BBY,BEST BUY COMPANY INC,08651610,38.79000,3889344
85914,20150105,BBY,BEST BUY COMPANY INC,08651610,37.79000,4853590
85914,20150106,BBY,BEST BUY COMPANY INC,08651610,37.45000,6776689
85914,20150107,BBY,BEST BUY COMPANY INC,08651610,38.53000,5432920
85914,20150108,BBY,BEST BUY COMPANY INC,08651610,39.11000,8457409
85914,20150109,BBY,BEST BUY COMPANY INC,08651610,38.06000,5874007
85914,20150112,BBY,BEST BUY COMPANY INC,08651610,39.09000,8140428
85914,20150113,BBY,BEST BUY COMPANY INC,08651610,39.10000,8656434
85914,20150114,BBY,BEST BUY COMPANY INC,08651610,39.91000,11237322
85914,20150115,BBY,BEST BUY COMPANY INC,08651610,34.30000,40590094
85914,20150116,BBY,BEST BUY COMPANY INC,08651610,34.99000,10175924
85914,20150120,BBY,BEST BUY COMPANY INC,08651610,34.04000,6938188
85914,20150121,BBY,BEST BUY COMPANY INC,08651610,34.10000,7015003
85914,20150122,BBY,BEST BUY COMPANY INC,08651610,34.89000,6946896
85914,20150123,BBY,BEST BUY COMPANY INC,08651610,35.01000,4815808
85914,20150126,BBY,BEST BUY COMPANY INC,08651610,35.83000,4550749
85914,20150127,BBY,BEST BUY COMPANY INC,08651610,35.40000,3781305
85914,20150128,BBY,BEST BUY COMPANY INC,08651610,35.13000,5437808
85914,20150129,BBY,BEST BUY COMPANY INC,08651610,36.09000,4592040
85914,20150130,BBY,BEST BUY COMPANY INC,08651610,35.20000,7277259
85914,20150202,BBY,BEST BUY COMPANY INC,08651610,34.97000,8147360
85914,20150203,BBY,BEST BUY COMPANY INC,08651610,35.95000,6135090
85914,20150204,BBY,BEST BUY COMPANY INC,08651610,36.21000,5067267
85914,20150205,BBY,BEST BUY COMPANY INC,08651610,36.09000,4123997
85914,20150206,BBY,BEST BUY COMPANY INC,08651610,37.36000,8125318
85914,20150209,BBY,BEST BUY COMPANY INC,08651610,37.07000,4083182
85914,20150210,BBY,BEST BUY COMPANY INC,08651610,38.07000,5739619
85914,20150211,BBY,BEST BUY COMPANY INC,08651610,38.25000,4936893
85914,20150212,BBY,BEST BUY COMPANY INC,08651610,39.19000,6419902
85914,20150213,BBY,BEST BUY COMPANY INC,08651610,39.11000,4808575
85914,20150217,BBY,BEST BUY COMPANY INC,08651610,39.28000,2733648
85914,20150218,BBY,BEST BUY COMPANY INC,08651610,39.12000,3323057
85914,20150219,BBY,BEST BUY COMPANY INC,08651610,39.13000,3054515
85914,20150220,BBY,BEST BUY COMPANY INC,08651610,39.28000,4321920
85914,20150223,BBY,BEST BUY COMPANY INC,08651610,38.99000,4004075
85914,20150224,BBY,BEST BUY COMPANY INC,08651610,38.26000,4405414
85914,20150225,BBY,BEST BUY COMPANY INC,08651610,38.30000,4033297
85914,20150226,BBY,BEST BUY COMPANY INC,08651610,37.55000,4929555
85914,20150227,BBY,BEST BUY COMPANY INC,08651610,38.10000,4658175
85914,20150302,BBY,BEST BUY COMPANY INC,08651610,38.63000,6483962
85914,20150303,BBY,BEST BUY COMPANY INC,08651610,39.18000,11784770
85914,20150304,BBY,BEST BUY COMPANY INC,08651610,39.79000,7778206
85914,20150305,BBY,BEST BUY COMPANY INC,08651610,39.63000,4710000
85914,20150306,BBY,BEST BUY COMPANY INC,08651610,39.71000,5254603
85914,20150309,BBY,BEST BUY COMPANY INC,08651610,39.83000,3619554
85914,20150310,BBY,BEST BUY COMPANY INC,08651610,39.97000,5316618
85914,20150311,BBY,BEST BUY COMPANY INC,08651610,40.22000,4921821
85914,20150312,BBY,BEST BUY COMPANY INC,08651610,40.85000,4173818
85914,20150313,BBY,BEST BUY COMPANY INC,08651610,40.53000,4175679
85914,20150316,BBY,BEST BUY COMPANY INC,08651610,41.63000,4660649
85914,20150317,BBY,BEST BUY COMPANY INC,08651610,41.64000,4906938
85914,20150318,BBY,BEST BUY COMPANY INC,08651610,41.77000,4018931
85914,20150319,BBY,BEST BUY COMPANY INC,08651610,41.60000,3435531
85914,20150320,BBY,BEST BUY COMPANY INC,08651610,40.79000,7083380
85914,20150323,BBY,BEST BUY COMPANY INC,08651610,40.86000,3705532
85914,20150324,BBY,BEST BUY COMPANY INC,08651610,40.85000,4286486
85914,20150325,BBY,BEST BUY COMPANY INC,08651610,39.42000,5218254
85914,20150326,BBY,BEST BUY COMPANY INC,08651610,38.40000,5191899
85914,20150327,BBY,BEST BUY COMPANY INC,08651610,38.48000,4701003
85914,20150330,BBY,BEST BUY COMPANY INC,08651610,38.75000,4166247
85914,20150331,BBY,BEST BUY COMPANY INC,08651610,37.79000,5476700
85914,20150401,BBY,BEST BUY COMPANY INC,08651610,37.21000,6140461
85914,20150402,BBY,BEST BUY COMPANY INC,08651610,38.22000,4273226
85914,20150406,BBY,BEST BUY COMPANY INC,08651610,38.21000,4003533
85914,20150407,BBY,BEST BUY COMPANY INC,08651610,38.06000,4385118
85914,20150408,BBY,BEST BUY COMPANY INC,08651610,38.36000,3982044
85914,20150409,BBY,BEST BUY COMPANY INC,08651610,38.71000,3330462
85914,20150410,BBY,BEST BUY COMPANY INC,08651610,38.58000,2347276
85914,20150413,BBY,BEST BUY COMPANY INC,08651610,38.34000,2902487
85914,20150414,BBY,BEST BUY COMPANY INC,08651610,37.80000,5244888
85914,20150415,BBY,BEST BUY COMPANY INC,08651610,37.55000,2738990
85914,20150416,BBY,BEST BUY COMPANY INC,08651610,37.19000,3607401
85914,20150417,BBY,BEST BUY COMPANY INC,08651610,36.46000,4682504
85914,20150420,BBY,BEST BUY COMPANY INC,08651610,36.58000,3580675
85914,20150421,BBY,BEST BUY COMPANY INC,08651610,36.45000,4535824
85914,20150422,BBY,BEST BUY COMPANY INC,08651610,36.18000,4719884
85914,20150423,BBY,BEST BUY COMPANY INC,08651610,36.13000,5108079
85914,20150424,BBY,BEST BUY COMPANY INC,08651610,35.39000,7449090
85914,20150427,BBY,BEST BUY COMPANY INC,08651610,35.33000,2737470
85914,20150428,BBY,BEST BUY COMPANY INC,08651610,35.72000,3061446
85914,20150429,BBY,BEST BUY COMPANY INC,08651610,34.86000,3902738
85914,20150430,BBY,BEST BUY COMPANY INC,08651610,34.65000,3504723
85914,20150501,BBY,BEST BUY COMPANY INC,08651610,35.18000,3189391
85914,20150504,BBY,BEST BUY COMPANY INC,08651610,35.64000,2849493
85914,20150505,BBY,BEST BUY COMPANY INC,08651610,35.47000,3335297
85914,20150506,BBY,BEST BUY COMPANY INC,08651610,35.32000,3541086
85914,20150507,BBY,BEST BUY COMPANY INC,08651610,36.12000,3003967
85914,20150508,BBY,BEST BUY COMPANY INC,08651610,36.61000,2895944
85914,20150511,BBY,BEST BUY COMPANY INC,08651610,36.97000,2914939
85914,20150512,BBY,BEST BUY COMPANY INC,08651610,36.80000,3646628
85914,20150513,BBY,BEST BUY COMPANY INC,08651610,36.20000,4243730
85914,20150514,BBY,BEST BUY COMPANY INC,08651610,34.82000,7669631
85914,20150515,BBY,BEST BUY COMPANY INC,08651610,34.59000,5486647
85914,20150518,BBY,BEST BUY COMPANY INC,08651610,35.09000,7063949
85914,20150519,BBY,BEST BUY COMPANY INC,08651610,34.98000,5168643
85914,20150520,BBY,BEST BUY COMPANY INC,08651610,33.78000,10769317
85914,20150521,BBY,BEST BUY COMPANY INC,08651610,35.11000,17991037
85914,20150522,BBY,BEST BUY COMPANY INC,08651610,34.33000,7758590
85914,20150526,BBY,BEST BUY COMPANY INC,08651610,33.90000,5091055
85914,20150527,BBY,BEST BUY COMPANY INC,08651610,34.36000,5472255
85914,20150528,BBY,BEST BUY COMPANY INC,08651610,34.18000,3863263
85914,20150529,BBY,BEST BUY COMPANY INC,08651610,34.70000,5586989
85914,20150601,BBY,BEST BUY COMPANY INC,08651610,34.37000,4550262
85914,20150602,BBY,BEST BUY COMPANY INC,08651610,34.77000,4087500
85914,20150603,BBY,BEST BUY COMPANY INC,08651610,35.07000,3344072
85914,20150604,BBY,BEST BUY COMPANY INC,08651610,34.53000,3105772
85914,20150605,BBY,BEST BUY COMPANY INC,08651610,34.53000,3760947
85914,20150608,BBY,BEST BUY COMPANY INC,08651610,34.29000,3572592
85914,20150609,BBY,BEST BUY COMPANY INC,08651610,33.83000,3210008
85914,20150610,BBY,BEST BUY COMPANY INC,08651610,34.22000,3319283
85914,20150611,BBY,BEST BUY COMPANY INC,08651610,34.20000,2416136
85914,20150612,BBY,BEST BUY COMPANY INC,08651610,34.20000,1945855
85914,20150615,BBY,BEST BUY COMPANY INC,08651610,34.12000,2817625
85914,20150616,BBY,BEST BUY COMPANY INC,08651610,34.39000,3084737
85914,20150617,BBY,BEST BUY COMPANY INC,08651610,34.01000,2564101
85914,20150618,BBY,BEST BUY COMPANY INC,08651610,35.01000,4563648
85914,20150619,BBY,BEST BUY COMPANY INC,08651610,34.95000,4367418
85914,20150622,BBY,BEST BUY COMPANY INC,08651610,34.92000,2466685
85914,20150623,BBY,BEST BUY COMPANY INC,08651610,34.87000,3933986
85914,20150624,BBY,BEST BUY COMPANY INC,08651610,33.93000,4977008
85914,20150625,BBY,BEST BUY COMPANY INC,08651610,33.83000,3606937
85914,20150626,BBY,BEST BUY COMPANY INC,08651610,33.97000,6265109
85914,20150629,BBY,BEST BUY COMPANY INC,08651610,32.73000,4667819
85914,20150630,BBY,BEST BUY COMPANY INC,08651610,32.61000,3604115
