,age,job,marital,education,default,balance,housing,loan
22089,51,4,1,2,0,-3,0,0
15447,53,1,1,0,0,225,0,0
42894,63,3,1,1,0,2,0,0
13698,42,9,1,1,0,2030,1,1
38054,38,6,2,1,0,677,1,0
38809,31,0,0,1,0,11,1,0
28819,38,4,1,2,0,-70,1,0
42201,48,10,0,1,0,201,0,0
27875,46,4,0,2,0,194,0,0
31934,32,1,1,1,0,759,1,0
36884,33,7,1,1,0,204,1,1
23486,34,4,2,2,0,1070,0,0
914,57,6,1,0,0,1013,1,0
9444,40,4,1,2,0,406,0,0
6523,44,1,1,0,0,1432,1,1
30916,31,9,2,1,0,2088,0,0
13230,37,1,0,1,0,277,0,1
29254,52,7,1,1,0,416,1,0
7593,39,4,1,1,0,1034,1,0
6089,35,10,1,2,0,226,0,0
40581,57,5,0,1,0,1486,0,0
24735,50,9,1,1,0,0,1,1
29969,51,1,1,0,0,362,1,0
24850,33,9,2,1,0,1769,1,0
30939,29,9,2,1,0,28,0,0
787,46,4,1,2,0,0,0,0
5713,53,4,1,1,0,1925,1,0
34504,57,5,0,2,0,0,1,0
11811,46,3,1,0,0,296,1,0
38959,28,7,2,1,0,290,1,0
24014,49,4,1,2,0,0,0,0
10148,40,0,0,1,0,6,0,0
35583,24,9,2,1,0,-540,1,0
23433,38,9,1,1,0,0,0,0
35469,46,1,1,1,0,4646,1,0
2230,35,0,2,1,0,855,1,0
35301,25,8,2,1,0,520,1,0
40233,60,4,1,1,0,544,0,0
15649,35,9,0,3,0,244,0,0
35578,57,9,1,1,0,3071,1,1
35285,21,9,2,1,0,64,1,0
15000,37,9,1,1,0,1142,1,0
1636,30,1,1,0,0,265,1,1
3877,32,1,2,1,0,29,0,0
40805,55,9,0,1,0,3450,0,0
8333,39,7,0,1,0,-718,1,0
39157,44,9,2,1,0,59,1,0
10207,41,11,2,3,0,1259,0,0
14233,59,9,1,1,0,1139,0,0
28030,55,10,1,0,0,8585,0,0
26617,58,5,1,2,0,5087,0,0
38104,39,1,1,1,0,164,1,0
33028,33,9,2,2,0,1190,1,0
12126,44,0,1,1,0,961,0,0
36300,28,2,1,2,0,4064,0,1
22583,37,9,1,2,0,2043,0,0
30126,48,0,0,1,0,955,1,0
29242,29,4,2,2,0,642,0,0
4364,52,7,1,3,0,337,1,0
21459,58,0,1,1,0,451,0,0
7357,45,1,1,0,0,19,1,0
3019,43,1,1,1,0,1311,1,0
6318,49,9,1,1,0,-353,1,1
10737,42,4,1,1,0,2580,1,0
41744,79,5,0,0,0,79,0,0
41808,39,3,1,2,0,93,0,0
2060,25,8,1,2,0,333,1,0
13342,34,1,1,0,0,567,0,1
11395,41,6,2,3,0,426,1,0
25935,41,4,1,2,0,217,0,0
4923,32,1,2,0,0,557,1,0
1311,35,9,2,1,0,365,1,0
39212,33,1,1,1,0,139,1,1
35775,29,9,1,1,0,1599,1,0
24106,59,4,0,2,0,258,1,0
1776,34,4,2,2,0,318,1,0
1398,35,1,1,1,0,-339,1,0
24328,50,4,1,2,0,4,1,1
35842,32,1,1,0,0,0,1,1
22924,34,8,2,2,0,1322,0,0
18952,52,4,1,2,0,809,0,0
9069,37,4,2,2,0,240,0,0
32595,24,8,2,1,0,372,1,0
1851,41,1,2,1,0,184,1,0
17333,27,1,2,1,0,103,0,1
23497,32,4,2,2,0,36,0,0
16705,33,1,1,1,0,0,1,0
29873,43,4,1,2,0,-194,0,0
13356,56,9,1,1,0,61,0,1
12773,57,0,1,1,0,1143,0,0
1859,36,1,1,1,0,590,1,0
42492,64,3,1,0,0,67,0,0
42010,34,0,2,2,0,18,1,1
32631,36,2,1,1,0,302,1,0
9629,52,3,2,2,0,0,0,0
14185,35,7,1,2,0,260,1,0
12034,58,7,1,1,0,0,0,0
43701,27,1,2,1,0,535,0,0
31751,51,1,1,1,0,984,1,0
8609,57,9,0,1,0,910,1,0
20582,42,6,1,1,0,487,1,0
10713,49,1,1,3,0,3096,0,0
18569,49,9,1,1,0,133,0,0
10264,47,4,2,2,0,0,0,0
17085,56,4,1,2,0,6475,0,0
600,38,1,1,1,0,384,1,0
19160,39,4,1,2,0,13021,0,0
5558,35,9,2,2,0,1529,0,0
13768,31,4,1,2,0,181,1,0
42626,25,9,2,1,0,4859,0,0
41660,35,9,0,1,0,2047,1,0
5226,54,1,0,1,0,462,1,0
36448,28,1,2,1,0,4054,1,0
34172,40,4,1,2,0,158,0,0
19409,45,5,1,1,0,22,0,1
40653,61,4,1,2,0,175,0,0
29513,64,5,1,1,0,1176,0,0
37028,32,4,2,2,0,7444,1,1
27257,35,4,1,2,0,0,1,0
42776,29,4,2,2,0,187,1,0
10694,37,1,2,1,0,3764,0,0
13612,49,3,1,0,0,0,0,0
22188,47,4,1,2,0,509,0,1
34804,21,7,2,1,0,3033,1,0
26667,37,9,1,1,0,1016,1,1
15747,43,0,1,1,0,1625,1,1
27670,57,7,0,1,0,4664,0,0
43295,42,0,1,1,0,16517,0,0
5799,58,9,0,1,0,0,1,0
28085,46,0,1,1,0,1264,0,0
42801,46,0,1,1,0,179,1,0
21765,44,4,1,1,0,238,0,0
1276,36,2,1,3,0,298,1,0
22962,33,9,1,2,0,-370,1,0
14276,33,1,2,1,0,179,0,0
21740,52,9,1,1,0,-240,0,0
16594,38,4,2,2,0,0,0,0
1903,27,6,2,2,0,-503,1,0
8662,38,1,1,0,0,635,1,0
31075,42,4,0,3,0,7702,0,0
23627,31,3,1,2,0,0,0,0
22008,47,7,1,1,0,1717,0,0
20492,47,10,1,2,0,0,0,0
11482,55,10,2,0,0,10183,0,0
7989,53,1,1,0,0,256,1,0
25081,31,1,1,1,0,5345,1,0
39763,25,9,2,1,0,1199,0,0
23842,51,0,1,1,0,255,0,0
24520,44,10,1,1,0,0,1,0
18075,37,1,1,0,0,11,0,0
28006,47,1,1,0,0,1236,0,0
27774,30,4,2,2,0,464,0,0
17176,32,7,1,1,0,0,1,0
23630,33,4,2,2,0,0,0,0
15234,53,0,2,0,0,0,1,0
6829,39,10,2,1,0,-53,1,0
43280,27,4,2,2,0,948,1,0
19046,46,4,0,2,0,3,1,1
43563,54,0,1,3,0,140,0,0
27906,52,3,0,0,0,337,0,0
22206,31,9,1,1,0,28,0,0
9538,60,3,1,3,0,10285,0,0
13219,47,9,1,1,0,0,1,0
20549,34,9,2,2,0,23919,0,0
3964,39,7,2,1,0,-388,1,0
4860,41,9,1,1,0,2490,1,0
18341,33,6,1,1,0,0,1,0
21923,51,1,1,1,0,51,0,1
40874,36,0,1,2,0,29,0,0
32120,41,7,1,1,0,1836,1,1
6643,30,9,2,1,0,1692,1,1
13823,33,9,1,2,0,1746,1,0
26582,34,4,2,2,0,3035,0,0
39568,45,10,1,1,0,1040,0,0
35818,52,7,1,1,0,774,1,0
11878,55,11,1,0,0,2074,0,0
16698,47,6,1,2,0,751,0,0
38839,32,4,1,2,0,477,1,0
35466,35,1,2,1,0,142,1,0
21653,40,11,1,2,0,119,0,0
28615,44,7,1,1,0,133,0,0
38090,36,7,2,1,0,568,1,0
23392,36,7,1,1,0,84,0,0
13989,44,1,1,0,0,6,0,0
32963,29,7,2,1,0,229,1,0
24652,54,0,1,3,0,217,0,0
29176,42,1,1,0,0,1455,1,0
36991,54,5,0,2,0,185,1,0
15190,35,7,1,1,0,-138,1,0
5033,32,1,1,1,0,564,1,0
10068,48,9,1,1,0,1637,1,0
12020,39,9,1,1,0,2765,1,1
1033,39,1,1,0,0,867,1,0
41736,34,4,2,2,0,1730,1,0
22248,37,4,1,2,0,21,0,0
38657,35,6,1,1,0,-56,1,0
17757,40,4,0,2,0,390,0,0
20553,58,4,0,2,0,108,0,0
40997,21,4,2,1,0,691,0,0
11738,52,3,0,0,0,1697,0,0
42956,25,8,2,1,0,125,0,0
26547,33,1,1,1,0,3605,1,0
11102,28,1,1,1,0,-493,1,0
16149,38,0,2,1,0,-327,0,0
24237,32,4,1,2,0,2516,0,0
15374,51,1,1,1,0,145,0,1
31309,57,4,1,2,0,2681,0,0
32903,30,9,1,1,0,-280,1,0
10292,40,2,1,1,0,2252,0,0
242,38,0,1,1,0,0,0,0
19759,44,9,1,1,0,326,1,0
26173,44,3,2,1,0,299,0,0
30382,27,4,1,2,0,312,0,0
10532,30,7,2,2,0,44,0,0
15021,49,9,1,2,0,80,0,0
31854,37,7,2,1,0,248,1,0
18447,30,7,1,1,0,48,1,0
44288,48,4,1,2,0,612,0,0
29879,42,0,2,1,0,30,1,0
16050,30,2,2,2,0,676,0,1
34820,52,7,0,1,0,238,1,0
7416,55,5,0,0,0,53,1,0
13609,36,4,1,2,0,6404,1,1
14946,55,0,1,1,0,-480,0,0
23533,55,3,1,0,0,1233,0,0
32380,42,1,1,3,0,1154,1,0
25362,49,6,2,2,0,-341,0,1
20604,60,5,1,2,0,1141,0,0
39540,30,9,1,2,0,1570,1,0
18186,45,4,1,2,0,81,0,1
5751,33,1,0,0,0,-53,1,0
29420,33,4,1,2,0,644,1,1
5504,34,9,1,3,0,4053,1,0
37496,33,1,1,0,0,142,1,0
27494,39,6,1,1,0,254,0,0
37133,28,0,0,1,0,451,1,0
34184,37,4,2,2,0,3141,0,0
2355,24,0,2,1,0,845,1,0
30256,29,1,0,1,0,302,1,0
6842,50,6,0,2,0,59,1,0
21596,36,9,1,1,0,632,1,0
6890,43,4,1,1,0,373,1,0
2621,32,1,2,1,0,1940,1,1
15417,37,3,1,1,1,-205,0,1
19078,34,1,2,2,0,42,0,0
12319,32,0,1,1,0,159,0,1
8683,25,4,2,2,0,2399,1,0
1481,30,1,1,1,0,2850,0,0
24030,38,6,1,2,0,0,0,0
11015,28,1,1,0,0,0,1,1
22527,39,4,1,2,0,0,0,0
23582,50,1,1,1,0,6288,0,0
3128,36,0,1,1,0,402,1,0
4454,35,0,1,1,0,3187,1,0
30314,33,1,2,1,0,1387,0,0
38326,46,1,1,0,0,1085,1,1
23596,35,9,0,1,0,89,0,0
41195,50,4,1,2,0,24,0,0
33968,35,4,1,2,0,193,1,0
13899,57,0,1,1,0,2,0,0
33020,42,1,1,0,0,1673,1,0
1891,43,4,1,1,0,3,1,0
38507,31,0,2,1,0,-1,1,0
43270,58,4,1,2,0,1016,0,0
36747,37,7,1,1,0,42,1,0
25257,38,0,1,2,0,605,0,0
45011,59,9,1,1,0,1,0,0
30428,31,0,2,2,0,541,0,0
4457,34,7,1,0,0,1042,1,0
14974,29,0,2,1,0,454,0,0
41002,27,0,2,1,0,4590,1,0
44944,24,9,2,2,0,368,0,0
29084,46,2,1,0,0,0,0,0
24071,28,8,2,1,0,2351,0,0
3987,44,1,1,0,0,195,1,0
26987,31,1,2,1,0,23,0,0
40390,44,9,1,1,0,584,0,0
40517,25,7,0,1,0,1694,0,0
24442,35,4,1,2,0,209,1,0
23697,44,4,1,2,0,0,0,0
199,61,1,0,0,0,1428,1,0
19972,52,7,1,0,0,1625,0,0
28827,51,0,1,1,0,0,1,1
2659,31,1,1,1,0,822,1,0
41846,69,5,1,1,0,0,0,0
40521,31,4,2,1,0,202,1,0
15959,37,0,1,1,0,0,1,0
9132,32,1,2,1,0,226,1,0
29787,32,10,2,2,0,1974,0,0
16980,37,4,1,2,0,287,1,0
10449,39,7,1,1,0,150,0,0
43831,28,8,2,2,0,118,0,0
5882,34,9,0,1,0,27,1,0
15566,25,1,2,0,0,15,0,0
5834,47,9,0,1,0,1573,1,0
42537,34,0,2,1,0,303,0,0
24418,46,9,1,1,0,0,1,0
10696,53,7,2,1,0,725,1,0
2883,47,1,1,0,0,2,1,1
17645,47,1,1,1,0,310,1,0
10801,37,9,2,1,0,984,0,0
957,57,5,1,1,0,502,1,0
37529,42,7,0,1,0,83,0,0
13728,52,2,1,0,0,-104,0,1
22716,30,9,2,1,0,175,0,0
34150,61,5,0,1,0,927,0,0
6062,30,1,2,1,0,3532,1,0
42501,43,10,1,1,0,775,0,0
30762,35,1,2,1,0,2158,1,0
38126,42,1,1,1,0,680,1,0
22712,33,4,2,2,0,-2,0,1
29178,39,4,2,2,0,-145,1,0
36998,38,9,2,2,0,876,1,0
7271,35,9,1,1,0,295,1,0
44068,32,6,2,2,0,4024,1,0
36995,50,3,1,1,0,3016,1,0
34399,28,1,2,1,0,4229,1,1
27287,35,9,2,1,0,391,0,0
15857,55,1,0,3,0,103,1,0
23471,34,6,1,2,0,0,0,0
19110,53,9,1,1,0,879,0,0
33216,24,9,2,1,0,393,1,1
37570,49,7,1,2,0,411,0,0
5264,35,1,2,0,0,90,1,0
17232,40,7,0,1,0,9,0,0
13205,52,1,2,1,0,288,1,0
18096,53,9,1,1,0,6671,1,1
12747,47,11,0,0,0,0,0,0
1842,31,1,1,1,0,1329,1,1
18604,41,0,0,2,0,861,1,0
18935,52,1,1,0,0,1054,0,0
13070,34,6,1,2,0,191,0,0
42547,30,1,1,0,0,5,0,0
37874,30,7,1,1,0,1222,1,0
12756,27,7,2,1,0,266,0,1
42199,52,10,1,1,0,94,0,0
40911,57,4,1,1,0,7633,0,0
39150,32,1,1,1,0,-39,1,0
3798,45,1,1,1,0,-1400,1,0
15262,34,7,1,1,0,0,1,0
28396,33,4,2,2,0,1590,0,0
42842,53,0,2,1,0,2398,1,0
6667,27,0,2,1,0,110,1,0
8755,29,7,2,1,0,-271,1,0
8500,32,4,0,1,0,-107,1,0
16525,30,6,1,3,0,1712,0,0
20878,34,9,2,1,0,16,0,0
40597,61,1,1,0,0,7879,0,0
4506,37,1,1,0,0,2240,1,0
19739,33,9,1,1,0,6419,0,0
10701,37,0,1,2,0,2741,0,0
8682,32,4,2,2,0,131,0,0
13708,49,2,1,1,0,-1965,0,1
5984,48,1,1,1,0,2697,1,1
24019,53,10,1,2,0,240,0,0
11337,36,1,1,0,0,946,1,0
1509,32,1,1,1,0,491,1,0
18629,40,4,2,2,0,0,0,0
11822,28,7,1,1,0,-494,1,0
10556,59,1,1,1,0,969,0,0
32801,37,0,2,2,0,3954,1,0
2074,49,9,1,1,0,4785,0,0
44843,44,4,0,2,0,2367,0,0
26999,32,10,2,1,0,2706,0,0
3663,39,1,1,0,0,186,1,0
26871,45,2,1,2,0,1752,1,1
21719,32,9,1,1,0,0,0,0
24343,34,3,1,2,0,1265,1,0
43806,54,5,1,1,0,3538,0,0
28211,53,5,1,2,0,1770,0,0
24461,41,9,1,1,0,112,1,0
35649,41,1,1,1,0,2039,1,0
20946,52,9,0,1,0,-558,0,0
32445,42,0,1,1,0,12,1,0
40483,33,4,2,2,0,1160,1,1
25427,47,0,1,1,0,79,0,1
16444,48,9,2,1,0,329,0,0
10812,57,5,1,0,0,7938,0,0
25444,48,4,1,2,0,571,1,1
27210,37,9,1,1,0,77,1,1
39698,43,4,1,2,0,1336,1,1
200,47,0,1,1,0,219,1,0
36752,47,7,1,1,0,367,1,0
24514,54,4,1,2,0,-1415,1,1
7949,32,0,0,1,0,-417,0,0
6027,45,1,1,1,0,-376,1,0
43918,30,0,1,1,0,166,0,0
28883,44,4,2,2,0,780,1,0
22004,33,4,0,1,0,106,0,0
11396,39,7,1,2,0,16,0,0
20913,47,7,1,0,0,1803,1,1
13269,45,9,1,1,0,1477,1,0
8273,32,1,2,1,0,-691,1,1
26961,47,9,1,1,0,0,0,0
34905,33,0,1,1,0,680,1,0
16007,48,3,1,0,0,380,1,0
22641,34,4,2,2,0,0,0,0
42175,60,6,1,2,0,10861,0,0
33427,35,7,1,1,0,2179,0,0
27499,45,4,2,2,0,207,0,0
13514,29,0,0,2,1,0,0,1
40409,40,4,1,2,0,-63,0,1
29484,43,1,0,0,0,177,0,0
38465,39,1,1,0,0,2288,1,0
29191,46,7,0,3,0,973,0,0
11583,38,6,0,1,0,2674,1,0
12670,37,1,1,0,0,380,1,1
29076,37,7,2,1,0,174,1,0
39211,49,4,1,2,0,3063,1,0
33751,75,5,1,2,0,2991,0,0
3108,43,1,1,0,0,-101,1,0
44140,36,4,1,2,0,93,0,0
24801,58,4,1,2,0,9339,1,0
7881,27,4,2,2,0,2061,1,0
20713,46,4,1,2,0,3984,0,0
20420,56,5,1,1,0,-113,1,1
34000,53,0,0,1,0,0,1,1
31663,59,7,1,0,0,1562,1,0
34714,29,10,2,2,0,150,1,0
17188,30,7,1,0,0,997,1,0
14206,25,0,2,1,0,184,0,1
20010,48,1,1,1,0,2083,0,0
34379,27,4,2,2,0,88,0,0
2672,44,6,1,1,0,264,1,0
34815,44,4,2,2,0,3,1,0
29298,53,4,1,2,0,1759,0,0
14095,57,5,1,1,0,8,0,0
17799,28,7,1,2,0,599,1,0
23655,35,9,1,2,0,75,0,0
31025,36,6,1,2,0,2012,0,0
6593,37,0,2,1,0,1066,1,0
14512,37,9,1,1,0,0,1,1
26071,34,7,1,1,0,2048,1,0
21555,52,5,1,1,0,2122,0,1
34503,23,1,2,1,0,336,1,0
36637,46,0,1,1,0,38,1,1
25672,51,2,1,1,0,5403,1,0
6668,37,9,2,1,0,779,1,0
41515,71,5,1,2,0,14220,1,0
35448,31,4,2,2,0,0,1,0
17294,36,1,1,0,0,656,1,0
23977,48,1,1,1,0,1903,0,0
30824,47,4,1,0,0,1675,1,0
29980,39,10,1,0,0,590,1,0
42192,61,5,1,2,0,2557,1,0
4746,50,1,1,0,0,2610,1,1
30993,32,1,2,2,0,358,0,0
13421,57,1,1,1,0,0,0,1
9853,36,9,1,1,0,26,0,0
38430,29,1,1,1,0,339,1,0
23103,31,4,2,2,0,0,0,0
35209,34,4,2,2,0,2607,0,0
18342,55,3,0,3,0,603,0,0
31910,30,1,1,1,0,177,1,0
23817,40,4,1,2,0,194,0,1
20168,33,4,1,2,0,644,0,0
23978,38,4,1,2,0,46,0,0
12367,57,5,1,1,0,-418,0,1
5983,46,4,2,2,0,479,1,0
13420,41,4,1,2,0,0,0,1
19649,31,9,2,1,0,754,0,0
26012,50,4,1,2,0,1597,0,0
31362,27,8,2,1,0,672,0,0
11035,59,2,0,3,0,0,0,0
38516,37,0,2,1,0,309,1,0
30576,34,7,2,1,0,1758,1,0
34624,35,2,1,2,0,0,0,0
34110,58,5,1,1,0,919,1,1
37114,55,1,1,0,0,-636,1,0
18853,35,9,2,2,0,211,0,0
39272,33,6,2,1,0,136,1,0
16466,41,4,0,2,0,846,0,1
13721,35,1,1,1,0,1330,0,0
6151,39,3,1,0,0,-44,1,0
40994,42,4,2,2,0,3371,1,1
1408,38,9,1,3,0,90,1,1
15901,55,9,1,0,0,284,0,0
22711,52,4,2,2,0,597,0,0
7671,53,9,0,0,0,7290,1,0
17720,42,2,1,2,0,859,0,0
44494,40,1,1,1,0,1515,1,0
39383,55,4,1,3,0,1504,1,0
17680,58,5,0,1,0,19,0,0
24679,54,9,1,3,0,1162,0,0
22423,40,6,1,1,0,0,0,0
1230,48,9,0,1,0,177,1,0
44201,35,7,1,1,0,2918,0,1
3846,23,7,2,1,0,91,1,0
17193,31,4,1,2,0,0,1,1
455,44,1,1,1,0,274,1,1
23314,31,6,2,2,0,1788,0,0
6095,43,0,1,1,0,429,1,0
130,55,4,1,3,0,1185,0,0
13244,55,10,1,0,0,1221,0,1
3640,45,0,1,1,0,805,1,0
21340,54,1,1,0,0,0,0,0
14648,32,4,0,2,0,222,0,1
19638,40,9,1,1,0,192,0,0
36122,36,1,1,1,0,-461,0,0
6496,37,7,1,1,0,-349,1,0
27484,37,7,2,1,0,105,0,1
24959,47,0,1,1,0,829,1,1
6047,28,7,2,1,0,-358,1,0
41731,26,6,2,2,0,993,0,0
23933,39,9,0,1,0,8,0,0
15614,42,1,1,1,0,156,0,0
14541,31,1,1,1,0,-84,0,1
20907,43,9,1,2,0,1201,1,1
27654,59,4,1,2,0,20798,1,0
30355,42,7,1,1,0,-91,1,1
31590,37,7,1,1,0,749,1,0
3708,31,6,2,2,0,144,1,0
12100,26,8,2,1,0,715,1,0
26962,39,0,2,1,0,2263,1,1
39167,38,0,2,1,0,1560,1,0
4913,37,7,1,1,1,-954,1,0
11655,56,4,0,2,1,-1968,0,0
22595,46,3,1,0,0,304,0,0
38592,34,10,1,1,0,-16,1,0
27566,30,1,2,1,0,2380,0,0
20573,54,9,1,1,0,658,0,0
10639,53,1,1,0,0,4641,0,0
31807,32,4,2,2,0,1781,0,0
15209,36,4,0,2,0,210,1,0
36953,42,1,1,0,0,159,1,0
28288,46,0,0,1,0,660,1,0
1674,43,1,2,1,0,3,1,0
4347,44,6,2,2,0,149,1,0
5604,50,2,1,2,0,1605,1,0
20863,41,9,0,1,0,258,0,0
10628,46,1,1,2,0,993,1,0
5100,34,1,2,1,0,89,1,1
1645,32,1,1,1,0,687,1,0
32469,39,1,1,1,0,180,1,0
2528,53,5,1,1,0,-27,0,0
9375,58,11,1,2,0,4150,0,0
18422,48,3,1,1,0,1397,0,0
17057,35,0,1,1,0,786,0,1
16733,25,9,2,1,0,4718,0,0
18663,39,4,2,2,0,572,1,0
13722,29,4,1,2,0,55,1,0
21363,32,9,0,2,0,3628,0,0
8208,39,0,2,1,0,2040,1,0
8433,38,9,2,1,0,12926,1,0
22804,33,9,1,1,0,0,0,0
40104,30,0,1,1,0,779,1,0
13763,31,3,1,1,0,12,1,0
18637,25,7,1,1,0,0,1,0
27600,44,3,1,0,0,2388,0,0
12719,38,4,1,2,0,1444,1,0
43914,28,10,2,1,0,304,0,0
39506,37,6,1,2,0,2211,1,0
43047,23,8,2,1,0,1234,0,0
28000,30,4,2,2,0,140,0,0
19488,31,9,1,1,0,54,0,0
38753,28,1,2,1,0,171,1,0
22053,59,2,1,2,0,-23,0,1
18334,40,2,0,2,0,992,1,0
15056,30,4,2,2,0,4,1,0
4041,48,4,1,3,0,54,1,0
10388,49,1,1,0,0,937,1,0
20329,31,1,1,1,0,-204,1,1
37308,32,7,1,1,0,1670,0,0
21406,39,4,1,2,0,2226,1,0
35432,23,9,2,3,0,231,1,0
1079,43,9,1,2,0,743,1,0
3771,39,1,1,0,0,385,1,0
15218,45,7,1,1,0,307,0,1
27561,33,9,0,1,0,558,1,0
8321,48,1,1,0,0,235,1,0
33547,28,9,1,2,0,161,1,0
24508,54,9,1,1,0,899,0,1
42860,45,0,1,1,0,205,0,0
40361,32,2,1,0,0,3083,0,0
18331,53,2,1,3,0,28,0,0
28340,27,1,2,0,0,1209,0,0
13164,28,1,2,1,0,517,0,1
29739,30,8,2,1,0,96,0,0
18353,35,9,1,2,0,108,1,0
35186,37,6,2,2,0,2441,1,1
32914,32,1,1,0,0,-56,1,1
27240,35,4,1,2,0,365,0,0
42210,49,4,1,0,0,3371,0,0
26894,30,0,1,1,0,35,1,1
16861,56,4,0,2,0,55,0,1
2935,56,1,1,1,0,1412,1,0
40228,42,7,1,2,0,4216,0,0
18211,39,9,1,2,0,-1099,1,0
30677,40,0,2,1,0,0,0,0
9414,35,6,1,1,0,116,0,0
26690,44,1,1,1,0,1397,0,0
5103,33,1,1,1,0,263,1,0
21683,50,0,1,1,0,-1415,0,0
29354,53,1,0,0,0,-1,1,0
26109,56,0,1,3,0,1933,0,0
42026,74,5,1,2,0,1742,0,0
9385,56,4,1,2,0,3039,0,0
44217,30,4,2,2,0,1268,0,0
25530,40,4,1,2,0,12409,1,0
15492,60,9,1,1,0,851,0,1
27567,46,4,1,1,0,149,0,0
1467,57,1,0,0,0,-176,1,0
11305,37,7,0,0,0,0,1,0
28882,27,4,2,2,0,0,1,0
10598,60,4,1,0,0,21292,0,0
2807,44,7,2,1,0,0,1,0
32495,53,1,1,0,0,1794,1,0
26543,35,1,2,0,0,258,1,0
38400,29,1,2,0,0,722,1,0
25007,57,1,1,1,0,649,1,0
34521,29,1,2,1,0,-16,1,1
32104,35,0,1,1,0,5250,1,0
24506,42,10,1,3,0,970,1,0
5923,56,5,1,1,0,74,1,0
38707,47,7,1,1,0,223,0,0
4536,33,4,2,0,0,4897,1,0
8507,31,0,2,1,0,2104,1,0
41747,60,0,0,1,0,12039,0,0
10448,50,9,1,1,0,1765,1,0
44851,60,0,1,1,0,3735,0,0
11290,40,9,1,2,0,4396,0,0
29709,26,4,2,2,0,1837,0,0
13687,38,1,0,1,0,-2093,1,1
8048,38,1,1,0,0,451,1,0
16866,47,4,1,2,0,19,0,0
43126,60,0,1,1,0,106,0,0
17483,25,9,2,1,0,218,1,1
30281,34,7,1,1,0,87,0,0
11749,43,4,2,0,0,0,0,0
1163,32,0,2,1,0,89,1,1
2066,54,0,1,1,0,42,1,0
16839,41,2,1,2,0,0,1,0
45188,29,4,2,1,0,703,1,0
41441,62,3,1,1,0,565,0,0
17258,53,0,1,1,0,673,0,1
27219,31,1,1,1,0,3653,1,1
38341,24,1,2,1,0,3,1,0
22084,35,4,1,2,0,109,0,1
20706,52,3,1,0,0,200,0,0
44548,31,4,1,2,0,6980,0,0
34468,37,7,1,1,0,4430,1,0
41735,61,3,1,2,0,1389,0,0
525,43,1,1,1,0,1335,1,0
44982,46,0,1,1,0,171,1,1
865,35,9,1,1,0,118,1,0
42638,32,4,2,2,0,1962,0,0
30816,31,0,2,1,0,476,0,0
1419,32,1,1,1,0,214,1,0
10847,47,1,1,0,0,145,0,0
21347,33,4,2,2,0,134,0,0
37178,39,4,1,2,0,141,1,0
8729,41,9,2,3,0,454,1,0
16293,46,1,1,3,0,55,0,0
35256,31,1,2,3,0,461,1,0
39914,24,8,2,1,0,228,0,0
884,37,4,2,2,1,45,1,0
29195,44,4,1,1,0,991,0,0
19918,45,4,1,2,0,4877,1,0
17313,43,3,1,1,0,150,0,0
25262,37,9,1,1,0,712,1,0
15562,49,5,1,0,0,375,0,1
3072,41,1,1,0,0,348,1,0
24614,43,1,1,1,0,-210,1,0
22852,31,4,1,2,0,29230,0,0
40809,60,5,1,1,0,1853,0,0
23113,39,4,2,2,0,1092,0,0
22110,46,4,1,2,1,-337,0,1
20209,43,9,0,1,0,1532,0,0
27149,54,9,1,1,0,230,0,1
26713,54,4,1,2,0,1502,0,0
17587,50,10,1,1,0,1772,0,0
10861,37,6,2,2,0,1116,0,0
3386,47,1,1,1,0,39,1,0
40351,23,8,2,1,0,1021,0,0
2518,56,5,1,1,0,296,1,0
29447,54,5,1,0,0,117,0,0
32835,38,1,2,0,0,0,1,0
20171,34,4,1,2,0,5665,0,0
16285,36,6,1,2,0,328,1,1
12128,58,1,1,3,0,703,0,0
17722,52,0,2,1,0,2332,0,0
3617,32,0,2,1,0,289,0,0
17062,25,1,1,1,0,-102,0,0
39355,38,9,1,1,0,976,1,0
6885,31,0,1,3,1,-310,1,0
36885,49,7,1,1,0,-301,1,0
7569,38,4,0,2,0,4425,1,0
20854,33,4,0,2,0,0,0,0
5553,32,9,1,1,0,1247,1,0
32250,23,1,1,0,0,1158,1,0
24625,47,4,1,1,0,0,1,1
38008,44,9,1,1,0,736,1,0
14430,33,7,1,0,0,908,1,1
55,38,2,2,2,0,243,0,1
22192,55,1,1,0,0,400,0,0
39848,34,4,0,2,0,2466,0,0
20670,36,4,1,2,0,0,0,0
33435,43,1,1,0,0,1892,1,0
15137,29,1,2,1,0,-61,0,0
13082,34,3,1,1,0,-97,1,1
2340,37,1,0,1,0,178,1,0
33328,35,1,1,1,0,94,1,0
41373,23,8,2,1,0,922,0,0
40217,50,10,1,1,0,3357,0,0
24937,41,4,2,2,0,275,1,0
42742,38,1,2,1,0,0,0,0
34306,56,6,1,2,0,349,1,0
39596,52,9,1,1,0,195,1,0
34151,32,4,2,2,0,0,1,0
24811,41,9,1,1,0,476,1,1
40618,47,9,1,1,0,1167,1,0
14062,26,0,2,0,0,528,1,1
28318,42,7,1,1,0,1152,1,0
37272,31,0,1,1,0,879,1,0
13158,31,6,1,1,0,731,0,1
23943,46,4,0,2,0,0,0,1
25955,55,10,1,1,0,4733,1,0
5816,59,5,0,1,0,93,0,0
43570,30,4,2,2,0,697,0,0
20461,32,4,2,2,0,100,0,0
26843,35,1,1,1,0,5639,1,0
39094,24,0,2,1,0,3505,1,0
35757,48,7,0,1,0,62,1,0
26405,31,1,2,1,0,5607,0,0
21234,59,6,1,1,0,0,0,0
16154,50,3,0,0,0,94,1,0
102,52,1,1,0,0,128,1,0
7227,47,10,1,1,0,351,1,1
16892,35,9,2,1,0,2471,1,1
9982,43,7,2,1,0,532,1,0
15928,38,1,1,3,0,0,0,0
30474,33,6,1,2,0,1099,0,0
11233,56,2,1,2,0,773,0,0
7497,52,1,1,0,0,17,1,0
7434,54,4,1,2,0,107,1,0
11515,39,7,1,1,0,2843,1,0
25452,31,9,0,2,1,1200,0,0
17247,28,4,2,2,0,111,1,1
32151,33,4,1,2,0,2173,1,0
36579,28,0,1,1,0,1119,1,0
40834,55,5,1,2,0,357,1,0
19693,34,9,2,1,0,0,0,0
42459,80,5,1,0,0,155,0,0
24437,58,0,1,1,0,3735,0,0
41545,58,3,1,0,0,4605,0,0
5126,32,9,1,1,0,4174,1,0
28949,59,5,0,2,0,979,1,0
42469,69,5,1,1,0,3588,1,0
37049,38,9,2,1,0,8637,1,0
5775,28,4,2,2,0,1107,1,0
39816,23,7,2,1,0,31,0,0
14015,41,1,1,0,0,372,1,0
22493,46,4,1,2,0,144,0,0
23829,45,9,0,1,0,54,0,0
12329,43,7,0,2,0,2279,0,1
23871,59,6,1,2,0,1059,0,0
36438,45,7,1,1,0,744,1,0
18391,40,1,1,1,0,4853,0,0
41186,59,4,1,2,0,2239,0,0
33590,57,0,1,1,0,2087,1,0
42264,76,5,1,0,0,3324,0,0
9757,45,5,0,0,0,261,0,0
38269,43,7,1,1,0,68,1,1
35679,27,4,2,2,0,1137,1,0
26946,55,5,1,0,0,3876,0,0
24771,31,0,2,1,0,19,1,0
17264,28,0,1,1,0,157,1,1
14104,36,6,1,1,0,611,0,0
4582,33,1,1,1,0,3259,1,0
15953,40,2,1,2,0,121,1,0
14459,50,9,1,1,0,2,1,1
20276,50,7,1,1,0,1,0,0
21727,48,1,1,0,0,347,0,0
7401,36,4,2,2,0,891,1,0
4570,36,1,1,0,0,8135,1,0
36328,47,9,1,1,0,1571,1,0
32624,22,1,2,1,0,104,1,0
13926,30,7,1,1,0,5,0,1
36798,41,9,2,3,0,3652,1,0
1518,42,4,2,2,0,1768,1,0
38192,30,7,2,0,0,79,1,0
324,31,0,2,1,0,98,1,0
40897,32,7,1,1,0,386,0,0
44932,71,5,1,1,0,1696,0,0
20315,35,9,1,1,0,289,1,0
10888,35,1,2,1,0,507,0,0
44936,27,9,2,1,0,927,0,0
7318,53,4,0,2,0,195,1,0
28292,58,5,0,2,0,499,1,1
16606,33,7,2,1,0,192,0,0
20071,50,4,2,2,0,592,0,0
36724,38,0,2,1,0,883,1,0
7910,55,0,1,1,0,139,1,0
35735,23,1,2,1,0,0,1,0
34007,33,4,1,2,0,55,0,0
19839,47,1,1,1,0,8229,0,0
37452,57,1,1,1,0,25,1,0
38131,46,1,1,0,0,4602,1,0
21391,46,4,1,2,0,3115,0,0
12936,31,4,2,2,0,1598,1,0
28225,40,0,2,1,0,956,1,0
35868,44,0,2,1,0,89,1,1
4069,48,10,1,2,0,-471,1,0
32239,36,4,2,2,0,937,1,0
3322,53,1,1,3,0,2785,1,0
41296,60,5,1,2,0,108,0,0
18886,51,1,1,0,0,1543,0,0
45170,19,8,2,0,0,245,0,0
5958,33,9,1,2,0,480,1,0
30557,47,6,1,1,1,2,0,0
15647,32,0,1,1,0,0,1,0
7602,35,0,2,2,0,0,0,0
30647,33,4,2,2,0,417,1,0
39530,60,4,1,2,0,205,0,0
25848,38,1,0,1,0,0,1,0
10413,48,1,1,0,0,916,0,0
32849,35,4,1,2,0,193,1,0
19113,48,7,1,1,0,1573,0,0
6442,38,1,2,1,0,5891,1,0
27083,49,10,1,1,0,13818,0,0
44596,28,7,2,1,0,2685,0,1
20881,47,3,1,0,0,183,0,0
20766,35,4,1,2,0,481,0,0
26020,54,5,1,1,0,2626,0,0
20947,52,9,1,1,0,1064,0,0
20039,46,4,1,2,0,1103,1,0
2542,35,7,1,1,0,-371,1,0
27448,31,0,2,1,0,144,1,0
40484,36,0,1,1,0,110,1,1
24072,36,4,1,2,0,2415,1,0
29459,58,5,1,0,0,3401,1,0
4144,53,1,1,0,0,10,1,0
27817,33,4,1,2,0,373,0,0
14188,40,1,1,1,0,178,1,0
28147,31,1,1,1,0,92,1,0
16554,38,0,1,1,0,3091,1,0
25607,41,9,1,2,0,67,1,0
25201,46,7,2,1,0,897,1,0
8630,45,0,1,1,0,-547,1,0
26540,51,1,1,1,0,575,0,1
9533,33,2,2,2,0,327,1,1
16516,56,1,1,1,0,527,0,1
37262,47,0,1,1,0,411,1,0
18759,54,4,1,2,0,1197,1,1
7781,41,3,1,2,0,783,1,0
36552,39,0,0,1,0,223,1,1
38231,32,7,1,1,0,15,1,0
16964,32,1,0,0,0,380,0,0
28572,31,7,2,1,0,-250,0,1
14509,40,1,0,1,0,-349,0,1
5411,48,9,1,1,0,3142,0,0
16743,30,4,1,2,0,14,0,0
18419,41,1,1,0,0,0,0,0
31359,30,4,2,2,0,201,1,0
18226,30,4,1,2,0,160,1,0
2690,31,1,1,0,0,651,1,0
16994,37,7,0,1,0,652,0,0
536,48,1,1,1,0,157,1,0
26608,33,0,2,1,0,21854,1,0
21975,49,3,1,1,0,3,0,0
1917,35,4,2,1,0,6809,1,0
3784,32,1,1,1,0,23,1,0
12113,32,1,1,1,0,2526,1,0
14155,55,4,0,1,0,204,1,0
33126,37,1,1,0,0,287,1,0
26523,31,3,1,1,0,592,0,1
24686,40,10,1,1,0,219,1,0
26893,42,4,1,2,0,4014,1,0
7528,36,1,1,1,0,604,1,0
34124,30,4,2,2,0,620,1,0
19781,31,9,1,1,0,659,1,0
41949,78,5,0,0,0,229,0,0
37797,33,1,2,0,0,60,1,0
44097,47,4,2,2,0,6651,0,0
32570,31,7,1,1,0,-163,1,0
5520,54,1,1,1,0,-630,0,0
41971,42,4,1,2,0,2463,0,0
7279,55,7,0,1,0,218,1,0
24476,36,10,1,1,0,16,1,1
23370,50,1,1,0,0,334,0,0
13520,41,2,1,1,0,557,0,1
26656,52,3,1,1,0,3923,1,0
2957,55,6,2,1,0,2607,1,0
28254,35,4,2,1,0,81,1,0
19063,55,9,1,1,0,1816,0,0
17413,35,1,1,1,0,1397,1,0
39920,46,1,1,1,0,1568,1,0
18636,45,4,1,2,0,7154,1,0
24733,44,3,0,1,0,653,0,0
20259,51,9,0,1,0,0,0,0
7951,54,1,1,1,0,5210,1,1
6729,53,1,2,0,0,-137,1,1
28691,46,10,2,1,0,2052,0,0
26448,35,1,1,1,0,667,0,0
40191,28,0,2,1,0,1448,0,0
44812,75,5,0,0,0,852,0,0
14012,50,9,1,1,0,4,0,0
24066,35,4,1,2,0,0,1,0
38111,33,9,2,2,0,109,1,1
45089,57,10,0,0,0,282,0,0
5584,39,6,1,1,0,31,1,0
7632,37,4,0,1,0,16,1,0
4834,39,9,1,1,0,3528,1,0
17583,50,4,1,2,0,596,0,0
30460,39,4,2,2,0,122,1,0
30765,46,10,0,1,1,22,0,0
15072,30,0,1,1,0,-44,1,0
39660,29,6,1,2,0,2305,0,0
25891,53,9,1,0,0,6839,1,0
29689,41,4,0,2,0,-78,1,0
30438,33,0,1,1,0,56,0,0
16382,60,4,2,2,0,0,0,1
34878,30,7,1,1,0,78,1,0
41460,42,4,2,2,0,0,0,0
18900,60,9,1,1,0,914,0,0
9425,59,3,0,1,0,45141,0,0
32063,32,9,2,2,0,1012,0,0
26513,33,1,2,0,0,785,1,0
38475,33,1,1,0,0,35,0,0
6588,49,9,0,1,0,181,1,0
20587,39,4,1,2,0,1424,1,0
45208,72,5,1,1,0,5715,0,0
18829,53,9,0,1,1,-63,0,1
41185,34,6,2,2,0,9962,0,0
13663,60,5,0,0,0,1017,0,0
38499,25,9,2,1,0,173,1,0
32202,37,9,1,1,0,1762,0,0
6490,43,9,1,1,0,2344,1,0
27141,35,7,2,1,0,1354,0,1
11503,51,1,1,0,0,1938,0,0
6817,31,1,0,0,0,158,1,0
44662,22,8,2,3,0,549,0,0
14880,25,1,2,1,0,158,1,1
20431,31,4,2,2,0,123,0,0
38124,47,0,1,1,0,175,1,0
4167,26,1,1,1,0,484,1,0
28671,32,7,1,1,0,605,1,0
3014,42,7,1,1,0,737,1,0
3854,28,9,1,1,0,58,0,0
8098,33,1,1,0,0,3868,1,0
16486,60,9,1,1,0,591,0,0
42951,33,8,1,1,0,1536,0,0
37768,32,1,1,1,0,-103,1,0
8553,39,1,1,1,0,203,1,0
40061,27,7,2,1,0,339,0,0
9001,46,9,1,1,0,488,0,0
37440,50,9,0,1,0,-54,1,1
6330,53,0,0,1,0,-120,1,0
4677,36,4,2,2,0,1373,1,0
4613,33,1,1,1,0,0,1,1
37346,44,4,2,1,0,-228,1,1
1969,33,1,1,0,0,191,1,0
30344,60,10,2,2,0,361,0,0
15250,29,7,1,1,0,3220,0,0
10858,47,9,0,1,0,431,0,1
3573,36,1,1,1,0,412,1,0
42949,53,0,1,1,0,1228,1,1
33527,53,5,1,1,0,352,1,0
30174,46,4,1,2,0,-191,1,0
34311,45,9,1,1,0,280,1,0
31044,41,9,1,1,0,1066,0,0
38000,47,2,1,3,0,676,1,1
18652,34,4,1,2,0,714,1,0
14114,34,1,1,1,1,-745,1,1
13745,50,1,0,0,0,-677,0,0
11509,47,9,0,1,0,5735,0,0
12862,41,1,2,1,1,1085,1,1
33303,57,5,1,0,0,2961,0,0
32180,35,1,1,1,0,444,1,0
24888,49,4,1,2,1,-24,0,0
25462,55,1,0,1,0,4053,0,0
37417,37,4,2,1,0,1572,0,0
40009,37,9,1,1,0,6384,1,1
30528,59,6,2,0,0,0,1,0
4427,29,7,2,1,0,271,1,0
18649,56,9,1,2,0,1476,0,0
22373,52,4,1,1,0,189,0,0
38336,33,7,2,1,0,450,1,0
39249,30,7,2,1,0,177,1,0
7120,40,1,1,1,0,327,1,0
38672,41,1,1,1,0,780,1,0
39908,31,8,2,2,0,64,0,0
18800,46,1,2,0,0,259,0,1
42833,66,5,1,0,0,3629,0,0
35438,53,1,2,3,0,160,1,0
2198,29,10,1,1,0,380,0,1
1295,46,7,1,1,0,2019,1,0
40870,59,3,1,0,0,182,0,0
1849,29,4,1,2,0,-6,1,0
23183,33,4,1,2,0,0,0,0
35452,53,0,0,1,0,26,1,0
9975,36,7,1,1,0,136,0,0
30180,58,4,1,1,0,-382,0,0
28527,44,4,1,1,0,488,0,1
18069,56,5,1,0,0,152,1,1
16501,31,9,2,1,0,1014,1,0
7533,37,6,0,2,0,601,1,0
44346,34,0,1,2,0,0,0,0
4796,31,7,1,1,0,289,1,0
7090,35,1,1,1,0,0,1,1
14588,60,4,0,2,1,20,0,1
8339,42,0,1,1,0,6445,1,0
35998,49,5,1,1,0,993,1,1
8728,42,0,2,1,0,336,1,0
11342,57,1,1,3,0,4148,0,0
36626,41,9,2,1,0,169,1,0
1522,44,1,1,1,0,373,1,0
32173,32,1,1,0,0,388,1,0
36854,40,1,1,0,0,1411,1,0
10711,36,0,2,1,0,16,0,0
24333,41,4,2,2,0,3013,1,0
24897,42,1,1,1,0,1958,1,0
34463,46,0,2,2,0,2889,1,0
44457,37,4,1,2,0,2283,0,0
32757,47,1,1,1,0,8148,1,0
13438,59,4,0,0,0,133,1,0
26004,30,1,1,1,0,913,1,1
35043,33,4,1,2,0,5289,1,0
36428,32,1,1,1,0,222,1,0
21547,56,5,1,1,0,20,0,1
37158,34,1,1,1,0,496,1,0
19791,60,3,1,1,0,1361,0,0
11867,34,1,1,1,0,490,1,0
44368,34,4,1,1,0,369,0,0
36759,26,2,1,2,0,38,1,0
12585,51,1,0,3,0,0,0,1
30812,55,10,2,0,0,274,0,0
38746,40,1,2,0,0,-21,0,0
18813,50,0,1,1,0,1138,1,1
23870,31,9,2,1,0,-2,0,0
15721,25,9,2,1,0,2157,1,0
31656,36,6,1,1,0,1184,1,0
29430,53,1,1,1,0,6112,0,0
18049,35,0,0,1,0,0,0,0
27318,39,4,1,2,0,20932,0,0
1293,30,2,1,1,0,31,0,0
34435,46,2,1,1,0,212,1,0
12499,51,1,0,0,0,-28,0,1
34052,26,8,2,2,0,2,0,0
6410,34,7,1,1,0,279,1,0
5837,26,1,1,1,0,-330,1,1
29427,54,1,1,1,0,5372,1,0
12789,39,1,2,0,0,366,1,1
23248,53,10,1,0,0,49,0,0
4778,54,5,0,2,0,6102,1,1
21057,39,9,1,1,0,311,0,0
28039,27,1,2,0,0,140,0,0
33588,31,0,0,1,0,-186,1,0
555,36,0,1,1,0,-106,1,0
14710,35,0,2,2,0,2622,0,0
6605,38,1,1,1,0,35,1,0
11862,59,4,1,1,0,544,0,0
706,44,9,2,3,0,78,1,0
32539,34,1,1,1,0,1226,1,0
9295,34,1,2,1,0,1848,1,0
301,51,0,1,1,0,531,1,0
14984,37,1,1,1,0,680,1,1
12914,31,9,2,1,0,49,1,0
37355,51,10,1,1,0,-13,1,0
10860,56,5,0,1,0,4,0,0
25998,51,10,0,1,0,-56,1,0
25662,47,4,1,3,0,4189,1,0
29395,31,4,2,2,0,112,1,0
9125,46,1,1,1,0,0,1,0
11058,51,6,1,0,0,307,1,1
15760,35,4,1,2,0,0,1,0
407,46,1,0,0,0,1927,1,0
2416,31,9,1,1,0,2363,1,0
18661,35,1,1,1,0,-172,1,0
24890,57,10,1,1,0,1681,0,0
11501,56,6,1,2,0,411,0,0
7498,28,7,1,1,0,222,1,0
44418,35,10,2,2,0,415,0,0
33161,50,1,1,0,0,3304,1,0
7008,36,9,1,1,1,947,1,0
23641,34,9,1,1,0,-173,0,0
5522,32,1,1,1,0,736,1,0
9919,44,4,2,1,0,1012,0,0
41700,30,9,2,2,0,655,0,0
21072,52,1,1,0,0,1949,0,0
42616,65,11,1,3,0,300,0,0
11061,58,3,0,0,0,57,0,0
38447,30,7,2,2,0,717,1,1
8539,39,6,2,2,0,1132,1,0
7414,40,1,1,1,0,100,1,0
20532,46,1,1,0,0,2269,1,0
37065,39,7,1,0,0,276,1,1
16889,32,9,2,1,0,26,0,1
1087,30,1,1,1,0,309,1,0
26633,36,1,1,0,0,21,0,0
19921,38,9,2,1,0,4359,0,0
24540,41,1,1,1,0,2152,1,0
34932,46,4,1,1,0,-27,1,0
8827,26,0,0,1,0,-45,1,0
24473,36,1,1,1,0,1797,1,1
29364,44,9,0,2,0,245,1,0
43006,34,1,1,1,0,1454,1,0
38587,39,9,2,2,0,1674,0,0
40829,40,0,2,1,0,100,1,0
15077,43,1,1,1,0,833,0,0
11498,45,4,1,2,0,9711,0,0
5324,35,9,1,1,0,700,1,0
28411,34,4,1,2,0,349,1,1
27120,31,4,2,2,0,528,0,1
11943,57,9,0,1,0,1168,0,0
32022,36,7,2,1,0,1405,1,0
15545,43,4,1,2,1,0,0,0
11433,36,4,0,1,0,47,0,0
27618,30,6,1,2,0,1036,1,1
43031,32,4,1,2,0,905,0,0
17738,31,4,1,2,0,1839,1,0
19692,32,9,2,1,0,554,0,0
9946,41,7,1,0,0,510,0,0
3228,40,7,1,1,0,4157,1,0
35400,58,1,1,3,0,807,1,0
20078,58,1,1,1,0,1894,0,0
30987,33,1,1,1,0,93,0,0
39989,51,4,2,2,0,102127,0,0
3136,42,1,1,0,0,321,1,0
41274,34,0,2,1,0,745,1,1
26951,37,9,2,2,0,6889,1,0
22034,38,4,1,2,0,1555,0,0
35171,36,1,1,1,0,89,1,0
19547,33,9,1,1,0,277,0,0
41721,61,5,1,1,0,286,0,0
30587,53,9,1,1,0,287,0,0
20620,41,4,1,2,0,8553,1,0
17433,43,1,2,0,1,69,0,1
41561,74,5,1,0,0,1765,0,0
15243,41,4,0,2,0,107,1,0
20623,49,6,1,2,0,599,0,0
15610,39,9,1,1,0,1048,0,1
12684,49,1,1,0,0,-157,1,0
43139,37,4,1,2,0,255,0,0
16768,41,1,1,1,0,2717,1,1
41880,80,4,1,0,0,6483,0,0
39079,36,3,2,1,0,1015,1,0
42428,42,4,1,2,0,144,0,0
23189,49,4,1,2,0,0,0,0
22347,47,4,1,1,1,0,0,1
13817,34,6,1,2,0,0,1,0
22844,32,4,2,2,0,1882,0,0
38016,50,7,0,1,0,622,1,0
15145,36,1,1,1,0,2894,1,0
44041,48,0,2,1,0,1544,1,0
29941,32,2,1,2,0,1496,0,0
42364,72,5,1,1,0,1129,0,0
41001,34,9,1,2,0,3160,1,0
36,25,1,1,1,0,-7,1,0
29421,36,7,2,1,0,5315,1,0
31555,56,0,1,0,0,0,1,0
8442,40,6,1,1,1,-754,1,1
15192,30,9,2,2,0,178,0,0
10900,45,1,1,1,0,521,1,0
8838,40,7,0,1,0,0,1,0
5763,29,0,1,1,0,494,1,0
16654,45,1,1,0,0,1670,0,1
39178,28,9,2,1,0,3,0,0
3506,56,3,0,1,0,0,0,0
26510,56,4,1,2,0,1803,0,0
11720,49,9,2,3,0,443,0,0
18038,44,1,1,0,0,276,1,0
20147,48,1,1,0,0,3886,0,0
17678,39,0,1,1,0,394,0,0
39975,29,1,1,0,0,5,0,0
23406,39,4,2,1,0,113,1,0
20554,38,9,2,1,0,382,1,0
396,40,0,2,1,0,263,1,0
25563,30,7,2,0,0,0,1,1
1944,31,7,2,1,1,68,1,0
26972,53,4,1,2,0,1945,0,0
3065,47,1,1,0,0,6439,1,0
11844,39,9,0,1,0,80,0,0
44789,24,8,2,3,0,358,0,0
18896,30,4,2,2,0,835,1,0
42141,62,3,1,1,0,2,0,0
30193,30,10,2,1,0,2616,0,0
41571,47,9,0,1,0,1013,0,0
22047,34,4,1,2,0,651,0,0
6537,47,9,0,2,0,-1148,1,1
16759,29,1,1,1,0,658,1,0
27913,45,9,0,1,0,299,1,0
4096,51,9,2,1,0,4089,1,0
22214,32,3,1,1,0,0,0,0
7791,46,1,1,0,0,-287,1,0
16911,27,9,2,1,0,3485,0,1
5331,32,9,2,2,0,390,1,0
18895,35,4,2,2,0,837,0,0
32916,36,1,0,1,0,313,1,1
33410,28,4,2,1,0,967,1,0
26221,38,9,1,1,0,1448,1,0
12380,30,1,1,1,0,1131,1,1
36011,45,5,0,1,0,187,1,0
20455,49,4,1,1,0,0,0,0
24579,52,4,1,2,0,11650,1,0
9015,57,4,1,2,0,561,0,0
30969,41,6,0,2,0,1256,0,0
39466,20,8,2,1,0,162,0,0
5949,43,1,1,0,0,-93,1,0
39738,30,0,1,1,0,0,0,0
18023,37,7,1,1,0,4151,1,1
14417,43,7,1,1,0,778,0,0
13445,53,9,2,1,0,-165,1,0
34423,46,1,1,1,0,524,1,0
41559,28,1,2,1,0,322,0,0
29377,40,9,0,1,0,93,0,0
17197,36,9,1,1,0,-90,1,0
29998,40,0,1,1,0,1142,1,0
15683,43,0,2,1,0,375,0,1
35399,40,1,0,1,0,0,1,0
8608,38,0,0,1,0,4630,1,0
21168,59,5,1,1,0,385,0,1
16532,55,4,0,2,0,36,0,0
4315,27,1,2,1,0,5,1,0
29314,33,10,2,2,0,617,0,0
21,56,4,1,2,0,779,1,0
42160,78,5,0,0,0,55,0,0
7823,51,2,1,1,0,0,0,0
30283,40,1,2,0,0,-187,1,0
2723,58,11,0,1,0,3111,1,0
31156,29,8,2,1,0,48,0,0
34871,37,9,1,1,0,83,1,0
23382,32,9,2,1,0,109,0,0
14786,54,5,0,1,0,2761,0,0
16804,33,9,0,1,0,791,1,0
15523,34,1,1,1,0,45,1,1
26397,47,7,1,1,0,1315,0,0
35414,60,1,1,3,0,2090,1,0
19980,35,6,1,2,0,1987,0,0
29512,59,10,0,1,0,44134,0,0
28931,40,9,2,2,0,1646,1,0
21201,45,1,1,0,0,147,0,0
18007,47,4,0,2,0,8226,1,0
23058,49,4,1,2,0,108,0,0
12643,28,0,1,1,0,934,1,0
42610,36,4,1,2,0,93,0,0
31575,39,1,1,1,0,1756,1,0
3383,34,0,2,1,0,1704,1,0
12600,49,5,1,0,0,-37,0,0
36943,33,0,2,1,0,422,1,0
34828,49,1,0,0,0,0,1,0
24528,43,1,0,1,0,-259,0,0
20568,58,9,1,1,0,175,0,0
29554,34,2,2,2,0,1295,1,0
41642,29,0,2,2,0,14,0,0
36816,51,4,1,1,0,1250,1,0
7477,34,7,1,1,0,88,1,1
39473,33,7,1,2,0,570,0,0
36399,53,1,1,1,0,248,1,0
19054,46,0,1,1,0,0,0,0
38886,32,0,2,1,0,396,1,0
10378,37,9,1,1,1,693,0,0
7868,35,1,1,0,0,2708,1,0
21862,38,9,2,1,0,0,0,0
19089,50,4,2,2,0,1098,1,1
19573,58,9,2,1,0,641,0,0
12125,38,1,1,0,0,1679,1,0
20618,50,4,1,2,0,258,0,0
12783,35,4,2,2,0,12,0,0
3079,28,1,1,0,0,0,0,0
42240,30,10,2,1,0,2424,0,0
37810,24,1,1,0,0,456,0,0
29006,32,0,0,1,0,714,0,0
10410,51,3,1,0,0,3073,0,0
39027,30,7,1,1,0,1256,1,0
35341,46,9,0,1,0,-1034,1,1
38896,37,0,0,1,0,5768,1,0
31066,63,5,1,2,0,133,1,0
15625,37,0,2,1,0,862,0,0
20741,49,9,1,1,0,3392,0,0
4386,38,4,0,2,0,-980,1,0
17793,42,1,1,0,0,2273,1,0
18225,49,1,1,1,0,395,0,1
25602,47,10,1,2,0,1172,0,1
923,30,7,2,2,0,542,1,0
19020,58,5,1,1,0,983,0,0
5054,32,1,2,1,0,5252,1,0
36730,51,0,1,1,0,-287,1,0
17535,33,9,1,2,0,-482,1,0
38900,29,9,2,1,0,534,1,0
35325,41,7,2,1,0,-278,1,0
18753,47,1,1,1,0,737,0,1
37942,35,1,1,1,0,2432,1,0
34566,30,1,2,0,0,253,1,0
26063,57,5,0,2,0,3875,0,0
13102,26,4,2,2,0,350,0,0
8194,48,0,1,1,0,749,1,0
38261,51,3,0,0,0,94,1,0
24027,36,9,2,1,0,2419,0,0
36563,46,9,1,1,0,278,1,0
37894,34,0,1,1,0,384,1,0
39209,34,4,2,2,0,-578,1,0
8634,36,4,1,2,0,27359,1,0
35681,33,9,2,1,0,220,1,0
27971,33,4,2,2,0,726,0,0
1802,32,1,2,1,0,160,1,0
34730,37,9,2,1,0,5436,1,0
20630,34,4,2,2,0,3679,1,0
10496,36,1,1,1,0,274,1,0
13110,58,5,1,3,0,-230,0,1
37567,39,4,1,2,0,0,1,0
37545,31,4,1,2,0,22546,1,0
41360,52,1,1,1,0,2087,1,0
34170,29,4,2,2,0,36252,1,0
32447,66,5,1,2,0,525,0,0
3457,46,1,1,0,0,1114,1,0
18116,55,4,1,2,0,33,1,0
13390,43,11,1,0,0,0,1,0
41641,57,4,1,2,0,10583,0,0
16428,43,3,1,1,0,743,0,1
3764,34,9,2,1,0,0,1,1
25175,47,0,2,1,0,19,1,1
22281,59,1,1,0,0,0,1,1
24169,59,3,1,2,0,0,0,0
293,54,4,1,2,0,0,0,0
23329,37,9,0,2,0,39,0,0
791,44,1,1,0,0,503,1,0
30114,42,9,2,2,0,3908,1,0
13176,26,4,2,2,0,8303,0,0
38796,30,0,2,1,0,127,1,0
40868,50,9,0,3,0,2794,0,0
27026,35,10,1,1,1,1054,1,1
38335,29,9,2,1,0,213,1,0
37604,32,4,1,2,0,62,1,0
38532,34,1,0,0,0,0,1,0
5853,33,1,1,0,0,2720,1,0
28347,59,4,1,2,0,2365,0,1
35398,30,2,1,1,1,-388,1,0
18633,51,6,1,2,0,833,0,0
16962,40,2,1,1,0,0,1,0
16745,39,1,1,1,0,334,1,0
13398,28,6,2,2,0,25,0,0
28668,44,1,1,1,0,1308,0,0
37169,28,0,2,1,0,207,1,0
12424,35,9,1,2,0,1526,1,0
29811,33,7,1,1,0,0,0,0
27021,50,0,1,1,0,4117,0,0
42799,60,5,1,1,0,18967,1,0
14263,42,9,1,1,0,682,1,0
13003,31,4,1,2,0,256,1,0
35314,37,1,2,1,0,2469,1,0
13945,37,3,2,0,0,199,1,0
14084,37,9,1,1,0,0,1,0
7107,40,0,1,0,0,1314,1,0
20796,49,1,1,0,0,737,0,0
11757,35,6,1,1,0,347,0,0
1883,32,1,1,1,0,-208,1,1
30062,40,9,1,1,0,694,1,0
3268,52,0,1,1,0,225,1,0
12535,44,1,1,1,0,701,0,1
18693,31,9,2,1,0,4,1,0
8816,27,1,1,1,0,-335,1,1
22919,51,4,1,2,0,9864,0,0
5793,44,7,1,1,0,-75,1,0
27701,36,9,1,2,0,4932,1,0
21784,56,1,1,0,0,2324,1,0
24856,45,1,0,0,0,2702,0,0
15485,43,4,2,2,0,-50,1,1
41210,20,8,2,1,0,215,0,0
26030,39,4,1,2,0,12855,1,0
21319,59,3,1,0,0,1100,0,0
8849,48,1,2,2,0,2330,1,0
21054,47,9,1,1,0,-9,0,0
3080,31,7,1,1,0,37,1,0
12409,39,7,1,0,0,324,1,0
36997,48,1,1,0,0,3267,1,0
35587,50,1,1,1,0,26,1,0
18399,55,1,1,0,0,842,0,0
42346,24,1,2,0,0,1033,1,0
14170,31,0,1,1,0,1661,1,0
2400,23,0,2,1,0,5,1,0
5892,31,7,1,1,0,-68,1,0
10536,48,9,2,2,0,0,0,0
10036,35,7,1,1,0,0,0,0
8669,35,4,1,2,0,298,1,0
6889,34,0,2,1,0,1103,1,0
39458,26,1,2,2,0,567,0,0
34631,33,9,0,1,0,1480,1,0
16144,29,1,2,1,0,0,0,0
18540,40,3,2,2,0,7441,0,0
18525,53,4,1,2,0,3366,0,0
10700,38,4,1,2,0,7124,0,0
9506,46,9,1,1,0,0,0,0
22316,43,9,2,2,0,58,0,0
33292,34,2,2,1,0,318,1,0
4825,35,1,2,1,0,470,1,0
37044,38,9,2,1,0,61,1,0
39654,24,9,2,1,0,1234,0,0
7582,43,1,2,0,0,30,1,0
36709,37,1,1,1,0,342,1,0
33079,50,0,1,1,0,663,1,0
4585,35,1,1,1,0,2688,1,0
44552,42,0,0,1,0,2129,0,0
893,59,1,1,1,0,202,1,0
7180,23,7,2,1,0,0,1,0
40026,34,1,1,1,0,398,1,0
37368,26,0,2,1,0,0,1,0
24895,35,0,1,1,0,4463,0,0
34906,33,7,1,1,1,2,0,0
22934,35,9,2,2,0,973,0,0
10525,44,4,1,3,0,2982,0,0
6904,48,4,1,1,0,99,1,0
14765,49,3,1,0,0,0,0,0
6639,26,1,2,1,0,535,1,1
32149,34,4,1,2,0,0,0,0
24585,53,5,1,1,0,38,1,0
6354,27,7,2,1,0,1043,1,0
8501,34,4,2,2,0,618,1,0
11765,39,6,2,1,0,759,1,0
5442,35,7,2,1,0,511,1,1
43140,33,7,2,1,0,1852,0,0
20364,55,11,1,1,0,1785,0,0
26182,34,4,0,2,0,582,0,0
9076,60,5,1,2,0,9397,0,0
42775,49,9,0,3,0,387,0,0
10081,38,1,0,1,0,2998,1,0
9018,51,0,1,0,0,2281,1,1
13891,29,6,2,1,0,1186,0,0
25352,37,0,1,1,0,960,0,0
44873,35,9,1,2,0,0,1,1
418,52,1,0,0,0,55,1,1
14994,51,7,1,0,0,320,0,1
17684,38,0,1,1,0,1283,1,0
8189,43,1,2,0,0,-234,1,1
44492,25,8,2,1,0,348,0,0
10365,48,1,2,1,0,580,1,0
34789,36,0,0,1,0,50,1,0
33437,36,4,2,2,0,832,1,0
43379,57,4,0,2,0,3287,0,0
44908,48,4,0,2,0,-130,1,0
43995,33,4,2,2,0,794,0,0
28733,56,2,2,2,0,1745,1,0
3770,29,0,2,1,0,163,1,1
21791,33,4,1,2,0,1412,1,0
19187,53,0,1,1,0,1373,0,0
22973,51,7,1,1,0,276,0,0
7345,36,4,1,2,0,-1312,1,1
17212,58,4,2,2,0,331,0,1
19503,34,9,2,1,0,60,0,0
13340,55,0,1,1,0,859,0,0
42836,33,10,2,2,0,685,1,0
32666,34,0,1,1,0,747,1,1
20561,57,5,1,1,0,2714,0,0
11006,37,7,0,1,0,9,1,1
38881,26,8,2,2,0,251,1,0
30272,38,2,1,1,0,65,0,0
44665,25,8,2,1,0,154,0,0
20382,44,9,0,1,0,12,0,0
37522,38,10,2,1,0,1354,1,0
41404,46,0,1,2,0,2552,0,0
20868,30,4,2,2,0,756,0,0
30022,43,7,1,1,0,0,0,0
39231,51,1,2,0,0,55,1,0
24531,51,4,1,2,0,248,1,1
20960,42,9,1,1,0,27,0,0
35188,51,4,1,1,0,441,1,0
32281,31,9,1,1,0,183,0,0
23557,44,9,0,1,0,2179,0,0
31483,46,6,0,2,0,926,1,0
13035,45,7,1,1,0,0,0,1
20705,55,3,1,0,0,1642,0,0
7540,60,6,1,0,0,1226,1,0
15762,31,1,1,1,0,799,1,0
40069,48,4,1,2,0,-10,0,0
11119,39,6,2,2,0,426,0,0
36006,34,0,0,1,0,140,1,0
29146,36,7,1,1,0,145,1,0
11549,57,9,1,1,0,1070,0,0
35524,44,6,1,2,0,11757,0,0
37177,40,9,0,1,0,-375,1,0
25009,38,4,1,2,0,595,1,0
37679,43,4,1,0,0,62,1,0
19689,44,4,1,2,0,10950,1,0
26471,45,4,2,2,0,5769,0,0
36031,37,1,1,0,0,240,1,0
13848,34,9,2,1,0,0,0,0
14489,36,1,1,1,0,-194,1,0
15497,27,1,2,1,0,1,1,0
39569,33,4,1,2,0,1778,0,0
35360,28,1,1,1,0,-470,1,0
17279,53,3,1,0,0,362,0,0
19974,47,7,1,3,0,11,0,0
25108,59,1,1,0,0,0,0,0
43877,68,5,1,3,0,3701,0,0
34176,30,0,2,2,0,305,0,0
18862,57,4,1,1,0,0,1,0
37892,34,1,1,1,0,332,0,0
1539,39,1,1,0,0,332,1,0
35650,42,4,0,2,0,357,1,0
42948,36,4,1,2,0,1257,0,0
19395,32,9,1,1,0,2556,0,0
43878,38,0,1,1,0,0,1,0
16872,33,7,2,1,0,310,1,0
33165,33,0,1,1,0,6,1,0
33301,43,1,1,1,0,1927,1,0
42816,51,4,1,3,0,1708,0,0
23674,34,9,1,1,0,298,0,0
24453,39,0,1,0,0,0,0,0
32663,28,7,2,1,0,437,1,1
41800,34,9,2,2,0,144,1,1
35889,32,1,2,1,0,2696,1,0
29008,58,5,1,3,0,662,1,0
25155,32,4,1,2,0,1636,1,0
33107,31,1,2,0,0,2488,1,0
237,37,1,1,0,0,0,1,0
42200,61,6,1,2,0,4162,0,0
14884,32,4,0,2,0,219,1,0
6740,45,1,1,3,0,-320,1,0
26144,55,2,1,2,0,625,0,0
12565,59,5,1,3,0,140,0,1
56,38,4,2,2,0,424,1,0
7387,46,1,1,0,0,684,1,0
41254,42,0,1,1,0,16517,0,0
16070,36,6,1,1,0,189,1,0
5257,34,7,2,1,0,1239,1,0
21408,46,9,2,2,0,4414,0,0
39722,30,6,2,2,0,48,0,0
39696,32,0,2,1,0,1649,0,0
28456,31,9,1,2,0,81,1,0
24630,40,4,1,2,0,486,1,1
21214,60,1,1,0,0,493,0,0
10772,50,4,1,2,0,0,0,0
5161,49,1,1,1,0,913,1,1
26502,43,1,1,1,0,699,1,1
25371,30,0,1,1,0,1589,1,0
36984,33,9,1,1,0,241,1,0
22963,33,4,2,2,0,0,0,0
29369,37,4,1,3,0,247,0,0
33827,72,6,1,2,0,132,0,0
17756,59,7,1,0,0,4295,0,0
35423,30,4,2,2,0,492,1,0
23569,42,4,2,2,0,759,0,1
44206,26,0,1,1,0,2469,0,0
38664,40,4,2,2,0,269,1,0
4244,47,7,1,1,0,-288,0,0
10076,43,3,0,0,0,0,0,0
31598,46,7,0,1,0,350,1,0
44876,34,4,1,2,0,937,0,0
14817,27,4,2,2,0,151,1,0
11535,54,5,1,1,0,3846,1,1
15461,35,7,1,1,0,0,1,0
3526,26,1,1,0,0,500,1,0
2362,30,9,2,2,0,-522,1,0
20017,31,4,2,2,0,2,0,0
13615,35,1,1,1,0,-258,1,0
16731,57,5,1,0,0,-64,1,0
16242,51,7,1,1,0,-709,1,1
34042,38,1,2,1,0,0,0,0
10040,59,0,1,3,0,0,0,0
17261,50,9,1,1,0,2972,0,0
28956,32,0,2,1,0,1,0,0
35117,34,9,2,1,0,440,1,0
42694,58,11,1,2,0,327,0,0
35268,36,4,2,2,0,4,1,0
44181,28,8,2,1,0,205,0,0
1180,27,7,0,1,0,96,1,0
7765,39,10,2,1,0,356,1,0
9524,37,1,1,1,0,1,0,0
31594,41,7,2,1,0,-68,1,0
13302,26,9,1,1,0,370,0,1
899,43,1,1,1,0,167,1,0
34583,47,1,1,0,0,-301,1,0
4177,24,9,2,1,0,-46,1,0
2958,52,1,2,0,0,2024,1,0
32466,53,4,1,2,0,1319,1,0
9134,53,3,1,0,0,104,0,1
40982,23,8,2,1,0,431,0,0
44972,36,9,2,1,0,12264,0,0
20490,31,9,2,2,0,438,1,0
13983,30,1,1,1,0,0,1,1
30966,32,10,2,2,0,586,1,0
39059,30,1,2,1,0,327,1,0
32011,33,1,1,1,0,91,1,0
22112,37,4,2,2,0,102,1,0
9578,35,4,2,2,0,68,0,0
39740,24,9,2,1,0,434,0,0
21511,47,4,1,2,0,0,0,0
29041,30,4,1,1,0,503,1,0
22253,53,9,2,2,0,1,0,0
2042,28,1,1,0,0,26,0,0
21503,37,4,1,2,0,115,0,0
1060,46,1,1,1,0,442,1,0
2144,31,9,1,1,0,6890,1,0
42844,30,9,2,2,0,4060,0,0
9434,30,0,2,1,0,223,1,0
11600,40,1,1,0,0,-108,1,0
6308,42,1,1,1,0,3052,1,0
30659,27,9,2,1,0,0,0,0
42037,25,4,2,2,0,667,0,0
27837,52,9,1,1,0,98,1,0
12564,33,7,1,1,0,114,0,1
18176,36,1,1,1,0,0,1,0
1823,33,1,2,1,0,550,1,0
12991,43,1,1,0,0,8,0,0
3484,48,2,1,2,0,981,1,0
14476,59,1,1,0,0,0,0,1
31914,29,0,1,2,0,332,0,0
15925,56,5,1,0,0,161,0,1
6086,38,7,2,1,0,0,1,0
32743,33,1,1,1,0,26,1,0
1989,32,6,1,2,0,312,1,0
42294,37,4,1,2,0,1276,0,0
24840,44,9,1,1,0,0,1,0
12636,26,1,2,1,0,-333,0,1
23369,54,4,1,2,0,2437,0,0
38762,35,1,1,1,0,3181,1,0
44939,79,5,0,0,0,336,0,0
1280,46,1,2,1,0,152,1,0
35093,25,7,2,1,0,0,1,0
14804,56,4,0,2,0,-563,0,0
23432,35,2,1,2,0,1194,0,1
14777,28,7,2,1,0,0,0,1
5579,33,1,1,0,0,2665,1,0
43693,32,10,2,1,0,1026,1,0
8332,49,4,0,2,0,696,1,0
17774,45,9,1,2,0,4647,0,0
17911,36,10,2,3,0,4481,0,0
32923,36,7,1,1,0,526,1,0
16583,34,9,1,2,0,4,1,0
44529,77,5,1,0,0,2590,0,0
7640,34,7,1,1,0,457,1,0
37054,49,1,2,1,0,725,1,0
22581,48,1,1,0,0,2519,0,0
31301,52,4,1,2,0,31,0,0
33245,33,1,2,1,0,15341,0,0
4766,32,1,1,1,0,157,1,0
3230,42,9,2,1,0,1882,1,0
14037,27,7,2,1,0,70,1,0
10324,36,3,1,1,0,2880,0,0
41430,52,9,1,1,0,1423,0,0
41865,61,4,1,2,0,0,0,0
22786,33,9,2,1,0,291,0,0
19044,33,4,1,2,0,679,0,0
39531,37,7,1,1,0,2915,0,0
43551,35,9,1,2,0,0,1,1
26297,39,7,0,1,0,892,1,0
25878,36,4,1,0,0,3953,1,0
35431,51,7,1,1,0,753,1,0
6654,28,4,2,2,0,1996,1,1
27533,49,0,0,1,0,1320,0,0
24021,35,4,2,2,0,0,0,0
12746,41,0,1,1,0,125,0,0
12607,32,7,2,1,0,335,1,1
31226,44,9,2,1,0,250,0,0
14576,51,5,1,1,0,509,1,0
39701,24,1,2,3,0,192,0,0
27798,28,8,2,2,0,1096,0,0
27423,30,1,1,1,0,618,0,0
18122,52,4,0,2,0,147,0,0
39820,38,10,2,1,0,804,0,0
2220,37,1,1,1,0,454,1,0
19701,45,7,1,1,0,1181,1,0
19817,40,9,1,1,0,581,1,0
17873,46,3,1,1,0,271,1,0
24323,45,9,1,1,0,1415,1,0
4327,45,1,1,1,0,771,1,0
24147,23,0,2,1,0,40,0,0
19236,54,3,1,3,0,0,0,0
8635,54,0,1,0,0,976,1,0
20238,35,9,1,2,0,416,0,0
17045,40,4,1,2,0,-7,0,1
1328,32,0,1,1,0,514,1,0
21605,56,4,1,2,0,1282,0,0
7202,58,10,1,1,0,4497,1,0
39185,35,1,2,1,0,-295,1,1
11845,51,10,1,1,0,495,1,1
43366,59,5,1,0,0,4007,0,0
1092,37,4,0,2,0,42,1,0
39109,45,10,2,1,0,382,1,1
7920,32,6,1,1,0,1942,1,0
18769,49,4,1,2,0,4374,1,0
13976,46,9,1,1,0,278,1,0
13948,30,9,1,2,0,1338,1,1
15216,45,1,1,1,0,392,1,0
35531,32,4,0,2,1,-277,1,0
15937,30,0,1,1,0,32,1,1
4289,34,0,1,1,0,645,1,0
32335,31,1,2,1,0,770,1,0
41174,30,4,2,2,0,5359,0,0
36661,32,9,2,1,0,-1,1,0
10653,59,5,1,0,0,1085,0,0
33331,40,1,1,1,0,565,1,1
9588,39,9,1,1,0,3050,1,0
9206,24,0,1,1,0,541,1,0
13679,32,3,1,0,0,0,1,0
9731,43,7,1,1,0,861,1,0
30075,50,4,1,2,0,3284,1,0
42323,33,1,1,0,0,195,0,0
1108,52,1,0,0,0,-57,1,0
28990,28,0,2,1,0,53,0,0
20151,56,5,1,1,0,646,0,0
12417,26,7,2,1,0,-72,1,0
1050,45,9,1,1,0,118,1,0
21831,51,0,1,3,1,-12,0,0
31525,58,9,1,1,0,1,0,0
38846,32,1,2,1,0,33,1,0
20088,56,7,1,1,0,750,0,1
20798,31,4,2,2,0,363,0,0
34497,38,0,0,1,0,930,1,0
40840,42,1,1,1,0,413,1,0
16617,26,2,1,1,0,1,1,0
6575,39,4,1,2,0,139,0,1
10386,55,1,1,0,0,472,0,0
7037,28,1,1,1,0,-717,1,0
44841,35,8,2,1,0,278,0,0
20682,58,5,1,1,0,2609,0,0
15078,51,4,1,2,0,333,0,1
13150,54,4,1,2,0,3,0,1
1010,35,1,1,0,0,624,1,0
31911,40,4,0,2,0,1315,1,0
25521,35,9,1,1,0,0,1,0
37091,38,4,2,2,0,15030,1,0
33242,61,5,1,1,0,243,0,0
14103,31,7,2,1,0,183,1,0
30345,59,10,1,1,0,2740,0,0
5459,35,1,1,1,0,430,1,0
45154,63,5,1,0,0,3738,0,0
35128,25,8,2,1,0,115,0,0
4313,37,4,0,2,0,122,1,0
18939,41,4,2,2,0,260,0,0
30512,41,1,1,0,0,336,1,0
5216,39,7,1,0,0,1601,1,0
43596,61,5,0,1,0,4243,0,0
42901,30,1,2,1,0,228,0,0
24717,41,0,1,0,0,611,0,1
21015,50,4,2,2,0,490,0,0
32256,31,1,1,1,0,1981,1,0
42760,44,0,1,1,0,2403,1,0
40921,64,5,1,1,0,1370,0,0
41912,61,4,1,2,0,267,0,0
38632,36,0,2,1,0,185,1,0
29255,43,1,1,1,0,597,1,0
1816,43,4,1,2,0,291,1,0
6899,32,7,1,1,0,172,1,0
32303,51,2,1,1,0,0,1,1
22429,37,4,2,2,0,767,0,0
41613,45,1,1,1,0,10252,0,0
5743,29,7,1,1,0,340,1,1
32760,37,1,1,0,0,0,1,0
9935,37,1,1,0,0,4997,0,0
41100,56,4,1,3,0,4623,0,0
20759,47,10,1,1,0,432,0,0
33614,55,7,1,1,0,617,1,0
10733,51,3,1,0,0,108,0,0
39590,43,4,1,2,0,228,1,0
22149,33,4,1,2,0,150,0,0
3364,53,4,1,2,0,4928,1,0
40879,59,9,1,1,0,116,0,0
36200,44,7,0,1,0,0,1,0
11474,47,0,1,3,0,989,0,0
23703,37,6,1,2,0,552,0,0
42573,78,5,0,0,0,4917,0,0
4175,40,1,1,1,0,-341,1,0
40062,33,9,2,2,0,154,0,0
14109,39,0,1,1,0,401,1,0
23783,36,9,1,1,0,216,0,0
22686,37,4,1,2,0,0,0,0
14859,26,1,2,0,0,-35,0,0
28789,34,9,2,1,0,102,0,0
2544,47,1,1,0,0,300,1,0
33269,35,1,1,0,0,396,1,0
26001,34,9,1,1,0,7171,1,0
12474,30,4,1,2,0,49,1,1
20301,37,9,1,2,1,-681,1,1
13950,50,7,1,1,1,892,1,0
40948,45,10,0,0,1,11,0,0
23311,43,9,1,1,0,-705,1,0
15328,35,4,1,2,0,552,1,1
2459,26,1,2,1,0,-204,1,0
4474,36,9,0,1,0,409,1,0
37290,45,4,0,2,1,-946,1,0
17859,52,0,1,1,0,1746,0,0
34442,25,7,2,1,0,443,1,0
34904,26,4,2,2,0,1494,1,0
43465,40,9,1,2,0,11766,1,0
33306,39,1,1,0,0,8637,1,0
1743,31,1,2,1,0,160,1,0
4312,32,1,1,0,0,424,1,0
15420,46,6,1,0,0,5442,1,0
6841,45,1,1,0,0,446,1,0
40579,34,9,2,2,0,144,1,1
10583,57,5,1,0,0,903,0,0
40305,31,9,1,3,0,14533,0,0
8363,39,1,2,1,0,277,1,0
32043,32,1,1,1,0,180,1,0
17327,42,4,1,2,0,1220,1,0
1843,27,10,1,0,0,7459,1,0
2087,26,4,0,2,1,-402,0,1
4351,27,1,2,1,1,-3,1,0
19199,44,9,1,1,0,3444,0,0
14253,30,7,0,1,0,-94,1,0
21155,57,1,1,1,0,4597,1,0
28282,44,4,1,0,0,5418,1,1
33549,28,0,1,1,0,49,1,0
32677,32,1,1,1,0,9,1,0
8234,35,4,2,2,0,1273,1,0
21902,34,4,1,2,0,881,0,0
30500,31,2,2,2,0,544,0,1
33531,33,1,1,0,0,1002,1,0
4649,34,1,1,1,0,2700,1,0
17769,53,9,1,1,0,2191,0,0
42526,75,5,0,1,0,1341,0,0
2674,59,5,0,2,0,559,1,0
42653,35,7,2,1,0,3816,0,0
17889,34,4,1,2,0,13,1,0
21504,32,4,2,2,0,146,0,0
9497,30,4,2,2,0,1636,0,0
26376,51,1,1,1,0,8180,1,0
29900,42,10,1,0,0,75,1,0
6823,46,9,1,1,0,57,0,0
38560,30,4,2,2,0,9,1,1
24416,43,9,0,1,0,-36,1,0
18126,35,4,1,2,0,-468,1,0
2819,40,4,1,2,0,413,1,0
35559,45,0,1,1,1,-106,1,1
40000,57,5,1,1,0,718,0,0
415,34,0,0,1,0,67,1,0
20842,34,4,2,2,0,9827,1,0
29833,57,5,1,0,0,-464,1,0
33999,29,9,1,2,0,534,0,0
4765,31,1,1,1,0,3311,1,0
19453,51,4,1,2,0,10077,0,0
43739,33,4,2,2,0,2364,0,0
40620,57,2,1,1,0,666,0,0
24914,50,4,0,2,0,0,0,0
43078,56,5,1,0,0,16432,0,0
9499,53,9,1,1,0,480,0,0
24020,31,4,2,2,0,7554,0,0
45092,43,4,2,2,0,2081,0,0
16689,59,1,0,0,0,867,1,0
27592,40,0,2,1,0,877,1,0
18824,51,9,0,1,0,1063,0,1
17173,57,0,2,1,0,0,0,0
25967,50,4,1,2,0,5794,0,0
10213,51,5,1,0,0,2525,0,0
2395,53,7,1,1,0,367,1,1
31003,27,0,2,1,0,-172,0,1
299,57,9,1,1,0,792,1,0
15604,46,0,0,1,0,289,0,1
24793,34,4,1,2,0,0,1,0
37226,31,4,1,2,0,623,1,0
29764,38,6,1,1,0,581,1,0
7377,49,4,1,2,0,-151,1,0
29767,31,1,1,1,0,1005,0,0
1553,35,9,0,1,0,69,1,0
2323,28,9,1,1,0,487,1,0
18843,31,9,1,1,0,6699,0,0
23931,33,4,2,2,0,-359,0,0
31144,26,0,2,1,0,2509,0,0
37102,35,1,1,1,0,1831,1,0
28952,33,4,2,2,0,361,1,0
27335,39,7,2,1,0,158,1,0
19014,59,5,1,1,0,12438,0,0
16206,53,0,0,1,0,223,1,1
31485,34,1,1,1,0,1924,1,1
39787,25,9,2,1,0,938,0,0
13290,30,9,2,1,0,137,0,1
24172,32,1,2,2,0,700,0,0
16727,43,5,1,0,0,222,0,0
18228,35,10,1,3,0,144,0,0
44745,62,5,1,1,0,2801,1,1
14691,55,5,1,0,0,4459,0,0
22518,39,4,2,2,0,968,1,0
21198,32,9,2,1,0,303,0,0
19803,47,9,0,1,0,84,0,0
23262,33,9,1,2,0,1020,0,0
36038,50,5,1,2,0,4,1,1
21362,50,1,1,0,0,9202,0,0
36000,39,1,1,1,0,-405,1,0
2564,49,6,1,1,0,358,1,1
7185,35,6,1,1,0,0,1,0
24036,59,1,1,0,0,1227,0,0
44485,55,7,1,2,0,2877,0,0
34060,44,9,1,2,0,1818,1,1
4912,32,9,2,1,0,287,1,0
29380,59,2,0,1,0,0,0,1
21565,39,9,1,1,0,61,0,0
2794,45,9,1,1,0,0,1,1
24410,45,0,2,1,0,597,0,1
3299,45,1,1,0,0,1992,1,0
15180,33,0,1,1,0,0,1,0
138,32,1,1,1,0,517,1,0
35938,48,0,1,1,0,257,1,0
8204,46,0,2,1,0,13,0,0
18320,55,9,1,1,0,264,1,1
42623,66,6,1,2,0,147,0,0
34492,30,4,2,2,0,0,1,0
36778,44,0,1,1,0,1380,1,0
17940,53,1,0,0,0,235,0,0
2407,59,5,0,3,0,-49,1,0
26691,37,6,2,1,0,4894,0,0
23962,55,0,1,2,0,46,0,0
38536,45,10,1,1,0,-407,1,0
18513,57,5,1,0,0,3549,0,0
22073,59,5,1,0,0,56,0,0
22388,56,4,1,2,0,4889,0,0
8305,35,1,1,0,0,828,0,0
35755,39,1,1,1,0,860,1,0
3891,34,1,2,0,0,85,0,0
44121,27,8,0,3,0,383,0,0
27689,51,4,2,2,0,8265,1,0
31961,52,1,1,1,0,8180,1,0
41830,19,8,2,0,0,103,0,0
39244,38,1,1,0,0,5643,1,0
11846,57,4,1,2,0,-92,1,1
8164,40,4,1,2,0,1734,1,0
27900,59,5,0,1,0,914,0,0
42794,52,1,1,0,0,306,0,0
3902,30,9,1,1,0,1011,1,0
1557,36,7,1,1,0,42,1,0
30300,26,2,2,1,0,101,1,0
12921,58,2,1,0,0,124,1,0
4370,27,0,2,1,0,3776,1,0
38081,30,7,2,1,0,326,1,0
21691,53,9,1,1,0,3429,0,0
6441,31,1,2,1,0,369,1,1
44578,36,2,1,1,0,-280,0,0
33366,34,1,1,0,0,2798,1,0
18434,46,7,1,1,0,-522,1,0
38685,23,1,1,0,0,531,1,0
22287,34,4,1,1,0,355,0,0
43990,27,1,2,1,0,3145,0,0
27678,37,7,1,2,0,0,1,0
44875,82,5,0,0,0,928,0,0
33544,39,6,2,2,0,2298,1,1
9061,45,1,1,3,0,419,0,0
10853,46,4,1,1,0,5559,0,0
31036,28,0,1,2,0,174,1,1
13473,41,7,0,2,0,1583,1,0
26897,32,1,2,1,0,1475,1,0
17473,27,0,2,1,0,192,0,0
19621,55,5,1,0,0,173,0,0
30339,26,10,1,0,0,440,0,0
33519,32,1,1,1,0,472,1,0
1170,41,1,1,0,0,191,1,0
42179,53,4,1,2,0,1356,1,0
22520,32,9,2,2,0,195,1,0
14237,33,1,1,1,1,-406,1,1
28574,45,9,2,1,0,-55,0,0
21890,38,4,2,2,0,38,0,0
32998,38,6,1,1,0,-17,1,0
5455,39,7,1,1,0,104,1,0
22552,45,9,0,1,0,88,1,0
5368,34,1,2,1,0,1156,1,0
18578,56,5,1,1,0,728,0,0
3806,32,6,2,2,0,12269,0,0
21704,35,4,1,2,0,299,0,0
40965,30,4,1,2,0,802,1,0
23139,34,9,1,1,0,479,0,0
31940,36,1,2,1,0,5396,1,0
23907,32,4,1,2,0,500,0,1
2925,42,9,1,1,0,0,1,0
6660,26,7,1,1,0,311,1,0
16491,56,1,1,0,0,0,1,0
44877,28,4,2,2,0,6551,0,0
8984,43,2,1,2,1,-250,0,0
38019,48,1,1,1,0,685,1,0
26033,54,4,1,2,0,17008,0,0
12573,31,6,1,1,1,0,0,1
1432,38,1,2,0,0,162,1,0
45147,42,0,0,1,0,490,1,0
2173,58,1,1,1,0,1166,1,0
30253,33,4,2,2,0,7114,1,0
43879,36,9,0,1,0,2823,1,0
21741,43,9,1,1,0,0,0,0
28369,31,4,1,1,0,678,1,0
23469,36,9,1,2,0,52,0,0
10481,54,3,1,1,0,1977,0,0
12692,60,2,0,0,0,2648,0,0
40854,32,4,2,2,0,3283,0,0
3932,25,9,2,1,0,2,1,1
21539,44,9,2,1,0,54,0,1
18431,42,7,2,1,0,247,1,0
15841,30,1,1,1,0,62,0,0
783,38,9,2,1,0,42,1,0
26861,35,3,1,2,0,3831,0,0
25722,37,9,1,2,0,1092,0,0
32021,44,7,1,1,0,1450,1,0
11438,46,1,1,0,0,1844,0,0
16116,36,4,1,2,0,348,0,1
32089,78,11,1,3,0,2235,0,0
2745,55,5,1,1,0,188,0,0
41396,70,5,1,1,0,2626,0,0
26699,44,6,1,1,0,0,1,0
21985,35,4,1,2,0,24,1,0
10371,43,1,1,0,0,0,0,0
843,39,1,1,1,0,72,1,0
43439,29,9,2,2,0,218,1,0
21325,47,9,1,1,0,1219,0,0
29779,43,0,1,0,0,392,1,1
31409,55,6,1,0,0,325,0,0
33870,45,4,1,2,0,242,0,0
35322,37,4,1,2,0,64,0,0
22879,32,4,2,2,0,3367,0,0
9821,39,6,1,1,0,235,0,0
16399,26,7,2,1,0,127,1,1
20855,55,9,1,1,0,199,0,0
39400,39,4,2,2,0,0,1,0
16270,50,4,1,2,0,29,0,1
32647,30,9,1,1,0,398,1,0
1525,46,1,1,0,0,0,1,1
4387,38,4,2,2,0,690,1,0
30785,45,9,0,1,0,415,1,0
31601,39,9,2,2,0,54,1,0
19092,35,4,1,2,0,0,1,0
2963,40,0,0,1,0,1000,1,0
4848,36,7,1,1,0,115,0,0
8767,57,4,2,1,0,137,1,0
33138,33,1,1,0,0,217,1,0
4297,47,9,0,1,0,1851,1,0
21666,40,4,1,2,0,409,0,0
37637,30,8,2,2,0,31,1,0
29263,75,5,1,0,0,3324,0,0
34351,54,4,1,2,0,1168,0,0
16679,40,7,1,1,0,-345,1,0
7333,41,1,1,1,0,239,0,0
45041,29,4,2,2,0,600,1,0
33752,75,0,1,3,0,1093,0,0
11092,50,7,1,1,0,1134,0,0
38771,29,7,2,1,0,23,1,1
4531,39,1,1,0,0,780,1,0
11658,50,1,1,0,0,-141,1,0
172,53,2,1,3,0,19,1,0
14747,38,4,2,2,0,83,0,1
42270,39,0,1,1,0,260,1,0
9111,35,2,2,2,0,1800,1,0
11818,41,4,1,1,1,-771,0,1
23397,31,4,2,2,0,0,0,0
9148,29,6,1,1,0,425,1,0
32200,51,3,1,3,0,2337,1,0
13559,56,5,1,0,0,122,0,1
28425,32,9,2,2,0,569,0,1
35205,35,9,0,1,0,44,1,1
7667,40,4,1,1,0,6695,1,0
5971,27,0,1,1,0,953,1,0
16986,32,6,2,1,0,1259,0,0
31293,47,4,1,2,0,2351,0,0
35898,46,1,1,1,0,-70,1,0
19349,56,5,1,0,0,334,0,0
26370,31,9,1,1,0,503,0,0
40676,73,5,1,0,0,5539,0,0
18190,34,0,1,0,0,412,1,0
33349,32,4,1,2,0,3154,0,0
23464,39,4,1,2,0,45,0,0
5676,43,2,2,2,0,0,1,0
18486,50,1,1,1,0,1553,1,0
29063,37,6,2,1,0,349,1,1
18219,48,3,1,0,0,283,1,0
22120,30,9,2,1,0,-123,0,1
6460,25,1,2,1,0,26,1,0
38383,35,7,1,1,0,2791,1,0
4791,33,10,1,1,0,438,1,1
35560,35,1,1,1,0,848,1,0
12176,39,9,1,2,0,122,0,0
10560,39,1,2,0,0,207,0,1
3665,39,9,1,3,0,880,1,0
9882,45,1,1,0,0,665,0,0
44407,48,0,1,1,0,156,0,0
7273,25,7,2,1,0,2798,1,0
20879,43,4,0,2,0,666,0,0
1506,41,4,1,2,0,393,1,0
17570,57,0,0,1,0,3100,0,1
30067,49,6,0,2,0,0,0,0
12903,33,1,2,0,1,-15,0,1
32501,37,1,1,1,0,590,1,0
19261,41,4,1,2,0,103,0,1
27138,37,1,1,3,0,0,1,0
44917,60,0,1,1,0,4348,1,0
13311,29,0,2,1,0,-37,1,0
44348,49,5,1,0,0,18,0,0
42936,22,8,2,1,0,216,0,0
25531,37,9,0,1,1,0,0,1
30965,31,1,2,1,0,42,0,0
35062,25,1,2,1,0,51,1,0
32026,45,9,2,0,0,237,1,0
20242,53,3,1,0,0,1869,0,0
36946,43,10,0,0,0,-70,1,0
24718,46,0,1,1,0,4958,1,0
8281,49,7,1,1,0,180,1,1
19682,49,9,0,1,0,790,1,0
10318,59,4,1,2,0,3165,1,0
5208,33,4,1,2,0,10,1,0
36308,35,1,2,1,0,0,1,0
1820,47,1,1,0,0,94,1,0
31748,43,1,1,1,0,1617,1,0
29051,30,4,2,2,0,604,0,1
44445,36,7,1,1,0,394,0,0
4359,37,9,2,1,0,61,1,0
4936,37,1,2,1,0,2032,1,0
16465,58,5,0,3,0,5920,1,0
25634,56,4,1,2,0,705,0,0
31065,33,4,2,2,0,3552,0,0
12656,61,5,1,3,0,-492,0,1
36777,32,1,1,1,0,1005,0,0
19074,47,4,1,2,0,295,1,0
15993,36,4,1,2,0,322,1,0
11241,56,1,0,1,0,486,1,0
7553,34,1,2,1,0,68,1,0
28112,48,9,1,1,0,0,0,0
43547,29,4,2,2,0,1445,0,0
10425,51,9,0,0,0,548,0,0
5625,31,0,1,1,0,1098,1,0
4389,33,0,1,1,0,730,1,0
26869,30,1,2,0,0,0,1,0
14094,39,9,2,1,0,671,0,1
11304,60,4,1,1,0,358,0,0
1127,42,1,1,0,0,223,1,0
12849,25,1,2,1,0,218,0,1
44540,48,10,1,1,0,926,0,0
19220,50,4,1,2,0,2050,0,0
32576,38,1,1,1,0,8444,1,0
25814,42,4,1,2,0,783,1,0
21087,47,1,1,1,0,232,1,1
27132,52,7,0,1,0,2455,0,0
26354,53,2,1,2,0,0,0,0
39304,24,2,2,1,0,69,1,0
26060,54,6,1,0,0,277,1,0
18811,49,7,1,1,0,388,0,0
1023,43,9,0,2,0,1026,1,1
14000,39,1,2,0,0,1220,0,0
13106,55,5,1,2,0,197,0,1
31029,57,9,1,2,0,2887,1,0
38975,30,1,2,1,0,5909,1,0
34280,41,1,1,1,0,1354,1,0
25555,45,4,0,1,0,644,1,0
36797,44,1,1,0,0,887,1,0
25194,52,2,1,2,0,507,0,0
4588,38,10,1,1,0,205,1,0
43742,64,5,1,1,0,1612,0,0
23330,34,9,2,1,0,391,0,0
16117,57,2,1,3,0,975,1,1
20005,39,9,2,2,0,1190,0,0
15682,49,4,1,2,1,-6847,0,1
5629,36,0,1,1,0,165,1,0
11518,38,9,1,1,0,634,0,0
31760,55,1,1,1,0,1358,0,0
262,37,9,1,1,0,275,1,0
730,49,1,1,0,0,198,1,0
5499,33,1,1,1,0,1464,1,0
20936,59,4,2,2,0,684,0,0
40116,29,0,2,1,0,488,1,0
11031,53,9,1,3,0,619,0,0
37975,27,9,2,1,0,218,1,0
25881,30,4,1,2,0,5204,1,0
41488,34,4,1,2,0,1022,1,0
1392,40,1,1,0,0,640,1,1
11081,36,7,2,1,0,9231,0,0
19005,54,1,1,1,0,448,1,1
15638,35,9,0,1,0,103,1,0
32879,33,1,2,0,0,557,1,0
36971,42,1,1,0,0,402,0,0
6874,34,4,2,2,0,1058,1,0
39999,38,9,1,1,0,1442,1,0
4891,59,5,1,0,0,41,1,1
14570,40,2,2,1,0,5,0,1
38935,31,1,1,1,0,255,1,1
6403,51,4,1,2,0,1944,1,0
32840,37,4,1,2,0,7785,1,0
9861,36,1,2,3,0,2054,0,0
41810,35,1,2,2,0,1830,0,0
9366,37,6,2,2,0,984,0,0
28335,28,6,2,2,0,0,1,0
21856,38,9,2,1,0,260,0,0
3391,26,9,2,2,0,192,1,0
596,54,7,1,1,1,0,1,0
11481,40,1,1,0,0,2132,0,0
26328,32,1,2,1,0,8859,1,0
17080,32,1,1,0,0,104,1,0
28703,29,7,2,2,0,737,1,1
32553,34,0,2,1,0,63,1,0
21946,41,9,2,1,0,143,0,0
11174,37,8,1,3,0,0,0,0
43901,50,9,2,2,0,2,0,0
32178,44,1,1,0,0,4581,1,0
1384,40,0,2,1,0,1322,1,0
18124,55,2,0,1,0,1553,0,0
17353,59,6,1,0,0,0,1,0
8886,44,2,1,1,0,-165,1,1
41189,27,9,2,2,0,11862,0,0
25764,38,2,1,1,0,0,1,0
35885,48,0,1,3,0,0,1,0
28747,39,1,1,0,0,976,1,0
3810,37,1,2,0,0,117,1,0
30120,38,9,2,1,0,571,0,0
9719,53,5,0,0,0,2997,0,0
12254,29,1,2,1,1,-580,1,0
3524,40,1,1,0,0,902,1,0
7616,43,1,1,1,0,1096,0,1
14467,42,0,0,1,0,-249,1,0
41908,32,1,1,0,0,400,0,0
5053,28,10,1,2,0,264,1,0
15585,35,0,1,1,0,2278,1,0
30412,33,7,2,1,0,3358,1,0
13411,46,4,1,2,0,-591,0,0
17819,32,0,1,1,0,2664,1,0
21045,36,9,1,1,0,3579,0,0
18854,46,4,1,1,0,231,0,1
16999,32,0,1,1,0,2,1,0
5443,32,0,2,1,0,127,1,0
26973,30,4,2,2,0,485,1,0
30716,46,9,1,2,0,-369,1,1
44992,38,4,1,2,0,1257,0,0
35606,37,1,1,1,0,140,1,1
14234,46,4,1,1,0,1299,1,0
935,39,1,1,0,0,20,1,0
15114,30,7,0,1,0,21,0,0
19880,34,9,2,1,0,19348,1,0
21017,57,9,1,1,0,2625,0,0
689,40,1,1,0,1,0,1,0
36405,36,1,2,1,0,219,1,1
25854,34,6,1,2,0,5498,0,0
36319,40,0,1,1,0,1011,1,0
18409,38,1,1,1,0,4336,1,0
1282,38,4,1,2,0,66,1,0
30470,36,8,2,1,0,624,0,0
19582,50,9,1,1,0,423,0,0
24800,41,9,1,1,0,112,1,0
37781,29,0,1,2,0,111,0,0
19790,41,9,2,1,0,413,1,1
8840,28,9,2,2,0,0,1,0
38773,25,7,1,1,0,4522,1,0
39644,29,8,2,2,0,795,0,0
15478,39,7,0,1,0,-421,1,1
7629,38,0,0,1,0,661,1,0
22916,42,4,1,2,0,0,0,0
18968,59,1,1,0,0,3713,1,1
5952,44,1,1,0,0,-544,1,1
6678,28,1,2,1,0,1849,1,0
3312,45,9,1,1,0,3583,1,0
43392,50,9,0,1,0,0,0,0
5166,31,1,1,1,0,1138,1,1
33168,34,2,1,1,1,-538,1,0
31843,31,4,2,1,0,1088,1,0
37645,28,7,1,0,0,3,1,0
5129,34,9,0,0,0,3744,1,0
44476,35,1,1,1,0,884,1,0
11300,53,4,1,2,0,694,0,0
11598,38,1,1,1,0,1403,0,0
41691,34,2,2,1,0,318,1,0
9308,52,1,1,0,0,-133,0,0
22663,48,4,0,2,0,0,0,0
20738,41,3,1,0,0,216,0,0
25284,36,6,2,2,0,3560,0,0
22437,31,9,2,1,0,125,0,0
12705,56,1,1,0,0,409,1,0
20049,47,3,1,1,0,1765,0,0
42083,52,6,1,2,0,730,1,0
4079,52,0,0,1,0,-342,0,0
25386,51,4,2,2,0,1202,1,0
27540,37,4,2,2,0,6158,1,0
36962,40,7,1,1,0,56,1,0
12885,57,5,1,1,0,-37,0,1
26940,58,2,1,2,0,925,1,0
6849,30,1,1,0,0,-518,1,1
22227,45,4,1,2,0,-459,0,0
9916,41,9,2,2,0,1104,0,0
30644,37,9,2,2,0,6101,0,0
14345,37,3,1,0,0,577,0,0
6576,29,4,1,2,0,-218,1,0
44174,30,1,2,1,0,180,0,0
35646,34,10,2,1,0,233,1,0
1453,43,1,1,0,0,34,1,0
30961,31,4,2,2,0,43,1,0
11690,58,9,1,0,0,4015,0,0
31021,59,1,1,0,0,1723,0,0
10932,46,1,1,1,0,7,0,0
11196,59,5,1,0,0,0,0,0
5338,32,1,1,0,0,827,1,0
14025,40,0,1,1,0,149,1,0
30822,51,4,2,2,0,2242,0,0
20605,31,4,1,2,0,596,0,0
7305,41,1,1,0,0,943,1,0
5749,40,1,1,0,0,669,1,0
43648,37,1,2,1,0,7622,1,1
16322,28,1,2,1,0,-337,0,1
23982,33,9,1,1,0,74,0,0
3342,60,5,1,1,0,0,1,0
25903,44,9,1,0,0,7800,1,0
34637,48,7,2,1,0,0,1,1
9092,50,5,1,0,0,420,0,0
38807,23,2,2,1,0,1128,1,0
30124,46,0,1,0,0,96,0,0
25744,50,9,1,1,0,3149,1,0
18839,37,4,1,2,0,0,0,0
13447,33,7,1,1,0,0,0,0
25876,51,7,2,1,0,5610,1,0
10828,59,5,0,0,0,2516,0,0
38058,57,1,1,1,0,0,1,0
29658,40,4,1,2,0,1308,0,0
7923,31,1,1,1,0,1533,1,0
8431,34,0,1,1,0,220,1,0
22765,55,4,2,2,0,43074,1,0
1304,38,4,0,2,0,904,1,0
29539,34,9,1,1,0,427,0,0
17886,26,0,2,1,1,-42,0,1
38118,30,9,2,1,0,148,1,1
16509,50,5,1,0,0,14,0,1
36940,52,1,1,0,0,1141,1,0
20255,45,9,1,2,0,548,0,0
224,43,9,0,3,0,205,1,0
20551,47,4,1,1,0,-1854,1,1
23812,60,5,1,2,0,614,0,0
13210,36,10,0,1,0,5,1,0
2568,31,1,1,0,0,81,1,0
29648,47,1,1,1,0,-346,1,1
10387,49,0,1,1,0,2732,0,0
13715,54,4,0,2,0,0,0,1
44248,24,0,2,1,0,1055,0,0
41334,29,10,2,2,0,1311,0,0
43132,61,6,0,2,0,6610,0,0
24655,46,4,1,2,0,1375,1,0
5559,39,1,1,1,0,293,1,0
7958,49,9,1,1,0,6312,1,0
36649,39,7,0,1,1,-96,1,1
19347,46,9,2,2,0,3133,0,0
31173,30,4,2,2,0,5561,1,0
39505,36,0,1,1,0,1054,1,0
10299,58,0,1,1,0,826,0,0
38369,35,4,2,2,0,6781,1,0
20704,45,3,1,0,0,7353,0,0
18336,37,9,1,1,0,1063,1,0
4013,32,0,1,1,0,193,1,0
15429,53,9,2,1,0,530,0,1
36667,42,1,1,1,0,3,1,0
34681,35,0,1,1,0,1286,1,0
15037,51,9,1,1,0,563,1,0
13881,33,1,1,1,0,1786,0,0
42019,61,5,1,1,0,89,0,0
14052,27,0,1,1,0,941,1,0
38947,33,1,1,0,0,80,1,0
16664,45,1,1,0,0,0,1,0
2385,42,10,1,1,0,135,1,0
38483,44,1,1,0,0,-101,1,0
23401,40,9,1,1,0,4594,0,0
5344,32,9,1,1,0,0,1,0
22079,34,9,2,1,0,0,0,0
62,57,1,1,0,0,249,1,0
27213,54,10,2,0,0,199,1,0
24397,47,1,1,1,0,33,0,0
34573,29,7,2,1,0,197,1,0
29572,30,9,2,1,0,151,0,0
19806,34,9,2,2,0,370,1,0
23043,31,0,1,1,1,-51,0,1
36861,40,0,1,3,0,9110,1,0
24164,26,4,1,2,0,52,0,1
10242,44,1,1,0,0,321,1,0
26819,51,1,1,0,0,4712,0,0
33444,38,9,2,1,0,28,1,1
34471,32,0,2,1,0,12,1,0
11650,59,5,0,1,0,602,0,0
7930,49,7,1,1,0,486,1,1
8183,43,0,1,1,0,6220,1,0
28359,50,6,1,1,0,2061,1,1
40989,37,4,2,2,0,8066,0,0
20518,30,4,2,2,0,368,1,0
19383,37,4,1,2,0,2401,0,0
32064,75,5,0,1,0,105,0,0
7417,58,1,1,0,0,5788,0,0
7071,59,9,1,1,0,519,1,0
30898,32,6,2,1,0,360,1,0
14727,35,4,2,2,0,635,0,0
17440,40,4,1,2,1,0,0,0
42605,33,4,1,2,0,6513,1,0
17096,32,7,1,1,0,194,1,1
14751,60,2,1,1,0,480,0,1
13618,51,1,1,3,0,1432,0,0
9663,39,6,1,2,0,3201,0,0
40642,47,4,2,2,0,86,0,0
32764,36,1,1,1,0,142,1,0
7922,29,4,2,2,0,0,1,0
213,36,7,1,1,0,301,1,0
5267,40,6,1,1,0,1516,1,1
16049,30,4,1,2,0,3,1,0
14255,45,1,1,0,0,660,1,0
26867,34,6,0,2,0,681,0,0
36718,36,9,0,1,0,69,1,0
18978,47,2,1,1,0,318,0,0
43659,47,4,1,1,0,834,0,0
3899,46,9,1,1,0,4956,1,0
241,43,2,1,3,0,100,1,0
39674,58,5,1,0,1,-235,0,1
14604,42,4,1,2,0,0,1,0
43883,39,7,1,1,0,1970,1,0
44386,29,8,2,2,0,163,0,0
11486,49,1,1,0,0,98,0,1
41646,25,8,2,2,0,5,0,0
43587,32,9,2,2,0,388,0,0
17853,50,1,1,1,0,3436,1,1
36800,37,6,0,1,0,-38,1,0
31334,30,4,2,2,0,3473,0,0
6451,44,7,0,1,0,51,1,1
9838,45,9,1,0,0,-322,0,0
13182,28,4,1,2,0,3694,0,1
43068,25,6,2,3,0,1179,0,0
2012,47,1,1,1,0,8,0,0
12758,37,6,1,1,0,1633,0,0
775,46,7,1,1,0,89,1,0
31286,32,6,1,1,0,409,0,0
22766,55,4,0,2,0,407,1,1
40954,77,5,1,2,0,699,0,0
23836,35,4,2,2,0,0,0,0
24087,58,0,0,1,0,1947,0,0
27173,50,0,1,1,0,231,1,0
6790,28,4,2,2,0,1069,0,0
45027,39,7,2,1,0,471,0,0
38307,29,0,2,1,0,710,1,1
23594,53,1,1,0,0,5603,0,0
12339,41,0,0,1,0,303,0,0
43173,65,10,1,1,0,3195,0,0
8830,31,7,2,1,0,-341,0,0
29972,39,1,2,1,0,383,1,1
16589,32,9,1,2,0,2553,1,0
13173,59,1,0,0,0,1,0,1
16203,58,3,1,0,0,1310,1,1
13813,29,1,1,1,0,0,0,0
33692,35,4,2,2,0,1750,1,0
13145,30,1,1,1,0,1177,0,1
10262,48,0,1,1,0,13551,0,0
24269,49,9,0,1,0,7,1,1
15317,33,7,1,2,0,1275,1,0
32337,30,0,1,2,0,26,1,0
15260,34,1,1,0,0,151,1,0
39480,56,5,1,2,0,281,0,0
34728,41,1,1,0,0,-7,1,0
13083,27,9,2,1,1,0,0,1
33326,29,1,0,1,0,291,1,0
13464,37,0,1,0,0,214,1,0
7330,46,10,1,1,0,2940,1,0
4246,40,4,1,2,0,3,1,1
20142,31,4,2,2,0,319,1,0
26477,47,4,1,2,0,186,0,0
26677,37,1,2,0,0,315,0,0
38189,28,1,1,1,0,1325,1,0
32758,43,1,1,1,0,1127,1,0
24431,40,4,2,2,0,0,0,1
22443,54,3,1,0,0,179,0,0
10037,39,4,1,0,0,0,0,0
33643,45,9,1,0,0,-63,1,0
11782,30,1,0,1,1,457,1,0
13474,49,1,1,1,0,0,0,1
2802,54,1,1,1,0,1288,1,0
5525,33,4,2,2,0,2599,1,0
1737,35,9,1,1,0,55,1,0
9492,37,7,0,1,0,319,1,0
2552,39,0,2,1,0,14,1,1
9182,48,0,1,1,0,1099,0,1
29727,48,0,1,1,0,2088,0,1
44294,40,9,1,1,0,0,1,1
22572,42,9,0,1,0,2861,0,0
7861,32,1,2,1,0,1036,1,1
25788,32,9,2,1,0,7558,1,0
11678,30,4,1,2,0,34,1,1
14303,46,2,1,2,0,2262,0,0
32942,34,9,1,2,0,1806,1,0
19323,33,4,1,2,0,849,1,0
11636,49,4,0,2,0,1115,0,0
32735,36,4,1,2,0,-196,1,1
16756,43,4,1,1,0,5,1,0
8006,33,9,2,1,0,-244,1,0
36843,57,4,1,0,0,785,1,0
28364,41,0,2,1,0,386,0,0
42664,45,0,1,1,0,5021,0,0
38500,33,1,1,0,0,309,1,0
7857,32,4,2,2,0,127,1,0
42449,42,4,1,2,0,254,0,0
43167,73,5,1,3,0,519,0,0
38934,24,7,2,1,0,414,1,0
11657,50,4,1,2,0,89,0,0
25500,34,1,2,0,0,-343,1,1
23338,44,3,1,1,0,2541,0,0
5641,40,7,1,0,0,33,0,0
946,35,7,1,1,0,528,0,0
42971,33,4,1,2,0,22867,1,0
4411,39,10,1,1,0,0,1,0
18160,40,6,2,2,0,819,0,0
7956,41,1,2,1,0,304,1,0
25120,50,6,2,2,0,21,1,0
14826,56,6,1,1,0,14,0,0
40120,54,4,2,2,0,0,0,0
23573,41,9,1,1,0,1946,0,0
32110,70,5,0,0,0,275,0,0
25173,39,4,1,2,0,514,0,0
28197,47,1,1,1,0,1125,1,0
37334,36,1,2,0,0,1959,1,0
26790,35,7,1,1,0,142,1,0
43873,33,9,2,2,0,172,0,0
238,44,0,0,1,0,66,1,0
27648,45,9,1,1,0,1971,1,0
7364,39,9,1,1,0,3032,0,0
37694,48,0,0,3,0,-70,0,0
1373,48,1,1,0,0,448,1,0
26031,39,6,0,2,0,155,0,0
39872,43,1,1,1,0,2160,0,0
37965,37,7,2,1,0,608,0,0
5630,52,1,1,1,0,3622,1,1
24640,50,0,1,1,0,1241,1,1
12022,57,11,2,1,0,316,0,0
11760,44,7,2,1,0,2886,0,0
3227,44,4,1,2,0,1033,1,0
39672,28,0,2,1,0,157,0,0
14073,60,7,0,0,0,58,0,1
5246,32,1,1,0,0,1261,1,0
15902,30,1,1,0,0,1,1,1
17147,30,1,2,1,0,363,0,0
40526,71,5,1,2,0,4388,0,0
38613,30,0,0,1,0,891,0,0
45037,45,4,2,2,0,2048,1,0
18904,57,0,1,1,0,999,0,0
228,36,1,1,3,0,1033,0,0
232,57,2,1,1,0,294,1,0
38509,26,2,2,2,0,255,1,0
37492,49,0,2,0,0,655,1,0
25389,36,4,1,2,0,1434,0,0
1602,39,1,1,0,0,813,1,0
29201,43,4,1,1,1,16,0,0
44111,59,4,1,1,0,111,0,0
2137,31,0,1,1,0,337,0,0
44867,36,0,2,1,0,60,1,0
1763,32,0,2,1,0,-227,1,1
33282,59,7,1,0,0,196,1,0
10796,54,1,2,3,0,6622,0,0
25174,38,2,1,2,0,0,1,0
4192,54,1,1,1,0,-754,1,0
30759,34,9,1,1,0,904,0,0
23038,33,4,2,1,0,0,0,0
19958,46,0,1,1,0,2148,0,0
44852,55,4,1,1,0,2693,0,0
11132,58,10,0,1,0,7798,0,0
38997,28,7,2,1,0,373,1,0
20997,44,4,1,2,0,6945,0,0
17454,33,4,1,2,0,1206,1,0
1403,42,4,1,2,0,6,1,0
39899,32,0,1,2,0,653,0,0
27995,43,1,1,1,0,1035,0,0
24360,41,10,0,2,0,-198,1,0
35307,53,1,1,1,0,913,1,0
8573,40,1,1,0,0,0,1,0
27264,34,4,1,2,0,7384,0,0
18748,54,5,1,0,0,235,0,1
41217,52,0,0,1,0,363,1,0
38363,34,1,1,1,0,29,1,0
24522,42,1,1,1,0,1657,1,1
36519,60,5,1,1,0,5789,1,0
42191,44,0,2,1,0,1534,0,0
40595,75,5,1,0,0,5491,0,0
38948,47,9,1,1,0,179,1,0
33233,35,1,1,1,0,360,1,0
21093,59,5,1,0,0,46,0,0
3112,37,0,1,1,0,66,1,0
38742,38,9,1,1,0,525,1,1
13193,49,0,1,1,0,13229,0,1
37538,32,7,2,1,0,385,1,0
2837,42,0,2,1,0,277,1,0
10961,50,1,0,0,0,608,1,0
20190,35,9,2,2,0,272,0,0
10551,35,7,1,1,0,373,0,1
36112,38,0,1,1,0,1,1,0
34527,34,1,0,1,0,0,1,0
35969,40,7,1,0,0,170,1,1
43938,30,4,2,2,0,572,0,0
10829,46,3,0,0,0,2291,0,0
33862,28,2,2,2,0,104,0,0
25569,35,4,0,2,0,771,1,1
10303,56,0,1,1,0,1290,0,0
39775,45,0,1,2,0,2552,0,0
21914,32,9,2,1,0,-22,1,0
8163,36,1,0,0,0,117,1,0
36547,48,7,2,1,0,561,1,0
9481,36,7,0,1,0,1594,0,0
24494,47,9,1,1,0,80,0,1
28966,40,4,1,2,0,572,0,0
5289,37,0,1,1,0,525,1,0
2008,56,7,0,2,0,2272,1,0
7651,33,1,1,0,0,1002,1,0
27203,41,4,1,2,0,832,1,1
4067,45,1,1,1,0,1124,1,0
18659,52,7,0,1,0,0,0,0
37313,42,1,1,0,0,969,1,0
22366,33,4,2,2,0,321,0,0
6070,32,9,2,1,0,6471,1,1
5351,33,1,1,1,0,524,1,0
42854,35,9,2,1,0,230,0,0
33580,34,1,1,1,0,0,1,0
11813,27,0,1,1,0,-48,1,0
5883,52,2,0,1,0,-99,0,1
41888,56,4,2,3,0,111,0,0
9439,46,1,1,1,0,425,1,0
23653,33,9,2,2,0,436,0,0
19490,30,3,2,2,0,868,0,0
17520,30,0,1,3,0,4,1,0
28573,33,0,2,2,0,2,0,0
8209,40,0,0,1,0,2550,1,0
41786,62,5,1,1,0,1495,0,0
235,45,1,1,0,0,25,1,0
18340,42,4,1,2,0,4617,1,0
5077,36,6,2,2,0,4752,1,0
29896,36,9,1,2,0,98,0,0
20481,54,9,1,1,0,-777,0,1
4906,31,9,1,2,0,4315,1,0
13126,41,0,2,1,0,26,0,0
32159,31,7,2,1,0,205,1,0
21607,54,3,1,0,0,127,0,0
4017,31,4,2,2,0,548,1,0
33887,31,9,1,2,0,3382,0,0
20037,36,4,2,2,0,2745,1,0
25006,46,9,0,1,1,-1361,1,1
6664,31,9,1,1,1,-463,1,0
33285,59,4,0,2,0,258,1,0
30014,32,2,2,0,1,-849,1,1
32678,28,7,2,1,0,3028,1,0
17156,31,4,2,2,0,949,1,0
42886,30,8,2,1,0,4,0,0
7635,35,4,2,2,0,565,1,0
1250,50,1,1,0,0,40,1,0
13365,57,7,1,2,0,10,0,0
3551,31,1,0,1,0,1125,0,1
20188,45,1,1,0,0,0,0,0
28083,35,0,0,1,0,1803,0,0
6968,22,1,2,0,0,3198,1,0
26298,55,6,1,1,0,2408,0,0
26721,43,4,1,2,0,5670,1,0
43058,58,4,1,2,0,473,0,0
30258,56,4,1,2,0,3172,1,0
8451,45,5,1,0,0,0,0,0
16348,28,8,2,2,0,270,0,0
38318,36,1,0,1,0,421,1,0
15419,48,9,1,1,0,-280,1,1
17519,41,7,1,0,0,812,1,1
21952,32,4,1,2,0,138,0,0
14666,38,3,1,1,0,0,0,0
36276,31,6,1,1,0,2153,1,0
10407,43,1,2,0,0,999,1,0
18972,39,9,1,1,0,0,0,0
4426,35,9,2,1,0,1861,1,0
12140,40,4,1,2,0,10786,0,0
5140,38,1,2,1,0,745,1,0
12734,27,0,2,1,0,450,1,0
898,49,0,1,1,0,326,1,0
12186,42,9,1,1,0,738,0,0
40053,35,7,1,1,0,52,1,0
27867,32,7,2,1,0,951,0,0
5078,52,0,1,1,0,1933,1,0
20416,56,1,1,1,0,2395,0,0
42645,41,9,2,3,0,5372,1,0
21896,34,9,1,2,0,100,0,0
14446,58,9,2,1,0,409,0,1
42059,53,9,1,2,0,395,0,0
222,35,2,0,1,0,-69,1,0
1374,26,8,2,2,0,37,1,0
23990,41,9,0,1,0,88,0,0
7140,43,9,1,1,0,310,1,0
22003,37,4,2,2,0,198,0,0
14657,29,4,1,2,0,0,1,0
17795,59,4,1,1,0,1558,0,0
22696,56,1,1,3,0,3197,0,0
22607,49,1,1,0,0,397,0,0
5551,32,9,1,2,0,415,0,0
1668,37,1,1,1,0,190,1,0
12872,26,9,0,2,0,278,1,1
30795,37,9,1,1,0,95,0,0
4850,35,4,2,2,0,-289,1,0
34606,35,4,1,2,0,0,1,0
30675,52,10,1,2,0,1595,0,0
43228,40,10,2,1,0,334,0,0
32133,36,6,1,2,0,11387,0,0
22793,46,9,1,1,0,518,0,0
41339,62,5,1,1,0,13,0,0
41953,38,4,1,2,0,4174,0,0
20914,60,4,1,1,0,13238,0,0
28861,34,1,2,1,0,19833,1,0
34097,35,4,1,2,0,495,0,0
17151,45,2,0,0,0,888,1,0
10691,55,3,1,0,0,3680,0,0
24103,58,4,0,2,0,372,0,1
21357,43,4,1,2,0,1253,0,1
11646,43,1,1,3,0,-19,0,1
9276,29,9,2,1,0,3313,1,0
6757,32,4,1,2,0,514,1,0
41371,33,9,2,1,0,1429,1,0
23305,60,7,1,0,0,0,0,0
13622,30,1,1,1,0,1,0,1
25093,51,4,1,2,0,5343,0,0
37919,31,1,2,1,0,953,1,0
28518,31,1,2,2,0,403,0,0
41179,81,5,1,1,0,1,0,0
5678,58,5,1,1,0,295,1,1
20642,54,1,1,0,0,1659,0,0
13840,36,4,1,2,0,789,1,1
12880,27,4,2,2,0,338,0,1
10049,42,2,1,2,0,5345,0,0
28467,28,9,2,1,0,250,0,1
1700,51,4,2,2,0,417,1,0
17458,48,1,1,1,0,387,1,0
43298,67,5,0,0,0,2027,0,0
33530,36,0,1,1,0,421,1,0
6937,30,8,2,2,0,2030,1,0
24647,34,4,1,2,0,815,0,0
28524,43,4,0,2,0,99,0,0
33648,33,0,1,1,0,1158,1,0
12918,28,7,2,1,0,198,0,0
45115,30,4,2,2,0,565,1,0
30845,36,1,1,1,0,106,1,0
4368,23,7,1,0,0,523,1,1
22574,37,9,1,1,0,1725,0,0
5066,34,2,2,1,0,0,1,1
824,34,7,1,1,0,302,1,0
44051,72,5,2,2,0,1285,0,0
36881,36,7,1,1,0,257,1,0
39779,46,9,2,1,0,5862,0,0
13906,27,1,2,1,0,87,0,0
24149,38,4,2,2,0,6490,0,0
2471,59,5,1,1,0,2376,0,0
42222,20,8,2,3,0,801,0,0
23322,30,9,2,1,0,194,0,1
25337,32,1,1,1,0,491,1,0
4422,31,7,0,1,0,1222,1,0
42419,73,5,0,0,0,5028,0,0
23680,38,4,1,2,0,0,0,0
43763,53,4,1,2,0,1356,1,0
42481,72,5,1,0,0,3856,0,0
37995,42,7,1,1,0,-166,0,0
44631,65,5,1,0,0,308,0,0
31853,30,4,1,2,0,357,1,0
1531,41,4,2,2,0,572,1,0
41265,30,8,1,2,0,324,0,0
20853,59,5,1,1,0,25947,0,0
3371,40,7,1,0,0,-9,1,0
31515,23,8,2,1,0,165,1,0
12421,49,0,1,1,0,12,0,0
1685,34,1,1,1,0,457,1,0
30954,36,10,2,1,0,115,0,0
20243,41,9,0,2,0,3465,1,0
40195,37,6,2,2,0,1758,0,0
15597,25,7,2,1,0,2311,0,1
29541,38,9,2,1,0,325,0,0
36909,31,4,2,2,0,2592,0,0
20637,31,9,2,2,0,36,0,0
2245,28,9,2,1,0,205,1,0
15892,32,1,1,1,0,-249,1,1
40462,23,10,2,1,0,19690,0,0
15231,59,1,1,0,0,-365,1,0
18098,37,8,0,2,0,0,0,0
38510,51,9,1,1,0,1174,1,0
39492,56,5,0,2,0,13094,0,0
24883,44,2,1,1,0,1442,0,0
30201,35,4,0,2,0,500,1,0
39356,26,0,2,1,0,236,1,1
25320,40,9,0,1,0,5674,1,0
19664,59,4,0,2,0,1002,0,0
4804,34,4,0,2,0,5754,1,0
18791,33,4,2,2,0,-75,1,1
30807,27,6,2,2,0,26,0,0
30651,46,1,1,1,0,1352,1,0
3035,43,9,1,1,0,672,1,0
26417,31,6,1,1,0,0,1,0
34890,31,7,0,1,0,1016,1,0
26046,52,9,1,3,0,9687,1,0
37008,43,1,1,1,0,3,1,0
40097,34,7,1,1,0,2918,0,1
26299,59,5,1,1,0,11,0,0
41558,49,2,0,2,0,315,0,0
10885,36,1,2,0,0,2491,0,1
21448,37,9,2,1,0,1435,0,0
5429,55,9,1,3,0,4746,1,0
12303,56,3,1,1,0,594,1,1
20467,36,9,1,1,0,1659,0,0
42692,57,4,1,2,0,1318,0,0
11383,59,5,1,1,0,1723,0,0
36755,41,4,2,1,0,5548,1,0
41042,21,8,2,1,0,6844,0,0
41869,61,9,0,1,0,6481,0,0
1505,36,1,1,3,0,70,1,0
29353,55,1,1,0,0,145,0,0
41335,30,4,1,2,0,7,1,0
16304,25,4,1,2,0,937,1,0
36886,52,5,2,1,0,316,0,0
36865,36,7,2,1,0,0,1,0
1012,39,0,2,1,0,573,1,0
42791,66,5,1,2,0,1948,0,0
9184,44,9,1,1,0,1210,0,0
39413,35,4,1,2,0,0,0,0
6372,29,4,2,2,0,941,1,0
35612,32,9,2,2,0,1849,1,0
26388,38,4,0,2,0,4335,1,0
14172,37,4,0,1,0,1448,1,0
33526,48,0,2,1,0,3531,1,0
17820,45,7,1,1,0,219,1,1
792,40,5,1,0,0,407,1,0
26826,31,10,1,1,0,314,1,0
29278,35,9,1,2,0,1526,1,0
6029,34,1,1,0,0,60,1,0
6693,24,1,1,0,0,933,1,0
8300,36,4,0,2,0,5195,1,0
7692,51,4,1,1,0,2632,0,0
31300,34,4,1,2,0,1674,1,0
7598,40,4,1,2,0,0,1,0
35375,30,1,1,1,0,-109,1,1
26454,32,1,2,1,0,3201,1,0
43261,51,1,1,0,0,3764,0,0
15032,37,6,1,1,1,0,1,0
19135,59,5,1,1,0,1035,1,1
19079,59,5,1,0,1,-1,0,0
44555,58,0,1,1,0,169,0,0
33236,35,0,1,1,0,1345,1,0
10988,34,9,2,1,0,-269,1,0
43691,54,1,0,0,0,4401,0,0
33930,54,0,0,1,0,1693,0,0
29012,49,1,2,1,0,-367,1,0
23107,51,7,1,0,0,10150,1,0
21268,54,5,1,0,0,11,1,1
6926,36,1,2,1,0,3254,1,0
32652,32,6,1,0,0,1074,1,0
40256,24,0,2,2,0,454,1,0
24887,37,4,1,1,0,4056,0,0
15011,39,0,1,1,0,0,1,0
5072,38,1,2,0,0,-100,1,0
26029,37,4,2,2,0,6964,0,0
8835,47,1,1,1,0,1143,1,0
14061,40,4,1,2,0,-83,1,1
14709,54,1,1,0,0,126,1,0
8781,27,1,1,1,0,6196,1,0
27883,26,0,2,1,0,52,0,0
23171,50,3,1,0,0,0,0,0
45139,44,4,1,2,0,839,0,0
26177,33,7,1,1,0,293,1,0
35835,50,1,1,1,0,-26,1,0
42777,35,9,1,1,0,481,1,1
15312,30,7,0,0,0,459,1,0
30397,36,10,1,0,0,646,0,0
15170,44,7,0,1,0,0,0,1
72,54,4,1,1,0,282,1,1
35923,36,3,1,1,0,409,1,0
27713,31,4,2,2,0,1899,0,0
8991,38,4,1,0,0,1365,1,0
13780,39,9,2,1,0,709,1,0
40801,29,8,2,3,0,2929,0,0
26512,42,7,1,1,0,6754,0,1
37018,47,7,1,1,0,-98,1,1
29592,34,4,2,2,0,1190,0,0
374,48,1,1,3,0,131,1,0
34166,28,7,2,0,0,307,0,0
1629,40,1,1,0,0,2171,1,0
43673,34,7,1,1,0,1076,0,0
8708,33,4,1,2,0,982,0,0
38562,30,9,2,1,0,1395,1,0
697,49,1,1,1,0,26,1,0
2505,52,9,1,1,0,11,1,0
15483,40,5,1,0,0,-407,1,0
23604,43,4,1,2,0,241,0,0
13450,27,7,2,1,0,387,0,1
4083,50,1,0,1,0,2402,1,0
41567,20,8,2,1,0,29,0,0
27709,40,1,0,0,1,0,1,0
27918,55,0,1,3,0,98,0,1
15410,36,3,0,1,0,181,1,0
42607,73,5,1,0,0,1388,0,0
309,43,4,1,3,0,0,1,0
18743,43,7,1,1,0,642,0,0
43460,30,4,2,2,0,3779,0,0
18511,42,1,1,0,0,517,1,0
30572,39,1,2,1,1,0,1,1
34781,27,4,2,2,0,2559,1,0
10033,52,4,1,0,0,48,0,0
35000,32,9,0,1,0,3345,1,0
17872,38,4,2,2,0,5073,1,0
28355,49,7,2,1,0,178,1,1
29330,21,8,2,1,0,948,0,0
41987,57,9,1,1,0,254,0,0
1072,29,11,2,0,0,50,1,0
34674,48,9,2,2,0,104,1,0
44341,29,4,2,2,0,0,0,0
29726,56,4,1,1,0,145,0,0
27302,50,0,0,1,0,3240,0,0
8095,37,1,1,0,0,1720,1,0
23651,52,7,1,1,0,1645,0,0
18657,37,0,1,1,0,1049,0,0
21597,55,0,1,0,0,0,1,0
26130,31,0,0,1,0,525,0,1
34514,27,10,2,1,0,268,1,0
18826,47,4,1,2,0,0,0,0
37390,39,1,2,0,0,0,1,1
24745,33,9,0,1,0,751,1,0
43647,36,0,2,2,0,994,0,0
17703,57,7,1,1,0,1301,1,0
42042,26,0,2,1,0,338,0,0
23948,44,9,1,1,0,370,0,1
14319,43,4,1,2,0,0,0,0
42655,35,9,2,2,0,0,0,0
43771,24,10,2,1,0,2573,0,0
29143,37,4,1,1,0,10,0,1
8730,49,1,1,0,0,-347,1,1
42828,60,4,1,2,0,3401,0,0
42717,61,4,1,2,0,13546,0,0
14559,41,4,1,2,0,4,1,0
32691,39,0,1,1,0,260,1,0
40393,22,8,2,3,0,466,0,0
19282,42,9,1,2,0,14282,1,0
31956,36,0,2,1,0,2556,1,0
6696,42,1,1,1,0,1468,1,0
2608,57,1,1,0,0,1460,0,0
42351,30,4,2,2,0,265,0,0
1345,42,0,1,1,0,323,1,1
30871,35,4,1,2,0,182,0,0
19593,56,1,1,1,0,317,0,0
14637,43,4,2,2,0,8224,1,0
21628,51,0,1,1,0,91,0,0
29750,43,10,2,0,0,264,0,0
40970,51,5,1,1,0,2281,0,0
18754,47,1,1,1,0,3285,0,0
6203,27,8,2,3,0,910,1,1
1991,44,10,1,1,0,-407,1,0
36925,36,7,2,1,0,590,1,0
41125,24,9,1,1,0,556,1,0
14200,31,7,2,0,1,-357,1,1
9695,42,1,1,1,0,375,1,0
32161,36,0,2,1,0,11174,1,0
24781,34,4,1,2,0,65,1,0
4548,40,0,1,2,0,0,1,0
12755,45,9,1,1,0,879,0,0
34255,28,0,2,1,0,1842,1,0
11197,47,5,1,0,0,490,1,0
34372,43,9,1,2,0,2643,0,0
37245,25,9,2,2,0,1954,1,1
18244,44,7,1,1,0,3536,0,0
14957,37,1,1,0,0,61,1,0
8470,33,7,1,1,0,334,1,0
14742,47,8,2,3,0,107,0,0
19859,59,1,1,1,0,12928,0,0
19912,50,4,1,2,0,290,0,1
17629,45,10,1,1,0,2468,1,0
5270,30,4,2,2,0,3967,1,0
8033,34,9,1,2,0,691,1,1
44240,35,1,1,1,0,-17,1,0
34998,54,1,1,0,0,162,1,0
4996,31,4,2,2,0,385,1,0
19611,39,4,1,2,0,2666,0,0
20634,54,4,1,2,0,153,0,0
32545,36,1,2,0,0,295,1,0
10012,35,1,1,1,0,3015,1,0
11627,37,11,1,1,0,5700,0,0
18549,41,1,0,1,0,3,1,0
24069,58,4,0,2,0,26254,1,0
13787,33,4,1,2,0,4054,1,0
3672,32,9,0,1,0,75,0,0
13586,51,1,1,0,0,804,1,0
30249,42,2,1,2,0,233,0,0
29050,40,10,0,1,0,507,1,0
22306,55,1,1,0,0,2384,0,1
9316,42,1,1,1,0,230,1,0
13573,37,6,1,2,0,865,1,1
12764,46,10,1,1,0,926,0,0
13467,58,2,1,2,0,776,1,0
9580,40,8,2,1,0,5349,0,0
338,51,0,2,1,1,-2,0,0
41821,39,4,1,2,0,184,0,0
38619,34,0,0,1,0,1268,1,0
19181,33,9,1,2,0,2728,0,0
7116,32,4,1,1,0,3935,1,0
35983,38,1,1,1,0,395,1,0
24659,35,0,1,1,0,216,1,1
37260,48,0,0,1,0,83,1,0
21864,40,9,2,2,0,47,0,0
6426,49,0,0,1,0,-203,1,0
18638,26,10,2,1,0,1,0,0
3934,49,10,0,1,0,495,1,0
29765,35,8,2,2,0,7,1,0
21524,33,9,1,1,0,81,0,0
36604,50,10,1,0,0,289,1,0
14395,33,7,1,1,0,0,1,0
5444,32,7,2,1,0,1940,1,0
17497,51,0,2,1,0,2130,1,0
9531,39,6,1,1,1,-571,0,0
21271,56,7,1,1,0,4914,0,0
19568,32,3,1,1,0,3469,0,0
40152,30,9,2,2,0,0,1,0
22499,54,11,1,0,0,981,0,0
33995,55,11,1,2,0,3567,0,0
17805,48,1,1,0,0,1850,1,0
33247,47,7,2,2,0,0,0,0
14987,33,7,2,0,0,92,1,0
4504,40,1,1,1,0,877,1,0
20447,40,3,1,1,0,1050,0,0
32361,53,7,1,1,0,-2,1,1
32749,38,9,2,2,0,2273,1,0
39247,30,1,2,1,0,8950,1,0
26720,31,7,1,0,0,-212,0,1
12235,57,5,1,1,0,274,0,1
2529,40,0,0,1,0,221,1,0
24747,46,1,1,2,1,-388,0,0
14545,35,1,2,1,0,3508,1,0
12293,57,5,1,0,0,37,0,0
4925,35,4,2,2,0,1045,1,0
36261,34,7,2,1,0,-374,1,0
23750,35,9,1,1,0,433,0,0
38790,28,1,2,1,0,2486,1,0
1906,38,2,2,2,0,638,1,0
2216,30,1,1,1,0,458,1,0
246,22,1,2,1,0,0,1,0
9702,39,1,2,1,0,1170,0,0
18166,45,4,1,2,0,1300,0,0
11458,48,7,1,1,0,334,0,1
25318,30,4,1,1,0,1439,1,0
41901,37,4,2,2,0,0,0,0
17488,30,1,2,1,0,567,1,0
41650,57,4,1,3,0,0,0,0
41725,34,1,2,3,0,484,0,0
18946,45,6,1,1,0,629,0,0
36560,55,1,1,0,0,2102,1,0
44151,79,5,0,0,0,2787,0,0
21681,39,4,1,2,0,1373,0,0
19926,49,4,0,2,0,10,0,0
35067,28,1,1,2,0,417,1,1
21390,31,9,0,1,0,431,1,1
38360,58,1,1,0,0,781,1,0
24845,38,9,1,2,0,2453,1,1
24977,55,5,0,0,0,1174,1,0
32470,39,2,0,2,0,0,0,0
43598,30,4,1,2,0,4328,0,0
30057,47,10,2,0,0,7351,0,0
14540,34,7,1,1,0,1005,1,0
27547,33,9,2,1,0,2466,1,0
29778,41,1,1,0,0,201,1,0
17982,46,9,1,1,0,0,0,0
11106,37,7,2,1,0,2657,1,0
31861,32,9,1,1,0,344,1,0
42372,57,1,0,0,0,1299,0,0
6764,29,4,1,2,0,715,1,0
34608,37,9,1,2,0,3043,1,0
8224,45,7,1,1,0,75,1,1
23245,31,9,0,1,0,24,0,1
40070,41,7,1,1,0,0,1,1
12518,41,2,1,2,0,-81,0,1
13266,31,4,1,1,0,-329,1,0
11686,57,2,1,2,0,0,1,1
24799,47,10,2,1,0,4819,0,0
14381,40,1,1,3,0,0,1,0
12933,33,4,2,1,0,1326,0,1
31701,36,7,1,1,0,3740,1,0
1772,43,3,1,0,0,1342,1,1
9738,45,9,1,2,0,1780,0,0
42266,81,5,1,0,0,5220,0,0
16507,26,1,2,1,0,5829,0,0
11929,44,4,1,2,0,1286,1,0
8342,52,9,1,1,0,930,1,0
38169,27,1,1,0,0,1535,1,0
36760,40,7,2,1,0,1547,1,0
7118,42,4,1,2,0,1993,0,0
23841,33,9,1,1,1,-708,0,0
43636,27,4,2,1,0,145,1,0
25655,46,7,1,2,0,2520,1,0
27727,53,4,0,1,0,1004,0,1
41941,32,4,2,2,0,643,0,0
29294,32,0,2,1,0,613,1,0
1643,29,1,1,1,0,0,0,0
23813,38,9,1,1,0,300,0,0
21088,34,9,2,2,0,6529,0,0
12462,41,1,1,0,0,1,0,0
8310,41,0,0,1,0,-106,1,0
24519,38,0,1,3,0,4583,1,0
20160,52,1,1,0,0,0,0,0
11700,46,9,2,1,0,3494,1,0
19840,46,6,1,0,0,107,1,0
33459,54,1,1,0,0,433,1,0
24798,44,9,1,1,0,2126,0,1
11671,39,3,1,0,0,4899,0,0
41131,55,4,1,2,0,12972,0,0
27647,38,4,2,2,0,6742,0,0
25838,46,10,1,1,0,2017,1,0
29796,31,1,2,1,0,25,0,0
34290,45,9,1,1,0,1998,0,0
34139,33,7,1,1,0,478,0,0
3978,28,7,2,1,0,317,1,0
16890,29,7,1,2,0,-62,1,1
43208,39,9,1,2,0,508,0,0
32510,44,1,1,0,0,279,1,0
4534,36,1,0,1,0,221,1,0
3059,28,9,2,1,0,280,1,0
3237,42,1,1,1,0,9359,1,0
40002,46,9,2,1,0,4367,1,0
40083,41,4,0,2,0,3426,0,0
13201,26,1,2,1,1,81,0,1
23212,46,1,1,1,0,836,0,0
39207,29,2,2,2,0,219,1,0
7151,44,1,1,0,0,77,1,0
43469,25,1,2,0,0,4599,0,0
15122,32,9,1,1,0,348,1,0
36829,47,1,1,1,0,802,1,1
9441,38,4,2,2,0,619,1,0
8799,33,1,1,1,0,355,1,0
39988,55,4,0,2,0,2383,0,0
21314,45,4,1,2,0,4112,0,0
34734,46,4,1,2,0,523,1,0
11118,38,7,1,1,0,2289,0,0
23430,38,10,2,1,0,0,0,0
32230,33,4,2,1,0,-665,1,1
38545,32,4,1,2,0,3387,1,0
34796,35,4,1,2,0,105,1,0
6901,36,4,1,2,0,771,1,0
38259,45,6,1,2,0,-497,1,1
39232,33,4,2,1,0,219,1,0
17506,29,9,2,1,0,426,1,0
20221,33,4,1,2,0,901,0,0
14081,45,3,1,1,0,0,0,0
8994,54,6,1,1,0,153,1,0
14548,34,9,1,1,0,223,1,0
28754,51,2,0,2,0,58,1,0
16989,27,7,2,1,0,139,0,0
13452,35,0,1,1,0,1,1,0
30976,45,10,2,1,0,17609,0,0
13777,41,4,1,2,0,472,1,0
44046,43,4,2,2,0,0,0,0
28017,42,7,0,1,0,466,0,0
22853,48,7,1,0,0,337,0,0
33152,46,4,1,0,0,3229,1,0
41239,57,4,1,2,0,16,0,0
1653,34,9,2,2,1,33,1,1
8902,32,1,0,1,0,880,1,1
1184,42,2,1,0,0,198,1,0
30095,58,2,1,2,0,0,1,1
841,31,1,2,1,0,1415,1,0
8213,42,1,1,1,0,443,1,0
34412,38,7,1,1,0,859,1,0
12438,27,1,2,0,0,1128,1,0
19481,43,9,1,2,0,1663,0,0
32462,32,9,2,2,0,932,1,0
33723,45,4,1,2,0,212,0,0
8235,35,1,1,1,0,98,1,0
14821,40,6,2,2,0,-94,1,0
5839,57,5,1,2,0,138,0,0
38075,33,9,2,1,0,1074,1,1
26255,39,0,1,1,0,3655,0,0
18766,42,9,1,1,0,649,1,0
41792,76,5,1,0,0,163,0,0
14019,30,0,2,2,0,5,0,1
44438,53,4,1,2,0,18931,0,0
37062,33,6,1,0,0,61,1,0
41920,55,10,0,1,0,309,0,0
28900,49,4,1,2,0,15,0,0
9581,47,0,0,1,0,295,1,0
31995,56,1,1,0,0,2765,0,0
37738,37,1,1,0,0,397,1,0
42642,62,5,1,2,0,4692,1,0
34863,31,3,2,2,0,399,1,0
13682,29,4,2,2,0,0,1,0
24561,52,5,1,1,0,5057,0,0
11317,57,3,0,0,0,113,0,0
9871,46,0,2,1,0,9326,0,1
2790,43,9,0,1,0,0,0,0
36518,54,9,1,1,0,0,1,0
9681,35,1,2,1,0,1017,0,0
15816,34,4,1,2,0,272,1,0
37000,30,9,2,1,0,1352,1,0
15595,47,7,1,3,0,1229,0,1
7846,44,1,1,0,0,314,1,0
11261,38,9,2,2,0,11,0,0
14924,38,1,1,1,0,329,1,1
30365,56,1,2,1,0,1187,1,0
9417,35,3,1,0,0,8127,0,0
26576,37,2,1,2,0,836,1,0
13199,29,9,2,1,0,290,1,1
17235,57,5,1,0,0,592,0,1
29830,52,4,1,2,0,732,0,0
43755,35,9,2,2,0,1880,0,0
10091,38,1,1,0,0,3057,1,0
21992,48,4,2,1,0,-18,1,0
23520,34,9,2,2,1,-6,0,0
14941,58,3,2,2,0,145,1,1
40686,38,0,1,2,0,4297,0,0
29432,32,6,1,2,0,428,0,1
840,49,1,1,1,0,64,1,0
4748,34,1,1,3,0,1117,1,0
24236,54,9,2,1,0,198,1,1
8617,39,4,2,1,0,1623,1,0
8528,53,2,0,3,0,4736,1,0
38038,47,1,1,0,0,-169,1,1
14584,56,10,0,0,0,109,0,0
15408,33,4,2,1,0,-85,1,0
39611,34,4,2,2,0,0,0,0
29001,51,9,1,1,0,1490,1,0
30098,27,1,1,1,0,1600,1,0
14396,43,10,2,2,0,408,0,0
44016,45,4,1,3,0,2724,0,0
6048,34,1,1,0,0,1255,1,1
44889,29,10,2,1,0,670,1,0
17407,41,9,1,1,0,2125,1,1
8851,24,7,2,1,0,-141,1,0
15945,34,9,1,1,0,1,0,0
19658,51,5,1,1,0,0,0,0
43141,25,7,2,1,0,94,0,0
1954,38,0,1,1,0,253,1,0
21551,47,4,1,2,0,1884,1,1
43071,26,0,2,2,0,2532,1,1
31827,35,4,1,2,0,1725,1,1
1495,57,0,1,1,0,1216,1,0
6365,37,1,0,1,0,-333,1,0
44826,41,4,1,2,0,0,0,0
31558,39,9,1,2,0,2869,0,0
6237,56,4,0,2,0,-676,1,1
15133,36,4,1,2,0,25,1,0
19889,55,6,1,0,0,0,0,0
19709,32,4,2,2,0,312,0,0
39179,38,4,2,2,0,2368,1,0
4469,34,9,2,2,0,759,0,0
42145,36,10,1,2,0,7222,1,0
27415,30,0,2,1,0,294,1,1
40560,63,11,1,1,0,556,0,0
12793,46,9,1,1,0,967,0,0
29753,43,0,1,2,0,1317,1,0
35617,29,4,1,2,0,202,1,0
7494,30,1,2,1,0,196,1,0
19255,31,9,1,2,0,338,0,0
35613,34,1,2,0,0,279,1,0
31039,58,4,0,2,0,26831,0,0
41348,34,4,2,2,0,747,0,0
43345,29,6,2,2,0,3290,0,0
21798,42,4,1,2,0,7,0,0
24073,42,0,2,1,0,164,1,1
14720,58,5,1,1,0,19,0,1
4074,44,7,1,1,0,556,0,0
40605,32,7,1,1,0,315,0,0
3950,40,4,2,1,0,192,1,0
27243,39,1,1,1,0,1969,0,0
8024,32,4,2,3,0,3044,1,0
43927,59,5,0,0,0,1194,1,0
16083,45,0,1,1,0,644,0,1
19998,39,2,1,2,0,745,0,0
31251,24,4,2,2,0,1030,0,0
28597,29,10,2,1,0,12,1,0
37541,26,7,2,2,0,130,1,0
11226,44,4,1,2,0,2283,1,1
34853,37,0,2,1,0,465,1,1
17119,58,2,1,2,1,0,0,1
5102,36,1,2,0,0,20,1,0
11630,39,1,1,0,0,1046,0,0
2605,59,5,0,0,0,643,1,0
21801,34,4,1,2,0,1339,0,0
30451,30,10,2,1,0,79,0,1
25494,30,4,2,2,0,54,1,1
30924,46,7,1,1,0,561,1,0
12002,38,9,1,1,0,1409,1,0
16998,52,0,1,1,0,473,1,0
26838,39,9,2,1,0,18508,0,0
42753,69,5,0,1,0,4572,0,0
29601,34,1,1,1,0,261,1,0
4947,31,0,1,1,0,8784,1,0
12262,48,4,2,2,0,940,0,0
38295,34,1,1,0,0,431,1,0
33702,55,1,1,0,0,3873,0,0
8613,39,4,1,2,0,661,1,0
40161,42,10,2,0,0,8037,0,0
35810,52,1,1,1,0,372,1,0
12496,31,4,2,2,0,394,0,1
5369,36,1,1,0,0,-327,1,1
1110,40,0,2,1,0,-227,1,0
11468,47,5,0,1,0,0,0,0
2952,42,1,1,0,0,505,1,0
6201,28,2,2,2,0,219,1,0
6329,31,1,2,1,0,1000,1,1
31862,33,1,1,0,0,331,1,0
30152,28,4,1,2,0,1246,0,0
20145,35,9,2,1,0,2,0,0
14917,56,10,1,1,0,2629,0,0
26845,48,0,1,1,0,387,0,1
3774,35,1,1,1,0,-613,1,0
26741,35,1,1,1,0,911,1,0
39656,50,0,1,2,0,843,0,1
34433,24,9,1,1,0,330,1,1
36241,29,1,1,1,0,415,1,0
33264,32,1,1,0,0,0,1,0
4707,39,9,1,2,0,602,1,0
27735,29,4,1,2,0,805,0,0
35985,48,1,1,0,0,1778,1,0
19442,48,7,1,1,0,2850,1,0
6682,32,7,2,1,0,284,1,0
3861,58,9,0,1,0,906,1,1
8435,47,1,1,0,0,-127,1,0
43756,37,4,1,2,0,3236,0,0
19491,39,9,1,2,0,4765,1,0
14439,34,1,1,0,0,351,0,1
28104,40,0,0,1,0,399,0,0
2697,44,1,1,0,0,617,1,0
14039,38,0,1,1,0,-728,1,0
44036,44,1,2,1,0,276,1,0
9113,60,5,1,1,0,4820,0,0
27738,38,4,2,2,0,574,1,0
5596,51,0,1,1,0,3,0,1
14292,56,5,1,2,0,142,0,1
13038,32,4,1,2,0,2102,1,0
41041,68,5,1,0,0,2301,0,0
30294,27,10,2,1,0,11,0,0
10819,37,7,2,1,0,3,0,0
10813,34,1,2,0,0,2040,0,0
30877,33,10,2,1,0,559,1,0
4491,36,1,1,3,0,-656,1,0
4622,34,7,1,1,0,-508,1,0
14647,46,1,1,0,0,174,0,1
16157,49,0,1,1,0,635,0,0
29035,54,9,1,1,0,306,0,0
12017,38,1,1,1,0,2685,0,0
7039,31,1,2,3,0,667,1,0
11555,55,1,0,0,0,0,0,0
27668,53,9,0,1,0,173,0,1
30378,41,4,1,2,0,1143,1,0
26856,36,6,1,1,0,328,0,0
31104,57,1,1,0,0,403,1,0
26715,53,2,1,1,0,111,1,0
34132,34,8,2,3,0,1281,0,0
31319,44,4,1,2,0,1058,0,0
44038,31,4,2,2,0,1539,1,0
12166,37,7,2,0,0,3715,1,0
20226,43,9,1,1,0,7876,1,0
26,39,4,2,2,0,255,1,0
12044,32,4,2,2,0,1804,1,0
33206,43,7,0,1,0,266,1,1
24280,57,5,1,1,0,1749,0,0
24088,37,0,1,1,0,1967,0,0
28155,28,10,2,2,0,1638,0,0
34055,30,4,2,2,0,364,0,0
20372,35,9,2,1,0,354,0,0
2939,41,9,1,1,0,1043,1,1
2570,60,0,0,3,0,791,1,0
23210,55,7,1,3,0,2944,0,0
34618,56,9,1,1,0,170,1,0
10654,43,1,1,0,0,8014,0,0
28815,36,7,1,1,0,238,0,0
37130,38,7,2,0,0,3715,1,0
2448,52,7,1,1,0,3241,1,0
20839,36,9,0,1,0,1941,0,1
11866,45,1,1,0,0,186,0,0
43579,41,10,1,2,0,0,0,0
32340,37,4,1,2,0,26,0,0
23396,32,9,2,2,0,930,0,0
15321,56,9,0,1,0,179,0,0
875,32,1,0,0,0,473,1,0
24943,35,4,1,2,0,1041,0,0
28851,48,4,1,2,0,370,1,0
26605,35,1,0,1,0,3102,1,0
17103,45,1,2,0,0,92,0,1
1270,48,1,1,0,0,4,1,0
14888,34,1,1,0,0,602,1,0
36703,48,4,1,1,0,410,1,0
25631,32,9,2,2,0,360,0,0
33297,40,0,2,1,0,2360,1,0
35415,49,1,1,1,0,-327,1,0
2275,45,1,1,1,0,27,1,0
21383,39,4,1,2,0,3913,0,0
40531,63,5,1,2,0,262,0,0
32886,60,5,0,2,0,381,1,0
22300,30,9,2,1,0,13,0,0
18281,44,7,1,1,0,0,0,0
10209,60,3,1,1,0,3587,0,0
1915,34,1,2,0,0,359,1,0
42309,23,8,2,1,0,1234,0,0
45079,63,5,2,2,0,791,0,0
37007,42,7,1,1,0,-141,1,1
15156,34,4,2,1,0,1360,1,0
5935,40,1,1,0,0,104,1,0
44382,37,4,2,2,0,62,1,0
2057,25,4,1,2,0,784,1,1
6332,47,9,1,2,0,-512,1,1
43470,36,4,2,3,0,62,0,0
29809,30,0,2,2,0,305,0,0
5437,34,4,1,2,0,498,1,0
28342,39,1,1,1,0,648,1,0
15981,37,2,1,2,0,2089,1,0
39189,33,1,0,1,0,865,1,0
20042,46,4,1,2,0,4,0,0
31573,54,4,1,1,0,1150,0,0
27051,33,0,1,1,0,0,1,0
39544,56,2,1,1,0,339,1,0
34314,31,4,2,2,0,775,1,0
34889,30,9,2,1,0,516,1,0
40015,46,3,1,2,0,184,0,0
24697,40,9,1,1,0,1269,1,0
30317,35,4,1,2,0,1557,1,1
43663,46,4,1,2,0,273,1,0
12939,25,1,1,0,0,0,0,0
1598,58,4,1,1,0,771,0,0
15398,34,1,1,2,0,631,1,0
36578,32,1,1,1,0,-32,1,0
20070,47,1,1,0,0,233,0,0
4131,31,9,2,1,0,87,1,0
12395,51,7,1,1,0,144,0,1
1600,60,1,1,0,0,136,1,0
19863,60,1,1,1,0,1433,0,0
6353,36,0,0,1,0,-37,1,0
37163,52,1,1,1,0,7180,1,0
22425,35,9,1,1,0,19,0,0
38073,43,1,1,1,0,7973,1,0
32141,33,0,1,1,0,855,0,0
8896,50,10,1,1,0,306,1,0
5181,30,1,2,1,0,906,1,1
39744,51,4,1,2,0,994,0,0
454,34,1,1,1,0,270,1,1
1176,37,1,1,0,0,190,1,1
11575,55,9,1,0,0,202,0,1
32224,28,4,1,2,0,577,1,0
7626,45,1,1,1,0,1964,1,0
5753,31,4,1,1,0,89,1,0
18981,56,5,0,1,0,-166,0,1
25595,30,4,2,2,0,234,1,0
43185,26,7,2,1,0,162,1,0
11423,59,5,1,0,0,143,1,0
4464,33,7,1,1,0,5499,1,0
2389,33,1,2,3,0,-90,1,0
35548,39,7,2,1,0,1163,1,0
3438,36,10,1,1,1,-318,1,0
33828,52,0,0,2,0,0,1,1
41914,38,1,0,1,0,0,1,0
29967,28,4,2,2,0,6817,1,0
43427,27,9,2,2,0,-67,1,0
42923,52,4,1,3,0,339,0,0
211,53,5,1,1,0,330,1,0
12594,48,1,1,1,0,-19,0,1
19752,33,4,1,2,0,2126,0,0
1755,34,10,0,1,0,354,1,0
43497,57,5,1,1,0,3738,1,0
25203,51,4,1,2,0,-516,1,0
11462,41,0,0,1,0,256,0,0
44247,49,4,0,2,0,300,0,0
8120,60,5,0,2,0,-79,1,0
36837,36,1,1,1,0,4986,1,0
22182,52,9,0,1,0,225,0,0
22222,39,4,1,2,0,1981,0,0
41630,79,5,1,1,0,909,0,0
24090,39,2,1,0,0,437,1,0
44508,29,0,2,1,0,464,0,0
34235,33,9,1,1,0,2044,1,0
13100,28,0,2,1,0,144,0,1
365,46,9,1,2,0,841,1,0
15814,42,9,1,1,1,55,1,0
4701,35,4,2,1,1,-202,1,0
8563,26,9,1,2,0,-488,1,0
31816,71,3,1,0,0,227,0,0
18328,37,9,1,2,0,7,1,1
259,40,1,1,1,0,475,1,0
41489,33,6,1,1,0,409,0,0
1468,33,1,1,1,0,527,1,1
31557,24,7,2,1,0,496,1,0
5315,39,9,2,2,0,21,1,0
9445,40,0,1,1,0,334,1,0
44971,48,0,1,1,0,0,0,1
34996,26,1,2,1,0,191,1,0
2401,27,1,2,1,0,71,1,0
11191,38,1,0,1,0,889,0,1
6083,51,1,1,0,0,51,0,0
20747,49,3,1,0,0,640,0,0
37516,31,7,2,1,0,1510,1,0
22145,44,9,0,1,0,65,0,0
36960,43,4,2,2,0,359,1,0
36527,43,9,1,2,0,591,1,0
24226,55,5,1,1,0,103,1,1
29273,42,10,2,1,0,1523,1,0
30401,40,6,2,2,0,265,0,0
19059,43,4,2,2,0,2048,1,0
13268,40,4,1,2,0,2840,1,0
2580,25,7,2,1,0,54,1,0
24999,30,0,0,1,0,83,1,1
1348,34,7,1,1,0,142,1,0
44752,75,5,0,0,0,1926,0,0
34961,33,4,2,1,0,802,1,0
25033,36,9,1,1,0,24,1,0
28162,48,7,2,1,0,133,1,1
17983,38,7,1,1,0,105,0,0
7627,38,4,1,2,0,12855,1,0
9180,48,7,2,1,0,220,0,0
38891,34,6,2,1,0,55,1,0
20589,35,4,1,2,0,1511,1,0
40720,26,4,2,2,0,0,0,0
38522,31,4,2,2,0,2734,1,0
13643,33,1,0,0,0,636,1,0
31969,31,4,1,2,0,357,1,0
17782,30,4,2,2,0,92,0,1
36364,42,1,1,1,1,-204,1,0
15065,34,0,1,1,0,255,0,1
33433,32,0,2,1,0,299,1,0
35590,26,8,2,1,0,279,0,0
3216,54,9,1,2,0,2883,1,1
12539,48,1,1,0,0,474,1,1
29915,33,7,1,2,0,597,0,0
34200,56,4,1,2,0,2333,0,0
5262,31,1,1,1,0,873,1,0
39600,59,4,1,2,0,1831,0,0
18299,42,0,1,1,0,3842,0,0
18712,54,6,1,2,0,368,0,0
31928,31,0,2,1,0,3323,1,0
5310,33,9,2,1,0,177,1,0
5073,35,9,1,1,0,432,1,0
17584,44,9,1,1,0,2575,1,1
2503,51,0,2,1,0,3132,0,0
13921,32,1,1,1,0,0,0,0
44765,24,0,2,1,0,166,0,0
16981,47,7,0,1,0,-116,0,1
43245,33,4,2,2,0,224,0,0
14848,36,1,1,1,0,324,1,1
22956,43,9,0,1,0,1326,0,0
21299,35,4,2,2,0,1635,0,0
8599,28,4,1,2,0,3844,1,0
12587,44,1,1,1,0,978,0,0
41307,36,1,2,1,0,40,1,0
30499,37,1,1,0,0,95,1,0
36808,46,1,1,0,0,0,1,0
1139,56,4,1,0,0,93,1,0
17117,30,9,1,1,0,2371,1,1
38304,29,4,2,2,0,499,1,0
14560,45,0,1,1,0,0,0,1
42125,44,0,1,1,0,205,0,0
14695,41,1,1,0,0,8,1,0
16514,42,9,2,1,0,2646,1,0
26519,33,0,1,1,0,2711,0,0
20735,51,0,1,1,0,79,0,0
42256,43,7,2,1,0,3403,1,0
42392,26,1,2,2,0,644,0,0
25478,30,4,1,2,0,314,0,0
22289,34,9,1,1,0,22,0,0
18171,27,4,2,2,0,1,1,0
35651,29,0,0,1,0,883,0,1
4226,43,9,2,2,0,1017,1,0
36103,37,1,0,0,0,511,1,0
15427,46,0,2,1,0,19,1,1
41158,58,5,1,2,0,0,0,0
42848,72,5,1,0,0,2600,0,0
5632,53,0,1,1,0,7598,1,0
7405,49,1,1,1,0,0,1,0
5950,35,1,1,0,0,442,1,0
35975,38,1,1,0,0,0,1,0
15251,38,7,1,0,1,1,1,0
33687,34,9,1,1,0,4248,1,0
29578,36,1,0,0,0,102,0,0
25649,52,7,2,1,0,1810,0,0
3986,52,1,1,0,0,1007,1,0
20173,55,9,1,1,0,756,0,0
38163,42,7,1,1,0,466,1,0
21833,48,9,0,2,0,375,0,0
41529,28,0,2,1,0,261,1,1
13880,39,4,1,2,0,-4,0,0
31903,35,0,1,1,0,898,1,0
17326,50,3,1,1,0,1954,0,1
27684,38,7,0,1,0,8554,1,0
7562,53,4,1,2,0,146,0,0
16490,25,7,1,1,0,72,1,0
42165,31,9,1,1,0,2440,0,0
44498,32,9,1,1,0,473,0,1
36963,44,1,1,1,0,199,1,0
30931,48,9,1,2,0,150,1,0
42048,60,1,1,0,0,5,0,0
6111,38,9,1,1,0,508,1,0
40682,34,0,1,2,0,35,1,0
4814,38,4,2,2,0,1746,1,0
7899,29,7,2,1,0,193,1,0
37318,32,4,2,2,0,593,1,0
36133,44,4,1,2,0,-8,1,0
44283,38,10,1,1,0,995,0,0
28091,28,4,2,2,0,78,0,0
1910,44,1,1,0,0,271,1,1
11287,31,1,1,1,0,671,1,0
28097,31,7,2,3,1,-10,0,0
40035,25,4,2,2,0,362,0,0
16189,30,0,2,1,0,1700,1,0
26923,30,0,2,1,0,910,0,0
38850,33,4,2,2,0,2667,1,0
14561,26,1,1,1,0,155,0,1
36220,29,4,1,2,0,340,1,0
17268,34,4,2,1,0,516,1,0
31526,47,1,1,1,0,1612,1,0
29267,48,1,2,0,0,8990,0,0
27190,40,1,1,1,0,-605,1,1
33361,44,9,0,1,0,-865,1,0
26600,31,6,2,2,0,8460,0,0
22085,36,4,1,2,0,35,0,0
3447,54,1,1,0,0,24,1,0
36466,32,4,2,2,0,473,1,0
9418,51,3,1,0,0,1521,0,0
21189,48,1,1,0,0,-83,0,0
11465,35,4,2,2,0,2808,1,0
29776,58,10,1,0,0,4967,0,0
10865,56,1,1,0,0,0,0,0
35306,59,0,2,1,0,2166,1,1
27746,58,5,1,2,0,-607,0,1
26322,34,9,1,2,0,8077,1,0
32487,37,1,1,1,0,346,1,0
40858,26,4,2,2,0,141,0,0
2465,42,4,1,2,0,1823,1,0
13700,34,1,1,0,0,-319,1,1
17730,43,1,1,0,0,3664,0,0
19905,45,4,0,2,0,2406,0,0
29986,31,4,1,2,0,2937,1,0
18502,42,0,2,1,0,4343,0,0
27780,33,1,1,1,1,-354,1,1
5028,27,4,2,1,0,967,1,0
9887,47,0,1,1,0,533,0,1
41815,48,3,2,0,0,1630,0,0
28632,39,1,1,1,0,472,1,0
40534,55,7,1,1,0,0,0,0
6625,57,7,0,1,0,-752,1,0
31993,43,1,0,0,0,515,1,0
37890,34,1,1,0,0,109,1,0
28859,37,1,0,1,0,-175,1,0
26903,53,4,2,1,0,5558,1,0
2549,51,0,0,1,0,2195,1,0
35733,36,1,1,1,0,74,1,0
37999,35,0,2,1,0,-133,1,0
7824,38,4,2,2,0,126,1,0
38154,34,1,0,1,0,176,1,0
34771,24,1,2,1,0,1857,1,0
37350,36,7,1,2,0,702,1,0
7877,37,0,2,3,0,179,0,0
4577,41,7,0,1,0,83,0,0
30885,41,2,1,2,0,367,0,1
9369,40,4,2,2,0,383,1,0
27075,34,4,2,2,0,966,1,0
38032,31,4,1,2,0,1750,1,0
2247,44,1,1,1,0,78,1,0
24796,33,1,1,1,0,24,1,0
40283,46,3,2,2,0,3232,0,0
13031,26,2,1,1,0,-306,0,1
642,37,1,2,1,0,240,1,0
4314,55,1,1,1,0,212,1,0
33252,33,9,2,1,0,4240,1,0
33381,32,0,1,1,0,3052,1,1
39780,26,4,2,1,0,2613,0,0
31019,38,4,0,2,0,0,0,0
41729,55,10,1,1,0,377,0,0
38072,31,7,1,1,0,4687,1,0
39676,51,3,1,3,0,2337,1,0
22010,49,0,1,1,0,2465,0,0
22503,36,4,0,2,0,0,0,0
11794,47,7,0,1,0,287,0,0
8618,34,1,2,0,0,246,0,0
21838,52,9,1,1,0,-33,0,0
38094,26,0,2,1,0,787,1,0
17343,34,3,1,2,0,0,0,0
43944,75,5,1,0,0,962,0,0
26305,51,9,1,1,0,500,1,0
2868,46,0,1,1,0,3028,1,1
27055,32,8,2,1,0,0,0,0
28084,30,4,1,2,0,1235,0,0
15389,32,6,1,0,0,102,1,0
42334,59,6,1,2,0,2013,0,0
24545,46,7,0,1,0,0,0,0
30972,51,4,1,2,0,285,0,0
879,38,0,1,1,0,8,1,0
17832,60,4,1,2,0,6657,1,0
43039,37,9,2,2,0,197,0,0
20428,33,4,1,2,0,855,1,1
22537,32,4,2,2,0,0,0,0
27082,32,4,2,2,0,3050,1,0
1601,45,0,1,1,0,310,1,0
30798,28,10,2,0,0,236,0,0
32128,36,9,1,2,0,543,1,0
29339,36,0,1,1,0,304,1,0
37118,44,2,1,2,0,1,1,0
14257,60,5,1,1,0,2674,0,0
3604,31,10,2,0,0,0,1,0
37116,31,7,2,1,0,6737,1,0
3938,48,7,1,3,0,1155,1,0
34181,26,6,1,2,0,219,0,0
10670,37,0,2,2,0,12581,0,0
13459,34,1,2,1,0,0,1,0
12263,40,4,1,2,1,-1036,1,1
6952,29,1,2,1,0,0,1,0
16278,46,1,1,1,0,1287,0,0
39895,49,9,1,2,0,523,1,0
2027,33,9,1,1,0,0,1,1
5284,32,7,2,1,0,2459,1,1
25236,39,1,1,1,0,0,1,0
22439,30,4,2,2,0,370,0,0
36692,51,1,1,1,0,518,1,0
33513,48,9,1,1,0,2111,0,0
27910,50,3,2,1,0,799,0,0
6821,23,9,2,2,0,1129,1,0
40147,24,4,2,2,0,1004,1,0
26632,39,7,0,1,0,1957,1,1
30840,35,10,2,0,1,-84,0,0
35280,33,7,2,1,0,358,1,0
1260,60,5,1,0,0,-2,1,0
30453,42,9,2,1,0,555,1,0
5875,26,4,2,2,0,205,0,0
4835,32,9,1,1,0,791,1,0
24295,35,9,0,2,0,1718,1,1
5013,34,7,2,1,0,581,1,0
15889,43,9,1,1,0,307,0,0
30235,30,1,2,1,0,144,1,0
26222,59,5,1,1,0,667,0,0
26266,45,9,1,1,0,6993,1,0
8327,23,1,2,1,0,27,1,0
11680,51,0,1,1,0,37,0,1
24101,31,0,1,1,0,352,0,0
42221,53,4,1,2,0,1624,0,0
33272,46,1,2,1,0,338,1,0
7975,50,4,1,2,0,332,1,0
19604,36,4,1,2,0,812,0,0
34175,29,1,2,1,0,734,1,1
43402,53,0,1,1,0,459,0,0
967,29,7,2,1,0,703,1,0
14363,44,1,1,0,0,3113,0,0
31441,47,4,1,2,0,3663,0,0
29490,59,9,0,1,0,2735,0,0
27347,45,1,0,0,0,942,0,0
16152,33,9,2,1,0,920,1,0
43400,47,0,1,1,0,70,1,0
2520,57,4,1,1,0,1026,1,0
32861,32,1,1,0,0,2114,1,0
12769,54,4,0,2,0,92,0,1
10974,38,4,1,2,0,12877,0,0
21181,34,9,1,1,0,883,0,0
732,37,1,1,1,0,183,1,0
32825,35,7,1,1,0,372,1,0
28273,45,1,1,1,0,4022,1,0
22123,30,9,1,1,0,9,0,0
38357,24,6,2,2,0,91,1,0
21775,34,0,1,1,0,445,0,0
38029,59,3,0,0,0,502,1,0
6793,38,1,1,1,0,-579,1,1
16024,26,1,1,0,0,399,1,0
11215,58,3,0,0,0,0,0,0
32985,31,9,1,1,0,310,1,0
15489,30,7,1,3,0,-51,1,1
16323,46,2,0,2,0,91,0,1
2082,51,1,1,0,1,-283,1,0
18601,31,9,1,2,0,237,1,0
44453,29,3,2,2,0,2196,0,0
33733,45,9,1,2,0,5110,0,0
11099,40,6,1,1,0,256,0,0
9638,49,7,1,1,0,-33,1,0
34612,33,1,1,0,0,415,1,0
369,23,8,2,1,0,157,1,0
25559,45,3,1,1,0,16358,0,0
43310,53,0,1,1,0,1796,0,0
19999,39,4,1,2,0,-468,1,1
42564,43,4,1,2,0,3518,0,0
16936,28,4,2,2,0,1466,1,0
39057,38,0,2,1,0,144,1,0
41603,46,4,1,2,0,2817,0,0
31539,40,7,1,1,0,879,1,1
12181,40,8,1,1,0,260,0,0
40263,26,8,2,2,0,0,0,0
40890,37,0,2,2,0,3954,1,0
32832,52,0,0,1,0,340,1,0
24929,37,1,1,1,0,1205,1,0
41376,74,5,1,0,0,2894,0,0
32831,30,1,2,1,0,1224,1,0
16279,28,0,2,2,0,1773,1,0
28173,46,1,1,1,0,521,1,0
4575,33,9,1,1,0,105,1,1
43260,28,4,2,2,0,187,0,0
32513,42,7,1,1,0,120,1,0
41212,60,3,0,1,0,2063,0,0
18982,36,9,1,1,0,594,0,1
29963,60,5,0,0,0,2516,0,0
20700,34,4,1,2,0,1293,1,0
27507,30,6,1,2,0,1050,0,0
30330,57,10,1,1,0,7357,0,0
4576,32,4,2,2,0,1271,1,0
2724,57,1,1,0,0,1352,1,0
1999,28,0,1,1,0,2,1,0
10239,57,0,1,1,0,5888,0,1
18227,39,1,1,1,0,8,0,0
29059,41,0,1,2,0,108,1,0
39118,39,7,2,0,0,471,1,0
33393,28,9,2,2,0,387,1,0
34202,34,9,2,2,0,992,1,0
26889,35,4,1,2,0,656,1,1
28561,50,1,1,0,0,2142,1,0
25546,35,1,0,2,0,3547,1,0
11331,39,3,2,0,0,1340,0,0
39230,35,0,2,1,0,181,1,0
26122,44,4,1,2,0,-367,1,1
43852,28,4,2,2,0,223,1,0
8203,53,5,1,1,0,-686,0,1
44245,54,1,1,1,0,1636,0,0
27764,27,9,2,2,0,3064,0,1
33979,55,4,0,2,0,5399,0,1
34028,26,10,2,2,0,3511,0,0
17605,42,6,1,1,0,2130,1,1
6185,33,1,1,0,0,1217,1,0
41455,63,5,1,2,0,1795,0,0
8976,50,10,1,0,0,705,0,0
8534,47,4,0,2,0,17964,1,0
22410,43,9,1,1,0,221,0,0
40201,38,4,1,2,0,1354,1,0
41013,34,4,2,2,0,2279,0,0
42939,47,0,1,2,0,97,1,0
32195,39,4,1,2,0,937,0,0
34746,60,1,1,0,0,6271,1,0
5674,49,1,1,0,0,383,1,1
1330,31,9,2,2,0,491,1,0
41976,52,0,1,1,0,722,0,0
22789,31,4,2,2,0,0,0,0
16674,31,1,2,1,0,-806,1,1
26234,35,6,2,2,0,935,1,0
40273,31,2,2,2,0,206,0,0
8347,35,4,1,2,0,2529,1,0
4476,32,1,1,1,0,328,1,0
30947,30,9,2,1,0,237,0,0
11472,38,5,2,3,0,62,0,0
46,58,6,1,2,0,-364,1,0
21811,31,4,1,2,0,11,1,1
11687,36,6,2,1,0,1173,1,1
42699,47,1,1,1,0,820,0,0
38121,27,0,2,1,0,-145,1,0
31108,71,5,1,1,0,2850,0,0
14144,50,4,1,2,0,383,0,1
23757,32,9,1,1,0,-213,1,0
17140,26,7,0,0,1,2,1,1
42959,27,4,2,2,0,390,0,0
27004,41,2,0,2,0,285,0,1
4054,60,4,0,2,0,2589,1,0
16623,45,4,1,2,0,0,0,0
30707,27,1,2,0,0,540,0,0
28616,41,4,2,2,0,869,0,0
43958,20,8,2,1,0,153,0,0
10326,50,10,1,1,0,5164,0,0
18460,33,0,2,1,0,2554,1,0
25046,49,6,1,2,0,8142,0,0
25423,35,7,1,1,0,66,1,0
3814,27,1,2,0,0,0,1,0
1152,35,4,0,2,0,788,1,0
19362,46,4,1,2,0,51,0,0
1309,32,4,2,2,0,751,1,0
30830,49,1,1,0,0,474,1,1
31373,55,0,1,1,0,9329,0,0
7126,39,9,0,1,0,394,1,0
11786,43,2,1,1,0,0,1,0
32802,71,5,1,0,0,2988,0,0
37815,58,1,0,0,0,2246,1,0
36636,48,1,1,0,0,556,1,0
39148,40,1,1,0,0,-35,1,0
17539,45,4,1,3,0,1525,0,0
10310,53,3,0,1,0,292,0,0
10660,35,0,1,1,0,4698,1,0
22057,49,4,1,1,0,601,0,0
38429,37,7,2,1,0,1175,1,0
8221,41,9,1,1,0,0,0,0
27583,33,0,2,2,0,12704,1,0
25870,38,9,2,1,0,884,1,1
29734,52,1,1,0,0,768,0,0
11459,54,1,1,0,0,211,0,0
9968,50,1,1,0,0,0,0,0
15014,34,4,1,1,0,29,0,1
43974,75,5,1,1,0,468,0,0
5039,32,1,1,1,0,0,1,1
20509,30,4,1,1,0,850,0,0
6399,29,9,2,1,0,156,1,0
36665,32,9,1,1,0,522,1,1
19838,42,6,1,2,0,0,0,0
41126,26,4,2,2,0,2506,0,0
29677,58,4,2,2,0,1387,1,0
32109,51,2,1,0,0,726,1,1
26976,35,4,1,2,0,0,0,0
7041,32,9,1,2,0,3538,1,0
36904,38,1,1,0,0,481,1,0
7539,52,4,1,1,0,428,1,0
9424,36,9,2,1,0,300,1,0
40344,58,5,1,0,0,2074,0,0
8792,24,0,1,1,0,262,1,0
6388,32,7,2,1,0,38,1,0
22508,34,4,1,1,0,857,1,0
21540,35,9,2,1,0,417,0,0
33032,32,0,2,1,0,620,0,0
14915,53,5,1,1,0,366,0,1
37268,45,1,1,1,0,192,1,0
27270,48,1,1,1,0,2697,1,1
35712,35,1,1,1,0,156,1,0
13353,47,4,1,2,0,1890,0,0
41840,57,4,1,2,0,1318,0,0
16708,34,1,1,0,0,176,0,0
33966,25,4,2,2,0,2305,0,0
31960,29,9,2,1,0,110,1,0
18338,39,7,1,1,0,124,1,0
36258,37,0,2,1,0,20,1,0
11413,49,1,0,1,0,848,1,0
6727,30,7,1,0,0,-286,1,0
35092,38,4,2,2,0,427,1,0
11932,46,4,1,2,0,974,1,0
21796,46,0,1,1,0,979,1,0
27578,53,9,1,1,0,1738,0,1
41401,44,0,1,1,0,764,1,0
19991,34,9,2,2,0,19,0,0
9939,39,4,2,2,0,3281,0,0
2083,28,0,2,1,0,-103,1,0
39450,32,0,1,1,0,31,0,0
8790,27,1,1,1,0,-132,1,0
25768,49,9,1,1,1,-74,1,0
36890,31,1,1,0,0,-199,1,1
5322,34,1,1,0,0,571,1,0
40695,30,9,1,1,0,776,0,0
36857,54,5,1,0,0,-58,0,0
16318,31,0,2,1,0,33,0,1
40171,28,6,2,2,0,3290,0,0
27124,31,4,2,2,0,796,0,1
11512,50,2,1,1,0,1857,0,1
43075,53,9,1,1,0,4807,0,0
24154,48,4,1,2,0,1,0,0
4189,38,4,2,2,0,889,0,0
12132,42,7,1,1,0,548,0,0
14190,34,1,1,1,0,157,1,0
4490,31,0,2,1,0,121,1,0
16093,27,1,1,0,0,237,1,0
21382,52,4,1,2,0,1134,1,0
17586,36,4,2,2,0,442,1,1
13391,37,0,2,1,0,1003,0,0
34288,19,8,2,0,0,0,0,0
3351,59,7,1,1,0,7475,0,0
43915,71,5,0,0,0,275,0,0
16991,40,4,0,2,0,205,0,0
765,51,1,0,1,0,421,1,0
11454,52,4,1,2,0,3737,1,0
3588,40,4,1,0,0,1231,1,1
29113,28,9,2,2,0,-481,1,1
25591,30,1,1,1,0,8,1,0
11755,42,6,1,0,0,3717,0,0
10372,55,2,1,0,0,214,0,0
36827,49,4,0,1,0,1598,1,0
4580,53,3,1,1,0,736,1,0
19125,46,0,1,1,0,664,0,0
27070,34,4,1,2,0,1483,1,0
23905,34,9,0,1,0,7,1,1
45018,38,4,1,2,0,276,0,0
40510,21,8,2,2,0,1258,0,0
10109,52,5,1,3,0,293,0,0
43979,27,4,2,2,0,6791,0,0
14024,59,4,1,2,0,0,1,0
20517,42,10,0,1,0,759,0,0
24568,59,6,1,2,0,34247,1,0
36483,36,1,1,1,0,-185,1,0
38777,54,4,0,2,0,0,1,0
37989,31,6,1,1,0,581,1,0
7986,48,0,0,1,0,771,1,0
1016,37,1,0,0,0,139,1,0
30581,29,1,1,1,0,247,0,1
31182,30,4,2,2,0,617,0,0
19186,34,9,1,2,0,218,0,0
35339,54,4,1,2,0,8509,1,0
38067,49,1,1,0,0,584,1,0
7374,41,2,1,2,0,1065,1,1
8723,46,9,1,1,0,0,1,0
9339,56,7,1,0,0,444,1,0
16790,54,2,1,2,0,1544,0,1
18324,37,9,1,1,0,703,0,0
19358,41,4,0,1,0,0,0,0
40357,59,6,1,2,0,185,0,0
27998,33,9,2,2,0,0,0,0
32724,34,1,1,0,0,277,1,0
2483,60,1,1,0,0,1262,1,1
31072,67,5,1,2,0,1341,0,0
3910,29,9,1,1,0,782,1,0
26839,53,4,0,2,0,2679,0,0
13348,32,7,1,1,0,61,1,0
2434,57,9,1,1,0,0,0,0
31312,41,9,1,1,0,0,0,0
35715,48,1,1,1,0,1794,1,1
17609,30,4,2,2,0,1161,1,0
9632,36,0,1,1,0,231,1,1
25075,44,4,1,2,0,3603,1,0
11069,48,4,1,2,0,734,1,0
40549,21,9,2,2,0,61,0,1
14904,33,3,2,0,0,39,1,0
11048,25,9,2,1,0,1116,0,1
40213,31,9,2,1,0,816,0,0
34076,32,4,2,2,0,566,0,0
16187,25,0,1,3,0,349,1,0
17660,55,6,0,1,0,0,0,0
9907,40,10,1,0,0,400,0,0
28704,29,7,2,1,0,192,0,0
29614,24,0,2,1,0,172,0,0
27650,47,3,1,2,0,333,0,0
6297,53,6,1,0,0,6,1,0
563,47,9,1,1,0,83,1,0
9765,38,7,1,1,0,1005,1,1
43005,60,5,1,1,0,523,0,0
27508,46,9,1,1,0,2045,1,0
13683,50,7,1,1,0,1683,0,0
2740,42,0,2,1,0,243,1,0
18680,49,1,1,1,0,969,0,1
21828,46,4,0,2,0,0,0,0
38952,30,7,2,1,0,438,1,0
28734,32,7,2,1,0,717,0,0
1227,33,0,0,1,0,1128,1,0
30071,30,4,2,2,0,6825,0,0
41044,29,10,2,1,0,486,0,0
34784,44,2,1,0,0,650,1,0
33051,32,9,1,1,0,94,1,0
23072,42,4,0,2,0,1243,0,0
41680,30,0,2,2,0,613,0,0
7856,46,2,1,1,0,1375,1,0
12655,26,1,2,1,0,177,0,1
155,41,7,1,1,0,0,1,0
40765,52,3,1,0,0,618,1,1
35,57,9,0,1,0,63,1,0
7170,26,0,2,2,0,3672,1,0
30781,30,4,2,2,0,0,0,0
1277,52,9,1,1,0,291,0,0
36409,37,9,0,1,0,284,1,0
18156,55,10,1,1,0,2489,0,0
29683,57,9,1,1,0,192,0,0
25868,40,1,1,1,0,4853,0,0
37540,28,1,2,1,0,5,1,0
28640,31,7,2,1,0,442,1,0
42998,35,4,1,2,0,0,1,0
17460,55,4,1,2,0,655,0,0
13483,36,0,2,1,0,47,0,1
11495,39,3,1,2,0,4,1,1
18847,51,4,1,2,0,1700,0,0
22037,45,0,1,1,0,236,0,0
44252,24,0,2,1,0,1295,0,0
19099,50,0,1,1,0,4855,0,0
2522,49,2,1,0,0,199,0,0
20852,59,1,1,1,0,10054,0,0
17462,60,6,1,1,0,3105,0,0
2232,36,1,1,1,0,134,0,0
435,55,0,1,1,0,183,1,0
35657,33,9,2,1,0,3806,1,0
4030,57,5,1,0,0,70,1,1
33304,36,0,2,1,0,0,0,0
4253,49,1,1,1,0,402,1,0
28154,26,9,2,1,0,152,0,1
41749,47,3,1,1,0,2524,0,0
24589,37,7,1,1,1,-954,1,0
21193,37,9,1,1,0,448,0,0
39453,49,9,1,2,0,1843,1,0
13512,48,9,1,0,0,788,0,0
43029,35,9,2,2,0,992,1,0
31332,64,5,1,3,0,2923,0,0
23621,31,9,2,1,0,0,0,0
24470,31,0,1,1,0,1246,1,0
22041,56,1,1,1,0,385,0,0
1027,58,4,1,2,0,211,0,0
38071,49,2,1,0,0,137,1,0
25277,57,6,1,1,0,380,0,0
25357,32,4,1,1,0,6217,1,1
30462,30,7,1,1,0,1743,1,0
13748,44,4,0,2,0,-710,1,0
16944,36,4,2,2,0,142,1,0
644,43,10,1,1,0,0,1,0
36392,48,7,1,0,0,222,1,0
24487,38,4,1,1,0,3840,1,1
32648,33,1,2,1,0,3975,1,1
38374,32,7,1,1,0,180,1,0
5116,33,9,1,1,0,946,1,0
34989,38,4,1,2,0,4293,1,0
27020,40,2,1,2,0,2644,1,0
7499,44,7,0,1,0,496,1,1
15899,47,1,1,0,0,236,0,1
26931,54,6,2,2,0,760,0,0
32390,24,0,2,1,0,60,1,0
38003,34,1,1,0,0,79,1,0
11142,28,1,2,1,0,975,1,0
6244,46,9,0,1,0,119,1,0
37678,40,9,1,2,0,253,1,0
5132,30,1,1,3,0,198,1,0
37274,39,1,1,0,0,1004,1,0
22805,60,4,1,2,1,-311,0,0
31348,36,2,0,2,0,3407,0,0
42913,37,0,1,1,0,96,0,0
10576,37,1,1,0,0,-107,1,0
26852,33,4,1,2,0,1782,1,0
19625,32,4,1,2,0,1966,0,0
8274,42,9,1,1,0,-887,0,0
6771,31,1,2,1,0,1686,1,0
12098,54,4,0,3,0,901,0,0
10443,35,4,2,2,0,3140,0,0
6872,42,4,1,2,0,479,1,0
9110,42,3,1,0,0,0,0,1
33295,26,1,2,0,0,52,1,0
28926,53,7,1,1,0,660,0,0
6868,29,4,2,1,0,293,1,0
10289,39,7,1,1,0,257,1,0
29291,30,6,2,2,0,432,1,0
18577,36,4,1,2,0,2547,0,0
4088,43,7,1,1,0,384,1,1
43321,31,8,2,3,0,7826,0,0
36093,29,1,1,1,0,228,1,0
27870,31,9,1,1,0,0,1,1
39472,33,0,0,2,0,777,0,1
17577,51,4,0,2,0,492,0,1
13494,59,5,1,3,1,-114,0,1
36036,60,0,1,1,0,-396,1,0
22118,33,9,2,1,0,422,0,0
28016,30,7,2,1,0,117,0,0
27633,52,7,1,0,0,2618,1,0
26176,32,9,1,1,0,344,1,0
18885,55,4,1,2,0,236,0,0
44359,34,10,1,2,0,822,0,0
3608,36,9,1,1,0,146,1,1
36682,25,9,1,2,0,914,1,0
23544,50,1,1,1,0,326,0,0
920,44,0,1,1,0,58544,1,0
39140,29,9,2,1,0,577,1,0
27778,53,9,0,1,0,392,1,0
34138,59,3,1,0,0,182,0,0
4522,36,9,1,1,0,3763,1,0
37619,31,0,2,1,0,1270,1,0
5913,43,1,1,0,0,-476,1,0
15784,57,4,1,0,0,687,1,1
28635,31,1,1,1,0,99,1,0
23383,50,1,1,1,0,0,0,0
43123,48,3,1,2,0,5473,0,0
35487,43,4,1,2,0,0,1,0
18580,55,7,0,1,0,-555,1,0
16519,28,6,2,1,0,3761,0,1
17263,25,7,2,1,0,5533,1,0
17010,55,1,1,0,0,2490,0,0
13028,28,0,1,1,0,54,0,1
43179,49,0,2,2,0,228,1,0
3109,50,2,1,2,0,-52,1,0
43900,27,0,2,1,0,240,1,1
42964,23,8,2,1,0,480,0,0
21506,56,1,1,1,0,0,0,0
37804,37,7,0,1,0,75,1,0
3431,28,1,2,0,0,-457,1,0
45124,27,1,2,0,0,232,1,0
3994,51,9,1,2,0,0,1,0
40703,59,5,1,3,0,1116,0,0
37354,32,1,2,0,0,180,1,0
17214,52,4,1,2,0,2428,1,0
6995,54,4,0,2,0,192,1,0
23970,38,9,1,1,0,185,0,1
19858,52,9,1,1,0,172,1,1
7285,28,9,2,1,0,1,1,0
39489,31,0,2,2,0,117,1,0
38836,34,1,2,0,0,464,1,0
13235,55,10,1,1,0,-246,0,1
32314,36,0,2,1,0,1414,1,0
29064,43,4,0,1,0,51,0,0
38658,57,0,1,1,0,407,1,1
30740,32,4,2,2,0,2770,0,0
22284,31,9,2,1,0,4,0,0
40507,31,7,1,1,0,132,0,0
35690,40,0,0,1,0,2679,1,1
22315,52,5,1,0,0,6,0,0
2875,54,1,1,0,0,1691,1,0
28939,46,9,1,1,0,363,1,0
23110,55,6,1,1,1,0,0,0
8703,28,1,1,1,0,1958,1,0
25353,56,5,1,1,0,728,0,0
34672,35,7,0,1,0,67,1,0
41757,45,1,1,1,0,6879,0,0
44941,34,4,2,2,0,549,0,0
25911,30,0,2,3,0,0,1,0
23249,58,5,1,0,0,-102,1,1
35836,57,4,1,2,0,830,1,1
15773,54,3,0,1,1,34,0,0
40973,67,9,1,1,0,0,0,0
24159,28,6,2,2,0,160,0,0
38775,28,9,2,1,0,1589,1,0
38438,27,1,2,3,0,-15,1,1
19390,32,4,2,2,0,6359,0,0
12679,30,7,1,1,0,137,0,0
34870,32,9,0,1,0,0,1,0
28617,39,4,2,2,0,4023,1,0
41667,54,4,2,2,0,2081,0,0
25970,31,4,1,2,0,5238,1,1
39315,36,1,1,1,0,-173,1,0
12316,34,10,1,1,0,0,0,1
1222,49,0,2,0,0,181,1,0
23494,33,9,1,1,0,264,0,0
16807,30,0,1,2,0,0,1,0
16085,50,3,1,1,0,0,1,0
28179,35,9,1,1,0,149,1,0
7658,35,4,2,2,0,644,1,0
1831,34,4,2,1,0,66,1,0
42750,20,8,2,3,0,829,0,0
26750,42,4,1,2,0,9009,0,0
10684,44,0,1,1,0,1696,0,0
31839,30,7,2,1,0,1268,1,0
9872,57,3,1,0,0,473,0,0
33819,53,0,0,2,0,122,0,0
39428,30,2,2,2,0,999,0,0
19258,39,3,1,2,0,94,0,0
12824,45,0,0,1,0,-176,0,1
25855,53,4,0,2,0,26306,1,0
18810,48,10,1,1,0,0,0,0
1091,33,4,2,2,0,76,1,0
19170,38,4,1,2,0,950,0,0
26590,31,0,1,1,0,9911,0,0
9820,55,4,1,1,0,8592,0,0
3581,43,4,1,2,0,2767,1,0
2288,31,7,1,1,0,520,1,0
43236,49,6,0,2,0,3293,0,0
36174,31,8,1,2,0,0,0,0
2757,30,1,2,1,1,447,0,0
19536,50,1,1,0,0,4108,1,0
39635,28,0,1,1,0,0,1,1
16481,44,4,1,1,0,8262,1,0
35509,31,9,2,3,0,460,1,0
26287,35,4,0,2,0,141,0,1
29517,27,8,2,2,0,32,0,0
16783,61,5,0,1,0,291,0,0
31342,48,9,1,1,0,1981,1,0
35722,41,1,1,0,0,1428,1,1
10592,36,10,2,1,0,490,1,1
25557,56,5,0,1,0,1886,1,0
32814,44,9,1,1,0,-372,1,0
43810,26,2,2,1,0,681,0,1
44670,27,8,2,2,0,5169,1,0
15364,44,4,1,1,0,3286,1,0
17821,37,0,1,1,0,0,0,0
33240,36,9,2,1,0,94,1,0
3510,30,4,2,2,0,78,1,0
40258,32,7,1,1,0,914,0,0
37838,31,1,1,1,0,536,1,0
13887,56,5,0,1,0,275,1,1
4983,31,9,1,2,0,1410,1,0
8062,32,4,2,2,0,3237,1,0
8856,50,9,1,1,0,1616,1,1
41836,43,7,1,0,0,2557,1,0
15281,31,1,1,1,0,64,1,0
37970,33,9,2,2,0,2412,1,0
41203,58,9,1,1,0,385,0,0
20397,52,9,1,1,0,989,0,0
3888,44,1,1,0,0,1485,1,0
13692,42,4,1,2,0,199,1,0
18650,37,6,1,2,0,208,1,0
44504,77,5,1,0,0,2223,0,0
11612,55,3,1,0,0,136,1,0
44246,27,0,2,1,0,125,0,0
17879,27,1,2,0,0,-71,0,1
31743,41,4,1,2,0,5,1,0
3222,48,7,0,1,0,0,1,1
5247,33,1,1,1,0,25,1,0
35333,37,1,1,0,0,223,1,0
18943,47,11,1,3,0,194,0,0
43777,52,0,2,1,0,726,1,0
22567,31,4,2,2,0,1308,0,0
12354,35,6,2,2,0,4294,0,0
15224,40,4,1,1,0,0,1,0
38070,37,7,1,1,0,20,1,0
22351,32,4,2,2,0,522,0,0
1970,34,0,2,1,0,391,1,0
27106,38,4,1,2,0,162,1,0
39564,47,11,1,3,0,8,0,0
23559,32,10,2,2,0,99,0,0
32262,37,9,0,2,0,1762,1,0
2316,48,1,1,0,0,762,1,0
23140,52,0,0,3,0,0,0,0
43428,37,0,1,1,0,0,1,0
38710,43,1,1,0,0,46,1,0
21230,60,3,1,3,0,5421,0,0
18678,41,4,1,2,0,-499,0,0
32465,44,4,1,2,0,38,1,0
43819,60,10,1,1,0,1047,0,0
38749,47,1,2,0,0,159,1,0
3117,57,9,2,1,0,5961,1,0
29391,29,4,2,2,0,2439,0,0
5483,45,0,1,1,0,149,1,0
25434,56,5,1,2,0,839,0,1
29906,45,2,1,1,0,242,0,1
43882,63,5,0,1,0,1490,0,0
31970,31,1,1,1,0,1716,1,0
9990,57,1,1,0,0,831,0,0
40229,30,4,1,2,0,27,1,0
43054,27,1,2,1,0,535,0,0
28522,56,2,0,0,0,29,0,0
26651,57,6,1,2,0,3012,0,0
20256,56,3,1,3,0,1780,0,0
41184,25,2,2,2,0,347,0,0
37491,36,1,1,0,0,38,1,1
28626,32,4,2,2,0,316,1,0
29101,31,10,2,1,0,284,1,0
22988,43,4,1,1,0,17555,0,0
9379,26,1,2,1,0,940,1,0
23616,48,4,1,2,0,0,0,0
5898,34,7,1,1,0,-196,1,1
7747,45,1,1,0,0,676,1,0
35481,26,7,2,1,0,5533,1,0
22782,42,6,1,2,0,1385,0,0
24043,28,1,2,1,0,9,1,0
25789,52,1,0,0,0,3990,0,0
6191,56,5,0,1,0,-663,1,0
39616,38,4,1,3,0,3576,0,0
14326,35,9,1,1,0,1140,1,0
32880,33,0,2,1,0,91,1,0
9706,37,6,1,1,0,215,1,0
25752,44,9,2,1,0,1195,1,0
39292,31,9,1,1,0,-119,1,0
24279,50,2,1,1,0,0,1,1
15475,33,4,1,1,0,171,0,0
23353,31,4,1,2,0,382,0,0
31810,39,9,2,1,0,1048,1,1
34594,36,1,1,1,0,108,1,0
26503,34,0,1,1,0,16489,1,0
13674,44,2,1,2,0,0,1,0
38861,30,0,2,1,0,1450,1,0
6933,35,4,2,3,0,137,0,0
25801,54,3,1,2,0,440,0,0
387,32,10,1,1,0,10,1,0
15620,33,9,1,1,0,3071,1,1
27175,32,7,1,2,0,0,0,0
35579,39,9,0,1,0,291,1,0
26126,49,9,1,1,0,0,1,0
21850,32,9,1,1,0,2802,0,0
14936,33,4,1,2,0,296,0,0
8391,37,9,0,1,0,1772,0,0
15301,51,9,1,1,0,428,0,1
42140,33,7,1,1,0,1697,0,0
91,30,9,1,1,0,152,1,1
14922,40,4,1,2,0,0,1,0
12975,60,4,1,2,1,-108,0,1
10618,38,4,1,2,0,-469,1,0
7511,46,2,1,0,0,171,1,0
9740,37,1,1,0,0,351,0,0
37689,35,7,2,1,0,35,1,0
40934,26,8,2,1,0,374,0,0
34310,28,1,2,0,0,551,0,0
28821,28,7,2,1,0,2992,1,0
4710,32,1,1,0,0,80,1,0
4628,34,4,1,2,0,967,1,0
28717,32,0,1,1,0,0,0,0
31417,45,4,1,3,0,2466,0,0
36708,27,4,2,2,0,498,1,0
30889,39,4,0,1,0,132,1,0
10397,36,4,1,0,0,5427,0,0
5653,31,7,2,1,0,31,1,1
24102,35,4,0,2,0,0,1,0
6060,37,4,2,2,0,337,1,0
17735,50,4,1,1,0,2910,0,0
10807,35,1,1,1,0,402,0,1
27009,38,7,1,1,0,1,0,1
42367,34,0,1,2,0,69,0,1
23004,40,9,0,1,0,0,0,0
3475,42,4,0,2,0,497,0,0
12335,30,7,2,1,0,1881,0,1
15930,43,0,1,1,0,-17,1,0
43468,45,1,2,0,0,116,0,0
37167,39,1,1,0,0,3419,1,0
42132,67,5,0,1,0,704,0,0
42166,60,9,1,2,0,6573,1,0
27892,48,4,0,2,0,5978,0,0
23619,36,9,1,1,0,-158,1,0
14679,31,1,1,1,0,0,0,1
9137,54,3,0,1,0,1327,0,0
4934,36,10,1,1,0,-872,1,1
23700,41,9,1,1,0,6171,0,0
12332,36,1,1,1,0,2103,0,1
43372,45,9,1,1,0,2981,1,1
19703,32,7,1,1,0,3360,1,1
9223,59,1,1,0,0,8562,0,0
5291,31,0,2,1,0,680,1,0
14060,50,7,0,1,0,0,1,0
37482,40,1,1,0,0,104,1,0
35626,35,4,1,2,0,247,1,0
40162,21,7,2,1,0,361,0,0
35352,35,1,1,1,0,682,1,0
32461,33,4,2,2,0,1423,1,0
40024,27,0,2,1,0,1,0,0
24962,40,9,1,1,0,5811,1,0
8661,34,1,1,1,0,90,1,0
38236,36,9,2,2,0,391,1,0
40670,40,4,1,2,0,0,0,0
9782,56,0,1,1,0,2146,0,1
25887,47,1,1,1,0,310,0,0
23747,45,1,1,0,0,1291,1,0
33909,47,1,1,1,0,1730,1,0
1666,33,9,1,1,0,0,0,0
43851,31,4,2,2,0,515,0,0
20978,48,9,1,2,0,648,0,0
20816,47,0,1,1,0,769,1,0
4269,31,7,2,1,0,1629,1,0
16764,46,2,1,0,0,8873,1,0
41683,54,4,1,2,0,8295,0,0
3455,45,7,1,1,0,4060,1,0
42137,45,3,1,1,0,360,0,0
42715,32,4,2,2,0,307,0,0
30248,49,4,1,2,0,271,1,0
7835,43,2,1,0,0,0,1,0
35537,50,4,1,2,0,1174,1,0
35310,39,9,1,1,0,-475,1,0
6039,31,10,2,1,0,-186,1,0
5376,28,1,2,1,0,38,1,0
36317,35,1,1,0,0,-367,1,0
44168,24,8,2,0,0,1235,0,0
29402,35,9,1,2,0,633,1,1
16266,41,4,1,2,0,-98,1,1
43007,57,5,1,0,0,9367,0,0
9365,35,4,2,1,0,0,0,0
38253,33,1,2,1,0,1211,1,0
22479,49,4,1,2,0,234,0,0
37611,49,1,1,1,0,-454,1,0
20498,36,10,0,1,0,871,0,0
13916,36,0,1,1,0,786,1,1
12404,36,9,1,1,0,283,1,1
12130,50,1,1,1,0,278,0,0
8883,27,1,1,1,0,373,1,0
44759,28,0,1,1,0,1595,0,0
27305,33,7,2,1,0,3269,0,1
23606,39,3,1,2,0,315,0,0
12023,40,0,2,1,0,142,0,1
10054,38,0,2,1,0,4023,0,0
25232,31,4,1,3,0,668,0,0
19001,59,0,1,1,0,2552,0,1
33323,41,9,1,2,0,585,1,0
25263,39,4,2,2,0,0,1,0
3956,42,0,1,3,0,642,1,1
24938,52,10,0,1,0,4,0,1
27809,26,10,2,1,0,461,0,0
41063,22,8,2,1,0,47,0,0
16221,30,0,2,1,0,98,1,0
2270,26,1,2,1,0,96,1,0
9973,39,3,0,1,0,7783,0,0
6493,34,7,2,1,0,544,1,0
29443,34,7,1,0,0,285,1,0
34120,30,8,2,1,0,25,0,0
38229,35,1,1,0,0,22,1,0
30982,41,10,1,1,0,5608,0,0
38747,34,1,2,2,0,-303,1,0
1480,43,9,1,1,0,1824,1,0
35909,37,4,2,2,0,4543,1,0
11268,60,4,1,2,0,11,0,0
32232,28,1,1,0,0,5542,1,0
10175,23,8,2,1,0,1284,1,0
11850,57,0,1,3,0,5,0,0
44860,33,4,1,2,0,289,0,0
40139,25,6,2,2,0,42,1,0
35930,39,4,0,0,0,516,1,0
30549,56,10,0,0,0,1770,0,0
19663,31,9,2,2,0,319,0,1
21252,56,1,1,0,0,2442,0,1
17034,27,9,2,1,0,1359,0,1
42237,54,3,2,1,0,1213,0,0
17112,33,6,1,2,0,980,0,0
14671,49,7,1,3,0,463,1,0
6064,33,4,1,2,0,133,1,0
40085,35,1,1,1,0,563,0,1
40945,61,4,1,1,0,1471,0,0
18405,41,1,1,1,0,4900,1,0
28278,33,4,1,2,0,603,1,0
35786,32,1,1,1,0,333,1,0
5631,31,1,1,3,0,92,1,0
23983,47,6,1,0,0,1056,0,0
26904,53,0,1,1,0,1203,0,0
36327,42,1,1,1,0,352,1,0
17770,49,0,1,1,0,2,0,0
37080,47,1,1,0,0,4227,1,0
44832,28,0,1,1,0,242,1,0
23589,55,0,1,1,0,0,0,0
22563,36,4,2,2,0,156,0,0
33502,39,4,2,2,0,2357,1,0
42088,46,3,1,0,0,3512,0,0
23502,37,4,1,1,0,58,0,0
4346,38,0,1,1,0,1344,1,1
4619,31,1,2,0,0,5058,1,0
24378,50,10,2,1,0,2668,0,0
20148,56,1,1,1,0,2750,0,0
24889,51,4,1,0,0,108,0,0
10892,40,2,1,1,0,780,1,0
3032,37,0,1,1,0,766,1,0
7580,32,7,2,1,0,1659,1,0
432,39,1,1,1,0,0,1,0
22098,36,11,1,0,0,0,0,0
42061,80,5,1,0,0,997,0,0
10263,59,5,2,1,0,2432,0,0
22635,35,9,2,1,0,24,0,0
5592,31,1,1,1,0,489,1,0
27233,47,9,1,1,0,834,0,1
14860,57,9,1,0,0,0,0,0
26811,32,4,1,2,0,6059,1,0
24913,43,0,1,1,0,1375,1,0
21672,45,1,1,0,0,0,0,0
43314,70,5,1,0,0,3782,0,0
22313,33,9,0,1,1,6,0,0
37449,51,9,1,1,0,-491,1,1
24927,30,9,2,1,1,-305,0,1
18953,47,1,1,1,0,1449,0,0
36493,35,4,1,2,0,739,1,0
20516,30,9,2,1,0,281,0,0
2267,32,4,2,2,0,1345,1,0
23007,35,9,2,1,0,0,0,0
14672,44,2,1,1,0,4389,1,0
43890,36,7,1,1,0,4721,0,0
21224,47,4,1,2,0,682,0,0
42617,67,5,1,0,0,585,0,0
6837,33,1,1,1,0,-112,1,0
29642,39,4,0,2,0,30,0,1
29040,60,9,1,1,0,358,0,0
35604,27,1,2,1,0,185,1,0
1869,31,7,1,1,0,1129,1,0
43177,29,0,2,2,0,8,0,1
20789,32,9,2,1,0,136,1,0
33900,34,8,1,3,0,1387,0,0
19084,49,4,1,2,0,2139,0,0
44029,35,10,1,1,0,978,0,0
36051,49,7,0,1,0,579,1,0
11266,53,9,1,1,0,1776,0,0
9199,59,4,1,0,0,3694,1,0
2114,54,0,1,3,0,-337,1,0
16982,37,3,1,1,0,589,1,0
19792,32,4,1,2,0,1388,0,0
30046,33,8,2,1,0,706,1,0
24013,39,9,0,1,0,0,0,0
19676,42,3,1,0,0,83,0,1
40939,32,6,0,2,0,3271,0,0
26128,45,9,2,1,0,792,0,0
29137,39,9,1,2,0,794,0,0
13431,34,1,0,1,0,-154,0,0
17505,34,1,1,1,0,156,1,0
27866,43,6,1,1,0,284,0,0
1673,32,1,1,0,0,274,1,0
42576,32,4,2,2,0,718,1,0
28415,52,9,1,1,0,1,0,0
5244,55,1,1,1,0,989,1,1
1705,59,1,1,1,0,1407,1,0
3858,41,7,1,0,0,124,1,0
4930,27,1,2,1,0,0,1,0
10217,36,10,1,1,0,1766,0,0
6927,26,1,2,1,0,419,1,0
21891,33,9,1,2,1,56,0,0
16873,36,7,2,1,0,14,1,0
12948,50,9,1,1,0,1717,0,0
12788,53,1,1,0,0,0,0,0
23614,54,4,0,2,0,0,0,0
23261,31,9,0,1,0,-175,0,0
3236,60,2,1,2,0,1164,1,0
15010,42,7,1,0,0,0,0,0
16324,38,9,2,2,0,23,0,0
16390,32,4,2,1,0,131,1,1
30915,36,6,1,1,0,1245,1,0
10969,36,7,2,1,0,99,0,0
6989,31,1,2,0,0,124,1,0
8638,30,9,2,2,0,256,1,0
5835,33,1,1,1,0,5,1,0
17548,59,10,1,0,0,46,0,0
19484,56,4,1,2,0,3120,1,0
12014,39,2,1,2,0,3,0,0
36046,50,1,1,1,0,2419,1,0
31391,53,4,0,2,0,2245,0,0
44074,35,6,2,2,0,398,0,0
29590,29,11,2,1,0,1288,0,0
7903,52,1,2,3,0,905,1,0
13704,39,1,1,1,0,1309,0,1
26396,57,4,1,2,0,412,0,0
34846,52,0,1,1,0,786,1,0
27846,37,9,1,1,0,3720,1,0
24392,42,4,0,2,0,0,0,0
11762,54,7,1,3,0,386,0,1
27767,34,0,1,1,0,260,0,0
2437,47,10,1,1,0,955,1,0
3214,52,1,0,0,0,-191,1,0
32602,54,4,1,2,0,6525,1,0
43092,55,5,0,1,0,2204,0,0
28713,34,9,0,3,0,975,1,0
34884,33,0,1,1,0,2468,1,1
15168,32,9,1,2,0,231,1,0
25882,32,7,1,1,0,264,1,1
22283,47,9,1,1,0,11,0,0
12735,59,4,1,2,0,553,1,0
35704,39,4,0,2,0,299,1,0
3008,32,4,2,1,0,160,1,0
15998,34,7,2,1,0,418,1,0
26199,35,9,1,1,0,0,0,0
42846,33,9,1,1,0,303,1,0
18763,41,1,1,3,0,1402,0,0
19798,53,9,1,2,0,3177,0,0
21888,34,4,1,2,0,0,0,0
38450,27,0,2,2,0,144,1,0
20562,41,9,0,1,0,1631,1,0
33195,50,11,1,0,0,341,1,1
27206,55,9,1,3,0,1393,1,1
33205,44,1,2,1,0,0,0,0
28980,36,0,1,1,0,-206,1,0
548,36,6,1,2,0,107,1,0
7719,28,1,2,0,0,-232,1,0
29203,31,0,2,1,0,338,0,0
14350,47,0,2,1,0,-331,1,0
36287,36,4,2,2,0,1400,1,0
28601,57,5,1,1,0,939,0,1
6282,34,9,2,1,0,486,1,0
32915,42,1,1,1,0,705,1,0
30646,33,4,1,2,0,23,1,1
44797,63,0,0,1,0,4680,0,0
34481,35,4,2,2,0,1,1,0
31904,58,5,1,1,0,2126,0,0
24582,43,9,2,3,0,572,0,0
1882,34,0,1,1,0,-312,1,0
41221,25,8,2,1,0,469,0,0
34949,42,2,1,0,0,558,1,0
17166,38,7,1,0,0,0,0,0
33650,41,1,1,1,0,1384,1,0
25691,43,1,2,1,0,9102,1,0
42937,56,0,1,3,0,2038,0,0
37707,59,4,1,2,0,2260,1,0
8523,27,1,1,1,0,818,1,0
1386,37,0,1,0,0,242,1,0
22265,33,9,2,2,0,316,0,0
17864,57,5,1,0,0,2927,0,1
3061,40,3,0,0,0,2610,1,0
23292,41,0,1,1,0,875,0,1
43780,33,7,2,1,0,152,1,0
17285,39,7,1,1,0,-267,1,0
8352,31,9,2,1,0,674,1,1
40472,28,1,2,1,0,643,0,0
19975,52,9,1,1,0,3577,0,1
39724,43,0,1,1,0,132,0,0
39437,31,0,2,1,0,554,1,0
14550,37,3,1,0,0,0,0,1
44452,28,4,2,2,0,1530,0,0
34068,47,9,1,1,0,0,1,0
22170,30,9,2,2,0,-970,0,1
33548,37,7,1,1,0,-1006,1,1
42766,48,4,1,2,0,157,0,0
22589,54,4,0,1,0,2762,0,0
21728,45,1,1,3,0,850,0,0
33343,31,7,2,1,0,0,1,0
12722,45,10,0,1,0,-44,1,0
44352,35,9,2,1,0,1227,0,0
13670,41,1,2,0,0,74,0,0
43099,35,4,1,2,0,1380,0,0
327,47,9,1,2,0,831,1,0
16370,25,1,2,1,0,-2,0,1
17196,59,5,1,0,0,0,1,0
11320,38,1,2,1,0,1121,0,0
26740,38,9,1,1,0,7696,1,0
43289,27,8,2,1,0,3754,0,0
24598,36,1,1,1,0,1392,0,1
41142,44,4,1,2,0,-600,1,0
6677,46,0,2,1,0,-136,1,0
5360,24,0,2,2,0,1141,1,0
36147,30,1,0,0,0,2597,1,0
4726,34,1,1,1,0,1831,1,0
23069,52,4,2,2,0,83,0,0
38399,32,4,2,2,0,435,1,1
1698,38,9,1,1,0,32,1,0
32238,37,7,1,1,0,345,1,1
24064,33,7,1,1,0,3444,1,0
26079,37,1,2,1,0,0,0,0
31457,55,3,0,1,0,0,0,0
33172,53,0,1,1,0,225,1,0
40447,26,6,2,2,0,2857,0,0
18349,58,5,1,1,0,53,0,0
16721,45,1,1,1,0,2718,1,0
3339,40,1,1,0,0,1061,1,0
19235,46,1,1,1,0,398,1,1
10534,50,4,1,0,0,0,0,0
25719,30,4,2,2,0,4896,0,0
771,50,1,1,0,0,156,1,0
35767,41,5,2,0,0,0,0,0
40169,55,4,0,2,0,9756,1,0
42721,63,5,1,1,0,2716,0,0
38007,53,5,1,1,0,6095,1,1
44913,29,7,2,1,0,1934,0,0
13374,58,5,1,2,0,941,0,1
25404,53,5,1,1,0,1139,1,0
28387,27,8,2,1,0,10536,0,0
21434,52,9,1,1,0,0,0,0
30980,47,1,1,1,0,0,1,0
25082,33,6,0,2,0,454,0,1
9594,53,4,1,2,0,7067,0,0
25755,43,4,1,2,0,1993,0,0
4777,39,1,1,0,0,1966,1,0
28944,35,4,1,2,0,495,0,0
24985,37,10,2,2,0,1316,1,0
26240,46,1,1,0,0,2558,1,0
12218,56,11,1,3,0,778,0,0
8137,53,6,1,2,0,1907,1,0
1663,31,3,1,1,0,0,1,0
742,41,1,1,0,0,512,1,0
3792,32,1,1,0,0,1877,1,0
420,49,4,2,2,0,163,1,0
1247,49,7,1,1,0,-8,1,0
25167,36,7,1,1,0,0,1,0
5851,54,4,1,2,0,-305,1,0
7193,40,4,1,2,0,832,1,1
2776,40,1,1,1,0,-31,1,0
38376,43,1,1,3,0,285,1,0
33462,39,4,1,1,0,1035,1,0
2069,27,7,2,1,0,123,1,0
31736,50,1,1,1,0,2320,1,0
24001,36,9,0,1,0,861,0,0
38859,35,1,1,1,0,1312,1,0
7778,42,0,0,1,0,435,1,0
15658,28,9,0,2,0,47,0,0
28947,61,5,1,1,0,0,0,0
4473,36,9,1,1,0,84,1,0
29075,56,1,1,1,0,659,1,0
44482,60,3,1,0,0,182,0,0
44761,65,10,0,1,0,588,0,0
1797,29,0,2,1,0,-53,1,0
26052,55,2,0,2,0,372,1,0
7219,26,7,1,1,0,611,1,0
12591,44,2,1,2,0,1080,0,1
27844,39,11,2,3,0,0,0,0
8401,54,1,0,3,0,1545,1,0
1853,43,1,2,0,0,36,1,0
14902,43,1,1,1,0,184,0,1
34269,41,4,1,2,0,298,0,0
32812,49,7,1,1,0,29,1,0
17088,28,4,2,1,0,265,1,0
41831,54,1,1,0,0,1311,0,0
33344,34,0,1,1,0,1183,1,0
34978,32,1,2,0,0,18,1,1
27912,58,7,0,1,0,0,0,0
21173,58,1,1,0,0,494,0,0
25535,31,9,2,1,0,1186,1,0
13298,26,0,2,1,0,102,0,1
35081,38,6,1,2,0,327,1,0
36641,35,4,1,2,0,641,1,0
29812,51,9,1,1,0,2,1,1
19785,56,4,0,2,0,66721,0,0
32634,39,0,1,1,0,1408,1,0
43275,29,4,2,2,0,1351,0,0
635,52,7,1,1,0,660,0,0
18973,45,7,1,0,0,266,1,0
16934,58,1,1,1,0,144,0,1
11817,37,1,1,1,0,43,1,0
30400,33,9,2,1,0,6106,0,0
29099,54,6,1,1,0,534,1,0
44126,35,0,2,2,0,170,0,0
641,33,1,1,0,0,332,1,0
19111,50,0,1,1,0,350,0,0
13329,30,7,2,1,0,245,0,1
36084,40,9,2,1,0,281,1,0
28450,34,6,2,2,0,892,1,0
10163,38,1,1,0,0,8637,1,0
27855,54,2,1,2,0,1129,0,1
34102,25,4,2,2,0,436,0,0
12003,55,4,1,2,0,4777,0,1
40020,55,2,1,2,0,82,0,0
36793,40,0,1,1,0,419,1,1
41702,45,1,2,1,0,3727,0,0
42635,87,5,1,0,0,2190,0,0
25313,51,4,1,2,0,974,0,0
39432,38,4,2,2,0,4841,0,0
28330,43,6,1,1,0,2940,0,0
41070,45,4,1,2,0,2671,0,0
3975,44,9,2,1,0,696,1,0
37378,55,4,1,0,0,1691,1,0
16254,34,0,1,1,0,804,1,0
26551,32,9,2,1,0,5205,0,0
35237,37,4,1,2,0,900,1,0
44366,54,7,1,1,0,386,1,0
33774,19,8,2,0,0,1247,0,0
390,60,5,0,1,0,545,1,0
1028,31,1,1,0,0,19,1,0
5864,51,7,1,1,0,53,1,0
35791,29,4,2,2,0,3041,1,0
5496,32,6,2,1,0,4,1,0
12248,29,1,1,1,0,1661,1,0
7508,32,4,2,2,0,3886,1,1
16494,42,1,1,3,0,149,1,0
4299,30,4,2,2,0,358,1,0
29803,37,0,0,1,0,496,0,0
42130,52,0,2,1,0,2398,1,0
31242,46,4,1,2,0,0,0,0
12676,34,7,1,1,0,295,1,1
11100,55,5,1,1,0,31,0,0
143,37,1,1,1,0,37,1,0
32288,25,4,2,2,0,3,1,1
14438,31,1,2,1,0,0,0,0
17171,60,5,2,1,0,74,1,0
12512,38,0,1,1,0,70,0,1
12708,46,4,1,0,0,312,1,0
17763,56,9,1,1,0,332,0,0
3262,50,9,1,1,0,892,1,1
28079,33,0,0,1,0,1,0,0
35347,56,7,0,1,0,72,1,1
25657,38,9,1,1,0,4030,1,0
13018,36,1,2,3,1,-395,1,0
6980,32,9,2,1,0,1307,1,0
18280,48,1,1,0,0,816,1,0
6528,49,1,0,0,0,15,1,0
36929,48,7,0,1,0,201,1,0
10227,37,1,1,0,0,587,0,0
28057,39,4,1,1,0,0,0,0
4501,39,7,1,1,0,453,1,1
21977,32,9,2,1,0,116,1,0
25430,56,4,1,2,0,1390,1,0
11193,42,9,1,1,0,-813,1,0
1809,34,9,2,2,0,2257,1,0
13228,31,1,1,1,0,152,1,1
3215,53,5,1,2,0,183,1,0
2858,48,1,1,0,0,584,1,0
33686,28,1,1,0,0,254,1,0
11359,44,0,2,1,0,2524,0,0
7410,45,0,1,1,0,142,1,1
29686,28,1,2,1,0,67,0,0
2314,36,1,1,1,0,1554,1,0
20414,31,9,2,1,0,826,1,0
12888,28,1,1,0,0,-196,0,0
3697,40,7,1,1,0,1688,0,0
24320,54,1,1,1,0,0,0,0
2255,25,1,1,1,0,-76,1,0
12853,29,1,1,1,0,247,0,1
5890,35,4,1,1,0,291,1,0
18849,52,11,1,3,0,1571,0,0
38312,24,1,2,0,0,388,1,0
10724,45,3,1,0,0,938,0,0
28227,31,0,2,1,0,547,1,0
22506,50,9,1,1,0,0,0,0
13277,37,1,1,0,0,89,0,1
23938,54,9,1,1,0,1670,0,0
37267,58,5,1,0,0,747,1,1
6171,32,0,1,1,0,-458,0,0
24775,48,4,1,2,0,1741,1,1
35218,26,11,0,1,0,-295,1,0
39020,30,1,2,1,0,1165,1,0
39030,45,0,0,1,0,2353,1,0
13045,60,4,1,0,0,75,0,1
30704,36,7,2,1,0,417,1,0
4615,39,1,1,0,0,451,1,0
38049,47,1,2,0,0,355,1,0
43697,40,0,1,1,0,260,1,0
42504,72,5,1,1,0,1533,0,0
44179,35,4,1,1,0,724,1,0
43880,35,4,2,2,0,3544,1,0
43499,27,7,2,1,0,453,0,0
42826,36,0,2,2,0,980,0,0
1326,30,9,1,1,0,-1,1,0
44896,23,8,2,1,0,1062,0,0
43297,33,0,2,1,0,206,1,0
40774,70,1,1,0,0,3075,0,0
9994,49,9,1,1,0,378,0,0
5401,36,9,1,1,0,1109,1,0
19706,35,9,1,1,0,374,1,1
30929,29,4,2,2,0,176,0,0
7947,40,1,1,0,0,68,1,0
2882,40,0,1,1,0,1535,1,0
16657,28,1,1,1,0,258,1,0
30685,56,5,1,1,0,488,0,0
8904,52,4,1,1,0,4096,1,0
9419,36,10,1,1,0,1453,0,0
21623,55,4,0,2,0,17,0,0
44220,30,0,1,1,0,1081,0,0
14787,57,7,1,0,0,1728,1,0
13064,32,9,1,1,0,2,1,1
37697,29,1,2,3,0,913,1,0
19597,37,4,2,2,0,200,0,0
22710,43,9,1,1,0,246,0,0
14393,57,5,1,1,0,107,0,0
13828,34,0,1,1,0,0,1,0
19204,50,9,2,1,0,330,0,0
12944,33,9,1,1,0,2284,1,1
39595,31,9,1,1,0,180,0,0
20179,50,1,1,1,0,235,0,0
19285,34,1,1,1,0,182,0,0
29654,30,2,2,1,0,732,0,0
3158,47,4,1,1,0,651,1,0
1352,42,1,1,1,0,30,0,0
2344,27,1,2,1,0,181,0,0
38274,37,1,2,0,0,851,1,0
18462,43,4,1,2,0,0,0,0
35258,58,5,1,1,0,-324,1,0
5997,26,1,2,1,0,339,1,0
3694,45,6,1,3,0,-257,0,0
14641,27,9,2,3,0,59,0,0
31850,38,1,2,1,0,2580,1,0
21205,32,9,2,1,0,1732,1,0
8589,28,1,1,0,0,459,1,1
44785,43,1,1,1,0,408,1,0
11808,57,9,1,2,0,27069,0,1
17780,41,1,1,1,0,-190,0,1
223,55,5,1,1,0,0,0,1
27407,32,4,2,1,0,86,1,0
37377,59,7,1,1,0,2965,1,0
23763,36,9,1,1,0,4542,1,0
9548,38,3,1,0,0,3577,0,0
9577,41,4,1,2,0,251,0,1
6967,38,9,1,2,0,-1350,1,1
5687,37,0,2,1,0,155,1,0
28648,27,6,2,2,0,139,0,0
45102,31,0,2,1,0,410,0,0
37547,37,1,1,1,0,3269,1,1
21077,31,9,2,1,0,2916,0,0
9210,44,9,1,1,0,358,0,0
14007,53,9,1,3,0,2242,0,0
27604,37,1,1,1,0,1407,1,0
25219,40,9,2,1,0,2141,0,0
30351,34,10,1,0,0,309,0,0
24089,36,9,2,1,0,3254,1,0
9332,51,4,1,2,0,12,0,0
40915,69,5,1,0,0,279,0,0
17775,26,6,0,1,0,165,1,0
40947,74,5,1,0,0,0,0,0
34205,45,1,1,1,0,640,1,0
33475,44,1,1,3,0,3373,1,0
42455,27,4,2,2,0,1623,0,0
14244,34,4,1,2,0,1906,1,0
34467,44,7,0,1,0,-368,1,0
17336,32,4,1,2,0,273,1,0
33043,38,0,1,1,0,0,1,1
18572,54,10,1,1,0,3250,0,0
37557,32,1,1,1,0,822,1,0
19642,44,4,0,2,0,71,1,0
29553,38,9,2,2,0,1369,1,0
27278,33,4,1,2,0,1817,0,0
19966,43,4,1,2,0,21510,0,0
9693,40,0,1,1,0,947,0,0
14011,52,1,1,0,0,142,0,0
16812,54,4,1,2,0,148,0,1
37456,42,4,0,2,0,47,1,0
38610,48,1,1,1,0,1267,1,0
14520,30,4,2,2,0,13,0,0
38428,28,7,2,1,0,341,1,0
1818,26,1,2,0,0,102,1,0
21693,47,0,1,1,0,5401,0,0
42315,62,9,1,1,0,135,1,0
17371,27,9,2,1,0,3305,0,1
26514,40,9,1,1,0,4441,1,0
18756,33,1,1,0,0,2064,1,0
3827,43,4,1,1,0,452,1,0
34323,32,1,1,1,0,119,0,0
35949,41,9,1,1,0,2576,1,1
10917,51,3,1,0,0,1382,0,0
18309,48,5,1,0,0,1591,0,0
5065,33,9,2,1,0,313,1,0
5145,36,0,0,1,1,-491,1,1
38371,58,3,1,0,0,260,1,0
3746,41,4,1,2,0,0,0,1
2204,40,4,2,3,0,838,1,0
17555,30,4,2,2,0,62,1,0
37074,50,4,0,2,0,100,1,1
27339,38,7,1,1,0,5293,1,0
41827,59,10,0,1,0,7469,0,0
8815,52,4,0,2,0,907,1,0
41505,76,5,0,0,0,802,0,0
3334,54,7,1,3,0,7864,1,0
12198,52,1,1,1,0,2276,0,0
36290,35,7,1,1,0,-315,1,0
13966,35,7,1,1,0,501,1,1
25853,35,2,2,1,0,866,1,0
1959,43,10,1,0,0,-178,1,0
37947,29,4,2,2,0,-11,1,0
35600,27,1,1,1,1,-584,1,0
15406,48,3,0,0,0,1583,0,1
18329,47,1,1,1,0,1968,1,0
3153,47,1,0,0,0,556,1,0
22360,34,9,2,1,0,95,0,0
6393,37,1,2,2,0,1222,0,0
22173,34,4,2,2,0,886,1,0
17217,54,1,1,0,0,38,0,0
7435,56,1,1,0,0,1798,1,0
7019,34,1,1,1,0,261,1,0
34292,35,7,1,1,0,17,1,0
24762,34,9,1,2,0,7717,1,0
35666,45,0,2,1,0,0,1,0
44080,65,5,0,1,0,744,0,0
993,52,1,1,2,0,297,1,0
42663,48,7,1,1,0,517,0,0
40371,58,4,1,1,0,111,0,0
37796,37,0,0,1,0,141,1,0
41707,63,5,1,1,0,415,1,0
4068,58,5,1,0,0,196,1,0
16204,54,6,1,1,0,9,1,0
34173,26,6,2,2,0,553,0,0
27649,41,2,1,1,0,0,1,1
2338,25,1,2,1,0,335,1,0
18240,56,10,1,3,0,846,1,0
1071,31,0,1,1,0,89,0,0
25466,32,0,2,2,0,1583,1,0
34488,41,1,2,1,0,537,1,0
28285,34,4,1,2,0,276,0,0
17354,25,10,1,1,0,157,1,0
2609,42,4,1,1,0,-32,1,0
31221,63,6,1,2,0,661,0,0
30952,53,1,0,1,0,-376,1,0
14285,45,4,1,2,0,706,1,1
33384,31,1,1,1,0,631,1,0
17773,28,9,1,2,0,107,1,0
17846,28,7,1,1,0,376,0,1
40218,36,2,0,2,0,3407,0,0
17063,51,9,1,1,0,18,0,1
11507,53,9,1,1,0,1319,0,0
2739,58,0,1,1,0,749,1,0
4687,31,4,1,2,0,4761,1,0
24819,50,4,1,1,0,2717,1,0
43073,38,4,2,2,0,455,1,0
40588,44,2,2,3,0,323,0,0
13406,35,1,1,1,0,616,0,0
4641,33,7,1,1,0,4963,1,0
24597,34,4,2,2,0,2347,0,1
26619,49,0,2,1,0,7426,0,0
726,42,7,0,1,0,55,1,0
30178,38,10,1,0,0,890,1,0
12489,45,9,2,2,0,2099,0,1
20207,46,1,1,3,0,209,0,0
19802,33,9,1,1,0,-163,1,1
21465,30,4,2,2,0,3045,0,0
37687,35,1,2,1,0,4963,1,0
103,59,1,1,0,0,179,1,0
42881,77,5,1,1,0,2123,0,0
37126,42,10,1,1,0,0,1,0
27623,45,1,1,1,0,392,1,0
42955,65,2,1,2,0,2331,0,0
37948,29,9,2,1,0,70,1,1
25827,56,0,1,1,0,33,0,1
33801,33,7,2,2,0,692,0,0
29716,57,4,1,2,0,113,0,0
33914,37,9,1,1,0,1458,0,0
41029,66,4,2,2,0,6483,0,0
33007,34,0,2,1,0,846,1,0
34316,44,6,1,3,0,163,1,0
27919,59,5,1,1,0,524,0,0
18592,38,9,1,1,0,2398,1,1
40657,80,5,1,0,0,2994,0,0
33619,51,4,1,1,0,563,1,0
40835,58,6,1,0,0,1013,1,0
24070,45,1,1,1,0,1144,1,0
43448,25,8,2,2,0,293,0,0
42546,37,9,1,1,0,6963,1,0
38164,34,1,1,1,0,-257,1,0
8659,36,4,1,2,0,0,1,1
35003,49,7,2,1,0,6882,1,0
20899,59,5,1,0,0,474,0,0
6484,34,1,2,1,0,3723,1,0
28828,37,7,1,1,0,483,1,0
1675,28,1,1,1,0,6,1,0
12144,35,4,1,2,0,3083,0,0
19475,55,9,0,1,1,284,1,0
28432,39,2,2,2,0,1837,0,0
33762,30,0,2,1,0,40,0,0
22648,60,5,1,1,0,0,0,0
40123,23,0,2,2,0,230,0,0
36298,33,1,0,0,0,142,1,0
10273,37,10,2,2,0,1706,0,0
27979,32,4,1,2,0,393,0,0
3211,47,4,0,2,0,107,0,0
24395,34,0,2,1,0,0,1,0
10341,36,1,1,0,0,398,1,0
12192,45,4,2,2,0,1269,0,0
39541,32,9,2,2,0,2340,0,0
25315,30,10,2,0,0,1,0,0
35771,49,7,2,1,0,1884,1,0
40814,60,9,1,2,0,6573,1,0
8864,29,1,1,0,1,-303,1,1
31297,34,0,2,1,0,4447,1,0
35787,44,0,1,1,1,-204,1,0
42013,52,7,1,1,0,659,0,0
28586,38,1,1,1,0,99,0,0
40130,57,4,1,2,0,1227,0,0
29604,52,4,1,2,0,0,1,0
23387,37,1,2,1,0,243,0,0
17242,35,1,1,1,0,209,1,1
13260,38,9,1,1,0,0,0,0
41113,45,9,0,1,0,982,1,0
23258,31,9,1,2,0,11,0,0
10223,36,1,1,1,0,219,0,0
3937,45,1,1,0,0,71,1,0
40622,68,5,1,1,0,19317,1,0
25536,35,4,1,2,0,2801,1,0
23598,36,9,1,2,0,837,0,0
17646,32,9,1,1,0,342,1,0
21844,31,9,1,1,0,310,1,0
15382,34,4,1,2,0,303,1,0
2968,41,2,1,2,0,221,1,0
21497,59,4,1,2,0,0,0,0
320,51,1,1,1,0,0,1,0
9233,39,1,2,3,0,3583,0,0
18444,46,10,1,0,0,1,1,0
18148,51,3,1,0,0,0,1,0
27631,33,4,0,2,0,0,1,1
44821,67,5,1,1,0,2048,0,0
34696,31,9,2,1,0,4888,1,0
27485,31,7,1,1,0,490,1,0
18880,37,4,1,2,0,355,0,0
6351,44,7,1,1,0,-230,1,1
23921,59,9,1,1,0,0,0,0
5352,29,0,2,1,0,132,0,0
6248,21,1,1,1,0,223,1,0
23522,59,4,0,2,0,51,0,0
13705,42,1,1,1,0,-274,1,0
5135,33,0,2,1,0,1779,1,0
42029,65,5,1,0,0,1004,0,0
10901,44,4,1,0,0,2276,1,0
40199,46,9,1,1,0,3434,0,1
7590,38,9,1,1,0,226,1,0
5312,35,9,1,1,0,291,0,0
41283,63,3,1,0,0,91,0,0
28762,54,1,1,1,0,285,1,1
13077,58,5,0,2,0,264,1,1
16580,56,4,0,2,0,535,1,0
13642,39,9,1,1,0,1385,1,1
37978,27,9,1,1,0,806,1,0
35007,50,0,1,0,0,458,1,0
36207,37,1,2,0,0,275,1,0
7409,35,1,1,1,0,807,1,0
41588,40,9,1,2,0,1293,0,0
18154,58,1,1,0,0,128,1,0
38014,31,1,2,1,0,1257,1,0
9404,30,4,2,2,0,329,1,0
43475,35,4,2,2,0,2646,0,0
43538,35,9,1,1,0,2779,0,0
18394,31,9,2,1,0,0,1,0
2966,36,4,2,2,0,-38,1,0
8530,33,4,1,2,0,3456,1,0
1536,36,9,1,1,0,195,1,0
22258,49,9,0,1,0,57,0,0
3284,47,7,1,1,0,3216,1,0
24165,30,0,1,1,0,873,1,0
6370,26,1,1,1,0,284,1,0
21149,60,4,1,2,0,3387,0,0
29407,33,7,0,1,0,69,1,0
8945,27,7,2,1,0,1913,1,0
10138,31,1,2,1,1,-9,1,1
32639,41,0,1,1,0,1010,1,0
10875,55,1,1,0,0,11,0,0
1672,34,4,2,2,0,-322,0,0
34396,46,4,1,3,0,3082,0,0
322,48,4,1,1,0,161,1,0
31647,77,5,1,2,0,0,0,0
31031,33,4,1,1,0,369,0,0
37337,59,0,1,1,0,506,1,0
9467,48,7,1,1,0,328,0,0
12337,46,9,1,2,0,157,0,0
2170,47,2,1,3,1,-1445,1,0
18478,51,9,1,2,0,5059,1,0
42749,30,1,1,1,0,319,0,0
33441,48,0,1,1,0,1060,1,0
13347,59,0,1,1,0,302,0,1
36688,46,4,1,2,0,125,1,0
21646,33,9,0,1,0,295,0,0
10495,48,3,1,0,0,5908,0,0
28061,42,1,2,1,0,583,0,0
33061,38,1,2,1,0,13156,1,0
34536,33,1,0,0,0,1022,1,0
4998,35,4,2,2,0,71,1,0
37811,36,6,0,2,0,1354,1,0
27932,45,7,1,1,0,-32,0,0
22514,31,4,2,2,0,47,0,0
9630,48,1,2,0,0,10442,0,0
15510,28,1,1,1,0,173,0,0
5583,31,7,1,1,0,-331,1,0
23493,36,4,0,2,0,0,0,0
19309,59,5,1,0,0,1390,0,1
27994,31,9,2,2,0,3222,1,0
18415,45,1,1,1,0,1239,0,0
3115,46,9,1,1,0,1465,1,0
33859,58,9,1,1,0,760,1,0
35928,34,1,2,1,0,551,1,0
1231,27,0,2,1,0,181,1,0
27102,44,4,0,3,0,1784,0,1
623,59,5,1,0,0,-119,1,0
31629,44,1,1,1,0,8666,0,0
41110,30,0,1,2,0,591,1,0
3941,32,1,1,0,0,244,1,0
39776,30,4,1,2,0,155,1,0
2014,31,0,2,1,0,620,0,0
34222,49,0,1,1,0,3620,0,0
14909,54,1,1,1,1,381,1,1
41412,51,4,1,2,0,994,0,0
44118,29,4,2,1,0,966,0,0
40606,37,0,2,1,0,115,0,0
13699,50,0,1,1,0,858,0,0
6349,37,2,1,2,0,836,1,0
37544,42,1,1,0,0,1398,0,0
5872,34,10,1,1,0,200,1,0
24401,39,4,2,0,0,0,1,1
6819,38,9,2,2,0,218,1,1
28633,33,9,2,1,0,-96,0,0
32067,33,1,2,1,0,1254,1,0
27170,43,1,1,1,0,545,1,0
40678,62,5,1,1,0,4829,0,0
40715,25,8,2,1,0,6400,0,0
12133,50,9,1,0,0,570,0,0
31096,32,4,2,2,0,312,0,0
43700,48,1,1,1,0,1230,1,0
37242,34,0,1,2,0,142,1,0
3954,49,1,1,0,0,327,1,0
18292,30,4,2,2,0,47,0,1
13917,53,1,1,1,0,684,1,1
34529,33,0,1,1,0,30,1,0
5539,35,1,1,1,0,154,1,0
31611,42,0,2,2,0,473,1,0
15627,34,4,1,2,0,13,1,0
8637,45,1,1,0,0,194,1,1
16121,28,1,1,1,0,751,1,0
39317,24,1,2,1,0,5482,1,0
33313,31,4,1,2,0,491,1,0
18894,36,4,0,2,0,0,0,0
35191,27,1,1,1,0,245,1,0
26624,59,5,1,1,0,0,0,0
37379,34,1,1,1,0,467,1,0
4187,30,1,2,1,0,16,1,0
4658,58,1,1,0,0,99,1,0
42243,54,11,1,1,0,2206,0,0
33418,40,4,0,3,0,4095,1,0
20400,47,1,1,1,0,2787,0,0
26849,33,1,2,1,0,4404,1,0
5019,30,4,1,2,0,527,1,1
24139,31,9,2,2,0,2807,0,0
23483,34,2,1,1,0,456,1,1
11624,44,9,2,0,0,148,0,0
20860,34,9,1,1,0,-346,0,0
34073,34,4,2,2,0,1228,0,0
8046,32,2,1,0,0,56,0,0
12460,40,3,1,0,0,84,0,1
29904,38,1,1,1,0,814,1,0
10415,44,4,2,2,0,3355,1,0
22257,34,9,2,1,0,161,0,0
13652,42,1,1,1,0,0,1,0
42105,32,4,2,2,0,9317,0,0
28546,26,1,1,1,0,145,0,0
17311,46,1,1,1,0,-216,1,0
43650,37,9,1,2,0,4596,1,0
8061,36,1,1,0,0,1861,1,0
962,44,4,1,3,0,187,1,0
39519,35,9,2,1,0,27,1,0
24924,53,9,2,0,0,481,0,0
17921,47,1,1,0,0,320,0,0
2960,57,5,1,1,0,-222,0,0
17978,39,1,1,0,0,1014,0,0
30737,47,6,1,2,0,917,0,0
20080,32,9,1,1,0,3275,0,0
8547,43,0,1,1,0,429,1,1
29056,28,8,2,1,0,330,0,0
10612,51,6,1,2,0,2007,0,0
38479,21,0,2,1,0,66,1,0
30745,33,9,2,1,0,211,1,1
39863,29,4,2,2,0,307,1,0
32435,45,1,1,0,0,2958,1,0
2007,28,6,2,1,0,123,1,0
17829,54,9,1,0,0,3067,1,0
4152,28,8,2,2,0,836,1,0
13144,51,4,1,2,0,3604,0,1
25715,33,4,2,2,0,8038,1,0
40030,41,0,0,1,0,1076,1,0
29498,32,10,2,2,0,507,0,0
31374,31,7,1,1,0,447,0,0
989,36,0,2,0,0,91,1,0
24991,51,6,0,1,0,7848,0,0
19327,32,9,1,1,0,560,0,0
26978,39,1,2,1,0,4619,0,0
40476,21,8,2,1,0,39,0,0
31158,43,10,2,2,0,983,1,0
1949,30,0,2,2,0,-396,1,0
14544,38,2,1,2,0,7752,1,0
22005,31,9,2,1,0,159,0,0
394,43,1,1,1,0,1205,1,0
3075,49,6,2,2,0,21,1,0
44249,35,0,2,1,0,321,0,0
44569,30,0,2,1,0,125,1,0
43564,30,0,2,1,0,915,1,0
24000,36,4,2,2,0,26,0,0
16558,29,0,2,1,0,768,1,0
5836,34,1,1,1,0,7216,1,0
25843,50,0,0,0,0,8583,1,0
21286,48,10,1,1,0,0,0,0
12809,40,9,1,1,0,351,0,1
44257,54,4,0,2,0,5475,0,0
41173,32,4,1,2,0,1270,0,0
32775,41,7,1,0,0,450,1,0
31757,40,1,2,0,0,446,1,0
10866,51,3,0,0,0,336,0,0
39097,31,4,2,2,0,-234,1,0
41938,42,0,0,1,0,527,0,1
20458,30,4,2,2,0,74,0,0
21444,31,4,2,1,0,0,0,0
21566,60,9,1,1,0,-410,0,0
37320,34,1,1,1,0,0,1,0
15033,53,7,1,1,0,0,1,0
35776,40,6,0,2,0,4647,1,0
19441,39,4,2,2,0,0,0,0
23534,32,4,1,2,0,0,0,0
11529,53,5,1,0,0,828,1,0
14018,41,9,2,1,0,-618,1,1
13688,25,4,2,2,0,710,0,0
7891,42,1,1,1,0,1958,1,0
26410,30,7,1,0,0,1015,1,0
7890,37,1,1,0,0,157,1,0
44202,38,0,2,1,0,4803,0,0
17456,50,3,2,3,0,0,0,0
10224,46,11,1,0,0,285,0,0
41400,38,4,1,2,0,1198,1,0
19650,57,4,1,2,0,4547,0,0
34177,24,8,2,1,0,160,0,0
5041,33,4,2,2,0,541,1,1
31527,74,3,1,3,0,161,0,0
6453,41,9,1,1,0,-804,1,1
804,35,0,1,1,0,0,0,0
41161,22,0,2,1,0,4111,0,1
35443,50,6,2,1,0,766,1,0
42432,61,5,1,0,0,103,0,0
43176,28,1,2,1,0,-46,1,0
10405,35,0,2,1,0,128,0,0
40423,31,9,2,1,0,18,0,0
2236,45,4,2,2,0,0,0,0
13354,43,9,1,1,0,48,1,0
19144,42,9,1,2,0,3530,0,0
29457,50,9,1,2,0,199,1,1
33078,37,1,1,1,0,16727,1,0
10761,55,1,1,0,0,2896,0,0
24315,50,9,2,1,0,246,1,0
40302,33,1,1,1,0,379,1,1
44787,30,4,2,2,0,13774,0,0
22377,44,9,1,1,0,267,0,0
27733,54,9,1,1,0,1076,0,0
18080,32,7,1,1,0,-31,0,1
11919,49,9,0,1,0,3394,1,0
26745,34,4,1,2,0,16649,1,0
22156,36,3,1,1,0,0,0,0
27887,51,0,1,1,0,176,0,0
110,29,7,0,1,0,31,1,0
8975,39,1,2,0,0,-491,0,1
2497,46,4,1,2,0,48,0,0
10192,36,10,2,2,0,9019,1,0
21402,31,4,0,2,0,254,0,0
27290,43,7,1,0,0,-88,1,1
11148,48,0,2,1,0,479,1,1
7247,50,9,1,1,0,7098,1,0
25102,34,9,2,1,0,1259,1,0
1053,50,1,1,1,0,1557,1,0
34019,31,9,1,1,0,477,0,0
34325,31,9,1,2,0,636,1,0
26100,40,4,1,2,0,3352,1,0
27056,47,2,1,2,0,2518,1,1
24140,28,10,2,2,0,7,0,0
40836,24,8,2,1,0,125,0,0
6028,37,1,1,0,0,445,1,0
18563,43,4,0,2,0,439,1,0
27792,52,7,1,1,0,393,1,1
13251,59,5,0,2,0,439,0,1
31899,34,7,2,0,0,25,1,1
6117,58,4,0,2,0,-197,1,0
40151,53,0,1,1,0,1796,0,0
22343,30,9,2,2,0,0,0,0
29264,60,7,1,1,0,292,0,1
21203,33,10,2,2,0,6748,0,0
975,38,0,2,1,0,137,1,1
14447,28,4,0,1,0,-76,0,1
34088,53,10,1,0,0,142,0,0
16156,61,9,1,1,0,50,1,0
44329,57,9,1,2,0,1181,0,0
21056,54,2,1,2,0,345,0,0
5651,49,0,0,0,0,-347,1,0
42624,31,9,2,1,0,2544,0,0
13043,35,2,1,0,0,2643,0,1
39414,44,9,1,1,0,2981,1,1
37016,40,4,2,2,0,406,1,0
6364,47,4,0,2,0,-363,1,1
28095,31,7,2,1,0,1709,0,1
20739,32,4,2,2,0,297,0,0
31022,27,0,1,2,0,73,0,0
22558,47,7,1,1,0,2322,0,0
8958,30,0,2,1,0,705,1,0
24055,43,4,1,2,0,1258,0,0
515,49,2,1,1,0,167,1,1
25836,32,0,2,1,0,8619,1,0
3649,41,4,2,2,0,480,1,0
20533,35,4,2,2,0,53,0,1
14286,60,1,1,1,0,1130,0,0
20921,56,4,1,2,0,16377,0,0
13664,35,3,1,0,0,0,0,1
40149,37,1,1,1,0,4321,0,0
24168,40,1,1,1,0,718,1,1
15702,50,10,1,1,0,49,1,0
34208,25,8,2,2,0,253,0,0
6617,25,9,2,2,0,43,1,1
18037,38,2,1,0,0,0,1,0
5766,38,7,2,1,0,322,1,0
961,57,5,1,2,0,906,1,0
32601,42,1,1,1,0,414,1,0
23126,37,9,2,1,0,-274,1,0
32926,31,7,2,1,0,603,1,1
31682,41,9,1,1,0,2185,1,0
16749,52,1,1,0,0,134,1,0
26381,54,4,1,0,0,1691,1,0
4409,47,1,1,1,0,290,1,0
38786,27,0,1,1,0,0,1,1
9241,30,9,1,1,1,-1019,1,0
10230,56,3,2,0,0,1,0,0
17457,36,4,2,2,0,13315,0,0
15148,41,4,1,2,0,49,1,0
1130,43,0,2,1,0,2527,1,0
23951,41,4,1,1,0,148,0,0
4181,61,1,1,0,0,625,1,0
20202,59,5,1,1,0,997,0,1
3713,29,1,1,1,0,832,1,0
6088,50,9,1,1,0,-157,1,0
847,42,7,1,1,0,-246,1,0
15166,41,10,0,1,0,142,1,0
8358,54,0,2,1,0,2423,0,0
38709,27,0,2,2,0,3672,1,0
5266,33,1,1,0,0,463,1,0
32413,33,9,2,2,0,617,1,0
10625,53,9,2,1,1,-435,1,1
3481,43,1,0,0,0,92,1,0
44697,33,1,2,1,0,329,0,0
39559,31,4,2,2,0,816,1,0
33407,46,6,1,1,0,156,0,0
34856,33,0,0,1,1,-18,1,0
30656,42,2,1,0,1,66,1,1
21498,60,5,1,2,0,225,0,0
14407,35,0,0,1,0,0,0,1
3679,35,4,2,2,0,205,1,0
21393,55,3,1,0,0,0,0,0
16968,48,7,1,1,0,622,1,0
4193,42,7,1,1,0,2993,1,0
17838,58,5,0,2,0,1321,0,0
12830,31,9,2,1,0,475,0,0
26616,41,4,1,2,0,60,1,0
35311,59,5,1,1,0,599,1,0
16909,38,3,1,0,1,0,0,0
18724,30,9,1,2,0,702,0,1
18278,46,0,1,1,0,526,0,1
12011,36,1,1,1,0,1132,1,1
33690,35,9,2,1,0,966,0,0
20908,50,7,1,0,0,12,1,0
38987,35,6,2,2,0,0,1,1
32348,27,9,2,1,0,274,1,0
42422,27,8,2,1,0,91,0,0
29766,42,6,1,1,0,240,1,0
36251,41,10,1,0,0,101,1,0
12024,39,7,0,1,0,1062,1,0
30709,47,4,1,2,0,0,1,0
45114,36,9,2,1,0,204,1,0
10349,36,8,2,1,0,409,1,0
41387,82,5,1,0,0,103,0,0
32810,30,7,1,1,0,134,1,0
26533,30,1,2,1,0,7773,1,0
18761,45,0,2,0,0,1811,0,0
14245,25,1,2,1,0,-375,1,0
2442,41,10,1,0,0,1483,1,0
19392,45,6,1,1,0,140,1,0
29662,59,4,2,2,0,705,0,0
44297,69,5,1,1,0,0,0,0
16328,49,4,1,1,0,3286,1,0
18781,49,1,1,1,0,1060,0,1
18934,37,4,1,2,0,561,0,0
12363,53,7,1,0,0,931,0,0
39245,28,9,2,1,0,-16,1,0
40252,25,9,2,2,0,2206,1,0
36683,44,2,0,2,0,134,1,0
42625,66,5,2,2,0,0,0,0
7646,37,4,2,1,0,3167,1,0
37394,35,1,1,1,0,2737,1,0
31875,55,0,1,3,0,2038,0,0
35919,58,5,0,1,0,-808,1,0
42215,58,1,1,1,0,381,0,0
372,37,1,1,1,0,1293,0,0
4792,40,4,2,0,0,858,1,0
4174,31,0,2,1,0,6042,1,0
17997,39,7,1,1,0,861,1,0
32297,35,4,0,2,0,3751,1,0
37323,47,4,1,1,0,623,1,0
1128,36,1,1,0,0,-79,0,0
42659,51,0,1,1,0,423,1,1
19554,35,4,1,2,0,175,1,0
12052,47,1,1,0,0,643,1,0
13424,50,7,1,1,0,1572,1,0
16336,31,0,2,1,0,5248,0,1
33468,31,0,1,1,0,1262,1,0
29722,59,4,1,2,0,5956,0,0
5178,30,1,2,1,0,144,1,0
33056,30,0,2,1,0,613,1,0
4276,42,7,1,0,0,2567,1,0
40146,28,4,2,2,0,874,1,0
23660,52,9,1,1,0,118,0,0
32816,43,9,1,1,0,90,1,0
22991,31,9,2,1,0,218,0,0
970,41,4,0,1,0,276,1,0
18179,31,1,1,1,0,29,0,0
10767,58,6,1,1,0,372,0,0
27828,55,7,0,1,0,322,1,0
32803,36,7,2,1,0,92,1,0
32776,39,0,1,1,0,248,1,0
22271,32,4,2,2,0,154,0,1
17693,25,7,2,3,0,342,0,0
42882,41,9,2,2,0,1646,1,0
1659,51,1,1,1,0,-286,1,0
17593,51,2,1,2,0,209,0,0
227,33,4,2,2,0,34,1,0
34308,31,9,1,1,0,4182,1,0
20556,44,3,1,0,0,93,0,0
25829,46,2,1,0,0,8873,1,0
28482,29,2,2,2,0,430,0,1
19136,43,9,0,1,0,-36,1,0
14960,28,8,2,2,0,61,1,0
786,32,9,0,1,0,210,1,1
38468,40,0,2,1,0,50,0,0
21845,38,9,2,1,0,367,0,0
14196,37,1,1,1,0,1059,1,0
37582,43,4,1,2,0,1712,1,0
6810,36,1,1,1,0,79,1,0
36926,38,9,0,1,0,5733,1,0
40292,46,4,1,2,0,0,0,0
268,41,1,1,0,0,183,1,1
41092,39,9,1,2,0,11766,1,0
44636,45,7,0,0,0,523,0,0
11703,46,1,1,0,0,4,0,1
24554,58,11,0,1,0,3111,1,0
11548,42,4,1,3,0,587,1,0
25200,36,7,2,1,0,461,0,0
17293,56,4,0,2,0,-141,0,0
26464,31,4,1,2,0,10,0,0
25680,44,0,1,2,0,688,0,0
19869,47,11,1,1,0,74,0,0
17681,51,7,2,1,0,513,1,0
32526,36,7,1,1,0,456,1,1
15823,40,0,2,1,0,664,0,0
21245,45,7,1,1,0,4971,0,0
8463,40,6,1,0,0,435,1,1
19609,51,1,1,0,0,0,0,0
39049,38,7,1,3,0,15,1,0
19425,49,4,0,2,0,651,0,1
23487,40,9,2,1,0,872,1,0
40708,29,8,2,3,0,795,0,0
36260,38,2,2,0,0,154,1,0
17254,50,1,1,1,0,724,0,0
30419,52,10,1,1,0,-307,0,0
39182,36,9,2,1,0,23,1,0
42123,35,4,1,2,0,1133,1,0
43745,84,5,0,0,0,639,0,0
33749,42,6,1,2,0,10072,0,0
7198,44,1,1,3,0,15578,1,0
18427,40,4,1,3,0,3165,1,0
10538,52,4,1,0,0,740,0,0
6494,24,1,2,0,0,111,1,1
23313,58,5,1,1,0,413,0,0
9755,58,4,0,2,0,5,1,0
31543,35,1,1,1,0,2643,1,0
3456,38,0,1,1,0,0,1,0
42224,44,6,0,2,0,1070,1,0
23682,52,9,1,1,0,136,0,0
33481,38,4,2,2,0,1637,1,0
20087,32,9,2,1,0,3297,0,0
1414,44,9,1,3,0,185,1,1
25846,45,6,1,1,0,830,0,0
39543,52,10,1,1,0,5091,0,0
10044,47,5,1,0,0,1464,0,0
23790,59,9,0,1,0,0,0,0
12490,58,7,1,0,0,374,0,1
2976,50,1,1,1,0,2087,1,0
6755,35,9,1,1,0,194,1,0
21705,33,9,1,1,0,2666,0,0
4310,28,7,1,3,0,-134,1,0
34944,50,9,0,1,0,636,1,0
12466,59,9,1,1,0,6,0,1
42413,43,4,2,2,0,11891,0,0
27462,32,2,1,3,0,73,1,0
45118,78,5,1,0,0,14204,0,0
20659,30,4,2,2,0,317,0,0
26358,59,0,1,1,0,1473,0,0
29,36,9,2,1,0,265,1,1
25981,36,2,1,1,0,227,0,0
22244,36,4,1,2,0,518,0,0
38174,57,4,1,2,0,334,1,0
35887,37,0,1,1,0,1314,1,0
20653,50,4,1,2,0,1240,0,0
17610,44,1,0,1,0,1781,1,0
15325,30,4,0,2,0,106,1,0
1530,31,7,1,0,0,-732,1,0
3372,35,4,1,2,0,6,1,1
15227,40,1,0,1,0,393,1,1
37548,28,1,1,0,0,674,1,0
36175,23,8,2,1,0,2412,1,0
6806,33,1,1,1,0,580,1,0
17097,27,9,2,1,0,15,1,0
13773,59,4,1,1,0,32,0,0
35287,23,9,2,1,0,4659,1,0
23862,48,1,1,1,0,134,0,0
39181,30,4,2,2,0,2017,1,0
42023,26,8,2,3,0,603,0,0
31896,36,0,1,1,0,3268,0,0
9858,36,2,1,3,0,60,0,0
25004,45,1,1,0,0,147,1,0
42039,55,4,1,2,0,13578,0,0
44055,42,9,1,1,0,2152,0,0
13315,59,4,1,2,0,1726,0,1
18204,43,1,2,0,0,2,1,0
12236,35,7,0,1,0,1529,0,0
5248,31,1,1,0,0,206,1,0
35993,36,9,1,1,0,-355,1,0
9080,37,0,1,1,0,641,1,0
9902,52,5,1,0,0,537,0,0
42204,27,0,2,1,0,4590,1,0
43576,56,4,2,2,0,15311,0,0
30827,28,9,1,1,0,-579,1,1
29708,26,1,2,1,0,4751,0,0
15855,38,0,0,1,1,0,0,1
13392,48,0,1,1,0,719,1,0
5754,54,5,1,1,0,153,1,1
28634,35,1,2,1,0,297,1,0
41765,59,10,1,1,0,0,0,0
42924,65,5,1,0,0,343,0,0
22229,30,9,2,2,0,6619,1,0
1224,38,4,1,1,0,65,1,0
28719,32,0,2,1,0,1630,1,0
18641,53,7,1,1,0,514,1,0
939,26,7,1,1,0,0,1,0
8763,35,4,1,2,0,5057,1,0
35558,33,9,0,2,0,2558,0,0
26468,35,9,2,1,0,-476,1,0
21613,34,9,2,1,0,52,0,0
19287,52,9,1,1,0,3151,0,0
31612,43,4,0,2,0,20,0,0
39940,38,0,2,1,0,626,0,0
30731,54,5,2,1,0,515,1,0
8265,36,1,1,1,0,63,1,0
35669,46,4,1,1,0,174,1,0
350,46,4,2,2,0,187,1,0
34319,24,0,2,1,0,99,0,0
26943,39,1,1,1,0,5222,1,0
30655,26,7,2,1,0,531,1,1
36030,30,7,1,1,0,52,1,1
24203,49,4,1,2,0,1533,0,0
399,47,1,1,0,0,206,1,0
38123,39,1,1,1,0,43,0,0
3662,41,9,2,1,0,2919,1,0
34015,30,0,2,1,0,414,0,0
17617,29,2,2,2,0,402,1,1
11394,54,9,1,1,0,415,1,0
6857,40,10,1,0,0,557,1,0
44208,49,1,1,1,0,1946,0,0
36412,33,9,2,1,0,3499,1,0
19326,54,9,0,1,0,320,0,0
10809,43,4,1,2,0,438,0,0
23395,31,9,1,1,0,171,0,0
23906,45,1,1,0,0,492,0,0
1435,36,7,0,1,0,241,1,0
1351,46,1,1,0,0,-768,1,0
28589,45,0,1,0,0,-407,1,1
24049,31,2,1,2,0,79,1,0
2248,38,4,1,2,0,762,1,0
2663,25,9,2,2,0,800,1,0
25720,33,6,1,2,0,0,1,0
608,43,6,1,1,0,918,1,0
2618,49,4,1,2,0,12482,1,1
40891,37,9,2,1,0,300,0,0
14201,58,4,1,0,0,2769,1,0
19674,57,5,1,1,0,256,0,0
32459,35,4,1,1,0,2415,1,1
41014,34,4,2,2,0,13014,0,0
18308,47,4,1,3,0,4567,0,0
27153,30,9,1,1,0,274,1,1
7517,36,9,1,1,0,1345,1,0
26337,32,6,1,2,0,266,0,1
38718,33,9,2,1,0,930,1,0
20770,58,5,1,2,0,1669,0,0
29317,39,2,1,2,0,4,1,1
28048,50,9,1,1,0,-70,1,1
873,35,1,2,0,0,109,1,0
27537,45,1,1,1,0,2644,1,0
14677,36,2,1,2,0,84,0,1
27690,32,7,2,1,0,875,1,0
3162,53,0,1,1,0,4464,1,0
8325,37,1,1,1,0,954,1,0
19617,36,9,1,1,0,0,0,0
12101,38,9,2,1,0,455,1,0
37160,34,1,2,1,0,2764,1,0
32251,38,1,1,0,0,290,1,0
2444,45,4,1,2,0,0,1,1
8309,41,0,1,1,0,-18,1,1
4344,23,9,2,3,0,710,1,0
32172,42,0,0,1,0,2397,1,0
1723,28,4,2,2,0,3285,1,0
21866,52,9,0,1,0,511,0,1
33255,35,1,1,1,0,243,1,0
18487,39,6,1,0,0,2077,1,0
12571,47,9,1,1,0,-149,0,1
38978,29,0,2,1,0,200,1,0
23205,35,9,0,1,0,1085,0,0
5473,33,4,1,2,0,321,1,0
32868,33,9,1,1,0,806,0,0
11008,51,6,0,2,0,5244,0,0
43,54,5,1,1,0,529,1,0
36678,34,0,2,1,0,151,1,0
16730,33,7,1,1,0,930,0,1
31069,90,5,0,1,0,1,0,0
19203,55,7,1,1,0,953,1,1
16853,49,1,1,1,0,233,1,0
22446,31,9,2,1,0,5,0,0
43558,68,5,1,0,0,7945,0,0
30844,34,1,2,0,0,1702,0,0
9641,45,9,1,1,0,4639,0,0
32393,35,7,1,2,0,6,1,1
7932,27,1,2,0,0,-79,1,0
40028,56,5,1,0,0,1947,0,0
27693,34,1,1,0,0,2720,1,0
8504,30,7,1,1,0,0,1,1
17818,39,7,1,1,0,949,1,0
6554,32,1,2,1,0,106,1,0
1822,34,1,1,1,1,-331,1,1
18192,49,0,0,1,0,769,0,0
8478,30,4,2,2,0,218,0,0
6036,31,1,2,1,0,3201,1,0
29552,28,9,1,1,0,679,0,1
4558,35,4,2,1,0,5260,1,0
30457,35,6,1,2,0,137,0,0
33915,42,9,2,3,0,11115,0,0
637,30,10,0,1,0,1144,1,0
14334,36,4,1,2,0,327,1,0
13857,37,2,1,2,0,227,1,0
29416,35,4,2,2,0,539,1,0
25367,34,1,1,1,0,3990,1,0
22301,47,1,1,0,0,0,0,0
5350,30,1,1,1,0,253,1,0
4722,39,7,1,1,0,5731,1,0
9129,39,0,2,1,0,0,1,0
27470,31,7,1,1,1,29,0,0
43568,69,5,1,1,0,0,0,0
11218,50,0,1,1,0,1019,1,0
44727,31,9,1,2,0,1570,1,0
2274,33,4,2,2,0,239,0,0
19540,36,0,1,1,0,540,0,1
37187,43,1,1,0,0,190,1,0
37094,37,7,2,1,0,-111,1,0
36933,60,9,1,1,0,-247,1,0
27368,43,4,2,2,0,146,0,0
21109,45,1,1,1,0,0,0,0
14312,43,7,1,1,0,-416,1,1
33946,26,6,2,2,0,168,0,0
44864,46,4,1,2,0,7485,0,0
19257,41,9,1,2,0,680,0,0
39318,37,4,2,2,0,10269,1,0
15999,51,6,1,0,0,0,1,0
7445,42,9,1,1,0,2,0,0
23490,51,1,1,0,0,-272,0,1
40271,28,7,2,1,0,102,0,0
14113,42,0,1,1,0,645,1,1
39690,54,6,2,2,0,384,0,1
7815,32,0,1,1,0,305,1,0
41902,72,5,1,0,0,1388,0,0
14878,60,0,2,1,0,646,1,0
40988,72,5,1,0,0,2079,0,0
38546,26,7,2,1,1,-162,1,0
5871,29,1,1,1,0,484,1,0
11907,37,1,1,0,0,1779,1,0
9536,58,2,1,0,0,52499,0,0
21795,49,1,1,0,0,-165,1,0
31765,35,9,2,1,0,16,1,0
21689,59,5,1,0,0,0,0,0
22307,46,1,1,0,0,278,0,0
22981,35,9,2,2,0,7838,0,0
15151,29,1,2,1,0,28,0,0
5052,32,7,2,1,0,-198,1,0
6249,38,9,2,1,0,145,1,0
21533,38,9,2,2,0,103,0,0
8488,32,0,2,1,0,725,1,0
17050,53,5,1,0,0,759,1,0
11664,52,1,1,1,0,5614,1,0
1358,28,1,1,3,0,486,1,0
13008,31,0,2,1,0,-407,0,1
39276,28,0,2,0,0,25,1,0
12381,39,9,1,1,0,0,0,1
31616,54,2,0,3,0,4736,1,0
28770,32,1,2,1,0,604,0,0
1625,47,1,1,1,0,-98,1,0
12827,35,7,0,1,0,35,1,0
484,30,7,2,1,0,209,1,0
38937,27,9,1,1,0,876,1,0
5665,40,1,0,1,0,-426,0,1
34942,34,0,2,1,0,69,1,0
6536,35,1,1,0,0,424,1,0
1381,36,0,0,1,0,496,0,0
24874,59,2,1,0,0,222,0,0
43482,36,1,1,0,0,1177,0,0
11747,43,11,1,3,0,1517,0,0
30868,39,9,0,1,0,1972,1,0
18091,34,4,1,2,0,2892,1,1
3536,45,1,1,0,0,810,1,0
34244,67,5,1,3,0,696,0,0
13646,26,1,1,1,0,818,0,0
12523,37,1,1,1,0,606,1,1
16044,42,4,0,2,0,621,0,1
32768,30,1,1,1,0,246,1,0
22221,36,9,2,1,0,18,0,0
39007,33,9,2,2,0,8047,1,0
29199,31,9,2,2,0,1625,0,0
32427,32,2,0,1,0,1121,1,1
26648,48,4,1,3,0,7861,0,0
40527,52,9,1,2,0,523,1,1
9399,41,1,0,1,0,1491,1,0
41935,35,9,1,1,0,2779,0,0
17606,51,0,0,1,0,-338,1,0
18323,52,1,2,1,0,-477,0,0
35750,47,1,1,1,0,265,1,0
6398,28,1,1,1,0,0,1,0
39990,26,9,2,1,0,1231,1,0
10834,45,1,1,0,0,4696,0,0
41773,39,9,0,1,0,385,0,0
29673,36,9,1,1,0,58,0,0
36017,29,1,1,1,0,37,1,0
37286,30,7,0,1,0,0,1,0
37211,28,4,2,2,0,4937,1,0
30782,36,4,1,0,0,392,0,0
38572,44,1,0,0,0,-97,1,1
16385,52,4,1,1,0,638,1,0
7571,35,2,1,2,0,512,1,0
21958,48,7,1,1,0,109,0,1
22070,30,4,2,2,0,30,0,0
19675,55,7,1,1,0,224,0,0
5879,30,1,1,1,0,187,1,0
31917,53,0,0,1,0,2647,1,0
11480,53,7,1,1,0,2774,0,1
3344,41,1,1,0,0,849,1,0
137,43,7,2,3,0,0,0,0
44769,52,10,1,1,0,1416,0,0
22675,36,4,1,2,0,1235,0,0
43902,30,1,2,1,0,799,0,0
22742,59,1,1,0,0,-546,0,0
42014,36,8,2,2,0,129,0,0
27042,57,4,1,2,0,0,1,0
14165,52,4,1,2,0,698,1,0
3324,49,11,1,0,0,341,1,1
30137,53,4,0,1,0,1355,0,1
18413,49,4,2,0,0,548,0,0
39683,24,1,2,1,0,383,0,0
45199,34,1,2,1,0,1475,1,0
25869,38,2,1,1,0,0,1,1
42812,48,4,1,2,0,866,0,0
9010,51,11,0,3,0,1649,0,0
27711,50,0,0,1,0,797,1,0
7461,42,1,1,1,0,205,1,1
43961,57,4,0,2,0,3287,0,0
35394,41,9,1,1,0,77,1,0
43050,28,8,2,2,0,1562,0,0
3439,41,7,1,1,0,714,1,1
42044,72,5,1,1,0,0,0,0
29921,56,10,1,0,0,122,0,0
30439,45,4,1,2,0,2953,1,1
31703,32,1,1,1,0,897,1,0
32346,38,1,0,1,0,614,1,0
11107,37,1,2,1,0,415,0,0
44781,62,5,1,2,0,2557,1,0
44149,33,4,2,2,0,1962,0,0
14143,30,1,1,0,0,35,1,0
36119,39,0,1,1,0,3047,1,0
10960,41,1,1,0,0,402,0,0
17955,32,0,1,1,0,0,1,0
37215,35,1,0,0,0,289,1,0
30430,31,1,2,1,0,573,1,0
22860,32,9,2,1,0,230,1,0
16796,45,4,1,2,0,1034,0,1
12185,45,1,1,0,0,-160,1,0
32552,42,0,0,1,0,5354,1,0
37777,51,4,0,2,0,-256,1,1
39767,41,9,0,2,0,2611,1,0
4098,38,1,1,0,0,2407,1,0
43937,66,3,1,0,0,1230,0,0
31091,36,0,1,1,0,953,1,0
10135,59,5,2,1,0,1150,0,0
18568,58,5,1,1,0,1172,0,0
35870,26,0,2,1,0,0,1,0
8143,44,0,1,1,0,238,1,1
30567,31,9,2,2,0,3729,1,0
44811,39,0,0,1,0,112,0,0
42905,34,4,2,2,0,382,0,0
4415,38,1,2,0,0,419,1,0
20031,46,9,1,1,0,778,1,0
20583,38,9,1,1,0,1478,0,0
32895,38,1,1,1,0,194,1,0
35696,41,1,0,1,0,-274,1,0
8733,43,9,1,1,0,369,1,0
28578,47,1,1,0,0,613,1,0
34141,36,4,1,2,0,2957,1,1
13279,58,4,1,2,0,913,0,1
25221,47,4,1,1,0,21,1,0
14322,49,2,1,1,0,1916,0,1
1644,33,1,0,0,0,60,0,0
37617,39,1,1,1,0,49,1,0
23874,36,4,1,2,0,4,1,0
39841,30,4,2,2,0,3289,0,0
44478,37,1,1,1,0,80,1,1
13530,32,3,1,1,0,216,0,1
30763,33,1,2,2,0,350,1,0
13055,28,6,2,2,0,226,0,1
13554,42,1,1,1,0,-422,0,0
10528,39,4,1,2,1,47,0,0
36415,31,1,1,0,0,240,1,1
23351,48,1,1,0,0,2321,0,0
13729,42,6,1,1,0,97,0,0
35156,31,6,2,2,0,253,1,0
22491,30,9,1,1,0,817,1,0
29887,39,0,0,1,0,43,1,0
28137,33,7,2,1,0,459,1,0
7522,46,1,1,0,0,476,1,0
23219,59,3,1,0,0,0,0,0
41696,60,5,1,0,0,1588,0,0
32015,38,9,1,2,0,52,1,0
30097,33,4,2,2,0,1240,1,0
21416,46,7,1,1,0,250,0,0
28824,39,9,1,1,0,-735,1,0
15761,51,4,1,2,0,2704,1,0
26822,31,2,1,1,0,7518,1,0
4840,37,9,0,1,0,1176,0,1
42729,40,0,1,2,0,1108,0,0
29441,31,9,2,1,0,863,1,0
10557,36,1,0,1,0,638,1,0
24307,42,9,1,1,0,69,1,1
27696,32,9,2,2,0,785,1,0
3664,60,4,0,1,0,773,1,1
5670,32,9,1,1,0,1337,0,0
36035,53,4,1,0,0,72,1,1
2473,47,0,1,1,0,3960,1,0
20146,45,9,1,1,0,1410,0,0
9386,27,0,2,1,0,685,1,0
109,45,4,1,2,0,523,1,0
44143,72,0,1,0,0,2321,0,0
5152,34,1,2,0,0,245,1,0
2050,49,4,0,2,1,0,1,0
35199,53,6,1,2,0,167,1,0
35376,34,2,1,1,0,393,1,0
26321,32,4,2,2,0,574,1,0
4223,46,1,1,1,0,679,1,0
9374,38,1,2,1,0,1230,1,0
22847,41,4,0,2,0,1064,0,0
27465,35,2,1,0,0,29397,1,0
22401,59,4,0,1,0,0,0,0
42121,55,4,0,2,0,2037,0,0
27575,30,1,1,0,0,2929,1,0
2653,55,4,1,1,0,0,1,0
16445,56,7,1,1,0,-229,0,1
397,38,0,1,1,0,1,0,0
38024,41,1,2,0,0,3237,0,0
42081,87,5,1,0,0,230,0,0
33563,38,9,0,2,0,304,1,0
4551,36,1,1,3,0,722,1,0
2425,26,1,2,1,0,401,1,0
2713,47,4,0,1,0,3346,1,1
29791,32,4,2,2,0,2059,0,0
33767,53,5,1,1,0,665,1,0
4122,47,0,1,1,0,292,1,0
27420,36,4,2,2,0,7,0,0
18175,48,0,1,2,0,1015,0,1
10589,52,9,0,2,0,728,0,0
30444,45,7,1,1,0,925,1,0
22074,41,4,1,2,0,185,0,0
43950,32,9,2,2,0,705,0,0
37605,31,1,2,1,0,982,1,0
45107,25,8,2,1,0,679,0,0
27488,32,0,1,1,0,752,1,0
24763,59,1,1,0,0,162,0,0
7697,58,6,1,1,0,1407,1,0
27280,48,10,1,0,0,0,0,0
8518,32,1,1,1,0,1780,1,1
1350,46,1,1,0,0,174,1,1
23913,33,4,1,2,0,0,0,0
19993,32,3,1,0,0,3786,0,0
14400,51,6,1,2,0,50,1,0
41094,32,9,1,2,0,8023,0,0
40589,30,0,2,1,0,110,0,0
3302,42,4,2,2,0,2124,1,0
16416,26,2,1,1,0,321,1,1
10089,44,1,1,0,0,0,0,0
534,52,0,1,1,0,1236,1,0
31890,29,1,2,1,0,314,1,0
25250,38,9,1,1,0,508,1,0
17603,39,4,2,2,0,1234,0,0
35823,26,4,2,2,0,962,1,0
8299,47,0,1,0,0,68,1,0
42943,39,4,1,2,0,1301,0,0
4776,38,1,1,1,0,1663,1,0
26985,43,6,1,1,0,14144,1,0
38838,28,7,2,1,0,1636,1,0
43761,47,1,1,1,0,1568,1,0
34381,39,1,1,1,0,261,0,0
19368,50,6,1,1,0,3025,0,1
36397,39,1,1,1,0,785,1,0
16860,49,1,1,1,0,165,0,1
18151,39,6,2,2,0,3972,0,0
4020,42,6,1,2,0,1932,1,0
5721,48,4,2,2,0,145,1,0
19294,55,1,1,3,0,6134,0,0
5283,30,1,1,1,0,278,1,1
20180,31,9,2,2,0,1463,0,0
35441,25,1,2,0,0,758,1,0
24451,54,7,0,1,0,2398,1,0
35667,45,7,1,1,0,770,1,0
14991,59,4,1,0,0,120,0,1
32575,54,4,1,1,0,-133,1,0
35569,32,0,2,1,0,626,1,0
8456,44,9,1,1,0,497,1,0
11123,37,4,1,2,0,223,0,0
11826,60,1,1,1,0,196,0,0
12272,44,4,1,0,0,107,0,0
6853,51,9,1,1,0,98,1,0
33392,37,7,1,1,0,1498,1,0
44170,41,9,2,1,0,5329,0,0
24217,52,4,1,0,0,0,1,1
42640,64,5,1,2,0,2139,0,0
9073,47,9,1,1,0,89,0,0
26660,35,7,2,1,0,2467,0,0
37476,51,7,1,1,0,107,1,0
13980,37,1,1,1,0,456,0,1
21301,31,4,1,2,0,927,0,0
12858,31,0,2,1,0,119,0,0
897,38,0,2,1,0,100,1,0
30689,32,1,2,0,0,1450,1,0
36226,39,7,2,1,0,322,1,0
23739,49,4,2,2,0,588,0,0
20524,39,9,1,1,0,1986,0,0
10077,53,6,1,2,0,1128,0,0
21500,35,4,1,2,0,854,0,1
26367,52,4,1,2,0,6922,0,0
13571,25,9,2,1,0,959,0,0
37374,41,4,2,2,0,3371,1,1
7021,33,0,2,1,0,322,1,0
28390,54,9,1,1,0,433,0,0
2186,27,7,2,1,0,118,1,1
32326,31,0,2,1,0,68,1,0
7310,45,0,1,1,0,-261,1,0
21076,30,4,2,2,0,3905,0,0
40985,39,4,1,2,0,1301,0,0
34230,52,10,1,1,0,94,0,0
17723,35,1,0,0,0,37,0,1
33572,37,1,1,1,0,56,1,0
32618,28,9,2,1,0,16,0,0
42718,27,0,1,2,0,2855,0,0
16938,42,4,1,2,0,3841,1,0
25658,35,6,1,2,0,8647,0,0
28563,40,9,2,1,0,822,1,1
2481,48,7,1,1,0,1199,1,0
12543,53,7,0,1,1,0,0,1
44593,40,4,2,2,0,15,0,1
30598,40,2,1,1,0,2663,1,1
16110,31,6,1,2,0,0,1,0
19877,49,2,1,0,0,10772,0,0
17530,44,9,1,2,0,964,0,0
36401,36,9,1,2,0,1473,1,1
2797,26,8,2,1,0,91,1,0
36267,39,1,1,0,0,1506,1,0
43809,26,4,2,2,0,531,0,1
11928,38,1,2,1,0,530,0,0
21622,36,9,1,1,0,0,0,0
22275,36,6,1,0,0,161,0,0
193,42,0,1,1,0,445,1,0
30962,27,4,2,2,0,406,0,0
27011,37,4,0,2,1,26,0,1
24870,41,9,1,1,0,1226,0,0
21260,51,9,0,1,0,2323,1,1
6558,32,11,2,1,0,-274,0,1
28143,43,9,1,1,0,373,0,0
11288,42,1,1,0,0,3,0,0
26603,42,1,1,3,0,2906,0,0
34918,35,7,1,1,0,347,1,0
31866,48,4,0,2,0,507,1,0
36367,54,4,1,2,0,397,1,0
44684,22,8,2,1,0,249,0,0
36895,38,1,1,0,0,14,1,1
9181,39,11,2,1,0,914,0,0
31659,40,1,1,0,0,2133,1,1
33163,30,7,1,1,0,4867,1,1
30426,57,7,1,0,0,-319,0,1
25130,38,1,1,1,0,2008,1,0
12419,51,1,1,0,0,-101,1,1
18564,51,2,0,1,0,1,1,1
33834,24,6,2,2,0,2376,0,0
37121,57,0,2,1,0,1615,1,0
2360,29,1,1,1,0,125,1,0
10467,31,1,1,0,0,0,0,0
5252,29,6,1,2,0,751,1,0
648,41,4,1,2,0,65,1,0
18711,41,1,1,1,0,1293,0,0
5465,36,0,1,1,0,176,1,0
6653,27,4,2,1,0,442,1,0
7675,44,4,0,2,0,1379,1,0
32869,32,0,2,1,0,103,1,0
45005,26,1,2,1,0,2007,0,0
21288,44,6,1,2,0,8402,1,0
4119,56,1,1,1,0,316,1,0
21887,38,9,1,1,0,79,1,0
3016,32,0,2,1,0,91,1,0
10479,41,1,1,0,0,492,1,1
3373,58,4,0,2,0,577,0,0
31277,36,4,2,2,0,811,0,0
2660,31,9,2,1,0,849,1,1
16781,33,4,1,2,0,7,1,0
17200,44,0,1,0,0,-92,0,1
10122,37,7,0,1,0,532,1,0
22029,32,9,2,1,0,432,0,0
29937,38,0,2,1,0,-213,1,1
35740,36,1,1,1,0,0,1,0
31733,36,7,1,1,0,1746,1,0
12876,29,7,1,1,0,-597,0,0
11089,46,1,1,0,0,-1,0,0
8011,24,4,2,1,0,86,0,0
22424,48,9,1,1,0,23495,0,0
25694,54,0,1,1,0,1239,0,0
941,47,1,1,1,1,-5,1,0
27200,34,1,1,1,0,328,1,1
15635,30,1,1,1,0,658,1,1
40771,50,4,1,2,0,0,0,0
30304,41,9,1,1,0,-378,1,0
27394,36,4,1,2,0,1619,1,0
32358,38,9,2,1,0,9610,1,0
34203,39,0,1,1,0,140,0,0
19123,46,7,1,0,0,13118,0,0
39184,36,1,1,0,0,106,1,0
44330,31,4,2,2,0,1761,1,0
632,42,1,1,0,0,15,1,0
4779,38,9,1,2,0,1092,1,0
38464,32,4,1,1,0,134,1,1
41012,57,3,0,0,0,1198,0,0
12678,33,4,1,1,0,4385,0,1
25849,34,2,1,2,0,4028,0,0
20665,54,9,1,1,0,479,0,0
29135,31,0,2,2,0,5,0,1
8923,40,1,1,1,0,2671,1,1
42830,67,4,1,1,0,1287,0,0
45174,62,1,1,1,0,272,0,0
24729,40,1,1,1,0,755,0,0
13782,33,1,1,1,0,17,0,0
44975,30,4,2,2,0,502,0,0
9303,46,1,1,0,0,2093,0,0
25790,47,0,0,1,0,1939,1,0
31430,32,9,2,1,0,234,0,0
7886,41,9,2,1,0,568,1,0
41426,35,9,1,1,0,2789,1,0
639,35,0,1,1,0,69,1,1
2596,32,0,0,1,0,1611,1,1
44265,36,4,1,2,0,203,0,0
4521,38,1,1,1,0,-152,0,0
36352,34,0,2,1,0,395,1,0
23243,36,4,2,2,0,0,0,0
18384,46,9,1,1,0,0,1,0
27360,38,1,1,0,0,0,1,0
8870,26,8,2,1,0,-147,0,0
23615,43,4,0,2,0,3327,0,0
21473,60,9,1,1,0,955,0,0
2815,55,0,1,1,0,332,1,0
35211,43,0,1,1,0,24,1,0
44489,31,1,1,1,0,0,1,0
15149,27,7,2,1,0,1820,1,0
14167,42,0,2,1,0,426,1,0
21561,49,9,1,1,0,673,1,0
21132,30,4,1,2,0,1384,1,0
31395,83,5,0,0,0,46,0,0
2348,34,0,1,1,0,3185,1,0
43688,22,8,2,1,0,123,0,0
21611,60,6,1,2,0,2149,0,0
43385,80,5,0,0,0,235,0,0
18406,41,10,2,0,0,2171,0,0
36229,48,10,0,1,0,583,1,0
15514,29,9,2,1,0,1706,1,0
18184,51,7,1,1,0,-437,0,1
43940,39,9,2,1,0,1435,0,0
10789,41,4,1,2,0,676,0,0
31661,44,1,2,1,0,712,1,1
34704,27,0,2,2,0,1993,1,0
10208,55,3,1,0,0,0,0,0
22551,51,1,1,1,0,548,0,0
43676,40,4,2,2,0,1509,0,0
41610,83,5,1,0,0,425,0,0
21773,33,10,1,2,0,123,0,0
36297,38,7,1,1,0,5293,1,0
2377,38,4,1,2,0,119,1,0
3057,30,4,1,2,0,233,1,0
44614,52,6,1,2,0,4012,0,0
30104,29,0,2,1,0,260,1,0
38906,29,1,1,0,0,248,1,0
40658,61,5,1,2,0,3140,1,1
30850,32,1,1,0,0,183,1,0
10738,54,11,1,1,0,1241,0,0
24056,30,9,1,2,0,239,0,0
353,36,1,1,1,0,0,1,0
829,34,4,2,2,0,872,1,0
1740,29,1,2,0,0,-680,1,0
14250,47,9,1,1,0,568,1,0
35201,30,9,1,1,0,3875,1,0
39270,34,9,1,1,0,118,1,0
17988,45,9,1,0,0,6535,0,0
18879,57,3,1,2,0,3,0,0
36559,38,3,2,0,0,199,1,0
41494,32,4,2,2,0,2915,0,0
43838,55,0,1,1,0,8304,0,0
24116,58,5,0,2,0,3237,0,0
41584,48,4,1,2,0,2,0,0
41579,56,7,1,1,0,654,0,0
4070,38,7,1,1,0,497,1,1
18407,59,0,1,0,0,6187,0,0
32969,31,1,1,1,0,505,1,0
38020,43,1,1,0,0,-418,1,1
4761,39,1,1,3,0,1096,0,0
3961,44,0,1,1,0,2687,1,0
7829,44,9,1,1,0,0,1,0
11341,40,0,2,1,0,1670,1,0
35049,40,1,1,0,0,34,1,0
11966,56,2,1,3,0,0,0,0
23328,46,6,1,0,0,49,0,0
32037,33,0,2,1,0,572,1,0
40063,29,4,2,2,0,572,0,0
37718,30,9,1,1,0,0,1,0
22494,30,4,1,2,0,696,0,0
27729,59,4,1,2,0,2143,1,0
4884,31,1,1,1,0,1243,1,0
15326,31,1,2,1,0,1291,1,0
32913,35,4,2,2,0,633,1,0
38249,28,8,2,2,0,221,1,0
40752,32,4,2,2,0,935,0,0
13117,59,5,0,0,0,830,0,1
27934,37,3,2,0,0,0,0,0
9355,38,4,1,2,0,881,0,1
44275,29,4,2,2,0,985,1,0
22067,40,9,1,1,1,-432,1,1
7121,30,7,0,1,0,1016,1,0
24581,59,4,0,2,0,3552,1,0
39407,39,9,1,1,0,116,0,0
15571,48,4,2,1,0,290,1,0
20709,45,4,0,2,0,2096,0,0
22803,50,5,0,2,0,-300,0,1
12203,54,11,1,3,0,2508,0,0
12517,32,1,2,1,0,-255,0,1
21954,31,4,1,2,0,156,0,0
23873,32,4,2,2,0,769,0,0
35395,32,4,1,2,0,1544,1,0
12445,30,1,1,1,0,365,0,0
19029,37,9,2,1,0,181,0,0
43541,41,9,2,2,0,431,0,0
28476,27,10,2,0,0,1459,1,0
14273,40,7,1,1,0,900,1,1
21082,45,1,1,3,0,586,0,0
3842,55,1,1,0,0,571,1,0
28953,22,8,2,1,0,2162,0,0
3691,53,4,2,1,0,5558,1,0
36331,34,1,2,1,0,213,1,0
23899,47,4,0,2,0,310,0,0
23528,47,9,0,1,0,-105,0,0
41298,39,9,0,1,0,385,0,0
15091,55,4,2,2,0,6507,1,1
30086,33,11,1,1,0,335,0,0
31553,46,7,1,3,0,854,1,0
34446,51,1,0,1,0,734,1,1
15177,29,4,1,2,0,1,1,0
4967,32,2,1,2,0,4465,1,0
587,37,7,1,1,0,358,1,0
29731,52,0,0,1,0,774,0,0
14792,34,2,1,2,0,-28,1,0
37298,37,9,2,1,0,267,0,0
1186,41,4,1,2,0,141,1,1
41469,78,5,1,0,0,301,0,0
9063,57,1,1,0,0,60,0,0
39679,30,0,2,1,0,1027,1,0
36469,56,0,0,1,0,279,1,0
21435,51,1,1,1,0,1840,1,0
29122,29,9,2,1,0,120,0,0
38815,40,7,1,1,0,191,1,0
13119,59,7,0,1,0,136,0,1
35115,36,1,1,3,0,-400,1,1
13790,36,0,2,1,0,9002,1,1
37790,42,1,2,0,0,177,1,0
24826,36,9,1,1,0,154,1,0
38813,31,9,2,1,0,1447,1,0
39680,39,9,1,1,0,505,0,0
21036,34,4,2,2,0,2205,0,0
13068,30,1,0,1,0,0,0,1
40647,20,8,1,3,0,292,0,0
25519,31,1,2,1,0,-366,1,0
17777,31,0,1,1,0,0,1,0
694,36,9,1,1,0,368,1,1
12842,58,1,1,1,0,2146,0,0
17047,33,1,0,1,0,0,0,0
4933,33,1,1,1,0,932,1,0
16787,54,0,1,1,0,1335,1,0
16789,46,4,1,2,0,-71,1,1
28391,35,0,1,1,0,147,1,1
31883,49,0,1,1,0,909,1,0
9389,37,1,1,3,0,1508,0,1
18100,25,0,1,1,0,242,1,0
7153,48,4,1,2,0,1533,0,0
31201,42,7,1,1,0,1376,1,0
38011,35,4,2,2,0,916,1,0
18908,46,1,1,0,0,809,0,0
15005,34,1,1,1,0,808,1,1
40416,50,4,0,2,0,405,0,0
6427,44,1,0,1,0,-239,1,0
1344,50,9,1,1,0,389,1,0
22714,60,5,1,2,0,0,0,0
14440,43,9,1,1,0,764,1,0
3948,50,1,1,0,0,231,1,0
33026,26,0,2,1,0,1375,1,0
30384,32,4,1,2,0,-149,0,0
3361,47,0,2,2,0,1192,1,0
27596,45,1,1,1,0,2246,1,1
34039,36,6,2,2,0,351,0,0
22631,33,9,2,2,0,0,0,0
5768,31,0,2,1,0,747,1,0
2302,30,9,2,1,0,317,1,0
17858,27,9,1,1,0,0,1,0
5156,26,4,2,2,0,1284,1,0
5796,55,1,1,1,0,-473,1,0
32130,53,6,0,1,0,8112,1,1
20473,31,9,2,1,0,279,0,0
13597,34,1,1,1,0,1,1,0
23356,36,9,0,1,0,54,1,0
34736,30,4,1,2,0,94,1,0
37399,36,7,2,1,0,328,1,0
16319,43,3,1,0,0,94,0,0
2266,40,4,2,2,0,867,1,1
28215,33,9,1,1,0,22,0,0
41091,54,9,1,1,0,0,0,0
23927,45,1,1,0,0,121,0,0
28822,57,4,0,2,0,2549,0,0
17700,50,7,1,3,0,1688,0,0
23122,31,10,1,2,0,7744,0,0
42205,70,5,1,1,0,1164,0,0
20877,59,5,1,0,0,1393,1,1
35075,46,1,1,0,0,147,1,0
14442,50,9,1,1,0,2406,1,0
43740,49,0,1,1,0,209,0,0
31755,30,4,1,2,0,8623,0,0
37931,52,9,1,2,0,136,1,0
1446,57,2,1,3,0,618,1,0
44138,57,5,1,1,0,1044,0,0
1699,25,7,1,1,0,55,1,1
903,47,0,1,0,0,192,1,0
44669,88,5,1,0,0,648,0,0
34443,26,4,2,2,0,4116,1,0
20083,32,4,1,2,0,312,0,0
44567,60,9,0,1,0,367,0,0
12563,52,1,1,1,0,184,1,0
8903,30,9,2,1,0,4787,1,0
12327,28,1,1,0,0,702,1,0
8172,38,1,2,1,0,577,1,0
7449,59,9,1,0,0,3163,1,0
11400,53,10,0,1,0,4512,0,0
5707,29,8,1,2,0,149,1,0
38108,41,6,1,3,0,1377,1,0
20079,31,3,1,0,0,0,1,0
39177,34,9,0,1,0,17,1,0
12874,32,9,2,1,0,-398,0,1
17136,26,1,1,0,0,133,0,1
2613,51,4,1,2,0,1212,1,0
3223,45,1,1,0,0,2217,1,0
17696,48,4,1,0,0,312,0,0
4092,50,7,0,1,0,761,1,0
10079,59,2,1,2,0,712,1,0
3509,41,5,0,0,0,-233,1,0
23049,33,9,2,2,0,3773,0,0
16924,47,4,1,2,0,-488,1,0
40075,26,9,1,1,0,523,0,0
43872,30,4,1,2,0,1288,0,0
562,35,2,1,1,1,204,1,0
38638,27,9,1,1,0,2460,1,0
4252,32,1,1,1,0,101,1,0
9280,32,4,2,2,0,1742,0,0
18412,58,1,0,3,0,55,1,0
30208,32,7,1,1,0,1066,1,0
3141,36,1,1,3,0,-389,1,0
34819,28,9,2,2,0,875,1,0
30836,33,4,0,2,0,-848,1,0
42404,61,3,1,0,0,175,0,0
26860,41,9,2,1,0,769,0,1
12075,47,1,1,1,0,480,0,0
30535,39,9,2,1,0,0,1,1
39333,32,6,2,1,0,518,1,0
45179,34,9,1,1,0,1026,0,0
7373,34,4,1,2,0,581,1,0
10530,45,2,2,2,0,1678,0,0
42077,33,4,2,2,0,2934,0,0
625,31,4,2,2,0,1852,1,0
22071,43,9,1,1,0,253,0,0
6074,36,1,1,1,0,-870,1,0
28201,26,9,2,2,0,252,1,0
27454,55,5,0,1,0,1580,0,1
32734,38,4,1,2,0,165,1,0
26558,32,0,1,1,0,2555,1,0
3396,47,1,1,1,0,3008,1,1
3534,51,1,1,1,0,701,1,0
16155,26,4,2,1,0,-38,0,0
8054,39,1,1,0,0,1802,1,0
35825,37,9,1,3,0,88,1,1
17463,52,7,2,1,0,21,1,0
13819,58,5,0,1,0,439,0,1
33022,40,0,1,1,0,1060,1,0
41748,32,4,2,2,0,2983,1,0
33376,37,0,0,2,0,43,1,0
6784,29,4,2,2,0,112,1,1
3354,49,1,1,1,0,2219,1,0
16079,52,2,0,1,0,105,0,1
30468,27,9,2,1,0,126,1,1
42861,37,4,1,2,0,238,0,0
2264,47,6,0,1,0,218,1,0
891,53,7,0,0,0,-291,1,1
2834,53,9,1,1,0,8417,1,0
35104,43,2,1,1,0,0,1,0
10243,45,7,1,1,0,1306,0,0
12131,36,4,1,2,0,530,0,0
37195,29,1,1,0,0,35,1,0
18695,42,6,0,2,0,5331,0,1
12501,29,9,2,2,0,101,0,0
35119,39,9,1,1,0,147,1,0
27872,31,3,2,2,0,596,0,0
35274,38,2,1,0,0,-786,1,0
18949,50,4,1,2,0,724,0,0
42968,36,4,2,2,0,479,0,0
10585,49,4,1,0,0,330,0,0
37887,37,7,1,1,0,6089,1,0
23575,46,4,1,2,0,1906,0,0
3498,50,4,1,2,0,106,1,0
31132,32,9,2,2,0,2340,0,0
30507,45,10,1,3,0,490,1,0
21883,30,4,2,1,0,46,0,0
5397,30,7,1,1,0,2,0,1
26789,30,10,1,0,0,1379,0,1
39281,39,9,1,1,0,6,1,0
11590,52,5,0,2,0,-309,1,0
2937,41,1,1,1,0,235,1,0
31291,52,9,1,1,0,0,1,0
33860,73,5,1,0,0,542,0,0
12542,57,5,1,1,0,91,0,1
38384,25,9,1,1,0,691,1,0
22738,33,4,1,2,0,584,1,0
5418,35,9,2,2,0,2043,1,1
10938,36,0,2,1,0,787,0,0
14510,29,0,1,1,0,1,1,0
9711,39,4,1,2,0,575,0,0
19377,46,1,1,0,0,874,0,0
22753,36,9,2,1,0,351,0,0
12159,38,7,0,3,0,6360,0,0
2617,48,2,1,2,0,313,1,0
10032,41,4,1,2,0,36,0,0
17934,57,5,1,2,0,11254,0,0
3998,53,2,1,2,0,2884,1,0
26206,37,1,1,0,0,8135,1,0
32795,52,1,1,0,0,940,1,0
7914,45,9,2,1,0,410,1,0
26485,55,0,0,1,0,166,0,0
10107,54,4,1,2,0,16843,0,0
32762,31,9,1,2,0,1990,1,1
32165,44,1,2,1,0,0,1,0
25172,38,6,1,2,0,3139,1,0
7504,42,1,1,0,0,163,1,0
18136,60,5,1,1,0,194,0,1
30942,35,1,1,1,0,-100,1,0
44060,29,6,2,2,0,805,0,0
7770,43,4,2,2,0,690,1,0
26501,32,7,2,1,0,2478,0,1
13471,47,1,1,1,0,690,1,0
24462,53,0,0,2,0,493,1,1
27263,39,4,1,2,1,47,0,0
11863,54,7,1,1,0,515,0,1
25832,51,4,1,2,0,10995,1,0
31524,54,0,1,1,0,1342,1,0
23024,37,9,1,1,0,827,1,1
15266,57,4,0,2,0,2549,0,0
37153,32,1,2,0,0,7,1,0
17175,42,1,1,1,0,-128,0,1
30083,31,9,2,0,0,449,1,0
27882,37,3,1,1,0,723,0,0
41093,35,9,1,1,0,1577,1,1
27835,58,0,1,3,0,903,0,0
16476,39,9,1,1,0,694,1,0
5229,38,6,2,2,0,917,1,0
21816,52,1,1,1,0,223,0,0
39064,32,1,2,1,0,1670,1,0
42086,60,4,1,2,0,3401,0,0
37791,33,1,1,1,0,245,1,0
9075,42,1,1,0,0,1401,1,0
42066,62,1,1,0,0,115,0,0
16753,32,0,1,1,0,0,1,0
8291,35,4,1,2,0,2387,1,1
31149,71,5,1,2,0,653,0,0
30693,31,6,1,2,0,1134,0,0
7382,31,9,1,1,0,222,1,0
520,46,4,2,3,0,1527,1,0
18301,41,4,2,2,0,0,0,0
40235,30,0,2,1,0,523,0,1
43463,32,4,2,2,0,2016,0,0
28481,26,8,2,1,0,1346,0,0
42380,63,10,1,0,0,0,0,0
7970,31,0,2,1,0,17,1,0
33452,36,4,2,2,0,20,1,0
4136,47,1,1,1,0,863,1,0
23779,32,9,1,1,0,235,1,0
21482,48,1,1,1,0,2214,0,0
1760,50,1,1,0,0,2590,1,0
24863,32,1,2,1,0,53,1,0
33639,47,7,1,1,0,306,1,0
28971,39,0,0,1,0,7,1,0
10674,41,1,1,1,0,-100,1,0
7252,52,9,1,3,0,9687,1,0
20578,30,6,1,1,0,0,0,0
39332,32,9,2,3,0,-301,1,0
5606,58,5,1,1,0,-205,1,0
7321,56,4,1,1,0,0,1,0
36820,48,1,2,1,0,574,0,0
3887,49,1,1,1,0,16,1,0
42768,66,5,1,0,0,747,0,0
32873,32,7,0,1,0,453,1,0
36445,37,1,1,1,0,1165,1,0
37447,31,0,2,1,0,507,1,0
42303,57,0,1,1,0,367,0,0
13914,30,1,2,1,0,1598,1,0
36340,28,9,1,1,0,448,1,0
511,34,0,1,1,0,507,1,0
37198,29,1,2,0,0,215,1,0
19499,48,1,1,1,0,205,0,0
18784,53,5,1,0,0,0,0,0
37550,35,1,1,3,0,568,1,0
13717,46,0,1,1,0,2583,1,0
25382,51,4,2,2,0,6030,1,0
26701,32,0,1,2,0,233,1,0
29583,56,6,1,2,0,350,0,0
21711,34,9,2,1,0,179,0,0
23708,34,4,1,2,0,2032,0,0
25830,42,0,1,1,0,196,1,1
17455,50,0,2,1,0,133,0,0
23707,34,9,1,1,0,553,0,0
37987,31,4,1,2,0,233,1,0
11785,41,0,1,1,0,0,0,0
4429,31,8,2,1,0,368,1,0
32436,33,9,1,2,0,67,1,0
34858,34,1,1,0,0,17946,1,0
20380,53,5,0,1,0,451,0,1
5487,36,0,1,1,0,614,1,0
12682,44,2,1,1,0,93,0,0
41264,37,9,1,2,0,127,1,0
9169,44,7,0,1,0,-389,1,1
41684,50,1,1,0,0,383,0,0
22504,47,1,1,0,0,469,0,0
21676,58,5,1,1,0,0,0,0
31249,68,5,1,1,0,1316,0,0
9751,41,0,1,1,0,176,0,0
29046,31,10,0,2,0,256,1,0
32774,36,4,1,2,0,-26,0,0
23711,51,3,1,0,0,605,0,0
39509,33,4,1,1,0,369,0,0
24258,42,3,1,1,0,477,1,1
37895,35,9,1,1,0,222,1,0
16397,40,7,1,1,0,111,1,0
23825,32,4,1,2,0,0,0,0
1346,28,7,1,1,0,6,1,0
44827,31,8,2,2,0,4951,0,0
35992,26,0,1,1,0,354,1,0
30056,33,0,2,1,0,304,0,1
40486,63,5,1,1,0,18016,0,0
24228,48,4,0,1,0,17,1,0
35873,49,1,1,1,0,-202,1,1
28913,27,9,2,1,0,90,0,0
34864,25,8,2,2,0,505,1,0
3716,31,9,0,1,0,268,0,0
11146,27,0,1,1,0,-97,1,0
20108,57,4,1,2,0,2416,0,0
40786,83,5,1,2,0,6236,0,0
17715,57,0,1,1,0,128,0,0
42650,80,5,1,0,0,1468,0,0
10568,51,3,1,0,0,13292,0,0
36442,55,6,1,0,0,468,1,0
32644,45,9,0,1,0,976,1,0
5225,32,1,1,1,1,98,0,1
43090,39,0,0,2,0,1176,0,0
41201,46,0,1,1,0,368,0,0
21361,44,4,1,2,0,1764,0,0
33849,68,5,1,1,0,20723,1,0
6775,26,1,2,1,0,396,1,0
16458,41,0,0,1,0,0,0,1
2475,44,1,1,0,0,23,1,0
20248,60,5,1,0,0,172,0,0
7362,33,9,1,2,0,16992,1,0
313,37,7,0,1,0,398,1,1
19151,47,1,1,0,0,699,0,0
34121,70,9,1,1,0,3020,0,0
39096,32,1,2,0,0,12198,1,0
43117,79,5,0,0,0,1910,0,0
29522,48,9,2,1,0,-92,1,0
20158,27,0,1,2,0,174,1,1
15793,59,4,1,1,0,966,0,0
14953,29,0,1,1,0,73,1,0
4973,34,4,1,2,0,0,1,0
217,53,10,1,3,0,13,0,0
34227,31,4,2,2,0,630,0,0
26132,37,9,1,1,0,5287,1,1
42394,44,11,2,3,0,18881,0,0
22653,50,4,1,2,0,135,0,0
5051,58,2,1,2,0,7198,1,0
13006,32,7,2,1,0,473,1,0
38055,27,7,2,1,0,3354,1,0
36870,30,1,1,0,0,190,0,0
11377,55,1,1,1,0,2010,0,0
20537,33,4,1,2,0,1399,0,0
42152,42,4,1,2,0,520,0,0
35071,35,1,2,1,0,343,1,0
16590,29,7,1,1,0,31,1,0
37961,46,0,1,1,0,196,1,0
23334,59,5,1,0,0,213,0,0
42681,65,5,1,0,0,2173,0,0
30498,28,9,1,2,0,510,1,0
14797,29,1,2,3,0,694,1,1
15249,43,0,1,1,0,0,1,0
4886,33,1,2,0,0,599,1,0
7952,34,1,1,0,0,905,1,0
16575,34,6,1,1,0,179,1,1
19707,59,5,1,0,0,6,0,0
24950,36,1,1,1,0,342,1,0
5800,39,9,1,1,0,-72,1,0
21751,44,4,1,2,0,1802,0,0
31262,36,0,1,1,0,2061,1,1
30938,48,1,1,1,0,861,0,0
17274,30,0,2,1,0,-548,1,1
42778,42,4,2,2,0,7560,0,0
38064,31,8,2,2,0,2030,1,0
37360,35,9,1,1,0,1546,1,0
30093,28,9,2,2,0,4253,1,0
3279,39,2,1,1,0,0,1,0
20584,34,4,0,2,0,157,1,0
22489,31,4,2,1,0,2,0,0
11075,35,7,1,3,0,0,0,0
18806,34,8,2,1,0,188,1,0
23895,41,9,1,1,0,0,0,0
3345,60,1,1,0,0,3820,0,0
43324,59,5,1,1,0,2126,0,0
2139,26,1,2,1,0,199,1,1
16062,33,4,1,2,0,149,1,1
127,34,7,1,1,0,-16,1,1
31285,79,5,1,1,0,8304,0,0
11183,49,4,1,3,0,1401,0,0
42322,24,1,1,1,0,272,0,0
31111,61,5,1,0,0,197,0,0
33715,30,1,2,3,0,6281,0,0
26032,40,1,1,1,0,0,1,1
25018,31,7,2,1,0,32,0,0
38865,36,2,1,1,0,1163,1,0
32878,43,1,1,1,0,0,1,0
31216,25,8,2,1,0,1116,1,0
2748,25,0,2,1,1,53,1,0
41510,30,4,2,2,0,147,0,0
36590,45,1,1,0,0,491,1,1
42841,76,5,1,1,0,852,0,0
3692,29,0,2,1,0,-507,1,0
25049,50,9,1,1,0,232,0,0
842,31,9,2,1,0,147,1,0
31586,40,7,1,1,0,3164,1,0
18837,40,4,1,2,0,1213,0,0
25615,54,10,1,0,0,6427,1,0
2830,49,2,1,1,0,1160,1,0
36365,29,1,1,1,0,195,1,0
10211,58,4,1,2,0,313,0,0
5040,28,1,2,0,0,722,1,0
22312,52,5,1,1,0,0,0,0
17475,47,1,1,0,0,0,1,1
34257,28,1,1,0,0,-65,1,0
4954,37,1,2,1,0,13156,1,0
18188,56,10,0,2,0,0,1,0
33534,34,0,1,1,0,2984,1,0
43734,52,4,1,2,0,583,0,0
20444,35,4,1,2,0,100,0,0
34523,30,9,2,1,0,237,1,0
18962,38,7,1,2,0,658,0,0
10620,38,7,1,1,0,1559,0,0
20445,35,4,1,2,0,1383,0,0
27387,45,9,1,1,0,0,1,0
24095,30,0,1,1,0,1310,0,0
27221,35,2,1,0,0,0,0,1
17190,27,9,1,1,0,0,1,0
4879,31,4,1,2,0,1343,1,1
2900,40,0,1,1,0,1010,1,0
2415,44,1,1,0,0,353,1,0
17360,49,4,2,2,0,1556,1,0
538,34,1,1,3,0,245,1,0
2038,34,1,0,1,0,-294,1,0
32554,50,1,1,1,0,325,1,0
24163,37,9,1,1,0,1016,1,1
13033,28,0,2,1,0,551,0,1
25860,39,1,1,1,0,94,1,1
43222,27,0,2,1,0,3529,0,1
38529,30,9,2,1,0,-109,1,0
6477,32,4,2,2,0,1410,1,0
16660,34,1,1,0,0,251,1,1
12956,29,1,2,1,0,218,0,0
38647,29,1,2,1,0,244,1,0
17675,45,3,1,0,0,2239,0,0
19283,36,9,1,1,0,577,0,0
24786,41,1,1,0,0,1461,1,0
16886,27,1,2,1,0,137,0,1
13647,37,1,1,1,0,982,1,0
10382,38,7,1,1,0,309,0,0
25019,34,0,0,1,0,1186,1,1
9011,36,1,1,1,0,1772,0,0
40286,39,7,2,1,0,1048,1,0
7327,53,7,1,1,0,1788,1,0
10491,40,4,1,2,0,60,0,0
11044,52,9,1,1,0,851,0,0
19964,32,9,2,2,0,1190,1,0
5981,44,1,1,0,0,3057,1,0
13981,41,9,1,1,0,305,1,1
16471,27,9,1,1,0,-392,1,0
29289,46,4,0,2,0,665,1,0
44076,32,8,2,1,0,61,0,1
966,49,7,1,1,0,1496,1,0
11601,48,9,1,1,0,7,0,0
20057,31,9,1,2,0,344,0,0
1873,38,1,1,1,0,-388,1,0
33634,34,7,1,1,0,790,1,0
5747,47,4,2,2,0,191,1,0
10647,56,0,2,1,0,-13,0,0
30153,51,0,0,2,0,178,1,0
15532,34,0,1,1,0,430,1,0
38922,31,4,2,1,0,360,1,0
25346,36,2,0,2,0,299,1,0
33238,38,1,1,1,0,530,1,0
3675,40,9,1,1,0,75,1,0
1610,29,7,2,1,0,473,1,1
16928,50,1,1,0,0,-454,1,0
22538,34,4,0,2,0,140,0,0
39963,29,1,1,1,0,15,0,0
25570,30,4,1,2,0,86,1,1
837,45,2,1,1,0,68,1,0
35207,34,4,1,2,0,1495,1,0
33416,44,1,1,0,0,-337,1,0
3499,43,1,1,1,0,4520,1,0
30236,58,2,1,0,0,1249,0,0
37736,50,4,1,1,0,125,1,1
18105,30,7,2,1,0,726,1,1
39028,39,1,2,0,0,656,1,0
3639,52,7,1,1,0,108,1,0
27638,50,1,1,0,0,0,0,0
33729,71,5,0,2,0,780,0,0
15927,45,9,1,1,0,-847,0,1
4689,45,1,1,0,0,4170,1,1
29313,39,7,1,1,0,52,0,0
34295,28,4,2,2,0,678,0,1
10095,44,3,1,1,0,192,0,0
13202,51,7,1,1,0,272,0,1
22196,31,9,2,1,0,506,0,0
7215,35,9,2,2,0,130,1,0
24232,37,4,2,2,0,411,1,1
29219,40,4,1,2,0,0,1,0
5869,29,1,1,1,0,2,1,1
44984,33,4,2,2,0,816,1,0
36930,25,0,2,1,0,53,1,0
15575,52,2,1,0,0,592,0,0
9185,37,0,1,1,0,637,0,0
1254,57,0,0,1,0,3058,1,0
11653,36,10,2,0,0,2562,0,0
35057,33,4,1,1,0,3935,1,0
22114,58,4,1,2,0,287,1,0
22760,36,9,1,1,0,0,0,0
16184,39,1,2,1,0,0,0,0
25978,33,0,0,1,0,1762,1,0
32244,38,0,1,1,0,1933,1,0
36339,39,7,1,1,0,1005,1,1
5736,36,0,0,2,0,125,1,0
36015,38,9,1,1,0,1333,1,0
12078,44,0,1,1,0,10,0,0
37620,28,0,1,1,0,84,1,1
16904,30,1,2,1,0,3,1,0
7679,55,10,2,0,0,5,1,0
9860,52,3,1,1,0,3034,0,0
7996,29,2,1,1,0,291,1,0
16883,39,2,1,0,0,13930,1,0
11373,50,6,1,1,0,306,0,0
2633,47,1,1,0,0,2466,1,0
2017,37,4,2,2,0,493,1,0
24471,58,4,1,2,0,16264,0,0
17585,48,0,1,1,0,292,1,1
19824,50,7,1,0,0,1903,0,0
40265,25,9,2,1,0,266,0,1
6435,38,9,1,1,0,-735,1,0
19537,60,4,1,2,0,0,0,0
3300,44,1,1,3,0,146,1,0
25709,32,10,1,1,0,11524,1,0
30293,27,4,2,2,0,2648,0,0
38558,27,4,2,2,0,7944,1,0
21411,48,9,1,1,0,427,0,0
11661,46,3,1,0,0,4064,0,0
44269,41,0,1,1,0,14968,0,0
764,42,9,1,2,0,239,1,1
41349,33,9,2,2,0,2340,0,0
19900,45,9,1,2,0,3168,0,0
38021,36,9,1,1,0,-531,0,0
23584,42,9,0,1,0,37,0,0
15272,36,1,2,1,0,641,1,0
6307,26,1,2,1,0,592,1,1
35409,25,7,1,1,0,51,1,1
24177,35,10,2,1,0,127,1,0
12387,28,7,1,1,0,4,1,0
2785,28,4,2,2,0,202,1,0
4883,32,9,1,1,0,2693,1,0
17761,32,9,1,1,0,84,0,1
9924,56,4,1,0,0,1172,0,0
43534,31,0,2,1,0,81,1,0
27983,32,1,1,1,0,0,1,1
9429,53,1,1,1,0,66,0,0
26758,32,4,2,2,0,3097,1,0
18546,42,9,2,1,0,0,0,0
32770,29,9,1,1,0,1180,1,0
3855,32,4,2,1,0,916,1,0
12155,29,0,2,2,0,507,1,0
4015,34,1,1,1,0,305,1,0
1925,36,1,1,1,0,198,1,0
31107,38,0,1,1,0,755,1,0
42400,53,10,1,0,0,980,1,0
8780,30,7,2,1,0,773,1,1
2430,40,1,1,0,0,-166,1,0
37331,32,4,0,2,0,1804,1,0
18792,48,1,1,1,0,4259,0,0
7885,59,0,1,0,0,2532,1,0
19795,42,2,1,2,0,42045,0,0
21185,60,3,1,0,0,15,0,0
16574,36,1,1,3,0,0,0,0
5213,30,7,2,1,0,399,1,1
35970,51,1,1,1,0,1022,1,0
3977,37,1,2,1,0,197,1,0
37450,51,1,1,1,0,707,1,0
41608,70,5,1,2,0,44,0,0
29976,31,2,2,3,0,301,1,0
37795,42,6,1,1,0,2,1,0
2809,52,4,1,1,0,478,1,0
2750,46,5,1,0,0,1374,0,1
23085,41,4,2,2,0,236,0,0
28989,34,4,1,1,0,0,0,0
398,34,1,1,1,0,283,0,1
4220,55,9,1,1,0,978,1,0
16665,32,9,1,2,0,401,1,0
42182,27,7,2,1,0,6279,1,0
13112,42,1,1,0,0,1556,0,1
37134,33,9,2,2,0,2565,1,0
15097,46,9,0,1,0,-154,1,0
23238,38,4,1,2,0,3228,0,0
17868,39,0,1,1,0,406,0,0
31033,39,4,1,1,0,363,1,1
5761,41,1,1,1,1,-651,1,1
21208,35,4,2,2,0,51,0,0
9140,49,4,1,2,0,414,1,0
9818,56,4,1,1,0,819,0,0
37115,39,1,1,0,0,157,1,0
29735,50,4,1,2,0,207,1,0
7370,38,1,1,0,0,498,1,0
6262,25,1,2,1,0,-143,1,1
42021,65,0,1,1,0,11240,1,0
29536,41,4,1,2,0,0,0,0
42821,33,2,2,1,0,278,0,0
9105,44,10,1,2,0,1151,1,0
37199,32,1,1,1,0,1779,1,0
43939,38,1,1,0,0,1630,1,0
11038,38,2,1,1,0,197,0,0
26907,35,4,2,1,0,356,1,0
25692,32,7,2,1,0,2615,0,0
6673,36,6,1,2,0,15,1,0
23173,34,6,2,1,0,296,0,0
4685,32,7,1,1,0,204,1,1
37381,40,1,0,1,0,635,1,0
11445,42,1,2,0,0,1401,1,0
27997,53,4,1,2,0,0,0,0
1682,29,4,1,2,0,246,1,0
9534,45,1,0,1,0,0,0,0
40550,48,0,2,1,0,0,1,1
161,39,9,2,2,0,47,1,0
16181,26,1,2,1,0,1,1,0
37264,37,4,2,2,0,1339,1,0
28307,49,3,1,2,0,50,1,1
21981,46,7,1,1,1,130,0,0
26285,45,2,0,1,0,1187,0,1
5818,47,7,1,1,0,2070,1,1
15854,34,7,1,1,0,5,1,0
12759,47,4,1,3,0,12245,0,0
2371,37,0,1,1,0,36,1,0
6658,28,7,2,1,0,2921,1,0
21665,53,4,1,2,0,261,0,0
17355,53,3,1,0,0,994,0,1
44994,27,8,2,1,0,279,0,0
25222,33,7,1,1,0,244,1,0
31375,28,8,2,1,0,5916,0,0
42060,47,4,2,2,0,159,0,0
41289,61,5,1,1,0,399,0,0
32368,38,0,1,1,0,281,1,0
4503,42,4,1,1,0,2416,1,0
170,35,1,1,1,0,0,1,0
17930,29,9,1,1,0,3615,1,0
36757,41,1,1,1,0,449,1,1
38482,42,7,1,1,0,1370,1,0
35411,28,7,1,1,0,15,1,0
39669,49,3,1,0,0,5038,1,0
3254,46,0,1,1,0,1934,0,1
23339,34,4,1,2,0,255,0,0
33674,27,1,2,0,0,497,1,0
36041,39,0,0,1,0,141,1,1
39601,28,0,2,2,0,336,0,0
15288,43,4,2,1,1,-1164,1,1
23624,49,7,1,1,0,2420,1,0
3258,33,1,2,1,0,49,1,0
38729,31,4,1,2,0,1010,1,0
1315,44,0,2,1,0,-84,1,0
25298,49,4,1,2,0,999,0,0
29990,46,2,1,2,0,954,1,1
28332,48,6,1,2,0,929,0,0
37981,47,3,1,0,0,275,1,0
37276,35,7,2,1,0,-639,1,1
19344,35,9,2,2,0,0,1,0
29286,35,0,1,2,0,1145,1,0
19601,45,1,1,1,0,1583,1,0
38324,30,1,1,0,0,714,1,0
27749,26,4,2,2,0,2725,0,0
31756,45,3,1,0,0,317,1,0
12782,36,7,1,1,0,-274,0,0
31350,30,4,1,2,0,739,0,0
3134,44,9,1,1,0,2626,1,0
23696,35,9,1,1,0,-78,0,0
38311,23,1,2,1,0,780,1,0
4736,23,8,2,1,0,-116,1,0
26795,59,4,1,2,0,5314,0,0
12718,39,9,2,1,0,506,1,0
20182,34,9,2,2,0,370,0,0
28575,52,1,1,0,0,967,0,0
43694,54,11,1,1,0,2206,0,0
17574,31,1,1,1,0,892,1,0
14431,53,4,0,2,0,0,1,0
13626,45,9,1,1,0,0,1,1
9391,38,1,1,0,0,8251,0,0
22014,48,1,1,1,0,1143,1,0
23093,33,9,1,1,0,2362,1,0
28253,36,4,2,2,0,-155,1,0
2983,45,2,2,2,0,1410,1,0
16843,49,3,1,0,0,0,1,0
31550,44,2,1,1,0,887,1,0
42817,45,4,2,2,0,4831,0,0
34313,32,6,0,2,0,3271,0,0
9639,60,5,1,1,0,1420,1,1
14663,43,9,2,2,0,1154,0,0
41759,67,5,1,0,0,1430,0,0
3951,32,1,1,0,0,158,1,0
255,39,1,1,0,0,279,1,0
21098,56,1,1,1,0,1119,1,0
30016,44,1,0,1,0,272,1,0
35167,32,4,1,2,0,2465,1,1
5154,30,9,1,1,0,4733,1,0
33773,52,4,1,1,0,5193,0,0
11017,49,9,1,1,0,788,0,0
3578,23,7,2,1,0,496,1,0
25051,36,4,0,1,0,1655,1,0
18597,55,9,1,2,0,804,0,0
38420,32,1,1,0,0,252,1,0
20139,39,9,1,1,0,394,0,0
22968,51,1,1,0,0,176,0,1
36221,34,1,1,0,0,1756,1,1
14830,28,0,1,1,1,105,0,0
32446,54,7,0,3,0,0,1,0
25963,44,4,2,2,0,709,1,0
35714,38,2,1,0,0,350,1,0
8688,49,1,1,0,0,387,1,1
42698,27,8,2,1,0,2245,0,0
18155,55,4,1,2,0,2366,1,1
24658,30,9,2,1,0,426,1,0
15235,54,6,1,2,0,269,1,0
20633,39,4,1,2,0,271,1,0
2064,44,7,0,1,0,210,0,1
28529,34,1,1,1,0,-211,1,0
40823,34,1,2,1,0,1923,0,0
29492,31,10,2,2,0,1489,1,0
15096,30,4,1,2,0,248,0,0
15383,58,7,0,1,0,-158,0,0
25076,38,9,1,2,0,3234,0,0
34112,38,9,1,1,0,865,1,0
33372,46,7,1,1,0,327,1,1
26844,56,7,1,1,0,4763,1,0
36121,41,7,1,1,0,572,1,0
38940,41,1,0,0,0,-129,1,0
17158,31,9,1,2,0,19,1,0
82,42,9,2,1,0,690,1,0
1017,39,0,1,1,0,367,1,0
24109,43,5,1,1,0,860,0,0
36286,56,6,0,2,0,966,1,0
43829,26,8,2,1,0,4613,0,0
36711,41,0,0,1,0,1634,1,1
5573,39,0,1,1,0,-288,0,0
16699,36,0,2,1,0,1281,0,0
5978,45,4,0,2,0,-901,1,0
8016,34,0,1,0,0,239,1,0
15900,33,7,1,1,0,0,1,0
8544,34,4,2,2,0,340,1,0
43207,42,4,1,2,0,144,0,0
44324,54,4,1,2,0,752,0,0
13849,38,4,0,2,0,219,1,0
11425,44,1,2,0,0,1308,0,1
39535,24,8,2,1,0,23878,0,0
17102,46,1,1,0,0,-160,0,1
21107,38,4,1,2,0,-498,0,0
1332,34,1,2,1,0,177,1,0
19605,50,3,1,0,0,152,0,0
25407,30,0,1,1,0,8781,1,0
23685,39,9,2,2,0,1522,1,0
16496,56,5,1,0,0,2399,1,0
13856,33,4,1,2,0,91,0,0
28844,57,4,1,2,0,0,0,1
1147,37,9,1,1,0,157,1,0
42073,41,10,1,2,0,0,0,0
32275,29,9,2,1,0,525,1,0
30357,37,3,1,1,0,7433,0,1
30679,60,0,0,1,0,-41,1,1
4431,35,1,1,0,0,102,1,0
39324,32,1,2,1,0,135,1,0
42290,33,0,1,1,0,920,0,0
10215,49,7,2,1,0,133,0,0
43966,33,4,2,2,0,224,0,0
7005,26,7,1,1,0,33,1,0
22021,51,4,1,2,0,7631,0,0
35340,48,9,1,1,0,-938,1,0
14719,39,9,2,2,0,1531,0,0
41905,43,9,1,1,0,69,1,1
19031,59,1,1,0,0,460,0,0
17991,35,7,1,1,0,5,0,0
20844,58,7,1,1,0,627,0,0
43415,29,4,2,3,0,560,0,0
41985,41,11,2,3,0,942,0,0
28089,51,0,1,1,0,2662,0,0
33434,30,8,2,1,0,0,0,0
12138,50,7,1,1,0,901,1,0
44983,35,1,0,3,0,172,0,0
26877,32,2,0,0,0,1,1,1
29782,28,6,1,2,0,0,1,0
12576,45,7,0,1,0,-179,0,0
7892,40,1,1,0,0,3693,1,0
24266,43,9,1,1,0,1865,1,0
12396,60,5,1,1,0,78,0,1
14621,25,7,2,1,0,-352,0,0
23207,38,9,1,2,0,51,0,0
35848,39,1,1,1,0,576,1,0
43485,62,5,1,0,0,1515,1,0
6091,36,1,1,1,0,-185,1,0
26793,54,6,1,1,0,641,1,0
40523,38,8,1,3,0,0,0,0
15983,31,4,1,2,0,216,0,0
18305,51,1,1,0,0,63,1,1
215,40,9,1,2,0,483,1,0
40828,46,4,1,2,0,1600,1,1
40767,40,9,1,1,0,694,1,0
26075,36,9,1,1,0,4613,0,0
9549,49,1,1,0,0,0,1,0
32101,40,9,1,1,0,0,0,0
36312,42,0,2,1,0,1453,1,0
23224,58,4,1,2,0,2076,0,0
13648,35,1,0,0,0,13,0,1
30884,32,9,1,1,0,106,0,0
42952,60,9,1,1,0,824,1,0
10285,55,1,1,1,0,0,0,0
33996,29,4,2,2,0,91,0,0
4566,59,5,1,1,0,-313,1,0
13001,27,7,1,1,0,379,0,1
43977,35,4,1,2,0,1870,1,0
18034,56,5,0,1,0,1005,0,1
37439,29,1,2,1,0,1550,1,1
43455,56,9,1,1,0,147,0,0
6009,34,7,1,1,0,1414,1,0
7429,38,1,2,1,0,522,1,0
15713,39,4,1,2,0,1423,1,0
43082,60,5,0,1,0,1,0,0
40841,32,1,2,2,0,60,1,1
31963,44,0,0,1,0,21,1,0
30267,42,4,1,1,1,-34,0,0
36324,41,7,1,1,0,1319,1,0
7639,38,4,2,2,0,-974,1,0
11909,46,4,1,1,0,12186,0,0
3500,29,4,1,2,0,10576,0,0
18472,42,10,2,1,0,714,0,0
4944,36,4,1,2,0,502,1,0
8374,25,0,2,1,0,120,1,0
16020,30,4,2,2,0,14,0,1
42439,51,0,1,1,0,241,0,0
35457,48,4,0,1,0,122,1,0
40822,21,10,2,1,0,280,0,0
25625,33,3,1,2,0,0,0,0
3919,34,9,1,1,0,978,1,0
32080,36,4,1,2,0,926,0,0
42542,60,0,1,1,0,3735,0,0
34660,37,0,2,2,0,0,1,0
34133,35,9,1,1,0,-288,1,1
1336,43,9,1,2,0,2331,1,0
4332,37,4,1,2,0,89,1,0
10337,42,1,1,1,0,273,0,0
29672,29,9,1,1,0,655,1,0
29155,36,0,1,1,0,131,1,0
28404,33,4,2,2,0,-144,0,0
28372,37,0,0,2,0,195,1,0
6226,26,1,2,0,0,619,1,1
22964,34,4,2,2,0,436,0,0
13694,56,4,1,1,0,1560,1,0
30873,59,7,1,1,0,968,0,0
24691,48,9,1,3,0,2106,1,0
9412,46,9,1,2,0,0,0,0
29856,48,1,1,1,0,320,1,1
8852,29,6,1,2,1,-1083,1,0
3039,57,9,1,1,0,629,1,0
6630,44,1,1,1,0,577,1,0
20586,34,6,1,2,0,0,0,0
33537,42,1,1,0,0,636,1,0
39806,45,2,1,2,0,98,0,0
32977,50,1,1,0,0,12519,1,0
81,47,7,0,1,0,164,0,0
40301,28,4,2,2,0,502,0,0
638,44,7,0,1,0,1,1,0
18057,50,2,1,1,0,1011,1,0
26404,52,2,1,2,0,1115,1,0
4909,35,9,1,1,0,569,1,0
7609,29,0,1,1,0,396,1,0
30184,41,0,0,1,0,4,1,0
41399,34,7,2,1,0,528,1,0
14790,57,2,1,2,0,7699,0,1
5585,37,7,1,1,0,-21,1,1
38941,44,0,1,1,0,1042,1,0
12807,32,7,2,1,0,-1139,1,0
42298,31,0,2,1,0,270,0,0
32099,65,4,1,1,0,587,0,0
44145,80,5,1,0,0,1468,0,0
31880,39,9,1,1,0,6533,1,0
12450,35,9,1,1,0,251,1,1
14309,60,5,1,2,0,0,0,0
31952,43,1,1,1,0,678,1,1
25345,40,2,1,1,0,1532,1,1
40710,77,5,1,1,0,638,0,0
9253,55,4,1,3,0,0,0,0
22497,50,0,1,0,0,82,0,0
3276,46,1,0,1,0,1480,1,0
11298,51,9,1,2,0,1533,0,0
32336,28,0,1,1,0,1428,1,0
14475,37,7,1,1,0,0,1,0
6014,35,1,1,1,0,1209,1,0
25498,35,7,2,1,0,0,1,0
44354,22,8,2,3,0,1232,0,0
5427,39,0,0,1,0,2679,1,1
7473,39,1,1,0,0,0,0,0
13466,43,1,2,0,0,0,0,0
20349,47,7,1,1,0,24,0,0
25725,41,4,1,2,0,2885,0,0
43543,46,1,1,1,0,1723,0,0
37779,45,2,1,0,0,276,1,1
32157,44,4,2,2,0,897,1,1
361,42,7,1,1,0,1263,1,0
33665,37,7,1,1,0,47,1,0
12813,39,0,1,1,0,2319,0,0
31157,26,0,2,2,0,313,0,1
34081,31,0,1,1,0,35,0,0
35015,32,9,1,1,0,-360,1,0
15906,44,4,1,0,0,4758,1,0
6827,31,0,2,1,0,-449,1,0
28899,30,9,2,1,0,316,1,1
14516,59,3,1,0,0,37,0,1
33150,36,4,1,2,0,928,1,0
4995,21,8,2,1,0,232,1,0
5121,38,0,1,1,0,3732,1,0
7694,40,0,1,1,0,1597,1,0
4455,31,1,1,1,0,2,1,0
20851,47,1,1,0,0,2642,0,0
7552,25,8,2,1,0,1790,0,0
28855,32,4,1,2,0,943,1,0
8330,51,2,1,1,0,0,1,1
17345,49,4,1,2,0,224,1,0
21078,38,4,2,2,0,2813,0,0
254,50,4,2,2,0,297,1,0
9243,38,1,2,1,0,68,0,0
14100,58,5,1,1,0,100,1,0
2780,31,0,1,1,0,752,1,0
40304,20,8,2,3,0,457,0,0
14932,40,1,1,1,0,-839,1,1
26232,36,1,1,1,0,270,1,1
32616,30,7,1,1,0,-43,1,1
30138,28,0,2,1,0,392,1,1
28757,49,0,2,1,0,827,1,0
33881,38,4,1,2,0,0,1,0
16712,32,4,2,2,0,597,0,1
7280,51,1,1,0,0,3170,1,0
4684,38,7,1,1,0,173,1,0
11882,31,1,1,1,0,1361,1,0
31593,44,1,1,1,0,879,1,0
11178,60,5,0,0,0,1582,0,1
4452,30,1,1,1,0,1803,1,0
9486,39,7,1,1,0,207,0,0
37303,39,1,1,0,0,499,1,0
31250,33,4,1,2,0,250,0,0
42257,33,9,1,1,0,133,0,0
17908,45,0,0,1,0,1201,0,0
37498,39,1,1,1,0,0,1,0
41927,76,5,0,0,0,2693,0,0
37192,51,1,1,0,0,864,1,0
27602,37,4,2,2,0,22125,0,1
20717,32,3,1,0,0,163,0,0
35908,55,9,2,2,0,-703,1,0
28237,29,10,2,0,0,550,0,0
6100,44,1,0,1,0,-222,1,0
38033,35,1,1,1,0,911,1,0
35300,31,9,2,1,0,77,1,0
23769,48,1,1,0,0,266,0,0
4849,36,4,2,2,0,808,0,0
33624,32,7,1,1,0,-632,1,1
43704,29,4,2,2,0,-27,0,0
19422,48,1,1,0,0,1203,0,0
8102,35,4,2,2,0,0,1,0
25378,30,0,2,1,0,2802,0,1
40064,36,4,2,2,0,1027,1,0
38053,37,1,1,0,0,3051,0,0
5061,28,7,2,1,0,348,1,0
2095,31,9,1,1,0,286,0,0
33803,72,5,1,0,0,763,0,0
3058,26,1,2,1,0,277,0,0
20376,50,6,1,1,0,111,0,0
42531,39,10,2,1,0,804,0,0
19414,39,9,1,1,0,425,1,0
20120,45,11,1,3,0,356,0,0
25399,39,4,1,2,0,3,1,0
14934,59,1,0,0,0,1228,0,1
25901,32,6,2,2,0,1249,1,0
5772,32,1,2,0,0,405,1,0
42847,34,0,0,1,0,661,1,0
26702,47,1,1,1,0,3070,0,0
248,39,1,1,1,0,483,1,0
1460,34,4,1,1,0,487,1,0
4204,54,0,0,1,0,912,1,0
41159,43,0,1,1,0,132,0,0
32498,33,7,2,1,0,1940,1,0
44410,78,5,1,3,0,38,0,0
10009,39,1,2,0,0,2,1,0
1624,51,1,2,0,0,368,1,0
44847,27,4,1,2,0,802,0,0
36748,28,0,1,1,0,-31,1,0
37373,31,1,1,1,0,295,1,1
19915,57,0,1,1,0,3242,0,0
17648,49,0,0,1,0,63,0,0
28653,29,10,2,0,0,115,0,0
37857,32,9,1,2,0,15,0,0
7855,33,9,2,1,0,268,1,0
40552,24,1,2,1,0,9883,0,0
10759,30,6,1,1,0,421,1,1
10563,38,9,1,2,0,606,0,0
41034,58,5,1,1,0,1227,0,0
26296,30,0,1,1,0,3750,1,0
16356,28,9,2,2,0,-123,0,1
11623,45,0,2,1,0,-198,1,0
2507,36,1,1,1,0,1165,1,0
26724,33,9,1,2,0,145,1,0
716,53,5,1,1,0,303,1,0
1794,42,1,1,0,0,479,1,0
37506,29,7,0,1,0,-7,1,0
4302,34,1,2,1,0,1484,1,0
20274,46,9,0,1,0,256,0,0
16808,40,6,1,2,0,191,1,0
21885,48,0,1,1,0,0,0,0
620,48,9,1,1,0,147,0,0
4397,39,0,2,1,0,4039,1,0
8230,28,1,2,0,0,8263,1,0
35113,40,4,1,2,0,1598,1,1
4538,36,0,1,1,0,2030,1,0
29560,52,1,2,1,0,894,0,1
44490,26,0,1,1,0,284,0,0
25948,30,2,1,1,0,12737,0,1
25747,32,4,1,2,0,11281,0,0
18421,45,7,1,1,0,27,1,1
37684,50,1,0,0,0,1629,1,0
605,39,1,1,1,0,285,1,1
19943,40,4,1,2,0,326,0,0
28205,51,4,2,2,0,0,1,0
24282,39,4,1,1,0,313,1,0
43988,49,4,1,2,0,1167,1,1
37481,38,9,2,2,0,69,1,0
7928,52,9,0,1,0,137,1,0
18168,57,5,0,1,0,39,1,0
41467,25,4,2,2,0,490,0,0
23540,46,9,1,1,0,0,0,0
9862,38,4,1,1,0,-104,1,0
33330,46,7,0,1,0,348,1,0
16635,32,9,1,2,0,0,0,1
28745,50,4,1,2,0,0,0,0
32074,78,5,0,3,0,2628,0,0
43782,33,4,2,2,0,576,0,0
42820,60,4,1,3,0,264,0,0
1532,35,1,1,0,0,105,1,0
37284,38,1,2,1,0,3344,1,0
13238,59,4,1,2,0,96,0,1
5036,35,9,1,1,1,-29,1,1
21557,53,1,1,1,0,6657,1,0
39386,36,4,2,2,0,490,0,0
20024,59,5,1,1,0,2768,0,1
44657,38,4,1,2,0,630,0,0
30051,32,1,1,0,0,651,1,0
21779,34,4,1,2,0,396,0,1
9884,35,0,1,1,0,1035,1,1
13775,59,5,0,0,0,20,0,0
39915,26,0,2,1,0,96,0,0
4164,42,2,2,0,0,103,1,0
31646,44,4,1,1,0,8262,1,0
797,39,4,1,2,0,305,1,0
29798,59,4,0,2,1,0,0,0
11131,33,4,2,2,0,729,1,1
17184,49,7,1,1,0,220,1,0
22915,44,4,1,2,0,3674,0,0
3368,28,8,2,1,0,0,1,0
12913,39,7,1,1,0,27,0,1
15996,51,0,1,1,0,194,0,1
15764,47,1,1,1,0,0,1,0
4471,59,0,0,1,0,-41,1,1
16732,26,7,1,1,0,-16,1,0
10976,40,1,1,1,0,1318,1,0
16176,50,0,1,1,0,-779,1,1
14444,39,0,1,1,0,350,1,0
8211,47,4,1,2,0,60,0,0
36979,43,1,1,1,0,620,1,0
40864,74,5,1,2,0,20422,0,0
22838,51,7,1,1,0,135,0,0
1569,41,4,1,0,0,-417,1,0
19619,50,1,1,3,0,123,1,0
37326,56,4,0,0,0,26,1,0
23450,58,5,1,2,0,136,0,0
37651,44,0,0,1,0,2999,1,0
18022,56,6,1,1,0,784,0,1
8239,29,0,1,1,0,301,1,0
16130,59,3,1,0,0,0,1,0
37282,32,4,2,1,0,416,1,0
21528,57,9,1,1,0,295,0,0
12838,34,1,1,1,0,205,1,1
18396,47,0,1,1,0,3936,1,0
36396,47,1,1,0,0,373,1,0
34499,32,6,2,2,0,721,1,0
12737,42,1,0,3,0,0,0,0
32779,34,7,1,2,0,277,1,0
22474,52,3,1,0,0,335,0,0
22685,32,9,1,1,0,1840,1,0
17431,52,1,0,1,0,1912,1,1
7814,53,9,2,1,0,198,1,1
17153,30,9,2,2,0,190,1,0
10071,54,9,1,1,0,2500,0,0
30041,44,9,1,1,0,0,0,1
20775,48,4,1,2,0,5887,0,0
21595,42,4,1,1,0,1079,0,0
22048,31,8,2,2,0,744,0,0
40928,44,9,1,2,0,1818,1,1
26225,31,9,1,1,0,1263,1,0
40981,33,4,1,2,0,641,1,0
37462,43,4,1,2,0,1264,1,0
29631,31,1,1,3,0,-120,1,0
25149,35,2,1,1,0,1309,1,0
23909,39,4,2,1,0,36,0,0
39628,55,9,0,1,0,217,1,1
14129,43,9,1,1,0,0,1,0
10943,37,2,2,1,0,926,0,0
21867,37,9,0,1,0,23,0,0
19887,35,4,2,2,0,252,1,0
27419,52,4,1,2,0,1065,1,1
15370,31,4,2,2,0,3981,1,0
12870,59,4,2,2,0,623,1,0
25952,32,9,2,2,1,0,0,0
28308,41,7,1,1,0,1141,1,0
8318,55,10,1,1,1,1108,1,1
17159,51,2,1,1,1,-2082,0,1
8881,49,1,1,0,0,391,1,0
15639,27,1,2,2,0,1372,0,0
31759,49,4,1,2,0,519,1,0
28054,59,5,0,1,0,208,0,1
15130,35,4,1,2,0,489,1,0
13995,54,9,1,1,0,89,1,0
35943,36,9,0,1,0,515,1,1
23808,47,0,1,1,0,996,0,0
17231,33,7,2,1,0,0,1,0
19318,49,7,1,1,0,153,0,0
3064,29,0,1,1,0,387,1,1
16931,35,4,1,2,0,0,1,1
37587,54,0,2,1,0,3344,1,0
16854,35,9,2,1,1,0,0,0
29829,43,10,1,1,0,553,0,0
6840,27,7,2,1,0,9636,1,0
6114,36,7,2,1,0,203,1,0
2628,46,9,2,1,0,148,1,0
39681,25,4,2,2,0,430,0,1
4702,27,0,2,1,0,-215,1,0
32697,36,1,1,1,0,1272,1,0
5399,46,4,2,1,0,295,1,0
20560,46,9,1,1,0,190,1,0
14928,50,4,1,1,0,1165,0,0
40033,43,1,1,0,0,3917,0,0
21184,58,3,1,1,0,2705,0,0
25495,52,0,1,1,0,299,0,0
12547,56,0,1,1,0,20,0,0
39642,26,8,2,2,0,255,0,0
15951,46,1,1,1,0,942,0,0
339,32,7,2,1,0,121,1,0
25940,42,4,2,2,0,515,1,0
12511,37,7,2,0,0,0,0,1
4110,34,1,1,0,0,46,1,1
20245,35,4,1,2,0,43,0,0
33293,28,7,1,1,0,1394,1,0
33886,58,5,1,2,0,1425,0,0
25705,33,4,1,2,0,3024,0,0
36073,35,9,0,2,0,4515,1,0
604,51,1,1,1,0,50,1,1
22171,57,1,1,1,0,2887,0,0
44817,26,8,2,1,0,655,0,0
12915,52,10,1,2,0,1023,0,0
760,33,1,0,1,0,60,0,0
15198,29,4,1,2,0,51,1,0
19691,56,5,1,1,0,1956,0,0
23639,53,1,1,1,0,65,0,0
3073,60,5,1,1,0,2077,1,0
356,44,1,2,1,0,34,1,0
44907,31,4,1,3,0,385,0,0
42155,34,4,1,2,0,527,0,0
44397,60,3,1,1,0,0,0,0
14929,33,4,1,2,0,4,1,0
32627,34,0,1,1,0,642,1,0
25777,53,9,1,1,0,2818,1,0
24961,35,9,1,1,0,222,1,0
4433,36,10,1,1,0,733,1,0
43209,30,4,1,2,0,359,0,0
3169,57,4,0,1,0,3625,1,0
16871,27,9,2,2,0,372,1,1
11436,42,0,2,1,0,283,1,0
15675,25,7,2,1,0,64,0,0
6391,25,1,1,1,0,97,1,0
15656,27,0,2,1,0,15,0,1
10565,35,1,2,3,0,422,0,0
43725,24,4,2,2,0,1,0,0
29061,58,0,0,1,0,0,1,0
31496,54,4,0,2,0,5399,0,1
33817,30,8,2,1,0,5836,0,0
28748,31,7,1,1,0,288,0,0
31694,33,1,2,1,0,706,1,0
38435,37,1,1,0,0,-212,1,0
591,38,9,1,1,0,581,1,0
22751,33,9,1,1,0,0,0,0
18584,47,4,2,2,0,1187,0,0
22466,50,2,1,1,0,7907,1,1
44802,31,4,2,2,0,3340,0,0
18113,45,9,1,1,0,2922,0,0
30371,49,1,1,0,0,217,1,0
39449,27,8,2,2,0,118,0,0
9093,42,11,2,3,0,1316,0,0
32391,32,7,1,1,0,1273,1,0
1217,32,1,2,1,0,5,1,1
23089,37,4,2,2,0,-533,0,0
34900,32,9,2,1,0,-569,1,0
43334,52,9,2,1,0,436,0,1
14600,53,1,1,0,0,4143,0,0
1935,27,7,2,1,0,683,1,0
4768,32,4,2,2,0,-345,1,0
38684,39,0,1,1,0,8,1,0
14721,54,2,1,1,0,0,0,1
3575,48,1,1,0,0,575,0,0
23572,37,4,1,2,0,6743,0,0
12610,46,4,2,2,0,655,0,1
44303,27,7,2,1,0,230,0,0
24779,41,0,1,1,0,4320,1,0
30561,38,0,0,1,0,19,1,0
43350,37,7,1,1,0,2678,0,0
4892,35,1,1,1,0,-557,1,1
28998,53,6,1,2,0,451,1,0
5148,34,4,1,2,0,4170,1,0
39029,33,7,0,1,0,90,1,0
24672,43,7,0,1,0,1043,1,0
15355,26,1,1,1,0,-384,1,1
18882,30,9,2,2,0,97,0,0
24357,56,4,0,2,0,2126,1,0
24736,35,6,1,1,0,3329,0,0
44565,61,5,1,1,0,523,0,0
20857,34,9,1,1,0,0,1,1
26119,30,9,2,1,0,383,1,1
24923,48,7,1,1,0,2877,1,0
16111,39,0,1,1,0,651,1,0
25732,40,1,2,1,0,3,0,0
37713,46,4,0,2,0,233,1,1
18276,38,9,1,1,1,0,0,1
20547,45,9,1,1,0,3241,0,0
25837,46,2,1,1,0,3317,0,0
42101,38,9,1,2,0,732,0,0
43066,35,4,2,2,0,681,0,0
38764,29,9,2,1,0,-2,1,1
32875,35,7,1,1,0,586,1,1
8829,49,2,1,0,0,5380,1,0
1552,48,9,0,2,0,574,1,0
17801,44,3,1,0,0,64,0,1
10238,32,9,0,1,0,2,1,0
5804,36,4,1,2,0,605,1,0
21241,45,1,1,0,0,419,0,0
26163,36,0,2,1,0,10041,1,0
28146,59,5,1,0,0,-411,0,0
23295,52,9,1,1,0,470,0,0
30202,33,4,1,2,0,741,0,0
9479,35,1,2,3,0,871,1,0
17240,56,1,0,1,0,1346,0,1
15242,40,9,1,1,0,500,1,0
35246,24,1,2,1,0,6837,1,0
45075,28,9,2,2,0,11862,0,0
22576,43,4,1,1,0,445,0,0
4756,26,1,2,1,0,972,1,0
2159,39,1,2,0,0,446,1,0
15994,31,1,1,1,0,80,1,1
18701,39,1,2,0,0,554,0,0
38490,41,1,0,1,0,2540,1,0
15753,42,9,0,1,0,1858,0,0
7913,33,4,0,2,0,-1027,1,0
21515,32,9,1,2,0,264,1,0
37194,36,1,1,1,0,1969,1,1
16132,42,9,1,1,0,33,0,0
6371,42,10,1,1,0,-165,1,1
24595,44,7,1,1,0,3843,1,0
17951,43,7,1,1,0,-1,0,0
40145,28,0,1,2,0,153,1,0
30727,47,6,1,2,0,-80,1,0
14399,52,9,0,1,0,280,0,0
18065,36,0,2,1,0,1328,0,0
44017,57,11,1,0,0,1884,0,0
7668,42,10,0,1,0,1713,1,0
9686,32,0,1,1,0,-1272,1,0
9067,39,1,1,0,0,3503,0,0
17271,60,5,1,1,0,3570,0,0
44194,42,10,1,1,0,1289,0,0
28175,32,4,2,2,0,223,0,0
17160,29,4,2,2,0,2063,0,0
34104,26,8,2,3,0,2503,0,0
36074,36,4,0,2,0,803,1,0
1574,44,1,1,1,0,138,1,0
28183,37,1,1,0,0,345,1,0
22250,30,4,2,2,0,55,0,0
17335,29,7,2,1,0,553,0,1
41582,50,4,0,2,0,810,0,0
12709,58,1,0,0,0,820,1,0
20512,30,4,2,2,0,1038,0,0
44450,34,0,0,1,0,661,1,0
5789,47,9,1,1,0,-545,1,1
5034,34,5,1,0,0,4499,0,0
19307,39,4,1,2,0,1112,0,0
26343,33,6,2,2,0,9670,0,0
38346,32,9,2,2,0,1710,1,0
22559,35,9,2,1,0,127,0,0
4021,52,6,1,1,0,1066,1,0
5877,35,9,0,1,0,473,1,1
27898,41,3,1,0,0,2429,0,0
29805,40,5,1,0,0,658,1,0
27923,58,4,1,2,0,1271,1,0
44347,71,9,1,1,0,3020,0,0
17252,34,0,1,1,0,1655,1,0
30769,58,7,1,1,0,-37,0,1
45010,86,5,1,0,0,1255,0,0
31876,39,4,1,2,0,272,1,0
12957,51,1,1,0,0,720,0,0
33104,36,0,2,1,0,733,1,0
5610,37,9,2,2,0,876,1,0
41398,39,0,1,1,0,973,1,0
7493,58,6,1,2,0,-81,0,0
32549,31,0,2,1,0,391,1,0
24074,32,9,2,2,0,5514,0,0
1832,40,1,1,1,0,10,1,0
21090,30,9,2,1,1,-305,0,1
4862,35,4,2,2,0,6659,1,0
15838,26,9,2,1,0,223,0,1
36905,34,1,1,0,0,373,1,0
31640,45,1,1,1,0,146,1,1
40045,22,8,2,1,0,4132,0,0
40728,34,9,1,2,0,7050,0,0
35520,57,7,1,1,0,1577,1,0
27201,57,5,0,2,0,476,0,0
38190,48,4,1,2,1,-13,1,0
34700,41,7,1,3,0,394,1,0
13395,26,10,2,1,0,111,0,0
43288,33,9,1,1,0,1,1,0
23041,60,1,1,0,0,11,0,0
18304,46,4,1,2,0,1139,0,0
28880,34,4,1,1,0,243,0,0
21020,34,9,1,2,0,8029,1,0
35945,43,6,1,1,0,56,1,0
26209,33,9,2,1,0,247,1,0
11378,57,5,2,1,0,630,0,0
36981,42,1,2,3,0,2835,1,0
36190,34,9,1,2,0,1611,1,0
14016,39,3,1,0,0,2460,0,0
38811,48,1,1,1,0,5089,1,0
5740,35,7,1,1,0,-197,1,0
33463,32,9,1,1,0,1214,1,0
33596,27,0,1,0,0,395,1,0
38418,27,7,2,1,0,353,1,0
20606,34,4,1,2,0,496,0,0
7858,58,1,1,1,0,1025,1,0
1499,34,7,1,1,0,-315,1,0
30301,39,9,1,0,0,1846,0,0
39561,25,4,2,2,0,1602,1,0
3267,44,1,2,0,0,116,1,0
15193,40,6,1,2,0,355,1,0
22290,33,4,1,2,0,0,0,1
34212,60,0,0,1,0,4519,0,0
2285,38,4,1,2,0,551,1,0
19784,32,4,2,2,0,0,0,0
0,58,4,1,2,0,2143,1,0
42824,72,5,2,2,0,1285,0,0
2438,31,6,1,1,0,263,1,0
41440,30,0,2,1,0,2568,0,0
5299,32,7,1,1,0,207,1,0
12320,27,1,1,2,0,335,1,0
39594,36,9,1,1,0,15485,0,0
4280,31,0,0,1,0,47,1,0
37184,33,4,1,2,0,1064,1,0
6743,25,1,2,1,0,207,1,0
26445,44,7,1,1,0,-230,1,1
22598,51,9,1,1,0,130,0,0
12674,36,10,0,0,0,0,0,0
23986,34,9,0,1,0,347,0,0
32737,30,1,1,1,0,1171,1,0
9976,25,1,2,0,0,116,1,0
34338,33,4,1,1,0,11,1,0
16958,36,0,2,1,0,191,1,0
20803,42,9,1,2,0,849,0,0
3347,46,1,1,0,0,346,1,0
21278,49,1,1,1,0,1157,0,0
17764,60,6,1,0,0,362,0,1
29325,35,1,1,0,0,526,1,0
16884,28,9,2,1,0,799,1,0
25702,46,1,1,1,0,9347,1,0
34249,48,1,1,1,0,863,1,0
42340,53,9,1,1,0,163,1,1
9383,38,1,1,1,0,926,0,1
35769,37,1,2,1,0,180,1,0
42989,77,5,1,1,0,638,0,0
38876,26,4,2,2,1,-130,1,0
5386,41,9,1,2,0,-762,1,1
7972,47,7,1,0,0,1095,0,1
44599,35,0,1,1,0,2374,1,0
31002,31,9,2,2,0,830,1,0
18367,32,4,2,2,0,29,1,0
17224,32,9,1,1,0,163,1,1
29158,83,5,1,0,0,425,0,0
4673,31,1,1,1,0,0,1,0
8196,57,5,1,1,0,12917,1,0
33893,59,5,1,3,0,1116,0,0
444,34,9,1,1,0,367,1,0
34601,41,1,1,0,0,-441,1,0
36444,55,1,1,3,0,-361,1,0
28321,40,4,1,2,0,351,1,0
3513,55,11,1,3,0,666,0,0
17213,32,4,2,2,0,15561,1,0
23472,43,4,2,1,0,465,0,0
40876,57,0,2,1,0,2223,0,0
7973,39,4,1,2,0,177,1,1
24241,57,0,0,1,0,1878,1,0
15943,51,9,0,1,1,-113,0,1
34475,35,8,2,1,0,188,1,0
45105,36,9,1,1,0,2779,0,0
10681,53,1,1,1,0,1093,1,1
4664,44,7,1,1,0,1422,1,0
28551,49,10,1,0,0,518,0,0
27615,35,4,1,2,0,22569,1,0
35864,40,4,2,2,0,-222,1,0
4574,36,0,2,1,0,0,0,0
25293,35,4,1,2,0,222,1,0
3397,41,1,1,1,1,-204,1,0
1529,27,9,2,1,0,584,1,0
15824,28,7,1,1,0,6567,1,0
4645,40,1,1,3,0,486,1,0
1410,29,7,2,1,0,2,0,0
41194,43,4,1,2,0,3186,0,0
22587,35,4,1,2,0,94,0,0
37649,49,1,1,2,0,1769,1,0
42927,32,9,1,2,0,2976,1,0
44696,61,0,0,1,0,4519,0,0
16260,38,4,0,2,0,539,1,0
5162,38,1,1,1,0,622,1,0
26673,33,1,2,3,0,129,1,1
22399,37,4,1,2,0,31,0,0
12162,35,1,1,0,0,883,1,1
16067,41,4,0,3,0,465,1,0
30903,30,10,2,0,0,15261,0,0
2760,44,1,1,1,0,326,1,0
26801,54,4,1,0,0,3859,0,1
42084,47,10,1,2,0,1725,1,1
1704,36,7,1,1,0,335,1,0
25922,54,10,1,2,0,1180,0,0
38022,41,0,0,1,0,783,1,1
10421,27,0,2,1,0,18188,1,0
21960,47,9,1,1,0,275,0,0
35087,51,4,0,2,0,318,1,0
16881,49,1,2,0,0,566,1,0
21279,36,4,2,2,0,1283,0,0
34956,22,8,2,1,0,310,1,0
19891,34,4,1,2,0,63,0,0
34841,37,1,1,0,0,0,1,0
423,40,1,1,1,0,0,1,0
16343,54,3,1,0,0,1319,1,0
42675,50,0,1,1,0,2955,0,0
43913,66,0,1,1,0,4041,0,0
2449,49,5,1,0,0,2665,1,0
12790,43,4,1,2,0,460,0,1
11419,45,0,1,1,0,825,0,0
13731,26,1,2,1,0,-29,1,0
42041,54,9,1,3,0,240,1,0
15618,46,9,1,1,0,399,0,0
41903,77,5,1,3,0,1807,0,0
40851,71,5,0,2,0,261,0,0
5086,33,4,2,2,0,28,1,0
33927,34,6,1,0,0,7468,1,1
10161,43,0,0,1,0,57,0,0
42099,30,9,2,1,0,846,0,0
13752,30,0,1,1,0,-68,1,0
31220,35,0,1,3,0,1055,0,0
39705,38,9,2,1,0,2442,0,0
19154,53,1,1,3,0,1230,0,0
39005,58,1,1,1,0,1859,1,0
34199,33,9,1,1,0,133,0,0
42381,58,5,1,0,0,4007,0,0
39759,46,0,0,1,0,3280,0,0
18476,37,1,1,1,0,14,1,0
23782,33,4,2,2,0,2059,0,0
28509,30,7,2,1,0,9,0,1
43368,35,0,1,2,0,957,1,0
936,49,1,1,1,0,90,1,0
16943,49,9,0,1,0,-54,1,1
10552,41,1,1,1,0,2413,0,0
28478,32,1,0,1,0,98,1,0
41352,73,5,1,1,0,250,0,0
43707,37,9,2,2,0,197,0,0
28380,41,4,2,2,0,537,1,0
12264,34,9,1,1,0,1,1,0
26705,37,1,0,1,0,33,1,0
17640,33,9,2,1,0,338,1,0
34191,40,4,1,2,0,7780,0,0
17256,40,9,0,1,0,669,1,0
30353,34,0,1,1,0,155,0,0
11851,37,6,1,1,0,1549,1,0
24681,51,9,1,1,0,614,0,0
20825,32,4,2,2,0,1047,1,0
4197,27,1,1,1,0,72,1,0
153,39,4,1,1,0,18,1,0
39127,34,2,2,2,0,1068,1,0
13444,45,7,0,1,0,5758,1,0
866,49,1,1,0,0,3659,1,0
1649,41,9,1,1,0,483,1,0
27807,29,0,2,1,0,187,0,0
34241,33,9,1,1,0,557,0,0
9099,57,3,0,0,0,3063,0,0
38300,31,0,1,1,0,685,1,0
29328,32,4,2,2,0,739,1,0
1821,33,4,2,1,0,-665,1,1
9688,59,1,1,1,0,0,0,0
31738,25,0,2,1,0,82,0,1
25151,32,4,1,2,0,3107,1,1
17305,31,1,1,0,0,290,1,0
13690,27,10,2,0,0,9,0,1
13718,48,1,2,1,0,-367,1,0
25338,35,4,1,2,0,2472,0,0
3144,35,9,1,1,0,94,1,1
44096,42,4,1,2,0,298,0,0
24972,31,4,1,2,0,0,1,0
43595,32,4,1,2,0,6138,0,0
11640,50,3,1,0,0,0,0,0
29266,30,9,2,1,0,57,0,0
42511,28,1,2,1,0,1705,0,0
9242,45,1,0,0,0,844,0,0
18274,59,5,1,3,0,201,0,0
27812,28,10,2,1,0,23,0,0
27084,37,2,1,2,0,7944,0,0
35471,47,2,2,2,0,77,1,1
41843,83,5,0,0,0,2619,0,0
42908,30,8,2,3,0,145,0,0
13283,54,1,1,0,0,-16,0,1
43779,25,8,2,1,0,3713,0,0
40998,33,7,1,1,0,227,1,1
9950,56,1,0,0,0,3021,0,0
31,49,4,1,2,0,378,1,0
38275,31,9,2,2,0,4561,1,0
2131,34,9,2,1,0,-89,1,0
4171,38,2,1,1,0,830,1,0
30580,43,7,1,1,0,488,1,0
20124,31,4,1,2,0,0,0,0
1206,40,9,1,2,0,103,1,0
40332,37,4,1,2,0,26,0,0
30688,42,9,1,1,0,1048,1,0
6557,36,7,2,1,0,260,1,0
11855,36,3,2,0,0,207,0,0
25620,30,1,2,1,1,447,0,0
2896,47,4,1,2,0,3158,1,0
1798,33,10,1,1,0,-131,1,1
7437,28,4,2,2,0,1086,1,0
36976,36,1,1,1,0,1383,1,0
44336,32,4,1,2,0,6138,0,0
26226,34,9,1,1,0,210,1,1
35137,56,2,0,2,0,151,1,0
30183,33,1,2,1,0,16649,1,0
25748,30,11,2,3,0,6929,0,0
2215,48,1,1,1,0,684,1,1
9013,39,7,2,1,0,0,0,0
40456,25,0,2,1,0,285,0,0
8915,50,0,0,1,0,3423,1,1
39132,34,1,1,0,0,392,1,0
31840,36,1,1,1,0,536,1,0
19426,32,9,1,1,0,374,0,0
44597,29,8,2,1,0,1124,0,0
21381,51,4,2,2,1,-55,1,0
13751,46,9,1,1,0,218,0,0
19330,37,3,1,1,0,1558,0,0
19677,43,4,1,2,0,-334,1,0
35853,53,7,1,1,0,125,1,0
24612,59,0,1,1,0,2145,0,0
45187,32,7,2,1,0,1168,1,0
7664,39,1,0,1,0,160,1,0
23746,55,5,1,1,0,159,0,0
9984,35,0,1,1,0,2897,0,0
16192,27,1,1,0,0,300,0,1
33436,54,10,0,1,0,309,0,0
19942,31,9,1,1,0,535,0,0
30157,50,1,2,1,0,-111,1,0
27442,37,1,1,0,0,2120,1,0
14340,36,2,1,2,0,733,0,1
9617,37,6,0,1,0,231,0,0
23008,55,1,1,1,0,630,0,0
34217,37,2,2,1,0,20453,1,0
8136,27,7,2,1,0,1,1,1
14500,29,1,1,1,0,2312,1,0
39430,26,9,1,2,0,2026,0,0
23935,52,9,1,2,0,214,0,0
10130,42,1,1,1,0,103,0,0
7026,43,0,1,0,0,-516,1,0
27506,45,9,2,2,0,302,1,0
9056,36,1,1,1,0,0,0,0
29188,37,4,1,2,0,59,1,1
21617,42,9,0,1,0,12584,0,0
8398,28,0,2,1,0,1323,1,0
39992,45,9,1,1,0,406,1,0
14955,36,1,0,1,0,1305,1,0
8988,47,2,0,2,0,0,0,0
29609,54,9,0,1,0,258,0,0
19459,52,3,1,0,0,420,0,0
10050,41,7,1,1,0,0,1,0
5846,28,6,2,2,0,0,1,0
9880,44,4,1,2,0,349,0,0
857,38,7,1,1,0,208,1,0
36494,46,1,1,0,0,2313,1,0
22415,43,9,1,1,0,328,0,0
35440,37,4,0,2,1,-1,1,1
29749,37,1,0,1,0,0,1,1
25783,39,9,1,1,0,447,0,0
13455,42,6,1,1,0,634,1,0
42814,35,10,2,2,0,154,0,0
10026,50,3,1,0,0,3056,0,0
8892,37,10,2,1,0,1354,1,0
4893,33,4,1,2,0,741,0,0
16776,39,4,1,2,0,63,1,0
18857,43,4,0,2,0,36,0,0
2366,40,7,1,1,0,2172,1,1
15859,41,7,1,1,0,6687,1,0
45183,70,5,1,0,0,324,0,0
1342,33,0,0,1,0,140,1,0
40842,23,8,2,1,0,480,0,0
39382,36,9,2,1,0,54,0,0
3732,40,9,1,1,0,257,1,0
30752,47,7,0,1,0,691,0,0
41862,44,9,2,2,0,643,0,0
36509,53,9,1,0,0,70,1,0
33564,32,7,2,1,0,48,1,0
41248,48,3,1,2,0,5473,0,0
41689,36,0,1,1,0,11,1,0
28902,28,4,2,2,0,2080,0,0
18291,47,2,1,1,0,404,0,0
12079,49,7,1,1,0,-106,0,1
42536,40,0,2,1,0,782,1,0
30486,30,0,1,2,0,285,0,0
22883,45,9,1,2,0,285,0,0
22260,49,7,1,1,0,400,0,0
21222,34,4,1,2,0,724,0,0
32434,24,0,1,1,0,0,1,0
11753,44,7,1,1,0,-254,0,0
79,55,7,0,1,1,1,1,0
6068,34,1,1,1,0,247,1,1
9736,47,5,1,1,0,2383,0,0
15380,27,4,1,2,0,33,1,0
4322,34,1,1,1,0,1710,1,1
13602,39,1,1,0,0,-176,0,0
42910,32,0,2,2,0,3188,0,0
41693,60,5,1,0,0,71188,0,0
39853,36,4,2,2,0,688,0,0
24490,35,2,1,1,0,24,1,0
38713,26,1,2,1,0,474,1,0
41319,31,1,2,0,0,660,1,0
41796,50,4,1,0,0,313,0,0
28829,40,9,2,2,0,693,0,0
20023,36,9,0,1,0,1,0,0
42047,61,1,1,1,0,272,0,0
28768,27,4,2,2,0,1081,0,1
11969,43,6,1,2,0,819,0,0
30209,44,1,1,1,0,794,1,0
19486,51,6,1,0,0,183,0,1
24610,34,4,2,2,0,1049,1,0
35172,29,0,0,1,0,504,1,0
1402,25,1,2,1,0,0,1,0
42575,20,8,2,3,0,755,0,0
1920,42,1,1,0,0,0,1,0
27281,49,4,1,2,1,10,1,0
28535,26,9,2,2,0,43,1,1
37401,33,1,1,1,0,540,0,1
17653,55,7,1,1,0,529,1,0
18363,42,4,0,2,0,580,1,0
19303,55,4,1,2,0,0,0,0
9364,36,1,2,1,0,1012,1,1
19010,50,9,1,2,0,2313,0,0
3723,51,9,1,1,0,143,1,0
27710,36,1,1,0,0,156,1,0
33891,48,0,1,1,0,344,0,0
10125,51,3,1,3,0,819,0,0
3614,41,9,1,1,0,768,1,0
11740,50,9,0,1,0,396,0,0
10460,50,10,1,0,0,210,0,0
9759,37,1,2,0,0,7027,0,0
42734,48,4,1,2,0,1167,1,1
27833,58,10,1,0,0,446,0,0
18738,53,1,1,0,0,-294,1,1
20090,54,9,0,1,0,221,0,0
36243,42,0,1,1,0,1450,0,0
4914,35,2,1,2,0,280,1,0
39977,36,10,1,2,0,7222,1,0
5727,43,7,1,1,0,0,0,0
32204,72,5,1,1,0,4269,0,0
10452,52,7,1,1,0,-336,0,1
24347,45,9,0,1,0,30,1,1
40759,80,5,1,3,0,355,0,0
28472,60,9,0,1,0,615,1,0
32527,37,7,1,1,0,616,1,0
20076,32,3,1,0,0,727,0,0
44312,40,0,1,1,0,0,0,0
22984,31,4,1,2,0,0,0,0
30846,56,9,0,1,0,0,1,0
9141,41,0,1,1,0,4320,1,0
5059,29,1,2,1,0,445,1,0
11110,42,7,1,1,0,0,0,0
22209,32,4,1,1,0,134,0,0
6350,35,4,1,1,0,1160,1,0
4139,53,7,1,1,0,33,1,0
39631,21,1,2,1,0,164,0,0
15977,44,9,1,1,0,196,0,0
24918,41,1,1,1,0,1100,1,0
6157,23,0,1,1,0,836,1,0
42435,25,1,2,1,0,1163,0,0
6705,39,1,1,0,0,2862,1,0
13944,25,1,2,0,0,2483,0,0
27730,40,4,1,2,0,378,1,1
5071,32,4,2,2,0,1373,1,0
11727,59,10,1,2,0,279,0,0
2112,31,0,1,1,0,184,1,0
9721,47,10,1,1,0,2024,0,0
3479,42,1,1,1,0,-628,1,1
820,58,7,0,1,0,1109,1,1
3011,36,7,1,1,0,338,0,0
23535,49,11,1,1,0,0,0,0
8027,45,9,0,1,0,1309,1,0
26847,33,0,2,2,0,3379,0,0
18095,39,7,1,1,0,1116,1,0
3594,55,9,1,2,0,874,1,0
18749,42,4,2,1,0,1064,1,0
33477,29,1,2,1,0,482,0,0
22521,35,9,1,2,0,1006,0,0
38734,37,1,1,1,0,2016,1,1
4089,50,7,0,1,0,256,1,0
43849,21,8,2,3,0,200,0,0
9002,59,11,1,3,0,3940,0,0
203,35,8,2,3,0,298,1,0
21722,46,9,1,1,0,167,0,0
41886,59,10,1,1,0,561,0,0
7618,35,9,2,1,0,-54,1,0
11761,50,0,1,3,0,-1137,1,1
36408,46,0,0,1,0,875,1,1
22242,34,4,2,2,0,0,0,0
8103,33,9,2,1,0,77,1,1
35662,39,4,1,2,0,3518,1,0
1090,39,1,1,2,0,-33,1,0
15248,30,1,1,0,0,-199,1,1
36176,41,10,2,1,0,169,1,0
11874,38,1,1,0,0,3419,1,0
36875,43,1,1,0,0,-25,1,0
42150,69,9,1,2,0,482,0,0
27742,59,7,0,1,0,1,1,0
3833,30,9,2,2,0,236,1,0
10845,46,3,1,0,0,17,0,0
19112,49,9,2,1,0,1377,0,0
2772,46,1,1,1,0,2121,1,0
28850,45,2,0,1,0,44,0,1
36231,32,4,0,2,0,1145,1,0
30449,34,9,2,2,0,992,1,0
4406,36,4,1,2,0,806,1,0
16459,28,9,2,1,0,390,0,1
41432,69,5,1,1,0,148,0,0
42288,33,4,2,2,0,2465,0,0
16040,36,4,1,2,0,0,1,0
39089,33,9,2,1,0,315,1,0
42445,30,8,2,1,0,1681,0,0
35806,41,7,0,1,0,-170,1,0
35100,29,1,1,1,0,100,1,1
14655,27,0,2,1,0,454,0,1
13973,41,1,1,0,0,362,0,0
32632,36,4,2,2,0,953,1,0
12109,52,6,1,0,0,1750,0,1
30859,39,7,1,2,0,1493,0,0
40717,32,4,2,2,0,697,0,0
26584,30,4,2,2,0,1456,1,0
1523,31,1,1,0,0,50,1,0
2831,39,4,0,2,0,517,1,1
34291,35,4,1,2,0,520,1,0
3427,30,9,1,1,0,1534,1,1
14125,44,7,1,1,1,-146,1,0
42457,49,9,1,1,0,307,0,0
34420,42,0,0,1,0,2133,1,0
34031,29,0,2,1,0,719,0,0
18940,46,9,1,2,0,3009,0,0
16482,51,0,2,1,0,895,0,0
9503,41,3,2,0,0,21,0,0
13,58,9,1,3,0,71,1,0
2120,43,1,1,0,0,1558,1,0
38617,28,1,2,1,0,-208,1,0
33587,42,1,1,0,0,550,1,0
16741,50,3,1,2,0,5260,1,0
42050,39,4,1,2,0,53,1,0
26910,37,4,1,2,0,975,1,1
20313,40,9,1,1,0,4186,0,0
12664,29,1,2,0,0,343,0,0
6962,29,1,1,1,0,201,1,0
44005,38,4,2,2,0,623,0,0
1181,42,1,1,0,0,271,1,0
7049,35,1,1,1,0,120,1,0
21280,57,3,1,0,0,50,0,0
36025,27,1,2,0,0,68,1,1
28638,39,1,0,1,0,33,0,0
827,35,1,1,1,0,527,1,1
23365,57,1,1,1,0,1859,1,0
38911,27,1,1,1,0,30,0,1
12667,36,9,2,1,0,-272,0,1
12085,59,11,1,3,0,2443,0,0
30592,26,4,2,2,0,383,0,0
26401,32,2,1,2,0,3192,0,0
6916,28,9,2,1,0,1417,1,0
22417,35,4,1,2,0,3168,0,0
7040,42,10,0,1,0,325,1,0
34153,32,4,1,2,0,1388,1,0
8929,29,1,2,1,0,735,1,0
10775,48,1,1,0,0,0,0,0
18651,46,4,1,2,0,4879,0,0
33720,45,11,0,3,0,0,0,0
23848,39,4,2,2,0,109,0,0
20365,34,4,1,2,0,519,0,0
3469,40,5,1,1,0,1842,0,0
36726,39,0,1,1,0,607,1,0
29529,32,1,1,1,0,320,1,1
29287,33,1,2,1,0,123,0,0
22365,38,9,1,1,0,196,0,0
23546,34,9,1,1,0,1,0,0
14725,37,9,1,1,0,729,1,0
14212,38,4,0,2,0,349,1,0
35353,42,0,1,1,0,874,1,0
39496,45,9,1,1,0,5749,0,0
23577,40,9,1,1,0,1232,0,0
15211,50,1,1,1,0,19,0,0
38705,31,0,2,1,0,320,1,0
29010,35,9,1,1,0,1,0,0
42369,61,5,0,0,0,3624,0,0
33802,30,4,2,2,0,398,0,0
34993,35,4,2,1,0,83,1,0
610,29,9,2,2,0,405,1,0
20824,31,4,1,2,0,156,0,0
12005,56,9,1,3,0,9246,0,0
19819,33,4,1,2,0,530,1,0
37883,40,5,2,0,0,-79,0,0
13662,47,7,1,1,0,0,1,0
1041,48,0,1,1,0,359,1,0
35309,44,1,1,0,0,4031,1,0
4639,32,0,1,0,0,1351,1,0
24059,30,1,1,1,0,1664,1,0
39706,25,4,2,2,0,222,0,0
30506,45,0,1,1,0,67,0,0
7093,33,4,1,2,0,2508,1,0
21346,43,4,1,2,0,41630,0,0
11777,56,4,1,2,0,0,0,1
27557,36,4,1,2,0,396,0,0
12544,58,10,1,1,0,0,0,0
11122,36,10,0,1,0,8267,0,0
28571,41,1,1,1,0,140,1,0
36894,40,7,0,1,0,209,1,0
32534,33,1,1,1,0,489,1,0
9551,30,8,2,3,0,1232,1,0
26422,30,7,2,0,0,5746,1,0
44980,32,0,1,1,0,1229,0,0
35418,28,9,2,1,0,618,1,0
35790,37,1,1,0,0,403,1,0
7012,51,1,1,0,0,-1,0,0
22378,46,1,1,0,0,225,0,0
6797,32,4,1,2,0,4307,1,0
41907,54,9,1,1,0,3994,0,1
42991,57,3,1,0,0,501,1,1
7816,41,9,1,1,0,2990,1,0
25589,30,6,2,1,0,-617,0,1
30034,53,9,1,2,0,856,1,0
4278,47,1,1,0,0,146,1,1
42305,34,8,2,3,0,86,0,0
39235,34,0,1,1,0,393,1,0
22798,35,9,0,2,0,-995,1,1
11707,51,5,1,1,0,806,0,0
19652,46,0,1,1,0,22,1,0
26040,52,0,1,1,0,1648,1,0
37478,38,1,0,0,0,0,1,0
11120,36,1,1,2,0,9,1,0
24334,59,0,1,3,0,283,0,1
37040,34,0,2,0,0,286,1,0
33422,34,4,1,2,0,606,0,0
23467,34,4,1,2,0,630,0,0
33118,52,9,1,2,0,646,1,0
38218,30,1,1,0,0,123,1,0
8709,35,4,1,3,0,1128,1,0
14033,32,6,1,1,0,514,1,0
37743,43,2,1,0,0,2315,1,1
4633,55,0,1,3,0,1848,1,0
4919,33,4,1,2,0,188,1,0
181,35,9,0,1,0,787,1,0
35547,37,4,1,2,0,591,1,0
12606,42,4,2,2,0,1156,1,0
26356,49,4,2,2,0,7443,0,0
40831,45,0,1,1,0,1435,1,0
40173,31,0,1,1,0,389,1,0
21742,30,4,1,2,0,151,0,0
18332,46,1,1,1,0,870,0,1
699,57,4,1,2,0,2142,1,0
24051,52,4,1,2,0,6,0,0
1201,36,2,2,1,0,157,1,0
24081,57,11,1,3,0,19268,0,0
5097,37,1,1,0,0,543,1,0
42665,32,0,1,1,0,51,1,1
42719,27,8,2,1,0,2015,0,0
14353,38,9,1,1,0,976,1,0
18522,35,4,1,2,0,2801,1,0
15907,44,1,1,0,0,6393,0,0
30318,35,0,1,2,0,429,1,0
12373,43,4,1,2,0,544,1,0
38478,23,1,2,0,0,8627,1,0
34158,31,9,2,2,0,454,0,0
43836,26,10,2,1,0,1064,0,0
9358,54,4,1,2,0,884,1,0
826,37,7,2,1,0,259,1,0
29268,32,0,2,2,0,2004,0,0
12848,30,1,2,1,0,-42,0,0
13079,56,5,1,2,0,87,0,0
44070,31,8,2,1,0,3511,0,0
25044,41,9,1,1,0,2123,0,0
29120,26,8,2,2,0,376,0,0
8156,34,0,1,1,0,287,1,0
34248,49,4,1,2,0,1,1,0
8040,35,3,2,2,0,608,1,1
21695,54,9,0,1,0,-291,0,0
38251,31,9,1,2,0,-256,1,0
28362,30,0,2,2,0,726,0,0
11792,35,1,1,0,0,14,1,0
28661,27,4,2,0,1,13,0,0
9285,26,7,2,1,0,512,1,1
2587,52,9,0,1,0,1161,1,0
1421,34,4,1,2,0,1601,1,0
37906,48,1,1,1,0,333,1,0
41049,54,5,1,2,0,1778,0,0
10985,48,4,1,2,0,6613,0,0
30833,47,0,1,1,0,520,0,0
4439,38,0,0,1,0,3750,1,0
14640,27,7,2,1,0,1928,0,1
16914,44,9,2,0,0,237,1,0
41033,33,0,1,1,0,1737,0,0
15844,33,1,1,0,0,0,0,0
16165,27,1,2,1,0,113,0,0
19179,49,7,1,0,0,468,0,0
8731,24,1,1,1,0,-389,1,1
13620,42,7,1,1,0,0,1,0
1178,25,4,2,2,0,1348,1,0
44493,19,8,2,3,0,108,0,0
1080,37,6,1,0,0,0,0,0
37831,28,9,1,1,0,58,1,0
32665,31,1,1,0,0,99,1,0
9644,49,4,2,2,0,1,1,0
29922,42,4,1,2,1,0,1,0
38511,26,7,2,1,0,46,1,0
39173,30,7,0,1,0,1336,1,0
10948,38,9,2,2,0,110,0,0
28968,36,7,1,1,0,812,1,1
11950,47,4,0,2,0,2515,0,0
39862,34,6,2,2,0,90,0,0
22818,52,9,1,1,0,141,0,0
31303,28,4,2,1,0,171,0,0
10744,57,4,0,3,0,0,0,0
31464,32,4,1,2,0,250,1,0
7495,40,1,1,1,0,1100,1,0
4154,40,9,1,2,0,296,0,0
26115,46,6,0,2,0,926,1,0
28065,55,1,1,0,0,1470,0,0
44788,75,5,1,0,0,1765,0,0
44800,72,5,1,2,0,3561,0,0
12507,45,6,1,0,0,-584,1,1
31930,40,1,1,1,0,1074,1,0
21865,37,4,2,2,0,1572,0,0
24724,58,7,1,1,0,2479,1,0
32637,37,7,1,1,0,1776,1,1
17383,40,4,1,2,0,552,0,0
29794,44,2,1,2,0,5156,1,0
27937,41,0,1,1,0,201,0,0
20048,51,1,1,0,0,257,0,0
1697,36,4,0,2,0,133,1,0
7397,40,3,1,2,0,795,1,0
6199,48,1,1,1,0,154,1,0
44384,36,9,2,1,0,1745,0,0
36846,50,0,2,1,0,5816,1,0
27582,49,4,1,2,0,934,0,1
30145,32,4,1,2,0,1230,1,0
2350,28,9,2,1,0,216,1,0
8079,38,4,2,2,0,900,1,0
32537,36,1,1,0,0,442,1,0
26245,31,1,1,1,0,3364,1,0
23963,36,6,1,2,0,10,0,0
33177,36,1,1,1,0,349,1,0
7874,27,7,1,1,0,271,1,0
33458,33,1,2,0,0,1,1,0
6912,27,6,2,2,0,5214,1,0
12122,38,0,1,1,0,3190,1,0
19311,55,5,1,0,0,0,1,0
11358,50,1,1,1,0,5,0,0
44276,30,7,2,1,0,268,0,0
13610,32,1,0,1,0,0,0,0
16941,35,4,2,2,0,48,1,1
18786,50,6,1,1,0,4440,0,1
28556,54,6,0,2,0,0,1,1
27826,26,1,2,1,0,78,0,0
43445,51,2,0,2,0,2109,0,0
2212,56,0,1,1,0,2087,1,0
12992,28,1,1,1,0,619,0,0
36062,44,1,1,1,0,130,1,1
13400,36,1,1,1,0,56,1,0
22614,44,6,1,1,0,465,0,0
15378,46,0,0,0,0,505,0,1
16523,38,2,1,2,0,0,0,0
18006,54,0,0,1,0,1383,1,1
42992,30,0,2,1,0,4448,0,0
2506,35,0,2,1,0,414,1,0
7812,45,9,1,1,0,2124,1,0
34724,29,9,2,2,0,41,1,1
411,51,1,1,0,0,230,1,0
36211,48,1,1,0,0,1080,1,0
43196,29,9,2,2,0,2489,1,0
35798,34,9,0,1,0,136,1,0
38494,39,0,0,1,0,878,1,0
31998,28,1,1,1,0,631,1,0
6215,58,4,0,2,0,-71,0,0
23516,53,3,1,0,1,42,0,0
20708,33,9,2,1,0,6325,0,0
32433,50,4,1,2,0,469,0,0
3046,47,7,0,1,0,430,1,1
10508,38,1,1,1,0,1627,0,0
940,40,1,1,1,0,61,1,0
39534,40,4,1,1,0,363,1,1
28067,27,8,2,1,0,585,0,0
39662,47,0,0,1,0,2232,0,0
1070,42,4,1,1,0,0,0,0
25640,51,1,1,0,0,-637,1,1
7731,29,7,1,1,0,-443,1,0
10883,43,2,0,2,0,1756,0,0
24034,46,4,1,2,0,212,1,0
7559,42,4,1,2,0,2440,1,0
31035,40,9,0,2,0,4736,1,0
21496,47,9,1,1,0,17206,1,0
10306,57,5,2,1,0,5305,0,0
21370,61,5,1,0,0,0,1,1
27563,39,1,1,0,0,477,1,1
28078,39,9,1,2,0,14,0,0
23506,44,4,1,2,0,3762,0,0
428,38,9,2,2,0,4325,1,0
9827,59,5,1,1,0,1173,0,0
30354,47,1,0,0,0,1927,1,0
13170,54,4,1,2,0,-547,0,0
8355,30,2,2,1,0,265,1,1
19804,34,4,1,2,0,-218,1,0
44216,36,4,0,2,0,649,0,0
7940,50,1,1,1,0,2641,1,0
39592,24,8,1,3,0,146,0,0
26452,30,9,2,1,0,925,0,0
13589,59,6,1,2,0,3800,0,1
33151,30,9,2,1,0,513,1,0
15458,38,0,2,1,1,-61,0,1
21180,30,9,2,2,0,0,0,1
25294,54,1,1,1,0,1070,0,0
10177,45,3,0,0,0,544,0,0
20198,31,4,2,2,0,448,1,0
44520,36,6,2,2,0,353,0,0
11684,41,2,1,2,0,3135,1,1
22305,60,4,1,2,0,70,0,0
26098,41,6,0,2,0,4717,1,0
8176,34,7,1,1,0,798,1,0
8044,32,9,1,1,0,0,0,0
14394,29,3,1,1,0,85,1,0
19411,42,9,1,2,0,446,0,0
18744,49,1,1,0,0,371,1,0
3414,57,7,1,0,0,3990,1,0
25256,44,9,1,1,0,2626,1,0
1810,55,1,1,0,0,1373,0,0
14730,39,4,1,2,0,285,1,0
39311,40,1,1,0,0,592,1,0
1030,37,4,1,2,0,308,1,0
41980,50,9,2,1,0,3897,0,0
10069,53,5,2,1,0,1846,0,0
30039,53,2,1,1,0,230,1,0
2468,40,6,1,0,0,92,1,0
43732,74,5,0,2,0,3810,1,0
30237,32,9,1,1,0,3322,1,0
38005,26,1,1,1,0,5795,1,0
34517,37,4,1,2,0,658,1,0
32990,30,7,2,1,0,-172,1,1
30569,39,9,1,1,0,211,0,0
43669,66,5,1,1,0,3409,0,0
19248,51,7,1,1,0,122,0,1
40886,61,4,2,2,0,2,0,0
27876,50,1,2,2,0,218,0,0
21405,48,1,1,0,0,583,0,0
45072,54,4,0,2,0,5475,0,0
19269,43,6,1,0,1,385,0,0
4602,34,1,1,0,0,500,1,0
24524,46,2,0,2,0,567,1,0
41543,72,5,1,1,0,17739,0,0
28199,29,10,2,1,0,323,0,0
20251,30,9,2,1,0,3096,1,0
303,36,7,2,1,0,62,1,0
40687,47,0,1,3,0,66,0,0
23785,38,6,1,2,0,1029,0,0
17804,33,0,1,2,0,235,1,0
15997,48,0,1,1,0,-379,1,0
27390,50,7,1,1,0,57435,1,0
13486,34,0,1,1,0,0,1,1
38895,44,4,0,1,0,5757,1,0
19628,53,6,1,2,0,20,1,0
25552,52,6,1,1,0,-201,0,1
24849,48,4,1,2,0,2266,0,0
5918,54,9,1,2,0,-800,1,0
8207,49,1,1,0,0,1032,1,0
4395,33,4,2,2,0,201,1,0
8520,30,7,0,1,0,167,1,0
3720,43,7,0,1,0,207,1,0
11741,42,10,1,1,0,0,1,0
3699,55,3,1,0,0,1000,1,0
12614,36,4,1,1,0,2637,0,0
15774,35,4,1,2,0,2123,1,0
3999,30,9,2,1,0,863,1,0
30222,28,4,2,1,0,292,1,1
33276,27,0,2,1,0,619,1,0
14252,45,9,1,1,0,-149,1,0
27150,33,2,2,1,1,-1,1,0
40977,37,9,1,1,0,24,1,0
31580,39,9,1,2,0,101,0,0
2404,34,1,0,1,0,383,1,0
9156,55,4,2,2,0,7025,0,0
38291,31,0,0,1,0,360,0,0
28115,31,7,2,1,0,374,0,0
39811,54,7,0,1,0,0,0,0
31466,59,5,1,1,0,1035,1,1
22184,32,4,2,2,0,46,0,0
32055,62,5,1,0,0,1084,0,0
28898,37,7,2,1,0,1534,0,0
23281,60,9,1,2,0,91,0,0
6580,45,1,1,1,0,-54,1,0
18111,33,0,1,1,0,0,1,0
31587,36,9,0,1,0,666,1,1
31531,67,5,1,0,0,4066,0,0
30923,52,9,1,3,0,2709,1,0
37338,37,1,1,1,0,198,1,0
23820,48,1,1,1,0,647,0,0
36138,41,9,1,1,0,-312,1,0
15877,44,0,1,1,0,26,1,0
44544,55,11,1,1,0,2206,0,0
20819,51,9,1,1,0,805,0,0
19057,51,4,1,2,0,1394,1,0
44724,32,1,1,0,0,1644,0,0
19202,42,9,1,1,1,-197,1,0
22314,55,4,1,2,0,0,0,0
26698,43,6,1,0,0,5039,0,0
25180,41,4,1,1,0,99,1,0
33473,33,7,2,1,0,187,1,0
35174,41,1,1,0,0,293,1,1
15453,37,4,2,2,0,35,1,0
16595,51,1,1,0,0,603,1,0
31048,20,8,2,1,0,1191,0,0
28884,27,9,2,2,0,501,0,1
38106,31,7,2,1,0,342,1,0
31517,39,9,1,1,0,508,1,0
13129,25,4,2,3,0,314,0,1
25035,47,0,1,1,0,12845,1,0
5393,37,0,2,1,0,-332,1,0
8010,38,9,2,1,0,615,1,0
31323,63,5,0,0,0,1840,0,0
25224,30,1,1,1,0,246,1,0
44716,65,5,1,1,0,1220,0,0
26555,31,8,2,2,0,307,0,0
32987,38,0,1,1,0,326,1,0
30395,44,2,1,1,0,320,1,1
13166,37,1,1,0,0,33,0,1
17697,33,1,1,1,0,0,0,0
4719,35,1,1,3,0,4822,1,0
43617,51,4,2,2,0,4305,1,0
43695,27,6,2,2,0,168,0,0
6908,35,4,2,1,0,73,1,0
11921,53,9,1,3,0,6859,1,0
29433,43,7,2,1,0,21,0,0
2056,34,1,1,1,0,0,1,0
23448,43,9,0,1,0,-278,0,0
11002,39,9,1,1,0,-184,0,1
27348,33,9,2,2,0,0,1,0
32588,43,1,1,1,0,948,1,0
30482,31,8,2,2,0,2010,1,0
13572,39,4,1,2,0,1070,1,1
25726,34,4,0,2,0,27,0,1
23892,33,7,1,1,0,233,0,0
11214,44,4,1,2,0,17361,0,0
5250,30,1,1,0,0,184,1,0
20412,58,5,1,1,0,764,0,0
35743,40,4,1,1,0,408,1,0
16640,31,4,1,2,0,1224,1,1
19659,46,9,1,1,0,2098,0,0
33498,35,1,2,0,0,1277,1,0
33928,32,0,1,1,0,0,1,0
17065,41,0,1,1,0,1672,1,0
45128,23,10,2,2,0,993,0,0
11355,46,11,1,0,0,110,0,0
17152,58,5,1,0,0,282,1,0
19445,30,4,2,2,0,5389,0,0
43291,74,5,1,2,0,1843,0,0
18788,35,9,1,1,0,-215,0,1
24158,34,4,1,2,0,676,0,0
37773,36,9,2,1,0,-206,1,0
40378,27,4,2,2,0,446,0,0
28036,42,9,0,2,0,802,0,0
7355,42,1,1,3,0,1123,1,0
2171,26,1,2,1,1,-23,1,0
40289,27,0,2,2,0,138,0,0
36947,43,1,1,0,0,483,1,0
24664,31,1,1,1,0,1354,1,1
28345,28,0,2,1,0,1391,1,0
10676,50,2,1,2,0,2198,0,0
37090,55,6,1,2,0,1810,1,0
11914,24,9,2,0,0,126,1,0
19631,60,7,1,2,0,6557,0,0
24160,34,0,1,2,0,899,1,0
14886,58,1,1,0,0,0,0,0
15263,44,1,2,1,0,292,0,1
6601,44,0,0,1,0,449,1,1
30205,59,10,1,0,0,19102,0,0
22966,33,9,2,1,0,659,0,0
9508,40,7,2,1,0,2936,0,0
39886,57,9,1,0,0,3376,1,0
13730,28,9,0,1,0,477,1,1
4896,33,1,1,1,0,1624,1,1
16628,45,2,0,2,0,1867,1,0
26623,30,9,2,1,0,782,1,1
38459,28,1,1,1,0,0,1,0
44658,31,4,2,2,0,1675,0,0
10649,42,1,2,0,0,50,0,0
5765,43,9,1,2,0,527,1,0
5474,32,9,1,1,0,221,1,0
28784,53,10,1,1,0,7,0,0
30637,41,4,1,2,0,326,0,0
3939,51,9,1,1,0,349,1,0
42302,22,8,2,3,0,410,0,0
853,38,1,1,1,0,376,1,0
3389,40,4,2,2,0,157,1,0
4129,38,0,1,1,0,976,1,1
2116,40,1,0,0,0,737,1,1
37776,42,2,1,2,0,171,1,0
42589,40,0,1,1,0,3126,1,0
10799,48,1,1,0,0,1670,0,0
7560,55,0,2,1,0,1854,1,0
6037,32,1,1,0,0,4,1,0
44403,68,5,1,2,0,2812,0,0
19948,59,3,1,0,0,116,0,0
34083,58,10,1,1,0,687,1,0
36488,27,9,2,1,0,235,1,0
34159,31,0,2,2,0,4041,0,0
29170,31,7,2,1,0,125,0,0
14437,35,3,1,0,0,0,1,0
1893,55,9,1,1,0,2313,1,0
42761,61,5,1,1,0,89,0,0
17990,36,2,2,1,0,296,0,0
40214,31,7,2,1,0,365,0,0
38641,31,0,2,1,0,862,1,0
22031,32,4,1,2,0,396,1,0
21483,38,9,1,2,0,216,0,0
4811,35,0,1,1,0,498,1,0
27726,32,1,2,1,0,232,0,0
19432,44,4,1,2,0,4333,0,0
30654,33,4,1,2,0,158,0,0
36326,38,4,0,0,0,2064,1,0
14472,47,2,1,2,0,3659,0,0
27096,34,1,2,1,0,4536,1,0
28320,31,4,1,2,0,83,0,0
40925,34,7,1,1,0,1337,0,0
20457,33,9,2,1,0,827,1,0
10708,51,0,1,1,0,-192,0,0
14775,52,7,1,1,0,-888,0,0
33808,32,4,2,2,0,2974,1,0
16834,33,0,2,1,0,61,0,0
11890,43,1,1,0,0,377,0,1
29945,60,10,0,1,0,385,1,0
2864,54,4,1,2,0,11,0,0
21213,45,1,1,1,0,240,0,0
16431,50,9,1,1,0,1130,1,0
26751,47,4,0,2,0,140,0,1
11496,58,7,1,1,0,5087,0,0
33040,23,0,2,1,0,0,1,0
6458,30,1,2,1,0,-477,1,1
30324,26,2,2,2,0,725,0,0
43180,31,0,2,2,0,4129,0,0
4880,51,1,0,1,0,44,0,0
18925,56,5,1,1,0,277,0,0
33178,28,9,2,1,0,335,1,0
1730,43,4,0,2,0,443,1,0
34945,27,9,2,1,0,2,1,1
27385,35,10,1,2,0,259,0,1
21200,51,4,1,2,0,7197,0,0
16124,45,1,1,1,0,2926,1,1
44011,26,4,2,2,0,222,0,0
29506,40,0,1,1,0,0,1,0
31203,31,4,1,2,0,2667,1,0
20817,39,9,1,1,0,8,0,1
14900,38,2,1,2,0,4,1,0
13638,26,9,1,1,0,-119,0,1
30894,40,4,1,1,0,99,0,0
26517,47,1,1,0,0,2,1,1
40427,60,5,1,1,0,263,0,0
16738,50,9,0,1,0,-701,1,1
7371,50,4,0,2,0,738,1,1
36586,52,4,1,2,0,23552,1,0
19150,37,9,1,1,0,5953,0,0
22153,53,9,1,1,0,144,0,0
18066,53,10,2,1,0,4,0,0
15706,33,9,1,2,0,75,0,0
34053,55,4,2,2,0,0,0,0
10919,48,4,2,2,0,1437,1,1
24730,42,4,1,2,0,981,1,0
45116,25,8,2,1,0,1868,0,0
44290,37,4,1,2,0,387,0,0
34648,50,1,1,1,0,716,1,0
32385,35,0,0,1,0,951,1,0
18654,27,7,2,1,0,5850,1,0
2286,31,7,1,1,0,-759,1,0
16299,53,3,1,2,0,2353,1,0
38977,53,1,0,0,0,1815,1,0
24919,43,9,1,1,0,764,1,0
22473,48,4,0,2,0,2939,0,0
34860,34,0,1,1,0,4902,1,0
2945,28,4,2,2,0,334,1,0
43352,62,4,1,2,0,3371,0,0
12060,54,5,0,0,0,22,0,0
20830,35,9,0,1,0,3549,1,0
11611,23,0,1,1,0,299,1,0
17139,31,4,1,2,0,1215,0,0
36561,37,7,1,0,0,0,1,0
6914,40,9,2,2,0,-89,1,0
30667,52,4,0,0,0,11,0,0
5101,32,1,1,0,0,-175,1,0
23028,49,1,1,1,0,1219,1,0
10373,58,4,1,0,0,0,0,0
23410,34,9,2,2,1,-1,0,0
6518,34,1,1,1,0,1412,1,1
41346,76,5,1,0,0,2632,0,0
8403,26,9,2,1,0,3070,1,0
33006,35,7,1,3,0,1935,1,0
12568,49,9,0,0,0,1807,0,1
27255,40,7,1,1,0,9374,1,0
39239,26,1,2,1,0,-350,1,0
31010,42,9,1,2,0,757,0,0
25965,35,9,1,1,0,0,1,0
8065,33,7,1,1,0,847,1,0
14020,48,6,1,1,0,-817,1,0
44034,50,9,1,2,0,5114,0,0
12905,42,0,1,1,0,1133,1,0
21953,31,4,1,2,0,22546,1,0
32223,42,1,1,3,0,665,1,0
27921,39,0,0,1,0,536,0,0
42102,70,9,1,1,0,3020,0,0
680,46,7,1,3,0,80,1,0
35674,38,1,2,0,0,0,1,1
14613,47,4,0,2,0,1149,0,1
40337,30,9,2,1,0,2567,0,0
40349,49,4,2,2,0,7443,0,0
31137,39,9,1,1,0,4101,1,0
42914,71,5,1,2,0,4388,0,0
19527,45,9,0,1,0,1738,0,0
6447,27,1,1,1,0,411,1,1
25383,45,9,0,1,0,-14,0,0
28383,30,0,2,1,0,60,0,0
14809,42,9,1,1,0,11,1,0
13118,48,4,2,1,0,1106,0,1
10709,41,1,1,0,0,389,1,0
8655,31,9,2,1,0,205,1,0
13327,27,0,2,1,1,-110,0,1
35845,36,9,2,2,0,962,1,0
25261,46,4,1,0,0,1267,1,1
16092,34,4,1,2,0,1790,1,0
30770,40,4,0,2,0,49,0,0
37266,36,9,1,1,0,55,1,0
15195,31,1,1,3,0,-120,1,0
10794,55,9,1,2,0,2512,1,0
37376,36,4,2,2,0,181,1,0
16715,26,1,2,1,0,1292,1,0
16292,54,4,1,2,0,707,1,0
36333,38,1,1,0,0,759,1,0
21724,39,9,2,1,0,-225,0,0
13394,44,4,2,2,0,6350,1,0
22020,35,2,0,1,0,80,0,0
25600,34,9,1,1,0,1,1,0
25426,41,9,1,1,0,352,1,0
22263,57,5,1,0,0,0,0,0
44652,33,2,2,2,0,1623,1,0
4290,44,1,1,1,0,1087,1,0
40244,40,6,2,2,0,10346,0,0
9620,36,1,1,0,0,0,0,0
29953,41,10,1,2,0,28,1,0
43223,68,5,1,0,0,451,0,0
29970,36,0,2,1,0,0,0,0
6138,28,2,1,1,0,8,1,0
24983,50,2,0,2,0,541,0,0
23164,50,1,1,1,0,3558,0,0
18697,33,7,1,1,0,0,1,1
2546,57,5,1,2,0,3571,0,0
2527,28,1,2,1,0,416,1,0
1692,27,7,2,1,0,777,1,0
10830,48,4,1,2,0,2837,0,0
34897,42,9,2,2,0,-380,1,0
18347,45,6,1,1,0,830,0,0
18624,47,2,1,3,0,1179,1,1
30891,27,4,2,2,0,317,0,0
30509,44,4,1,2,0,1451,1,0
21649,37,9,2,2,0,971,0,0
27005,37,3,0,1,0,1040,1,0
14323,27,3,1,0,1,-238,0,0
3218,48,0,0,1,0,1108,1,0
37997,34,1,1,1,0,259,1,0
15441,57,1,1,0,0,137,0,1
42005,76,5,1,3,0,992,0,0
42341,52,3,1,3,0,2337,1,0
10484,49,1,1,0,0,361,1,0
19457,35,9,1,1,0,1055,1,0
10718,40,4,1,2,0,270,0,0
5355,32,1,1,0,0,410,1,0
26306,34,4,1,0,0,2200,0,0
2376,30,0,2,1,0,1374,1,0
7839,26,9,2,1,0,174,1,0
14282,31,9,1,1,0,-160,1,0
6714,42,1,1,1,0,54,1,0
6549,26,1,1,1,0,2005,1,0
37709,55,4,1,0,0,366,1,0
755,38,3,1,1,0,0,1,0
38589,34,9,1,1,0,656,1,0
32189,34,9,2,2,0,1393,1,0
37128,44,10,0,1,0,2108,1,0
29275,37,4,2,2,0,230,1,1
34059,23,9,2,3,0,314,0,0
16992,33,7,1,1,1,-319,1,0
37603,39,9,1,1,0,133,1,0
11681,59,5,1,0,0,6955,0,1
28333,31,1,1,0,0,242,0,0
24973,58,6,1,2,0,2596,0,0
19129,52,4,0,2,0,64,0,0
1465,37,1,1,1,0,121,1,0
26175,31,7,2,2,0,461,0,0
21734,59,5,1,1,0,19,0,1
7985,39,4,0,2,0,2193,1,1
8277,31,9,2,1,0,1170,1,0
33414,73,5,0,2,0,3203,0,0
15502,33,1,1,1,0,0,0,1
21099,58,5,1,0,0,3,0,0
33108,38,7,1,1,0,0,1,0
26498,33,2,1,2,0,4465,1,0
4714,39,1,0,1,0,226,1,0
12938,27,0,2,1,0,145,0,1
37680,37,0,2,1,0,9,1,0
28528,30,4,1,2,0,24,1,0
1559,32,1,0,0,0,88,1,0
13822,60,5,0,2,0,473,0,0
22638,60,5,1,3,0,963,0,0
21439,34,9,0,1,0,0,1,1
3095,44,10,1,1,0,728,1,0
23174,33,9,2,1,0,151,1,0
7773,43,0,0,1,0,729,1,0
28077,53,3,1,1,0,637,0,0
29600,46,9,1,1,0,863,1,0
9352,28,1,1,1,0,708,1,0
27753,43,2,2,3,0,323,0,0
6040,45,9,0,1,0,159,1,0
13295,32,0,1,1,0,-1,0,0
23155,32,4,0,2,0,387,0,0
33792,30,0,1,1,0,482,0,0
12777,29,0,1,1,0,488,0,1
41417,30,0,0,1,0,419,0,0
28788,40,6,2,2,0,628,0,0
44069,26,1,2,1,0,463,0,1
30375,45,10,2,1,0,33,0,0
30416,54,3,0,0,0,2253,1,0
33183,51,2,0,2,0,4,1,1
11989,51,0,1,2,0,4655,0,0
26518,54,4,0,1,0,300,1,0
10678,45,4,1,2,0,203,0,0
19221,46,0,1,1,0,660,0,0
24731,55,6,1,2,0,0,0,0
3555,43,1,1,0,0,778,1,1
15842,43,1,1,0,0,8,0,1
33362,39,7,1,1,0,3870,1,0
26757,52,0,0,1,0,361,0,1
40852,66,2,1,0,0,0,0,0
37742,34,1,1,1,0,175,1,0
2680,54,5,1,1,0,2626,0,0
32993,29,1,1,1,0,577,1,0
17301,53,7,0,3,0,1012,1,0
30250,37,10,1,1,0,63,0,0
2647,30,4,2,2,0,623,1,0
27077,38,9,0,1,0,8,0,0
33256,34,9,1,1,0,-228,1,0
41990,38,1,2,1,0,0,0,0
24933,49,2,1,0,0,6188,0,0
13044,56,1,0,0,0,12,0,0
3522,44,1,1,0,0,0,1,0
42274,18,8,2,0,0,608,0,0
2329,44,9,2,2,0,166,1,0
28807,29,9,1,2,0,197,1,0
6224,51,1,0,1,0,216,1,0
32491,31,0,1,1,0,-170,1,1
22367,56,5,1,1,0,415,0,0
19771,41,9,1,1,0,2123,0,0
29574,33,8,2,1,0,1883,1,0
4273,28,1,2,1,0,362,1,0
12068,37,0,1,1,0,0,1,0
1134,44,1,1,1,0,1,1,0
42792,36,4,1,2,0,2283,0,0
27249,57,9,1,1,0,29207,1,0
32124,32,7,2,1,0,-55,1,0
17046,36,4,1,2,0,1988,1,1
4553,60,4,1,2,0,328,1,0
5624,34,4,1,1,0,240,1,0
24952,45,10,0,1,0,728,1,1
32191,30,1,1,0,0,837,1,0
20261,33,4,1,2,0,752,1,0
36525,27,1,2,1,0,541,1,0
29908,60,5,1,1,0,6132,0,0
23098,39,9,2,1,0,3867,0,0
20264,33,9,0,1,0,370,1,0
25012,33,7,2,2,0,0,1,0
43336,31,4,2,2,0,3384,0,0
5431,39,10,1,1,0,-455,1,0
14608,36,4,2,2,0,854,1,1
33496,53,1,1,0,0,354,0,0
13606,45,1,1,0,0,942,0,1
37576,49,9,1,1,0,-205,1,1
8037,29,4,2,2,0,144,1,0
25424,51,6,1,0,0,106,1,0
16552,34,4,1,2,0,48,0,0
9051,32,1,2,1,0,313,1,1
42328,63,5,1,1,0,708,0,0
41873,62,1,1,0,0,1381,0,0
30583,38,1,1,0,0,346,0,0
28708,34,9,0,1,0,1301,1,0
19615,50,1,1,1,0,1176,0,0
42253,38,0,1,1,0,1767,1,0
1137,36,9,0,1,0,141,1,0
22624,32,4,1,2,0,2172,1,0
24234,38,4,1,2,0,494,0,0
24669,43,4,1,2,0,68,1,0
19479,34,9,0,2,0,674,1,0
18013,39,0,1,1,0,-139,0,0
1995,32,1,1,1,0,120,1,1
36113,46,1,1,0,0,101,1,0
43214,70,5,0,1,0,6850,0,0
34512,39,1,1,0,0,579,1,1
9692,35,0,2,2,0,-162,1,1
13157,55,1,1,1,1,67,0,0
16875,51,4,1,2,0,-15,0,0
19740,30,9,2,1,0,0,0,0
5832,35,7,1,1,0,207,1,0
12437,40,0,1,1,0,220,1,0
12371,26,1,1,1,0,1128,1,1
20688,31,4,2,2,0,745,0,0
18059,46,6,2,0,0,2032,0,0
19600,51,4,1,2,0,15904,0,0
20012,32,9,2,1,0,483,0,0
17950,41,4,1,2,0,636,1,0
44973,67,5,1,1,0,203,0,0
43844,65,5,0,0,0,1840,0,0
10437,47,3,1,2,0,1985,0,0
27962,47,7,0,1,0,0,0,0
9839,54,2,1,1,0,0,0,0
32853,37,4,2,2,0,146,1,0
19724,54,4,1,2,0,2819,0,0
7092,50,9,0,3,0,1328,1,0
10781,59,5,1,0,0,0,0,0
42238,63,5,1,0,0,8044,0,0
2702,24,1,1,1,0,32,0,0
15154,39,4,1,1,0,363,1,1
32680,32,1,1,1,0,1912,1,0
32508,33,1,1,1,0,216,1,1
37780,34,4,1,2,0,273,1,0
38426,52,1,1,0,0,134,1,0
23099,33,9,1,1,0,362,0,1
43537,80,5,0,0,0,5861,0,0
28238,38,2,2,2,0,-274,1,1
16939,26,9,1,2,0,233,1,0
25016,38,7,1,1,0,706,0,0
38474,34,1,0,1,0,1614,1,0
25648,39,0,2,1,0,2749,1,0
29505,54,9,0,1,0,2156,1,0
9991,46,9,1,1,0,399,1,0
29284,39,0,0,1,0,442,1,0
41169,44,0,1,1,0,10905,0,0
17352,41,0,1,1,0,239,1,0
34775,33,4,2,2,0,4835,0,0
5946,30,9,2,2,0,975,1,0
2183,28,9,2,1,0,-219,1,0
21582,42,4,0,2,0,0,0,0
6197,26,0,1,1,0,1641,1,0
6096,49,1,1,1,0,134,1,1
33120,33,9,1,1,0,359,1,0
44962,34,0,1,1,0,247,0,0
18386,43,3,2,0,0,24,0,0
34587,32,0,2,1,0,98,1,0
36811,35,7,1,0,0,764,0,0
32777,35,1,1,1,0,2200,1,0
41803,60,5,1,0,0,1167,0,0
1955,29,1,2,1,0,853,1,0
40697,69,9,1,1,0,9064,0,0
53,42,0,2,1,0,-76,1,0
128,31,1,1,1,0,0,1,0
6612,33,0,2,1,0,598,1,0
40800,42,7,2,2,0,94,1,0
18775,28,10,1,0,1,44,1,0
21772,47,9,0,1,0,191,0,0
26482,49,6,1,2,0,2143,0,0
15542,38,1,1,1,0,1698,1,1
5390,36,1,0,1,0,2278,1,0
25464,58,9,1,1,0,4717,1,0
18070,40,2,1,1,0,0,1,0
19580,60,3,1,0,0,2008,0,0
40755,48,1,1,1,0,1730,1,0
13552,57,0,1,0,0,389,0,0
17625,45,2,1,2,0,0,1,0
40294,49,4,1,2,0,561,0,0
36549,43,4,1,2,0,703,1,0
19397,30,9,2,2,0,1081,0,0
43234,34,0,1,2,0,798,1,0
2779,53,9,0,0,0,1443,1,0
43113,32,9,2,1,0,324,0,1
24609,42,9,1,0,0,275,0,0
9767,37,0,1,1,1,0,0,0
21074,51,7,1,1,0,276,0,0
21424,43,9,2,2,0,140,0,0
20297,36,3,2,1,0,28,0,1
36280,58,10,1,1,0,3867,1,0
34542,25,9,2,1,0,1833,1,0
19448,56,5,1,1,0,0,0,1
16451,27,3,1,1,0,4848,1,1
13509,60,3,1,1,0,681,0,1
19246,40,4,1,2,0,3812,0,0
37986,43,1,1,1,0,30,0,0
26944,31,4,2,2,0,3967,1,0
32574,32,1,1,1,0,435,1,0
19365,40,9,2,1,0,57,0,1
2893,41,1,1,1,0,923,1,0
4982,33,6,0,1,0,892,1,0
5280,31,7,1,1,0,1273,1,0
16646,48,7,1,1,0,0,0,0
39695,26,8,2,1,0,0,0,0
27957,38,4,1,2,0,223,0,0
36621,33,1,2,1,0,38,1,0
177,34,9,1,1,0,51,1,0
33981,28,10,2,1,0,434,1,0
27572,39,1,1,0,0,119,1,0
29548,49,0,1,1,0,1403,0,0
7568,42,1,0,1,0,685,1,0
27643,35,6,2,1,0,1732,0,0
36501,50,6,1,1,0,0,1,0
19994,31,9,1,2,0,120,0,0
2524,42,6,1,2,0,5,1,0
9958,38,9,0,2,0,1805,0,0
1225,27,8,2,1,0,81,1,0
14592,31,4,1,2,0,582,1,0
40184,36,7,1,0,0,92,1,0
1051,41,1,1,1,0,-15,1,0
12521,27,0,2,1,0,585,0,0
27479,38,4,1,1,0,16236,1,0
38239,29,4,2,2,0,13,1,0
37879,55,1,0,3,0,1545,1,0
13081,25,1,2,1,1,-220,0,0
8292,38,1,1,0,0,1495,1,0
1626,34,7,1,1,0,627,1,0
1735,31,7,1,1,0,-346,0,0
30084,43,7,1,1,0,354,1,0
2804,47,9,0,1,0,4135,1,0
18477,55,4,1,2,0,2,0,1
25080,35,7,2,1,0,0,0,0
32153,70,5,1,3,0,853,0,0
35658,48,4,2,2,0,0,1,1
5328,31,2,1,2,0,0,1,0
20503,54,0,1,1,0,19213,0,0
24042,36,1,1,1,0,1828,1,0
23303,40,4,2,2,0,269,1,0
12230,40,10,1,2,0,1558,1,0
44300,23,4,2,2,0,1807,0,0
37982,55,4,1,0,0,338,1,0
2127,31,2,2,2,1,37,1,0
31278,57,4,1,2,0,256,0,0
16312,26,9,2,2,0,14054,0,0
8671,48,2,1,1,0,183,1,0
35163,52,0,1,0,0,448,1,0
30307,37,6,1,1,0,2203,0,1
21069,32,4,2,2,0,3616,0,0
23398,40,4,2,2,0,27,0,0
3851,54,4,0,2,0,29887,1,0
11620,45,3,1,1,0,870,0,1
18317,37,2,1,0,0,62,0,0
25974,52,1,1,1,0,6933,0,0
26879,30,1,1,1,0,321,1,0
17626,39,7,1,1,0,2381,1,1
26120,36,7,1,2,0,45,0,0
38444,28,1,1,1,0,2257,1,0
19588,35,9,2,1,0,176,0,0
6869,32,0,2,1,0,562,1,0
41711,33,4,2,2,0,5437,0,0
20410,60,5,1,1,0,2722,0,0
25095,35,4,1,2,0,4943,1,0
7969,36,4,2,2,1,-559,1,0
22132,53,1,1,0,0,2295,0,0
22902,57,3,1,0,0,1303,0,0
20964,34,9,0,1,0,-324,0,0
23876,38,0,0,1,0,1314,0,0
23542,33,4,2,2,0,0,0,0
27069,36,1,1,1,0,2452,1,0
3993,41,1,0,1,0,-104,1,0
24566,37,4,2,2,0,600,1,0
4952,32,9,1,1,0,1830,1,0
26529,32,9,2,2,0,514,1,1
33797,34,9,2,2,0,144,1,1
32302,39,4,1,2,0,691,1,1
6983,51,4,2,3,0,-461,1,0
30407,41,9,2,1,0,618,0,0
5904,28,1,1,1,0,0,1,0
11492,59,2,1,0,0,0,0,0
33706,74,5,1,1,0,9480,0,0
40253,32,4,2,2,0,718,1,0
39700,46,4,1,2,0,2199,0,0
18373,46,6,1,1,0,390,1,0
33342,39,1,1,1,0,1165,1,0
36974,35,9,2,1,0,399,1,0
16335,60,5,1,0,0,566,0,1
16535,57,1,1,0,0,94,1,0
38100,40,9,1,2,0,602,1,0
34872,28,1,1,0,0,60,1,0
28181,32,7,1,1,0,268,0,0
8583,38,1,1,0,0,0,1,0
38242,59,4,1,0,0,2345,1,0
33959,46,9,1,1,0,0,0,0
4147,28,1,2,1,0,43,0,0
7763,50,10,1,1,0,3674,1,0
35426,56,1,1,3,0,982,1,1
40415,51,10,1,2,0,1801,0,0
43803,46,3,1,1,0,38,0,0
32941,43,4,1,2,0,9261,1,0
40713,37,0,2,1,0,262,0,0
34387,31,0,1,1,0,236,1,1
19066,59,5,1,0,0,3400,1,0
13234,52,1,1,1,0,380,1,1
43962,32,0,2,1,0,131,1,0
11538,39,2,1,2,0,6495,0,0
854,43,1,0,1,0,370,1,0
16901,34,1,2,1,0,1759,0,1
13378,34,7,1,0,0,31,0,1
20303,32,4,1,2,0,713,1,0
14406,42,7,1,1,0,86,1,0
11144,50,0,1,1,0,311,1,1
19722,40,9,1,2,0,162,0,0
12273,48,1,2,1,0,2288,0,0
1980,40,4,1,2,0,4190,0,0
42074,84,5,1,0,0,1791,0,0
13330,26,3,1,0,0,158,0,1
26645,58,9,1,1,0,7429,0,0
17283,38,3,1,1,0,-278,1,0
2540,26,9,1,2,0,8,1,1
32580,34,9,1,1,0,-126,1,0
43156,24,8,2,1,0,486,0,0
39280,34,1,2,0,0,18,0,0
22458,46,0,1,1,0,154,0,0
7088,59,9,1,0,0,4243,1,0
290,37,4,1,2,0,58,1,0
28071,47,4,1,3,0,1128,0,0
41367,22,7,2,1,0,652,0,0
43146,56,4,1,3,0,4623,0,0
22389,55,1,1,0,0,419,0,0
15685,27,0,2,1,0,-34,0,1
28608,37,0,2,1,0,796,1,0
17288,26,7,2,1,0,81,1,0
20593,60,9,1,2,0,131,0,0
1107,43,1,1,0,0,487,1,0
36224,41,1,1,0,0,595,1,0
15197,27,2,2,1,0,2,1,0
22106,39,9,2,2,0,0,0,0
35700,32,9,1,1,0,0,1,0
32692,38,1,1,1,0,825,1,0
40100,32,4,2,2,0,252,0,0
1897,49,1,1,0,0,352,1,0
12084,54,2,1,3,0,1021,0,0
44630,55,0,1,1,0,8304,0,0
15423,45,7,1,1,0,24,1,0
34946,48,4,1,2,0,586,1,1
32488,54,1,2,1,0,105,1,0
18443,51,0,0,1,0,3029,1,1
21177,34,4,1,2,0,1262,0,0
26347,33,6,1,2,0,3064,0,0
40336,57,2,1,2,0,0,0,0
24404,56,4,1,2,0,2551,1,0
44030,33,4,2,2,0,718,1,0
3519,41,1,1,0,0,2453,1,0
14958,27,8,1,1,0,119,1,0
19814,35,4,1,1,0,674,0,0
34561,43,1,1,0,0,2598,0,0
39288,22,7,1,1,0,817,1,0
14852,37,3,1,1,0,12939,1,1
18294,33,2,1,2,0,1636,0,0
35413,34,4,1,2,0,676,0,0
31001,29,9,2,1,0,362,0,0
32980,42,1,1,0,0,875,1,0
44087,60,9,1,1,0,259,0,0
34157,50,0,2,1,0,2252,0,0
12950,49,4,1,2,0,96,0,0
15524,32,0,1,1,0,205,0,0
11434,59,0,1,1,0,1365,0,0
18198,59,3,0,0,0,2518,0,0
14933,40,4,1,1,0,394,1,0
32228,29,1,2,1,0,2553,1,0
23091,35,4,1,2,0,71,0,1
23185,34,7,1,1,0,1632,0,0
10595,53,9,1,2,0,6072,0,1
6974,56,4,0,2,0,442,0,0
39777,59,0,1,1,0,205,0,0
19278,42,4,1,2,0,24780,0,0
28100,53,6,0,2,0,8,0,0
40091,34,9,1,2,0,932,1,0
6710,33,6,1,2,0,-103,1,0
1655,43,1,0,0,0,49,1,0
17168,37,4,1,2,0,0,1,0
28101,35,0,1,1,0,-257,0,0
12641,57,5,1,1,0,156,0,1
3670,32,0,1,1,0,0,0,0
14375,50,4,1,2,0,6739,1,0
13032,29,0,2,1,0,210,0,1
5492,45,1,1,1,0,61,1,1
36395,32,1,1,0,0,1,1,0
32477,37,4,1,2,0,1594,1,0
10732,41,2,1,0,0,0,0,0
19340,30,4,2,2,0,7788,0,0
37020,36,1,1,0,0,319,1,0
26156,51,4,0,2,0,2011,1,0
3253,47,1,1,0,0,-100,1,0
276,39,7,0,1,0,-185,1,0
23124,30,4,2,2,0,21,0,0
2851,42,4,1,2,0,-700,1,0
7359,37,4,1,2,0,21,1,0
45122,40,2,2,2,0,262,1,1
10971,36,9,1,2,0,404,0,0
39918,32,4,0,2,0,530,1,0
32953,32,9,1,1,0,4887,1,0
3246,60,5,1,1,0,2086,1,0
11554,56,9,1,1,0,2558,0,0
2098,31,7,2,1,0,2963,1,0
2947,44,9,2,1,0,-27,1,1
43776,49,6,0,2,0,3293,0,0
33204,54,3,0,0,0,502,1,0
18818,37,7,1,1,0,102,1,0
35195,35,9,1,1,0,883,1,0
27217,42,0,2,1,0,2095,1,0
23358,58,7,1,1,0,1905,0,0
8012,39,1,2,1,0,4143,1,1
43120,54,9,1,1,0,65,0,0
4007,32,1,1,0,0,217,1,0
16837,26,9,1,1,0,415,0,0
602,37,7,2,3,0,-118,1,0
29728,52,2,1,1,0,330,0,1
36965,43,4,1,2,0,1158,1,0
11264,51,9,1,1,0,2682,0,0
30806,34,4,1,2,0,0,0,0
22854,33,9,2,1,0,79,1,0
13935,28,1,2,1,0,339,1,0
30564,36,1,2,3,0,43,0,1
9944,50,4,1,0,0,791,0,0
11669,56,10,0,0,0,438,0,0
22240,33,4,1,2,0,137,1,1
20440,54,3,1,0,0,212,0,0
24739,40,6,1,2,0,3059,1,1
7488,46,9,1,1,0,2527,1,1
5304,30,4,2,2,0,1243,1,0
1582,41,1,2,1,0,1080,1,1
44945,60,5,1,1,0,7038,0,0
16513,52,7,0,1,0,6,0,0
23714,47,1,1,0,0,1480,0,0
15448,60,5,1,0,0,949,0,1
37546,37,7,1,1,0,1140,1,0
10894,51,1,1,0,0,48,0,1
10577,38,1,1,0,0,298,0,0
43046,25,7,2,1,0,199,0,0
42879,37,0,2,1,0,115,0,0
12815,41,9,2,1,0,879,0,1
16073,28,4,2,2,0,187,1,0
41629,49,6,1,2,0,1791,0,0
13794,36,1,2,1,0,1127,1,0
10048,57,6,1,3,0,964,0,0
17041,26,2,1,2,1,144,0,1
12341,28,1,1,1,0,196,1,0
45026,45,4,1,1,0,2897,0,0
41358,41,4,1,2,0,285,1,0
3897,47,7,1,1,0,2597,1,0
11561,36,0,1,1,0,4011,0,0
3096,45,0,1,1,0,137,1,0
35433,31,2,2,2,0,734,1,0
37304,30,0,1,1,0,396,1,0
19590,32,9,1,1,0,150,0,1
44685,51,9,1,1,0,980,0,0
28135,30,7,0,1,0,0,0,0
33939,37,4,0,2,0,153,1,0
20030,32,9,1,1,0,167,1,1
1356,27,7,1,0,0,91,1,0
28003,42,9,2,1,0,-321,0,0
20695,33,4,1,1,0,-285,1,0
21584,38,4,2,2,0,231,0,0
41141,32,9,1,2,0,2688,0,0
19591,33,9,1,2,0,35,0,0
5307,34,0,0,1,0,2144,1,0
9422,35,1,1,1,0,3595,0,0
30292,38,2,2,1,0,185,0,0
41685,39,0,1,1,0,26233,0,0
22339,46,9,0,2,0,532,0,0
6360,33,9,1,1,0,-616,1,1
37058,33,0,1,1,0,139,1,1
36701,28,0,2,1,0,242,1,1
39327,33,4,2,1,0,2955,1,0
17751,36,9,2,1,0,301,1,1
16478,31,0,2,1,0,378,0,0
37996,39,9,2,1,0,-143,1,0
11194,37,6,2,2,0,2087,0,0
30036,28,4,2,2,0,725,0,0
29800,40,6,2,3,0,109,1,0
15929,27,1,1,0,0,202,0,1
32425,38,7,1,1,0,4582,1,0
44404,38,4,1,2,0,1199,0,0
33157,41,1,1,1,0,1334,1,0
288,32,1,1,1,0,1331,1,0
3436,41,7,2,1,0,323,1,0
42181,81,5,0,3,0,9224,0,0
44583,24,8,2,1,0,431,0,0
22157,31,4,2,2,0,0,0,0
32274,25,1,2,3,0,431,1,0
18670,30,7,2,1,0,12,0,1
8313,43,4,1,3,0,498,1,0
2650,46,1,1,0,0,369,1,0
28802,30,4,2,2,0,167,0,0
23429,32,6,1,2,0,518,0,0
8068,35,1,1,1,0,80,1,1
30333,39,6,2,2,0,917,1,0
21266,34,9,1,1,0,96,0,0
22946,53,1,1,0,0,18,0,0
39566,51,2,1,0,0,1443,0,0
11162,56,2,2,3,0,2351,0,0
41130,52,4,1,2,0,583,0,0
19413,41,4,2,1,0,911,0,0
23066,42,9,2,1,0,275,0,0
15873,36,1,1,1,0,1654,1,1
801,40,1,0,1,0,139,1,0
33190,57,5,1,0,0,-384,1,1
25622,32,4,2,2,0,4262,1,0
11302,47,5,1,0,0,197,0,0
36058,42,9,1,1,0,162,1,0
15182,32,1,1,0,0,2456,1,0
34592,40,1,1,1,0,617,1,0
17686,37,10,1,2,0,1236,0,0
26325,50,4,1,1,0,0,1,0
34723,46,9,1,2,0,342,1,1
7004,31,0,2,2,0,1531,1,0
28164,30,8,2,1,0,336,0,0
13912,30,2,1,1,0,1160,0,1
11109,49,4,1,0,0,1330,0,1
5962,36,9,1,1,0,4587,0,0
19890,31,6,1,2,0,1015,0,0
18366,36,1,1,1,0,723,1,0
16691,31,9,1,2,0,6525,1,0
25696,41,4,1,2,0,36,0,0
2635,27,1,1,0,1,-588,0,0
1307,49,3,1,1,0,7317,1,0
34614,31,7,2,1,0,3,1,0
28484,26,1,2,1,0,2613,0,0
27893,45,4,0,2,0,347,0,1
24665,39,9,1,1,0,8,0,1
20862,35,9,2,2,0,303,0,0
19886,33,4,1,2,0,1047,0,0
44082,32,4,2,2,0,623,0,0
40643,27,4,2,2,0,6791,0,0
19210,58,7,1,1,0,688,0,0
37480,51,1,1,0,0,1203,1,1
16718,43,10,0,1,0,0,1,0
16127,36,0,2,1,0,-301,0,1
21476,46,11,1,1,0,1482,0,0
38461,50,0,2,0,0,181,1,0
35675,33,1,1,0,0,0,0,0
4472,31,0,2,1,0,78,0,0
33584,32,1,1,1,0,950,1,1
22416,46,7,1,0,0,599,0,0
15938,34,4,1,2,0,1703,1,0
25537,32,4,2,2,0,2667,1,0
42461,69,5,1,3,0,426,0,0
12359,32,0,0,1,0,-241,0,1
6178,34,4,1,1,0,-294,1,0
27148,45,9,0,1,0,1738,0,0
34766,46,1,2,0,0,501,1,0
7459,51,1,1,0,0,844,1,0
36481,37,0,1,1,0,1415,1,0
26566,41,1,1,0,0,875,1,0
35575,58,2,2,2,0,229,1,0
20413,39,9,1,1,0,52,0,0
12053,45,0,1,3,0,1577,0,0
30219,31,0,2,1,0,554,1,0
12461,43,0,2,1,0,13,0,1
13569,39,1,1,1,0,1751,0,0
39119,28,8,2,2,0,385,1,0
25824,44,4,0,1,0,0,1,0
2001,36,1,1,0,0,95,1,0
4294,32,1,2,1,0,1211,1,0
35076,40,4,1,2,0,429,1,0
12865,43,4,0,2,0,-132,1,1
14338,32,9,2,2,0,47,1,0
41562,71,5,0,2,1,1236,1,0
8134,34,6,1,0,0,712,1,0
37754,31,1,1,1,0,625,1,0
25358,39,4,1,2,0,9579,1,0
41046,45,4,1,2,0,1433,0,0
44703,37,7,1,1,0,52,1,0
24538,53,5,2,1,1,-741,1,1
741,53,4,1,2,0,115,1,0
11790,41,1,1,1,0,167,0,0
38115,39,7,2,1,0,7066,1,0
20096,46,9,1,1,0,6086,0,0
10553,37,0,1,0,0,7208,0,0
30556,33,1,2,1,0,123,1,0
8786,25,1,2,1,0,330,1,0
17507,46,2,1,1,0,0,1,1
31232,30,0,2,1,0,523,0,1
29924,28,4,2,2,0,637,1,0
35797,33,4,1,2,0,113,1,0
28256,30,0,2,1,0,19,0,0
18911,50,10,0,1,0,32,0,0
16929,51,0,0,1,0,74,1,0
15797,29,7,2,1,0,-453,1,0
27559,52,1,1,1,0,580,0,0
12805,29,1,1,0,0,57,0,1
11976,42,3,0,1,0,3253,0,0
34448,31,4,2,2,0,170,1,1
14810,60,0,1,0,0,686,1,1
33340,36,1,1,0,0,1925,1,0
36476,43,1,1,0,0,0,1,0
8825,51,7,1,0,0,-553,1,0
42170,33,9,1,1,0,6699,0,0
26556,31,1,1,1,0,2591,1,0
26070,32,4,2,2,0,586,1,0
516,44,0,1,3,0,40,0,1
15082,57,7,1,0,0,443,0,0
14889,27,0,0,1,0,451,1,0
3320,45,0,0,1,0,660,1,0
9267,41,1,1,1,0,0,0,0
37289,49,0,0,0,0,112,1,0
43348,28,4,2,2,0,866,0,0
19961,38,4,2,2,0,5244,0,0
18544,59,3,0,0,0,259,0,0
32612,36,9,0,1,0,253,1,0
30413,34,7,0,1,0,1281,0,0
15415,30,0,0,1,0,10,1,0
2364,42,1,1,1,0,-1664,1,0
2574,41,9,2,3,0,356,1,0
36761,41,1,1,1,0,552,1,0
31406,37,1,1,0,0,623,0,0
37867,50,4,2,1,0,4527,1,0
24956,36,4,1,2,0,1100,1,0
63,33,7,1,1,0,790,1,0
41165,25,9,2,2,0,3411,0,0
16389,53,4,1,2,0,267,1,0
24711,34,1,1,1,0,0,1,0
12026,27,1,2,0,0,553,1,0
18138,41,7,0,1,0,97,0,0
38267,32,9,2,1,0,-234,1,0
6051,39,1,1,0,0,2805,1,0
41438,26,9,2,1,0,1231,1,0
17133,41,1,1,1,0,1915,1,0
32177,31,4,2,2,0,0,1,0
42726,30,8,2,1,0,3096,0,0
14455,31,4,1,2,0,153,1,0
28569,53,6,1,0,0,127,0,0
43268,71,5,1,0,0,2171,0,0
25875,31,9,1,1,0,2420,1,0
6285,40,4,0,2,0,290,1,0
20992,33,4,2,2,0,3623,0,0
17527,49,7,1,1,1,-249,0,0
30,57,9,1,1,0,839,0,1
10085,45,9,1,1,0,3007,0,0
30130,45,1,1,1,0,226,0,0
31023,31,4,0,2,0,373,0,0
7072,39,7,2,1,0,300,1,1
11471,52,1,1,0,0,1409,1,0
14049,35,7,1,1,0,372,1,0
40198,52,10,1,0,0,426,0,0
33110,36,4,1,2,0,535,0,0
25693,33,4,2,2,0,5945,1,0
20401,40,9,1,1,0,1716,1,0
25238,45,4,2,2,0,5694,1,0
7467,30,1,1,1,0,125,1,0
9541,38,6,0,1,0,0,0,0
13915,54,4,1,2,0,0,1,0
14316,33,9,2,1,0,390,1,0
32329,31,1,2,1,0,1205,1,0
38806,57,3,1,0,0,151,1,0
44653,53,1,1,1,0,1797,1,0
37625,31,1,1,1,0,125,1,0
14993,38,1,2,2,0,14058,0,0
13701,30,1,2,1,0,155,1,1
40190,36,1,0,1,0,64,0,0
12416,49,0,0,1,0,2169,1,0
26158,47,9,1,1,0,6704,1,0
18817,28,1,1,1,0,144,1,1
3680,39,1,1,0,0,2133,1,1
11441,52,2,0,1,0,302,0,0
524,53,5,1,0,0,136,1,0
40564,19,8,2,0,0,103,0,0
39550,26,8,2,1,0,8015,0,0
12486,41,9,1,1,0,-147,0,1
13592,29,1,2,1,0,1958,1,0
25230,36,1,1,1,0,402,0,1
33203,35,4,2,2,0,1422,1,1
22492,44,4,1,2,0,1383,0,0
17101,40,0,0,1,0,274,1,1
20875,54,4,1,2,0,588,0,0
21366,39,4,0,2,0,3575,0,1
36864,45,1,1,0,0,644,1,0
17181,34,7,2,1,0,215,0,0
27471,36,9,0,1,0,407,0,0
6234,58,5,1,0,0,90,1,0
33906,27,8,2,2,0,1390,0,0
13676,41,1,1,3,0,2113,1,0
14180,28,1,1,0,0,565,0,0
18218,33,4,0,1,0,321,0,1
14718,45,1,2,0,1,-183,0,1
29017,51,9,0,2,0,3962,1,0
3180,32,4,2,2,0,0,1,0
20459,39,3,1,0,0,562,0,0
33941,35,0,1,1,0,-312,0,0
22674,34,9,1,1,0,47,0,0
38439,41,0,2,1,0,2002,1,0
10790,37,1,1,1,0,426,0,0
27790,32,1,2,1,0,3662,0,0
15244,45,4,0,1,0,0,0,0
25770,53,4,1,0,0,1925,0,0
24267,48,9,1,1,0,17,1,1
43713,63,5,1,1,0,1486,0,0
33726,30,8,2,0,0,1527,0,0
25507,37,7,1,1,0,345,1,1
44799,43,1,1,0,0,445,1,0
35536,32,2,1,2,0,0,1,0
30739,38,4,1,2,0,569,1,0
27756,30,4,2,2,0,13,1,0
38770,34,0,1,1,0,95,1,0
42763,36,8,2,2,0,129,0,0
30981,34,1,2,0,1,81,0,1
16697,36,4,2,2,0,124,1,0
38621,32,1,2,1,0,138,1,0
4721,31,1,2,0,0,1097,1,0
20175,30,4,1,2,0,131,1,0
8714,41,0,2,1,0,400,1,0
42493,53,2,1,2,0,1961,0,0
25560,36,4,1,2,1,-485,1,0
11704,39,2,1,1,0,0,0,0
21138,38,9,1,1,0,167,0,0
33574,40,4,2,2,0,759,1,0
29932,45,0,1,1,0,985,1,0
25856,33,6,2,1,0,4,1,0
31276,29,9,1,1,0,2326,0,0
7469,48,1,1,3,0,2201,1,0
28623,49,4,2,1,0,61,1,0
10546,37,4,1,2,0,57,0,0
38924,24,9,2,1,0,135,1,1
12031,54,9,2,2,0,3233,0,0
18120,59,4,1,2,0,332,1,1
31799,67,5,1,1,0,1443,0,0
34729,39,7,1,1,0,-311,1,0
20611,59,5,1,1,0,566,0,0
27868,35,10,2,0,0,-17,0,0
33985,35,0,2,2,0,994,0,0
20644,31,4,2,2,0,391,1,0
10043,49,1,1,1,0,55,0,0
5349,31,4,0,2,0,1804,1,0
5234,33,2,1,0,0,165,1,0
16243,50,1,1,0,0,0,1,0
33654,33,0,2,1,0,1590,1,0
27968,32,8,1,1,0,1694,1,0
43571,66,5,1,0,0,1004,0,0
35948,31,3,2,1,0,49,1,0
35146,58,2,0,1,0,0,1,0
12599,31,9,2,1,0,223,0,0
38337,28,1,1,1,0,83,1,0
19548,44,4,1,1,0,597,1,0
41083,39,2,1,2,0,942,1,0
2843,42,4,1,2,0,1,0,0
8660,35,0,2,1,0,2201,1,0
31719,56,9,1,0,0,1232,0,0
32573,34,1,1,1,0,2595,1,1
4071,57,7,0,0,0,1920,0,0
31752,50,4,1,1,0,732,0,0
24460,35,7,2,1,0,2223,0,0
2432,25,1,2,1,0,-250,1,0
2391,36,0,1,1,0,-423,1,1
38403,42,1,1,1,0,505,1,0
42806,36,9,1,2,0,202,0,0
24891,31,9,2,1,0,1062,0,0
18222,40,4,1,2,0,423,1,0
31905,42,2,1,1,0,0,1,0
5594,31,1,1,1,0,631,1,0
5830,51,3,1,1,1,-1013,1,0
25416,31,0,1,1,0,3584,1,1
38873,33,1,1,1,0,4996,1,0
3586,31,1,1,1,0,-720,1,1
4755,49,4,1,1,0,543,1,0
3137,41,0,1,1,0,1794,1,0
12191,26,9,2,1,0,1275,1,0
11068,37,9,0,1,0,531,0,0
24518,56,7,0,0,0,588,0,0
30538,58,4,1,2,0,3342,0,0
24896,34,9,2,1,0,2729,1,0
2482,49,4,1,2,0,400,1,0
23688,35,4,2,2,0,-108,1,0
32607,35,9,0,1,0,48,1,0
22797,34,4,1,2,0,8,0,0
25802,31,0,2,2,0,2004,0,0
19245,33,4,2,1,0,2915,0,0
35315,53,4,1,2,0,34230,1,1
40066,34,0,1,1,0,613,1,0
518,31,9,1,1,0,17,1,1
17135,35,4,1,2,0,972,1,1
13756,40,3,0,0,0,-21,1,0
28423,29,0,2,1,0,914,1,0
29571,42,7,2,1,1,58,0,0
21650,46,9,2,1,0,401,0,0
1321,42,1,1,0,0,555,1,0
44723,61,5,1,0,0,56,0,0
28868,53,9,1,2,0,2336,0,0
7669,44,4,1,2,0,5282,1,0
2284,34,0,2,1,0,1504,1,0
30050,34,6,1,1,0,47,0,0
13769,28,1,2,1,1,0,0,1
12123,45,7,2,1,0,1515,0,0
15215,42,6,0,1,0,484,1,0
42510,67,5,1,0,0,258,0,0
10727,39,4,1,2,0,-1212,1,0
2054,44,10,1,1,0,304,1,0
30714,50,2,0,2,0,1790,0,1
14035,26,3,1,1,0,-759,1,0
34902,44,1,1,0,0,0,1,0
745,43,1,1,0,0,1211,1,0
15214,31,4,1,2,0,2,1,0
23102,36,2,0,2,0,219,0,0
33391,39,4,2,2,0,1457,1,0
4711,52,7,1,1,0,0,1,0
10757,49,1,1,1,0,-55,0,0
10004,40,4,1,1,0,-63,0,0
36127,47,9,0,3,0,442,1,0
15318,32,7,0,1,0,454,1,0
25192,39,7,1,3,0,10189,1,0
28222,34,4,1,2,0,498,1,0
20240,30,9,1,2,0,1045,0,0
1572,31,1,1,0,0,856,1,0
26812,58,9,1,1,0,5618,1,0
28040,43,9,1,2,0,1796,0,0
42950,52,4,1,2,0,3634,0,0
9240,49,9,1,1,0,550,1,0
43364,30,4,1,2,0,2994,1,0
37520,52,2,1,1,0,3332,1,1
3686,40,9,1,1,0,26,1,0
21369,32,9,0,1,0,2870,0,0
2595,40,1,1,0,0,4436,1,0
2259,21,8,2,3,0,137,1,0
18423,49,0,1,1,0,1629,0,0
2109,42,4,2,2,0,196,1,0
33041,47,1,1,1,0,1203,1,0
9532,45,7,1,1,0,191,0,1
17509,37,7,1,1,0,3,1,0
19075,40,4,1,1,0,1251,1,0
23735,43,4,2,2,0,1077,0,1
41103,57,4,1,1,0,139,0,0
17719,33,1,1,1,0,-211,1,0
39906,30,8,2,2,0,3094,0,0
20979,43,4,1,2,0,354,0,0
4793,35,1,1,1,0,592,1,0
17734,35,1,1,0,0,-312,1,1
7464,34,1,1,0,0,1031,1,0
10221,37,4,2,2,0,-119,1,0
23336,48,9,1,1,0,164,0,0
17120,49,2,1,1,0,1147,1,1
561,36,0,0,1,0,131,1,0
17500,27,4,2,1,0,0,1,1
20871,58,4,2,2,0,2297,0,0
11229,39,1,1,0,0,-186,0,1
19082,56,5,1,1,0,364,0,0
34545,27,9,2,1,0,740,1,0
40330,59,0,1,1,0,3735,0,0
32492,33,4,1,2,0,110,1,1
30414,53,4,1,2,0,1624,0,0
5481,31,7,2,1,0,6374,1,0
40134,33,4,2,2,0,0,0,0
43349,43,7,1,1,0,774,0,0
14402,31,4,1,2,1,0,0,0
5928,28,4,1,2,0,328,0,0
23145,32,4,1,2,0,0,0,0
44969,51,2,0,2,0,315,0,0
34773,31,7,1,1,0,1783,1,1
22341,43,9,1,2,0,0,0,0
11591,50,7,1,1,0,3374,0,0
7548,33,1,1,1,0,-338,1,0
44171,53,9,1,0,0,6181,0,0
16337,27,1,1,1,0,197,0,0
21592,40,4,1,2,0,51,0,0
3840,24,1,1,0,0,656,1,0
33451,47,3,1,0,0,1747,1,0
10852,39,6,0,2,0,1415,0,0
35101,38,9,2,1,0,435,1,0
7058,32,0,1,1,0,739,1,1
35220,34,9,2,1,0,49,0,0
10451,39,4,0,2,0,452,1,0
19109,43,7,1,1,0,2126,0,0
41926,51,9,1,1,0,371,1,1
30809,35,1,1,1,0,2074,0,0
13214,36,7,1,0,0,795,0,1
43712,37,0,1,2,0,29,0,0
30431,35,0,2,1,0,1087,0,0
43471,23,8,2,1,0,107,0,0
42643,31,10,1,2,0,330,0,0
22957,47,9,0,1,0,32,0,1
44189,31,9,2,1,0,2544,0,0
8255,33,0,1,1,0,471,1,0
3380,47,1,1,0,0,0,1,0
16627,33,4,1,2,0,4,1,1
42857,35,0,1,2,0,221,1,1
11975,38,4,1,2,0,6209,0,0
30872,37,1,1,1,0,408,1,0
23296,34,4,2,2,0,-2,0,0
16827,34,1,1,1,0,3990,1,0
26271,35,1,1,2,0,199,1,1
29384,49,9,1,1,0,1811,1,1
26460,41,1,1,0,0,6596,1,0
40798,42,9,1,3,0,1559,0,0
18480,38,0,2,1,0,-211,0,1
21991,32,4,1,2,0,7743,0,0
3442,42,7,1,1,0,1048,1,0
2047,49,0,1,1,1,15,0,0
13206,45,0,1,1,0,3493,1,0
34982,44,1,1,1,0,-225,1,0
71,31,7,1,1,0,25,1,1
11384,42,2,2,3,0,33,0,0
27856,57,4,1,1,0,0,0,0
15567,25,7,1,1,0,1078,0,0
36619,34,7,1,1,0,2825,1,0
18112,44,11,2,1,0,2023,0,0
28290,38,0,1,1,0,-241,0,0
22072,42,4,1,2,0,99,0,0
35686,30,1,1,1,0,194,1,0
33210,32,1,1,1,0,1281,1,0
38268,27,4,1,2,0,1531,1,0
33510,32,9,2,1,0,1995,1,0
21322,51,9,1,1,0,219,0,0
34391,59,5,0,1,0,514,0,0
17459,41,3,1,1,0,12,0,1
44090,60,4,0,0,0,2694,0,0
12199,36,0,1,2,0,425,0,0
37270,31,1,1,0,0,1127,1,0
19034,55,7,1,1,0,76,0,0
6589,53,1,0,3,0,-473,1,0
3309,44,4,1,2,0,2400,1,0
26043,50,1,1,2,0,1784,0,0
30834,39,7,1,1,0,208,0,1
13423,51,6,1,1,0,-201,0,1
7154,46,0,0,1,0,1939,1,0
21048,31,4,2,2,0,10112,1,0
42157,31,4,2,2,0,220,1,0
22733,56,4,2,2,0,3694,0,0
12912,39,0,0,1,0,1,0,1
1792,40,1,1,0,0,117,1,0
22185,33,4,2,2,0,20,0,0
12076,42,1,1,0,0,832,0,0
32564,29,1,2,1,0,770,1,0
32421,47,2,0,1,0,392,1,1
15070,48,9,1,2,0,658,1,0
32242,29,1,2,1,0,13654,1,1
39241,39,1,0,0,0,815,1,0
12408,40,9,1,1,0,59,1,0
40478,52,9,1,1,0,137,0,0
8908,37,1,1,1,0,311,1,0
28532,28,4,2,1,0,1861,0,0
798,30,1,0,1,0,251,1,1
5782,50,1,1,0,0,14,1,1
40380,66,4,1,2,0,1048,1,0
16,45,0,2,3,0,13,1,0
14726,29,8,2,2,0,5,0,0
40544,54,0,1,1,0,5084,1,1
15316,45,4,1,2,0,726,1,1
7479,49,1,1,0,0,287,1,0
3618,55,4,2,2,0,1092,1,1
17814,39,9,1,1,0,738,0,1
41717,31,4,2,2,0,9629,0,0
13051,33,9,1,2,0,-258,0,0
23835,32,4,2,2,0,0,0,0
41923,87,5,0,0,0,6746,0,0
43895,34,7,0,1,0,44,0,0
7081,40,0,1,3,0,3557,1,0
8372,35,9,2,2,0,914,0,0
29732,33,9,2,1,0,647,1,1
8916,28,0,2,1,0,710,1,1
2884,47,0,1,1,0,829,1,1
37464,32,9,2,1,0,271,1,0
26909,45,3,1,2,0,460,0,0
32033,58,1,1,0,0,5445,1,0
5810,48,7,0,1,0,569,1,1
24795,48,4,1,1,0,4415,1,0
5880,59,5,0,0,0,217,1,0
9363,36,4,2,1,0,992,0,0
18741,35,1,2,3,0,2298,0,0
41474,25,4,2,2,0,89,0,0
35553,24,7,2,1,0,638,1,1
8139,36,4,2,2,0,-78,1,0
11526,40,2,1,2,1,0,0,0
9847,38,1,1,1,0,2423,1,0
32354,51,0,0,1,0,212,1,1
6066,43,7,1,1,0,278,1,0
28490,30,1,2,1,0,-61,0,0
33034,46,7,0,1,0,864,1,0
15041,35,3,1,0,0,113,1,0
43820,29,1,2,2,0,455,0,0
22636,52,6,1,2,0,583,1,0
4668,31,10,1,0,0,-63,1,0
37979,40,9,1,1,0,8536,1,1
20600,55,1,1,1,0,1011,1,0
13809,51,1,1,0,0,0,1,0
29359,49,4,1,1,0,466,0,0
35251,41,7,2,0,0,5907,1,0
32805,40,0,1,1,0,824,1,0
19060,58,4,0,2,0,1257,0,0
37006,33,7,1,1,0,1078,1,0
31222,61,5,1,2,0,32685,0,0
29815,34,4,1,2,0,4831,1,0
43361,47,4,2,2,0,334,1,0
22470,36,9,1,1,0,331,0,0
9325,48,2,2,2,0,2313,0,0
36664,43,1,1,1,0,1324,1,0
39262,47,1,2,1,0,57,1,0
13261,52,9,1,1,1,0,0,0
37817,29,0,0,1,0,-254,1,0
18177,36,0,1,1,0,251,0,0
41854,65,5,1,0,0,493,0,0
37188,36,7,1,0,0,413,1,0
15009,49,4,1,2,0,964,1,1
45038,43,10,1,2,0,0,0,0
21757,47,4,1,2,0,600,0,0
42545,72,5,1,0,0,4657,0,0
25769,47,0,1,1,0,4480,0,0
43925,37,0,1,2,0,3221,0,0
32945,39,9,1,0,0,2118,1,0
29521,26,10,2,2,0,23494,0,0
14377,32,4,1,2,0,2,1,0
36506,41,1,1,1,0,-648,1,0
12696,53,1,1,0,0,465,1,0
17736,53,9,1,3,0,8605,0,0
33011,46,1,1,1,0,961,1,0
44625,34,4,1,2,0,1388,1,0
4349,28,1,1,1,0,224,1,0
6325,26,0,1,1,0,0,0,0
21466,37,9,2,2,0,453,0,0
18494,41,4,1,1,0,0,0,0
27197,57,7,1,1,0,8266,1,0
11488,44,9,1,3,0,1127,1,0
3560,57,0,0,0,0,1,0,0
44251,34,4,0,2,0,70,1,0
27367,39,0,1,1,0,2319,0,0
29065,34,1,1,1,0,-271,1,1
14919,39,3,1,0,0,0,1,0
9628,60,5,1,1,0,2586,0,0
37473,41,1,1,1,0,-664,1,1
6375,52,5,0,1,0,246,1,0
42096,57,4,1,2,0,1832,1,0
1429,47,1,1,1,0,116,1,0
44356,83,3,0,0,0,5944,0,0
15439,36,9,1,1,0,1975,0,0
988,38,9,1,1,0,0,0,0
19434,46,1,1,0,0,0,0,0
10152,56,11,0,0,0,558,0,0
38843,33,7,1,1,0,7,1,1
36587,38,1,0,1,0,-90,0,1
43643,47,0,1,2,0,97,1,0
5722,43,9,1,1,0,-1701,1,0
38923,29,0,2,1,0,305,1,0
30700,41,1,1,0,0,0,1,0
44947,55,0,0,1,0,0,1,1
22088,30,9,2,2,0,196,0,0
32282,40,7,2,1,0,2284,1,0
36676,49,9,1,1,0,425,1,0
9266,26,1,1,1,0,986,1,0
2250,57,4,2,2,0,73,0,0
19907,46,1,1,0,0,1596,0,0
11532,44,1,1,1,0,17,1,0
28842,45,1,1,3,0,909,1,0
29251,48,7,1,1,0,22,0,0
40986,33,4,2,1,0,2859,1,0
14930,60,1,1,0,0,1477,1,0
38186,31,0,1,1,0,122,1,0
19052,57,5,1,1,0,657,0,0
12835,35,0,1,1,0,0,0,0
36508,39,1,0,1,0,0,1,0
27698,42,4,1,2,0,5,0,0
7768,32,0,0,2,0,-127,1,0
18622,42,1,1,1,0,108,1,0
14985,45,9,1,1,0,-312,1,0
16229,32,1,2,0,0,354,0,0
43072,36,10,1,1,0,1466,1,0
4799,33,7,1,1,0,57,1,1
8427,50,4,1,2,0,1854,1,1
24491,46,0,0,1,0,-637,1,0
31749,35,1,1,0,0,-210,1,1
6802,47,1,1,1,0,578,1,0
28435,26,1,2,0,0,155,1,0
29129,34,9,1,0,0,1301,0,0
32277,39,4,0,1,0,-17,0,0
32431,39,7,0,1,0,2140,1,0
30520,50,9,2,1,0,1022,0,0
4782,32,0,2,1,0,2146,1,0
22662,33,9,2,1,0,-32,0,0
9833,57,9,0,1,0,164,0,0
23849,42,9,0,1,0,112,0,0
15653,57,10,0,1,0,753,0,0
23609,31,6,1,2,0,81,0,0
25871,35,4,1,2,0,244,1,0
8185,35,4,2,2,0,1632,1,0
32902,33,7,1,1,0,-124,0,0
11335,32,4,1,2,0,607,1,0
10416,35,1,1,2,0,2999,0,0
17253,48,6,1,2,0,147,0,1
34034,32,4,1,2,0,628,0,0
24505,40,1,2,1,0,677,1,0
35988,44,9,0,1,0,177,1,0
34896,42,0,0,1,0,24,1,0
22601,47,1,1,1,0,-18,0,1
13139,28,3,1,1,0,1294,1,0
42503,57,5,1,1,0,5313,0,0
29700,51,5,2,1,0,5885,0,0
36992,30,4,2,1,0,222,1,0
22722,49,4,0,2,0,112,0,0
39265,31,4,2,1,0,1310,1,0
4550,35,1,1,0,0,356,1,1
9306,59,4,2,2,0,911,0,1
30928,29,4,1,1,0,160,0,0
5468,32,4,1,2,0,1651,1,0
36217,41,6,1,1,0,28,1,0
30857,28,6,2,1,0,5679,1,0
32543,42,1,1,0,0,205,1,0
31937,34,0,1,2,0,899,1,0
30147,30,1,2,1,0,-276,0,1
10332,57,1,1,3,0,108,0,0
36447,29,1,2,1,0,309,1,0
20804,36,4,2,1,0,0,0,0
2004,23,4,2,3,0,375,1,0
21401,40,4,1,2,0,0,0,0
24287,59,9,2,1,0,6284,1,0
24213,55,4,1,2,0,1402,1,0
6071,52,1,1,3,0,-4,0,0
42436,29,0,2,2,0,135,0,0
33756,69,5,0,2,0,247,0,0
22059,57,4,1,2,0,3250,0,0
17086,42,3,1,0,0,1523,1,1
15563,26,2,1,3,0,345,1,1
30348,59,9,1,1,0,201,0,0
3404,43,1,1,1,0,3060,1,0
20810,43,9,2,1,0,140,1,0
3731,31,10,2,1,0,199,1,0
8643,57,5,1,0,0,-171,1,0
15605,29,7,2,1,0,27,1,0
26257,52,4,1,0,1,57,1,1
30085,30,4,2,2,0,57,1,0
28446,47,0,2,2,0,0,0,0
23443,33,4,2,2,0,5943,0,0
5460,37,1,1,3,0,603,1,0
43149,22,8,2,1,0,948,0,0
25888,43,1,1,0,0,12618,1,0
6481,36,9,1,0,0,1653,1,1
42810,60,1,1,0,0,5,0,0
14977,38,0,1,1,0,0,1,0
35373,41,9,2,2,0,5365,1,0
28591,32,1,1,0,0,2291,1,1
29813,59,10,1,1,0,4497,1,0
24022,37,9,1,1,0,41,0,0
11369,59,1,1,0,0,4143,0,0
37806,34,0,1,0,0,0,1,1
14683,42,9,1,1,0,0,1,1
42349,49,4,1,2,0,2187,0,0
15655,38,4,1,2,0,-558,1,0
19857,52,10,1,1,0,2142,0,0
5643,32,0,1,1,0,41,1,1
21846,39,4,1,2,0,51,0,0
24608,50,4,1,2,0,4654,0,0
11531,35,9,2,1,0,23,1,0
44274,41,9,2,2,0,431,0,0
20972,43,9,0,1,0,64,1,0
20734,35,9,1,1,0,-180,0,1
42095,37,4,1,0,0,1506,0,0
36378,44,1,1,0,0,-420,1,0
36149,44,4,1,1,0,13054,1,0
2418,51,9,1,3,0,205,1,1
25198,36,4,1,1,0,-148,0,0
34287,42,4,1,2,0,2,1,1
22813,50,4,1,2,0,1396,0,0
24240,52,0,1,1,0,1274,1,0
37014,27,1,2,1,0,2,0,0
36662,30,6,1,1,0,8563,1,0
30004,46,1,2,1,0,374,0,1
31746,51,1,1,1,0,4787,1,0
14248,29,9,1,2,0,138,1,1
37302,51,1,0,0,0,37,1,0
28866,30,9,1,2,0,1454,0,0
27718,50,9,1,2,0,72,0,0
37375,43,1,0,1,0,47,1,1
3471,41,2,1,2,0,102,0,0
29446,37,3,1,1,0,12939,1,1
36576,34,9,1,1,0,439,1,0
9262,35,2,1,1,0,2074,1,0
27057,49,1,1,0,0,512,1,1
32572,43,1,1,0,0,-181,1,0
24003,34,9,1,1,0,1795,1,0
18842,53,0,1,1,0,769,0,0
43645,60,3,1,0,0,182,0,0
34708,31,0,2,1,0,140,1,1
7876,31,3,1,1,0,1,1,0
32076,29,0,2,1,0,731,0,0
42584,34,4,2,2,0,2561,0,0
33540,29,1,0,1,0,34,1,0
16219,56,9,1,1,0,205,0,1
24458,45,7,1,1,0,4005,1,0
33989,60,5,1,0,0,7791,0,0
9815,31,4,2,2,0,499,1,0
19969,49,7,1,1,0,823,0,0
42167,67,5,1,0,0,942,0,0
18873,49,9,1,1,0,3410,0,0
24224,45,4,1,2,0,1323,1,0
41819,81,5,0,0,0,0,0,0
7489,32,1,1,1,0,544,0,0
13645,31,1,2,0,0,-147,0,1
16502,41,1,1,0,0,4,0,0
34738,37,1,1,0,0,1222,1,0
19167,51,7,1,1,0,434,0,0
25717,45,4,2,1,0,142,0,1
35593,45,1,0,1,0,-184,1,0
33084,50,1,1,0,0,4121,1,1
5955,35,9,0,1,0,-94,1,0
44705,38,2,1,2,0,1649,0,1
21698,33,4,2,2,0,0,0,0
12700,56,3,1,0,0,58,0,1
171,44,7,1,1,0,1357,1,1
15681,35,8,2,1,0,-86,1,0
41890,54,4,1,3,0,831,1,1
44112,27,0,2,1,0,914,0,0
42496,34,4,1,2,0,2037,0,0
24770,34,1,1,1,0,2305,1,0
7024,37,0,1,1,0,-107,1,0
32069,62,3,1,2,0,1528,0,0
33561,30,9,2,1,0,3313,1,0
7509,44,1,1,1,0,-431,1,0
20434,39,4,1,1,0,1880,0,0
31014,51,9,1,2,0,1347,1,1
42752,70,5,1,1,0,2626,0,0
30703,38,10,2,2,0,0,0,0
8109,30,1,1,1,0,579,1,1
37434,35,1,2,1,0,8040,1,0
2368,32,9,1,0,0,62,1,1
39290,32,0,0,1,1,5,1,1
32054,32,1,1,0,0,1287,1,0
6646,28,1,2,1,0,802,1,0
18272,54,7,1,1,0,2061,1,0
25191,45,4,1,2,0,-73,0,0
19620,56,6,1,1,0,445,0,0
37300,35,1,0,1,0,0,1,0
25329,53,4,1,2,0,952,1,1
17278,42,3,1,0,0,1,1,0
2603,39,1,1,1,0,1554,1,0
16068,29,9,2,3,0,0,0,1
14989,36,9,1,1,0,522,1,0
7319,52,4,2,2,0,2076,1,0
8169,52,1,1,1,0,185,1,0
45059,43,4,1,2,0,2450,0,1
29502,48,10,0,1,0,1266,1,0
22544,36,7,1,1,0,33,1,1
32930,34,1,1,0,0,170,1,1
36851,50,1,0,0,0,15,1,0
5171,46,1,1,1,0,2173,1,0
1249,41,4,1,2,0,1773,0,0
10929,58,6,1,0,0,671,1,0
14160,33,4,2,3,0,1534,1,0
28903,31,10,2,0,0,163,0,0
24591,51,1,1,0,0,230,1,0
42506,47,9,1,1,0,0,1,0
13599,56,5,1,1,0,343,0,1
37477,34,1,2,1,0,39,0,0
16817,41,0,2,1,0,100,1,0
34994,36,4,1,2,0,222,1,0
18573,40,9,1,2,1,-2827,1,1
30213,38,4,2,2,0,1819,0,0
29448,29,9,2,2,0,1669,0,0
29755,32,10,2,1,0,104,0,0
10797,49,4,1,2,0,391,0,0
31926,30,9,2,2,0,987,0,0
12274,50,0,2,1,0,1318,0,1
41898,39,4,1,2,0,1802,0,0
32283,51,4,2,2,0,2523,1,0
23556,34,10,2,2,0,786,0,0
33685,38,4,2,2,0,8669,1,0
3388,43,9,2,1,0,293,1,0
11052,38,1,1,0,0,7944,0,0
22478,47,1,1,0,0,9346,0,0
34324,28,1,2,1,0,3817,1,0
3516,44,9,1,1,0,185,1,0
24905,41,6,2,2,0,0,0,0
24852,59,5,1,1,0,306,0,1
32305,30,4,2,2,0,424,0,0
34803,40,4,1,2,0,-606,1,0
37428,37,7,1,1,0,1328,1,0
4638,33,4,2,1,0,0,0,0
35921,44,4,1,1,0,438,1,0
3194,48,0,1,1,0,2235,1,1
38700,42,1,1,0,0,686,1,0
3689,28,4,1,2,0,82,1,1
12423,28,6,2,1,0,-395,1,0
22449,55,1,1,0,0,396,0,0
17255,26,1,2,1,0,37,0,1
27963,32,0,2,2,0,89,0,0
41917,27,8,2,2,0,1134,0,0
13901,56,4,1,2,0,586,0,0
41628,43,6,1,1,0,0,0,0
23299,46,0,1,1,0,979,0,0
18030,52,1,2,1,0,359,1,0
27687,35,6,2,2,0,4693,1,0
44831,46,4,0,2,0,624,0,0
35741,43,4,1,2,0,489,1,0
45053,25,0,2,2,0,1734,0,0
28820,26,0,2,1,0,802,0,0
32898,38,7,0,1,0,76,1,0
11990,45,4,1,1,0,625,0,0
23758,58,4,1,2,0,0,0,0
9074,59,1,1,0,0,3587,0,1
410,32,7,2,1,0,406,1,0
12036,57,1,1,0,0,8403,0,0
3204,46,0,1,1,0,4048,1,0
24370,52,4,1,2,0,2578,0,0
26229,37,9,1,1,0,523,1,0
4810,30,9,1,1,0,1168,1,1
23312,36,6,1,1,0,96,0,0
2079,28,0,1,1,0,-201,1,0
4651,39,1,1,0,0,622,1,0
26581,48,4,1,2,0,1348,0,0
15919,40,9,0,2,0,2611,1,0
19171,48,9,1,1,0,547,0,0
23424,47,4,1,2,0,-315,1,1
36615,48,7,2,0,0,1499,1,0
36713,41,1,2,1,0,1564,1,0
44115,32,9,2,3,0,491,0,0
16918,30,1,2,1,0,297,1,0
22414,52,1,1,0,0,796,0,0
2464,59,5,1,1,0,3382,1,0
30978,49,3,0,1,0,267,0,0
6133,26,0,1,1,0,3160,1,0
35645,31,6,2,3,0,7118,1,0
3454,44,9,1,2,0,4580,1,0
16782,26,9,2,1,0,3382,0,0
28857,33,0,0,1,0,961,0,0
25540,30,0,2,1,0,382,1,0
20228,57,3,1,0,0,2785,0,0
41877,26,4,2,2,0,1177,0,0
43394,86,5,1,0,0,5236,0,0
38974,32,7,1,1,0,-489,1,1
31255,72,5,2,3,0,588,0,1
17895,58,5,1,1,0,901,1,1
21044,32,9,1,2,0,943,0,0
23384,53,9,0,1,0,28,0,0
19727,48,7,1,1,0,0,0,0
25027,33,7,1,1,0,1330,1,0
23877,54,9,1,1,0,184,0,0
36269,26,4,1,2,0,5,1,0
44396,68,5,1,2,0,2812,0,0
32690,49,0,1,1,0,1096,1,0
7268,26,9,2,2,0,8839,1,0
41191,33,4,2,2,0,8514,0,0
39571,34,4,2,2,0,808,0,0
3812,23,0,2,1,0,178,1,0
2658,40,9,1,1,0,93,1,0
3619,54,4,1,1,0,1394,1,0
7347,50,9,1,3,0,1268,1,1
42462,79,5,1,1,0,8304,0,0
43486,33,8,2,3,0,2321,0,0
37574,36,0,0,1,0,437,1,0
28743,38,4,0,2,0,441,1,0
20697,50,9,1,1,0,1824,1,0
21793,32,4,2,2,0,1,0,0
15982,42,4,1,2,0,1336,1,1
10911,35,9,1,1,0,1255,0,0
30622,35,7,1,1,0,868,0,0
21903,55,1,1,1,0,1218,0,0
9035,57,9,1,0,0,67,0,0
22128,46,7,1,1,0,244,0,0
4696,32,4,2,2,0,1131,1,0
37692,39,9,2,1,0,1355,1,0
34278,41,1,1,1,0,72,1,0
36954,38,1,1,0,0,1455,1,0
44693,39,0,1,1,0,179,0,0
26170,30,9,0,1,0,3100,1,0
21100,35,9,2,1,0,663,0,1
3120,36,1,1,1,0,0,0,0
40107,27,0,2,1,0,827,1,0
31909,34,6,2,1,0,1261,1,0
17425,30,9,2,2,0,4321,1,0
18881,49,4,0,2,0,5223,0,0
37026,56,4,0,2,0,1263,1,0
39485,37,2,1,0,0,0,0,0
16216,28,4,2,2,0,466,1,0
27037,43,4,1,2,0,78,1,0
4485,35,0,1,1,0,2137,1,0
38644,32,4,2,2,0,6248,1,0
17363,52,9,1,1,0,475,1,0
26516,53,1,1,1,0,3815,0,0
28398,37,10,1,1,0,1152,0,0
9264,41,4,1,2,0,1304,1,0
44301,35,4,1,2,0,775,0,0
13614,59,2,0,2,0,-869,0,1
28686,29,7,2,1,0,-205,0,0
39844,43,1,1,1,0,1025,1,0
20744,45,4,0,2,0,6542,1,0
40959,32,4,1,2,0,1388,1,0
13499,35,4,1,2,0,2682,1,0
25401,31,4,2,2,0,3142,1,0
41989,28,9,2,3,0,0,1,0
18239,35,9,1,1,1,-1322,1,0
3607,56,1,1,1,0,-382,1,0
39960,27,9,2,2,0,200,0,0
14735,36,0,1,1,0,898,0,0
1236,34,2,1,2,0,10350,1,0
25244,59,4,1,2,0,3969,0,0
22219,50,11,1,3,0,0,0,0
717,39,1,1,1,0,607,1,0
16021,54,3,1,0,0,167,1,0
29240,45,10,1,0,0,0,1,0
37723,42,1,1,0,0,142,1,0
31588,55,1,0,1,0,1613,1,0
22193,48,1,1,1,0,2008,0,0
41933,31,1,2,3,0,6281,0,0
28625,28,7,2,1,0,298,0,0
44291,28,0,2,2,0,313,0,1
33651,35,9,1,1,0,257,1,1
34040,31,4,2,2,0,0,1,0
13658,47,0,1,1,0,3434,1,1
35494,33,0,1,1,0,543,1,0
12908,42,9,1,1,0,473,1,0
6600,36,1,0,1,0,-59,1,0
37869,28,1,1,1,0,519,1,1
5018,43,3,1,1,0,-177,1,0
37311,37,3,0,1,0,1040,1,0
5241,36,4,1,2,0,8564,1,0
19893,38,9,2,1,0,1788,0,0
6104,60,2,0,1,0,1307,1,0
5258,37,9,1,1,0,0,1,0
41969,76,5,1,1,0,4112,0,0
43611,45,3,1,1,0,360,0,0
34378,25,9,2,1,0,9154,1,0
25645,30,4,2,2,0,2708,0,0
32407,39,0,1,1,0,-367,1,0
1565,31,10,1,0,0,309,1,0
14256,31,7,1,1,0,78,1,1
42713,37,4,2,2,0,2163,0,0
25037,30,7,2,1,0,1510,1,0
7169,37,1,1,1,0,11953,1,1
22785,53,7,1,1,0,1461,0,0
14723,31,4,0,1,0,0,1,0
8861,35,1,2,1,0,2514,1,0
27785,28,7,0,1,0,356,0,0
9281,58,0,1,0,0,549,0,0
28442,55,1,0,1,0,-284,0,1
41715,30,0,2,1,0,873,0,0
4430,51,3,1,0,0,492,1,0
12917,46,1,1,0,0,3969,0,0
24912,54,5,0,2,0,349,1,0
7574,43,1,1,1,0,1559,1,0
36789,35,7,0,1,0,0,1,1
31258,23,0,2,2,0,0,0,0
20666,37,9,2,1,0,3665,0,0
8453,37,4,1,2,0,0,1,0
14599,27,10,1,1,0,1228,0,0
32355,20,8,2,1,0,1681,0,0
18726,50,1,0,1,0,2725,0,0
24007,37,9,1,1,0,261,0,0
28837,33,9,1,1,0,480,1,0
1114,46,1,1,1,0,78,1,1
8517,51,6,0,1,0,1291,1,0
36132,49,1,1,0,0,6215,1,0
31714,31,1,1,0,0,1601,0,0
33993,36,6,2,2,0,0,1,0
31335,25,4,2,2,0,1259,0,0
14163,27,2,1,1,0,-36,0,1
140,53,3,0,0,0,947,1,0
33579,53,1,1,0,0,4793,1,0
37630,44,1,1,1,0,500,1,0
15016,43,2,1,1,0,556,1,0
26021,35,4,2,2,0,1902,0,0
45050,66,5,1,1,0,3409,0,0
34078,53,1,1,1,0,6112,0,0
39910,29,9,2,1,0,1165,0,0
1256,38,7,1,1,0,507,1,0
16599,40,4,1,2,0,416,1,0
25502,31,4,1,2,0,4924,1,0
31507,42,4,1,2,0,2772,1,0
26224,32,1,2,0,0,1426,1,0
44958,32,9,2,3,0,491,0,0
17612,51,10,1,0,0,0,0,0
629,32,9,1,1,0,90,1,1
9400,47,11,1,3,0,750,0,0
32658,44,2,1,1,0,887,1,0
14868,43,9,1,1,0,714,1,0
21061,60,3,1,0,0,887,0,0
24099,43,4,1,1,0,107,1,1
15341,47,0,1,1,0,26,0,1
10522,33,0,1,1,0,372,1,0
3045,30,4,1,2,0,-328,1,0
19511,53,9,1,1,0,234,0,0
26941,33,9,2,1,0,7108,0,1
8414,43,9,1,1,0,463,0,0
43910,21,8,2,3,0,53,0,0
31722,42,9,0,0,0,5076,1,0
23683,40,4,1,2,0,558,0,0
38484,33,4,1,2,0,287,1,0
39369,32,9,2,2,0,1625,0,0
44004,47,4,2,2,0,334,1,0
41839,37,4,1,2,0,413,0,0
33725,63,0,1,1,0,-40,0,0
20723,35,4,1,2,0,46,1,0
21534,59,5,1,3,0,613,0,0
24778,44,4,1,2,0,0,1,1
17162,56,9,1,1,0,4063,0,1
14954,40,9,1,1,0,-357,1,0
32360,56,0,1,1,0,51,1,1
35460,45,1,1,0,0,956,1,0
17000,30,9,0,2,0,317,1,0
12642,30,0,2,2,0,218,0,0
25787,44,7,0,2,0,2279,0,1
12056,24,4,1,1,0,867,1,0
7743,43,0,1,1,0,25741,1,0
22906,51,7,1,1,0,917,0,0
36985,40,1,1,3,0,87,1,0
44726,38,0,1,1,0,0,1,0
22438,57,3,1,1,0,0,0,0
18720,28,1,2,0,0,-30,1,0
40017,33,0,2,1,0,16,1,1
29962,29,7,2,1,0,2559,0,0
21549,60,5,1,1,0,0,0,0
33753,65,4,0,2,0,90,1,0
33181,35,9,2,2,0,1924,1,0
3106,41,1,1,1,0,2157,1,0
41157,57,5,1,2,0,1458,0,0
33976,58,4,1,2,0,1907,0,0
29417,41,1,1,1,0,0,1,0
8690,50,0,0,1,0,3043,1,0
12094,45,9,1,1,0,0,1,1
41281,43,4,0,2,0,9,1,0
6456,27,10,2,1,0,0,1,0
3157,52,4,1,2,0,601,1,0
21809,41,9,0,1,0,52,0,0
35013,39,9,0,1,0,530,1,1
24692,53,9,0,1,0,453,0,0
27731,28,0,1,2,0,654,0,0
1812,27,8,1,2,0,659,1,0
15110,32,9,1,2,0,133,1,0
16826,32,7,0,1,0,4612,1,0
19815,30,9,2,2,0,2427,0,0
19296,47,4,1,1,0,-1,0,0
29081,38,9,1,1,0,10,0,0
5259,33,1,1,0,0,392,1,0
34242,35,10,1,1,0,977,1,0
1549,50,7,2,1,0,72,0,0
42401,27,1,2,1,0,-46,1,0
33971,28,8,2,1,0,20,0,0
12673,54,9,1,1,0,187,0,1
2154,27,1,2,1,0,3675,0,0
22921,57,9,0,2,0,437,0,0
13383,41,9,1,1,0,112,1,0
32004,27,7,2,1,0,150,0,0
12778,57,9,1,1,0,0,0,0
287,50,9,2,2,0,339,1,0
42690,85,5,1,0,0,1255,0,0
22918,41,4,1,2,0,771,1,0
42767,52,7,1,1,0,659,0,0
27905,36,0,1,2,0,586,1,0
29424,60,7,1,1,0,594,1,0
21058,30,4,2,1,0,135,0,0
944,31,7,1,1,0,564,1,0
4938,30,7,1,2,0,1380,1,0
28853,27,1,2,0,0,21,0,0
32727,33,1,1,0,0,5,1,0
32255,33,1,2,1,0,778,1,0
31979,37,2,2,2,0,-961,0,0
29633,32,4,2,2,0,520,0,0
27947,32,1,2,1,0,2746,0,0
932,40,1,1,1,1,-94,1,1
34297,31,4,2,2,0,2480,0,0
25147,32,6,2,2,0,519,1,0
23731,31,9,2,2,0,162,0,0
15334,47,0,1,1,0,-185,1,0
13503,44,9,1,1,0,381,1,0
18242,51,7,1,1,0,393,1,1
35316,57,4,1,2,0,779,1,0
39956,30,8,2,1,0,155,0,0
40288,39,9,1,1,0,697,0,0
37122,30,1,1,1,0,975,1,0
37577,43,1,2,1,0,276,1,0
44071,45,4,1,1,0,2897,0,0
40536,43,9,1,1,0,0,0,0
9291,35,1,1,0,0,3279,0,0
16023,35,9,1,2,0,328,1,0
34365,25,8,2,1,0,203,0,0
15897,51,0,1,1,0,907,1,0
6603,30,6,2,1,0,311,1,1
11222,58,3,1,0,0,1274,0,0
22146,39,9,1,1,0,22,0,0
24723,35,7,0,1,0,204,1,0
21169,51,4,1,2,0,-892,1,1
44187,46,0,1,1,0,5021,0,0
24517,54,7,1,1,0,2719,1,0
3370,55,0,1,1,0,9039,1,0
2944,60,5,1,1,0,3932,1,0
29570,30,0,1,1,0,490,1,0
26980,44,2,1,2,0,-1,0,1
16937,27,8,2,2,0,1,0,0
35768,29,9,2,1,0,156,1,0
24216,56,4,1,2,0,5282,0,0
38152,44,1,2,0,0,36,1,0
30904,45,1,1,1,0,52,1,0
33667,43,1,1,1,0,514,1,1
32699,79,5,1,0,0,3481,0,0
29831,47,2,0,2,0,178,0,0
34084,25,8,2,1,0,2354,0,0
20184,46,6,1,2,0,2421,0,0
22011,32,9,2,1,0,0,0,0
38540,29,8,2,1,0,949,1,0
38105,28,2,1,2,0,1900,1,0
8619,28,9,2,1,1,-298,1,0
7902,39,7,2,1,0,-189,1,0
33539,39,7,2,1,0,0,1,1
20837,33,4,1,2,0,728,1,0
34557,36,4,0,2,0,668,1,0
44534,75,5,1,1,0,291,0,0
26552,30,7,2,1,0,9720,0,1
14676,32,9,1,2,0,4654,1,1
6231,29,7,1,1,0,1057,1,0
10741,54,9,1,2,0,417,1,0
12253,25,1,2,1,0,-350,1,0
24126,50,0,0,1,0,237,0,1
9097,59,3,1,0,0,495,0,0
32307,55,4,2,3,0,111,0,0
21298,47,0,1,2,0,1979,0,0
31742,44,10,1,1,0,728,1,0
20014,48,7,1,1,0,801,0,0
25989,53,1,2,1,0,2430,1,1
21292,42,6,2,2,0,1225,0,0
777,45,4,1,2,0,103,1,0
1442,26,1,2,1,0,-132,0,0
43211,26,0,2,2,0,760,1,0
35817,45,9,1,1,0,0,0,0
17890,60,5,0,1,0,1382,0,0
12941,35,4,1,2,0,1361,0,1
11576,36,7,1,1,0,472,1,0
965,43,0,1,1,0,71,0,0
4516,37,1,1,1,0,362,1,0
17026,28,4,2,2,0,231,1,1
5075,34,1,1,1,0,223,1,0
21573,48,9,1,2,0,0,0,0
21349,58,7,0,1,0,796,0,0
35133,30,0,2,1,0,122,1,0
27222,34,4,1,2,0,1240,1,0
17973,51,9,0,1,0,43,0,0
22328,34,9,1,1,0,260,1,0
5384,32,9,0,2,0,0,1,1
39814,42,4,0,2,0,0,0,0
25160,38,4,1,2,1,540,0,0
37580,26,4,2,2,0,3944,1,0
35530,32,1,2,1,0,567,1,0
11033,36,4,2,2,0,171,0,0
39069,39,1,0,3,0,463,1,0
33864,34,4,2,2,0,612,0,0
9488,53,3,2,2,0,3275,0,0
11386,45,9,1,2,0,3626,0,0
14207,36,1,1,0,0,-608,1,0
22091,40,4,1,2,0,52527,0,0
7491,56,9,2,1,0,3499,1,0
29093,58,0,1,1,0,580,0,1
40744,18,8,2,3,0,108,0,0
7596,42,10,1,1,0,8131,1,0
5738,46,1,1,0,0,537,0,0
28553,26,8,2,1,0,352,0,0
40153,35,4,2,2,0,471,0,0
15379,31,4,1,2,0,1164,1,1
40446,30,10,1,2,0,330,0,0
25815,30,7,2,1,0,101,1,0
15837,56,4,1,0,0,405,0,0
26957,52,0,0,1,0,-402,1,0
37662,56,1,1,0,0,828,1,0
15720,40,1,1,0,0,0,1,0
7448,31,0,2,1,0,0,1,1
35366,35,9,2,1,0,1467,1,1
5301,32,1,1,0,0,697,1,0
13578,32,9,1,1,0,68,1,0
42301,22,8,2,1,0,1925,0,0
38460,23,8,2,1,0,556,1,0
16131,26,7,2,1,1,0,0,1
9382,28,0,1,1,0,-156,1,0
6516,40,4,2,2,0,36,1,0
32707,40,1,1,3,0,928,1,0
42331,57,3,0,0,0,8278,0,0
21009,34,9,2,1,1,-14,0,0
38968,23,7,2,1,0,279,1,0
15788,38,9,0,1,0,-397,1,1
17487,44,0,1,1,0,251,0,1
663,34,1,1,1,0,848,1,0
34579,28,1,1,1,0,-25,1,0
15459,49,1,1,0,0,201,1,1
7505,51,4,2,2,0,3087,1,0
6985,33,1,1,0,0,-342,1,0
30359,57,4,1,1,0,287,0,1
18433,38,4,1,2,0,590,0,0
4102,39,0,1,2,0,259,1,0
26057,53,4,1,2,0,2578,0,0
29118,37,4,1,2,0,767,0,1
2151,59,5,1,1,0,434,1,0
29936,31,9,2,2,0,665,1,0
14558,38,6,1,2,0,0,0,1
28491,51,3,1,1,0,1270,0,0
22683,43,4,1,2,0,676,0,0
38723,42,9,1,2,0,-378,1,1
34491,32,9,1,2,0,52,1,1
33873,59,5,1,0,0,363,0,0
41892,28,0,1,1,0,172,1,0
37612,32,0,2,1,0,-133,1,0
6692,49,4,0,2,0,169,1,0
14299,32,1,1,1,0,-230,1,0
16419,32,1,2,1,0,0,0,0
10605,57,4,0,3,0,0,0,0
41893,60,4,1,1,0,0,0,0
43908,58,4,1,2,0,256,0,0
12357,27,1,1,0,0,-413,0,1
22252,37,4,1,1,0,510,1,0
25467,46,9,2,1,0,874,0,0
38808,28,9,1,1,0,1944,1,0
32419,35,4,0,1,0,124,1,0
34769,42,9,1,1,0,122,1,0
21386,48,9,1,1,0,14148,1,0
19174,48,4,1,2,0,770,0,1
10065,36,4,1,2,0,1604,1,0
39468,35,4,2,2,0,2988,1,0
5933,31,9,1,2,0,-502,1,1
5813,29,1,1,0,0,258,1,0
9957,51,0,0,1,0,2717,0,0
17892,45,1,1,3,0,13265,0,0
24737,43,9,1,2,0,1201,1,1
19335,37,9,0,1,0,566,1,0
34014,32,9,2,2,0,4,1,0
24393,51,9,1,1,0,0,1,0
12252,22,9,2,1,0,4659,1,0
21697,32,9,2,1,0,29,0,0
33066,37,3,1,0,0,94,1,0
9114,38,4,0,2,0,4207,0,0
3816,26,1,2,1,0,65,0,0
25223,48,3,2,1,0,1042,0,0
25260,59,2,1,0,0,124,1,0
25342,42,7,1,1,1,129,0,0
27443,31,11,1,1,0,111,0,0
41368,30,1,1,0,0,201,1,0
26637,31,1,1,1,0,1515,1,0
15830,47,1,1,0,0,273,1,0
29115,31,7,1,1,0,442,1,0
30789,33,4,1,2,0,17946,1,0
2086,35,6,1,2,0,247,1,0
40210,28,9,2,1,0,1363,0,0
4805,34,1,1,0,0,-167,1,0
2563,47,1,1,0,0,113,1,0
27848,54,10,0,1,0,550,0,0
29927,45,1,1,1,0,1778,1,0
1433,45,0,0,1,0,984,1,0
40454,31,0,1,1,0,873,1,0
15045,27,3,1,1,0,0,0,1
45171,33,0,2,1,0,690,0,0
6271,30,7,1,1,0,357,1,0
40900,58,1,0,0,0,1299,0,0
38245,31,1,2,1,0,178,1,0
27320,31,4,2,2,0,6542,1,0
30464,37,1,1,1,0,660,1,1
35995,36,1,1,1,0,55,1,0
29440,43,9,1,1,0,308,1,0
13924,41,1,1,0,0,54,1,0
42158,49,9,1,1,0,402,0,0
33589,32,4,2,2,0,0,1,0
25534,52,5,1,1,0,424,0,0
19895,34,4,1,2,0,-16,0,0
32628,35,7,1,1,0,457,1,0
12282,25,2,2,2,0,0,0,0
24854,46,0,0,1,0,7378,0,0
44892,89,5,1,0,0,0,0,0
41720,32,0,2,2,0,272,1,0
31838,40,9,1,1,0,1832,0,0
1440,36,6,1,0,0,90,1,0
19728,37,4,2,2,0,171,1,1
6485,32,7,1,1,1,-684,1,0
10776,55,5,1,1,0,466,0,0
16863,31,2,1,1,0,10,1,1
37954,29,1,1,1,0,64,1,0
15432,50,4,1,2,1,161,0,1
25276,34,1,1,1,0,932,0,1
36284,51,1,1,0,0,581,1,0
12727,42,1,0,0,0,213,1,0
16263,26,4,2,2,0,3,1,0
14126,49,1,1,0,0,0,0,0
21172,36,9,1,1,0,465,0,0
10300,46,4,1,1,0,0,0,0
8447,53,1,1,0,0,358,1,0
20919,30,9,2,2,0,177,0,0
37131,32,1,1,0,0,50,1,0
36799,50,4,1,0,0,15035,1,0
9145,41,3,1,1,0,879,0,0
21024,58,5,1,1,0,188,0,0
590,36,9,2,1,0,-15,1,0
10946,50,3,1,2,0,6181,0,0
2799,48,1,0,0,0,24,1,0
23809,37,9,1,2,0,1561,0,0
22380,34,0,1,1,0,36,0,0
36969,36,1,1,0,0,578,1,0
6602,31,0,0,1,0,82,0,0
12604,31,0,1,1,0,-36,1,1
5591,38,4,1,2,0,5779,1,0
16707,56,3,1,2,0,1922,1,0
31155,25,8,2,3,0,2503,0,0
7984,55,9,2,1,0,3339,1,0
11534,55,4,1,3,0,179,0,0
21706,52,4,1,2,0,7135,0,0
29630,32,9,2,2,0,703,1,0
34750,40,1,1,0,0,-234,1,0
28397,38,0,2,1,0,2329,1,0
29718,41,4,0,2,0,236,0,0
9258,53,9,0,1,0,12,0,0
15052,45,4,1,2,0,668,0,1
38262,35,0,0,1,0,534,0,0
41512,50,1,1,0,0,3764,0,0
11656,39,9,2,2,0,610,0,0
18418,35,1,2,0,0,-759,1,0
13898,26,9,2,2,0,170,1,0
42405,25,8,2,2,0,1189,0,0
5096,37,1,1,1,0,1818,1,0
6902,33,0,1,1,0,393,1,0
24516,56,4,1,2,0,0,0,0
29968,30,6,1,2,0,2666,0,0
26536,32,1,1,0,0,12705,1,0
6166,51,1,1,0,0,-26,1,0
30484,42,3,1,0,0,4279,1,0
29121,34,1,1,0,0,1873,1,0
15677,34,1,1,1,0,130,0,1
13755,47,4,1,1,0,894,1,0
37174,34,9,2,1,0,2131,1,0
19470,45,1,1,1,0,2603,1,1
22989,45,4,1,2,1,-190,0,1
27474,42,0,0,1,0,-67,0,0
30284,54,2,1,2,0,1544,0,1
26785,59,9,1,1,0,2034,0,0
31572,26,1,2,1,0,5005,0,1
11945,41,9,1,1,0,0,0,0
5273,33,1,1,1,0,6227,1,0
11347,57,3,0,0,0,7451,0,0
26829,47,6,1,1,0,2830,1,0
42304,63,4,1,2,0,3115,0,0
41149,49,9,2,1,0,9131,1,0
3465,35,10,1,0,0,494,1,0
19570,46,5,1,1,0,23,1,1
12269,42,3,1,1,0,341,0,0
40363,83,5,1,0,0,425,0,0
4121,32,10,1,1,0,2996,1,0
36878,33,1,1,1,0,2279,1,0
20641,54,0,1,1,0,4943,0,0
2388,54,5,0,2,0,0,0,0
25671,34,0,2,2,0,3092,0,0
14639,52,6,2,0,0,217,0,1
3307,53,9,1,2,0,4323,1,0
17277,48,1,1,1,0,917,1,0
26539,55,0,1,1,0,1102,1,0
34432,35,9,2,2,0,174,1,0
27267,30,4,1,2,0,6432,1,0
7246,48,1,1,3,0,100,1,0
35131,42,1,1,0,0,2111,1,0
2477,35,9,2,1,0,2144,1,0
16137,28,9,2,2,0,968,0,1
9867,37,1,1,0,0,1021,0,0
2620,44,7,1,0,0,2226,1,1
38929,41,0,0,1,0,1967,1,0
270,42,4,2,2,0,0,1,1
30516,41,10,1,0,0,4112,0,0
26942,34,0,2,2,0,4254,1,0
37425,27,0,1,1,0,249,1,0
5618,32,1,1,1,0,523,1,0
9792,39,3,1,1,0,633,0,0
25043,32,7,2,1,0,936,1,0
9625,45,1,1,1,0,22928,0,0
17709,58,5,0,1,0,1080,1,0
39117,47,9,1,1,0,536,1,0
24467,41,9,1,1,0,3029,1,0
21400,36,9,2,2,0,53,0,1
18232,26,7,1,1,1,13,1,1
4507,36,9,2,1,0,380,1,0
38606,41,1,2,1,0,6393,1,0
34445,31,4,0,2,1,10,1,1
3893,41,4,0,2,0,647,1,0
43625,32,0,1,2,0,390,1,1
34099,23,9,2,1,0,598,0,0
33218,42,4,1,2,0,72,1,0
26585,34,0,2,2,0,5007,1,0
6972,35,1,1,0,0,4366,1,0
35264,42,4,1,2,0,1435,1,0
10062,44,4,1,2,0,13893,0,0
34646,43,9,0,1,0,0,1,0
5607,30,1,1,1,0,2150,1,0
7253,48,10,1,0,0,551,1,0
20664,51,0,1,1,0,771,0,1
7677,50,1,1,0,0,1290,1,0
27292,30,7,2,1,0,677,1,0
6343,41,0,0,1,0,348,1,0
23772,34,4,2,2,0,603,0,0
36314,44,4,1,2,0,254,1,1
39607,60,4,1,2,0,21088,1,0
11763,38,10,1,1,0,1604,0,0
23148,40,4,2,2,0,0,0,0
14387,57,0,1,1,0,808,0,0
6521,34,9,1,1,0,-259,1,0
7195,53,9,0,1,0,1301,1,0
22914,40,2,1,1,0,50,0,0
14881,34,4,1,2,0,557,1,0
10296,56,1,0,0,0,596,0,0
21594,32,2,1,2,0,0,0,0
23713,40,9,1,1,0,88,0,0
19064,30,4,2,2,0,16922,1,0
22826,35,9,2,1,0,-816,0,0
42032,42,1,1,1,0,3213,0,0
4424,40,9,1,1,0,1259,0,0
19529,34,9,1,2,0,4953,0,0
25205,44,4,2,2,0,1356,0,1
29350,47,2,0,1,0,186,0,0
20500,52,0,1,1,0,2347,0,1
19968,38,4,1,2,0,1074,0,0
8158,26,7,2,1,0,1050,1,0
44007,36,4,1,2,0,1790,1,0
38768,37,3,1,0,0,254,1,0
36215,38,4,2,2,0,493,1,0
19579,32,4,1,2,0,663,1,0
38789,35,1,1,0,0,2281,1,0
20277,46,7,1,1,0,2703,0,0
25443,41,2,1,1,0,353,0,0
39736,35,0,2,2,0,777,0,1
19962,47,4,2,2,0,275,0,0
34394,20,8,2,1,0,130,0,0
15886,25,7,2,1,0,79,0,1
695,44,2,1,2,0,1631,1,0
31471,47,1,1,1,0,398,1,1
1716,44,4,1,2,0,223,1,0
4510,37,4,1,2,0,5432,1,1
43327,27,9,2,2,0,1976,0,0
5731,38,10,1,1,0,-673,1,0
35184,38,7,1,1,0,369,1,0
26207,30,4,1,2,0,196,0,0
302,57,5,1,1,0,211,1,0
38874,35,1,1,0,0,2490,1,0
24201,49,1,0,0,0,514,0,0
23740,59,5,1,0,0,4450,0,0
31394,46,4,1,2,0,11385,0,0
5681,34,1,1,0,0,503,1,0
15716,32,1,0,1,0,-289,1,1
31920,20,8,2,1,0,1819,0,0
5409,30,1,2,0,0,4009,1,0
29742,59,10,2,1,0,865,0,0
14352,53,5,0,0,0,-24,0,1
32740,34,7,1,1,0,4963,1,0
6836,29,0,1,2,0,26,1,0
30508,28,9,2,2,0,676,0,0
1502,35,6,2,2,0,538,1,1
6599,40,7,0,1,0,5766,1,1
40128,35,0,0,1,0,1085,0,0
27935,59,0,1,1,0,1455,1,0
26089,53,4,1,2,0,32464,0,0
16997,25,0,2,1,0,0,0,1
5911,34,10,2,1,0,1928,1,0
27967,37,1,1,1,0,417,0,0
30772,56,9,2,0,0,145,1,0
16593,43,2,1,3,0,0,1,0
34263,44,0,1,1,0,10354,0,0
44855,43,10,1,1,0,0,1,1
23460,41,9,2,1,0,294,1,0
14157,37,4,1,2,0,586,1,0
43887,59,4,1,2,0,101,0,1
18987,54,1,1,3,0,191,0,0
28412,55,7,0,0,0,2923,1,0
19855,55,4,1,2,0,6880,0,0
10823,45,5,0,1,0,1735,0,1
29799,60,4,1,3,0,0,0,0
42195,33,4,1,2,0,22867,1,0
13605,28,1,1,1,0,368,1,0
25976,40,1,1,1,0,1708,1,0
44910,61,5,1,1,0,11,0,0
9475,37,9,2,2,0,1309,0,0
18969,54,7,1,1,0,770,0,0
29247,48,1,0,1,1,-535,1,0
6058,32,0,0,1,0,-331,1,1
40485,36,6,1,2,0,1234,0,0
16340,35,7,0,1,0,-225,0,0
24542,34,0,2,1,0,601,0,0
23201,59,5,1,0,0,-47,1,0
33465,37,1,1,1,0,509,1,0
20671,49,1,1,1,0,3779,1,0
20074,31,0,1,2,0,323,0,0
32818,35,1,1,1,0,199,1,0
13224,52,4,1,3,0,414,1,0
22419,33,4,1,2,0,4636,0,0
40808,57,9,1,1,0,589,1,0
21152,47,0,1,1,0,310,1,1
1660,38,1,2,1,0,57,1,0
11553,39,11,1,0,0,2860,0,0
11424,44,4,1,2,0,7177,0,0
38278,59,1,0,1,0,3573,0,0
5990,23,1,1,1,0,-213,1,1
27384,55,1,0,0,0,2227,1,0
22202,33,4,0,2,0,433,0,0
30863,52,4,1,2,0,749,0,1
568,34,1,1,1,0,0,0,0
4470,33,9,1,1,0,603,1,0
13457,51,2,1,2,0,-267,1,0
27884,49,10,1,0,0,213,0,0
23959,41,4,1,2,0,5936,0,0
28267,35,1,2,1,0,1239,1,0
26947,35,10,0,2,0,8903,1,0
24297,54,4,1,1,1,5249,1,0
36161,24,7,1,1,0,4500,1,0
25113,41,9,2,2,0,159,0,0
16916,34,1,1,3,0,568,1,0
40358,55,0,1,1,0,9329,0,0
7001,47,9,1,1,0,-938,1,0
28611,57,9,0,1,0,77,1,1
12554,38,7,1,1,0,304,0,1
45074,48,0,1,1,0,50,0,1
14249,32,0,0,1,0,187,1,0
3613,59,0,0,1,0,975,1,0
36270,37,0,2,1,0,-17,1,0
31094,63,5,1,1,0,1612,0,0
2984,34,1,1,1,0,577,0,0
29471,43,1,1,1,1,128,1,0
8286,42,2,1,1,0,-480,1,1
14978,58,5,1,0,0,91,0,1
38156,29,1,1,1,0,940,1,1
22861,54,4,0,2,0,3777,0,0
1578,41,1,1,0,0,-52,1,0
29995,27,0,2,1,0,298,0,0
18233,26,6,2,2,0,50,0,0
35240,32,9,2,1,0,1210,1,1
26051,45,4,1,2,0,7154,1,0
16402,39,4,1,1,0,6012,0,0
35526,38,1,0,1,0,595,1,0
7898,31,1,1,0,0,292,1,1
35308,28,7,2,1,0,168,1,0
12531,27,0,0,1,0,2,0,1
21626,34,9,0,2,0,66,0,1
24187,51,9,1,1,0,58,1,0
19640,36,9,2,1,0,333,0,0
14082,55,4,1,2,0,561,0,1
10680,42,0,1,1,0,3165,1,0
39417,27,8,2,2,0,3733,1,0
35450,27,4,2,2,0,405,1,0
11987,38,1,1,1,0,-627,1,1
38520,40,7,1,1,0,771,1,0
6950,39,4,0,2,0,133,1,0
37251,36,1,0,1,0,52,1,0
38442,41,0,0,1,0,2550,1,0
24084,49,0,1,1,0,10250,1,0
30614,41,4,1,1,0,611,1,0
34526,32,4,2,2,0,0,1,0
32457,35,4,1,2,0,1906,1,0
19841,32,4,0,2,0,5550,1,0
34444,34,4,1,2,0,1184,1,0
4,33,11,2,3,0,1,0,0
1957,29,1,2,1,0,348,1,0
40633,53,4,1,2,0,1356,1,0
6131,28,1,1,0,0,32,1,0
8580,31,4,2,2,0,-24,1,1
430,55,0,1,1,0,131,1,0
1808,26,4,2,2,0,1326,1,0
40873,20,8,2,0,0,6991,0,0
6204,39,1,1,0,0,34,1,0
32959,41,6,1,1,0,323,1,0
27691,46,4,0,2,0,-94,1,0
6801,28,7,2,1,0,2954,1,0
14280,58,1,1,0,0,226,1,0
24349,56,4,1,0,0,-155,1,0
41060,37,4,1,2,0,332,1,0
220,40,10,1,1,0,219,1,0
39653,32,4,1,2,0,8,1,0
10105,39,1,2,1,0,393,1,0
40513,58,5,1,0,0,565,0,0
14870,39,4,0,2,0,1315,1,0
32343,35,4,1,2,0,0,1,0
17287,44,3,1,1,0,829,0,0
25142,36,2,1,1,0,215,1,1
29646,28,0,1,1,0,642,1,0
31973,43,1,1,0,0,1288,1,0
31815,32,9,1,1,0,1951,1,0
30047,49,10,1,2,0,0,1,0
30620,44,9,1,1,0,310,1,0
21813,49,7,1,1,0,314,0,0
1770,28,7,2,1,0,229,1,0
6822,45,1,1,1,0,554,1,0
34816,35,0,0,1,0,-101,1,1
10593,48,10,2,2,0,3229,0,0
3898,46,4,0,2,0,770,1,0
15438,34,0,0,1,0,-251,0,0
38314,33,7,1,1,0,174,1,0
35523,31,1,1,1,0,1664,1,0
31975,38,1,1,1,0,1663,1,0
30278,54,10,0,1,0,925,0,0
15020,34,7,1,1,0,40,1,0
35857,43,7,0,1,0,313,1,0
5663,33,10,2,2,0,157,1,0
39843,47,11,2,3,0,172,0,0
42603,57,5,1,1,0,1044,0,0
30166,48,0,0,1,0,341,0,1
12358,32,0,1,1,0,187,0,1
42736,30,0,2,1,0,255,0,0
15743,33,7,1,1,0,70,1,0
40923,49,9,1,1,0,905,0,0
33105,32,1,1,1,0,17332,1,1
24507,52,4,1,2,0,0,1,0
1198,28,3,0,0,0,1,1,0
35585,33,7,1,1,0,0,1,1
17608,53,6,1,2,0,4675,1,0
28386,40,9,2,1,1,45,0,1
7486,39,1,1,1,0,0,1,0
28328,38,7,2,2,0,1418,0,0
9482,43,6,1,2,0,64,0,0
29957,29,10,1,0,0,639,0,1
24367,58,4,1,2,0,-565,1,1
132,38,9,2,1,0,1685,1,0
531,31,3,1,0,0,203,1,0
10606,58,7,1,1,0,12180,0,0
3928,56,2,1,2,0,1297,1,0
9914,36,1,1,1,0,561,1,0
37051,27,4,2,2,0,321,1,0
6155,43,0,1,1,0,372,1,0
509,26,0,2,1,0,712,1,0
22602,53,7,1,1,0,1,0,0
10627,45,9,1,2,0,533,1,0
24488,56,4,0,2,0,2096,0,0
6463,30,4,2,2,0,6164,1,0
11030,50,4,2,2,0,267,0,0
11023,39,2,1,1,0,156,0,1
26466,32,4,1,2,0,3651,1,0
6333,34,4,2,0,0,212,0,0
4660,34,0,2,1,0,1581,1,1
17836,60,6,2,2,0,179,0,1
29344,40,1,1,1,1,231,1,0
25807,36,4,1,1,0,6077,0,0
14209,38,1,1,1,0,84,0,1
3982,54,4,2,2,0,4393,1,0
35812,46,1,2,1,0,0,1,0
12932,38,1,1,0,0,433,0,0
3556,41,1,1,1,0,59,1,0
22426,51,4,1,2,0,0,0,0
719,38,0,1,1,0,3047,1,0
41497,25,8,2,3,0,480,0,0
17081,31,3,2,1,0,0,1,0
42583,36,9,1,2,0,629,1,1
20790,38,4,1,2,0,3452,0,0
17933,42,1,1,1,0,-269,1,0
28306,29,0,2,1,0,2768,1,0
1310,36,1,1,0,0,250,1,0
31405,21,0,2,2,0,242,0,1
31885,42,4,1,2,0,1773,0,0
8928,36,4,1,2,0,1014,1,0
12271,60,4,1,3,0,1046,1,0
4783,32,4,1,2,0,2976,1,0
30977,54,4,1,1,0,2895,1,0
36806,30,9,2,1,0,249,0,0
2623,44,7,0,1,0,0,1,1
23787,47,1,1,0,0,961,0,0
28113,29,10,2,0,0,1027,0,0
20786,51,9,1,1,0,52,0,0
27720,22,4,2,2,0,760,0,0
40356,35,4,1,2,0,2088,1,0
22788,31,4,2,2,0,0,0,0
25575,49,9,0,1,0,342,0,1
32452,42,6,1,2,0,52,1,0
24946,51,9,0,1,0,131,1,0
17090,41,1,1,0,0,1018,1,0
5859,29,9,2,2,0,354,1,0
20867,31,9,1,1,0,-302,0,0
30424,46,7,1,2,0,-780,0,1
16311,25,9,2,2,0,148,0,0
28265,33,4,2,2,0,1345,1,0
10841,49,5,2,0,0,25824,0,0
39001,33,1,1,1,0,2761,1,0
11605,26,9,2,1,0,-859,1,0
14757,44,0,1,1,0,345,1,0
12961,41,0,1,1,0,-396,1,0
10712,41,4,0,1,0,0,0,0
32009,80,5,1,0,0,1861,0,0
18610,40,1,1,1,0,598,1,0
35165,31,1,1,1,0,990,1,1
23857,34,4,1,2,0,53,1,1
9489,36,1,1,1,0,70,1,0
2670,23,1,1,0,0,-213,0,0
25762,33,11,2,1,0,1522,0,1
5389,36,0,1,1,0,1601,1,0
19704,41,4,1,2,0,3831,1,0
1642,35,4,1,2,0,4286,1,0
42897,28,7,2,1,0,1059,0,0
42735,45,0,1,1,0,2556,0,0
31448,26,0,1,2,0,2855,0,0
35386,51,1,1,1,0,160,1,0
27843,57,5,1,2,0,34,0,1
8440,37,1,1,0,0,1534,1,0
38095,30,9,0,2,0,317,1,0
21812,47,9,1,1,0,11,0,0
24805,40,0,2,1,0,0,1,0
10295,55,1,0,0,0,215,0,0
39632,53,1,1,0,0,655,1,0
30609,55,9,1,1,0,312,0,0
16752,28,1,1,1,0,214,1,1
43051,65,5,1,1,0,3409,0,0
10196,32,4,2,2,0,1160,1,1
3711,42,0,0,1,0,63,0,0
39141,44,0,1,1,0,429,1,1
6305,25,9,1,3,0,776,1,0
10331,51,3,1,0,0,2499,0,0
15920,54,2,1,2,0,651,1,1
43483,39,9,1,1,0,603,0,1
39710,21,1,2,1,0,2265,0,0
45140,63,2,1,1,0,3904,0,0
12877,31,1,2,1,0,16,0,0
39996,30,4,2,2,0,3340,0,0
36451,52,4,1,2,0,-11,1,0
44287,37,9,1,1,0,1707,1,0
36351,39,7,1,1,0,-495,1,1
14331,36,4,1,2,0,0,1,1
39753,57,2,1,1,0,2464,0,0
37050,42,10,1,0,1,-581,1,0
25216,45,9,2,2,0,0,1,0
10210,48,9,1,2,0,2369,0,0
14042,59,0,0,2,0,39,0,0
17444,32,4,1,2,0,128,1,0
39104,33,0,2,2,0,235,1,0
1756,30,9,2,1,0,23,1,0
37154,30,1,1,0,0,2,1,1
44238,29,0,2,1,0,854,0,0
29238,33,4,1,2,0,73,1,0
28034,52,4,1,2,0,1392,0,0
17800,32,9,1,2,0,-252,1,0
43993,45,9,1,2,0,1818,1,1
35840,42,1,1,0,0,258,1,0
9865,38,4,1,1,0,-323,1,0
25013,33,1,1,1,0,157,1,0
13515,44,2,1,2,0,1808,1,0
539,34,1,1,0,0,-144,1,0
27374,41,7,1,1,0,6687,1,0
2895,42,4,1,2,0,1340,1,0
28178,47,1,1,1,0,676,1,0
34044,29,9,1,1,0,132,1,1
19407,50,9,1,1,0,-70,0,0
3829,40,1,1,0,0,1758,1,0
146,56,1,0,0,0,8,1,0
28452,31,1,1,1,0,326,0,1
31874,34,4,1,2,0,159,1,1
18922,58,9,1,1,0,796,0,0
25128,31,0,1,1,0,113,1,0
33888,51,3,1,0,0,618,1,1
30029,28,0,2,2,0,373,1,0
5281,30,7,2,1,0,1649,1,0
35382,51,7,1,1,0,1703,1,0
41225,53,9,1,2,0,0,1,0
29712,54,0,2,1,0,1178,1,0
29052,39,9,2,1,0,614,1,0
34680,37,4,1,2,0,8564,1,0
41521,45,0,1,1,0,129,1,0
17165,56,4,1,2,0,-1493,0,1
43982,40,9,1,1,0,697,0,0
17510,32,1,2,0,0,882,0,1
36866,32,8,2,2,0,61,1,0
40853,60,1,1,0,0,631,0,0
20275,58,4,1,2,0,889,0,0
40645,75,1,1,1,0,6053,0,0
21392,52,1,1,0,0,4660,0,0
4360,37,1,1,0,0,53,1,0
20385,58,5,1,1,0,11,0,0
41267,45,11,1,2,0,8564,0,0
43854,32,4,1,2,0,1402,0,0
4257,41,4,1,2,0,1897,1,0
24041,43,4,1,2,0,0,0,0
35249,36,2,1,2,0,280,1,0
36188,39,7,0,1,0,-288,1,0
17857,31,1,2,3,0,-340,1,0
32976,57,1,1,1,0,621,1,0
28576,31,9,2,1,0,304,0,0
41197,73,5,1,3,0,519,0,0
28120,30,9,2,1,0,486,0,0
8328,33,1,2,1,0,6285,1,0
9649,56,10,1,1,0,660,1,0
26694,59,5,1,1,0,2467,0,0
32745,33,1,1,0,0,-219,1,0
31168,49,6,1,2,0,503,1,0
45111,64,5,1,0,0,445,0,0
41916,53,4,0,2,0,3370,0,0
43949,46,1,1,1,0,1723,0,0
12146,52,9,1,1,0,945,0,0
31802,27,9,2,2,0,4661,0,0
24765,53,9,1,1,0,137,0,1
36869,31,9,1,1,0,465,1,0
1715,41,1,1,0,0,-45,1,1
14537,60,5,1,1,0,0,0,0
32671,34,9,2,2,0,0,1,0
16358,32,1,1,0,0,103,0,0
27444,43,4,1,2,0,1751,1,0
29588,36,4,1,2,0,1582,0,0
29456,35,7,1,1,0,1659,1,0
747,31,2,1,2,0,281,1,0
43614,77,5,1,2,0,7802,0,0
43127,34,9,1,2,0,31,0,0
39605,25,8,2,2,0,326,0,0
44690,29,10,2,3,0,1584,0,0
42785,54,0,1,1,0,0,0,0
30475,55,5,1,2,0,127,0,0
4377,30,9,2,2,0,3291,1,0
30724,35,4,2,2,0,1064,1,0
21870,53,9,1,1,0,1357,1,0
35618,49,1,1,0,0,762,1,0
23967,31,4,1,2,0,8312,0,0
14358,54,0,0,3,0,0,0,0
35031,32,1,1,1,0,130,1,0
15135,31,4,1,1,0,-453,1,1
38780,34,1,1,0,0,-703,1,0
35069,26,10,1,1,0,285,1,0
21746,41,9,2,2,0,15302,0,0
33010,36,1,1,1,0,928,0,0
10374,41,1,0,0,0,1887,0,0
16835,42,9,2,2,0,-411,1,0
10982,48,4,0,1,0,720,1,0
1364,41,10,1,0,1,-581,1,0
31636,32,7,1,1,0,393,0,0
5146,31,1,2,1,0,0,1,0
39238,27,1,2,1,0,294,1,0
34390,50,4,1,2,0,311,0,0
2766,31,1,1,0,0,591,1,0
31991,31,9,1,1,0,5467,1,0
45071,27,10,2,1,0,771,0,0
21943,45,0,1,1,0,638,1,0
3836,45,4,1,2,0,876,0,0
18631,33,0,1,1,0,166,0,1
36775,35,0,2,1,0,10,0,1
588,30,9,2,1,0,0,1,0
13872,34,6,1,2,0,870,0,0
3198,57,4,1,2,0,2440,1,0
15986,47,9,2,1,0,-504,0,1
17229,38,4,2,2,0,8,1,0
40464,22,8,2,3,0,47,0,0
14528,32,10,0,0,0,0,0,0
43589,28,9,2,1,0,631,0,0
2417,28,1,1,3,0,52,1,0
23006,59,5,1,2,0,0,0,0
25712,30,8,2,1,0,0,1,0
38737,38,1,1,0,0,1428,1,0
1302,55,10,2,2,0,1513,1,0
31789,32,9,1,1,0,303,1,0
18776,35,10,2,2,0,2340,0,0
12237,47,4,1,2,0,866,0,0
40902,55,4,1,0,0,113,0,0
14419,54,5,0,0,0,308,1,0
37470,31,7,1,1,0,143,1,0
18562,42,6,1,1,0,3211,0,0
35751,51,4,0,1,0,-35,1,0
5042,30,7,1,1,0,702,1,0
24293,58,2,1,1,0,318,1,0
36010,30,1,1,1,0,514,1,0
3393,55,1,1,1,0,1328,1,0
43061,59,4,1,2,0,2764,0,0
7312,41,0,2,1,0,2015,1,0
24355,53,4,2,2,0,720,1,0
3738,51,1,1,0,0,196,1,0
24754,49,1,1,1,0,2039,1,0
7998,39,4,1,2,0,756,1,0
28758,55,9,1,3,0,851,1,0
17044,28,7,1,1,0,633,0,1
6483,35,9,1,1,0,712,1,0
44369,59,9,2,1,0,571,0,1
23564,53,4,1,2,0,761,0,1
31472,38,1,2,2,0,172,1,0
19471,36,2,2,1,0,67,0,0
23741,42,9,1,1,0,3501,0,0
27587,35,2,2,0,0,5,0,0
15718,52,1,0,0,0,29,1,0
17281,30,7,1,1,0,1399,0,0
12714,43,4,0,1,0,0,0,0
14629,34,4,1,2,0,160,1,1
25716,59,3,1,0,0,935,1,0
39491,30,1,2,1,0,411,0,0
13894,60,4,1,2,0,340,0,1
39461,34,9,2,2,0,612,0,0
24839,41,0,1,1,0,16517,0,0
45191,75,5,0,2,0,3810,1,0
12660,31,9,2,1,0,19,0,0
40132,25,7,2,1,0,801,0,0
1116,50,1,1,0,1,354,1,0
31673,38,4,0,2,0,714,1,0
25971,40,9,1,2,0,1759,1,0
38791,30,4,1,2,0,1022,1,0
32369,36,4,2,2,0,4788,1,0
7212,57,9,2,1,0,806,1,0
44472,31,1,2,1,0,228,0,0
16848,48,4,0,2,0,64,0,1
10377,47,3,0,1,0,1453,0,0
37668,55,1,0,0,0,8180,0,0
8760,38,1,1,0,0,5839,1,0
10562,54,1,1,0,0,0,0,0
25118,32,1,2,1,0,118,1,0
16315,36,9,1,2,0,62,0,0
1297,46,7,1,1,0,397,0,0
36891,49,4,0,2,0,108,1,0
34193,40,9,2,2,0,1646,1,0
31227,54,9,1,1,0,25,1,0
39460,28,10,1,2,0,482,0,0
20754,31,4,2,2,0,170,1,1
19762,31,4,2,2,0,18,0,0
15479,36,4,1,2,0,625,1,0
34640,43,7,1,1,0,122,1,0
12715,50,1,1,0,0,9301,1,0
31665,41,1,1,1,0,0,1,0
20058,35,4,1,2,0,1650,0,0
7806,37,9,1,1,0,-403,1,0
32613,36,4,2,2,1,-508,1,0
30385,33,4,1,2,0,26721,0,0
6915,60,5,1,0,0,170,1,0
36369,37,1,1,3,0,622,1,0
11709,55,9,1,1,0,0,1,1
3467,32,0,2,1,0,287,0,0
1526,33,0,1,1,0,61,1,1
26375,34,2,1,1,0,455,1,0
30440,54,9,1,1,0,0,0,0
37034,30,9,2,1,0,115,0,0
8003,50,4,1,1,0,628,0,1
9596,36,4,1,2,0,254,0,0
33800,46,7,2,3,0,454,0,0
20628,31,4,0,2,0,297,0,0
9395,36,0,1,1,0,4785,0,1
39243,33,4,2,2,0,1304,1,0
2077,60,1,1,3,0,231,1,0
13181,55,5,1,1,0,971,0,1
490,32,9,1,1,0,0,1,0
44563,24,8,2,1,0,1719,0,0
514,50,4,0,1,0,1716,1,0
37739,48,4,0,2,0,541,1,0
15054,42,7,0,1,0,138,0,0
1976,32,1,2,1,0,-83,1,0
4353,35,0,1,1,0,846,1,1
22931,37,4,1,2,0,675,0,0
1866,30,1,2,1,0,18,0,0
7,42,2,0,2,1,2,1,0
43025,34,4,1,2,0,8000,0,0
42553,47,4,1,2,0,1122,0,0
30764,46,10,1,0,0,1251,1,0
24052,45,0,0,1,0,1293,1,1
39630,26,8,2,2,0,39,0,0
10159,47,1,1,1,0,303,0,0
33852,35,1,1,1,0,149,1,0
13879,34,4,1,2,0,580,1,0
25436,46,2,1,2,0,1082,1,1
8422,40,1,1,1,0,-605,1,1
26363,55,4,0,2,0,29484,0,0
20055,57,5,1,0,0,243,0,0
4856,33,4,1,1,0,56,1,0
43941,24,9,2,1,0,403,0,0
7223,45,9,1,1,0,59,1,0
35738,46,1,1,3,0,842,1,0
10963,41,7,1,1,0,1483,1,0
24091,58,5,1,0,0,3260,0,0
16722,30,0,2,1,0,2702,1,0
13998,32,4,2,2,0,26,0,0
828,55,5,1,1,0,102,1,0
27636,47,9,1,1,0,2283,1,0
37073,51,1,1,0,0,40,1,0
13876,25,0,2,1,0,19,0,0
14004,36,11,2,0,0,3415,0,0
38143,35,1,1,1,0,253,1,0
37244,37,1,1,1,0,387,1,1
12553,44,9,0,1,0,303,1,1
43859,49,0,2,2,0,228,1,0
14895,50,1,1,1,0,907,0,1
37661,36,4,2,2,0,85,0,0
35428,31,4,2,1,0,202,1,0
20933,56,1,1,0,0,379,0,0
17637,45,4,0,2,0,6200,0,0
26937,33,1,1,0,1,0,1,0
12796,32,0,1,1,0,1604,0,1
11602,47,0,1,1,0,4923,0,0
496,39,1,0,1,0,42,1,0
20310,35,9,1,2,0,22,0,0
8364,38,1,1,1,0,648,1,0
18420,40,9,1,1,0,296,0,0
9951,41,0,1,1,0,0,1,0
26717,35,4,1,2,0,2793,0,0
20219,40,4,0,1,0,1148,1,0
13667,60,11,1,2,0,2450,0,0
37848,39,1,2,0,0,-100,1,0
20476,47,7,1,0,0,586,0,0
36585,54,5,0,2,0,349,1,0
38343,28,1,2,1,0,-267,1,0
2682,59,6,1,2,0,593,0,0
27514,36,1,1,1,0,3463,1,0
31791,38,9,1,2,0,3234,0,0
33724,37,4,1,2,0,4174,0,0
2889,25,9,2,2,0,777,1,0
33055,46,7,1,1,0,9077,1,0
38496,52,9,0,1,0,144,1,0
38153,25,0,1,1,0,541,1,0
41408,37,0,2,1,0,0,1,1
38894,35,1,1,0,0,1749,1,0
40535,63,3,1,0,0,3173,0,0
44621,36,4,2,2,0,671,1,0
44612,36,0,2,2,0,364,0,1
23348,32,9,1,2,0,1868,0,0
14563,33,7,0,3,0,392,1,0
30554,29,3,1,0,0,132,0,0
23924,32,9,2,1,0,1179,0,0
27193,36,4,1,2,0,3537,1,0
20694,57,1,1,0,0,0,0,0
27417,57,10,1,0,0,3367,0,0
24792,44,2,0,2,0,316,1,0
38454,25,0,2,2,0,1056,1,0
44241,31,10,0,2,0,756,0,0
14846,31,9,0,1,0,105,1,0
26293,54,6,1,0,0,2132,0,1
43649,37,4,1,2,0,2283,0,0
25818,51,9,1,1,0,8863,0,0
272,57,9,1,1,0,1078,1,0
38856,32,6,1,1,0,-33,1,0
30624,29,1,2,0,0,269,0,0
21269,36,9,1,1,0,110,0,0
15555,37,9,1,2,0,-86,1,0
23831,37,9,2,2,0,160,0,0
3244,50,1,2,1,0,708,1,0
28652,32,0,0,1,0,678,0,0
13816,43,4,1,2,0,177,1,0
33360,78,5,1,0,0,240,0,0
14036,54,4,1,2,0,95,0,0
27452,43,11,2,2,0,2731,0,0
3600,37,7,1,1,0,1,0,0
3429,46,1,1,0,0,252,1,0
41772,48,4,1,2,0,1093,1,1
28833,26,9,2,2,0,152,0,0
40803,22,8,2,3,0,1215,0,0
2771,54,9,0,1,0,447,1,0
25880,58,4,0,3,0,3498,0,0
3609,40,7,1,1,0,574,1,0
16505,37,4,1,2,0,216,1,0
5755,35,0,1,1,0,788,1,0
42598,27,4,2,1,0,843,0,0
2217,32,10,1,0,0,324,1,0
39420,46,0,2,1,0,533,0,0
25447,55,9,1,1,0,6043,0,0
28579,37,2,1,2,0,1284,1,0
24758,37,9,1,1,0,195,1,0
22285,31,3,1,0,0,25,0,0
34899,29,1,1,1,0,751,1,0
37047,35,0,2,1,0,0,1,0
11752,42,11,2,3,1,61,0,0
26390,34,7,0,1,0,797,1,0
10652,30,7,1,1,0,384,1,0
336,42,0,2,1,0,1022,1,0
16526,39,0,0,2,0,1087,0,1
30755,59,5,0,2,0,3444,0,0
35077,34,9,2,1,0,1259,1,0
44732,23,8,2,2,0,508,0,0
1459,49,1,2,0,0,1164,1,0
24004,37,9,1,1,0,449,1,0
41450,48,4,1,0,0,606,0,0
44511,62,1,1,1,0,272,0,0
6209,34,1,1,1,0,457,1,1
43847,70,5,1,0,0,2346,0,0
22705,49,1,1,1,0,1860,0,0
17203,27,4,2,2,0,72,1,0
35925,35,0,2,1,0,0,1,0
25740,53,6,1,2,0,3711,0,0
26238,34,0,1,1,0,3185,1,0
40764,40,1,1,1,0,1508,0,0
44557,45,4,1,2,0,226,1,0
17741,59,3,1,2,0,0,0,1
2290,38,1,2,3,0,573,1,0
45203,23,8,2,2,0,113,0,0
24865,38,4,1,2,0,1802,0,0
44310,47,0,1,1,0,1210,0,0
4601,36,3,2,1,0,7171,1,0
43503,30,8,2,2,0,7529,0,0
9502,37,2,1,2,0,342,1,0
17544,44,4,2,0,0,4,0,0
19223,43,6,1,1,0,5704,1,0
12261,46,7,1,1,0,1400,0,0
5026,39,1,2,1,0,1961,0,0
19951,43,6,1,0,0,9304,0,0
13706,41,9,1,3,0,30,1,0
2591,37,4,1,2,0,1330,1,0
9529,46,5,2,0,0,1190,0,0
5087,38,6,1,1,0,-165,1,0
41270,64,5,0,2,0,17875,0,0
8201,38,4,1,2,0,-239,1,0
5346,40,7,0,1,0,5745,1,1
29233,26,8,2,1,0,5569,0,0
18704,44,3,1,0,0,0,0,0
30477,43,11,1,0,0,644,0,0
28338,36,0,2,1,0,268,0,1
5884,32,1,0,1,0,3,1,0
9834,43,9,2,1,0,1462,0,0
7670,37,7,1,1,0,-5,1,1
10376,39,1,1,0,0,1397,1,0
2631,26,1,1,1,0,3108,1,0
42279,61,5,1,0,0,2863,0,0
19782,57,7,1,0,0,2893,0,0
8765,28,4,2,2,0,4013,1,0
20004,32,4,1,2,0,0,0,0
5794,37,9,0,1,0,695,1,0
30680,39,9,1,3,0,195,0,0
18255,39,0,1,1,0,70,1,0
6125,34,7,2,1,0,-92,1,0
35465,27,1,2,1,0,4,1,0
42608,70,5,1,0,0,3230,0,0
14815,29,4,1,2,0,465,1,0
41410,31,6,2,2,0,3343,0,0
19435,41,9,1,1,0,-832,0,0
26734,30,4,2,2,0,1372,0,0
4541,43,4,1,2,0,-8,1,0
38206,37,1,0,1,0,-59,1,0
23047,41,9,1,2,0,231,0,0
17186,28,4,1,2,1,84,0,1
23636,60,6,1,1,0,1690,0,0
41906,65,5,1,1,0,571,1,0
41615,71,5,0,1,0,4380,0,0
16792,57,4,1,2,0,224,1,0
38025,29,9,2,1,0,-13,1,0
25479,37,9,1,1,0,7957,0,0
2556,51,9,1,1,0,463,1,0
25898,46,2,2,2,0,1410,1,0
28548,44,9,2,2,0,900,1,0
27146,40,7,2,1,0,19343,1,0
6247,33,7,0,1,0,-395,1,0
9608,47,4,0,2,0,313,1,0
43274,37,10,1,1,0,1978,0,0
41889,30,0,2,2,0,261,0,0
15028,30,7,1,1,0,7032,0,0
18534,42,1,1,0,0,704,1,1
38756,59,1,1,1,0,32,1,0
5967,44,0,1,1,0,0,0,0
3576,49,9,1,1,0,3033,0,0
38721,33,1,1,1,0,-63,1,0
12567,37,7,2,1,0,-244,0,0
37339,35,1,2,1,0,546,1,0
31100,26,8,2,1,0,620,0,0
38804,31,1,1,0,0,54,1,0
6429,28,4,1,2,0,13186,1,0
39354,42,7,1,1,0,1165,1,0
14524,40,0,1,2,0,0,1,0
36124,36,7,1,1,0,1253,1,0
33225,35,1,1,1,0,0,1,1
25475,36,4,1,2,0,3839,0,0
43566,37,0,1,1,0,55,1,1
3698,33,7,2,1,0,0,1,0
17378,38,1,1,0,0,-275,0,0
13357,33,4,1,2,0,6,1,0
39754,57,4,1,2,0,473,0,0
4518,40,1,1,0,0,-740,1,0
18081,54,9,1,1,0,114,0,0
6001,33,9,2,1,0,440,1,0
27137,48,9,1,0,0,1375,1,1
22318,32,4,2,2,0,0,0,0
16368,25,4,2,2,0,323,0,1
15700,58,9,1,1,0,471,1,1
44870,20,8,2,3,0,179,0,0
12389,51,1,1,2,0,84,0,1
32381,37,1,1,1,0,2848,1,0
11345,39,1,2,0,0,0,0,0
29007,37,7,0,1,0,490,1,0
21690,30,9,2,1,0,8,0,0
21153,32,9,1,2,0,1559,1,1
36592,33,2,1,1,0,1034,1,0
3631,45,9,1,1,0,89,1,0
30913,32,1,1,1,0,0,1,0
30985,28,4,2,2,0,385,0,1
27832,41,4,1,2,0,102,0,0
19231,34,4,2,2,0,681,0,0
36141,41,0,2,3,0,419,1,0
7132,40,10,2,1,0,75,1,0
43375,31,4,2,2,0,522,0,0
21997,47,7,1,1,0,665,1,0
19472,34,8,2,2,0,873,1,0
1550,53,1,1,1,0,175,1,0
35902,41,7,0,1,0,787,1,0
44754,33,10,2,1,0,2066,0,1
36558,44,4,0,2,0,2696,1,1
7156,58,5,1,1,0,32948,0,0
16680,37,9,2,1,0,133,1,0
9550,30,1,1,1,0,3653,1,1
10186,38,0,1,0,0,464,0,1
36003,51,7,1,0,0,314,1,1
25109,32,9,2,1,0,28,1,0
29280,33,0,1,1,0,482,1,0
43174,59,4,1,2,0,315,0,0
1469,43,7,2,3,0,193,1,0
182,35,7,1,1,0,59,1,0
12202,56,2,1,3,0,575,0,0
30190,38,1,1,1,0,475,1,0
32567,35,1,1,1,0,293,1,0
40963,26,4,2,2,0,-8,0,0
13087,32,1,1,0,0,642,0,1
36299,58,4,2,2,0,2,1,0
12659,43,1,1,1,0,105,0,1
19100,51,0,1,1,0,227,0,0
1009,53,7,1,0,0,46,1,0
35389,44,7,1,0,0,3,1,0
12582,42,0,2,1,0,506,1,1
2458,50,1,1,1,0,160,1,0
39361,20,1,2,1,0,76,1,0
38548,29,1,1,1,0,25,1,0
16766,47,1,0,1,0,506,0,0
29870,35,7,2,0,0,739,1,0
43996,29,9,2,1,0,825,0,0
19341,31,9,2,1,0,200,0,0
40726,73,5,0,1,0,1092,0,0
14290,31,7,1,1,0,393,0,0
28235,27,4,2,2,0,791,0,0
14284,40,1,1,1,0,992,1,1
10914,51,1,0,0,0,886,0,0
12785,51,1,1,0,0,505,0,1
16227,30,4,1,2,0,126,1,1
41016,56,5,1,0,0,9367,0,0
5661,37,9,1,1,1,-886,1,0
16449,56,5,1,2,0,5,0,0
43292,30,4,1,2,0,1077,0,0
817,31,4,0,2,0,0,1,0
12169,47,9,1,2,0,2155,0,0
7053,24,6,2,2,0,931,1,0
9135,36,10,2,0,0,1201,1,0
36309,32,1,2,1,0,-84,1,0
296,31,1,2,1,0,3,1,0
16433,32,0,2,1,0,458,0,1
38552,28,1,1,0,0,278,1,1
2515,36,4,1,2,0,125,1,0
20429,30,4,1,2,0,646,0,0
35363,47,1,1,0,0,328,1,0
29994,28,7,2,1,0,458,0,0
5282,34,7,2,1,0,84,1,0
3441,46,1,1,1,0,536,1,0
39894,29,6,2,2,0,871,1,0
22564,45,9,1,2,0,12766,0,0
22617,41,4,0,2,0,369,1,0
14461,57,9,0,1,0,-305,1,0
27831,52,10,1,0,0,20,1,0
41855,81,5,0,3,0,0,0,0
20624,31,4,2,2,0,1858,0,0
18770,50,1,1,1,0,9585,1,0
19198,56,4,1,2,0,1483,0,0
27869,44,9,1,1,0,306,1,0
12981,38,9,1,1,0,0,1,1
31356,31,4,2,2,0,115,0,0
40449,35,10,2,0,0,68,0,0
39224,34,4,1,2,0,1657,1,0
7991,43,0,0,1,0,15511,1,0
4258,22,1,1,1,0,36,1,0
43608,48,4,1,2,0,0,1,0
38693,39,1,1,1,0,11854,1,0
5335,32,1,1,1,0,2549,1,0
2372,29,1,1,0,0,0,1,0
29510,32,4,2,2,0,2360,0,0
25982,31,6,2,2,0,3361,0,0
3868,38,4,1,2,0,2724,1,0
1473,37,9,2,1,0,670,1,0
28600,30,7,2,1,1,-261,1,0
5220,29,0,1,1,0,265,1,0
19636,37,9,0,1,0,5733,1,0
20826,38,9,2,1,0,227,0,0
42447,50,0,1,1,0,10250,1,0
7833,48,1,1,1,0,1841,1,0
32167,27,9,2,1,0,439,1,0
21142,34,4,1,2,0,3031,0,0
5621,30,0,2,2,0,253,1,0
12143,42,1,1,0,0,0,0,0
44439,41,9,2,2,0,1646,1,0
43609,60,1,1,0,0,5,0,0
30818,38,1,2,0,0,2198,0,0
20771,50,9,1,1,0,1838,1,1
3911,48,1,1,1,0,478,1,1
36497,30,7,2,1,0,297,1,0
6717,28,7,2,1,0,40,1,0
33310,34,1,2,1,0,565,1,1
403,50,7,1,1,0,206,1,0
6173,36,7,0,1,0,-330,1,1
30992,49,7,1,1,0,320,0,0
25893,50,4,0,1,0,2,0,0
29804,53,6,2,3,0,289,0,0
33509,33,1,1,1,0,-267,1,0
19613,32,4,2,2,0,4291,0,0
31800,34,9,1,1,0,2726,1,0
40949,38,1,2,1,0,0,0,0
12767,37,7,1,1,0,343,1,1
14571,37,4,1,2,0,1094,1,0
32669,54,1,1,0,0,736,1,1
40080,55,0,1,1,0,1662,0,0
6515,25,9,0,2,0,174,0,1
43942,30,7,0,1,0,436,1,0
13476,43,4,2,2,0,-2,0,1
40437,28,4,2,2,0,9314,0,0
12283,29,1,1,1,0,214,1,1
39138,50,9,0,1,0,116,1,0
6279,21,0,2,3,0,-28,1,0
21857,42,4,0,2,0,0,1,0
12317,50,0,1,1,0,0,1,1
9142,48,0,1,1,0,476,0,0
3737,39,4,1,2,0,0,1,1
15043,42,0,1,1,0,1279,1,0
30744,49,5,0,1,0,-268,1,0
23850,37,4,1,2,0,5,0,0
13502,57,7,1,1,0,140,1,0
43565,61,5,1,1,0,1058,0,0
4080,31,1,1,1,0,43,1,0
8023,31,1,1,1,0,1358,1,0
35312,51,2,1,2,0,228,1,0
36168,35,1,2,1,0,41,1,0
2053,45,1,1,0,0,101,1,0
29310,43,0,2,1,0,-247,1,1
33501,31,9,2,1,0,4,1,0
33866,35,9,1,1,0,35,1,0
39751,37,0,1,2,0,23,1,0
8718,45,4,0,1,0,644,1,0
35046,38,1,1,1,0,638,1,0
42108,29,8,2,2,0,3054,0,0
38161,41,1,0,1,0,793,1,0
32152,39,1,2,1,0,649,1,0
17816,26,7,2,1,0,0,0,0
40193,50,9,2,1,0,1811,0,0
19909,47,9,0,2,0,8422,0,0
15436,44,4,1,2,0,236,1,1
18666,54,7,1,0,0,198,1,0
34703,28,9,2,2,0,75,1,1
41538,61,5,1,0,0,1742,0,0
36067,50,0,1,1,0,284,1,0
849,37,0,2,1,0,245,1,1
36911,43,1,1,3,0,245,1,1
22734,41,4,0,2,1,-68,1,1
30881,44,9,1,1,0,-393,0,0
29540,52,1,2,3,0,1785,0,0
31923,36,2,1,2,0,0,1,0
27159,54,4,1,2,0,37176,0,0
205,50,7,1,1,0,5699,1,0
31804,33,4,2,2,0,259,0,0
22082,38,9,2,1,0,0,0,0
20540,48,4,0,2,0,148,0,0
27068,38,1,0,1,0,814,1,0
16653,34,9,1,1,0,1234,1,0
38385,38,0,1,1,0,257,1,0
43376,28,0,2,2,0,832,0,0
35348,41,3,1,0,0,322,0,0
12215,28,1,2,1,0,-267,1,0
19881,41,9,2,1,0,43,0,0
3277,43,10,1,0,0,960,1,1
27504,44,1,1,0,0,0,1,1
21161,39,4,1,2,0,2985,0,0
6774,23,7,2,1,0,665,1,0
10931,53,1,1,0,0,1100,1,0
37962,40,1,1,0,0,309,1,0
9464,48,2,1,2,0,810,0,0
23162,39,4,1,1,0,46,1,0
17624,59,0,0,1,0,1525,0,0
1388,59,5,0,2,0,381,1,0
33187,41,1,1,0,0,951,1,0
27344,30,9,2,2,0,1028,1,0
42295,64,5,1,3,0,679,0,0
17241,29,1,1,1,0,246,1,0
19856,44,4,2,2,0,1424,1,0
2122,48,1,0,1,0,602,1,0
28160,39,0,1,1,0,272,1,1
18241,44,1,1,1,0,5414,0,0
20189,31,4,2,2,0,15,0,0
2196,36,7,2,1,0,616,1,1
22164,34,4,1,2,0,0,0,0
41022,57,5,2,2,0,842,0,0
83,59,0,1,1,0,2343,1,0
10550,32,1,1,1,0,598,1,0
38620,30,4,2,2,0,355,1,0
14346,32,9,1,1,0,396,1,0
5972,45,4,1,1,0,5888,1,0
19387,32,6,1,0,0,286,1,0
2624,53,0,0,1,0,887,1,0
23407,40,4,1,1,1,-1545,0,0
13732,35,1,1,3,0,1084,1,0
22063,48,4,1,2,0,1567,1,0
14287,51,1,1,0,0,0,1,0
13791,30,0,2,1,0,211,0,0
7933,48,4,1,2,0,7867,1,1
145,33,7,1,1,0,22,1,0
23889,31,9,1,1,0,251,0,1
11737,46,7,1,1,0,457,1,1
31710,35,2,1,2,0,1859,1,0
29281,31,4,1,2,0,4015,1,0
20975,42,9,1,2,0,13410,0,1
3038,41,0,1,2,0,5426,1,0
23549,31,4,1,2,0,60,0,0
8957,32,4,1,2,0,944,1,1
43635,72,5,1,0,0,2304,0,0
44815,60,5,1,1,0,975,0,0
24419,57,0,1,1,0,92,0,1
33818,37,0,1,2,0,3913,1,0
40399,41,11,2,2,0,1567,0,0
9582,40,0,1,1,0,2199,0,0
25143,51,1,0,1,0,1524,1,0
17781,55,9,1,1,0,0,0,0
24076,40,4,1,2,0,3352,1,0
37351,36,4,2,1,0,1331,1,0
13641,53,4,1,0,0,-139,0,0
30179,35,1,1,1,0,-151,1,0
15280,34,4,2,2,0,21,1,0
17105,31,1,1,0,0,3,0,1
34623,47,9,1,1,0,57,0,0
12831,40,1,2,3,0,29,0,0
29867,37,7,2,1,0,342,1,0
882,33,3,1,2,0,98,1,1
18835,52,4,1,2,0,1415,0,0
14277,28,9,2,1,0,36,0,0
11537,54,3,1,0,0,774,0,0
2610,40,7,1,0,0,1117,1,0
25904,57,4,1,2,0,1172,0,0
42667,36,0,0,1,0,592,0,0
6158,32,0,1,1,0,17,1,0
31560,35,0,1,1,0,3187,1,0
32751,31,9,1,1,0,4,1,0
3105,40,9,2,1,0,277,1,0
1683,40,3,0,1,0,108,0,0
9977,40,10,2,1,0,6,0,0
13482,35,3,1,0,0,218,1,0
11402,51,0,1,1,0,884,0,0
7483,30,7,0,1,0,63,1,0
37229,32,1,2,1,0,322,1,0
32661,53,7,1,1,0,197,1,0
2816,45,4,2,2,0,1088,0,0
44259,39,1,1,0,0,558,1,0
25644,39,2,1,0,0,3373,1,0
6551,34,9,2,2,0,122,0,0
3920,50,4,2,2,0,567,1,0
42411,49,4,1,2,0,5887,0,0
40594,28,4,2,2,0,5474,0,0
28221,53,9,0,1,0,388,1,1
19551,34,4,1,2,0,1048,0,0
38179,25,1,2,1,0,543,1,0
12027,46,9,0,2,0,7318,0,0
23095,34,4,2,2,0,4687,0,0
14772,37,4,2,2,0,2265,1,0
44236,57,5,1,1,0,3738,1,0
29696,57,9,1,3,0,2610,0,0
23776,55,9,1,1,0,55,0,1
26492,31,7,1,1,0,14387,1,0
2993,54,4,0,1,0,155,1,0
14391,49,4,1,2,0,261,0,0
43255,33,4,1,2,0,0,1,0
2510,47,1,1,0,0,521,1,0
25380,43,7,1,1,0,508,1,0
10543,42,4,1,2,0,-380,1,0
16521,38,0,0,1,0,74,1,0
36823,35,0,1,1,0,614,1,0
11005,49,11,2,2,0,2226,0,0
3690,32,4,1,2,0,0,1,0
18599,44,9,1,1,1,-251,0,1
36830,33,4,0,2,0,-634,1,1
40016,36,9,1,2,0,1731,1,0
27329,40,2,1,1,0,285,0,0
39202,27,10,2,1,0,259,1,0
11500,46,1,0,1,0,2441,0,0
22332,34,9,2,1,0,229,0,0
29878,39,1,1,0,0,33,1,0
3874,54,2,1,0,0,3343,1,1
32438,24,1,2,1,0,630,1,0
3199,49,0,2,1,0,2040,1,0
41904,36,9,1,1,0,480,0,0
23513,33,4,1,1,0,333,0,0
22644,32,9,0,2,0,53,0,0
5003,31,4,2,2,0,825,1,0
35552,31,7,2,1,0,1192,1,0
16047,43,1,1,0,1,0,0,1
3849,37,1,2,3,0,2188,0,0
3148,58,0,1,1,0,-1196,1,1
24685,43,4,1,2,0,430,0,0
40187,54,6,1,2,0,1510,0,0
20955,30,9,2,1,0,160,0,0
35512,31,10,2,2,0,140,1,0
28142,32,1,1,1,0,257,1,1
26561,40,1,1,0,0,60,0,0
36467,41,1,1,1,0,0,1,0
43259,29,4,2,2,0,2344,1,0
26006,40,0,2,1,0,664,0,0
25863,37,7,1,1,0,523,1,0
4222,51,4,2,2,0,824,0,0
9214,48,4,1,2,0,1733,0,0
22371,33,9,2,2,0,99,0,0
11956,47,0,1,2,0,12276,0,0
27982,59,1,1,0,0,699,0,0
30999,32,1,1,1,0,316,1,0
41134,22,8,2,1,0,948,0,0
44417,35,4,2,2,0,747,0,0
42637,22,8,2,1,0,254,0,0
34366,35,2,1,1,0,2971,0,0
5215,36,1,2,1,0,690,1,0
44420,93,5,1,3,0,775,0,0
22016,44,3,1,0,0,0,0,0
5961,28,1,1,1,0,339,1,0
24935,30,0,2,2,0,371,0,0
20214,42,3,1,0,0,-209,0,1
11577,43,11,1,2,0,1937,0,0
13675,51,1,1,3,0,41,1,0
38234,27,1,1,1,0,484,1,0
25251,58,4,0,2,0,5037,1,0
15612,31,1,2,1,0,-64,0,0
27321,31,10,1,2,0,591,0,0
35849,46,9,0,1,0,0,1,1
42786,27,11,2,2,0,6421,0,0
17797,33,6,1,1,0,215,1,0
9408,58,4,0,2,0,1266,0,1
45148,22,8,2,1,0,2488,0,0
29645,26,1,2,1,0,2353,0,0
36223,43,7,1,1,0,-416,1,1
35850,43,7,2,1,0,66,1,0
7080,28,1,1,1,0,2,1,0
12361,44,7,1,1,0,-618,0,1
2084,54,4,1,0,0,113,0,0
35516,56,2,1,2,0,16125,0,0
30998,51,0,1,1,0,-229,0,0
1317,51,1,1,3,0,125,1,0
25723,30,4,1,2,0,-181,1,0
30310,47,10,2,0,0,289,0,0
17749,35,0,2,1,0,6554,0,0
23474,55,9,1,1,0,3207,0,0
14139,42,4,1,2,0,484,1,0
21117,30,9,1,1,0,289,1,0
5424,49,4,1,3,0,383,1,0
2298,44,4,2,2,0,295,1,0
24305,46,1,1,1,0,0,1,0
14864,48,7,2,1,0,133,1,1
41730,66,5,1,1,0,0,0,0
11622,27,1,1,1,0,61,1,0
13750,38,2,1,1,1,15,1,0
16631,44,1,2,0,0,0,1,0
7655,51,4,0,2,0,986,0,0
11435,40,1,1,0,0,607,1,0
2351,37,1,1,1,0,166,1,0
14596,54,5,0,1,0,-57,0,1
1360,37,7,1,1,0,50,1,0
22517,50,4,1,2,1,72,0,0
15705,40,0,2,2,0,1005,1,0
7188,44,1,1,1,0,2523,1,0
2665,42,1,0,1,0,-135,1,0
5776,31,4,2,2,0,682,1,0
43480,59,9,1,1,0,1,0,0
2584,43,1,0,0,0,42,0,0
21928,42,4,1,2,0,251,0,0
16778,33,0,1,2,0,640,0,0
2020,34,9,1,1,0,484,0,0
42631,28,6,2,2,0,4579,0,0
6361,30,9,2,1,0,1359,1,0
13558,46,4,1,2,0,375,0,0
18489,50,1,0,0,0,602,1,0
21926,31,4,1,2,0,69,0,0
29423,59,3,1,0,0,182,0,0
11910,52,9,1,1,0,2206,1,0
28782,26,4,1,2,0,265,0,0
8867,26,7,2,1,0,128,1,1
4878,34,4,2,2,0,0,1,0
6431,31,4,1,2,0,22867,1,0
40825,26,0,2,1,0,96,0,0
9480,56,3,0,2,0,1059,0,1
42845,42,0,1,1,0,100,1,0
17837,52,7,0,0,1,-1,0,1
11887,45,4,1,2,0,904,1,1
19184,57,5,1,0,0,0,0,0
18127,30,0,2,1,0,330,0,1
12298,39,7,0,1,0,0,1,1
33568,38,7,1,1,0,387,1,0
8483,30,0,1,1,0,-366,1,1
18919,55,5,1,1,0,0,0,0
13387,46,9,1,1,0,152,0,0
8179,35,1,1,1,0,4731,1,0
20809,51,1,1,0,0,97,0,0
32019,33,9,2,2,0,318,1,0
24448,45,10,2,1,0,0,1,0
34128,85,5,1,0,0,98,0,0
7086,34,1,1,1,0,250,1,0
24358,46,4,2,2,0,46,0,1
3213,45,1,1,1,0,4509,1,0
15839,27,4,1,2,0,1109,1,0
38250,30,0,2,1,1,-228,1,0
41970,40,0,1,2,0,1108,0,0
29740,54,4,1,2,0,195,0,1
19308,60,5,1,0,0,957,0,0
30860,32,10,1,3,0,881,0,0
8650,38,1,2,3,0,10,1,0
6428,39,9,1,1,0,768,1,1
30112,28,9,2,1,0,1532,0,0
11473,52,1,0,0,0,2800,0,0
26289,36,7,1,1,0,11462,1,0
31670,36,9,1,1,0,0,1,0
25766,54,6,0,2,0,1323,0,0
21170,35,4,1,2,0,-547,1,0
6229,35,7,1,1,0,505,1,1
28858,32,10,1,1,0,365,1,0
15754,40,1,1,0,0,177,1,1
44880,38,4,1,2,0,845,0,0
30019,34,0,0,1,0,531,0,0
15486,36,4,0,2,0,18,1,0
36546,60,0,2,1,0,860,1,0
19206,50,4,0,2,0,3211,1,0
37729,45,1,1,0,0,345,1,0
31418,32,6,2,2,0,658,1,0
42478,64,5,1,0,0,43,0,0
40043,29,4,2,2,0,1739,1,0
35030,28,1,2,1,0,524,1,0
34554,31,4,1,2,0,451,1,0
29026,35,1,2,1,0,278,0,0
37273,59,4,1,1,0,771,0,0
12994,43,2,2,2,0,42,0,0
36437,31,9,1,1,0,467,1,0
29581,34,1,1,1,0,563,0,1
6115,40,0,1,0,0,189,1,0
3803,28,0,1,2,0,364,1,0
1314,36,4,1,2,0,1852,0,0
15083,29,7,2,1,0,0,0,0
12394,29,0,2,1,0,11,0,0
43216,26,8,2,1,0,5296,0,0
43477,75,5,1,1,0,3771,0,0
44660,37,0,2,2,0,635,0,0
36391,43,1,1,0,0,582,1,0
10808,55,4,2,2,0,854,1,1
32028,33,4,1,2,0,0,1,0
12615,31,1,1,1,0,33,0,0
468,55,1,1,1,0,52,1,0
7076,48,9,1,1,0,219,1,1
35243,28,1,1,1,0,251,1,0
22418,30,9,2,2,0,0,0,0
30955,40,1,1,0,0,1389,1,0
3074,44,4,1,2,0,1945,0,0
40051,34,9,1,1,0,114,1,1
36156,30,4,0,2,1,-1105,1,0
38879,27,1,2,0,0,-579,1,0
35748,48,4,1,3,0,0,1,0
19635,37,9,1,2,0,5239,0,0
11064,57,1,1,0,0,4073,0,0
34087,28,8,2,2,0,3054,0,0
28991,39,7,2,2,0,1222,1,0
22046,53,4,0,2,0,913,0,0
16765,30,7,1,0,0,-224,1,0
29827,37,4,1,2,0,0,1,0
5593,30,1,2,1,1,4,1,0
20011,40,3,1,1,0,949,0,0
38252,39,1,1,1,0,1254,1,0
44609,36,4,1,2,0,5367,0,0
10879,40,0,1,1,0,35,0,0
3821,38,10,1,0,0,113,1,0
41527,32,6,1,2,0,1676,1,0
7323,35,4,1,1,0,97,1,0
43459,49,0,1,1,0,197,1,0
32240,36,1,0,1,0,3102,1,0
22498,38,6,1,2,0,656,1,0
13343,27,0,2,1,0,13,1,0
10113,42,6,0,2,0,0,0,0
6527,35,1,1,0,0,914,1,0
18094,35,1,2,3,0,217,1,0
12434,33,1,1,0,0,276,0,0
10214,37,2,2,2,0,108,0,0
38996,28,0,1,1,0,-76,1,0
42144,76,5,1,0,0,1492,0,0
5117,46,1,2,1,0,0,0,0
33578,34,9,2,2,0,482,1,0
44338,61,4,1,3,0,264,0,0
18056,55,4,2,1,0,1507,1,0
18283,27,9,2,1,0,0,0,0
13492,33,4,1,2,0,0,1,0
5268,31,1,2,1,0,509,1,0
18167,37,0,1,3,0,892,1,0
44213,31,4,0,2,0,414,0,1
4124,38,7,2,2,0,323,1,0
37030,34,0,1,0,0,412,1,0
14944,38,4,1,1,0,3500,1,0
18709,29,6,1,2,0,0,1,1
33581,34,4,0,2,0,2279,1,1
15236,40,4,1,2,0,-117,1,0
3969,45,1,1,0,0,137,1,1
13116,58,9,1,3,0,-509,0,1
33934,33,4,1,2,0,1122,0,0
17094,51,1,1,0,0,0,1,1
21003,37,4,2,2,0,131,0,0
10414,35,0,1,1,0,0,0,0
26326,35,4,1,2,0,1801,0,0
35749,56,1,1,0,0,-116,1,0
31605,49,4,1,2,0,596,1,0
41956,43,1,1,1,0,14646,0,0
6,28,4,2,2,0,447,1,1
24255,54,1,1,0,0,2440,0,1
39658,47,0,1,2,0,2279,1,1
44160,40,4,1,2,0,4539,0,0
36938,41,7,1,1,0,0,1,1
2712,36,1,1,1,0,722,1,0
19039,46,9,0,1,0,648,0,0
7472,27,9,2,1,0,357,1,0
36344,36,1,0,0,1,0,1,0
29117,34,2,1,2,0,-508,1,0
8522,37,7,2,1,0,278,1,0
17180,42,1,1,0,0,7041,1,0
20951,38,4,2,2,0,2117,0,0
32056,25,4,2,2,0,702,0,0
33279,41,1,1,1,0,1522,1,1
20801,33,9,1,1,0,763,0,0
25454,41,2,1,2,0,171,1,0
18062,50,1,0,0,0,-333,0,1
40281,31,9,2,2,0,969,0,0
11557,38,1,2,1,0,48,0,0
42458,59,10,1,1,0,957,0,0
30312,41,4,1,2,0,13874,0,0
15196,32,4,1,2,0,820,1,0
29301,46,9,1,3,0,304,0,0
1936,47,4,0,2,0,84,1,0
33615,48,7,1,1,0,515,1,0
33835,35,6,1,2,0,506,0,0
10978,39,6,1,1,0,1317,0,0
16191,41,4,2,2,0,336,1,0
41806,28,6,2,2,0,1579,0,0
5572,33,4,1,2,0,0,1,0
14744,35,1,2,1,0,885,1,0
12057,49,9,0,1,0,1669,1,0
18634,52,1,1,0,0,0,1,0
14262,44,2,1,1,0,781,0,1
25305,30,9,2,2,0,0,1,0
22893,34,4,1,2,0,224,0,0
18850,57,0,1,0,0,6997,0,0
11066,29,0,2,1,1,-95,1,0
16115,31,1,1,0,0,-81,1,0
12630,40,1,1,0,0,13,1,0
4543,37,3,2,1,0,2042,1,0
41167,51,4,1,2,0,0,1,1
18840,49,9,1,1,0,324,0,0
10458,30,4,2,2,0,775,1,0
31919,68,5,0,0,0,695,0,0
22481,46,2,1,2,0,1920,0,0
6640,30,9,2,2,0,-241,1,0
42036,52,1,1,1,0,2230,0,0
5947,40,0,1,1,0,1327,1,1
22752,34,9,1,2,0,11126,0,0
7145,27,1,2,1,0,2486,1,0
44825,66,5,1,0,0,388,0,0
8884,27,1,1,1,0,419,1,0
3453,42,0,1,1,0,281,1,0
26319,56,4,1,0,0,772,1,0
15967,39,7,1,1,0,-378,1,1
20291,41,4,1,1,0,456,1,0
4648,32,1,1,1,0,2366,1,0
2912,34,10,2,1,0,9,1,0
42551,48,6,1,1,0,1559,0,0
37527,32,1,1,1,0,-446,0,0
11769,57,10,1,1,0,468,1,0
4823,41,4,1,2,0,666,1,0
16780,41,4,1,1,0,3096,1,0
23716,32,4,2,2,0,813,0,0
27849,26,9,2,1,0,3244,0,0
24350,59,4,1,2,0,0,0,0
23017,35,9,1,2,0,188,0,0
20574,35,9,1,2,0,432,0,0
4028,35,0,2,1,0,368,1,0
11903,39,1,1,1,0,3832,1,0
15155,28,4,2,2,0,416,1,1
38241,34,9,1,1,0,-25,0,0
29192,32,4,1,2,0,55,0,0
36373,33,7,2,1,0,-530,1,1
42094,33,4,1,2,0,3301,1,0
23323,33,9,1,2,0,48,0,0
13221,34,0,1,1,0,233,1,1
24171,32,4,1,2,0,62,1,0
13766,33,0,1,2,0,55,1,0
21096,31,4,1,2,0,2344,1,0
29334,26,8,2,1,0,0,0,0
43641,37,9,1,2,0,88,0,0
39289,24,0,2,1,0,843,1,0
40667,67,5,1,2,0,2812,0,0
28756,42,4,0,1,0,640,0,0
9216,59,4,1,0,0,2269,0,1
40668,57,7,2,1,0,0,0,0
14002,35,1,0,1,0,275,0,1
23463,31,4,1,2,0,13,0,0
41449,38,1,1,0,0,3195,0,0
15933,42,3,1,0,0,4279,1,0
21043,31,4,2,2,0,2227,0,0
25159,51,10,0,2,0,5,0,0
42632,29,1,2,1,0,180,0,0
4161,29,1,2,2,0,1012,1,0
8602,44,1,1,0,0,1066,1,0
13265,28,0,2,1,0,19,0,0
6748,44,0,1,1,0,72,1,1
29303,37,9,2,2,0,-1,1,0
7186,51,7,1,1,0,-178,1,1
43441,33,6,2,2,0,658,1,0
24385,58,4,0,2,0,1573,1,1
26591,34,1,1,2,0,17672,0,0
42296,27,1,2,1,0,535,0,0
17476,40,0,2,1,0,419,0,1
35966,34,1,1,0,0,174,1,0
40520,55,0,1,1,0,865,1,0
15108,31,1,0,1,0,-277,1,0
29665,59,0,1,1,0,1089,0,0
8785,27,4,2,2,0,648,1,1
15411,39,1,0,1,0,241,1,0
12096,51,0,2,1,0,2685,0,0
28198,53,1,1,1,0,-76,0,0
26814,38,0,2,1,0,77,0,0
35435,40,10,0,1,0,193,1,0
36095,39,7,1,1,0,-404,1,0
10786,43,3,2,0,0,103,0,0
16639,28,3,1,1,0,204,1,0
14337,60,4,0,0,0,21,0,1
32046,36,7,2,1,0,-253,1,0
2347,33,4,0,1,0,5,1,0
39023,23,9,2,1,0,356,1,0
9045,60,5,1,1,0,8590,0,0
39347,24,7,2,1,1,-1414,1,1
19430,34,4,2,2,0,2576,1,1
26407,40,6,1,2,0,1604,0,0
25934,33,0,1,3,0,2780,0,0
39426,53,1,1,3,0,2509,0,0
12864,35,2,1,0,1,25,0,1
38176,37,1,1,1,0,949,1,0
25972,48,1,1,1,0,4770,1,1
7062,38,1,1,0,0,476,1,0
35265,48,0,1,1,0,-30,1,0
8578,30,4,1,2,0,1476,1,1
15246,27,1,1,1,0,0,1,0
44073,56,1,1,0,0,1014,0,0
39959,27,0,2,1,0,261,1,1
21893,34,9,1,1,0,1194,0,1
41596,38,9,1,1,0,4539,0,0
23672,41,9,1,1,0,1788,0,0
21899,42,2,1,0,0,149,0,0
19758,47,4,1,1,0,7,0,0
19904,33,4,1,2,0,2604,0,0
7964,39,1,1,1,0,280,1,0
30241,43,4,1,3,0,587,1,0
43731,72,5,1,1,0,5715,0,0
34619,43,1,1,1,0,-755,1,1
2973,44,1,1,1,0,1944,1,0
41954,60,9,1,1,0,10925,0,0
22835,33,9,2,1,0,31,0,1
29100,36,0,1,1,0,96,0,0
39091,29,9,2,1,0,468,1,0
25116,30,4,2,1,0,460,1,0
33876,38,7,1,1,0,1970,1,0
36934,40,1,1,0,0,2495,1,0
35705,57,9,1,1,0,28,1,0
3747,37,4,2,2,0,499,1,0
32752,36,1,1,0,0,1010,1,0
13286,25,9,0,1,0,86,0,1
17251,58,6,1,2,0,794,0,1
36136,32,1,1,0,0,-94,1,1
6761,29,7,1,2,0,6,1,0
13967,35,7,1,1,0,63,0,1
26500,58,9,1,0,0,16119,0,0
29949,34,0,1,1,0,1651,0,0
25241,41,2,1,1,0,-1882,1,0
34756,40,7,1,1,0,1438,1,0
18243,33,10,1,1,0,-144,0,0
15482,31,2,2,1,0,379,1,0
3517,43,1,1,0,0,108,1,1
13393,56,1,1,0,0,278,0,1
44915,27,4,2,2,0,1377,0,0
5917,35,9,2,1,0,-158,0,0
11803,40,4,1,1,0,408,1,0
25819,57,6,1,1,0,11494,0,0
27789,46,9,1,3,0,557,1,0
4924,31,4,1,2,0,1260,0,1
24605,39,6,1,2,0,5,1,0
45165,33,9,1,2,0,2976,1,0
10411,53,10,1,1,0,0,1,0
19825,30,9,2,1,0,958,0,0
8664,39,0,1,1,0,46,0,0
21562,49,9,0,1,0,5,0,0
8479,32,4,2,2,0,12686,1,0
15619,38,1,1,0,0,2469,1,0
28972,26,4,2,2,0,212,0,0
22230,44,4,1,2,0,7635,0,0
40567,69,5,1,0,0,154,0,0
40269,36,0,0,2,0,4708,0,0
28082,53,9,1,0,0,311,0,0
6202,36,0,1,1,0,1867,1,1
20797,51,4,0,2,0,0,0,0
13285,41,1,2,1,0,-329,0,1
20268,39,4,1,1,0,11835,1,0
26349,32,1,1,1,0,0,1,0
4375,46,5,1,0,0,0,0,0
27495,43,4,1,2,0,2640,0,0
8014,39,4,1,2,0,2763,1,0
31049,22,0,2,1,0,33,0,0
17107,36,0,1,1,0,670,1,0
29282,31,4,2,2,0,1017,0,0
14413,43,9,1,0,0,-441,1,0
35734,31,1,1,1,0,-190,1,1
21737,36,9,1,1,0,1840,0,0
37862,34,6,2,3,0,687,1,0
15772,27,1,1,0,0,2591,1,0
13625,27,9,2,1,0,282,0,1
9342,30,1,0,0,0,1,1,0
17616,54,7,1,1,0,4353,1,1
15343,33,1,1,1,0,661,1,0
30417,32,0,1,1,0,1661,1,0
29702,31,4,1,2,0,777,1,0
28438,53,3,1,0,1,945,0,0
35665,57,7,1,1,0,68,1,0
30497,36,9,1,1,0,696,1,0
13013,36,1,1,1,0,-308,1,0
32621,32,1,2,1,0,782,1,0
20608,43,4,2,2,0,1627,0,0
9949,47,4,1,0,0,835,0,0
7346,38,9,0,1,0,1294,1,0
21585,55,4,1,2,0,2537,0,0
21350,33,9,1,2,0,602,1,0
39608,51,4,1,2,0,583,0,0
37083,35,1,1,1,0,625,0,0
25942,52,7,0,1,0,3204,0,0
5645,49,9,1,3,0,-287,1,0
36144,35,7,1,1,0,240,1,1
14921,59,4,1,2,0,2540,0,0
27399,37,2,2,2,0,65,0,0
18510,50,7,1,1,1,0,0,0
11293,41,0,1,1,0,1245,0,0
15543,31,7,1,1,0,-163,1,0
43765,46,6,1,1,0,706,0,0
11979,41,3,1,0,0,188,1,1
26817,35,2,1,0,0,-394,1,0
33089,32,0,1,1,0,20011,0,0
8214,41,9,2,1,0,1680,1,0
10722,56,2,1,1,0,535,1,1
15715,51,6,1,1,0,44,1,1
11494,38,10,1,0,0,338,0,0
23094,45,0,1,1,0,434,0,0
22867,55,1,1,0,0,2275,0,0
23580,30,9,2,2,0,0,0,0
24584,37,0,1,1,0,131,0,0
22461,32,4,1,2,0,282,0,0
36622,30,1,1,1,0,90,1,0
41068,26,1,2,1,0,535,0,0
36812,52,1,1,0,0,-637,1,1
38044,55,0,0,1,0,-288,1,0
45095,77,5,0,0,0,2693,0,0
39579,35,9,2,1,0,1693,1,0
23878,39,4,1,2,0,0,0,0
5672,36,7,1,1,0,247,1,0
24910,43,4,1,2,0,1684,1,0
35136,48,4,1,1,0,3663,1,0
31194,45,9,2,1,0,4367,1,0
31206,35,7,1,1,0,52,1,0
43781,60,9,1,1,0,0,0,0
43197,68,5,1,1,0,1146,0,0
33595,23,1,2,1,0,206,1,0
25347,32,7,1,1,0,3839,1,0
28121,38,4,2,2,0,2346,1,0
9925,40,7,1,3,0,88,1,0
17954,31,6,1,2,0,0,1,0
27593,45,7,1,1,0,133,0,0
20787,41,9,0,1,0,1545,0,1
40860,26,8,2,1,0,5296,0,0
29323,39,1,1,0,0,541,1,0
26668,51,2,1,1,0,653,1,0
22442,35,9,2,2,0,296,0,0
25956,52,0,1,0,0,2390,0,1
27269,45,9,1,2,0,-525,0,1
9546,45,6,1,1,0,-30,1,1
41220,61,0,1,1,0,1046,1,0
20116,30,9,1,1,0,274,1,1
17284,33,7,1,1,0,90,1,0
37239,52,0,1,1,0,146,1,1
37446,36,4,0,2,0,-978,1,0
5773,31,0,1,1,0,298,1,1
31073,27,8,2,2,0,3733,1,0
5062,36,0,0,1,0,775,1,0
2193,43,1,1,1,0,-63,1,0
29139,35,0,1,1,0,643,1,0
45201,53,4,1,2,0,583,0,0
30820,50,1,1,0,0,859,1,1
15606,38,4,2,2,0,2357,1,0
2909,42,4,2,1,0,2535,1,0
11719,38,9,1,1,0,0,1,0
20043,49,9,0,1,0,229,0,0
28607,46,4,2,2,0,593,1,0
2821,41,1,2,0,0,1618,1,0
29406,29,9,2,1,0,286,0,0
38408,29,1,1,1,0,47,1,1
4876,33,1,1,1,0,467,1,0
6010,53,4,1,0,0,-421,1,0
26489,30,0,2,1,0,10735,0,0
1986,41,4,2,2,0,1696,1,0
24075,28,6,1,1,0,123,0,1
14729,35,4,1,1,0,0,1,0
1584,33,0,1,1,0,4012,0,1
24077,36,4,1,2,0,0,1,0
34829,35,1,2,1,0,-441,1,0
40309,25,8,2,1,0,548,0,1
32986,30,1,2,1,0,103,1,0
21692,30,4,2,2,0,-58,0,1
1150,44,9,1,1,0,-97,1,0
3669,29,1,1,1,0,1956,1,0
8121,31,4,2,2,0,684,1,1
45110,50,4,1,2,0,8205,1,0
17,57,1,1,0,0,52,1,0
37190,39,4,1,2,0,297,1,0
45149,38,9,1,2,0,88,0,0
651,38,0,2,1,0,221,1,0
28295,26,4,1,2,0,3360,1,0
43100,26,4,2,2,0,0,0,0
40972,71,5,1,1,0,1651,0,0
3472,33,1,2,0,0,279,1,0
22191,31,9,2,2,0,176,0,0
22268,35,9,1,1,0,84,1,0
30682,27,8,2,2,0,524,0,0
6614,37,0,1,1,0,18,1,1
25991,40,3,1,1,0,0,0,0
41026,30,4,1,2,0,877,0,0
495,39,0,2,1,0,0,1,0
23481,32,4,2,2,0,27,0,0
18451,45,4,1,1,0,4105,1,0
28908,57,5,1,1,0,523,0,1
10001,39,1,1,1,0,138,0,0
11522,40,7,1,0,0,2469,0,1
11934,36,7,2,1,0,760,0,0
2253,32,7,1,1,0,206,1,1
437,35,4,2,2,0,560,1,0
546,59,1,0,3,0,124,1,0
29009,53,7,1,1,0,1563,1,0
30669,50,4,1,2,0,346,0,0
11877,32,0,2,1,0,2326,1,0
18261,41,7,1,3,0,5980,1,0
494,30,1,0,1,0,-209,1,0
20009,35,4,1,2,0,2957,1,1
4698,43,5,1,1,0,520,1,0
3417,41,4,1,2,0,6060,1,0
43317,32,4,2,2,0,1619,0,0
1728,46,1,1,1,0,-3,1,0
26365,35,1,1,1,0,450,0,0
13798,30,7,1,1,0,-298,0,1
34735,59,5,1,0,0,1064,1,0
12379,57,1,1,0,0,-238,0,0
6092,47,9,0,2,0,48,0,0
27955,54,0,1,1,0,1279,1,1
39865,26,9,1,1,0,915,0,0
13272,56,1,2,1,0,663,0,1
16930,42,1,1,0,0,5,1,0
22487,47,4,1,2,0,5049,0,0
1416,43,4,0,2,0,388,1,0
16920,35,4,0,2,0,1723,1,0
27651,37,4,2,2,0,2173,0,0
10280,45,4,1,2,0,3370,0,0
37589,36,1,1,3,0,1336,1,1
12500,35,0,1,1,0,907,0,1
35623,37,7,1,1,0,4760,1,0
40956,67,5,1,1,0,1146,0,0
21787,32,9,0,1,0,3345,1,0
16240,46,4,1,2,0,99,1,0
41453,55,0,1,1,0,602,0,0
14307,32,4,1,2,0,184,1,0
34726,30,1,1,0,0,-327,1,1
14854,57,5,1,1,0,975,0,0
42628,25,1,2,1,0,2007,0,0
8905,33,7,1,1,0,248,1,0
19495,47,9,1,2,0,3690,0,0
13075,26,9,2,2,0,291,0,1
13987,37,7,0,1,0,135,0,0
8985,33,1,1,1,0,1240,1,0
2985,49,2,1,0,0,-63,1,0
31478,44,7,1,1,0,5780,1,0
11820,56,6,1,1,0,549,0,1
13627,27,1,2,0,0,0,0,1
8542,45,1,1,1,0,7858,1,0
8376,31,9,2,2,0,1166,1,0
38349,31,0,2,1,0,1340,0,0
25639,35,4,1,2,0,1095,1,0
39770,60,9,1,1,0,1740,0,0
33337,39,9,1,2,0,1524,0,0
19356,36,9,1,1,0,129,1,0
35286,37,4,1,2,0,502,1,0
8576,34,1,1,0,0,765,1,0
367,43,4,0,2,0,1,1,0
34774,53,2,0,2,0,81,1,0
22640,39,9,1,1,0,140,0,0
5491,42,0,0,1,0,687,1,1
43339,60,0,1,1,0,3735,0,0
5388,25,1,1,1,0,51,1,0
8943,39,1,1,0,0,104,1,0
37011,22,8,2,1,0,241,1,0
7013,30,9,2,2,0,419,1,1
30523,57,9,1,3,0,587,0,0
1191,41,2,0,2,0,-413,1,0
41699,39,0,1,1,0,168,0,0
19146,44,9,1,1,0,2857,0,0
45096,63,5,1,1,0,1495,0,0
42418,44,0,2,1,0,733,1,0
36304,44,7,1,1,0,0,1,1
3507,48,4,1,3,0,1103,1,0
28260,36,4,1,2,0,0,1,0
8652,31,4,2,2,0,-205,1,0
37283,29,1,1,1,0,1052,1,0
25411,52,4,1,2,0,1295,1,0
36063,32,4,1,2,0,859,1,1
13778,40,6,1,0,0,624,0,0
14756,36,7,1,1,0,0,1,0
13680,40,0,1,1,0,2621,0,1
40690,46,4,1,2,0,4693,0,1
18521,54,4,1,2,0,1623,0,0
29304,38,0,2,1,0,569,1,1
27000,39,4,0,2,0,1968,0,0
1956,51,4,1,2,0,91,1,0
6320,43,9,2,1,0,33,1,0
31947,36,4,1,2,0,1,1,1
24864,38,4,2,2,0,1515,1,0
10512,58,9,1,1,0,116,0,0
18609,57,4,1,2,0,4929,1,0
1447,53,4,1,2,0,1786,1,0
25576,57,5,1,0,0,1335,0,0
5622,33,4,0,2,0,471,0,0
9691,55,1,1,3,0,7561,0,0
3401,54,7,0,0,0,234,1,0
19741,34,9,1,2,0,555,1,0
26131,58,1,1,1,0,1507,1,1
10053,41,0,2,1,0,812,0,1
6304,33,0,0,1,0,479,1,0
6838,23,8,2,3,0,854,1,0
33778,29,6,1,2,0,246,0,0
31366,32,0,2,2,0,8866,0,0
29655,28,9,2,1,0,525,0,0
5649,44,7,1,1,0,-627,1,0
33076,30,4,2,2,0,638,1,0
18683,33,9,2,1,0,608,0,0
24752,36,3,1,0,0,4324,1,0
14050,36,4,2,2,0,1339,1,0
5595,44,0,1,1,0,0,1,0
33805,58,1,1,1,0,3027,1,0
11464,51,4,1,1,0,2604,0,0
25246,31,0,1,1,0,0,1,1
6238,34,1,2,1,0,1698,1,0
34333,26,1,1,0,0,104,1,0
11679,41,4,1,1,0,1273,0,0
9601,52,9,1,1,0,-38,0,0
42321,47,4,1,2,0,999,0,0
30596,40,9,1,1,0,990,1,0
5996,37,9,1,1,0,4030,1,0
42668,36,0,1,3,0,991,0,0
7270,28,7,2,1,0,1736,1,0
33193,33,9,1,1,0,0,1,0
44054,52,4,0,2,0,3,0,0
14283,44,4,2,2,0,0,0,1
6381,38,1,1,1,0,-220,1,0
10475,45,7,1,0,0,7811,0,0
26091,54,4,1,2,0,0,0,0
16648,34,4,1,2,0,280,1,0
41966,37,0,2,1,0,0,0,0
30031,58,3,1,0,0,588,0,1
37732,40,1,1,0,0,3705,1,0
26762,31,0,1,1,0,11839,1,1
40474,47,4,1,2,0,4879,0,0
34919,50,0,0,1,1,2405,1,0
44132,66,5,0,3,0,53,0,0
45002,36,4,2,2,0,2646,0,0
34148,58,4,1,2,0,4152,1,0
30618,42,1,0,0,0,103,1,0
27520,34,2,2,2,0,714,1,0
15063,33,1,1,1,0,-260,1,1
19737,37,4,2,2,0,410,0,0
18452,41,1,1,0,0,200,0,1
4817,33,1,2,1,0,2764,1,0
42154,61,4,1,2,0,6016,0,0
12651,31,9,1,1,0,134,0,1
21668,31,9,1,1,0,0,0,1
34008,29,4,1,2,0,125,0,0
37361,39,9,1,1,0,4741,1,0
17124,38,0,1,0,0,0,1,1
13873,38,0,1,1,0,260,1,0
25300,31,4,2,1,1,0,0,0
2700,37,0,1,1,0,1026,1,0
8045,34,0,1,1,0,3487,1,0
1654,41,9,2,1,0,-320,1,0
236,53,0,0,1,0,315,1,0
3049,49,3,2,0,0,1158,1,0
32944,46,7,0,0,0,3854,1,0
6183,32,0,2,1,0,146,0,0
29360,33,7,1,1,0,317,1,0
38793,44,0,1,1,0,-314,0,0
23451,30,4,1,2,0,549,0,0
38272,32,0,2,2,0,1531,1,0
40209,25,4,2,2,0,6246,0,0
3278,40,1,1,0,0,2651,1,0
15757,45,1,2,0,0,695,1,0
29841,31,9,1,1,0,119,1,0
36770,36,1,1,1,0,82,1,0
13632,59,3,1,0,0,370,1,0
38063,32,0,2,1,0,45,1,1
43539,36,4,1,2,0,2183,1,0
1865,52,1,0,0,0,-97,1,1
33357,55,1,0,1,0,462,1,0
10754,36,4,1,2,0,0,0,0
22954,31,9,2,2,0,7005,0,0
18410,48,2,1,2,1,-392,0,0
17503,47,4,2,2,0,216,1,0
42878,54,0,0,1,0,0,1,1
14057,33,0,2,1,0,32,0,0
26898,55,9,1,1,0,6958,1,1
27228,39,10,1,1,0,2245,0,0
24829,51,2,1,2,1,4,1,0
160,48,7,1,3,0,1705,1,0
2616,42,1,0,0,0,299,1,0
28772,60,0,1,1,0,2552,0,1
22834,34,9,2,2,0,6742,0,0
5938,28,0,2,1,0,460,1,0
18655,36,9,2,1,0,76,1,0
17944,50,0,2,0,0,1367,0,0
44649,27,0,2,1,0,321,0,1
12697,47,1,1,0,1,25,1,1
41424,47,4,1,2,0,0,1,0
7328,34,0,1,1,0,1365,1,0
8233,44,1,1,0,0,417,1,0
14839,37,1,1,1,0,0,0,0
38810,37,0,2,1,0,31,1,0
28309,48,6,1,2,0,0,0,0
2023,31,4,2,2,0,606,1,0
17531,45,7,1,3,0,9,1,0
30053,43,1,1,1,0,953,1,0
1564,53,4,1,2,0,2124,1,0
8491,32,4,2,2,0,974,1,0
41040,59,10,0,1,0,2026,0,0
18361,49,10,1,1,0,13818,0,0
21030,51,1,1,0,0,165,1,0
12889,41,0,2,1,0,0,1,1
37902,31,4,2,2,0,0,1,1
37770,30,1,1,0,0,99,1,0
7744,32,7,1,1,0,-34,1,0
1641,44,1,1,1,0,85,1,0
6022,31,10,1,1,0,314,1,0
7693,36,10,2,2,0,577,1,0
385,58,7,1,1,0,1667,1,1
37569,31,4,1,1,0,466,1,0
2005,37,2,0,1,0,1190,1,0
5614,37,2,1,2,0,0,0,0
10466,27,9,1,1,0,806,1,0
11593,37,4,1,1,0,121,0,1
15171,33,7,1,1,0,70,0,0
37969,33,1,1,3,0,24,1,0
27299,35,4,2,2,0,175,1,1
4634,31,0,2,1,0,431,1,1
31651,30,9,2,1,0,10152,1,0
10855,53,3,2,0,0,1238,0,0
9898,47,0,0,1,0,-364,1,1
21849,57,5,1,0,0,0,0,0
25070,53,4,1,2,0,8563,1,0
1183,38,1,1,0,0,54,1,0
13779,43,4,1,2,0,4923,1,0
2387,24,7,2,1,1,-122,1,0
9677,31,7,1,1,0,500,1,0
150,51,1,1,3,0,-19,1,0
23250,32,9,2,1,0,1107,0,0
20594,33,4,1,2,0,1071,0,0
11812,56,11,1,3,0,0,0,0
15974,37,4,1,2,0,0,0,0
22747,37,10,0,2,0,1085,0,0
37237,48,1,1,1,0,-85,1,0
32771,39,4,1,1,0,315,1,0
21821,50,4,0,2,0,30,0,0
38528,31,4,2,2,0,74,1,1
20991,48,4,1,2,0,2498,0,0
15763,38,1,2,1,0,0,1,0
16957,46,0,1,3,0,0,1,0
3794,25,1,1,1,0,109,1,0
5521,37,9,1,1,0,507,1,1
14631,47,4,2,2,0,512,0,0
36148,39,9,2,1,0,283,1,0
6965,42,1,1,1,0,1134,1,0
4675,36,1,1,0,0,408,1,1
30081,30,7,1,1,0,357,1,0
37089,39,9,0,1,0,807,1,1
466,36,0,2,1,0,20,1,0
38875,33,1,1,1,0,1219,1,0
31443,22,0,2,1,0,114,0,0
8936,33,1,1,1,0,36,1,0
23386,48,9,0,1,1,20,0,0
15425,54,4,0,2,0,22,0,1
20203,30,4,2,2,0,4889,0,0
22725,33,4,2,2,0,369,0,0
1209,47,1,1,0,0,1865,1,0
34518,66,0,2,1,0,10177,0,0
15092,32,1,2,1,0,118,1,0
7278,31,1,1,0,0,490,1,0
10351,39,1,1,1,0,1367,0,0
30257,42,1,1,1,0,366,1,0
16339,41,4,2,2,0,0,1,0
8552,38,7,1,0,0,-93,1,0
20622,38,4,1,2,0,1223,0,0
15226,34,10,1,1,0,2126,1,0
35359,39,9,2,2,0,741,1,0
11833,36,1,1,0,0,44,0,0
412,39,0,2,1,0,-25,1,0
31865,37,9,2,2,0,3315,1,0
41407,44,9,2,2,0,2033,0,0
33254,38,1,1,1,0,730,1,0
38027,43,7,2,1,0,0,1,0
12846,52,9,0,2,1,-1014,0,1
22028,42,3,1,0,0,2328,0,0
39855,48,1,1,1,0,238,1,1
22333,32,9,2,1,0,-420,0,0
38469,33,1,1,1,0,1,1,0
23595,39,4,1,2,0,0,0,0
8938,27,1,2,0,0,0,1,0
12787,33,1,2,0,0,777,0,0
33598,27,1,2,1,0,153,1,0
27501,41,8,2,1,0,1934,1,0
2080,40,7,2,1,0,-278,1,0
19087,30,4,2,2,0,1041,0,0
43351,46,4,2,1,0,5993,0,0
5675,56,1,1,0,0,-85,1,1
41099,73,5,1,2,0,2575,0,0
12514,35,9,2,1,0,-51,0,0
33102,49,9,1,1,0,-147,1,0
9421,60,5,1,0,0,22018,0,0
39019,32,0,1,1,0,97,1,0
16106,54,4,1,2,0,122,1,0
44541,28,4,2,2,0,-62,0,0
29979,33,10,2,1,0,237,1,0
35709,36,0,2,1,0,506,1,0
13581,31,7,1,1,0,418,1,1
135,23,1,1,1,0,94,1,0
35255,40,0,2,1,0,178,1,0
14418,54,5,1,1,0,522,0,1
9103,36,1,1,1,0,346,1,0
36541,41,1,1,0,0,254,1,0
32837,30,7,1,2,0,2025,1,0
14567,59,1,0,1,0,0,0,1
36809,46,1,1,0,0,804,1,0
28280,60,5,1,3,0,3875,1,0
30392,29,4,2,2,0,841,0,0
32123,46,4,1,1,0,4105,1,0
35492,56,9,1,1,0,264,1,1
21568,30,9,2,1,0,126,0,0
28930,52,4,1,2,0,72,0,0
29751,42,10,0,0,0,148,1,0
38728,32,4,2,2,0,6542,1,0
7787,48,9,1,3,0,2005,1,0
15255,49,3,1,0,0,0,1,0
36363,48,1,1,0,0,643,1,0
29663,34,9,1,2,0,823,0,0
30606,35,4,2,2,0,3,1,1
3921,27,7,2,1,0,194,1,0
9611,50,1,1,1,0,289,0,0
2588,57,4,0,3,0,0,0,0
23119,31,0,1,1,0,734,0,0
5461,45,1,1,0,0,0,0,0
18408,43,7,0,1,0,0,0,0
30805,31,0,2,1,0,1201,0,0
6754,47,9,1,1,0,970,1,0
22450,55,3,1,1,0,139,0,0
41095,42,0,1,0,0,-306,1,0
13927,47,7,1,1,0,367,1,0
28550,57,4,0,2,0,1016,1,0
382,40,4,1,1,0,8486,0,0
13587,44,0,1,1,0,262,1,0
17496,47,1,1,0,0,292,0,1
11431,43,0,1,1,0,1113,0,0
11941,55,9,2,1,0,11,0,0
25613,39,0,1,1,0,159,0,0
23417,50,3,1,0,0,238,0,0
29704,28,9,2,1,0,2000,0,0
33419,54,9,0,1,0,1663,1,0
2686,31,7,1,1,0,272,1,0
1826,33,1,1,1,0,269,1,0
10149,58,3,1,1,0,4840,0,0
10219,43,5,1,0,0,7298,0,0
4708,37,1,1,1,0,426,1,0
26945,31,9,2,1,0,1447,1,0
20287,30,4,2,2,0,725,0,0
25265,49,4,1,2,0,1430,0,0
13834,56,0,0,0,0,0,0,1
6245,51,4,1,2,0,0,0,0
1806,26,1,2,1,0,82,1,0
32525,25,8,2,1,0,1790,0,0
22554,31,9,2,1,0,373,0,0
24097,57,9,1,1,0,7554,0,0
34797,43,1,1,1,0,388,1,1
23456,31,9,2,1,0,1510,1,0
3735,29,4,1,2,0,1,1,1
16284,35,4,0,2,0,505,0,0
1924,29,0,2,1,1,-228,1,0
30091,28,7,2,0,0,198,0,0
25335,34,1,2,1,0,47,1,0
41465,52,9,1,1,0,0,1,0
23568,60,5,1,2,0,486,0,0
35278,30,7,2,1,0,-271,1,0
29885,52,4,0,2,0,0,0,0
14521,51,3,1,0,0,382,0,1
21143,33,3,1,1,0,8,1,0
125,33,9,2,1,0,105,1,0
8679,29,6,1,2,0,3931,1,0
31691,40,0,2,1,0,963,1,0
33377,30,1,1,1,0,322,1,0
14965,31,0,2,1,0,0,1,0
24340,50,4,1,2,0,2479,0,0
9794,41,3,1,0,0,884,0,0
34369,31,0,2,1,0,690,0,0
8311,43,4,0,2,0,1,1,1
37288,46,1,0,0,0,-35,1,0
41951,76,5,1,2,0,2991,0,0
26350,47,4,0,2,0,0,0,1
29882,27,9,2,2,0,931,1,0
8912,30,7,2,1,0,-97,1,0
20965,48,4,1,2,0,732,0,0
13528,60,5,1,3,0,2150,1,1
25524,30,4,2,2,0,4319,1,0
12063,30,0,1,1,0,-1049,1,0
44551,67,3,0,1,0,5275,0,0
3889,32,2,2,2,0,1,1,1
2494,46,2,2,2,0,580,1,0
33523,37,4,1,2,0,489,1,1
44043,41,0,2,1,0,985,1,0
3054,34,1,2,1,1,-115,1,0
42128,37,4,1,2,0,238,0,0
38698,26,8,2,0,0,177,1,0
22697,34,9,2,1,0,1174,0,0
2982,57,9,1,2,0,-1,0,0
14834,39,2,1,1,1,0,0,0
41156,67,5,1,3,0,6320,0,0
25239,54,6,1,2,0,368,0,0
15961,29,1,1,1,0,210,0,1
6530,30,7,1,1,0,-932,0,0
12413,27,7,1,1,0,511,1,0
38264,57,0,1,1,0,-967,1,0
2016,37,4,1,2,0,-120,1,0
12073,44,1,1,0,0,-312,1,0
18229,29,1,1,0,0,630,1,0
23733,48,4,2,2,0,81,0,0
15283,46,1,0,1,0,709,1,0
42242,32,4,1,2,0,1331,0,0
11236,36,0,1,1,0,90,0,0
19305,35,4,1,2,0,249,1,0
28374,28,2,1,3,0,1034,0,0
43554,34,0,2,1,0,607,0,0
8775,25,7,2,1,0,556,1,1
29043,40,10,2,2,0,97,1,1
30914,38,4,1,1,0,844,0,0
37397,51,1,0,1,0,581,1,0
4438,31,6,2,2,0,1820,1,0
8210,38,9,2,1,0,2990,1,0
25551,32,1,1,1,0,1520,1,0
25697,48,0,1,1,0,1428,0,0
20218,33,9,1,1,0,3470,0,0
25483,38,1,1,0,0,10443,0,0
17918,39,9,1,1,0,-1451,1,1
4559,34,0,2,2,0,458,1,0
15348,29,1,1,1,1,-643,1,0
26333,52,4,1,2,0,6909,0,0
22215,30,7,2,2,0,-477,0,1
35036,54,0,1,1,0,614,1,0
38999,33,0,1,1,0,48,1,0
22413,46,9,0,1,0,447,0,1
30799,44,1,0,1,0,1258,1,0
5723,42,10,0,1,0,193,1,0
40331,24,9,2,1,0,987,0,1
11830,51,5,1,1,0,1295,0,1
13702,32,7,1,1,0,983,1,0
3765,23,0,1,2,0,2,1,0
19897,55,5,1,0,0,1821,0,0
11968,52,4,0,2,0,-297,1,0
31608,50,4,1,2,0,101,1,0
13430,34,3,1,0,0,-1,1,0
9697,37,3,2,1,0,-178,1,0
740,57,1,1,0,0,162,1,0
18587,44,1,1,3,0,879,0,0
12232,38,1,1,1,0,0,0,0
10959,38,8,2,2,0,3316,0,0
10477,44,1,1,0,0,749,1,0
40458,56,1,1,1,0,3460,1,0
18820,39,0,0,1,0,-328,0,1
14948,54,4,1,2,0,0,0,0
11545,44,1,1,0,0,1669,0,0
6240,31,4,2,2,0,2124,1,0
4950,29,0,1,1,0,688,1,0
44780,72,0,1,0,0,2321,0,0
9040,59,5,0,0,0,-88,1,0
7696,51,1,1,1,0,1440,1,0
26478,53,1,1,1,0,21522,0,0
9569,51,3,1,0,0,1275,0,0
24251,54,9,1,1,0,465,1,1
6541,33,9,2,2,0,231,1,0
10253,37,1,1,0,1,-142,0,0
2158,33,4,2,2,0,1011,1,0
42782,33,9,1,2,0,1699,0,0
3099,43,1,1,1,0,15740,1,0
36840,54,1,1,1,0,143,1,0
7408,33,1,1,0,0,233,1,0
44890,36,10,1,1,0,923,0,0
28741,36,10,2,0,0,4148,0,0
25784,45,2,1,2,0,0,0,0
23332,53,6,1,2,0,837,0,0
15377,36,4,1,2,0,635,1,0
15285,34,2,1,1,0,393,1,0
44231,32,2,1,2,0,762,0,0
39873,59,10,0,1,0,2026,0,0
3406,56,4,1,2,0,334,1,0
36589,43,0,0,1,0,1076,1,0
29789,45,1,1,1,0,28,0,1
9071,37,2,1,3,0,983,0,1
9727,45,7,1,0,0,60,0,0
31090,21,1,2,1,0,2265,0,0
39330,24,8,2,1,0,508,1,0
12671,48,7,1,1,0,1355,0,0
18252,35,4,1,2,0,11,0,0
21964,38,4,1,2,0,3440,0,0
13274,42,1,1,1,1,-29,0,1
1691,28,1,2,1,0,759,1,0
43834,26,9,2,2,0,515,0,0
20724,52,1,1,0,0,36,0,0
28002,43,1,1,3,0,117,1,0
2166,29,1,1,1,0,-28,1,0
13281,48,0,1,1,0,-509,0,1
4489,34,9,0,1,0,2036,1,1
7648,32,1,2,0,0,315,1,0
34757,50,9,1,1,0,0,1,0
22460,53,7,1,0,0,6,0,0
21190,57,3,1,0,0,1969,0,0
24468,53,9,2,1,0,6164,1,0
26913,34,1,1,0,0,12,0,0
37348,25,6,2,2,0,882,1,0
12951,44,2,1,0,0,5038,0,0
9384,53,4,1,2,0,6408,0,0
36097,49,0,0,1,0,-212,1,1
5457,49,1,1,0,0,3767,1,0
21010,59,9,1,1,0,316,0,0
43125,53,0,1,2,0,944,1,0
3358,60,1,1,0,0,5788,1,0
17169,47,1,0,0,1,0,1,0
26315,51,0,1,1,0,3736,0,0
25793,57,4,1,0,0,0,0,0
12032,43,0,1,1,0,0,0,0
27762,47,9,1,1,0,459,0,0
8882,29,0,0,1,0,201,1,0
15324,48,4,1,2,0,192,0,1
12817,37,0,2,1,0,-117,0,1
12537,55,5,1,1,0,85,0,0
26461,31,7,2,1,0,11386,1,0
39377,27,4,2,2,0,377,0,0
31327,49,9,0,2,0,1807,1,0
38039,33,6,1,1,0,49,1,0
22891,51,6,1,0,0,1242,0,0
1039,50,7,2,0,0,148,1,0
6327,36,4,1,2,0,0,1,0
6713,30,9,0,1,0,2262,1,0
32780,39,7,1,1,0,186,1,0
14150,60,4,1,2,0,2222,1,0
29917,43,1,1,0,0,223,1,0
13248,50,1,1,1,0,1293,0,1
23320,42,6,1,1,0,105,0,0
11539,52,0,1,1,0,422,0,0
23331,44,4,1,2,0,1138,0,0
35879,43,1,1,1,0,917,1,0
40684,34,4,1,2,0,62,0,0
34669,51,4,1,3,0,914,1,0
13085,36,4,1,2,0,128,0,0
16638,30,10,2,1,0,79,0,1
922,37,6,1,2,0,444,1,0
2226,50,0,2,1,0,424,1,0
16366,40,4,1,2,0,294,1,0
6953,47,7,0,1,0,-288,1,0
21880,38,9,1,1,0,565,0,0
25721,37,1,1,1,0,1165,1,0
36323,37,0,0,1,0,246,1,0
18035,37,1,2,0,0,554,1,0
15302,32,0,1,1,0,280,1,0
35794,47,9,1,0,0,1280,0,0
38485,41,1,1,0,0,89,1,0
34622,54,2,1,1,0,0,1,0
27538,49,2,1,2,0,763,0,0
28896,28,0,1,1,0,12,1,0
8417,36,3,1,0,0,191,1,0
41067,29,8,2,3,0,145,0,0
25686,36,6,2,2,0,1296,1,0
31095,60,3,0,1,0,2063,0,0
7133,41,0,1,1,0,3279,1,0
40375,68,5,1,1,0,0,0,0
37057,37,1,0,1,0,719,1,0
40964,31,0,1,1,0,35,0,0
27283,44,2,0,2,0,20179,1,1
27556,33,1,2,1,0,-367,1,1
42065,36,9,1,2,0,1327,0,0
40656,53,4,1,2,0,1624,0,0
4674,41,7,1,1,0,804,1,0
45020,28,4,2,2,0,9710,0,0
7471,29,1,2,1,0,0,1,0
15121,59,0,1,1,0,-797,0,1
13825,28,7,1,1,0,72,0,1
31482,63,6,1,2,0,-39,0,0
43935,48,9,0,1,0,1290,0,0
37469,34,1,1,1,0,3778,1,0
18298,28,4,2,2,0,1837,1,0
15039,40,0,1,1,0,-769,1,1
33363,46,1,1,0,0,859,1,0
15572,26,7,2,1,0,3,0,1
22897,54,4,1,2,0,1331,0,0
19698,48,9,1,1,0,127,0,1
15044,36,1,1,1,0,0,1,0
35510,23,3,1,2,0,66,1,0
23706,60,5,1,2,0,45,0,0
20917,32,4,1,2,0,1517,0,0
18173,60,3,1,0,0,921,0,0
1967,29,1,1,1,0,15,1,1
27543,55,4,2,2,0,4847,1,0
8395,51,4,1,2,0,1355,1,0
9248,36,4,1,2,0,1357,1,0
31559,42,1,1,1,0,1297,1,0
37968,30,1,1,1,0,664,0,1
30544,43,0,2,1,0,1022,1,0
14460,48,1,1,1,0,742,1,1
6994,50,9,0,3,0,2706,1,0
23640,31,4,2,2,0,0,0,0
43698,63,5,0,2,0,0,0,0
10029,44,6,1,2,0,3295,0,0
5637,38,0,1,1,0,0,1,0
37166,37,4,2,2,0,584,1,0
35187,29,0,2,1,0,-194,1,0
34881,44,1,1,0,0,-298,1,0
20077,54,9,1,1,0,1349,0,0
25580,30,1,0,1,0,4591,1,0
4530,38,0,1,2,0,4399,1,0
32077,43,1,1,0,0,2273,1,0
4173,24,1,2,1,0,0,1,0
39084,30,9,2,1,0,963,1,0
28660,28,4,2,2,0,185,0,0
27939,27,9,2,1,0,1187,0,0
15941,36,0,2,1,0,22,1,0
14851,46,4,2,2,0,2987,1,0
25316,53,4,1,2,0,9072,0,0
8215,46,9,1,1,0,-59,1,1
38202,35,1,0,1,0,286,1,0
14857,37,9,1,1,0,2707,1,0
34596,42,0,2,1,0,0,1,0
21967,39,9,1,2,0,93,0,0
21358,54,7,1,0,0,392,0,0
16877,39,7,1,1,0,2,1,0
21942,56,7,1,1,0,9,0,1
16145,26,7,1,1,0,-379,1,1
20296,32,4,2,1,0,2018,0,0
36698,48,0,0,1,0,162,1,0
4801,34,7,2,1,0,1701,1,0
4130,45,1,1,0,0,970,1,0
27601,47,1,1,1,0,473,1,0
15964,36,3,1,1,0,399,1,0
26340,35,1,2,1,0,448,0,1
39689,30,4,2,2,0,5359,0,0
5756,35,10,2,1,0,947,1,0
32376,43,0,1,1,0,1138,0,0
3363,57,5,1,1,0,703,1,0
19051,42,9,1,1,0,-356,1,1
19645,55,0,1,1,0,2430,1,0
37549,30,1,1,1,0,2583,1,0
32339,35,1,1,0,0,4319,0,0
17561,58,4,1,1,0,407,1,0
16261,60,2,1,0,0,0,0,0
33604,35,9,2,1,0,2496,1,0
28092,48,4,1,3,0,375,0,0
34462,24,0,2,1,0,-386,1,0
27467,36,6,1,1,0,1006,1,0
2989,40,1,1,0,0,3658,1,0
31067,27,0,2,2,0,4991,1,0
21212,52,4,1,2,0,576,0,0
4318,36,9,0,1,0,141,1,0
24286,46,0,0,1,0,-60,0,0
15353,30,7,2,1,0,114,0,1
15132,38,9,0,1,0,1803,0,1
39636,28,0,1,1,0,147,1,1
20370,55,7,1,1,0,2120,0,0
9360,39,1,1,0,0,0,0,0
36523,26,8,2,2,0,2182,1,0
22374,38,9,2,1,0,0,0,0
12142,46,1,1,3,0,83,0,0
36577,59,1,1,1,0,1635,1,0
14124,48,0,0,1,0,0,0,1
34493,52,4,1,2,0,2549,1,0
1004,44,1,0,1,0,558,1,0
20662,47,4,0,2,0,800,0,0
28,46,4,2,1,0,-246,1,0
31568,39,4,1,1,0,517,1,0
3531,43,1,1,0,0,632,1,0
6544,42,7,1,1,0,3620,1,0
8791,23,7,2,1,0,966,1,0
43187,37,4,2,2,0,1027,1,0
34844,44,2,1,1,0,860,1,1
3382,33,1,1,0,0,0,1,0
7690,59,5,1,1,0,4414,1,0
41324,26,7,2,1,0,38,0,0
39410,45,4,2,2,0,311,1,1
21675,55,5,1,1,0,168,0,0
25231,33,8,2,2,0,4,1,0
18258,44,4,2,2,0,670,1,0
22749,52,9,1,1,0,3431,0,0
19833,35,4,1,2,0,82,0,0
34868,22,7,2,1,0,3,1,0
3703,31,0,0,2,0,146,1,0
27815,58,1,1,1,0,584,0,0
6376,28,0,2,1,0,891,1,0
44590,22,7,2,3,0,739,0,0
43138,64,5,1,0,0,1977,0,0
39766,38,3,0,1,0,70,0,0
33836,30,0,2,1,0,457,0,0
29707,41,9,2,2,0,-89,1,0
17642,42,9,2,2,0,2625,0,0
20040,31,4,1,2,0,3897,1,0
31013,38,10,1,2,0,380,0,0
23664,57,5,1,3,0,-157,0,0
13651,50,4,1,2,0,0,0,0
26473,36,1,2,1,0,2235,1,0
43229,46,0,1,1,0,0,1,0
13291,59,5,1,0,0,468,1,0
14216,25,4,2,2,0,10,0,0
39984,45,0,1,1,0,204,1,0
2987,37,0,0,1,0,-113,1,0
38359,33,7,2,1,0,-198,1,0
23665,55,0,1,1,0,-2,0,0
805,35,1,1,0,1,0,1,0
31384,57,5,1,2,0,1292,0,0
9472,53,2,1,3,0,19850,0,0
2455,46,1,1,1,0,2485,1,0
14423,44,0,0,1,0,163,1,0
23923,40,9,1,1,0,56,0,0
7114,50,5,1,1,0,6998,1,0
233,53,1,1,3,0,1827,0,0
19169,56,9,0,1,0,146,1,0
17808,47,4,2,2,0,8106,0,0
28123,27,8,2,1,0,0,0,1
23134,35,9,2,1,0,915,0,1
16099,60,5,1,1,0,1339,0,1
9864,55,4,1,0,0,229,0,1
28329,50,9,0,1,0,380,1,0
39587,26,0,2,2,0,2170,1,0
32620,30,1,2,3,0,306,1,0
5975,33,4,1,2,0,403,1,0
11565,37,0,1,1,0,313,1,0
36818,37,9,2,2,0,1894,1,0
35672,40,1,0,0,0,71,1,0
1855,46,1,0,0,0,452,1,0
29405,42,7,1,0,0,124,1,0
41035,37,7,1,1,0,775,0,0
31279,26,8,2,3,0,598,0,0
17470,30,0,2,2,0,2351,0,1
8537,40,4,2,2,0,1820,1,1
8604,33,4,2,2,0,0,0,0
28451,31,7,2,1,0,211,0,0
19516,60,9,1,2,0,804,0,0
6392,37,1,1,1,0,0,0,0
29563,34,3,1,1,0,520,1,0
34437,45,1,1,1,0,640,1,0
41578,34,1,1,1,0,262,0,0
44720,36,0,1,1,0,194,1,1
8696,30,9,2,1,0,3107,1,0
28479,28,4,2,2,0,882,0,1
31698,43,2,1,2,0,903,1,0
1019,35,1,1,0,0,229,1,0
1702,40,5,1,2,0,794,0,0
42722,63,5,1,1,0,474,0,0
6733,25,7,2,1,0,55,1,1
21302,32,4,2,2,0,1117,0,0
22732,40,9,1,1,0,214,0,0
6147,45,1,1,1,0,-302,1,0
28929,44,1,1,1,0,294,1,0
36332,34,1,1,0,0,333,1,1
13417,45,1,0,0,0,452,1,0
42246,48,1,1,1,0,1230,1,0
14885,28,4,2,2,0,1,1,0
16271,56,5,0,2,0,2370,0,0
27393,32,1,2,1,0,1047,0,0
39580,30,4,1,3,0,385,0,0
5914,35,7,1,1,0,437,1,0
37023,28,4,1,2,0,3589,1,0
20111,51,4,1,2,0,385,0,0
36618,29,2,2,2,0,135,1,0
29784,36,1,2,1,0,376,1,1
41343,38,9,2,2,0,0,0,0
28813,35,10,1,1,0,330,0,0
18801,36,1,1,3,0,-742,1,1
38116,42,7,1,1,0,146,1,1
12971,27,1,2,0,0,1659,0,1
5083,38,2,1,2,0,6704,1,0
38615,27,4,1,2,0,54,1,0
7002,49,1,1,1,0,457,1,1
17072,44,9,2,2,0,3432,1,0
38344,35,0,2,2,0,1374,1,0
41697,26,0,2,1,0,125,0,0
34911,38,9,2,1,0,613,1,1
40940,35,7,1,3,0,618,0,0
28709,47,9,0,2,0,405,1,0
37809,53,4,1,2,0,261,1,0
298,42,1,0,0,0,28,1,0
18872,53,4,1,2,0,1313,0,0
18623,35,9,0,3,0,-11,1,1
401,48,9,1,1,0,141,1,1
27920,45,4,1,2,0,1874,0,0
11451,57,1,0,1,0,1795,1,0
33719,78,5,1,0,0,8556,0,0
43277,64,5,1,0,0,43,0,0
31199,39,1,2,0,0,581,1,0
16857,34,4,1,2,0,775,1,0
41823,75,11,1,2,0,643,0,0
30058,30,0,2,2,0,0,1,0
18381,42,9,1,2,0,1079,0,0
7537,55,1,1,1,0,471,1,0
44065,31,7,2,1,0,1027,0,0
35189,33,4,1,2,0,29,1,0
30953,52,4,1,2,0,1646,0,1
35252,36,0,2,1,0,0,1,1
38986,30,4,2,2,0,3410,1,0
39106,38,2,1,2,0,170,1,0
2071,40,9,1,1,0,66,1,0
12338,22,1,1,1,0,-295,1,0
29788,40,10,1,0,0,69,0,1
23824,56,4,1,2,0,2925,0,0
2026,36,1,1,1,0,771,1,0
2201,24,1,2,1,0,117,1,1
9752,47,4,1,3,0,150,0,0
1008,34,1,1,0,0,267,1,0
27802,46,4,1,2,0,460,0,0
39711,26,8,2,2,0,13107,1,0
29576,31,9,2,2,0,1214,0,0
2934,33,9,2,1,0,189,1,0
40955,58,1,1,0,0,0,0,0
27536,43,0,0,1,0,738,1,0
11662,57,0,0,3,0,887,0,0
2096,32,4,2,2,0,311,0,0
5570,37,0,2,1,0,192,1,0
23057,47,1,1,0,0,0,0,0
31281,44,4,2,2,0,483,0,0
11289,44,2,1,1,0,692,0,0
12635,37,1,2,0,0,1210,0,0
28200,59,9,0,1,0,-296,0,1
39325,37,0,2,1,0,176,1,0
18388,37,9,2,1,0,884,1,1
37414,57,4,0,2,0,408,1,0
41828,30,4,2,2,0,536,0,0
34580,31,4,2,2,0,130,1,0
33763,31,6,2,2,0,1734,0,0
39942,35,9,1,2,0,1354,0,0
1627,45,0,1,1,0,180,1,0
28056,33,0,1,3,0,664,0,0
19832,32,4,1,2,0,500,0,0
44996,75,5,0,1,0,1092,0,0
22526,57,5,1,0,0,318,0,0
14397,35,1,1,1,0,-102,1,0
12163,42,1,1,1,0,525,1,0
16815,37,3,1,0,0,0,1,0
12179,43,4,1,0,0,98,0,0
15254,47,9,1,1,0,1059,1,0
27125,31,4,1,2,0,3154,0,0
14005,25,8,2,2,0,-113,0,0
9021,25,1,2,1,0,150,1,0
33486,33,1,1,1,0,328,1,0
1204,28,1,1,1,0,134,1,0
30524,40,2,0,2,0,0,0,1
1160,28,1,1,1,0,597,1,0
23154,50,1,1,1,1,0,1,0
12902,60,5,0,2,0,468,0,0
38243,26,1,2,1,0,26,1,1
10340,58,5,1,0,0,657,1,0
3734,26,1,2,0,0,102,1,0
44180,30,0,1,1,0,222,0,0
25774,56,10,1,0,0,107,1,0
9910,37,0,1,1,0,439,0,0
34341,30,4,1,2,0,10884,0,0
8025,38,1,2,1,0,4,1,0
17020,30,1,2,1,0,191,0,0
32854,34,4,1,2,0,11,1,0
37870,54,4,0,2,0,-449,1,0
40074,32,4,1,2,0,4945,0,0
35854,53,9,2,2,0,185,1,0
32456,33,0,0,1,0,818,1,1
44250,24,8,2,1,0,1234,0,0
23973,45,9,1,1,0,351,1,0
20577,45,0,1,2,0,2552,0,0
27165,32,1,1,0,0,3314,1,0
17754,32,9,1,1,0,-95,1,0
30936,49,1,2,0,0,48,0,0
37314,32,1,1,1,0,-64,1,0
18965,53,4,1,2,0,2578,0,0
10002,35,7,1,1,0,-489,1,0
39575,35,9,1,2,0,8029,1,0
31233,94,5,0,1,0,1234,0,0
29961,69,5,1,0,0,324,0,0
22817,54,1,1,1,0,2255,0,0
16899,27,7,2,0,0,140,1,1
9981,37,1,1,1,0,427,1,1
21810,41,4,1,2,0,5561,0,0
29292,57,9,1,1,0,589,1,0
8343,28,1,2,1,0,5149,1,0
8616,30,1,1,1,1,-18,0,0
39720,32,6,2,2,0,312,1,0
1488,50,1,1,0,0,1164,1,0
19467,41,9,1,1,0,634,0,0
225,48,1,1,0,0,278,1,0
37003,41,0,2,1,0,334,1,0
42970,52,10,1,1,0,94,0,0
5334,41,5,1,1,0,287,0,0
18195,36,3,1,0,0,78,1,0
5508,39,7,1,0,0,1951,1,0
31534,34,9,0,1,0,705,1,1
5903,31,9,1,1,0,-576,1,0
1485,42,9,1,1,0,0,0,1
24457,47,2,1,1,0,2192,1,0
29028,38,7,1,1,0,-301,0,1
36914,55,3,1,1,0,167,1,0
43631,74,5,1,1,0,935,0,0
40114,31,4,2,2,0,623,0,0
19090,55,1,1,0,0,0,0,0
9960,48,4,1,3,0,598,0,0
19334,47,9,1,1,0,3973,0,0
698,30,9,2,3,0,-48,1,0
7573,41,6,2,2,0,3950,1,0
23852,46,1,1,1,0,877,0,0
23504,41,4,1,2,0,1559,0,0
8645,39,4,1,2,0,0,1,0
44751,31,4,1,2,0,877,0,0
26643,34,9,2,1,0,5039,0,0
12135,51,4,1,0,0,6298,1,0
15955,27,0,1,1,0,512,1,0
16223,39,3,1,1,0,1029,1,1
31272,66,5,1,2,0,2820,0,0
18740,37,9,1,2,0,4439,1,0
11028,50,7,1,1,0,1321,0,0
29545,31,1,1,0,0,124,1,0
17602,55,4,2,2,0,797,0,0
22691,46,0,1,1,0,1083,0,0
18235,55,5,1,1,0,4194,0,1
9317,38,0,1,0,0,3,1,1
31976,42,1,1,0,0,7735,1,0
22302,53,1,1,0,0,0,0,0
34057,37,4,1,2,0,57,0,0
25078,37,4,2,2,0,1743,1,0
25121,30,4,2,2,0,12569,0,0
36686,30,7,2,1,0,194,1,0
16483,59,5,1,1,0,1449,1,1
22111,44,4,0,2,0,243,0,0
33748,45,0,0,0,0,429,1,0
37710,26,0,2,1,1,-930,1,0
23729,44,4,1,2,0,278,0,0
30337,29,10,1,2,0,241,0,0
27458,40,7,1,1,0,0,1,0
31790,60,0,0,1,0,12039,0,0
11506,51,4,1,2,0,3134,0,0
9689,44,6,1,2,0,425,0,0
9903,52,3,1,0,0,5137,0,0
18617,45,1,1,3,0,5640,1,0
10338,37,3,1,1,0,187,0,0
25710,51,7,1,3,0,6451,0,0
9331,37,7,2,1,0,2571,0,0
41895,63,5,1,0,0,12067,0,0
15274,34,1,2,1,0,39,0,0
16637,38,2,1,1,0,593,1,1
39589,58,5,1,0,0,928,0,0
37861,34,1,2,1,0,62,1,0
13607,34,7,1,1,0,81,1,1
31313,52,7,1,1,0,2993,0,0
30815,37,10,1,1,0,924,1,0
1546,43,1,1,0,0,126,1,0
22898,34,4,2,2,0,94,0,0
28009,41,0,2,1,0,219,1,0
25171,34,4,1,2,0,10031,1,0
25772,39,2,1,0,0,238,1,1
10726,36,2,1,2,0,3057,0,0
21485,52,0,1,0,0,204,0,0
25627,46,6,1,2,0,2421,0,0
5337,31,4,2,2,0,0,1,0
2402,23,0,2,1,0,281,1,0
13484,44,4,1,2,0,368,0,0
14091,47,7,1,1,0,1073,0,0
12494,44,9,2,1,0,27,0,0
29918,46,10,2,2,0,705,0,0
21589,48,9,1,2,0,348,0,0
38565,40,7,2,1,0,65,1,0
2577,31,0,2,1,0,513,1,0
5840,49,9,0,1,0,-236,1,0
34401,56,0,1,0,0,2086,1,0
20032,49,3,1,2,0,443,0,0
39488,34,4,1,1,0,724,1,0
32131,33,4,1,2,0,4020,1,1
11209,37,7,1,3,0,-224,0,0
31113,31,7,2,2,0,2332,0,0
15023,29,1,1,1,0,723,0,1
22364,52,1,1,1,0,-164,0,0
2531,34,4,1,2,0,402,1,0
44012,37,7,2,1,0,23,1,0
11205,38,8,2,3,0,722,0,0
38052,37,9,1,1,0,987,1,1
41109,26,8,2,1,0,0,0,0
3871,45,1,2,1,0,636,1,0
42926,25,4,2,2,0,145,0,0
7686,40,4,2,2,0,-199,1,1
14506,28,0,1,1,0,0,1,1
3752,42,0,1,1,0,534,1,0
9725,45,10,1,1,0,1603,0,0
42609,50,4,2,2,0,486,0,1
42498,26,7,2,2,0,12,0,0
34451,41,7,0,1,0,5766,1,1
31045,46,4,1,2,0,2732,1,0
11257,38,7,0,1,0,446,1,0
31133,29,4,2,2,0,15459,0,0
4730,27,9,2,1,0,8,1,0
34094,41,2,1,1,0,30,0,0
33970,39,1,1,1,0,0,1,0
35453,40,1,1,1,0,356,1,1
38030,39,7,0,0,0,8654,1,0
13453,33,4,2,2,0,191,0,1
39222,34,1,1,1,0,355,1,0
23080,50,1,1,0,0,1617,0,0
11319,44,4,0,2,0,0,0,0
8053,31,1,2,0,0,859,1,0
15504,37,4,1,2,0,1025,1,0
4949,31,7,1,1,0,525,1,1
30108,55,3,1,0,0,10,0,0
3492,56,1,2,0,0,739,1,0
30406,40,7,1,1,0,-212,1,1
11139,39,1,1,1,0,39,1,0
42903,32,1,2,1,0,228,0,0
23065,48,4,1,2,0,4852,0,0
42234,33,7,1,1,0,386,0,0
20320,32,9,2,2,0,741,1,0
5064,35,4,1,2,0,1631,1,0
25979,36,0,1,1,0,1207,1,0
22951,48,4,1,2,0,0,0,0
41208,42,4,1,0,0,5310,1,0
16056,59,3,1,0,0,5,0,1
30207,41,1,1,0,0,438,0,0
38741,56,7,1,1,0,6503,1,1
7440,37,0,2,1,0,0,1,0
10729,42,9,2,2,0,671,1,0
34565,31,1,2,1,0,196,1,0
11936,41,1,0,0,0,1498,0,0
28773,46,9,1,1,0,198,1,0
3684,60,7,1,1,0,8837,1,0
40129,58,5,1,0,0,1980,0,0
23142,30,4,2,2,0,796,0,1
35041,27,8,2,1,0,3096,1,0
8953,36,1,0,1,0,-159,1,0
23404,37,4,1,1,0,80,0,0
13959,30,9,1,2,0,91,0,0
25024,37,7,2,1,0,54,1,0
35636,25,9,2,1,0,50,1,0
30066,36,1,1,3,0,1023,1,0
10188,25,1,1,0,0,-83,1,0
1074,44,1,1,0,0,420,1,0
18539,44,2,0,1,0,1,0,0
22965,39,3,1,3,0,0,0,0
7931,35,9,2,1,0,1609,1,0
36659,42,1,1,0,0,0,0,0
23869,32,4,2,2,0,0,0,0
15118,47,4,1,3,0,555,1,0
25953,41,9,2,1,0,2004,1,0
27134,55,9,1,2,0,1181,0,0
11723,47,9,0,2,0,194,0,0
5719,30,0,1,1,0,214,1,1
29987,29,10,1,2,0,53,0,0
21872,56,0,1,1,0,374,0,0
43705,68,5,1,1,0,1146,0,0
28489,28,9,2,1,0,527,1,0
19809,47,4,1,2,0,902,0,0
28376,26,4,0,2,1,-402,0,1
408,38,9,1,1,0,284,1,0
22467,57,5,1,0,0,333,0,0
25138,56,9,1,1,0,803,0,0
26447,36,10,1,1,0,-872,1,1
37578,33,0,1,1,0,1521,1,0
26047,39,4,0,2,0,1315,1,0
1395,44,7,0,1,0,240,1,0
9484,34,3,1,2,0,1265,1,0
29850,30,1,2,0,0,-10,0,1
18658,42,7,1,1,0,0,1,0
13284,36,1,2,1,0,110,0,0
471,39,3,2,0,0,109,1,0
32362,31,0,1,1,0,297,1,0
37402,37,1,1,1,0,426,1,0
2472,30,1,1,1,0,-166,1,1
43804,58,4,1,1,0,139,0,0
15205,26,6,1,2,0,10005,1,0
19563,33,9,1,1,0,3107,0,1
43287,41,4,1,2,0,298,0,0
41756,56,1,1,0,0,1137,0,0
13830,47,9,1,1,0,2246,1,0
16011,26,9,2,1,0,7,1,0
5356,32,9,1,1,0,3155,1,0
547,45,1,1,1,0,82,1,0
37748,30,1,1,1,0,-97,1,1
14962,60,0,0,1,0,0,0,1
37871,42,1,0,0,0,1563,1,0
37117,33,9,1,1,0,221,1,0
39646,60,4,1,2,0,1574,0,0
35393,55,1,1,1,0,2854,1,0
35070,37,9,1,1,0,146,1,1
12663,50,1,1,1,0,1329,1,1
31422,57,4,0,3,0,0,0,0
32796,44,0,1,1,0,266,1,0
6109,29,1,1,0,0,1016,1,0
20446,58,4,1,2,0,5942,0,0
33831,33,9,1,3,0,1450,0,0
31529,35,4,2,2,0,4348,1,0
30218,31,8,2,1,0,430,0,0
43952,53,2,1,2,0,1961,0,0
45093,37,9,1,1,0,480,0,0
38387,34,1,1,1,0,2994,1,0
9314,47,10,1,0,0,122,0,1
28400,40,6,0,1,0,172,0,0
328,57,9,1,3,0,206,1,0
7766,51,1,1,1,0,1374,1,0
720,54,9,0,1,0,83,1,0
15785,34,2,1,0,0,0,1,0
13888,58,6,1,1,0,9994,0,0
29851,36,8,2,3,0,449,0,0
34749,34,1,1,1,0,649,1,0
38926,31,1,2,1,0,239,1,0
18398,48,7,0,1,0,105,0,0
42470,66,5,1,3,0,2540,0,0
23364,32,9,1,1,0,616,1,0
609,32,7,1,1,0,243,1,1
16434,46,9,1,1,0,475,0,1
691,36,1,1,0,0,23,1,0
27109,41,7,2,1,0,92,0,0
26680,52,7,0,1,0,1527,0,1
21560,32,4,2,2,0,47,0,0
22597,58,1,1,0,0,4354,1,0
18333,41,1,1,1,0,750,1,0
33071,24,1,2,1,0,-424,1,0
8499,46,1,1,1,0,243,1,0
42985,44,4,1,2,0,1791,0,0
12661,27,9,2,1,0,126,1,1
14668,35,2,1,1,0,313,1,0
3193,46,0,1,1,0,556,1,1
10499,48,1,0,1,1,296,0,1
40992,24,8,2,1,0,382,0,0
7150,48,4,0,1,0,1598,1,0
17621,42,0,2,1,0,2534,0,0
41088,33,9,1,2,0,300,0,0
1269,57,4,1,2,0,1341,1,0
19710,51,0,1,1,0,101,0,0
11321,38,7,1,1,0,393,0,0
20893,30,4,0,2,0,46,0,0
28117,48,11,1,1,0,438,0,0
37479,33,1,1,0,0,324,1,0
9908,44,7,0,1,0,20,0,0
25786,36,4,2,1,0,0,0,0
545,36,0,1,1,0,639,1,0
26902,41,4,1,2,0,1735,1,0
15160,31,7,1,1,0,-30,1,1
4617,34,9,2,1,0,692,1,0
34226,28,1,2,2,0,1984,1,0
12081,44,8,2,3,0,5078,0,0
44664,41,10,2,2,0,7968,0,0
38853,24,7,2,1,0,-92,1,0
25372,34,6,0,2,0,5722,1,0
18591,52,3,1,2,0,554,0,0
44640,41,9,1,1,0,11,1,0
9986,52,1,1,1,0,-519,1,0
35701,55,7,1,1,0,244,1,0
3760,28,7,2,1,0,45,1,0
14597,57,9,1,1,0,458,0,1
5865,39,4,1,2,0,-1026,1,0
701,46,1,1,3,0,401,1,0
2860,47,1,1,0,0,1294,1,0
37740,46,1,1,1,0,431,1,0
31877,33,9,2,1,0,719,1,0
21918,46,9,1,1,0,78,0,0
26112,44,1,1,1,0,6491,1,0
30013,32,7,1,1,0,-344,0,1
43930,51,0,1,2,0,0,1,1
11948,52,1,1,0,0,649,1,1
4569,48,4,0,0,0,432,1,0
21409,30,9,2,1,0,19,1,0
6208,28,1,2,1,0,1025,1,0
1507,44,9,2,1,0,365,1,0
11368,46,3,1,0,0,1188,0,0
33305,36,1,1,1,0,0,1,1
9483,48,4,1,2,0,0,1,0
40012,42,10,1,2,0,576,0,0
23536,32,3,1,1,0,156,0,1
30935,54,1,1,1,0,2047,0,0
36043,33,1,1,0,0,62,1,0
15295,51,1,1,1,0,598,1,0
25279,33,4,1,2,0,1522,1,0
19405,34,11,1,3,0,4535,0,0
38491,48,1,1,1,0,480,1,0
16849,55,4,1,2,0,149,0,1
30678,58,7,1,0,0,443,0,0
24813,47,9,1,1,0,93,0,1
26508,43,9,1,2,0,4333,1,0
12019,59,1,1,0,0,2814,0,0
42384,66,4,1,3,0,2149,1,0
23268,33,9,2,1,1,-173,0,0
38293,53,1,2,0,0,210,1,0
31761,35,1,1,1,0,0,1,1
31361,29,0,2,2,0,261,0,0
35964,36,9,1,1,0,23,1,0
37788,32,1,2,1,0,811,1,0
30073,43,9,1,1,0,0,1,1
33351,33,1,1,0,0,681,1,0
32968,31,1,1,0,0,55,1,1
33954,26,6,2,2,0,1078,0,0
28957,38,9,1,1,0,20,0,0
39926,43,7,2,1,0,2444,0,1
34985,35,4,2,2,0,1494,1,0
22295,30,9,2,2,0,69,0,0
40249,31,0,2,1,0,131,1,0
13999,33,1,2,1,0,109,1,1
42869,74,5,1,0,0,5539,0,0
26113,30,4,2,2,0,508,0,1
6917,42,4,2,2,0,4264,1,0
36318,56,5,1,1,0,102,1,0
25195,39,2,1,1,0,11887,0,0
24774,51,3,0,1,0,-76,1,0
45088,38,4,2,2,0,1373,0,0
32882,41,0,1,1,0,1380,1,0
33890,59,5,0,1,0,5583,1,0
3410,45,4,1,2,0,1363,1,0
17790,54,9,1,1,0,3967,0,1
15089,25,8,2,1,0,963,1,0
5510,33,1,1,1,0,1134,1,0
41241,59,10,1,1,0,1047,0,0
7810,53,7,1,1,0,2719,1,0
32481,35,7,1,1,0,44,1,0
15672,30,4,1,2,0,692,1,1
16310,34,1,2,1,0,152,1,0
9023,37,1,1,0,0,213,0,1
14130,46,9,2,1,0,834,1,0
29027,47,0,1,1,0,2152,0,0
33505,33,9,1,1,0,1968,1,0
8140,26,1,2,1,0,539,1,0
41226,39,0,1,3,0,3252,0,0
11140,42,1,2,1,0,1279,1,0
26870,32,4,2,2,0,3552,0,0
16940,55,5,1,3,0,554,0,1
21095,37,4,0,2,0,896,0,1
17992,38,1,1,1,0,1149,0,0
16151,35,4,1,2,0,-196,1,0
31518,48,7,1,1,0,0,1,0
12326,48,1,1,1,0,341,1,1
30778,28,4,1,2,0,247,0,0
36146,29,1,2,1,0,9,1,0
30640,32,1,1,1,0,0,0,0
28462,38,10,2,2,0,560,0,0
12050,36,6,1,2,0,682,1,0
32653,30,1,1,1,0,2,1,1
24812,41,2,1,1,0,2105,1,0
33196,38,7,1,1,0,797,1,0
35745,36,7,1,1,0,0,1,0
3000,41,7,1,0,0,455,1,0
24529,37,1,1,1,0,22341,1,0
21889,30,7,1,1,0,114,0,0
31780,54,10,1,1,0,377,0,0
7383,41,1,1,0,0,-252,1,0
15443,28,0,2,3,0,24,1,0
37530,35,7,0,1,0,78,1,0
28928,39,2,2,3,0,879,1,1
13591,51,7,1,1,0,260,0,0
8891,25,1,1,1,0,-507,1,1
10476,36,2,2,2,0,658,1,0
9952,43,1,1,0,0,547,0,1
24569,55,9,1,2,0,0,0,0
11361,54,1,1,0,0,10662,0,0
23932,43,0,1,1,0,257,0,0
30185,31,2,2,2,0,46,1,0
22303,35,4,2,1,0,0,0,0
4843,37,0,1,3,0,734,1,0
10635,48,11,1,3,0,3940,0,0
6232,34,2,1,1,0,-139,1,1
34522,30,0,1,1,0,182,1,1
20186,35,4,2,2,0,361,1,0
7841,55,0,1,1,0,420,1,0
20954,35,4,2,2,0,467,1,0
19750,47,6,1,1,0,231,0,0
31346,57,1,1,0,0,1610,0,0
22338,37,4,1,2,0,981,0,0
28722,28,8,2,1,0,69,0,0
5533,35,4,1,1,0,839,1,0
21263,46,7,1,1,0,0,0,0
43623,29,0,2,1,0,3528,0,0
28514,42,10,2,0,0,5717,0,0
14198,36,9,1,3,0,756,0,0
5362,55,1,1,3,0,-102,1,0
37803,31,9,2,1,0,23,1,0
45103,33,0,1,1,0,51,1,1
43668,43,6,1,2,0,10072,0,0
25190,42,2,1,2,0,337,1,1
19629,45,2,1,2,0,770,0,0
13326,44,1,1,0,0,1139,0,1
15484,47,9,0,1,0,-767,0,1
22998,51,1,1,0,0,6343,1,0
44731,60,10,1,1,0,957,0,0
26318,55,1,1,3,0,2691,1,0
22286,32,9,1,1,0,0,0,0
17260,49,7,0,1,0,0,0,0
13041,53,4,1,1,0,66,0,1
27619,33,4,2,2,0,3821,0,0
1961,37,1,1,0,0,1160,1,0
877,45,1,1,1,0,154,1,0
1343,49,7,1,1,0,-22,1,0
1299,24,9,2,2,0,777,1,0
22612,38,4,1,2,0,441,1,1
21780,35,9,0,1,0,82,0,0
9612,40,5,1,1,0,263,0,0
26123,33,0,1,1,0,353,1,0
4209,44,1,1,1,0,87,1,0
4467,35,4,1,2,0,440,1,0
36453,40,3,1,1,0,4136,1,0
14176,59,5,1,1,0,3812,1,0
17861,37,9,2,1,0,103,1,0
27123,37,0,0,1,0,1533,1,0
27552,55,3,0,2,0,1241,0,0
17547,58,7,1,1,0,0,0,0
550,42,7,0,1,0,372,1,1
25927,32,7,2,0,0,-56,0,1
39717,25,8,2,3,0,277,0,0
37747,32,0,1,1,0,684,1,0
21256,48,1,1,3,0,434,0,0
1927,37,1,2,1,0,223,1,0
12331,44,9,1,1,0,-153,0,1
35009,29,1,2,1,0,114,1,0
12182,50,4,1,2,0,0,0,0
8117,35,0,1,1,0,1098,1,1
5131,31,9,1,1,0,510,1,0
6356,30,1,2,1,0,49,0,1
43826,33,7,2,3,0,523,1,0
7344,39,1,2,1,0,885,1,0
19085,55,1,1,1,0,5443,0,1
36593,40,9,1,0,0,210,1,0
4905,33,1,1,0,0,141,1,0
26327,54,1,1,0,0,4608,0,0
36863,44,6,2,2,0,2734,1,0
31181,25,0,2,2,0,3730,1,0
37789,23,1,2,1,0,1105,1,0
25069,55,4,0,2,0,0,0,0
37369,57,1,1,0,0,649,1,0
43121,40,9,1,1,0,826,0,0
39968,42,1,1,1,0,2913,0,0
33097,32,1,1,1,0,112,1,0
36402,31,1,2,1,0,1598,1,0
8983,56,10,1,0,0,882,0,0
9036,23,7,1,1,0,2673,1,0
8888,29,0,0,1,1,-489,1,0
1727,59,1,2,0,0,96,1,0
45068,26,8,2,1,0,108,0,0
25354,45,0,1,1,0,0,1,0
5686,35,1,1,1,0,1098,1,0
36081,38,1,0,1,0,0,1,0
27931,40,9,1,1,0,529,0,1
15094,39,9,1,1,0,251,1,0
12092,42,9,1,1,0,2980,0,0
29533,45,11,1,3,0,19706,1,0
29834,30,7,2,2,0,1,0,0
18730,44,0,1,1,0,5181,1,1
32001,31,4,2,2,0,999,1,0
41606,25,4,2,2,0,808,0,0
10115,39,1,1,1,0,7653,0,0
30396,56,1,1,1,0,121,0,0
29451,55,5,1,2,0,8037,0,0
36253,35,1,1,3,0,245,1,0
23816,47,9,0,2,0,8,0,0
19883,32,9,1,2,0,3939,0,0
30228,59,1,1,0,0,99,1,0
40148,34,1,2,1,0,215,0,0
28540,35,0,2,1,0,1836,0,0
36972,41,1,1,0,0,1356,1,0
27231,31,9,2,2,0,1166,1,0
12536,39,7,2,1,0,3,0,1
11730,45,1,1,3,0,550,0,1
22233,34,4,2,2,0,0,0,0
5511,31,9,2,2,0,426,1,0
32042,54,0,1,1,0,3136,1,0
26341,47,1,2,1,0,1976,0,1
32411,42,1,1,0,0,695,1,0
44795,49,4,1,2,0,1093,1,1
40317,24,0,2,1,0,-98,1,0
11784,46,1,0,0,0,0,0,0
32401,49,1,1,1,0,2015,1,0
29883,53,1,1,1,0,1103,1,1
21438,38,9,0,1,0,276,0,0
18989,55,9,0,1,0,2730,0,0
26393,45,2,1,2,0,20138,1,0
17406,34,0,2,2,0,64,1,0
5276,30,1,2,1,0,239,1,0
592,41,0,0,0,0,4070,1,0
14232,35,1,1,1,0,1287,1,0
6408,35,9,0,1,0,-199,1,0
9773,35,0,1,1,0,5768,1,1
10603,49,7,0,1,0,3250,0,0
34320,35,9,2,1,0,538,1,0
41764,57,0,1,1,0,3927,0,0
7236,45,1,1,0,0,180,1,1
34873,23,7,1,1,0,83,1,0
26457,30,9,2,2,0,3086,1,0
30038,36,9,1,1,0,627,0,1
42353,36,0,1,2,0,0,0,0
25749,40,10,1,1,0,0,1,0
13253,44,4,1,2,0,0,0,0
1687,30,4,1,2,0,1825,1,0
28128,26,8,1,1,0,289,0,0
21994,49,4,1,2,0,1912,1,0
18794,58,1,1,1,0,-27,0,1
20673,59,0,1,2,0,349,0,0
39586,27,10,2,0,0,223,0,0
34814,32,1,2,1,0,53,1,0
39293,31,2,1,0,0,-98,1,0
9989,56,4,0,0,0,7496,0,0
6269,27,1,2,1,1,87,1,0
23754,35,4,1,2,0,1684,1,0
25713,32,1,2,1,0,413,1,0
12677,28,7,2,1,0,-116,0,1
18777,32,9,2,1,0,-122,1,1
4086,43,9,1,1,0,674,1,1
32522,34,1,1,1,0,1134,1,0
11952,53,1,1,0,0,57,1,0
23011,56,9,1,2,0,272,0,0
31446,27,4,2,2,0,831,0,0
1285,39,4,2,2,0,220,1,0
10587,38,1,1,0,0,1602,0,0
18958,40,9,1,1,0,4,1,1
20676,36,9,1,1,0,295,0,0
18774,60,5,1,1,0,0,0,0
22076,54,4,0,2,0,205,0,0
21397,31,4,2,2,0,11821,0,0
31280,21,1,2,1,0,682,0,0
5476,39,9,0,1,0,1222,1,0
29694,47,10,1,1,0,3188,1,0
41722,56,0,1,1,0,16873,0,0
19489,47,0,1,1,0,3070,0,0
40467,24,4,2,2,0,172,0,0
400,42,3,1,0,0,17,1,0
19623,32,4,2,2,0,577,0,0
21881,54,1,1,0,0,2584,0,0
35694,43,0,2,1,0,979,1,0
44193,63,1,1,1,0,180,0,0
22986,55,4,0,2,0,-612,0,0
42877,35,0,0,1,0,1085,0,0
29130,35,9,1,1,0,723,0,0
23368,33,4,2,2,0,1374,1,1
29717,36,1,1,1,0,3578,1,0
31777,37,0,2,1,0,810,1,0
5115,39,1,1,0,0,2003,1,0
7591,35,4,1,2,0,-65,1,0
16953,41,0,2,1,0,0,0,0
30370,30,8,2,1,0,61,0,1
29741,36,9,2,1,0,1855,1,0
4058,50,4,0,0,0,-6,1,0
39082,31,9,2,2,0,-162,1,0
39088,29,1,1,1,0,275,1,0
38023,36,9,1,1,0,1038,1,0
8430,49,4,0,2,0,9326,1,0
21631,30,9,1,1,0,27,1,0
9406,46,11,1,3,0,613,0,0
28680,57,5,1,0,0,641,0,1
307,55,1,1,1,0,89,1,0
14226,43,9,0,1,1,73,1,0
17374,54,1,1,0,0,551,1,0
1648,36,9,2,1,0,-333,1,1
29250,27,0,2,2,0,43,0,0
33113,29,1,1,1,0,1238,1,0
8644,52,10,1,1,0,2251,1,0
12120,56,1,1,1,0,3129,0,0
33278,37,7,2,1,0,99,1,1
33681,55,0,2,1,0,2359,1,0
39367,37,4,1,2,0,3723,0,0
44050,74,5,0,0,0,29080,0,0
40308,28,0,2,1,0,136,0,0
11708,46,9,1,1,0,0,0,0
39139,36,1,1,1,0,-73,1,1
33224,49,7,1,1,0,1345,1,0
42793,31,6,2,2,0,283,0,0
23063,38,4,1,2,0,0,0,0
13568,30,10,1,1,0,1210,0,0
25985,56,1,0,0,0,7396,1,0
25476,48,9,1,0,1,-530,0,1
19822,31,9,1,2,0,1503,1,1
23541,31,9,2,1,0,23,0,0
29826,52,9,0,1,0,643,1,0
3248,49,2,1,2,0,221,1,0
34651,55,7,1,1,0,-626,1,1
40582,50,6,1,1,0,5312,0,0
45136,53,6,1,2,0,730,1,0
35421,28,9,1,1,0,7449,1,0
37332,37,4,2,2,0,0,1,0
39338,35,9,2,1,0,-196,1,0
25626,55,7,0,2,0,1983,1,0
4836,38,4,1,3,0,546,1,0
575,61,5,1,1,0,195,1,1
41712,37,0,1,1,0,2061,1,1
11129,27,2,1,1,0,47,1,0
16830,45,0,1,1,0,434,0,1
4881,30,1,1,0,0,453,1,0
23092,37,4,1,2,0,725,0,0
23668,45,6,1,1,0,396,0,0
39827,60,4,1,2,0,3824,0,0
35378,50,7,1,0,0,5024,1,1
25364,36,9,1,1,0,-179,1,0
29088,30,0,2,1,0,585,0,1
8428,44,0,0,1,0,776,1,0
20262,49,9,0,2,0,917,0,0
21452,45,9,1,1,0,256,0,0
32857,26,6,2,2,0,3044,1,1
30055,56,4,1,0,0,199,1,1
18060,29,1,2,2,0,11310,1,0
1082,38,1,1,1,0,22,1,1
9458,39,1,1,1,0,123,1,0
38015,30,2,2,2,0,303,1,0
26121,50,4,2,3,0,4666,0,0
40159,31,0,2,2,0,516,0,0
33442,38,2,1,1,0,0,1,1
30469,48,2,2,2,0,318,1,0
32158,38,9,2,1,0,8381,0,0
23294,46,4,1,1,0,0,0,0
31808,36,2,1,1,0,419,1,0
6925,31,0,2,1,0,1306,1,0
20650,33,4,1,2,0,519,0,0
27049,31,4,2,2,0,44128,0,0
23088,43,9,1,1,0,10,0,0
38570,26,7,2,1,0,0,1,0
20016,34,4,2,2,0,2455,0,0
41932,55,4,0,2,0,0,0,0
35320,47,9,0,2,0,477,1,0
24365,50,0,1,1,0,1575,0,0
9335,26,4,2,1,0,565,1,0
1571,32,4,2,2,0,394,1,0
13767,54,0,1,2,0,59,1,0
7543,36,4,2,2,0,7606,1,0
32535,44,0,0,1,0,445,1,0
8132,34,1,1,1,0,-304,1,1
18991,49,7,1,1,0,5673,0,1
24818,32,0,1,2,0,2831,1,0
42895,48,1,1,1,0,1730,1,0
10581,46,1,1,1,0,6215,0,0
2327,22,1,2,0,0,-168,1,0
17662,58,9,1,1,0,673,0,0
8000,40,0,2,1,0,2378,1,0
17126,34,2,2,1,1,-200,0,1
13052,33,4,2,2,0,99,0,0
1639,28,0,1,1,0,252,1,0
8112,55,1,2,0,0,1187,1,0
8077,37,10,2,1,0,756,1,0
7412,55,5,1,1,0,2749,1,1
13345,60,3,1,1,0,874,0,0
3599,33,1,1,1,0,175,1,0
20529,52,3,1,3,0,544,0,0
25185,48,4,2,2,0,3713,1,1
42089,22,8,2,1,0,1522,0,0
25886,55,4,1,2,0,12675,0,0
41308,26,8,2,2,0,97,0,0
42557,33,4,1,2,0,1808,0,0
31882,39,9,1,1,0,958,1,0
20322,33,9,1,1,0,1166,0,0
27400,41,0,2,1,0,748,0,0
479,39,4,2,1,0,1877,1,0
3569,49,7,1,1,0,2201,1,0
16423,43,0,1,1,0,-465,1,1
27232,45,0,1,1,0,256,0,0
28190,32,7,2,1,0,486,0,0
23803,31,4,2,2,0,350,0,0
7917,42,1,1,1,0,1307,1,0
26385,38,1,1,0,0,433,0,0
10510,36,1,1,0,0,-255,1,1
17604,38,10,1,2,0,9881,0,0
14013,33,0,1,1,0,13160,0,0
5119,33,6,1,2,0,1545,1,0
41845,61,9,1,0,0,6384,0,0
18611,37,6,2,2,0,1286,0,0
11668,50,1,1,0,0,480,1,0
17338,60,9,0,2,0,-361,0,1
29783,33,9,0,1,0,464,0,0
19504,33,2,1,2,0,595,0,0
26835,32,1,2,1,0,5252,1,0
26331,47,9,1,1,0,1465,1,0
13533,31,4,2,2,0,933,1,0
42239,72,5,1,1,0,4130,0,0
25117,54,4,1,2,0,214,1,0
8297,35,7,1,1,0,456,1,1
16726,43,2,1,1,0,0,0,0
13300,26,9,2,1,0,0,0,0
15609,28,9,1,2,0,739,1,0
8952,38,9,1,1,0,625,1,0
12633,25,10,2,1,0,34,0,1
29439,40,0,2,1,0,5061,0,1
38690,51,4,2,2,0,297,1,0
42602,25,9,2,1,0,139,0,1
21443,32,9,2,2,0,20,1,1
4743,58,2,1,1,0,2429,0,1
33162,34,4,2,2,0,556,1,0
17765,28,3,2,0,0,0,0,1
7135,55,4,1,2,0,0,0,0
17395,35,9,1,1,0,1508,0,0
18990,44,11,1,1,0,2319,0,0
36771,34,9,1,1,0,210,1,1
15934,60,5,2,1,0,-330,0,1
38390,29,0,2,1,0,405,1,0
24098,38,4,1,2,0,385,1,0
6480,24,1,1,1,0,-254,1,1
26935,36,4,1,2,0,4069,0,0
5063,37,1,2,3,0,-114,1,0
34069,36,9,2,2,0,197,0,0
41593,28,9,2,2,0,865,0,0
28378,37,0,2,1,0,328,0,0
35503,38,9,1,1,0,2000,1,0
32463,28,8,2,2,0,844,0,0
3677,36,7,2,3,0,281,1,0
13437,45,9,1,1,0,2020,1,0
16499,51,6,1,1,0,95,1,0
44501,56,9,0,1,0,3450,0,0
29085,45,7,1,1,0,-75,1,0
37935,36,1,1,0,0,4608,1,0
29181,60,5,1,0,0,174,1,1
26166,32,7,1,1,0,387,1,0
33334,34,0,2,1,0,1352,1,0
7127,37,4,2,1,0,34,1,0
758,59,7,1,1,0,307,1,1
14186,54,3,1,0,0,311,1,0
24412,40,9,1,1,0,0,1,0
19106,32,4,2,2,0,710,0,0
23225,33,4,2,2,0,0,0,0
39900,35,0,1,1,0,269,1,1
4632,36,1,1,1,0,1797,1,1
30944,58,1,1,0,0,42,1,0
39922,41,0,1,1,0,1021,0,0
28498,49,4,2,2,0,145,1,0
21832,31,4,1,1,0,2294,0,0
19884,33,9,1,1,0,390,1,0
41801,35,6,1,2,0,1178,1,1
28736,54,1,2,3,0,1555,1,0
20086,52,1,1,0,0,2569,0,0
38827,33,9,1,1,0,1844,1,1
18506,37,4,1,2,0,4357,0,0
10663,44,9,1,1,0,0,0,0
15795,38,1,1,0,0,-41,1,0
41240,28,1,1,1,0,61,1,0
29429,26,4,2,2,0,1720,0,0
30325,26,0,2,1,0,685,0,0
25402,55,4,0,1,0,1526,1,0
20973,59,1,1,0,0,3062,1,0
8267,32,1,1,0,0,415,1,0
17634,57,7,1,0,0,1896,0,0
30134,38,9,1,2,0,1042,1,0
6389,27,3,1,1,0,22,1,1
9802,50,3,1,1,0,1484,0,0
20840,45,9,0,2,0,206,0,0
25867,35,1,1,1,0,86,0,0
27194,44,7,2,1,0,762,0,1
42899,39,9,1,1,0,0,1,1
38889,29,1,1,1,0,104,1,0
34470,53,9,1,2,0,431,1,0
4235,41,9,1,1,0,459,1,0
25957,31,0,1,1,0,8295,1,0
23864,35,9,2,2,0,33,0,0
11415,50,4,1,2,0,4045,0,0
21067,47,1,1,0,0,673,0,1
6479,35,2,1,2,0,542,1,1
42280,31,7,2,1,0,181,0,0
40971,44,9,0,1,0,14,0,0
4915,57,5,1,1,0,1408,0,0
17019,32,10,1,2,0,1,0,0
33364,35,6,1,1,0,598,1,0
38652,45,0,1,1,0,72,1,1
21192,52,1,1,0,0,66653,0,0
32578,38,7,1,2,0,0,1,0
23934,40,9,0,1,0,0,0,0
28073,44,4,1,2,0,0,0,0
26244,51,1,1,2,0,2404,1,0
26530,57,4,1,2,0,1172,1,0
9228,57,6,2,1,0,3277,0,0
13273,31,1,2,0,0,485,0,1
21156,51,4,1,2,0,25856,0,0
39455,60,5,0,2,0,439,0,1
8527,28,1,1,1,0,269,1,0
38134,35,4,2,2,0,3000,1,0
6112,59,5,2,1,0,351,1,0
7726,27,9,1,1,0,7102,1,0
15498,29,7,1,1,0,480,1,0
23555,59,5,1,1,0,1887,0,0
22808,47,1,1,0,0,85,0,0
41416,40,10,2,2,0,7968,0,0
7803,41,7,1,0,0,373,1,0
13402,35,0,1,1,0,332,0,0
12942,28,10,2,1,1,-1270,0,1
42487,35,4,1,2,0,3402,0,0
37078,28,7,1,1,0,458,1,0
31379,46,4,2,2,0,6651,0,0
28941,55,9,1,1,1,-308,0,0
6181,40,0,1,1,0,3087,1,1
35897,33,9,1,2,0,565,1,0
21303,32,4,2,2,0,-217,1,1
28714,35,1,2,1,0,505,0,1
35141,36,1,1,1,0,975,1,0
21315,23,2,1,2,0,489,0,1
38535,49,1,1,1,0,598,1,0
2067,43,10,1,1,0,210,1,0
43839,57,4,0,3,0,2986,0,0
33858,26,4,2,2,0,6791,0,0
42345,70,5,1,0,0,3230,0,0
7293,37,1,1,1,0,672,1,0
8073,30,1,1,1,0,360,1,1
43276,75,5,1,0,0,1765,0,0
30590,32,1,1,0,0,1518,1,0
15117,26,7,2,1,0,-189,0,1
2656,24,1,1,0,0,-427,1,0
22348,49,9,1,1,0,27,0,0
29824,28,9,2,1,0,34,1,0
14064,55,3,1,1,0,5,0,0
23473,36,9,1,1,0,2473,0,0
10025,35,1,2,0,0,-269,1,0
43999,30,1,2,0,0,185,0,0
14494,29,9,1,1,0,428,0,0
21819,30,9,2,1,0,3048,0,1
17446,33,0,1,1,0,2,1,1
18377,35,7,2,1,0,1742,1,0
32048,65,4,1,1,0,5251,0,0
5602,34,1,1,3,0,391,1,1
37123,34,1,1,1,0,1089,1,0
32005,44,6,2,2,0,1367,1,0
44584,32,8,2,1,0,14,0,0
700,24,7,2,1,0,77,1,1
14626,29,4,1,2,0,0,1,1
26525,33,9,2,2,0,3827,0,0
35695,31,10,0,1,0,1144,1,0
3886,27,4,2,2,1,-308,1,0
13774,60,9,1,1,0,594,0,0
41602,25,4,2,2,0,553,1,0
22427,58,4,2,2,0,0,0,0
441,34,9,2,2,0,242,1,0
2495,54,0,0,1,0,1814,0,0
4678,32,9,1,3,0,196,1,0
21103,43,4,1,2,0,4016,1,0
35387,49,9,1,1,0,0,1,0
41009,48,6,1,2,0,3118,0,0
3229,57,4,1,1,0,3381,1,0
32092,34,0,2,1,0,852,0,0
28974,38,4,1,2,0,1198,1,0
36039,34,1,1,1,0,518,1,0
20265,57,1,1,0,0,856,0,0
25474,45,4,1,2,0,1416,1,1
9699,46,7,1,1,0,2215,0,0
10641,37,0,1,1,0,306,0,0
22519,41,9,1,1,0,0,0,0
1367,28,6,1,2,0,120,1,1
29613,31,4,1,2,0,1331,0,0
803,37,1,2,1,0,238,1,0
36596,31,3,1,2,0,2190,1,0
20356,30,9,1,2,0,8351,0,0
16601,51,7,1,1,0,53,0,1
11135,42,0,0,1,0,0,1,1
21477,37,4,0,2,0,481,1,0
8100,30,6,2,2,0,578,1,0
43722,75,5,1,2,0,6027,0,0
2678,44,4,2,2,0,9956,1,0
36434,31,4,1,2,0,414,1,0
37055,36,1,2,1,0,478,1,0
29243,32,1,2,1,0,2142,0,0
1063,43,1,1,1,0,667,1,0
1025,39,1,1,1,0,356,1,1
13600,40,1,1,1,0,252,1,1
1437,35,1,2,1,0,907,1,1
31458,33,7,1,1,0,260,1,0
27013,52,3,1,1,0,1752,0,1
43303,42,4,1,2,0,1205,0,0
1889,37,1,0,1,0,-175,1,0
35475,38,4,1,3,0,546,1,0
36721,44,7,1,1,0,4786,1,1
44477,25,8,2,1,0,1028,0,0
31060,26,9,2,2,0,11862,0,0
26778,31,1,2,1,0,297,1,0
36042,57,0,2,1,0,7400,1,0
39371,59,0,1,1,0,106,0,0
33116,42,1,1,1,0,165,0,0
26276,47,6,1,0,0,574,1,0
5565,44,1,2,0,0,97,1,0
37944,29,9,2,1,0,769,1,1
40313,30,4,2,2,0,2,0,0
29245,27,1,1,0,0,0,0,0
2480,29,7,2,0,0,95,1,0
41564,31,6,2,2,0,275,0,0
40460,64,5,0,2,0,890,0,0
7999,53,1,1,0,0,1942,1,0
8971,43,4,1,2,0,356,0,0
26335,36,4,1,2,0,2326,1,0
11098,37,1,1,1,0,1736,0,1
9779,37,1,1,0,0,178,1,1
42120,72,5,2,2,0,1285,0,0
10721,37,4,1,2,0,0,0,0
3558,60,5,2,2,0,7440,1,0
17965,49,9,1,0,0,1415,1,0
16063,43,9,1,0,0,2309,1,0
6150,34,1,1,0,0,-106,1,0
12929,58,1,0,1,0,916,0,0
14937,43,2,2,1,0,5705,0,1
25513,33,4,1,2,0,0,1,0
30391,34,4,2,2,0,84,0,0
9028,48,7,0,1,0,0,0,0
38051,33,1,1,1,0,331,1,0
25743,46,9,1,1,0,0,1,0
29710,46,1,1,1,0,4007,0,0
19036,51,9,1,1,0,-379,1,0
23347,55,5,1,1,0,120,0,0
5435,44,0,1,3,0,-299,1,0
25067,32,2,1,2,0,11591,1,0
42489,57,9,1,0,0,592,0,1
33223,33,1,2,0,0,910,1,0
31387,49,10,1,2,0,377,0,0
37674,49,1,2,0,0,87,1,0
1946,48,0,0,3,0,244,1,0
43978,30,9,2,1,0,254,1,1
10591,42,1,1,1,0,2256,1,0
15616,55,9,1,2,0,647,1,0
11026,36,1,2,2,0,3649,1,0
12091,39,9,1,1,0,376,0,0
24690,41,4,2,1,0,1286,1,0
21648,31,4,2,2,0,0,0,0
27895,60,5,1,1,0,372,0,0
34134,25,9,2,1,0,1105,1,0
7795,36,9,2,1,0,4136,1,0
39997,54,0,0,1,0,200,0,0
6735,40,1,0,1,0,-90,1,0
22255,55,1,1,1,0,196,0,0
35647,57,5,0,1,0,1029,1,0
11339,42,7,1,1,0,3236,0,0
3021,44,1,1,0,0,0,1,0
29852,28,7,2,1,0,0,0,0
28319,38,4,0,2,0,1927,1,1
34129,39,4,1,2,0,4539,0,0
13972,42,1,1,0,0,-404,1,1
39066,30,0,2,1,0,219,1,1
32782,33,9,1,1,0,9305,1,0
6517,35,4,2,2,0,-208,1,0
30835,33,0,1,1,0,347,1,0
15712,37,4,1,2,0,1893,0,1
30817,40,4,0,1,0,108,0,0
32608,31,0,2,1,0,223,1,0
9423,55,1,0,1,0,4053,0,0
31450,24,0,2,1,0,753,1,0
18933,60,11,1,3,0,7337,0,0
9640,57,11,1,1,0,2,0,0
38867,41,7,1,0,0,4903,1,0
9290,40,2,1,0,0,4674,0,0
8359,51,9,1,1,0,1186,1,0
15949,37,9,2,1,0,-59,1,0
8135,35,1,1,1,0,1088,1,0
14058,53,9,0,1,0,447,1,1
24543,42,7,2,1,0,877,0,0
1778,27,0,2,1,0,662,1,0
778,43,1,1,0,0,-454,1,0
8052,33,1,2,1,0,231,1,0
39791,49,9,1,1,0,1684,0,1
21472,58,0,1,3,0,2180,0,0
13218,43,7,1,1,0,-392,0,1
20387,38,9,1,2,0,-267,0,0
27516,32,2,2,2,0,7641,1,1
7036,22,8,2,1,0,489,0,0
25218,59,2,1,2,0,1553,0,1
33312,55,4,0,2,0,5253,1,1
31788,45,1,1,0,0,31,0,0
30141,30,0,2,1,0,313,1,0
9576,35,1,2,1,0,11671,0,0
18010,42,1,2,0,0,92,0,0
26412,30,4,2,2,0,2766,1,1
41643,34,4,1,2,0,16,1,0
39320,40,4,1,2,0,198,1,0
8866,28,1,2,1,0,1232,1,0
2300,35,9,1,2,0,1473,1,0
34307,30,6,1,2,0,2666,0,0
20225,46,0,1,1,0,1804,0,0
12897,45,1,1,1,0,226,0,0
12021,36,0,2,1,0,449,1,0
36850,33,0,2,1,0,-15,0,0
28418,39,2,0,2,0,208,1,0
2859,43,1,1,1,0,2706,1,1
9495,44,1,2,1,0,259,1,0
43562,37,0,1,2,0,103,1,1
2638,58,5,1,0,0,193,1,1
25949,50,4,1,1,0,2910,0,0
20279,31,4,2,2,0,498,0,0
19561,56,4,1,2,0,79,0,0
32721,50,0,0,2,0,432,1,0
11521,28,1,1,0,0,237,1,0
34768,39,9,0,2,1,3,0,0
12136,53,4,2,2,0,0,0,0
5537,42,0,2,2,0,3465,1,0
45134,70,5,1,1,0,0,0,0
11497,41,9,1,2,0,-378,1,1
10268,40,1,0,1,0,181,0,0
12228,35,1,1,1,0,306,0,0
20995,31,6,1,2,0,414,0,0
12289,50,4,1,2,0,-94,0,1
37615,33,4,1,2,0,0,1,1
15040,60,2,1,0,0,83,1,0
37432,53,0,1,0,0,234,1,0
40935,31,4,1,2,0,1812,0,0
11467,48,6,1,0,0,1204,1,0
35304,44,9,1,1,0,78,1,0
7676,32,0,1,1,0,1974,1,0
32370,50,7,1,1,0,-197,1,0
3828,38,1,1,0,0,467,1,0
44154,63,5,1,2,0,4692,1,0
20572,45,0,1,1,0,362,0,0
30390,40,4,1,1,0,18,1,0
1837,31,1,1,1,0,0,1,0
21671,45,0,1,1,0,251,1,0
16264,57,9,1,0,0,19,1,0
35570,30,4,1,2,0,86,1,1
4831,28,2,2,2,0,135,1,0
2800,53,9,0,1,0,522,1,0
16844,55,1,1,3,0,728,1,0
10438,41,1,1,1,0,1165,0,0
6886,38,7,1,1,0,-314,1,0
265,30,8,2,2,0,25,1,0
35297,47,7,1,3,0,12839,1,0
24702,37,4,1,1,0,121,0,1
26807,57,10,1,0,0,0,1,0
16205,26,4,1,1,0,288,1,0
38928,32,9,2,2,0,-770,1,0
23998,49,9,2,1,0,114,0,0
25437,43,4,1,1,0,481,1,0
31597,46,9,0,1,0,387,1,1
36961,46,7,1,1,0,2381,1,0
17435,59,1,1,1,0,149,0,1
10129,42,9,1,3,0,0,0,0
8568,39,2,0,2,0,208,1,0
10773,39,1,1,0,0,2169,0,0
14477,36,1,1,0,0,223,1,0
17452,26,0,2,1,0,1690,0,1
23980,46,1,1,3,0,0,0,0
6716,43,9,1,1,0,50,0,0
823,33,1,2,0,0,95,1,0
43315,86,5,1,0,0,1817,0,0
15362,38,7,1,3,0,10189,1,0
23101,34,4,1,2,0,297,1,0
27012,58,3,1,2,0,6316,0,0
212,59,3,0,0,0,195,0,0
24979,46,4,1,1,0,0,0,0
4219,42,10,1,1,0,1990,1,1
2836,52,7,1,1,0,2257,1,0
8288,36,1,1,1,1,-2,0,0
43555,77,5,1,3,0,992,0,0
6469,45,10,1,0,0,180,1,1
492,36,1,1,1,0,0,1,0
36123,42,1,1,1,0,4900,1,0
45207,71,5,0,0,0,1729,0,0
17755,32,7,1,0,0,197,1,0
43855,45,4,0,2,0,0,0,0
39994,35,4,1,2,0,3109,1,0
21144,36,4,1,2,0,2195,0,0
15956,26,7,2,1,0,47,1,0
43721,29,10,2,0,0,1374,0,0
32791,61,5,0,0,0,876,0,0
44358,31,7,2,2,0,1626,0,0
1417,32,1,1,1,0,1,1,0
5222,43,9,1,1,0,8541,1,0
16095,27,7,2,1,1,-1,0,0
20514,35,9,1,1,0,1067,0,1
44577,27,0,2,1,0,416,0,0
44278,28,8,2,1,0,2015,0,0
6336,34,0,1,1,0,-549,1,1
3845,29,1,2,0,0,-63,1,0
26342,33,1,1,0,0,1416,1,0
28781,31,10,2,1,0,315,0,0
28622,31,2,1,1,0,10,1,1
42582,72,5,1,0,0,0,0,0
17405,37,1,2,0,0,147,0,0
41813,30,0,1,1,0,0,0,0
8231,40,7,0,0,0,1937,1,0
16305,47,9,1,2,0,1115,1,0
42226,39,4,2,2,0,1509,0,0
38596,28,7,2,1,0,118,1,1
18210,36,7,1,1,0,-11,1,0
24847,50,4,1,1,0,13931,1,0
39010,34,1,1,1,0,243,1,0
6105,35,4,1,2,0,4038,1,1
32708,48,1,2,0,0,185,1,0
19243,34,7,1,1,0,2956,0,0
8308,36,4,1,2,0,0,1,0
19253,60,5,1,1,0,1145,0,0
12666,38,1,1,1,0,43,0,1
26983,31,1,1,0,0,2198,0,0
42534,68,5,1,1,0,1443,0,0
19002,49,9,1,1,0,633,0,0
24667,45,2,1,2,0,1503,0,0
4385,48,9,2,1,0,479,0,0
37659,38,4,2,2,0,-119,1,0
9072,46,4,0,2,0,743,0,0
26833,34,0,2,1,0,4436,1,0
11232,44,7,1,1,0,1872,1,0
26899,38,1,2,1,0,5133,1,0
21993,30,9,0,1,0,2403,0,0
453,37,4,1,2,0,231,1,1
28800,40,9,1,2,0,1554,0,0
17862,25,7,2,1,0,5,0,1
25309,40,9,2,1,0,1411,1,1
8254,58,5,1,2,0,2084,1,0
38600,36,8,2,1,0,3551,1,0
16122,34,1,1,0,0,197,1,0
31893,35,0,1,1,0,159,1,0
28167,36,2,1,1,0,313,1,0
26237,30,1,1,0,0,5956,1,1
35719,32,1,2,1,0,259,1,0
19250,44,4,1,2,0,1858,0,0
38792,48,1,1,0,0,750,1,0
11045,43,9,1,1,0,236,0,0
15164,29,7,2,1,0,37,0,1
24906,40,4,1,2,0,1217,1,1
4326,30,9,2,2,0,880,1,1
32633,52,1,1,1,0,3429,1,0
34254,35,9,2,1,0,5731,1,0
36293,45,1,1,0,0,456,1,0
3535,51,1,1,0,0,4497,1,0
20346,43,4,1,1,0,2411,1,0
14882,29,1,1,1,0,2870,1,0
34045,38,3,1,0,0,196,0,0
29302,26,6,2,2,0,458,1,1
5659,53,0,0,1,0,-372,1,0
9085,31,1,1,1,0,1779,1,0
32982,40,4,1,1,0,643,1,0
11253,47,9,1,1,0,3478,0,0
18497,33,1,2,1,0,5,1,0
35783,37,1,1,1,0,3653,1,0
1690,32,1,0,1,0,739,1,0
27464,45,1,1,1,0,3169,0,0
8626,38,1,1,0,0,2472,1,0
35224,32,1,2,1,0,1291,1,0
37665,26,0,2,1,0,66,1,0
31189,75,5,1,1,0,1470,0,0
33042,39,0,1,1,0,456,1,0
38951,29,9,2,1,0,1856,1,1
10547,42,7,0,1,0,167,0,0
39012,22,8,2,1,0,330,1,0
23182,48,4,1,2,0,567,0,0
32715,40,1,1,1,0,1028,1,1
33185,33,3,1,0,0,4136,1,0
14293,35,3,1,0,0,1266,1,0
27953,28,9,2,2,0,387,1,0
216,47,11,1,3,0,28,0,0
11281,52,9,1,1,0,0,1,0
29108,46,4,1,2,0,587,0,0
32973,33,7,1,1,0,90,1,0
37654,33,4,2,2,0,5145,1,0
20036,30,4,2,2,0,344,0,0
24374,43,9,2,1,0,463,1,0
32664,44,1,1,0,0,228,1,0
41464,41,4,2,2,0,6116,0,0
18686,37,0,1,1,0,-426,1,1
10246,52,10,1,3,0,83,1,0
32772,32,4,2,2,0,703,1,0
6919,27,0,2,1,0,242,1,1
31754,54,1,1,1,0,5521,1,0
5249,35,9,2,1,0,11423,1,0
9807,57,1,1,0,0,179,0,0
5844,40,1,1,1,0,3311,1,1
16003,37,0,1,1,0,121,0,0
21334,60,4,2,2,0,0,0,0
23981,34,9,1,1,0,0,1,0
7968,43,2,1,1,0,641,1,1
12609,36,9,1,1,0,644,0,0
25797,58,9,2,2,0,388,0,0
19827,46,4,1,2,0,1808,0,0
381,49,7,1,1,0,245,1,1
570,38,9,1,3,0,573,1,0
19232,59,5,1,1,0,0,0,0
33271,46,1,1,1,0,1147,1,0
18575,58,10,1,1,0,18,0,0
26074,33,0,2,1,0,0,1,0
834,35,9,2,1,0,539,1,0
27541,35,0,0,1,0,3636,0,1
7065,31,9,2,1,0,335,1,0
17442,27,2,1,2,0,59,0,0
38533,34,4,2,2,0,2360,1,0
14031,51,4,0,2,0,1988,1,0
9310,41,1,1,0,0,2770,1,1
6067,41,7,1,1,0,2085,1,0
3521,49,7,2,1,0,3061,1,0
38354,43,1,1,1,0,10910,1,0
40172,31,1,1,1,0,1766,0,1
10608,50,1,0,0,0,4882,1,0
26712,58,6,1,2,0,6237,1,0
9760,51,6,1,2,0,150,0,0
3238,43,1,1,0,0,1620,1,0
28419,52,11,1,2,0,1618,0,0
40257,60,0,1,1,0,3547,0,0
17655,32,0,2,2,0,138,0,1
30927,40,9,1,2,0,516,1,0
15791,25,0,2,1,0,105,0,1
33777,81,5,1,0,0,122,0,0
7901,25,1,2,0,0,155,1,0
35724,46,1,1,0,0,9083,1,0
1223,26,1,1,1,1,20,1,0
41150,49,2,2,2,0,2209,0,0
12516,34,7,1,1,0,0,0,1
37823,39,1,2,1,0,0,1,0
15583,56,2,1,2,0,21,0,0
14803,37,9,0,1,0,0,1,0
666,35,0,2,1,0,148,1,0
41228,50,9,1,1,0,3370,0,0
23288,55,9,1,1,0,570,0,0
37683,35,0,1,1,0,3863,1,0
42485,30,9,1,1,0,2326,0,0
9929,45,0,2,1,0,276,0,1
33533,45,7,1,0,0,2406,1,1
33926,48,10,1,1,0,11371,1,0
18642,47,4,1,2,0,1493,0,0
28251,32,4,2,2,1,4,0,0
40725,47,11,1,3,0,677,0,0
37433,39,4,2,2,0,93,1,1
185,58,5,1,0,0,235,1,0
15270,29,9,1,2,0,1535,1,0
41778,28,1,2,1,0,2806,0,0
35527,43,1,1,1,0,1255,1,1
18689,35,4,2,2,0,66,0,0
8480,39,1,1,0,0,572,1,1
28988,36,1,2,0,0,367,0,0
32150,28,4,1,1,0,152,1,0
28570,30,9,2,1,0,133,1,0
1503,31,9,2,2,0,948,1,0
21080,34,3,1,0,0,2929,0,0
23149,36,10,1,2,0,154,0,0
36772,36,5,2,2,0,1514,1,0
36719,38,1,2,1,0,0,1,0
34568,27,1,1,0,0,1,1,0
19254,50,4,0,1,0,535,0,0
17896,41,4,1,2,0,2646,0,0
7176,40,9,1,1,0,1269,1,0
202,44,1,1,1,0,575,1,0
76,44,1,1,1,0,582,0,1
7398,31,1,1,0,0,3283,1,0
22036,33,4,2,2,0,23,0,0
42832,65,5,1,1,0,23421,0,0
28533,36,9,1,1,0,1508,0,0
16556,42,3,2,0,0,206,0,1
34821,28,7,2,1,0,123,1,0
10353,36,1,1,1,0,753,1,0
25708,35,9,2,3,0,1342,1,0
30595,51,4,1,2,0,-321,0,0
15333,44,1,0,1,0,427,1,0
3972,28,1,2,1,0,1112,1,0
31349,68,5,2,3,0,518,0,0
28562,34,0,2,2,0,2045,0,0
26726,34,4,1,2,0,1433,0,0
4709,30,1,1,1,0,5143,1,1
5478,31,0,2,2,0,701,1,0
16862,46,6,1,1,0,0,0,1
14939,31,0,1,1,0,5,1,1
3943,29,7,1,2,0,62,1,1
22596,55,1,1,1,0,176,0,1
8094,30,9,2,1,0,518,1,0
21567,47,4,0,2,0,83,0,0
39661,56,4,0,3,0,854,0,0
35259,33,0,2,2,0,475,1,0
6210,51,1,1,0,0,109,1,0
14869,27,9,1,2,0,77,1,0
14802,47,1,1,3,0,496,0,1
27965,58,10,1,2,0,744,0,0
30876,49,1,1,0,0,3103,0,0
16098,50,1,1,1,0,2013,0,1
4024,60,10,1,0,0,26,1,0
12786,45,7,0,1,0,88,0,1
15253,27,1,0,3,0,2323,1,0
13246,34,0,1,2,0,434,0,0
40863,21,8,2,1,0,123,0,0
11814,38,4,1,2,0,0,1,0
25290,37,4,1,1,0,676,0,0
32217,31,1,1,1,0,382,1,0
19193,31,9,1,1,0,7,0,0
32701,60,5,1,0,0,0,1,0
6863,39,1,1,0,0,7304,1,0
34668,35,3,1,1,0,738,1,0
39303,27,9,2,1,0,155,1,0
18400,42,1,1,0,0,260,1,0
15544,29,4,2,1,0,0,0,1
26011,50,4,1,2,0,-470,1,0
10178,49,1,0,1,0,1869,0,1
13588,35,6,1,1,0,670,0,0
1651,40,1,1,1,0,1245,1,0
38437,39,9,2,1,0,12,1,0
20272,36,4,2,2,0,741,0,0
28310,35,9,1,1,0,128,0,1
16604,49,2,0,1,0,10350,0,1
17579,41,7,1,3,0,1538,0,0
6395,58,1,1,1,0,-37,1,0
9468,52,1,1,0,0,4793,1,0
26981,36,6,1,2,0,12132,0,0
14173,26,3,2,1,0,93,0,0
15390,28,0,1,1,0,17,1,0
8663,58,4,0,2,0,50,1,0
29884,27,1,1,1,0,77,1,0
9603,53,3,1,0,0,5098,1,0
32579,28,1,2,1,0,1065,1,1
39624,32,4,1,2,0,410,1,0
28299,28,7,2,1,0,60,0,1
42829,37,10,2,2,0,953,1,0
43760,78,5,1,3,0,3208,0,0
42446,22,8,2,1,0,120,0,0
27377,33,2,2,2,0,3017,0,0
34732,31,9,2,2,0,645,1,0
18027,47,9,1,2,0,0,1,1
32209,42,9,0,1,0,2189,0,0
5965,39,1,1,0,0,879,1,0
3979,43,0,2,2,0,329,1,0
35673,34,9,1,1,0,1234,1,0
41076,20,8,2,1,0,210,0,0
27881,36,7,1,2,0,301,0,0
44393,33,9,1,1,0,1026,0,0
16030,47,4,2,2,0,-295,0,1
7700,41,1,1,1,0,629,1,1
1118,33,1,0,1,0,126,1,0
40231,25,7,2,2,0,12,0,0
8067,29,9,1,1,0,493,1,1
2501,44,1,1,1,0,476,1,0
14780,32,3,1,0,0,67,1,0
34155,29,4,1,2,0,30,0,0
34639,47,0,1,1,0,769,1,0
3638,60,5,1,0,0,894,1,0
43357,58,7,1,1,0,307,0,0
3012,53,7,1,1,0,10749,1,0
34229,44,1,2,1,0,0,1,0
30545,35,1,2,1,0,0,1,0
10601,44,3,1,0,0,2351,0,0
23650,53,7,1,1,0,658,0,0
28105,45,1,1,1,0,-96,0,0
37295,39,1,1,1,0,1360,1,0
9553,41,4,1,2,0,850,0,0
43816,27,0,2,1,0,1408,0,0
30866,35,9,2,1,0,694,0,0
3301,21,7,1,1,0,0,1,1
25799,43,1,1,0,0,25,1,0
34425,35,0,2,1,0,1537,1,0
21733,48,1,1,0,0,147,0,0
32521,52,4,1,0,0,98,1,0
27025,35,6,1,0,0,2086,1,0
38767,28,0,1,1,0,788,1,0
3292,47,1,1,1,0,5306,1,0
22278,34,6,2,2,0,462,0,0
18089,34,4,2,1,0,356,1,0
1862,32,9,1,1,0,1118,1,1
24384,58,4,0,2,0,315,1,0
2827,47,4,1,0,0,4151,1,0
15507,34,0,0,1,0,1927,0,1
23079,56,9,0,1,0,0,0,0
7653,29,4,1,2,0,239,1,0
13760,29,7,1,1,0,13,0,0
30855,27,1,1,1,0,556,1,0
10350,54,1,1,0,0,1087,1,0
8002,48,4,0,2,0,5041,1,0
43235,32,10,2,0,0,1429,0,0
41278,36,4,1,2,0,255,0,0
35762,53,9,1,3,0,253,1,0
37913,40,4,2,2,0,2258,1,0
33024,53,9,1,1,0,5303,1,0
30586,28,10,2,2,0,0,0,0
11983,52,2,2,3,0,0,0,0
2938,48,4,1,2,0,20718,1,0
13223,25,1,2,1,0,0,0,0
11167,36,1,1,1,0,2627,1,0
502,37,4,2,2,0,230,1,1
11059,52,4,1,2,0,502,0,0
31954,42,2,1,2,0,1068,1,0
12781,26,7,1,1,0,-236,1,1
26484,44,0,2,1,0,10386,1,0
33493,32,4,2,2,0,819,1,0
28604,31,1,1,1,0,519,1,0
3001,55,1,1,1,0,831,1,0
25484,47,2,0,1,0,392,1,1
3562,50,1,1,1,0,1604,1,0
42009,65,5,1,1,0,1624,0,0
29202,60,5,1,2,0,2557,1,0
39495,30,0,1,1,0,1165,0,0
34065,34,6,1,2,0,442,1,0
8268,35,1,1,1,0,53,1,0
15035,46,2,1,1,0,294,1,0
2941,30,9,2,1,0,768,0,1
32888,40,7,2,1,0,0,1,0
24942,56,4,1,0,0,-346,0,1
43254,34,4,1,2,0,158,0,0
25617,40,6,1,2,0,2977,1,0
32951,26,1,1,1,0,647,1,0
29538,58,1,0,0,0,835,0,0
29288,31,4,2,2,0,3283,0,0
23211,40,9,1,1,0,336,0,0
14414,37,9,2,1,0,1780,0,0
35097,31,1,1,1,0,1407,1,0
10226,40,7,1,1,0,1325,0,0
8770,27,0,1,1,0,4144,1,0
30734,36,7,1,1,0,488,1,0
1418,33,4,1,1,1,879,1,0
30064,38,7,1,2,0,535,1,0
18529,32,1,1,1,0,7365,1,0
32442,32,9,2,1,0,14,1,1
35121,35,9,2,2,0,275,1,0
24197,46,0,1,1,0,1252,1,1
1168,34,4,1,0,0,6,1,0
33200,50,2,1,2,0,221,1,0
186,40,7,0,3,0,4384,1,0
20153,31,4,2,2,0,98,0,0
34839,40,6,1,1,0,311,1,0
32891,30,7,2,1,0,732,1,0
35204,35,1,1,1,0,0,1,0
38678,25,2,2,2,0,16874,1,1
24975,50,7,1,0,0,2603,0,0
29153,55,4,1,0,0,621,0,1
40769,30,4,1,2,0,805,0,0
29462,54,9,0,1,0,2749,1,0
5750,34,0,1,1,0,2064,1,0
30139,53,6,1,2,0,687,0,0
12662,28,1,2,1,0,-127,1,0
12287,50,1,1,1,0,-253,0,0
39585,25,0,2,2,0,220,0,0
42737,81,5,1,0,0,243,0,0
11263,37,3,0,1,0,37,0,0
36534,34,5,1,1,0,165,0,0
22571,30,9,2,1,0,0,0,0
19259,49,1,1,1,0,-42,0,0
41059,26,9,2,2,0,777,1,0
17771,56,5,1,0,0,-464,1,0
7950,37,9,2,1,0,2544,1,0
12749,44,1,1,0,0,2,0,1
41742,33,4,2,2,0,1781,0,0
38825,29,1,1,1,0,-95,1,0
28018,55,1,0,0,0,962,0,1
4657,46,4,1,2,0,477,1,0
3340,60,0,0,1,0,3020,1,0
25450,39,1,1,0,0,4,1,0
38998,54,7,1,1,0,882,1,0
40542,60,0,1,1,0,1541,0,0
2303,33,1,0,1,0,176,1,0
13672,48,1,1,0,0,51,0,1
25921,37,9,1,1,0,332,1,0
42408,72,5,1,3,0,1940,0,0
24830,37,2,0,2,0,66,0,0
43932,27,4,2,2,0,2786,0,0
14947,43,9,1,1,0,381,1,0
10255,31,1,1,1,0,30,1,0
5480,53,0,1,1,0,-375,1,0
1156,48,9,1,1,0,720,1,0
10158,41,3,2,0,0,1179,1,0
42765,76,5,1,3,0,8919,0,0
26736,34,4,2,1,0,1995,1,0
2390,28,1,1,0,0,286,1,0
29032,45,6,1,2,0,430,1,0
37539,51,2,1,1,0,934,1,1
1874,33,1,2,0,0,92,1,0
29454,25,0,2,1,0,483,0,1
37722,28,0,2,1,0,3,0,0
14511,52,4,1,2,0,25,0,1
12006,31,0,2,1,0,1016,1,0
3707,48,4,1,2,0,542,1,0
29349,32,9,2,2,0,1534,0,0
39761,25,10,2,2,0,343,0,0
43019,41,4,1,2,0,27696,0,0
26402,33,2,1,2,0,0,0,0
2583,46,1,1,1,0,781,0,0
10656,53,5,1,1,0,136,0,0
4113,49,4,1,2,0,128,1,0
9909,52,10,1,1,0,-9,0,0
26135,53,2,1,0,0,1034,1,0
33903,49,9,1,1,0,305,0,0
20183,31,9,2,2,0,614,0,0
12799,51,1,1,1,0,505,1,0
36852,40,4,2,2,0,-50,1,0
31891,32,0,1,1,0,393,1,0
4358,32,4,0,2,0,312,1,1
26017,44,10,1,1,0,1543,0,0
11262,59,5,0,0,0,681,0,1
23027,47,7,1,1,0,1764,0,1
14304,44,1,1,1,0,476,0,0
21428,35,4,2,2,0,0,0,0
11013,58,1,1,0,0,5279,1,0
15230,29,9,1,2,0,1413,1,0
12605,25,4,2,2,0,115,0,1
39464,26,8,2,2,0,5169,1,0
31195,37,0,1,1,0,3427,0,0
3844,54,9,0,1,0,0,1,0
21639,58,4,1,2,0,3228,0,0
30661,47,1,1,1,0,1096,1,1
45077,20,8,2,1,0,88,0,0
13318,47,1,1,0,0,-406,0,1
39613,34,3,1,2,0,0,0,0
33535,42,1,1,0,0,1978,1,0
18984,48,9,1,1,0,3069,0,0
9213,32,1,1,1,0,95,1,0
34426,32,8,2,2,0,290,1,0
6020,32,9,2,1,0,4110,1,0
25077,32,7,2,1,0,48,1,1
11796,41,1,2,0,0,-206,0,0
35814,47,1,0,0,0,603,1,1
24424,42,10,1,1,0,4544,0,0
13048,60,9,0,0,0,-85,0,1
32733,32,1,1,1,0,7107,1,0
20327,32,4,1,2,0,1086,0,0
10434,46,4,2,2,0,2223,0,0
29989,33,1,1,1,0,-241,1,1
21922,34,9,1,1,0,1553,0,0
32409,40,1,1,0,0,-214,1,0
37063,28,1,2,1,1,-2,1,1
16269,41,3,1,1,0,1638,1,0
17671,43,2,1,2,1,0,0,1
33611,29,7,2,1,0,3331,1,0
44527,43,1,1,1,0,413,1,0
44921,42,9,1,1,0,2152,0,0
42310,54,9,1,1,0,0,0,0
8496,35,1,1,1,0,11,0,0
39821,34,8,2,3,0,1011,0,0
9756,34,3,1,2,0,5011,1,0
17409,39,0,1,1,1,-104,1,0
44178,68,5,0,1,0,4189,0,0
8586,35,9,0,2,0,692,1,0
9873,60,4,1,0,0,4895,0,0
6712,28,1,0,3,0,101,1,0
34056,56,4,1,2,0,746,0,0
9485,44,6,2,2,0,97,1,0
44521,42,4,1,2,0,27696,0,0
9315,39,6,0,1,1,-103,0,1
33798,29,4,2,2,0,224,1,0
8076,38,1,1,0,0,6843,0,0
13069,25,4,2,2,0,1098,1,1
39431,40,0,1,2,0,1,1,0
31289,28,9,2,1,0,6551,0,0
20536,59,6,1,3,0,59,0,0
6875,33,9,0,2,0,839,1,0
36928,60,1,1,0,0,193,1,0
8382,33,7,1,1,0,34,1,1
9183,36,0,2,3,0,1815,0,0
7400,36,7,1,1,0,0,0,0
9064,47,1,1,0,0,421,1,1
3411,41,1,1,1,0,680,1,0
6960,55,1,1,0,0,81,1,0
17659,39,1,0,1,0,150,0,0
7381,50,4,1,2,0,2488,1,0
18132,53,1,1,1,0,285,1,1
19176,33,9,0,1,0,488,0,0
9249,56,4,1,0,0,0,0,0
41655,35,4,1,2,0,611,0,0
14835,26,6,2,1,0,166,1,0
14258,35,2,1,2,0,1859,1,0
16306,33,9,1,2,0,104,0,0
37585,55,6,1,1,0,203,1,0
43665,21,8,2,1,0,130,0,0
38213,28,1,1,1,0,4,1,0
17127,37,1,1,1,0,236,0,0
33536,41,1,0,0,0,285,1,0
40845,70,5,1,3,0,4290,0,0
18866,42,4,1,2,0,255,0,0
24836,53,9,0,1,0,4856,1,0
36181,34,1,1,1,0,-10,1,0
14997,51,1,1,0,0,0,0,1
5367,28,1,2,1,0,56,1,0
14531,59,5,1,1,0,1121,1,0
37162,36,1,1,0,0,0,1,1
1650,35,1,1,1,0,503,1,1
42863,77,5,1,3,0,38,0,0
1878,56,1,1,0,0,420,1,0
10123,37,0,1,3,0,463,1,0
14166,55,9,0,2,0,2848,1,1
44803,30,9,2,2,0,0,0,0
32247,50,1,1,1,0,825,1,0
42532,32,0,2,1,0,131,1,0
34763,34,0,2,2,0,18,1,0
31700,46,9,1,1,0,138,1,0
218,46,3,1,0,0,965,0,0
34866,43,10,1,0,0,9,1,1
25553,35,4,1,2,0,3889,1,0
1275,35,4,1,2,0,1942,1,0
9842,45,1,1,1,0,2152,0,0
12611,31,1,2,1,0,-322,0,1
26704,39,6,1,1,0,31,1,0
35739,56,5,1,1,0,2330,0,0
27421,49,7,1,1,0,66,1,1
2929,60,5,1,0,0,1542,1,0
39297,40,7,1,1,0,664,1,1
5737,45,9,2,2,0,591,1,0
17708,27,1,2,1,0,36,0,1
24761,42,2,1,2,0,2249,1,0
17913,51,7,0,1,0,0,0,0
35289,41,1,1,0,0,6596,1,0
44863,33,4,2,2,0,224,0,0
21760,51,9,1,0,0,260,0,0
1562,53,6,1,1,0,468,1,0
26490,45,6,1,1,0,7,0,0
38805,44,0,1,1,0,185,1,0
13368,38,6,1,0,0,618,0,0
36368,33,4,2,2,0,48,1,0
13868,36,4,2,2,0,1013,1,0
42056,28,8,2,2,0,2306,0,0
11902,58,5,1,0,0,741,0,0
23778,41,4,2,2,0,4522,0,0
27949,28,11,2,1,0,4465,0,0
8226,44,1,1,0,0,3433,1,0
11683,56,7,1,1,0,1860,1,0
3209,47,9,1,1,0,201,1,0
32289,32,0,1,1,0,1078,1,0
34049,41,10,0,0,0,487,0,0
18440,58,3,1,2,0,2858,0,0
21996,33,9,2,1,0,163,1,0
39143,27,4,2,2,0,574,1,0
38060,28,0,1,1,0,213,1,0
4093,40,0,1,1,0,1380,1,0
27791,57,7,0,0,0,362,0,0
7028,25,1,2,1,0,579,1,0
25440,51,9,0,1,0,5964,1,0
41231,43,0,2,1,0,733,1,0
9959,35,0,1,1,0,-521,0,1
44770,37,7,2,2,0,1189,0,0
28399,46,5,1,0,0,270,1,1
31341,78,3,1,1,0,499,0,0
45080,27,8,2,1,0,1164,0,0
41511,60,5,1,1,0,0,0,0
49,29,4,2,2,0,0,1,0
16457,53,4,0,2,0,6388,1,0
28536,28,8,2,1,0,24,1,0
2930,41,1,1,3,0,1057,1,0
29455,28,7,2,1,0,387,0,0
37181,35,1,1,1,0,247,1,1
8920,36,1,1,1,0,138,1,0
40177,53,4,0,2,0,380,0,1
25000,36,4,1,2,0,871,0,0
32938,27,4,2,2,0,2821,1,0
39819,38,9,2,2,0,25,1,0
43672,42,4,1,2,0,27696,0,0
11842,55,3,1,0,0,16,0,0
38995,48,0,0,1,0,-480,0,0
20342,32,9,2,2,0,543,0,0
12347,28,0,2,1,0,-7,0,1
1710,59,4,2,1,0,181,1,0
40087,25,7,2,1,0,594,0,0
29070,28,4,2,2,0,33,0,0
24857,56,4,1,2,0,1388,0,0
40482,67,4,1,2,0,694,0,0
9544,46,0,1,0,0,595,1,0
30493,60,4,1,2,0,2281,0,0
21634,40,4,2,2,0,171,0,0
42941,45,0,1,1,0,1206,0,0
4669,35,4,2,2,0,1423,1,0
41252,18,8,2,1,0,5,0,0
37900,32,1,1,1,0,169,1,0
26309,54,4,1,2,0,2960,1,0
15891,38,7,1,1,1,-433,1,0
8667,23,1,2,1,0,4084,1,0
39217,33,1,1,1,0,18,1,0
18723,54,7,1,1,0,812,0,0
37938,31,1,1,1,0,150,1,0
18639,28,1,2,1,0,39,0,0
35977,34,0,1,1,0,471,1,0
21587,34,9,2,1,0,0,0,0
44608,57,5,1,2,0,1269,0,0
12959,43,4,1,1,0,-213,0,1
17661,52,9,1,1,0,1818,0,1
37097,31,6,2,2,0,1536,1,0
33638,46,9,1,3,0,605,1,0
13349,28,1,1,0,0,-469,1,0
2593,44,0,1,1,0,1423,1,0
39470,35,4,2,2,0,2486,1,0
89,57,5,1,1,0,486,1,0
23679,32,9,1,1,0,-300,0,0
2102,25,7,1,1,0,-454,1,0
20229,32,3,1,2,0,834,0,0
44085,46,4,0,2,0,558,0,0
4050,44,1,1,0,0,-14,1,1
19690,45,9,0,1,0,2657,0,0
42232,27,6,2,2,0,168,0,0
18125,55,6,1,0,0,2349,0,1
404,52,9,1,3,0,7,0,0
15778,57,5,1,0,0,4,0,0
7674,46,4,0,2,0,14481,1,0
25225,33,10,0,1,0,0,1,0
26731,47,4,1,2,0,437,1,0
29839,36,7,1,1,0,372,0,0
33019,35,1,1,1,0,1207,1,0
29858,47,4,1,2,0,274,0,1
21948,36,4,1,2,0,356,0,0
12774,46,1,1,1,0,4044,0,0
41151,69,3,1,0,0,1080,0,0
11477,37,9,1,3,0,47,0,0
26247,31,1,2,0,0,5972,0,0
22102,30,9,1,2,0,0,0,0
16140,35,0,2,1,0,507,1,0
8620,43,1,1,0,0,3131,1,0
27777,49,9,1,1,0,808,1,0
31900,43,4,1,3,0,275,0,0
5098,31,1,1,1,0,3298,1,0
5453,32,4,1,2,0,1522,1,0
28370,26,10,2,0,0,1213,0,0
7925,22,1,2,1,0,-189,1,0
7313,52,1,1,1,0,691,1,0
19122,51,1,1,1,0,717,0,0
15435,26,1,1,0,0,256,1,0
29801,46,1,0,0,1,-17,0,1
43045,30,0,2,2,0,41,1,0
8989,38,0,0,1,0,0,0,0
38193,40,9,1,1,0,192,1,1
11352,39,0,1,1,0,0,0,0
32615,33,7,2,1,0,48,1,0
25029,40,7,2,1,0,326,1,0
41565,28,4,1,1,0,3,1,0
19949,59,9,0,2,0,0,0,0
23551,50,7,1,1,0,1545,0,0
31514,41,7,1,3,0,1236,1,0
38666,34,0,1,1,0,-297,1,0
16988,40,1,1,1,0,0,0,0
38769,33,4,2,2,0,62,1,0
13547,39,9,2,1,0,4380,0,0
36735,35,7,1,1,0,128,1,0
18863,36,9,1,1,0,432,1,1
17559,58,4,1,2,0,1517,1,0
2319,39,1,1,1,0,130,1,0
14368,43,3,1,0,0,1491,0,0
4101,44,0,0,1,0,2,1,0
23287,55,0,1,1,0,1232,0,0
16663,35,9,2,2,0,4,1,0
25234,32,4,2,2,0,0,1,0
6254,31,7,1,1,0,-704,1,0
17791,29,7,1,1,0,19,1,0
29111,47,4,2,2,0,585,1,0
8060,50,1,1,1,0,1985,1,0
3365,44,1,1,1,0,1786,1,0
15462,34,2,1,0,0,1188,1,0
44158,22,8,2,1,0,71,0,0
43158,71,5,0,1,0,0,0,0
44790,21,8,2,3,0,1506,0,0
23438,58,4,2,2,0,21,0,0
37523,49,2,1,2,0,4976,1,0
20667,54,4,0,2,0,1037,0,0
1109,32,7,2,1,0,81,1,0
31117,54,4,1,2,0,511,0,0
21282,48,7,0,1,0,297,0,0
12546,52,3,1,2,0,51,0,0
17524,56,5,1,1,0,6114,0,0
40694,47,3,1,0,0,201,1,0
14088,58,4,2,2,0,342,0,1
21114,49,7,1,1,0,1314,0,0
34973,38,9,1,1,0,1016,1,1
34840,30,2,1,1,0,392,1,0
18966,55,9,1,1,0,445,0,0
8055,31,1,1,0,0,298,1,1
1620,52,6,2,2,0,458,1,1
8997,37,9,0,1,1,325,1,1
21588,36,10,0,2,0,734,0,0
15174,57,4,1,0,0,2538,0,1
44222,30,6,1,1,0,123,0,1
31404,48,0,0,1,0,0,1,1
26067,32,0,2,1,0,375,1,0
4108,26,9,2,2,0,75,1,1
31318,43,4,1,2,0,2987,0,0
20866,44,4,0,2,0,0,0,0
27752,38,1,0,1,0,316,1,0
11701,59,1,1,1,0,-162,1,1
18570,44,0,1,1,0,-137,0,0
44232,45,4,1,2,0,31472,0,0
24920,49,0,1,1,0,1323,1,0
29248,39,4,1,3,0,1253,0,0
9793,35,3,1,1,0,14000,0,0
38918,33,1,2,1,0,-320,0,0
35625,36,7,0,0,0,418,1,0
6324,48,4,0,2,0,108,1,0
7302,51,7,1,3,0,5801,1,0
16302,55,5,1,0,0,159,1,1
43513,30,8,2,1,0,2046,0,0
39475,28,9,2,2,0,0,1,0
34368,32,4,2,2,0,202,0,0
363,48,0,1,1,0,126,1,1
14371,47,4,0,2,0,0,0,0
7555,40,9,2,1,0,5637,1,0
30199,31,8,2,1,0,334,1,0
26792,38,4,1,1,0,96,1,0
41548,61,5,1,1,0,5207,0,0
9309,39,1,2,3,0,2841,1,0
9100,56,5,1,0,0,842,0,1
13012,31,2,0,2,0,2,0,1
279,36,6,1,2,0,19,0,0
38640,45,6,2,1,0,2762,1,0
8668,42,9,0,2,0,147,1,0
17942,55,4,1,0,0,3293,0,0
10922,42,1,1,3,0,524,0,0
25944,48,6,1,1,0,1175,1,1
11447,46,10,1,0,0,641,1,0
32877,28,3,2,2,0,19,0,0
38350,25,1,2,1,0,171,1,0
7015,32,6,1,1,0,-33,1,0
42110,33,4,2,2,0,576,0,0
8922,33,1,1,0,0,934,1,0
40849,64,4,1,1,0,1646,0,0
43115,32,4,1,2,0,302,1,1
17480,49,7,1,0,0,0,0,0
7784,45,7,2,1,0,482,1,1
11011,38,10,1,1,0,926,0,0
40322,58,4,1,2,0,6711,0,0
19132,50,1,1,0,0,604,0,0
21578,46,4,0,1,0,558,0,0
10964,57,2,1,1,0,926,0,0
24503,33,1,1,1,0,0,1,0
33153,34,4,2,2,0,8038,1,0
39264,58,4,1,0,0,76,1,0
9017,53,4,1,2,0,1619,0,0
5528,39,9,1,1,0,3643,1,0
33794,66,5,1,0,0,2883,0,0
11946,42,4,2,2,0,-56,1,0
21019,40,9,2,2,0,539,0,0
27182,38,9,2,1,0,8381,0,0
40400,61,5,1,1,0,13164,0,0
39164,35,1,0,1,0,164,1,0
4005,32,4,2,1,0,0,1,1
42216,40,4,1,2,0,9366,0,0
6992,44,9,1,1,0,398,1,0
12823,27,4,1,2,0,54,1,1
33239,39,1,1,1,0,2299,1,0
38784,30,1,1,1,0,-28,1,0
4640,44,9,0,1,0,982,1,0
43157,52,9,1,1,0,117,0,0
8432,46,1,1,0,0,596,1,0
4851,35,6,1,2,0,35368,1,0
19153,45,7,1,0,0,323,0,0
10751,31,9,1,1,0,-720,1,0
1780,35,1,1,0,0,198,1,0
43799,27,1,2,2,0,567,0,0
14051,51,9,0,1,0,550,1,0
39422,32,4,2,2,0,23,0,0
41577,50,3,1,1,0,388,0,0
20510,44,6,1,0,0,614,0,0
27589,33,0,2,1,0,1834,1,0
7889,42,9,2,1,0,1037,1,0
5406,45,4,1,2,0,-319,1,0
17366,31,4,2,1,1,20,1,0
34342,43,9,1,1,0,4056,0,0
25606,33,4,1,2,0,2441,1,1
40738,60,6,1,2,0,10861,0,0
25496,50,1,1,0,0,167,0,0
3597,43,9,2,1,0,1195,1,0
20426,31,4,2,2,0,30,0,0
6651,31,1,1,0,0,-454,1,1
32090,56,7,0,1,0,6101,0,0
11207,56,5,0,1,0,389,1,0
7338,49,2,1,0,0,3112,1,0
8631,39,1,1,0,0,766,1,0
38323,38,9,2,1,0,1270,1,1
26834,43,2,2,2,0,744,0,1
15393,27,6,2,2,1,5,0,1
22066,32,9,2,2,0,35,0,0
20073,35,9,2,2,0,0,0,0
5155,36,1,1,0,0,0,1,0
8361,36,4,2,2,0,0,1,0
17382,58,3,1,2,0,94,0,1
37886,36,1,1,1,0,1049,1,0
21685,57,5,1,1,0,-133,0,0
12549,35,7,1,1,0,1659,1,0
15990,27,0,1,1,0,-790,1,0
17128,40,4,0,2,0,96,1,0
12074,58,5,1,2,0,324,0,0
21644,46,4,1,2,0,71,1,0
39734,58,5,1,1,0,3382,0,1
35828,37,5,1,1,0,71,0,1
41658,26,8,2,1,0,132,0,0
36244,47,2,1,3,0,0,1,0
39302,28,9,2,2,0,426,0,0
42953,24,8,2,2,0,235,0,0
11831,43,0,1,1,0,672,1,0
18471,47,4,1,2,0,2597,0,0
5130,37,4,1,2,0,2205,0,0
38582,41,0,2,1,0,90,1,0
31442,23,4,2,2,0,1004,1,0
36874,43,9,1,1,0,422,1,0
7501,30,7,2,2,0,3516,1,0
44197,61,5,1,1,0,938,0,0
11839,60,11,1,0,0,4722,0,0
21127,46,1,1,0,0,1533,0,1
4614,33,1,1,1,0,10,1,1
1902,39,2,1,1,0,1261,1,0
25883,48,3,0,1,0,57,0,0
1858,41,0,1,1,0,442,1,1
11039,43,3,1,1,0,618,0,0
20464,49,11,1,1,0,1269,0,0
1444,32,1,1,0,0,289,1,0
44634,77,5,1,0,0,1492,0,0
28712,26,9,0,2,0,3154,1,1
4635,32,1,1,1,0,4996,1,0
1103,52,9,1,3,0,133,1,0
37109,44,9,1,2,0,564,1,0
37168,35,1,2,3,0,88,0,0
43559,61,3,1,0,0,848,0,0
40391,45,4,1,2,0,1529,0,0
34898,31,1,2,1,0,1979,1,1
19177,58,9,0,1,0,-123,0,0
28136,33,7,1,1,0,360,1,0
17758,52,5,1,2,0,1452,0,1
38914,25,1,2,1,0,764,1,0
40918,33,9,1,2,0,4401,0,0
42858,34,4,1,2,0,123,0,0
12798,30,4,2,2,0,0,0,0
43542,26,4,2,2,0,222,0,0
40165,35,4,1,2,0,697,0,0
5082,34,1,1,1,0,1739,1,1
3819,37,7,0,1,0,49,1,0
18387,49,7,0,3,0,313,1,0
33131,45,1,1,0,0,658,1,0
3313,42,1,1,0,0,666,1,0
38869,33,0,2,1,0,1277,1,0
27525,55,1,1,0,0,1937,1,0
23846,33,9,1,2,0,599,1,0
9054,51,7,1,1,0,540,1,0
39545,30,9,2,2,0,411,0,0
37598,37,9,2,1,0,2139,1,0
30100,32,2,2,0,0,1770,0,1
9279,55,1,1,0,0,2171,0,0
12134,41,1,2,3,0,4684,0,0
2567,45,0,1,1,0,985,1,0
3152,46,1,2,1,0,2612,1,0
16682,51,1,1,0,0,959,0,1
24496,56,4,1,2,0,935,1,0
31962,31,1,1,1,0,1406,1,1
23235,36,9,1,1,0,30,0,0
11809,48,4,1,1,0,3260,0,0
24413,45,4,0,2,0,6572,1,0
29159,46,0,1,0,0,469,1,0
33645,44,7,1,1,0,634,1,0
21287,36,4,1,2,0,324,0,0
2262,55,1,1,0,0,309,1,0
30238,30,4,1,2,0,1251,0,0
5446,43,0,0,1,0,242,1,0
45143,28,8,2,1,0,970,0,0
24342,56,5,1,1,0,450,0,0
28879,47,10,0,1,0,0,0,1
473,39,1,1,1,0,983,1,0
25272,31,4,2,2,0,874,1,0
35833,52,1,1,1,0,26,1,0
39072,26,1,2,0,0,37,1,0
9397,40,9,1,1,0,-282,1,0
31468,46,7,1,1,0,184,1,0
28313,35,6,1,2,0,1820,1,1
15139,34,7,1,1,0,9,1,0
11046,53,3,0,1,0,120,0,0
42188,63,5,0,0,0,109,0,0
34196,28,10,2,0,0,236,0,0
44379,33,8,2,3,0,2321,0,0
39101,56,0,2,1,0,791,1,0
32426,42,9,0,1,0,611,1,0
2272,46,7,1,1,0,1474,1,0
31929,40,4,2,2,0,-318,1,1
10920,45,3,1,0,1,0,0,1
3068,29,0,2,1,0,900,1,0
42815,26,4,2,2,0,592,0,0
14221,35,0,1,1,0,-203,1,0
17043,54,3,1,0,0,3304,0,1
11324,44,1,2,2,0,827,1,0
41849,27,4,1,2,0,893,0,0
13270,38,0,2,1,0,0,0,0
33644,33,9,2,1,0,641,1,1
27214,37,4,1,2,0,11,0,0
42957,58,9,1,1,0,7554,0,0
19978,51,7,1,0,0,0,0,0
18257,54,4,1,2,0,1938,1,0
28978,31,9,2,1,0,118,0,0
16378,49,10,1,2,0,2806,0,0
1587,54,10,1,1,0,23,1,0
24425,49,7,1,1,0,202,1,0
10092,46,6,1,0,0,2295,1,0
2498,48,7,0,0,0,189,1,0
21175,33,4,1,2,0,4728,0,0
21373,59,4,1,2,0,3779,0,0
42038,36,4,1,2,0,203,0,0
17348,49,1,0,0,0,73,0,1
459,35,1,1,1,0,89,1,0
15062,46,0,0,0,0,509,0,0
32100,52,4,1,2,0,1944,1,0
14688,56,4,1,0,0,17,1,0
41202,48,4,0,2,0,1010,1,0
31139,30,9,2,2,0,985,1,0
36346,25,6,2,2,0,931,1,0
22585,31,9,0,2,0,75,0,0
41333,35,9,2,2,0,7546,1,0
29535,52,2,0,2,0,199,1,1
5232,32,9,1,1,0,587,1,0
9027,37,1,1,1,0,-97,1,0
18699,35,4,1,2,0,1078,1,0
25271,41,1,0,1,0,-90,1,0
32910,43,4,1,2,0,175,1,0
35383,43,1,2,0,0,181,1,0
39871,35,9,1,1,0,2789,1,0
25833,45,6,1,1,0,3080,0,0
10294,46,4,0,1,0,270,0,0
29981,32,1,1,1,0,557,1,1
22799,37,9,1,2,0,0,1,0
18358,48,6,1,1,0,884,1,0
31282,23,4,2,2,0,1506,0,0
2101,31,1,2,1,0,2597,1,0
7262,50,7,1,0,0,1132,1,0
2768,44,1,1,1,0,0,1,0
1977,38,6,1,1,0,138,0,0
18350,37,1,1,0,0,704,1,0
10686,35,9,2,2,0,756,1,0
30577,42,9,1,2,0,1397,1,0
2222,28,9,2,1,0,34,1,0
32747,47,0,2,0,0,683,0,0
29119,29,10,2,1,0,875,0,0
376,38,0,2,1,0,393,0,0
4579,34,7,1,1,0,-93,1,1
11632,38,1,0,1,0,1686,1,0
31643,59,1,1,1,0,135,1,0
34455,45,0,1,1,0,46,1,0
19116,48,4,1,2,1,-4,0,0
25669,32,4,1,2,0,0,0,0
41137,30,1,1,1,0,136,0,0
39151,28,4,2,1,0,1609,1,0
40293,27,4,2,2,0,522,0,0
30964,48,2,1,2,0,354,1,0
22440,55,1,1,2,0,1341,0,0
35821,33,0,0,1,0,294,1,0
9819,39,1,0,1,0,2601,0,0
34795,46,4,1,2,0,16,1,0
33159,34,4,2,2,0,5452,0,0
27544,55,4,1,1,0,1928,0,0
16426,47,9,2,1,0,1101,1,0
41116,50,9,1,1,0,2218,1,0
24841,35,9,1,2,0,6,1,0
15750,28,6,2,2,0,222,0,1
5462,37,1,1,0,0,510,1,0
12370,53,5,1,0,0,0,0,1
20829,53,9,1,1,0,9146,0,0
38655,32,1,2,1,0,574,1,0
17387,49,4,1,2,0,1468,1,0
19940,30,10,1,1,0,221,0,0
27156,31,4,1,2,0,804,0,0
5128,32,7,1,1,0,255,1,1
32059,40,9,2,2,0,1175,0,0
35880,39,4,2,2,0,1143,1,0
39850,32,0,2,1,0,6981,1,0
3189,42,3,2,0,0,5774,1,0
31870,26,8,2,1,0,766,0,0
17594,26,9,2,1,0,84,1,0
9089,28,0,2,1,0,25,1,0
21167,32,6,1,2,0,1464,0,0
35130,37,1,1,1,0,-57,1,1
42670,32,9,2,2,0,471,0,0
38089,59,5,1,2,0,422,1,0
1996,43,1,2,0,0,0,0,0
1396,39,7,2,1,0,-244,1,0
35507,31,0,1,1,0,799,1,0
5425,37,7,0,1,0,239,1,0
19173,35,9,1,2,0,489,0,0
10060,48,2,1,1,0,568,0,0
17461,34,7,1,1,0,254,1,0
1950,50,1,1,0,0,89,1,0
44110,19,8,2,1,0,372,0,0
30599,30,10,2,2,0,306,0,0
19310,55,9,0,1,0,689,1,0
34966,37,1,2,0,1,21,0,0
29145,40,1,1,0,0,418,0,0
631,32,0,2,2,0,395,1,0
9328,36,7,1,1,0,1328,1,0
41483,31,4,1,2,0,155,1,0
16553,39,4,1,1,0,0,1,0
20206,59,4,1,2,0,518,0,0
4306,31,4,2,2,0,444,1,0
44919,37,1,1,3,0,444,0,0
23455,32,4,2,2,0,1134,0,0
40702,72,5,1,0,0,1612,0,0
6424,53,4,1,0,0,351,1,0
41024,30,8,2,2,0,3115,0,0
44470,28,1,2,1,0,1348,1,0
15976,52,6,1,1,0,0,1,0
41504,57,0,0,1,0,0,0,0
3273,40,1,0,1,0,793,1,0
44463,27,9,2,2,0,401,0,0
15535,47,9,1,2,0,150,1,0
31978,30,0,1,1,0,695,1,0
987,42,2,1,2,0,157,1,1
17357,34,6,1,2,0,97,1,0
36833,29,8,2,1,0,3872,1,0
38798,31,1,2,1,0,512,1,0
42228,36,1,2,1,0,3623,0,0
6777,40,0,0,1,0,-541,1,1
20133,33,9,1,2,0,8408,0,0
25274,30,7,0,1,0,0,1,1
33237,51,6,1,1,0,383,1,0
18078,60,3,1,0,0,726,0,1
25207,47,1,1,0,0,1533,0,1
5878,30,10,1,1,0,529,1,1
26663,32,4,2,1,0,3829,0,1
1857,28,1,2,1,0,7,1,1
39788,53,9,1,1,0,284,0,0
27755,43,2,0,2,0,626,1,0
23087,48,4,2,2,0,505,0,0
27477,47,9,1,1,0,912,0,0
30593,43,9,1,0,0,321,1,0
9868,47,1,1,1,0,-423,0,0
24243,45,9,1,1,0,1,1,0
38837,31,0,2,1,0,-449,1,0
21763,43,10,1,1,0,174,0,1
37741,60,1,1,1,0,1407,1,0
28804,41,10,1,2,0,0,0,0
28296,44,1,2,0,0,287,0,0
28531,30,9,1,2,0,141,0,0
30217,29,0,1,1,0,503,0,1
40979,60,5,1,1,0,523,0,0
41219,31,4,1,2,0,1251,0,0
25501,43,2,2,0,0,2124,1,0
9009,44,1,1,1,0,1910,1,0
4116,27,9,1,1,0,374,1,0
38628,36,7,2,1,0,0,1,0
22661,51,9,1,2,0,-3,0,0
34149,32,4,2,2,0,697,0,0
29346,38,9,1,1,0,581,1,0
14496,27,1,0,1,0,1,1,0
39795,52,9,1,1,0,0,1,0
22731,51,3,1,1,0,603,0,0
26283,33,0,1,1,0,7,1,0
12453,39,7,2,1,0,-106,0,0
24958,39,9,1,2,0,4313,1,0
31369,33,3,2,2,0,1107,1,0
29227,35,7,1,1,0,630,1,0
6363,36,0,0,1,0,-611,1,0
33820,24,8,2,2,0,3415,0,0
2209,37,0,2,1,0,18,0,0
3916,35,0,2,0,0,8,1,0
37013,57,5,0,1,0,-663,1,0
26696,49,10,1,2,0,-471,1,0
10420,44,4,1,2,0,677,1,0
35089,31,1,2,1,0,-457,1,0
21978,37,4,2,2,0,361,0,0
36648,37,0,0,1,0,1573,1,0
12729,34,6,1,2,0,-236,1,0
43248,69,5,1,3,0,426,0,0
34913,38,1,1,0,0,689,1,0
34634,41,0,0,2,0,-298,1,0
28429,58,10,0,0,0,414,0,0
18288,37,0,2,1,0,483,0,0
4019,31,7,1,1,0,246,1,0
22358,36,9,1,1,0,366,0,1
11875,47,0,1,1,1,-57,0,1
29476,35,0,2,1,0,0,1,0
447,50,6,1,3,0,-84,1,0
29168,55,6,0,1,0,1530,0,0
11065,42,1,1,0,0,46,1,0
35505,34,9,2,1,0,105,1,0
33318,28,1,2,2,0,1984,1,0
5084,35,1,1,0,0,1176,1,0
33764,37,9,1,1,0,0,1,0
7187,33,9,2,2,0,538,1,0
4240,34,1,1,0,0,-288,1,0
34147,33,1,2,2,0,700,0,0
29207,33,4,2,2,0,5437,0,0
34385,23,8,2,1,0,0,0,0
2242,48,3,0,0,0,26,1,0
11479,41,1,0,1,0,1,0,1
34509,26,8,2,1,0,2572,1,0
38266,28,1,2,2,0,1372,0,0
3421,41,2,0,2,0,252,0,0
34537,34,4,1,2,0,188,0,0
8290,27,9,2,1,0,1,1,0
32544,41,9,1,1,0,359,1,0
31624,38,0,1,1,0,1280,1,0
30171,27,3,2,0,0,494,0,0
3173,44,1,1,0,0,3407,1,0
22821,49,1,1,0,0,-117,0,0
29461,31,4,2,2,0,2915,0,0
997,43,1,1,0,0,61,1,0
27030,30,9,1,1,0,239,1,0
3539,53,7,1,1,0,2925,1,0
22035,40,4,1,2,0,2014,0,0
25090,36,7,1,0,0,413,1,0
12055,43,4,1,2,0,445,0,1
5091,46,4,2,2,0,-867,1,1
12469,49,3,1,0,0,935,0,1
129,55,7,1,1,0,2476,1,0
3488,48,1,1,0,0,680,1,0
25572,34,1,1,1,0,1897,1,1
19760,58,11,1,1,0,208,0,0
27834,49,4,0,1,0,613,0,1
44227,58,1,0,0,0,1299,0,0
5636,31,1,1,1,0,1495,1,1
36238,45,1,0,0,0,102,1,0
7296,49,7,1,0,0,5737,1,0
25642,35,4,1,2,0,131,1,0
19871,41,9,1,1,0,187,0,0
38062,33,1,2,1,0,-14,1,0
1161,50,1,1,0,0,362,1,0
28672,44,9,1,1,0,1139,1,0
43251,76,5,0,0,0,802,0,0
24223,55,2,1,0,0,199,0,0
763,30,6,2,2,0,800,0,0
29107,35,1,1,0,0,0,0,1
27950,28,10,2,1,0,1055,0,0
14931,39,4,1,2,1,-1586,1,1
1875,44,1,1,0,0,-11,1,0
27253,30,7,2,1,0,190,0,0
16983,46,9,1,1,0,-220,1,0
6632,36,1,2,0,0,851,1,0
2333,26,9,2,1,0,8,0,0
9841,38,9,1,1,0,6975,0,0
9684,42,4,0,2,0,0,0,0
30536,37,10,2,0,0,3777,0,0
7353,44,4,1,2,0,612,1,0
3489,33,4,0,2,0,893,1,0
24892,37,7,0,1,0,2152,1,0
13419,45,4,0,2,0,702,0,1
3400,30,9,1,2,0,-256,1,0
569,28,7,2,1,0,5090,1,0
27981,53,9,1,1,0,1357,0,0
11016,46,7,1,0,0,741,0,0
3290,47,0,1,1,0,2354,1,0
42662,81,5,0,2,0,0,0,0
2113,30,1,2,3,1,-149,1,1
30376,56,9,0,1,0,1480,1,1
30117,26,8,2,1,0,1510,0,0
10787,35,7,2,1,0,361,0,0
1111,57,9,0,1,0,2710,1,1
19522,46,9,1,1,0,4023,1,0
31311,25,4,1,2,0,4461,0,0
41723,54,11,1,3,0,895,0,0
17562,46,4,1,1,0,10,1,0
8509,33,9,1,1,0,1021,1,0
5574,32,0,2,1,0,1581,0,0
12596,39,1,1,0,0,192,0,0
9972,56,1,1,0,0,197,0,0
36104,34,9,1,1,0,1075,1,0
23957,45,9,2,2,0,2087,0,0
38320,24,8,2,1,0,2,0,0
24709,45,2,1,1,0,781,0,1
8540,26,7,2,1,0,76,1,0
1606,33,7,1,1,0,5034,1,0
3360,41,4,1,1,0,6526,0,0
43456,25,10,2,0,0,129,0,0
7032,36,1,1,1,1,-347,1,1
533,40,4,2,2,0,3877,1,0
20321,45,0,1,1,0,111,1,0
23285,42,9,1,1,0,314,0,0
36171,49,1,0,0,0,24,1,0
44495,44,2,1,2,0,121,0,0
11774,40,9,1,1,0,109,0,0
27430,32,3,2,2,0,23663,1,0
36847,35,10,1,1,0,194,1,0
42891,80,5,1,1,0,2354,0,0
8561,38,4,2,2,0,1602,1,0
40219,31,4,2,2,0,5205,0,0
33832,51,0,2,1,0,726,1,0
36167,41,6,2,2,0,428,1,0
28004,46,7,0,1,0,755,0,0
14315,48,1,1,1,0,101,0,0
31304,19,8,2,1,0,1803,0,0
40226,24,4,2,2,0,1506,0,0
33002,37,7,0,0,0,260,1,0
795,43,4,1,2,0,144,1,0
15796,49,9,1,2,0,-888,0,1
36252,42,9,1,1,0,679,1,0
16249,33,4,2,2,0,370,0,0
6951,46,0,1,1,0,1328,1,0
21501,46,4,0,2,0,134,0,0
20672,48,10,1,0,0,9622,0,0
40683,67,4,1,2,0,405,0,0
5,35,4,1,2,0,231,1,0
34755,27,0,1,1,0,710,1,1
31664,42,1,1,0,0,574,1,0
3328,26,1,1,1,0,800,1,0
10193,36,7,1,1,0,2153,0,0
30726,27,7,2,1,0,3977,0,0
31566,68,5,1,1,0,3588,0,0
33965,35,4,2,2,0,1750,1,0
32625,55,4,1,2,0,505,1,0
2019,31,4,2,2,0,6248,1,0
42980,35,9,1,2,0,7050,0,0
41166,38,0,0,1,0,407,1,1
3518,59,5,1,0,0,1423,1,0
3848,59,1,1,1,0,169,1,0
28474,31,6,1,2,0,229,0,0
2394,31,9,2,2,0,279,1,0
27941,37,4,1,1,0,857,1,0
41950,55,7,1,1,0,0,0,0
41766,34,0,1,1,0,19,1,1
4016,23,1,2,1,0,105,1,0
5550,33,1,1,1,0,-346,1,1
16275,49,6,1,2,0,206,1,0
19829,47,4,1,1,0,7,0,0
42683,37,0,2,1,0,4803,0,0
31494,37,4,2,2,0,457,1,0
20847,45,9,2,1,0,113,1,1
28618,38,9,2,1,0,211,1,0
7068,40,1,1,1,0,-428,1,0
34495,54,1,1,0,0,714,0,0
32333,27,1,1,1,0,2171,1,0
2165,29,1,1,1,0,177,1,0
7466,42,0,2,0,0,629,1,0
18557,54,7,1,1,0,-626,1,1
7601,33,1,2,1,0,-147,1,0
24257,37,4,1,2,1,0,0,0
19268,45,4,2,1,0,142,0,1
28297,53,2,1,2,0,71,0,1
21778,55,9,0,2,0,1402,0,0
25924,34,0,2,1,0,5057,1,0
17902,33,2,1,2,0,775,1,1
6142,33,9,2,1,0,810,1,0
25302,33,9,1,1,0,3572,1,0
38712,56,1,1,0,0,827,1,0
36892,41,0,1,1,0,124,1,0
23912,48,4,1,2,0,494,0,0
19376,57,9,1,2,0,624,0,0
26968,41,4,2,2,0,1982,0,0
9810,38,1,1,0,0,2569,0,0
12589,36,9,1,3,0,88,1,1
37309,34,4,1,2,0,3050,1,0
10127,43,4,1,2,0,5523,0,0
44215,48,10,1,1,0,817,0,0
1120,57,5,0,1,0,8266,1,0
25561,35,4,0,2,0,859,1,1
41811,64,5,1,2,0,2139,0,0
44466,82,5,0,0,0,0,0,0
40679,65,11,1,3,0,4717,0,0
40113,41,9,2,1,0,631,0,0
44392,48,3,2,0,0,46,0,0
41347,34,1,1,1,0,0,1,0
14274,37,1,1,0,0,689,1,0
31238,25,6,2,2,0,42,1,0
29037,45,3,0,0,0,221,0,0
44692,43,0,2,1,0,1707,1,0
22871,59,4,0,2,0,6144,1,0
30478,39,4,1,2,0,2976,0,0
44159,36,7,1,3,0,618,0,0
18430,31,7,1,3,0,-82,1,0
5702,35,1,1,0,0,-239,1,0
38127,38,4,1,1,0,10357,0,0
35085,26,1,1,1,0,0,1,0
8594,42,4,0,2,0,461,1,0
37157,33,1,1,1,0,780,1,0
2126,25,7,2,1,0,-439,1,0
22880,38,9,1,1,0,0,0,0
12761,30,7,1,1,0,-134,1,1
26997,59,4,1,2,0,7049,0,0
16383,30,1,1,1,0,521,1,0
34951,29,9,2,2,0,2203,1,0
27028,30,7,2,1,0,495,1,0
12443,59,5,1,1,1,49,0,1
33708,58,0,1,1,0,310,1,1
37256,47,1,1,0,0,-287,1,0
6120,55,9,1,1,0,150,1,1
29435,53,9,1,1,0,5797,1,0
41481,47,5,2,0,0,3033,0,0
9631,44,9,0,1,0,414,1,1
6947,31,1,1,1,0,1039,1,0
30338,36,6,2,2,0,351,0,0
11937,51,7,1,1,0,325,1,0
33785,27,7,2,1,0,955,0,0
35103,37,1,2,1,0,48,0,0
2822,42,0,0,1,0,146,1,0
2199,23,0,2,1,0,290,1,0
24981,40,1,0,1,0,701,0,0
9626,52,4,0,2,0,590,0,0
6439,22,9,2,1,0,28,1,0
11648,56,9,1,2,0,1062,0,0
31824,44,0,1,1,0,1807,1,1
31009,47,1,1,1,0,292,0,0
20625,48,4,1,1,0,286,0,0
41266,33,4,1,1,0,369,0,0
33837,46,4,1,2,0,213,0,0
22018,44,4,1,2,0,70,0,0
9322,46,4,1,2,0,625,1,0
36232,24,1,2,1,0,1,1,0
6638,31,9,2,1,0,55,0,0
20984,43,4,0,2,0,1819,0,1
30167,43,5,2,1,0,53,0,0
3048,51,1,1,0,0,111,1,0
12288,46,7,1,1,0,25,0,1
23143,48,9,2,1,0,957,0,0
32062,65,5,1,0,0,2173,0,0
29057,58,5,1,1,0,195,0,0
17471,31,1,1,0,0,48,1,0
20835,60,1,1,0,0,0,0,1
30715,50,11,2,1,0,86,0,0
44686,38,4,2,2,0,1027,1,0
2789,54,1,1,1,0,532,1,0
17850,52,4,1,2,0,1453,0,0
33324,38,6,0,1,0,0,1,0
43626,33,0,1,2,0,79,1,0
21073,30,4,2,2,0,334,0,0
1777,46,9,2,1,1,-1124,1,1
36050,45,1,1,1,0,-104,1,0
15634,33,10,1,1,0,-12,0,1
6561,28,9,2,2,0,4513,1,0
44650,32,8,2,1,0,5836,0,0
26959,49,4,1,2,0,436,0,0
8992,38,1,1,1,0,-3,0,1
33114,41,1,1,1,0,563,1,0
4465,34,9,0,1,0,3997,1,0
2428,23,1,2,0,0,2594,1,0
7284,40,9,1,1,0,2715,1,0
39760,26,4,2,2,0,1274,1,0
11336,45,4,1,2,0,-687,1,1
18102,32,0,1,1,0,167,1,0
2307,43,1,1,0,0,1401,1,0
29667,58,6,1,1,0,0,1,0
35565,32,1,1,1,0,2263,0,0
17108,45,7,1,1,0,88,1,0
35238,38,1,2,1,0,4860,1,0
43371,36,0,1,2,0,1145,1,0
2931,49,1,1,0,0,11317,1,0
30437,58,9,1,3,0,1617,1,0
13833,27,1,2,1,0,48,0,0
39261,47,7,1,1,0,49,1,0
16687,54,4,1,2,0,0,1,0
16477,27,7,1,1,0,0,1,0
33075,35,6,2,2,0,329,1,0
2558,50,10,1,1,0,3478,1,0
39563,30,4,2,2,0,938,0,0
45035,47,0,1,1,0,3676,0,0
31084,37,9,2,1,0,2442,0,0
22502,47,4,1,2,0,286,0,0
34085,35,7,1,3,0,618,0,0
42311,63,2,1,2,0,2707,0,0
36310,32,7,2,1,0,101,1,0
5024,27,9,1,1,0,2183,1,1
2306,35,1,1,0,0,-12,1,0
8877,28,4,2,2,0,-227,1,0
23918,46,4,0,1,0,-852,0,1
42900,29,4,2,2,0,308,0,0
5385,27,1,2,1,0,672,1,0
13529,57,6,1,1,0,65,0,1
17748,55,9,0,2,0,2298,1,0
23044,46,1,1,0,0,588,1,0
26954,46,1,0,0,0,219,1,0
13902,53,5,1,0,0,61,0,1
31966,45,0,2,1,0,946,1,0
39121,28,4,2,2,0,-386,1,0
31388,41,0,1,1,0,158,1,0
362,27,7,1,1,0,8,1,0
30568,35,4,1,2,0,506,1,0
16945,41,2,1,1,0,2959,1,0
37819,34,1,1,1,0,237,1,0
37542,29,0,2,1,0,65,1,0
9622,39,7,2,1,0,158,1,0
6168,31,0,2,1,0,4388,1,0
27839,58,5,1,1,0,374,1,1
40124,28,4,2,1,0,171,0,0
30452,32,0,0,1,0,2294,1,0
34609,37,1,1,0,0,-738,1,0
274,37,0,1,1,0,190,1,0
910,51,1,1,3,0,37,1,0
29453,34,0,1,1,0,-142,1,0
44828,34,4,1,2,0,3301,1,0
41101,82,5,1,1,0,276,0,0
38623,38,0,1,1,0,1852,1,0
29337,43,4,1,0,0,73,0,0
2743,52,0,2,1,0,3348,1,0
12710,52,4,1,1,0,3369,0,0
20949,31,4,1,2,0,512,1,0
1038,32,9,1,1,0,186,0,0
44963,37,1,1,1,0,1403,0,0
28507,32,9,2,3,0,317,1,0
36360,50,1,1,1,0,1400,1,0
30741,27,4,2,1,0,116,1,0
40405,41,1,1,1,0,203,0,0
33065,56,9,1,1,0,378,1,1
33761,34,4,1,2,0,0,0,0
44532,39,1,1,1,0,1382,1,0
31092,51,9,1,1,0,195,1,0
36999,31,0,2,2,0,253,1,0
28602,33,7,1,1,0,554,1,0
31655,57,9,1,1,0,1144,1,0
21647,33,4,1,2,0,808,1,0
29973,51,3,1,0,0,618,1,1
34925,32,1,2,1,1,-206,1,0
28255,30,7,2,1,0,-386,1,0
10766,45,1,1,0,0,866,0,0
40307,44,1,1,1,0,1127,0,0
30743,52,7,1,1,0,1351,1,0
17981,44,1,1,0,0,0,1,0
9251,58,0,1,1,0,1464,1,1
21949,51,9,1,1,0,-153,0,0
25202,33,0,1,2,0,99,1,1
15692,47,9,1,1,0,1981,1,0
3815,31,0,1,1,0,5,0,0
19930,33,4,2,2,0,59,1,0
12,53,9,1,1,0,6,1,0
17341,29,9,1,2,0,676,0,0
6680,29,0,2,1,0,1450,1,0
1252,43,1,1,1,0,0,1,0
10539,43,4,1,2,0,0,1,0
36416,30,0,2,2,0,0,1,0
13002,45,2,1,1,0,4688,0,0
10578,41,1,1,0,0,389,1,0
1847,29,9,2,2,0,433,1,0
6656,45,7,1,1,0,-839,1,0
13005,31,1,2,1,0,-2,0,1
12772,44,7,1,1,0,182,1,1
35910,46,7,0,1,0,355,1,0
18819,26,0,2,2,0,2053,0,0
21433,30,9,2,2,0,2832,0,0
9390,41,1,1,1,0,901,1,0
3777,30,9,1,1,0,-306,1,1
37411,26,0,2,1,0,96,1,0
20295,55,1,1,0,0,1512,0,0
12608,32,0,2,2,0,-59,0,1
20981,35,9,2,1,0,1717,0,0
7325,39,4,1,2,0,0,1,0
40746,46,0,1,1,0,0,0,1
29124,33,9,2,1,0,1327,1,0
6275,36,9,1,1,0,474,1,0
33251,34,4,2,3,0,355,1,0
21085,51,9,1,2,0,4455,0,0
13884,46,1,1,0,0,-388,1,1
14118,35,7,2,0,0,167,0,1
38625,38,4,1,2,0,676,0,0
36462,42,7,1,1,0,292,1,0
45182,34,9,1,1,0,133,0,0
9149,48,4,1,0,0,0,1,0
29514,30,2,1,1,0,1013,1,0
15396,34,4,0,2,0,1173,0,1
37792,47,6,1,2,0,3,1,0
15896,42,7,0,1,0,1043,1,0
13963,37,0,0,1,0,859,1,1
35869,42,6,0,2,0,216,1,0
2202,25,9,2,1,0,276,1,0
24303,49,4,1,2,0,17432,0,0
26956,31,2,2,2,1,-405,1,1
9685,51,5,0,2,0,126,0,1
17492,50,9,1,1,0,349,1,0
2704,33,1,0,1,0,-238,1,0
14632,28,8,1,2,0,1,0,0
2602,40,1,1,1,0,59,1,0
14883,35,1,1,1,0,975,1,0
14164,59,5,1,1,0,1250,0,1
43888,63,5,1,0,0,48,0,0
12995,57,9,1,2,0,-40,0,1
12803,31,1,2,1,0,1,0,1
11420,40,1,1,1,0,273,1,0
9648,27,9,2,2,0,1526,1,0
11242,47,1,2,3,0,2443,0,0
45204,73,5,1,1,0,2850,0,0
7515,20,8,2,2,0,2764,1,0
20449,42,4,0,2,0,1622,1,0
28914,36,1,1,1,0,937,1,0
34935,45,9,1,1,0,115,1,0
8056,42,9,1,1,0,3472,1,0
4449,36,7,1,1,0,380,1,0
36090,39,0,2,3,0,0,1,0
16800,44,1,1,0,0,658,1,0
29785,46,1,1,1,0,345,1,1
43306,38,4,1,3,0,76,0,0
21854,42,4,2,1,0,164,0,0
40466,69,7,1,3,0,23592,0,0
18484,47,4,1,2,0,2261,0,0
10435,43,4,2,2,0,5658,0,0
40039,32,1,1,1,0,889,1,0
18977,45,0,1,1,0,0,1,1
43143,63,5,1,3,0,1849,0,0
7742,27,1,1,1,0,1341,1,1
9614,57,9,0,1,0,204,0,0
18114,60,3,1,3,0,15681,0,0
13239,28,0,2,1,0,-126,0,1
16138,51,10,1,2,0,1634,1,0
30949,34,10,1,2,0,582,1,0
34515,37,7,0,1,0,726,1,0
38883,31,9,1,2,0,4575,1,0
24311,56,5,1,1,0,2749,1,1
16619,32,4,2,2,0,887,1,0
12440,39,9,1,1,0,-54,1,1
32591,39,1,2,0,0,561,1,0
15590,50,5,0,0,0,2790,0,0
16405,52,0,1,1,0,3703,1,0
13151,42,4,1,2,0,478,0,1
13232,51,7,2,3,0,415,0,0
14795,35,4,2,2,0,-353,1,0
15987,32,9,1,2,0,0,1,0
2586,53,1,1,1,0,1570,1,0
2955,40,9,2,3,0,3652,1,0
5717,36,9,0,1,0,19,1,1
29807,37,7,2,1,0,2,1,0
33592,34,1,1,0,0,15841,1,0
43728,29,9,2,2,0,865,0,0
19480,48,9,1,1,0,566,0,0
44239,29,0,2,1,0,1277,0,0
21215,32,9,2,1,0,3586,0,0
26532,52,10,1,1,0,105,0,0
14583,31,0,1,1,0,10,0,0
41108,34,9,2,1,0,1227,0,0
4186,52,2,0,2,0,81,1,0
3512,27,1,2,1,0,228,1,1
14044,38,9,2,1,0,1932,1,0
23389,46,0,1,1,0,68,1,0
9930,57,2,1,0,0,1153,1,1
18618,32,6,0,2,0,745,1,1
37826,45,1,1,1,0,1003,1,0
43355,26,4,2,2,0,1370,0,0
34080,47,9,1,2,0,2408,0,0
39499,46,11,1,0,0,0,0,0
26423,57,2,1,1,0,1888,0,0
45094,47,0,2,1,0,1693,1,0
6225,23,1,2,0,1,-627,1,1
29568,44,7,1,0,0,764,0,0
4038,31,6,2,1,0,532,1,0
31619,37,1,0,1,0,811,1,1
25129,32,4,1,2,0,1667,1,0
9448,48,10,1,0,0,5462,0,0
22228,57,0,1,3,0,1401,0,0
3595,60,0,1,1,0,1880,1,0
17903,36,7,1,1,0,0,0,0
1424,39,4,2,2,0,375,1,0
6049,33,1,1,1,0,-271,1,1
8009,40,1,1,0,0,540,1,0
36624,29,4,1,2,0,20,1,0
21581,30,4,1,2,0,0,0,0
4725,38,1,1,1,0,526,1,0
18008,55,10,1,1,0,4372,1,0
38750,57,1,1,1,0,1521,1,1
6077,34,4,1,2,0,4131,1,0
39928,33,9,0,2,0,0,1,0
19810,37,9,1,1,0,180,0,0
12311,41,1,1,0,0,381,0,0
28108,33,4,2,2,0,3770,0,0
7786,53,4,1,2,0,-601,1,0
42209,63,5,1,1,0,3579,0,0
30358,54,5,1,1,0,883,0,0
38046,33,7,1,1,0,207,1,0
9337,36,3,1,0,0,122,0,0
1824,23,8,2,1,0,151,1,0
8113,32,9,1,1,0,1242,1,0
11325,42,3,1,0,0,1371,0,0
44624,34,4,1,2,0,589,0,0
21804,58,5,1,1,0,168,0,0
32596,28,2,1,1,0,490,1,0
23525,40,4,1,2,0,1666,1,0
29868,26,7,1,1,0,44,1,1
2991,45,10,1,0,0,1292,1,0
29828,34,4,1,2,0,73,0,0
1489,34,1,1,1,0,129,1,0
18453,42,0,1,1,0,176,0,0
34683,61,5,0,1,0,0,0,0
924,32,1,1,1,0,-205,1,0
18474,38,7,1,1,0,4392,0,0
15541,36,2,1,2,0,99,1,0
23059,33,4,1,2,0,544,0,1
985,40,10,2,1,0,350,1,0
4759,37,1,2,3,0,3044,1,0
12356,34,1,1,0,0,5299,1,0
21462,35,9,1,1,0,150,0,0
24638,40,3,1,1,0,1029,1,1
40272,58,5,1,0,0,1077,0,0
21484,31,4,1,1,0,0,0,0
26078,50,6,2,1,0,0,1,0
27992,41,9,2,1,0,1508,0,1
18807,26,1,2,1,0,-32,1,1
3582,44,1,1,0,0,140,1,0
36750,39,4,2,2,0,0,1,0
36923,43,1,1,0,0,555,1,0
880,37,7,1,1,0,78,1,0
5439,26,10,1,2,0,454,1,1
33086,52,9,1,1,0,386,0,0
3772,36,4,0,2,0,1343,1,1
23374,54,6,1,3,0,204,0,0
16258,50,4,1,2,0,19,0,1
22125,32,9,2,1,0,0,0,0
21345,45,9,1,1,0,1629,0,0
5657,43,1,1,1,0,470,1,1
29299,30,0,2,1,0,3156,0,0
27262,36,0,2,1,0,0,1,1
11940,53,2,1,2,0,77,0,0
45177,36,0,0,1,0,1224,1,0
18012,46,0,0,1,0,1203,0,0
7424,39,0,1,1,1,0,0,0
23579,44,4,0,2,0,0,0,0
11063,27,1,2,1,0,370,1,0
43658,53,4,1,2,0,3634,0,0
11775,54,6,1,0,0,1463,0,0
43845,33,10,2,1,0,427,0,0
27245,47,1,1,0,0,333,1,0
2474,23,2,2,0,0,4,1,0
36950,38,1,2,0,0,12130,1,0
10359,44,10,1,1,0,1590,1,0
14194,32,7,2,1,0,0,0,1
25307,34,7,1,1,0,184,1,0
40138,57,5,1,1,0,1841,0,0
13633,33,4,1,2,0,437,1,0
9261,37,6,2,2,0,281,1,0
850,36,7,2,1,0,342,1,0
23480,43,4,1,2,0,228,0,0
27961,39,1,1,0,0,264,1,1
38181,34,9,1,1,0,580,1,0
42233,57,10,1,1,0,2299,0,0
24867,59,2,1,1,0,2429,0,1
10355,60,5,2,1,0,1625,0,0
21814,47,10,1,0,0,798,0,0
39748,38,9,2,1,0,311,1,0
32321,74,5,1,1,0,3771,0,0
5404,30,7,2,1,0,187,1,0
15520,32,9,2,1,0,2341,1,0
23434,56,6,1,1,0,1539,0,0
6635,30,7,1,3,0,280,1,1
1508,40,1,2,1,0,879,1,1
24714,50,9,1,1,0,0,1,0
14422,33,0,2,1,0,-110,0,0
23083,35,4,1,2,0,231,0,0
1037,60,1,0,1,0,1310,0,0
35039,37,0,1,2,0,828,1,0
29975,38,6,2,2,0,973,0,0
16618,41,0,1,1,0,2661,1,0
41537,26,8,2,2,0,13887,0,0
16683,34,9,1,1,0,945,1,1
20396,33,11,1,1,0,335,0,0
20613,55,1,1,1,0,388,0,0
34137,45,0,1,1,0,1435,1,0
21762,34,9,2,2,0,2671,0,0
25884,34,9,2,1,0,4943,1,1
35539,32,9,2,2,0,2626,1,1
42611,35,9,2,1,0,4645,1,0
33902,45,4,1,2,0,160,0,0
12985,53,1,1,0,0,1086,0,0
12141,39,0,0,1,0,32,0,1
35802,36,7,1,2,0,0,1,0
20718,51,1,1,0,0,1694,0,0
1085,35,0,1,0,0,136,1,0
28257,30,1,2,1,0,783,0,1
36235,29,7,2,1,0,31,1,0
36572,38,0,0,1,0,1533,1,0
24497,33,0,1,2,0,585,1,0
34699,29,4,2,2,0,2799,1,0
22730,59,9,1,1,0,283,0,0
282,54,9,1,2,0,258,0,0
32194,51,10,1,2,0,1801,0,0
41196,24,8,2,1,0,228,0,0
4794,38,7,1,1,0,-224,1,1
4305,57,5,1,1,0,919,1,1
22903,59,1,1,0,0,0,0,0
31658,32,9,2,2,0,948,1,0
16681,49,7,1,1,0,86,1,1
951,51,9,1,1,0,220,1,0
40140,21,8,2,1,0,794,0,0
27546,34,7,1,1,0,1637,1,0
13733,44,1,1,0,0,-237,1,0
34758,36,7,1,1,0,0,1,0
523,29,4,2,2,0,0,1,0
37850,54,5,0,2,0,2682,1,0
34538,27,2,2,1,0,376,1,1
42803,26,9,2,1,0,2002,0,0
37501,32,1,1,1,0,335,1,0
25493,33,4,2,2,0,102,1,1
3023,60,1,1,1,0,751,1,0
43013,36,9,1,2,0,341,0,0
25056,44,1,1,1,0,2455,1,0
22094,33,9,2,2,0,213,0,0
39031,38,7,0,1,0,49,1,0
29584,30,0,2,1,0,72,0,0
35580,44,4,0,2,0,0,1,0
29992,30,9,2,1,0,865,0,0
21206,46,4,1,2,0,3,0,0
30668,37,0,2,1,0,310,0,1
5212,35,1,2,1,0,773,1,0
16652,51,6,1,1,0,921,0,0
34717,36,1,1,1,0,0,1,0
1450,32,7,2,1,0,459,1,0
35867,36,1,1,1,0,535,1,0
7225,52,4,1,2,0,1177,1,0
6732,27,1,2,1,0,1401,1,0
23284,35,9,1,1,0,-1459,1,0
24008,45,9,1,1,0,183,0,0
24150,31,4,1,2,0,163,1,1
15413,31,0,2,1,0,622,0,0
13742,53,9,1,1,0,768,1,0
34189,27,8,2,3,0,1444,0,0
41128,70,4,1,2,0,10171,0,0
40306,29,7,2,1,0,2800,0,0
24336,40,4,1,2,0,5010,0,0
22241,46,4,1,2,1,549,0,0
40299,37,9,1,3,0,189,0,0
32746,43,1,0,1,0,-447,1,0
1331,46,9,1,2,0,675,1,0
40369,26,10,2,1,0,771,0,0
306,54,4,1,2,0,313,1,0
28592,37,9,1,1,0,1120,1,0
26272,38,0,1,1,0,76,0,0
35429,32,1,2,0,0,216,1,0
678,31,4,2,1,0,783,1,0
11457,41,10,0,1,0,271,1,0
8726,33,7,1,1,0,39,1,0
15517,29,0,2,1,0,788,1,0
5514,33,1,1,1,0,463,1,0
20636,42,9,1,2,0,250,0,1
5852,35,1,1,0,0,690,1,0
1372,43,4,2,2,0,2067,1,0
39048,33,1,2,1,0,-38,1,0
36723,49,2,1,1,0,89,1,0
32198,59,4,0,2,0,893,1,0
21227,35,9,1,1,0,-1041,1,1
2783,52,4,1,2,0,258,0,0
37105,35,1,1,1,0,233,1,0
20765,33,4,2,2,0,2302,1,0
38531,34,1,0,0,0,390,1,0
29895,32,0,2,1,0,678,1,0
42725,27,0,2,2,0,689,0,0
8693,41,9,1,1,0,3,1,1
13185,51,5,1,1,0,35,0,1
42612,67,5,1,0,0,1430,0,0
18467,46,1,0,3,0,2391,1,0
116,41,0,1,1,0,351,1,0
681,40,7,0,1,0,105,1,0
9799,50,7,1,1,0,1595,0,0
5509,36,1,2,0,0,4519,1,0
32820,24,1,1,1,0,-220,1,0
22320,41,9,1,1,0,1344,0,0
24934,37,6,0,2,1,353,1,1
14436,29,0,1,1,0,97,1,0
9050,56,4,0,2,0,41,0,0
889,47,4,0,2,0,447,0,1
39080,32,0,1,1,0,3540,1,0
40636,45,0,1,1,0,153,0,0
18461,36,9,0,2,0,1023,1,0
40417,40,4,1,2,0,2763,1,0
24700,38,7,1,1,0,18,1,1
6242,57,4,2,2,0,33,1,0
12108,43,4,2,1,0,2968,0,0
43727,48,9,0,1,0,-63,0,1
8170,34,4,1,2,0,986,1,0
15412,53,4,0,0,0,-17,1,1
27116,51,3,0,1,0,330,0,0
34050,34,6,2,2,0,5462,0,0
28702,27,4,2,2,0,625,0,0
43043,47,10,2,2,0,44,0,0
10688,37,2,1,2,0,264,1,1
42890,21,8,2,1,0,210,0,0
5081,26,7,2,1,0,186,1,0
8195,31,1,1,1,0,1529,1,0
40055,42,4,1,2,0,2665,1,0
4227,48,1,1,0,0,456,1,1
31190,41,4,1,1,0,280,1,0
17323,32,9,2,2,0,849,1,0
6606,34,4,2,2,0,2570,0,0
1135,28,4,1,2,0,3,1,0
31786,34,8,2,2,0,3404,1,0
29494,34,9,1,1,0,883,0,0
38646,37,1,1,0,0,-137,1,0
43040,23,8,2,1,0,431,0,0
2397,47,5,1,0,1,-13,0,0
19437,44,9,1,1,0,339,1,1
40160,23,8,2,1,0,9216,0,0
26324,30,7,0,1,0,341,1,0
28568,31,2,1,1,0,15,0,1
35291,32,1,1,0,0,-145,1,1
24435,42,9,1,2,0,14282,1,0
29003,50,7,1,1,0,545,0,0
35549,59,5,1,1,0,417,1,0
16396,47,3,1,0,0,0,0,1
77,55,7,0,1,0,91,0,0
43853,28,1,2,1,0,75,0,0
20541,34,9,1,1,0,-136,1,1
28776,26,0,2,1,0,187,0,0
11364,41,7,1,1,0,7509,0,0
18526,46,2,1,3,0,4,0,1
18696,42,6,1,1,0,0,0,0
38315,38,1,1,0,0,1099,1,0
25339,53,6,1,2,0,337,1,1
24556,44,4,1,2,0,1451,1,0
26743,58,1,0,0,0,2716,0,0
3989,44,9,0,1,0,399,1,0
21239,40,4,1,2,0,193,0,0
19357,59,1,1,0,0,638,0,0
17883,41,4,1,2,0,15,1,0
39115,21,8,2,2,0,2764,1,0
22634,45,9,2,1,0,11,0,0
2392,34,1,2,0,0,505,1,0
9812,49,5,2,0,0,505,0,0
22754,49,9,1,1,0,626,1,0
3645,39,6,1,2,0,-176,1,0
37866,47,1,2,0,0,133,1,0
31063,45,9,1,1,0,2403,0,0
5742,47,9,2,3,0,-213,1,0
30398,36,4,1,2,0,0,1,0
25084,43,9,1,1,0,17655,1,0
42837,29,0,2,2,0,514,0,0
36450,31,9,2,1,0,2377,1,0
1647,31,9,2,2,0,22,1,0
26346,34,1,2,1,0,79,0,1
35621,40,0,0,3,0,64,1,0
20928,36,4,1,2,0,396,0,0
28654,39,4,2,2,0,313,0,1
40073,40,7,1,1,0,17,0,0
32105,86,5,1,0,0,0,0,0
20409,59,4,1,2,0,37,0,0
32311,47,2,1,1,0,1375,1,0
9515,29,1,2,0,0,213,1,0
41883,46,3,2,0,0,10889,0,0
20889,47,1,1,1,0,1303,0,0
29016,37,0,0,1,0,506,1,0
22687,48,4,2,2,0,830,0,0
2490,46,1,2,0,0,355,1,0
33469,37,1,1,1,0,3884,1,0
3005,47,7,0,1,0,4906,1,0
18963,56,1,1,1,0,302,0,1
1839,26,9,2,1,0,57,1,0
6905,47,0,0,1,0,-480,0,0
19042,42,4,1,2,0,721,0,1
7756,49,4,0,2,0,-2049,1,0
22869,47,1,1,0,0,259,0,0
19938,35,2,1,2,0,2723,1,1
34456,30,7,1,1,0,-111,1,0
35622,43,1,1,1,0,232,1,0
41477,24,10,2,1,0,2696,0,0
28723,32,1,1,1,0,578,1,0
41056,36,4,1,0,0,1506,0,0
37671,34,1,1,1,0,2436,1,0
31617,34,9,2,1,0,2729,1,0
3593,53,0,1,1,0,1739,1,0
29418,26,7,2,2,0,2803,0,0
14966,32,6,1,1,0,-1668,1,1
44804,32,8,2,3,0,0,0,0
18479,44,1,1,1,0,96,1,0
30007,33,9,1,1,0,889,1,0
13666,33,1,1,0,0,-191,1,1
26279,35,7,2,1,0,5551,1,0
9521,39,9,2,1,0,201,0,1
31209,62,11,1,1,0,367,0,0
35699,34,4,2,2,0,220,1,0
39838,36,4,1,2,0,387,0,0
37602,41,1,1,3,0,2361,0,0
36268,50,0,1,1,0,326,1,0
6127,33,9,0,1,0,-119,1,0
17316,27,6,1,2,0,0,0,1
39629,25,8,2,1,0,304,0,0
36931,25,8,2,1,0,14657,1,0
7656,54,1,0,1,0,154,1,0
31263,19,8,2,3,0,27,0,0
32507,30,1,2,0,0,459,1,0
31835,41,1,1,1,0,1521,1,0
44933,33,6,1,2,0,1278,0,0
43393,84,5,1,1,0,81204,0,0
24023,51,1,1,0,0,-27,0,0
37656,43,1,1,1,0,117,1,0
26827,35,4,1,2,0,0,1,0
17270,53,2,1,2,0,1129,0,1
31000,32,4,2,2,0,19985,0,0
32394,44,7,0,1,0,35,1,0
42363,38,9,1,1,0,6728,0,0
25038,55,4,1,2,0,16786,0,0
18613,38,1,1,0,0,0,1,0
28140,60,9,1,1,0,2041,0,0
6251,54,1,1,0,0,3170,1,0
36628,38,7,1,1,0,1616,1,0
41216,47,4,1,2,0,0,0,1
22848,36,4,2,2,0,1841,1,0
27904,57,1,1,1,0,1316,0,0
12221,56,5,1,2,0,5769,0,0
40557,49,4,2,2,0,151,1,0
22625,57,3,1,3,0,0,0,0
974,31,10,1,1,0,-825,1,0
40135,26,7,2,1,0,2158,1,1
35800,37,4,1,2,0,6815,1,0
12411,52,4,1,0,0,798,1,0
27279,32,7,1,1,0,1397,1,0
26515,38,2,1,1,0,868,0,0
38711,59,1,1,1,0,437,1,0
29623,27,1,2,0,0,1,0,0
40751,33,4,1,2,0,22867,1,0
41627,42,4,0,2,0,238,0,0
7939,41,1,1,0,0,0,1,0
34798,34,1,1,3,0,41,1,0
44734,77,5,1,0,0,1385,0,0
19416,46,9,0,1,0,225,0,0
4706,36,1,1,1,0,362,1,0
28165,34,4,1,2,0,557,1,0
4076,40,1,2,3,0,-154,1,1
257,30,9,2,1,0,2573,1,0
38669,46,7,1,1,0,-119,1,0
249,51,7,1,1,0,2248,1,0
14259,36,0,2,1,0,0,1,0
31493,52,7,1,1,0,2070,0,0
20980,36,4,1,1,0,3,0,0
37677,40,10,1,1,0,270,1,0
23547,32,4,1,2,0,0,0,0
26958,30,2,2,0,0,2816,1,0
42156,33,4,2,2,0,5276,0,0
8567,43,1,0,0,0,25,1,0
26711,42,1,1,1,0,3396,1,1
5297,33,9,0,2,0,-386,1,0
34343,29,1,2,1,0,369,1,0
21929,47,3,1,1,0,0,0,0
33036,47,1,1,1,0,1388,1,0
34454,36,1,2,1,0,206,1,0
44425,48,3,2,0,0,46,0,0
12265,42,6,0,2,0,360,1,0
20403,30,4,2,2,0,115,0,0
45047,69,5,0,1,0,4189,0,0
29639,52,5,1,1,0,411,1,0
19134,38,9,1,2,0,202,0,0
29910,59,10,1,1,0,729,0,0
32960,34,4,2,2,0,-444,1,1
6184,28,4,2,2,0,939,1,0
4852,33,7,2,1,0,189,0,0
38096,29,1,2,1,0,555,1,0
20325,40,6,1,2,0,271,1,0
11659,50,5,1,0,0,29,0,0
16670,38,10,1,1,0,0,0,0
3006,35,4,2,2,0,592,0,1
4272,24,1,2,3,0,76,1,0
30626,34,0,1,2,0,37,0,0
35708,58,9,1,1,0,950,1,0
30245,31,9,2,2,0,1109,0,0
24753,44,4,1,2,0,756,1,0
10645,50,1,1,3,0,0,0,0
6355,34,1,1,1,0,763,1,0
17515,35,4,0,2,0,366,1,0
18183,29,1,1,1,0,1175,1,1
23215,38,9,1,1,0,258,0,0
36054,34,2,1,0,0,0,1,0
26573,51,9,0,1,0,7928,1,0
8127,32,9,0,1,0,-399,1,0
42441,80,5,1,1,0,462,0,0
4899,25,7,2,1,0,-268,1,0
42495,53,0,1,1,0,1796,0,0
34616,53,0,0,1,0,0,1,0
14158,55,7,1,1,0,642,1,0
29205,27,8,2,1,0,1625,0,0
35901,39,7,1,1,0,800,1,0
16785,37,0,1,1,0,3226,1,1
42518,51,1,1,1,0,955,0,1
19769,36,4,1,2,0,162,1,0
9941,41,9,1,1,0,90,0,0
35241,40,2,1,2,0,-164,0,0
42544,35,4,2,2,0,538,0,0
18960,47,9,2,1,0,600,0,1
25987,32,4,2,2,0,2515,0,1
40655,80,5,1,0,0,1548,0,0
28599,31,7,1,1,0,0,1,0
43488,36,4,1,2,0,-115,1,0
28751,42,0,0,1,0,936,0,0
12979,40,4,0,1,0,-626,1,0
15055,42,0,2,2,0,168,1,0
17083,42,1,2,0,0,1628,1,0
36096,29,0,2,2,0,200,1,0
31702,47,10,1,1,0,817,0,0
42072,37,4,1,2,0,7974,1,0
20555,54,4,1,2,0,1146,1,0
13067,52,2,1,2,1,-468,0,0
32294,40,1,1,0,0,887,1,0
2162,31,1,1,1,0,297,1,0
15363,29,6,1,2,0,1,0,0
32132,26,9,1,1,0,744,0,0
16673,41,1,1,1,1,720,0,1
42052,32,10,2,2,0,685,1,0
28159,37,10,1,1,0,86,0,0
32516,44,1,1,1,0,788,1,0
39870,34,6,1,2,0,2427,0,0
41770,67,4,0,2,0,361,0,0
43492,21,8,2,1,0,546,0,0
40969,50,7,1,1,0,3169,0,0
10335,49,4,1,2,0,-470,1,0
15888,38,3,1,2,0,1437,1,0
15203,29,4,1,2,0,900,0,0
15960,40,7,1,1,0,1305,0,0
5197,37,4,1,2,0,412,1,0
33691,37,1,0,1,0,0,1,0
7336,35,0,0,1,0,869,1,0
20864,31,4,2,2,0,6413,0,0
2100,33,1,0,1,0,75,1,1
34090,51,4,2,2,0,5341,0,0
25292,53,6,1,1,0,1066,1,0
43984,37,0,0,1,0,450,1,1
37048,31,1,2,1,0,397,1,0
38551,43,1,1,1,0,5997,1,0
39891,36,1,1,1,0,79,1,1
18207,40,4,2,2,0,89,1,0
14278,29,1,1,1,0,64,1,1
12839,26,1,2,1,0,123,0,1
15674,28,6,2,2,0,0,1,0
37427,45,4,1,2,0,54,1,0
40323,32,7,1,1,0,689,1,1
27493,40,0,2,1,0,1200,1,0
8229,34,9,1,0,0,926,1,1
18648,44,1,0,1,0,3258,0,0
10792,60,4,1,0,0,0,0,0
21579,32,4,1,2,0,644,0,0
33085,32,7,2,1,0,659,1,0
38009,56,1,1,0,0,309,1,0
26215,41,4,2,2,0,195,0,0
22464,33,9,2,1,0,80,0,0
38577,25,1,2,1,0,381,1,0
34398,35,4,2,2,0,62,1,0
980,42,1,1,0,0,803,1,0
1913,43,9,2,1,0,336,1,0
37438,46,1,1,0,0,5461,1,0
19898,31,9,2,2,0,2744,1,0
37676,37,0,0,1,0,0,1,1
31020,40,1,1,1,0,5060,0,0
7977,48,7,1,0,1,-583,1,0
33713,26,8,2,2,0,1134,0,0
38682,40,0,0,1,0,952,1,0
5237,31,9,2,2,0,1710,1,0
9761,59,5,1,3,0,1491,0,0
22166,36,0,2,1,0,8,0,0
28864,35,1,1,1,0,210,1,0
21825,44,9,1,1,0,331,1,0
42423,38,7,1,1,0,5000,0,0
44078,32,1,2,1,0,1029,0,0
6359,29,6,1,1,0,-76,1,0
28287,44,6,1,1,0,-264,1,0
19315,30,4,1,2,0,1119,0,0
5157,44,5,1,0,0,779,1,0
29410,34,0,0,1,0,66,0,0
39790,43,4,1,2,0,1059,0,1
5526,35,1,1,1,0,-461,0,0
4260,60,9,1,3,0,148,1,0
20715,57,3,1,0,0,0,0,0
19115,32,9,1,1,0,524,0,0
31901,47,0,1,1,0,0,0,0
18671,49,4,1,2,0,403,0,0
15184,38,1,2,1,0,2707,1,0
32319,45,4,0,1,0,1144,1,0
35942,38,0,1,1,0,981,1,1
25632,32,0,2,1,0,10218,1,0
18620,39,2,1,2,0,0,0,0
2571,55,5,1,1,0,708,1,0
30735,27,7,2,2,0,691,0,1
40068,39,0,2,2,0,22086,0,0
37041,33,1,1,0,0,41,1,0
22885,31,4,1,2,0,166,0,0
24292,51,9,1,2,0,0,0,0
38763,48,7,0,1,0,142,1,0
43630,28,4,2,2,0,437,0,0
29098,53,9,1,1,0,7984,1,0
9167,48,9,1,3,0,460,0,0
38356,35,10,0,2,0,8903,1,0
20487,30,4,2,2,0,478,0,0
11273,37,1,1,1,0,523,0,0
33244,36,4,1,2,0,139,1,0
23462,60,1,1,0,0,1138,1,0
1834,33,7,1,2,0,546,1,1
37265,52,1,1,1,0,1117,1,0
24633,50,9,0,1,0,-403,0,1
11208,51,11,1,3,0,167,0,0
41755,73,5,0,1,0,7111,1,0
36185,43,1,0,1,0,898,1,0
4410,37,4,1,2,0,425,1,0
10778,55,9,1,0,0,1498,0,1
35574,52,4,1,2,0,0,1,1
30021,42,9,1,1,0,234,0,0
44746,84,5,1,2,0,4761,0,0
18708,59,9,1,3,0,1471,0,0
42451,34,4,1,2,0,250,0,0
8546,45,1,1,0,0,147,1,0
33417,28,1,2,1,0,1735,1,0
14063,31,2,1,2,0,0,1,1
1327,37,7,1,1,0,237,1,0
7214,40,9,2,0,0,340,1,0
31768,57,1,1,0,0,5949,1,0
41062,36,1,0,1,0,2843,0,0
20565,38,9,1,2,0,940,0,0
40815,61,5,1,2,0,2557,1,0
30018,37,9,1,1,1,-143,1,0
22190,54,6,1,1,0,77,0,0
10614,51,4,2,1,0,1610,1,0
5757,32,1,1,1,0,358,0,0
10150,35,7,1,1,0,2135,0,0
50,54,1,1,1,0,1291,1,0
45138,30,9,2,1,0,500,1,0
8129,42,1,1,1,0,-755,1,1
38443,40,0,1,1,0,438,1,0
36801,47,0,1,1,0,663,1,1
16720,51,4,1,0,0,33,1,0
22455,49,3,1,1,0,211,0,0
31212,45,0,1,1,0,129,1,0
35392,51,9,1,1,0,-1944,1,0
477,31,4,2,1,0,301,1,0
12211,30,4,1,2,0,-250,1,0
17972,27,6,2,1,0,152,0,0
27428,41,4,1,0,0,102,1,1
9547,50,9,1,1,0,3503,1,0
24509,55,5,1,1,0,1504,1,1
45058,36,9,1,2,0,521,0,0
15876,45,4,0,2,0,54,0,1
35253,36,4,2,2,0,-679,1,1
37076,33,7,1,1,0,56,1,0
30566,26,7,1,1,0,116,0,0
34487,29,0,2,1,0,0,1,0
8719,33,4,1,2,0,1165,1,0
27126,57,7,1,1,0,6,0,0
30366,40,1,1,1,0,632,0,0
36491,40,9,0,1,0,16,1,0
11599,35,4,2,2,0,250,0,0
6798,39,1,1,3,0,638,1,1
36419,25,8,2,0,0,373,1,0
2002,35,4,2,2,0,123,1,0
14182,40,0,2,1,0,-186,1,1
20366,37,9,1,1,0,5287,1,1
43130,61,4,1,2,0,87,1,0
4165,28,1,1,1,0,1827,1,0
44553,48,9,2,1,0,434,0,0
8085,31,2,2,2,0,247,1,1
12884,51,7,1,1,0,867,1,0
17030,49,3,1,1,0,183,0,0
21162,37,9,1,1,0,588,1,0
7329,35,4,1,1,0,1,1,0
4382,34,1,1,0,0,183,1,0
1484,32,10,2,2,0,336,1,0
42533,59,5,1,0,0,2074,0,0
19986,33,4,1,2,0,2907,0,0
11230,48,0,1,1,0,17957,0,0
15120,42,4,1,2,0,4,1,0
2730,44,1,2,1,0,633,1,0
998,49,7,1,1,0,1377,1,0
20753,50,4,1,2,0,109,1,0
9669,58,1,1,0,0,9200,0,0
36986,39,1,1,0,0,481,0,0
3704,41,1,1,3,0,732,1,0
32623,39,1,1,0,0,394,1,0
3929,21,0,2,1,0,325,1,0
12551,48,4,2,2,0,31,0,1
25599,42,1,1,1,0,-430,1,0
1035,52,1,0,0,0,196,1,0
33249,42,0,1,1,0,0,1,0
34344,38,0,1,1,0,47,1,0
40156,59,3,1,1,0,0,0,0
27851,59,10,1,1,0,309,0,0
12731,37,2,1,2,0,555,0,0
44146,65,5,0,1,0,828,0,0
32207,32,6,2,1,0,202,1,0
40320,29,4,2,2,0,1675,0,0
11330,37,1,1,0,0,1104,0,0
8410,28,1,1,1,0,0,1,1
18174,46,9,1,2,0,16,0,0
1884,32,1,2,1,0,2,0,0
16288,38,2,0,2,0,1690,0,0
41590,29,4,2,3,0,345,0,0
34635,27,4,2,2,0,218,1,0
37632,32,1,1,1,0,1914,1,0
12721,41,9,1,1,0,923,1,0
3850,40,1,1,1,0,2073,1,0
19800,57,1,1,3,0,1463,0,0
21744,33,9,1,1,0,0,0,0
29142,59,1,1,0,0,0,0,0
38057,43,4,1,2,0,536,1,0
14308,39,9,2,1,0,287,1,0
8272,38,3,2,1,0,113,1,0
44465,37,4,1,1,0,565,0,0
32378,41,0,2,1,0,669,1,0
12009,45,4,1,2,0,655,0,0
21380,31,4,2,2,0,41,1,0
11759,47,6,1,2,0,1917,0,0
19564,42,4,2,2,0,100,0,0
19119,42,9,1,2,0,921,0,0
44738,80,5,1,1,0,8304,0,0
35914,39,0,1,1,0,170,1,0
43702,28,9,2,1,0,2335,0,0
37349,30,8,2,2,0,228,1,0
14603,53,5,1,1,0,1278,1,0
26332,40,2,1,2,0,70,0,0
12603,36,0,1,1,0,75,1,0
7736,51,4,0,2,0,1267,1,0
28144,55,9,1,1,0,955,1,0
16621,29,2,0,2,0,444,0,0
40766,71,5,1,0,0,10394,0,0
2964,56,1,1,1,0,881,1,0
5668,59,5,1,1,0,0,0,1
20072,46,1,1,1,0,438,0,0
22882,30,4,2,2,0,420,0,0
15048,30,7,1,1,0,1286,1,1
44317,27,9,2,1,0,204,0,0
18710,36,1,1,0,0,856,1,0
26161,41,1,0,1,0,927,1,0
34677,39,1,2,1,0,519,1,1
10516,45,4,1,2,0,1493,0,0
19104,60,0,1,1,0,0,0,0
12598,30,9,2,1,0,656,0,1
43655,35,4,1,2,0,62,0,0
19607,45,1,1,1,0,9680,0,0
15298,43,4,1,2,0,1050,1,1
15268,52,3,1,0,0,994,0,0
325,55,4,2,2,0,115,0,0
41403,32,4,1,2,0,1270,0,0
15570,44,2,1,1,0,242,0,1
43014,27,0,2,1,0,255,0,0
33274,46,9,1,1,0,329,1,0
23420,48,4,1,2,0,0,0,0
38594,40,1,1,1,0,5,1,0
4236,40,7,2,1,0,464,1,1
23306,45,9,1,1,0,34,0,0
43605,45,0,1,1,0,205,0,0
15213,41,9,1,1,0,-508,1,1
39667,26,4,2,2,0,155,1,0
10610,37,4,2,2,0,400,1,0
2396,20,1,2,1,0,129,1,1
18441,43,9,2,1,1,685,1,0
42426,31,0,1,1,0,389,1,0
13978,37,4,2,2,0,159,0,1
24632,38,9,2,1,0,1255,1,0
36672,37,3,1,2,0,166,1,0
17537,28,4,2,1,0,-513,0,1
38042,41,1,0,1,0,174,1,0
43517,31,3,2,0,0,26965,0,0
4336,54,1,1,1,0,233,1,0
20027,43,9,1,2,0,591,1,0
6358,26,7,0,0,0,633,1,0
8819,28,4,2,2,0,191,1,0
25391,46,4,2,1,1,177,0,0
29020,42,1,1,0,0,199,1,0
24766,34,4,2,2,0,26575,0,0
7888,36,1,1,1,0,0,1,0
28692,26,7,2,1,0,49,0,0
15199,42,2,2,0,0,388,0,1
32264,31,4,2,2,0,816,1,0
28539,27,7,1,1,0,1,0,0
33877,47,9,1,1,0,1167,1,0
8550,35,1,1,3,0,56,1,0
30847,53,1,0,0,0,559,0,0
37112,32,7,1,1,0,99,1,0
44127,74,5,1,0,0,5539,0,0
20029,31,9,1,1,0,367,1,0
44976,62,5,1,1,0,2917,0,0
2308,41,2,1,2,0,171,1,0
40621,78,5,1,1,0,220,0,0
38103,34,7,2,1,0,2,1,0
41913,53,3,1,0,0,2581,0,0
11234,32,4,2,2,0,7419,1,0
30410,33,4,1,2,0,184,0,0
44899,77,5,1,2,0,0,0,0
22935,37,6,1,1,0,111,0,0
6791,52,2,1,0,0,8298,1,1
35634,34,10,1,1,0,1243,1,1
3387,33,9,0,0,0,20,1,0
26107,49,4,1,2,0,0,0,0
3418,60,7,1,3,0,132,1,0
42187,42,4,1,2,0,2816,0,0
10480,41,4,0,2,0,1401,0,0
451,40,7,1,1,0,71,0,0
38076,33,1,1,1,0,686,1,1
3369,55,0,1,1,0,1105,1,1
26836,53,9,1,1,0,3398,0,1
43671,78,5,0,1,0,3417,0,0
33871,28,0,2,1,0,377,0,0
6084,40,1,2,1,0,0,1,0
37037,32,7,2,1,0,481,1,0
5080,39,1,1,1,0,5853,1,0
28459,30,0,2,1,0,1009,1,0
44185,30,4,2,2,0,232,0,0
42356,33,4,1,2,0,334,0,0
31528,48,0,0,1,0,4099,0,0
17941,48,10,2,0,0,63,0,0
2835,58,5,1,1,0,-172,1,0
14733,46,2,1,2,0,406,1,0
21877,51,10,1,1,0,107,0,0
13734,38,7,1,2,0,-49,1,0
3787,36,9,1,2,0,183,1,0
28731,27,8,2,1,0,1566,0,0
38002,53,6,1,0,0,862,1,0
14999,43,4,1,0,0,1880,1,0
24618,38,4,2,2,0,11971,1,0
4444,36,1,1,1,0,7579,1,0
42319,35,9,1,2,0,3160,1,0
28705,29,2,2,1,0,404,0,0
28792,33,7,0,1,0,1194,1,0
41473,31,4,2,2,0,924,0,0
37607,32,9,2,2,0,13711,1,0
1586,26,4,2,2,0,498,1,0
30079,55,9,1,0,0,818,1,0
44760,28,8,2,2,0,5741,0,0
10140,42,6,1,2,0,1202,0,0
13344,56,1,1,1,0,339,0,0
11278,38,1,2,1,0,519,1,1
42723,36,4,1,2,0,203,0,0
15450,49,0,1,0,0,246,1,0
20722,32,9,1,1,0,-413,1,0
24756,37,1,1,1,0,723,1,0
13314,35,5,1,0,0,329,0,1
38217,32,9,2,2,0,388,1,0
14764,48,7,1,1,0,300,0,1
41751,25,9,2,1,0,139,0,1
45007,29,0,1,2,0,167,1,1
19298,53,1,1,0,0,1138,1,0
20546,57,4,0,1,0,396,0,0
29925,60,1,1,1,0,414,0,0
43905,29,1,2,1,0,322,0,0
19037,59,3,1,0,0,100,0,0
3078,44,0,1,0,0,248,1,0
11847,39,2,0,2,1,-251,0,0
41475,45,4,2,2,0,1411,0,0
7572,28,1,0,0,0,410,1,0
13016,27,1,1,0,0,52,0,1
5339,39,4,1,2,0,12,1,0
10554,44,10,2,0,0,4232,0,0
36076,37,1,2,1,0,9306,1,0
41881,30,0,2,1,0,648,0,0
13294,60,4,1,2,0,0,1,0
744,45,1,1,3,0,248,1,0
41177,36,0,2,1,0,5871,0,0
28149,32,9,1,2,0,0,1,1
13603,38,1,1,0,0,-257,1,1
7304,43,9,1,1,0,5342,1,0
5170,34,1,1,0,0,336,1,0
41484,70,5,0,1,0,0,0,0
28771,31,4,1,2,0,1384,1,0
17018,44,7,1,1,0,483,1,0
27366,49,0,0,1,0,6512,0,0
13175,53,7,0,0,0,0,0,1
41478,59,4,1,2,0,315,0,0
18588,39,1,1,1,0,98,0,0
22274,39,4,1,2,0,1363,0,0
31544,57,4,1,2,0,1631,1,0
3741,49,9,1,1,0,1269,1,0
11578,48,6,1,0,0,3062,0,0
42666,49,9,1,0,0,1569,0,0
3270,44,1,1,0,0,2467,1,0
44701,84,5,0,0,0,1680,0,0
3256,44,2,1,0,0,276,1,1
21027,36,9,2,2,0,306,0,0
29912,33,9,1,1,0,575,0,1
346,45,9,1,1,0,44,1,0
26788,36,1,1,1,0,655,0,0
5658,47,7,1,1,0,4063,1,1
22534,34,4,2,2,0,1336,0,0
11926,40,7,1,0,0,258,0,0
6698,22,1,1,1,0,391,1,1
43241,38,8,2,3,0,444,0,0
41000,28,9,2,1,0,113,0,0
19612,45,2,1,2,0,169,0,0
26549,43,4,1,2,0,1646,1,0
44671,32,4,1,2,0,6138,0,0
13795,36,2,1,0,0,3352,0,0
44188,47,0,1,1,0,3676,0,0
25616,45,4,1,2,0,80,0,1
26392,53,0,1,1,0,8892,1,0
462,43,1,1,1,0,-509,1,0
19280,55,5,1,0,0,628,0,1
17391,46,0,1,1,0,711,0,1
19774,55,5,1,0,0,2325,1,1
36588,33,2,1,2,0,12,1,0
39714,25,0,2,2,0,760,1,0
6034,32,1,2,1,0,70,1,0
39650,25,0,1,2,0,906,0,0
27637,58,2,1,1,0,0,0,1
41285,35,9,2,2,0,992,1,0
1029,41,1,1,1,0,108,1,1
38221,44,1,1,0,0,362,1,0
30570,54,6,1,2,0,542,0,0
36647,39,1,1,0,0,476,1,0
29770,35,4,2,2,0,134,0,0
41884,47,7,2,3,0,1784,0,0
27989,58,4,1,2,0,37,0,0
35302,54,9,1,1,0,6,1,0
12695,43,9,1,1,1,-313,0,1
39881,50,9,1,1,0,3370,0,0
22846,44,4,1,2,0,792,0,0
26429,52,1,1,1,0,4269,1,1
7941,55,4,1,2,0,1267,1,0
5341,34,3,2,1,0,1408,1,0
41379,62,5,1,1,0,816,0,0
29261,75,5,0,0,0,46,0,0
36371,39,9,1,1,0,626,1,0
15550,51,3,1,1,0,1752,0,1
31836,39,7,1,1,0,702,1,0
8171,50,9,1,1,0,0,1,0
22912,38,4,1,2,0,93,1,0
19960,41,4,1,2,0,3353,0,0
43244,59,10,1,1,0,957,0,0
20288,39,4,1,1,0,215,0,0
21421,49,1,1,0,0,418,0,0
3071,48,0,1,1,0,6532,1,0
22756,33,10,2,1,0,0,1,1
39498,31,0,2,1,0,8626,0,0
32091,53,1,1,0,0,1311,0,0
41509,35,4,1,2,0,2161,0,0
8460,37,1,1,1,0,67,0,0
30087,46,1,1,0,0,580,1,0
36597,32,9,1,1,0,-410,1,1
19550,33,9,1,1,0,83,0,0
43899,50,0,1,1,0,2971,0,0
20328,51,9,2,1,0,8538,1,0
20075,51,1,1,0,0,440,0,0
2838,42,1,1,1,0,902,1,0
30629,31,1,1,1,0,492,1,0
36574,36,1,2,1,0,168,1,0
37843,38,4,1,2,0,89,1,0
4606,37,2,1,2,0,4798,1,0
18793,36,1,1,1,0,1550,0,0
6432,38,4,1,1,0,0,1,0
41878,37,4,2,2,0,254,0,0
4549,36,9,0,1,0,566,1,0
33478,43,6,1,1,0,5564,0,0
28666,36,7,1,1,0,1053,1,0
11332,53,2,1,0,0,-257,1,1
8489,27,4,2,1,0,178,1,0
41624,44,4,1,2,0,1036,0,0
28612,33,4,2,2,0,-53,0,0
13974,27,8,2,1,0,106,1,0
33017,74,5,1,1,0,921,0,0
15515,36,4,1,2,0,0,1,1
35744,38,0,0,1,0,859,1,1
7534,50,9,1,2,0,11804,1,0
2673,48,9,1,1,0,4265,1,0
87,41,9,1,1,0,1270,1,0
15131,26,9,2,1,0,603,0,1
6641,37,9,1,1,0,-254,1,1
45085,25,9,2,1,0,325,0,0
26259,43,0,1,3,0,1998,1,0
18765,46,4,0,2,0,4917,1,1
26905,41,9,1,1,0,190,0,0
44468,45,0,1,1,0,476,0,0
12201,45,9,2,2,0,302,1,0
28755,55,1,1,3,0,23,0,0
26204,53,2,1,3,0,7,0,0
25650,56,5,2,2,0,352,0,0
3013,48,9,1,1,0,638,1,0
18579,50,4,2,2,0,6030,1,0
25822,52,2,0,2,0,3975,0,0
8876,41,7,1,1,0,241,1,1
3186,42,10,1,0,0,259,1,0
22375,38,4,1,2,0,546,0,0
17523,26,1,2,0,1,344,0,1
10139,49,2,1,2,0,384,0,0
5901,49,0,0,1,0,283,1,0
8101,37,9,1,1,0,410,1,1
35327,33,9,1,1,0,399,1,0
31500,45,4,1,2,0,753,1,0
20783,50,9,0,1,0,0,0,0
21739,57,5,1,1,0,81,0,0
36386,37,4,1,2,0,0,1,0
22127,56,9,1,2,0,73,0,0
1034,41,1,2,1,0,277,1,0
11736,40,2,0,2,0,224,0,0
10966,35,2,2,2,0,-49,0,0
29546,28,1,2,1,0,2700,0,0
24809,35,9,2,2,0,172,1,1
13123,25,9,2,1,0,218,0,1
34678,52,9,1,1,0,221,1,0
15564,26,1,2,1,0,49,0,0
22137,33,3,1,0,0,167,0,0
8766,29,0,1,1,0,708,1,0
44938,47,3,2,2,0,3232,0,0
13585,52,4,1,2,0,-1112,1,0
30388,29,6,1,2,0,476,0,1
26559,33,1,1,1,0,53,0,0
34838,29,0,1,1,0,2,1,0
20836,40,9,1,1,0,95,0,0
5498,34,1,2,1,0,128,1,0
4363,52,1,1,1,0,2231,1,1
19572,38,9,2,2,0,369,0,0
40487,34,9,1,1,0,-74,1,0
14342,54,4,1,1,0,1987,0,0
16913,46,4,2,2,0,502,0,0
38493,35,9,2,1,0,1501,1,0
38847,32,4,2,2,0,347,1,0
30858,37,2,1,1,0,1290,0,0
25558,59,1,1,1,0,16869,0,0
30619,44,9,2,1,0,196,1,0
40115,27,4,2,2,0,587,0,0
17919,54,1,1,1,0,898,0,0
23673,33,4,2,2,0,755,1,0
22379,50,0,1,1,0,-195,0,0
8987,51,4,0,2,0,119,0,0
19114,33,4,0,2,0,2885,0,0
44120,50,11,1,3,0,558,0,0
3687,27,8,2,2,0,66,1,0
24671,41,4,1,1,0,3018,1,0
21657,57,4,1,2,0,929,0,0
33262,70,5,1,1,0,2575,0,0
28951,45,1,1,1,0,196,1,0
44522,58,4,1,1,0,2155,0,1
7490,47,7,1,1,0,795,1,0
26142,40,1,1,1,0,6767,1,0
42516,32,0,1,1,0,35,0,0
28027,28,9,2,2,0,102,0,0
34638,41,4,1,2,0,326,1,0
24121,28,4,2,2,0,1335,0,1
34535,29,9,2,1,1,-368,1,0
4266,45,4,1,2,0,1540,1,0
41587,50,4,1,2,0,1612,0,0
35442,25,8,2,2,0,0,1,0
21218,31,4,2,2,0,4247,0,0
23560,55,5,1,1,0,185,0,0
7717,42,2,1,2,0,287,1,1
9745,58,3,1,0,0,2348,0,0
44950,32,8,2,1,0,1102,0,0
41710,37,4,2,1,0,793,0,0
42477,58,4,1,2,0,256,0,0
44006,48,4,2,2,0,86,0,0
9670,39,9,2,1,0,1963,1,0
21396,53,7,1,1,0,4994,0,0
33155,31,1,2,0,0,71,1,0
42069,56,5,1,0,0,1947,0,0
30170,27,1,1,1,0,245,1,0
73,55,1,1,0,0,23,1,0
22243,33,9,2,2,0,8097,0,1
27266,41,7,1,1,0,1445,0,0
41160,63,5,1,1,0,1612,0,0
40773,23,8,2,2,0,1592,0,0
2856,60,9,1,1,0,2639,1,0
41532,32,1,1,1,0,889,1,0
39818,30,6,2,2,0,3343,0,0
34958,41,9,2,1,0,2242,1,0
17545,53,1,1,3,0,5624,0,0
29872,29,9,0,1,0,328,1,1
8973,48,0,1,1,0,395,0,0
16688,35,1,1,1,0,1290,1,0
24387,31,0,1,2,0,1144,1,1
44891,55,7,0,1,0,0,0,0
31576,41,4,0,2,0,902,1,0
13567,35,1,2,1,0,113,0,0
3160,20,8,2,2,0,79,1,0
6730,28,1,1,0,0,115,1,0
18746,35,7,1,1,0,-12,0,0
43213,73,5,2,1,0,1050,0,0
36060,34,7,0,1,0,1826,1,0
17266,39,1,1,0,0,643,0,1
20453,58,5,1,1,0,7560,0,0
5654,52,0,0,1,0,0,1,0
6319,60,9,1,2,0,1626,1,1
34665,31,9,0,1,0,345,1,0
5733,40,4,1,2,0,655,1,0
30810,52,2,0,2,0,1089,0,1
2948,32,1,2,1,0,2285,1,0
40182,57,4,1,2,0,256,0,0
3587,56,1,1,0,0,690,1,0
34367,57,9,1,2,0,1103,0,0
20001,40,4,1,2,0,1468,0,0
1380,32,4,2,2,0,3,1,0
36370,38,2,1,2,0,946,1,0
13190,35,1,1,0,0,46,0,0
11450,57,0,2,1,0,5768,1,0
20149,32,4,0,2,0,787,1,0
43300,75,5,0,0,0,852,0,0
30664,45,6,1,2,0,1265,1,0
7722,34,1,1,0,0,275,1,0
9115,53,10,0,1,0,1242,0,0
12771,42,4,1,3,0,6573,1,0
28024,56,9,2,2,0,-528,0,0
8497,37,9,2,1,0,466,1,0
2759,58,1,1,3,0,4871,1,0
44325,53,9,1,2,0,2557,0,0
32995,35,1,1,1,0,913,1,0
24113,43,6,1,0,0,0,1,0
39412,26,8,2,1,0,620,0,0
6596,52,0,2,1,0,1964,0,1
41458,33,9,1,1,0,2147,0,0
32981,24,1,1,1,0,204,1,1
8782,29,1,1,1,0,296,1,0
35608,39,1,2,1,0,0,1,0
25186,40,4,1,2,0,11,1,0
15598,28,0,1,1,0,503,0,1
7463,31,7,2,1,0,203,1,0
26450,50,1,1,0,0,2590,1,0
41066,62,4,1,2,0,557,0,0
2872,47,1,1,1,0,2775,0,0
13555,56,1,1,0,1,-160,0,0
2519,52,4,1,3,0,2240,1,0
25670,32,9,1,1,0,599,0,0
37474,45,9,0,1,0,809,1,0
60,32,0,1,2,0,0,1,0
36264,57,7,1,1,0,5486,1,0
28973,38,1,1,1,0,757,1,0
425,43,4,1,1,0,375,1,0
38783,54,6,0,0,0,4382,1,0
4971,37,6,1,2,0,2084,1,0
16055,50,0,0,1,0,175,0,0
35529,28,0,2,1,0,-181,1,1
10604,55,2,0,2,0,461,1,1
1800,34,1,1,0,0,139,1,0
22363,34,9,1,2,0,149,0,0
32827,32,1,1,0,0,391,1,0
20241,47,1,1,0,0,4040,0,0
29959,48,1,1,1,0,7408,0,1
20161,36,4,2,2,0,0,0,0
6505,28,4,1,2,0,318,1,0
38921,24,1,2,1,0,174,1,1
9540,37,4,1,2,0,1698,1,0
9168,38,7,2,2,0,1222,1,0
38433,32,1,1,0,0,2198,0,0
5845,29,9,2,2,0,1185,1,0
25210,31,1,2,1,0,530,0,1
2677,42,7,1,1,0,693,1,0
21040,42,9,2,2,0,171,0,0
8462,58,7,1,0,0,943,1,0
28050,45,7,1,1,0,-33,0,0
9518,50,1,1,1,0,464,0,1
37293,30,7,0,1,0,341,1,0
8250,30,1,1,1,0,171,1,0
35893,28,7,2,1,0,430,1,0
43664,62,4,1,2,0,1456,0,0
7433,34,9,0,1,0,-276,1,0
23061,47,1,1,1,0,581,1,0
16540,56,4,1,3,0,0,0,0
36206,51,4,2,2,1,-55,1,0
31925,41,1,1,0,0,3658,1,0
38645,41,4,1,2,0,30,1,0
18303,45,1,1,0,0,-60,0,0
14224,36,1,1,1,0,-318,1,0
2829,33,9,2,1,0,261,1,0
28629,28,0,2,1,0,775,0,0
1952,32,1,1,1,0,150,1,0
24463,32,4,2,2,0,0,1,1
10742,45,4,1,2,0,1847,0,0
15101,58,7,1,1,0,553,0,1
39878,49,9,0,2,0,1807,1,0
29444,32,7,1,1,0,414,1,0
23273,56,1,1,1,0,605,0,1
14072,53,4,1,2,0,-670,0,1
35525,37,10,2,1,0,490,1,1
39731,29,7,1,1,0,3748,0,0
44648,28,7,1,1,0,4,1,0
12233,45,10,1,1,0,736,0,0
11947,24,10,2,2,0,39,1,0
25861,32,6,2,2,0,444,0,0
42414,31,8,2,3,0,988,0,0
34356,34,4,1,2,0,201,0,0
23352,58,6,1,2,0,0,0,0
9319,35,3,2,1,0,1015,1,0
18988,33,9,1,1,0,-89,0,1
44793,35,1,1,1,0,262,0,0
43484,24,4,2,2,0,736,1,0
1456,35,1,1,1,0,25,1,0
40824,42,9,1,1,0,994,1,0
1049,52,9,2,1,0,-181,1,0
11665,49,1,0,0,0,912,0,0
38822,32,9,2,1,0,483,1,1
24504,46,4,1,2,0,9678,1,0
24521,45,6,1,2,0,0,1,0
16925,30,0,2,1,0,-635,0,0
24135,48,4,0,2,0,15,0,0
19398,46,9,1,1,0,363,1,0
32258,35,0,2,1,0,-101,1,0
11639,58,2,1,3,0,2445,0,0
23946,54,1,1,1,0,466,0,0
6986,24,7,2,2,0,1385,1,0
34809,40,4,0,2,0,69,1,0
11829,52,1,1,1,0,1500,0,1
12845,40,4,1,2,0,0,0,0
32347,30,0,2,1,0,818,1,1
14135,29,7,2,1,0,0,1,0
23138,52,1,1,0,0,382,0,1
33978,57,5,1,2,0,478,0,0
44025,47,0,1,1,0,0,0,1
21389,49,1,1,1,0,1350,0,0
1164,30,7,1,1,0,442,1,0
10252,29,0,2,1,0,171,1,0
17731,44,9,1,0,0,4389,0,0
35676,41,4,1,2,0,-4,1,0
33241,48,7,1,0,0,0,1,0
26339,52,2,1,1,0,0,0,1
12244,60,6,1,1,0,17339,0,0
27847,46,4,1,3,0,638,1,0
33460,33,4,2,2,0,6807,0,0
5302,31,6,2,2,0,14692,1,0
44349,45,4,2,2,0,4831,0,0
12691,43,4,2,2,0,47,1,0
4500,34,7,2,1,0,8132,1,0
24628,50,4,1,2,0,463,0,1
42600,70,5,1,0,0,2795,0,0
20710,52,1,1,0,0,2488,0,0
32455,44,1,0,0,0,75,1,0
32008,35,1,1,2,0,5271,1,0
26487,34,4,0,2,0,13204,1,1
31299,28,9,2,2,0,3623,0,0
39283,51,7,1,0,0,636,1,1
24371,53,0,1,1,0,1661,1,1
37764,26,9,2,2,0,468,1,0
406,58,5,1,2,0,0,0,0
17089,49,1,1,0,0,1644,1,0
19191,52,4,1,2,0,499,0,0
9032,37,7,1,1,0,2132,0,0
25845,46,10,0,1,0,3354,1,0
11312,37,1,2,0,0,12130,1,0
43111,40,4,2,2,0,0,1,0
22790,59,5,1,3,0,0,0,0
37327,37,1,1,1,0,513,1,0
4908,33,9,1,1,0,1630,1,0
20974,32,10,1,2,0,394,1,0
2734,42,1,0,0,0,419,1,1
31314,59,10,1,1,0,0,0,0
27177,31,4,1,2,0,4148,1,0
16794,51,4,2,2,0,1565,1,0
37120,39,4,0,2,0,36,0,1
23137,59,6,1,0,0,745,0,0
762,57,9,1,1,0,402,1,0
23300,39,4,0,2,0,81,1,1
44846,41,9,1,1,0,1819,0,0
25604,32,10,2,2,0,1611,1,0
22180,30,4,1,2,0,562,0,0
42129,36,4,2,2,0,62,1,0
9187,39,7,2,1,0,117,1,0
2175,29,7,2,1,0,-72,1,0
9433,59,3,0,0,0,3180,0,0
5228,33,0,2,1,0,1221,1,0
13544,54,1,0,0,0,-182,0,0
36883,48,1,1,1,0,525,1,0
10602,36,1,2,1,0,2962,1,1
25327,33,1,1,1,0,328,1,0
25735,34,1,1,1,0,8309,1,1
39384,39,9,1,1,0,2266,0,0
24881,32,2,1,2,0,0,1,1
38833,23,0,1,1,0,349,1,0
38386,32,1,1,1,0,99,1,0
38668,37,1,1,0,0,2120,1,0
10131,38,1,1,1,0,361,1,0
41704,44,4,1,3,0,282,0,0
19594,45,9,1,2,0,970,0,0
37106,38,1,1,0,0,1852,1,0
16972,52,5,1,1,0,5423,0,1
22668,37,6,1,1,0,119,0,0
34165,32,9,2,2,0,1246,1,0
33728,44,9,2,3,0,509,0,0
24290,49,2,1,1,0,2655,0,0
33935,27,0,2,2,0,662,0,0
8711,57,0,0,1,0,-461,1,1
7454,29,4,1,2,0,1366,1,0
45141,77,11,1,3,0,397,0,0
9769,40,1,2,0,0,397,0,0
11125,37,1,1,0,0,704,0,0
29520,43,9,1,2,0,0,0,0
1595,43,1,1,1,0,1376,1,0
22637,58,7,1,1,0,818,0,0
3753,27,7,1,1,0,15,1,0
20559,38,9,2,2,0,508,1,1
14945,32,0,2,1,0,116,0,1
43652,51,9,1,2,0,0,0,0
20948,40,4,1,2,0,8902,1,0
111,46,9,0,1,0,79,0,0
4597,32,1,1,0,0,8291,0,0
31825,48,0,2,1,0,1234,1,0
11827,50,3,1,0,0,1098,0,0
31340,56,4,1,1,0,1928,0,0
15924,43,4,0,2,0,-496,1,1
43070,52,7,1,1,0,961,0,1
36536,34,2,1,0,0,7279,1,0
8959,25,1,0,1,0,720,1,0
23199,37,9,1,2,0,143,0,0
3879,51,1,1,0,0,1194,1,0
10912,37,1,1,1,0,647,1,0
13458,52,1,1,3,0,0,1,0
1786,33,1,1,0,0,134,1,0
43662,80,5,1,0,0,594,0,0
1391,30,7,1,1,0,1801,1,0
39930,54,0,2,1,0,189,0,0
23925,34,4,2,1,0,194,0,0
6217,29,0,2,2,0,2904,1,0
35896,36,1,1,1,0,0,1,0
13893,50,0,1,1,0,-130,1,0
6072,35,1,1,0,0,77,1,0
1479,30,7,1,1,0,80,1,0
3331,50,2,1,0,0,461,1,0
1767,32,1,1,1,1,-1,1,0
15825,57,5,2,1,0,-609,0,1
9380,26,9,2,1,0,639,1,0
42417,28,8,2,3,0,78,0,0
4607,34,9,2,1,0,85,1,0
13551,50,4,1,1,0,1457,0,1
19996,55,4,1,2,0,223,0,0
28523,30,7,2,1,0,334,0,0
24415,45,4,1,1,0,4425,0,0
44874,36,10,1,1,0,17458,0,0
34855,40,1,1,1,0,1012,1,0
18459,47,3,1,1,1,-1531,1,0
4237,51,7,1,1,0,2085,1,0
22608,47,1,1,0,0,0,0,0
27303,43,4,1,2,0,13851,1,0
38226,38,0,2,3,0,0,1,0
18282,43,0,1,1,0,352,0,1
27580,42,4,0,1,0,764,0,1
35576,37,1,1,1,0,-158,1,1
24369,42,4,2,2,0,328,1,1
4275,40,1,1,1,0,-365,1,0
30672,55,4,0,1,0,698,1,1
41454,72,5,1,1,0,6253,0,0
36414,46,1,0,0,0,916,1,0
35219,36,4,2,2,0,260,1,0
6738,47,1,1,1,0,480,1,0
7298,51,1,0,0,0,-413,1,0
11111,42,11,2,2,0,2918,0,0
20702,55,3,1,0,0,0,0,0
13537,45,0,1,1,0,335,0,0
26441,55,9,1,1,0,361,1,1
35955,40,1,1,1,0,498,1,0
31819,33,4,2,2,0,318,1,0
26872,33,7,1,1,0,2918,0,1
535,45,1,0,1,0,756,1,0
9520,38,1,1,1,0,3598,0,0
37551,35,1,2,0,0,1284,1,0
18948,46,0,1,1,0,2533,0,0
7191,45,10,0,1,0,3354,1,0
21336,48,1,1,0,0,199,0,0
41238,32,0,1,2,0,227,0,0
6877,44,1,1,1,0,-73,1,0
29329,31,4,0,2,0,0,0,0
1040,56,1,1,0,0,862,1,1
29047,54,7,1,1,0,514,1,0
26769,52,3,1,1,0,234,0,0
39666,60,5,0,1,0,1923,0,0
2545,37,2,0,1,0,175,1,1
6573,56,0,1,1,0,292,1,0
40367,78,5,0,2,0,1016,0,0
10980,49,0,1,1,0,652,0,1
6932,45,7,1,1,0,-36,1,1
1658,32,3,1,0,0,344,1,0
9748,44,0,1,1,0,1497,0,0
17999,56,4,1,2,0,247,0,0
6804,33,1,1,1,0,7063,1,0
18646,40,0,1,1,0,1412,0,0
42825,77,5,1,2,0,7802,0,0
26916,52,4,1,2,0,4173,0,1
29635,33,0,2,1,0,289,0,0
3532,36,1,2,0,0,263,1,0
13565,42,1,1,1,0,380,1,0
21065,45,0,1,1,0,0,0,0
15331,31,8,2,2,0,117,1,0
37613,34,1,1,0,0,-204,1,0
29258,31,4,2,1,0,783,1,0
23501,56,5,1,0,0,556,1,0
16057,52,1,1,1,0,5275,0,1
15584,32,4,1,2,0,-360,1,0
11559,46,3,0,0,0,148,0,0
40050,30,4,2,2,0,596,0,0
1801,29,7,2,1,0,262,1,0
14861,47,7,0,1,0,28,1,0
8251,28,1,1,0,0,-511,1,0
33470,35,1,2,1,0,398,1,0
1923,29,0,2,1,0,356,1,0
32233,52,0,1,1,0,979,1,0
14785,51,5,1,0,0,34,1,0
4123,57,4,1,2,0,5431,1,0
12775,27,1,2,1,0,77,0,1
12579,54,5,1,1,0,-488,0,1
4264,45,1,1,1,0,42,1,0
20901,41,9,2,2,0,5389,0,0
35417,33,1,1,1,0,478,1,0
582,55,7,0,0,0,2298,1,0
36047,41,1,1,1,0,-217,1,0
26316,51,1,1,0,0,0,0,0
29413,36,7,2,1,0,528,0,0
34469,33,4,1,2,0,0,1,0
6093,54,4,1,2,0,1353,1,0
19626,48,9,2,1,0,309,0,0
38330,39,4,1,0,0,197,1,0
715,41,0,0,1,0,322,1,0
24555,43,0,1,1,0,2576,1,0
3592,45,9,1,1,0,-237,1,1
35485,50,1,1,0,0,162,1,0
28317,31,1,1,1,0,360,1,1
25183,45,4,1,2,0,0,0,0
31762,38,1,1,1,0,6994,1,0
18033,42,1,1,3,0,-406,1,0
43089,27,11,2,3,0,326,0,0
17843,49,7,0,1,0,933,0,1
4822,38,9,0,2,1,-530,1,0
19965,33,4,1,2,0,2374,1,1
7426,47,0,1,1,0,869,1,0
41187,59,4,1,2,0,1978,1,0
6948,34,4,1,2,0,-304,1,0
37641,36,4,1,2,0,242,1,0
11422,39,1,0,1,0,37,0,1
144,59,1,1,1,0,57,1,0
28647,34,9,1,1,0,1137,0,0
43506,38,1,0,1,0,0,1,0
16473,45,0,1,1,0,524,1,0
22139,47,4,2,2,0,0,0,0
27081,33,1,2,1,0,5739,1,1
6547,33,1,1,0,0,2615,1,0
44836,33,1,1,0,0,-195,0,0
37712,29,4,2,2,0,21,1,0
28389,27,7,1,3,0,-209,1,1
32896,29,1,1,1,0,602,1,1
2747,48,2,1,3,0,2550,1,0
10955,40,1,1,0,0,-616,1,0
18523,46,1,1,0,0,333,1,0
27333,40,1,1,0,0,-616,1,0
19274,52,1,1,0,0,1364,1,0
13720,57,4,1,2,0,1410,1,0
41268,64,3,1,0,0,67,0,0
3706,36,7,1,1,0,208,1,0
426,39,7,1,1,0,1142,1,0
3974,45,6,1,1,0,1113,1,0
11894,36,1,2,0,0,79,0,0
17698,49,6,1,2,0,7254,0,0
40592,50,0,0,1,0,769,0,0
34405,55,1,1,1,0,233,1,0
22859,31,9,2,2,0,1051,0,0
25999,49,10,1,0,0,126,1,0
22639,51,10,1,1,0,234,0,0
14827,28,1,1,0,0,0,1,0
24057,34,1,0,1,0,882,0,1
42969,47,0,1,1,0,0,0,1
7854,44,9,1,1,0,596,1,0
11917,34,1,1,0,0,0,1,1
14783,56,1,1,0,0,563,0,0
33374,43,1,1,1,0,314,1,1
16510,28,7,2,1,1,-7,0,1
44719,28,4,2,2,0,890,1,0
12629,32,9,2,1,0,-28,0,1
10739,40,0,1,1,0,0,0,0
22297,33,9,2,2,0,255,0,0
27673,51,9,1,1,0,2937,0,0
32280,37,4,2,3,0,504,1,0
40545,34,9,2,2,0,783,0,0
16693,28,9,2,1,0,1241,0,0
34020,30,9,2,1,0,4684,1,0
30320,30,10,2,1,0,40,0,0
2517,44,0,1,1,0,1362,1,0
8104,41,1,1,1,0,114,1,0
40436,58,3,0,1,0,0,0,0
32866,35,1,1,3,0,520,1,0
21882,32,4,1,1,0,0,0,0
39976,39,0,1,1,0,150,0,0
34548,41,4,1,1,0,6,0,0
2378,22,7,2,1,0,279,1,0
27819,32,10,2,1,0,71,0,0
24537,32,4,1,2,0,6274,1,0
27531,56,1,0,1,0,9898,1,0
37706,28,0,0,1,0,-504,1,1
13089,28,10,1,1,0,455,0,0
13764,56,4,0,2,0,3885,1,0
37885,37,4,0,1,0,1287,1,0
29666,48,9,1,2,0,2,0,0
25040,40,9,2,1,0,159,1,0
34971,36,1,2,1,0,111,1,0
1990,53,4,1,2,0,913,1,0
41687,26,4,2,2,0,170,0,0
7954,35,1,2,2,0,573,0,0
25087,58,9,2,1,0,8600,1,0
31581,28,9,2,2,0,172,1,1
8801,30,1,1,1,0,578,1,1
2443,58,9,1,1,0,7495,1,0
12640,31,1,2,1,0,-27,0,0
44750,28,4,1,2,0,12,1,0
24252,49,7,1,1,0,0,1,0
43965,64,5,0,0,0,109,0,0
29527,52,7,1,0,0,3016,1,1
7231,39,9,0,1,0,1270,1,0
37566,42,1,1,0,0,325,1,0
25889,34,3,1,2,0,4958,1,0
33931,42,9,1,2,0,757,0,0
27517,31,2,2,1,0,0,1,0
16979,54,4,2,2,0,3294,1,0
36614,43,0,1,1,0,323,1,1
34593,45,0,2,1,0,-11,1,0
16462,56,4,1,2,0,94,0,0
41388,24,9,2,1,0,1298,0,0
39252,24,1,2,0,0,174,1,0
31709,29,6,2,2,0,1457,1,0
6486,26,1,1,1,0,557,1,1
35555,46,9,0,1,0,-154,1,0
42024,67,5,1,0,0,2,0,0
9225,41,6,1,1,0,20,0,0
24249,49,7,1,1,0,1114,0,0
22232,47,1,1,0,0,468,0,0
22488,47,3,0,1,0,26,0,0
42944,40,4,1,2,0,1855,0,0
18998,40,9,0,1,0,348,1,0
32698,30,0,2,1,0,69,1,0
35023,37,4,2,2,0,509,1,0
29711,55,1,1,0,0,781,1,0
28549,36,4,0,2,0,425,1,1
44581,37,4,2,2,0,688,0,0
5705,44,9,0,1,0,1262,1,0
45062,58,5,1,0,0,742,0,0
43920,31,4,2,2,0,938,0,0
24050,52,9,1,1,0,5303,1,0
13753,60,1,1,1,0,721,0,0
42248,77,5,0,1,0,3417,0,0
20347,31,4,1,2,0,3739,0,0
30232,31,1,2,1,0,26,0,0
5648,38,9,2,1,0,283,1,0
31678,42,1,1,1,0,349,1,0
25628,49,7,1,3,0,1990,1,0
44887,49,4,1,2,0,1167,1,1
36118,42,7,1,1,0,174,1,0
45040,34,9,1,1,0,159,1,0
4051,47,1,2,1,0,15,1,0
37808,44,3,1,0,0,1342,1,1
34555,48,0,0,1,0,-513,1,0
23485,34,10,1,2,0,473,0,0
8379,46,9,1,1,0,231,1,0
41991,30,4,2,2,0,398,0,0
21264,50,4,1,2,0,569,0,1
35182,56,0,2,1,0,1854,1,0
26152,35,4,1,2,0,867,1,0
14971,48,2,1,1,0,151,0,0
40295,24,0,2,2,0,106,0,1
22677,36,4,1,2,0,3874,0,0
18223,59,1,1,0,0,-209,0,0
18265,45,4,0,1,0,51,1,0
7834,27,9,2,1,0,430,1,1
5982,58,1,1,1,0,343,1,0
30187,37,4,0,2,0,132,1,0
43640,46,1,1,1,0,640,1,0
8088,30,1,1,0,0,4,1,0
10636,35,0,1,1,0,5270,0,0
15277,31,7,1,1,0,1670,0,0
30402,27,4,2,2,0,0,1,0
13337,26,1,2,0,0,16,0,1
40707,26,4,2,2,0,390,0,0
44363,33,4,1,2,0,643,0,0
18823,58,0,1,1,0,6878,0,0
18970,43,4,1,2,0,3529,1,0
21360,56,0,0,1,0,985,0,1
42479,54,4,0,2,0,380,0,1
38235,43,7,1,1,0,-1,1,0
6579,30,10,2,1,1,-770,1,0
9758,49,4,0,0,0,49,0,0
24048,32,4,1,2,0,9214,0,1
18950,32,9,1,1,0,12,1,1
30229,27,0,2,1,0,592,1,1
36289,52,7,1,1,0,540,1,0
36321,46,0,2,3,0,306,1,0
13011,28,8,2,1,0,305,0,0
4001,32,7,2,1,0,358,1,0
24804,34,1,1,1,0,559,1,0
1298,38,9,1,2,0,1161,1,0
43304,34,1,0,2,0,12409,0,0
40136,40,9,1,1,0,1819,0,0
5656,37,9,1,1,0,-796,1,1
26773,34,1,1,0,0,1524,1,0
25125,32,0,1,1,0,1785,1,0
20178,31,9,2,1,0,7567,0,0
25698,33,6,1,2,0,-103,1,0
3795,30,1,2,3,0,194,1,0
18036,44,10,1,0,0,51,0,0
7663,49,0,0,1,0,169,1,0
40648,47,3,1,1,0,3940,1,0
16394,57,2,1,2,0,234,0,0
24085,50,4,2,2,0,3537,0,0
33732,31,4,1,2,0,2984,0,0
1264,37,9,2,3,0,391,1,0
33571,40,4,1,2,0,384,0,0
710,31,0,1,1,0,0,1,1
8071,32,4,2,2,0,1834,1,0
33553,46,1,1,0,0,588,1,0
9431,32,6,1,2,0,189,1,0
22033,41,9,1,1,0,0,0,0
6856,30,1,2,1,0,397,1,0
9831,36,7,1,0,0,179,0,0
1333,51,0,0,1,0,340,1,0
21387,54,1,1,1,0,548,0,0
19767,45,4,1,2,0,5450,0,0
35020,38,4,1,2,0,-1884,1,0
16365,60,5,0,0,0,61,1,0
42925,33,4,1,2,0,2750,0,0
28927,34,9,2,1,0,258,0,0
31630,42,4,2,2,0,11891,0,0
35916,35,1,2,1,0,3507,1,0
4432,38,6,1,1,0,736,1,0
41679,26,8,2,1,0,6036,0,0
37039,38,9,2,1,0,864,1,0
39385,43,10,2,3,0,3274,1,0
3705,43,0,2,1,0,2539,1,0
19290,45,1,1,1,0,333,0,1
40617,33,9,1,2,0,1699,0,0
16015,37,7,1,1,0,0,1,0
9824,45,3,1,0,0,1100,0,0
5196,33,1,1,0,0,1165,1,0
38651,29,1,2,1,0,7531,0,0
22405,35,4,1,2,0,-126,0,0
24329,58,4,0,2,0,0,0,0
15018,36,9,1,1,0,-179,1,0
44610,63,0,1,1,0,0,1,0
35446,36,1,1,0,0,441,1,0
13412,33,0,1,2,0,0,1,1
10286,46,7,1,1,0,6913,0,0
16576,37,0,0,1,0,0,0,0
26313,32,9,2,1,0,137,0,0
43955,60,4,1,0,0,8334,0,0
14871,56,1,1,0,0,0,1,0
28193,27,6,1,1,1,254,1,1
34507,47,7,2,1,0,33,1,0
12706,36,10,2,0,0,0,1,0
5309,33,4,1,3,0,18347,1,0
27241,32,9,1,1,0,950,1,0
20034,53,4,1,2,0,2385,0,0
41644,50,9,0,1,0,0,0,0
1153,54,9,0,1,0,1904,1,1
44833,33,1,1,1,0,889,1,0
23388,43,3,1,1,0,2220,0,0
37724,28,1,1,0,0,206,1,0
21312,47,1,1,0,0,362,1,0
13401,28,1,2,0,0,150,0,1
25106,50,0,2,1,0,642,0,0
38870,32,7,2,2,0,748,1,0
5195,38,1,1,1,0,776,1,0
32474,33,1,1,1,0,7048,1,0
38824,54,1,0,0,0,215,1,0
4283,31,1,2,2,0,462,1,1
5434,30,4,1,2,0,302,1,1
26005,30,1,1,1,0,631,1,0
24637,42,10,1,0,0,2636,0,0
16965,59,5,1,0,0,-182,0,1
43520,51,4,1,1,0,335,0,0
37907,40,1,1,0,0,105,1,0
35271,27,9,2,1,0,905,1,1
29018,36,0,2,1,0,-207,0,0
2615,48,1,1,1,0,705,0,0
39718,39,1,2,1,0,254,0,0
18403,58,5,0,0,0,2538,1,0
2910,49,9,1,0,0,1878,1,0
20441,30,3,1,1,0,0,0,0
32257,37,4,2,1,0,8311,1,0
39675,24,0,2,2,0,0,1,0
31741,41,1,1,1,0,1885,1,0
27032,32,0,2,1,0,2817,1,0
36358,29,1,2,1,0,558,1,0
7221,42,4,1,1,0,2608,1,0
33744,33,0,1,2,0,882,0,0
33405,31,1,2,1,0,648,1,1
7350,43,0,0,1,0,3350,1,1
17641,36,3,1,0,0,125,1,0
15935,36,1,1,1,0,420,1,0
20174,30,9,2,2,0,699,1,0
28208,59,1,1,1,0,176,0,0
9226,38,9,2,2,0,-572,1,1
8551,29,3,1,1,0,243,1,0
3154,49,1,0,0,0,380,1,0
4520,41,7,2,1,0,1629,1,0
31532,32,0,1,2,0,233,1,0
9710,36,8,1,0,0,3503,0,0
36216,29,9,2,2,0,452,1,0
41155,56,3,0,1,0,256,0,0
24268,44,4,1,2,0,1034,0,0
4234,31,6,1,1,0,157,1,0
13046,36,9,1,1,0,-257,0,0
31165,43,0,1,1,0,477,1,0
44234,73,5,1,0,0,1388,0,0
21920,32,4,1,2,0,169,0,1
22688,40,9,0,1,0,237,0,0
28905,31,7,2,1,0,295,0,0
31433,25,4,2,2,0,316,0,0
17403,35,1,2,0,0,-631,1,0
39500,28,0,2,1,0,707,1,0
21013,47,9,0,1,0,2836,0,1
23526,43,4,1,2,0,2696,1,0
16347,36,4,0,2,0,14930,0,0
30648,38,1,1,1,0,121,1,1
13905,58,5,0,0,0,11,0,1
24186,51,4,0,2,0,119,0,0
544,40,10,2,1,0,11,1,0
35561,29,6,1,2,0,0,1,0
20351,32,4,2,2,0,1434,0,0
30848,43,1,1,1,0,130,1,0
22937,35,9,1,1,0,5535,0,0
9124,42,1,1,1,0,865,0,1
40763,61,6,0,2,0,52587,0,0
31721,48,7,1,1,0,665,1,0
593,48,5,1,1,0,74,0,1
267,39,0,0,1,0,-349,1,0
19324,39,11,1,0,0,6999,0,0
15506,31,0,1,1,0,212,1,0
36689,48,4,1,1,0,2204,1,0
37601,33,9,2,1,0,1733,1,0
24948,45,9,0,1,0,5862,1,0
24513,38,4,2,2,0,0,1,0
30262,29,0,2,1,0,1261,0,0
42106,65,5,1,0,0,1992,0,0
14949,41,6,1,1,0,634,1,0
22462,52,7,1,1,0,145,0,0
118,59,4,0,2,0,262,0,0
1736,37,1,0,1,0,-271,1,0
33176,33,1,1,1,0,2502,1,0
5613,37,1,1,1,0,13849,1,0
7754,51,4,1,1,0,614,1,1
38452,22,0,2,1,0,118,1,0
16893,32,1,1,1,1,-49,1,0
2299,53,0,1,1,0,465,0,1
7143,52,7,1,1,0,2081,1,0
30181,36,1,1,0,0,277,1,1
33769,45,10,1,1,0,383,0,0
8005,34,1,1,1,0,516,1,1
6338,31,4,2,2,0,-429,1,1
2315,45,7,2,1,0,141,1,0
16231,42,4,1,2,0,176,1,0
4241,41,6,1,1,0,713,1,0
38056,42,1,1,1,0,343,1,0
41302,51,4,1,2,0,2582,0,0
33383,52,1,1,1,0,782,1,1
12372,21,1,2,1,0,820,1,0
1757,23,8,2,1,0,318,1,0
24092,27,2,1,1,0,2329,0,0
37958,50,0,0,1,0,124,1,1
25835,35,10,1,2,0,816,1,0
33443,40,7,1,1,0,2843,1,0
9557,52,7,1,1,0,1386,0,0
40450,70,5,1,0,0,7781,0,0
14845,26,1,2,1,0,-188,0,0
17142,31,2,0,2,0,1767,0,0
44327,64,5,1,1,0,1574,0,0
30243,49,4,1,0,0,363,0,0
39253,36,2,1,1,0,246,1,0
9460,49,4,2,2,0,53,0,0
34786,37,2,1,1,0,0,1,1
36642,48,4,1,1,0,-440,1,1
3761,45,1,0,1,0,9,1,0
34739,47,1,1,1,0,235,1,0
20929,32,0,2,2,0,497,1,0
22203,31,9,2,2,0,110,0,0
8454,40,5,2,1,0,1734,1,0
3040,34,6,2,2,0,2800,1,0
40922,44,6,1,3,0,163,1,0
43264,51,0,0,2,0,66,1,0
2903,46,1,1,0,0,1429,1,0
38441,58,1,1,0,0,5431,1,1
34564,41,1,0,1,0,257,1,0
36005,38,6,2,2,0,1612,1,0
26015,58,5,0,0,0,2538,1,0
7761,32,4,0,2,0,1589,1,0
36580,30,4,2,2,0,112,1,1
41820,70,5,1,1,0,1310,0,0
32036,40,9,1,2,0,1641,1,0
44333,57,10,0,1,0,1088,0,0
18306,45,0,1,1,0,194,0,0
24417,30,4,2,1,0,18,1,0
23775,39,4,1,2,0,-17,1,1
1909,44,0,1,1,0,469,1,0
34375,41,4,1,1,0,1956,0,0
44141,31,4,2,2,0,2907,1,0
1122,41,1,1,0,0,258,1,0
7716,44,0,1,1,0,14,0,1
29426,36,1,1,1,0,414,0,0
20460,34,1,1,1,0,172,0,0
28457,36,6,2,2,0,4634,0,0
37572,56,1,1,1,0,244,1,0
18311,50,10,0,2,0,64,0,0
5944,30,10,2,2,0,306,0,0
33809,31,9,2,2,0,1081,0,0
12829,33,7,2,1,0,149,0,1
28382,32,10,1,1,0,869,1,0
4232,34,7,1,1,0,0,1,0
22896,54,4,1,2,0,1451,0,0
29652,34,9,2,2,0,586,1,0
38916,27,4,2,1,0,565,1,0
33698,63,5,1,3,0,2193,0,0
70,57,1,1,1,0,5935,1,1
28210,41,0,2,3,0,350,1,0
13844,35,0,0,1,0,454,1,0
8240,36,4,2,2,0,4543,1,0
33757,27,1,2,1,0,3792,0,0
18533,58,9,1,2,0,4656,0,0
20192,42,9,1,1,0,5455,0,0
22621,33,9,2,1,0,635,0,0
24678,56,0,0,1,0,3337,1,0
19648,57,4,1,2,0,320,0,0
104,27,9,2,2,0,0,1,0
39603,50,4,1,2,0,2635,0,0
35234,44,1,1,0,0,134,1,0
10282,49,11,1,0,0,142,0,0
26598,59,5,1,1,0,6888,0,0
18530,40,4,1,2,0,-1737,1,1
33662,36,2,1,2,0,-502,1,0
15863,29,9,1,1,0,444,1,0
21495,31,4,2,2,0,33,0,0
29730,59,5,1,2,0,941,0,1
32156,38,1,0,1,0,1344,1,0
39965,59,5,1,0,0,2632,0,0
23131,32,4,2,2,0,631,0,0
38128,51,7,1,1,0,5885,1,0
39991,33,7,2,2,0,1268,1,0
9042,38,0,2,3,0,13,0,0
27666,35,7,1,1,0,537,0,1
9587,35,1,0,0,0,-5,0,0
4686,37,1,1,1,0,32,1,0
35422,31,9,2,1,0,1626,0,0
34386,32,4,2,1,0,388,0,0
18319,50,1,1,3,0,2284,1,0
32542,47,1,1,1,0,1536,1,0
42245,47,4,1,2,0,4693,0,1
6805,30,4,2,2,0,5288,1,0
7147,36,8,2,3,0,36,1,0
25785,33,2,1,1,0,2,1,1
29699,40,4,0,2,0,502,1,0
984,51,1,1,0,0,1466,1,0
11485,54,5,1,1,0,6449,0,0
11053,54,7,1,1,0,468,0,0
17691,34,0,1,1,0,147,1,1
36607,36,4,2,2,0,687,1,0
44122,29,8,1,3,0,2229,0,0
17178,53,7,1,0,0,-166,0,1
2280,31,0,1,1,0,-474,1,0
1205,26,9,2,1,0,2087,0,0
22430,60,1,1,0,0,864,0,0
9846,50,9,1,2,0,3117,0,0
3996,41,1,2,0,0,0,1,0
22727,54,6,1,1,0,745,0,1
8258,45,1,1,0,0,816,1,0
15201,30,1,1,0,0,135,1,0
20220,41,9,2,1,0,214,0,0
14741,44,4,1,2,0,764,0,1
23945,34,2,1,3,0,-506,0,0
10070,39,4,1,2,0,-190,0,1
22992,48,9,1,2,0,0,0,0
43530,42,6,1,1,0,1216,1,0
41263,37,1,1,0,0,106,1,0
25457,37,4,1,2,0,156,0,0
33918,33,0,1,1,0,95,1,0
15143,27,0,2,3,0,5,1,0
10179,55,5,1,0,0,8894,0,0
16887,37,4,1,2,0,4039,0,1
4156,56,1,1,1,0,25,1,0
43951,52,1,1,1,0,955,0,1
21898,33,9,2,1,0,541,0,1
20035,38,4,2,2,0,11971,1,0
16970,35,1,1,0,0,305,1,0
44572,33,9,1,1,0,484,1,0
21123,42,2,0,2,0,626,1,0
14336,52,9,1,2,0,1416,1,0
6742,32,10,1,1,0,-160,1,0
2694,43,0,1,0,0,15,1,0
39979,60,4,0,2,0,366,0,0
13564,32,1,1,0,0,187,0,0
10907,36,4,1,2,0,531,1,0
40700,63,5,1,2,0,8103,0,0
25996,56,4,1,2,0,3610,1,0
14912,35,4,1,2,0,387,1,0
21307,30,0,2,2,0,1535,0,0
4581,38,7,1,1,1,-242,1,1
14458,32,9,2,2,0,418,0,1
3544,52,1,1,1,0,665,1,0
21535,48,11,1,1,0,-95,0,0
40340,57,2,1,1,0,9902,0,0
26996,30,7,2,1,0,62,1,0
7320,41,7,1,1,0,2399,1,0
39764,40,4,0,2,0,3355,0,0
5321,25,8,2,1,0,1765,1,0
21226,55,1,1,0,0,3485,0,0
22890,49,9,1,1,0,5244,0,0
26874,44,6,1,0,0,0,0,0
43593,37,4,1,1,0,565,0,0
27238,43,1,1,0,0,437,1,0
30690,56,1,0,1,0,2780,1,0
9856,59,1,0,0,0,1320,0,0
37905,29,0,2,1,0,891,1,0
24233,50,4,1,2,0,4278,0,0
19040,52,0,1,0,0,813,0,1
8260,54,6,1,0,0,277,1,0
42651,27,9,2,2,0,434,1,0
27067,51,2,1,2,0,36935,1,0
41462,33,4,1,2,0,1390,0,0
5555,32,0,1,2,0,882,0,0
15881,36,9,1,1,0,0,1,0
40362,30,9,1,1,0,2326,0,0
44623,32,0,1,1,0,200,0,0
3093,45,2,1,1,0,245,1,0
3201,52,9,1,1,0,5006,1,0
5552,48,4,0,2,0,851,0,1
6200,31,7,1,1,0,-641,1,1
39716,32,1,2,1,0,4339,1,1
10393,45,4,1,0,0,0,0,1
13570,52,0,1,1,0,32,0,1
45173,36,0,2,2,0,980,0,0
44655,62,4,1,1,0,1128,0,0
36612,31,1,2,1,0,17,1,0
32261,24,1,2,1,0,525,1,0
19007,30,4,1,2,0,1908,0,0
1511,27,8,2,1,0,0,0,0
42402,39,7,1,1,0,323,0,0
20337,32,3,1,1,0,3832,0,0
44042,19,8,2,1,0,424,0,0
37247,34,4,2,2,0,76,1,0
29947,24,0,2,1,0,99,0,0
25136,44,9,1,1,0,533,1,0
448,32,7,2,1,0,310,1,0
44443,53,4,1,2,0,3591,1,0
21399,46,4,1,2,0,473,1,0
7288,36,6,2,1,0,3670,1,0
43466,38,4,1,2,0,413,0,0
3717,25,0,1,1,0,16,1,0
2687,49,4,1,2,0,735,1,0
21851,53,4,1,2,0,15,0,0
41681,28,4,2,2,0,6784,0,0
26025,31,8,2,1,0,93,0,0
43750,53,9,1,1,0,195,1,0
14321,46,1,1,1,0,922,0,1
1138,37,1,1,1,0,374,1,0
15767,48,9,1,1,0,0,1,0
9454,41,0,2,1,0,84,1,0
22522,30,9,2,1,0,3,0,0
17058,42,7,0,1,0,108,0,0
33565,36,0,1,1,0,162,1,1
913,34,0,0,1,0,627,1,0
21432,47,9,0,1,0,2914,1,0
29697,33,4,2,2,0,191,0,1
43583,63,5,1,0,0,12067,0,0
3901,41,9,2,1,0,28,0,0
43824,54,9,1,1,0,65,0,0
4125,30,1,1,1,0,1312,1,0
33048,37,0,1,1,0,6127,1,0
37720,37,1,1,3,0,969,1,0
43153,36,4,2,2,0,688,0,0
16470,28,8,2,1,0,153,0,0
25897,50,6,1,2,0,4012,0,0
2172,28,1,2,1,0,-284,1,0
10344,55,2,1,1,0,113,1,0
42771,48,4,1,2,0,3494,0,0
17929,49,9,1,1,0,1091,0,0
7064,34,9,2,1,0,1386,1,1
7000,35,1,1,0,0,51,1,0
29913,32,4,1,2,0,322,0,0
31745,31,9,2,1,0,2484,1,0
784,57,9,1,3,0,1617,1,0
2203,36,9,2,1,0,-475,1,0
33998,29,9,2,2,0,1669,0,0
29403,31,7,2,2,0,620,0,0
35390,54,1,1,0,0,6242,1,0
35410,35,0,1,1,0,0,1,0
26697,31,7,1,1,0,1167,1,1
20668,52,0,1,1,0,692,1,0
40342,38,6,2,2,0,605,0,0
6368,28,9,1,1,0,839,1,0
26018,43,6,0,1,0,347,0,0
14341,50,4,1,2,0,1622,1,1
10632,55,9,1,3,0,0,0,0
38167,39,1,1,0,0,49,1,0
13524,42,2,1,2,0,0,0,0
26146,58,7,1,1,0,50,1,0
19197,44,4,1,2,0,1242,1,0
31057,72,5,1,2,0,0,0,0
37086,41,1,2,1,0,925,1,0
34867,43,10,1,0,0,9262,1,0
30666,35,1,2,3,0,871,1,0
10041,35,1,2,1,0,406,1,0
11900,56,1,1,0,0,3643,0,0
21785,46,6,1,2,0,226,0,0
37752,35,4,1,2,0,1212,1,0
24162,22,9,2,1,0,333,0,1
42017,30,4,2,2,0,16935,0,0
28871,26,7,2,1,0,512,1,1
8541,27,2,2,2,0,512,1,1
25810,31,9,1,1,0,793,0,0
27476,34,0,2,1,0,892,1,0
26846,56,9,2,1,0,1437,1,0
42030,64,5,1,1,0,4787,0,0
14704,36,7,1,1,0,297,1,1
14115,36,0,0,1,0,48,0,0
617,39,1,1,0,0,2226,1,0
17745,52,4,0,2,0,-299,0,0
38301,43,1,1,1,0,3549,1,0
20154,37,9,1,1,0,3043,0,0
29095,47,0,2,1,0,15,0,0
11303,53,5,1,1,0,357,0,0
3504,48,9,1,1,0,0,1,1
6126,37,1,1,1,0,132,0,0
31370,41,7,2,1,0,-675,1,1
38329,29,1,2,0,0,-24,1,0
366,38,0,0,1,0,308,1,0
3495,33,1,1,1,0,217,1,0
26810,46,0,0,1,0,778,1,0
34686,43,1,1,0,0,-111,1,0
1894,45,7,2,1,0,-139,1,0
28087,54,1,1,3,0,310,1,0
30797,57,5,1,0,0,1532,0,0
22828,56,4,1,2,0,154,0,0
2030,48,1,1,0,0,418,1,0
29180,45,4,1,2,0,474,1,1
30012,32,9,0,1,0,202,1,0
44595,21,8,2,0,0,281,0,0
22393,53,9,1,1,0,0,0,0
12982,31,1,1,0,0,76,0,1
32013,59,1,1,0,0,11066,0,0
14490,34,7,1,1,0,0,1,0
20208,35,11,1,2,0,1260,0,0
14047,34,4,1,2,0,161,1,0
35328,30,9,2,1,0,359,1,0
42509,59,4,1,0,0,8334,0,0
23966,35,4,0,1,0,910,0,0
34234,60,9,1,1,0,316,0,0
10288,55,0,1,1,0,3664,0,1
30864,31,7,1,1,0,655,0,1
25025,33,9,2,2,0,179,1,0
31451,57,4,0,2,0,6468,1,0
9621,60,4,1,1,0,130,0,0
7530,36,4,1,1,0,1898,1,1
18123,44,1,0,1,0,221,0,0
26759,32,1,2,1,0,2696,1,0
43769,31,1,2,1,0,411,0,0
39275,24,9,2,1,0,-73,1,0
35631,37,1,1,0,0,0,1,0
19348,49,4,1,2,0,322,0,0
30125,32,1,1,1,0,557,0,0
36640,54,7,0,1,0,1012,1,0
31176,29,4,2,2,0,1275,1,1
19939,48,0,1,1,0,811,0,1
38561,36,1,1,1,0,249,1,0
32974,51,1,1,0,0,216,1,0
28289,40,1,0,1,0,94,1,0
23601,32,2,2,2,0,890,1,1
41724,60,5,1,1,0,197,0,0
7238,36,1,1,1,0,439,1,0
22592,49,9,1,1,0,702,0,0
23001,30,4,2,1,0,19,0,0
35134,39,6,1,1,0,1304,1,1
9043,48,5,2,1,0,3458,0,0
11417,41,10,1,0,0,2636,0,0
17187,45,0,0,2,0,1506,0,0
4379,42,6,1,2,0,596,1,0
7465,43,9,1,1,0,-235,1,1
34006,34,4,1,2,0,4859,0,0
26472,32,1,1,1,0,3166,1,0
10967,55,7,1,1,0,752,0,0
30109,45,1,1,0,0,412,1,0
44296,23,8,2,1,0,794,0,0
25156,54,4,0,0,0,210,0,0
19929,57,5,1,2,0,815,0,0
10368,55,9,1,1,0,57,1,0
13739,31,1,1,1,0,2,1,0
39008,40,7,1,1,0,278,1,0
36990,37,1,1,0,0,37,1,0
10202,28,9,2,2,0,-803,1,1
36410,39,4,1,2,0,1362,1,0
13531,34,2,1,2,0,475,1,1
8406,21,10,1,1,0,2062,1,0
14385,41,4,1,2,0,3016,1,0
11284,44,3,2,0,0,1059,0,0
3728,32,4,2,2,0,0,0,0
18751,43,0,1,1,0,5048,0,0
38912,29,9,2,1,0,706,1,0
43661,32,9,1,2,0,2976,1,0
34553,40,9,2,2,0,47,1,0
27418,40,4,1,2,0,1584,1,0
43020,47,1,1,1,0,3715,0,0
13037,46,10,1,1,0,562,0,0
13493,41,4,2,2,0,-426,1,0
24844,35,4,2,1,0,5260,1,0
33711,37,4,1,2,0,585,1,0
22451,34,9,2,1,0,559,0,0
2155,29,2,2,2,0,11,1,0
10187,59,9,1,2,0,4445,0,0
41359,55,4,1,2,0,2960,1,0
25348,35,2,1,2,0,0,0,0
20067,37,3,1,0,0,189,0,0
40158,38,4,1,2,0,1187,1,1
45106,32,9,1,1,0,660,0,0
26280,51,3,1,1,0,294,0,0
35926,57,9,0,0,0,13,1,0
1774,31,7,1,1,0,238,1,1
29300,29,0,2,1,0,-498,1,0
9718,38,9,1,1,0,4741,1,0
2138,29,0,0,1,0,891,0,0
36044,36,0,1,1,0,0,1,1
27330,41,2,1,0,0,39,1,0
43801,67,5,1,0,0,1430,0,0
29262,37,9,1,1,0,494,1,0
2643,35,9,0,1,0,556,1,0
21257,46,9,1,1,0,1353,0,0
11993,52,1,2,0,0,3421,0,0
44253,43,4,1,2,0,839,0,0
23198,55,5,1,1,0,39,0,0
32937,32,9,2,1,0,28,1,0
2537,44,0,2,3,0,3,1,0
4703,32,7,0,2,0,376,1,0
8855,28,10,2,2,0,1010,1,0
13217,36,9,2,1,0,0,0,0
43796,28,9,1,1,0,742,0,0
19576,46,4,1,2,0,1514,0,0
3017,51,10,1,1,0,760,1,0
31432,19,8,2,0,0,134,0,0
30288,48,9,1,1,0,658,0,0
17543,42,9,1,1,0,-113,1,1
27773,48,7,1,1,0,651,0,1
2550,27,1,2,1,0,1311,1,0
19783,53,7,1,2,0,-3,0,0
13835,42,11,1,1,0,703,1,0
40489,31,4,1,2,0,1032,0,0
30189,54,1,1,1,0,844,0,0
9469,56,10,0,1,0,763,0,0
26606,33,8,2,2,0,3404,1,0
43294,35,1,1,1,0,262,0,0
26416,39,1,2,0,0,3384,1,0
887,40,1,1,1,0,306,1,0
35533,42,10,1,1,0,356,1,0
20430,49,6,1,1,0,1103,0,0
11483,47,3,1,0,0,823,0,0
8424,49,1,1,0,0,2068,1,0
10308,35,10,0,1,0,45,0,0
37036,38,7,1,1,0,7208,1,0
17445,56,9,1,1,0,124,1,0
33683,35,9,1,1,0,1364,1,1
814,57,7,1,1,0,1,0,0
25468,31,9,2,1,0,3500,1,0
16548,30,6,1,0,0,1380,1,0
8907,47,1,1,1,0,273,1,0
32225,46,1,1,1,0,624,1,0
1788,32,2,2,2,0,6259,1,0
24926,49,4,1,2,0,1050,1,0
20607,45,0,1,1,0,43,0,0
38297,37,1,1,0,0,-29,1,1
43332,86,5,1,1,0,1503,0,0
18074,60,5,1,0,0,0,0,0
24675,42,7,1,1,0,1027,1,0
33716,29,6,1,1,0,123,0,1
37893,56,0,2,1,0,3309,1,0
16581,34,9,2,1,0,3,1,1
22505,49,4,1,2,0,502,0,0
42368,64,5,0,0,0,1840,0,0
30828,28,9,2,1,0,456,0,0
16797,45,0,2,1,0,757,1,1
1244,49,4,1,1,0,104,1,0
43501,57,4,1,2,0,2845,1,0
40569,73,4,1,2,0,1609,0,0
43588,33,4,2,2,0,952,1,0
33889,30,7,2,2,0,803,0,0
27184,54,1,1,0,0,836,1,0
31352,43,0,1,1,0,132,0,0
36110,43,4,0,2,0,580,1,0
21377,54,4,1,2,0,2883,0,0
19977,30,4,2,2,0,2900,0,0
8824,60,3,0,1,0,387,1,0
6999,32,1,1,1,0,0,1,0
43403,54,9,2,2,0,118,0,0
21600,31,4,2,2,0,-446,0,0
32468,35,1,1,1,0,126,1,0
37994,41,9,2,1,0,200,1,0
43263,61,5,1,1,0,2801,1,1
44888,50,7,1,1,0,2376,1,0
10498,38,7,1,2,0,1018,0,0
41595,52,3,1,0,0,10943,0,0
41570,37,4,1,2,0,99,0,0
33378,42,1,1,0,0,208,1,0
35550,39,1,1,1,0,62,1,0
8571,44,7,1,1,0,-1621,1,1
33504,45,7,2,1,0,1757,1,0
18475,27,4,2,2,0,385,0,1
28422,27,0,2,2,0,954,0,0
16282,40,1,1,1,0,755,0,0
7605,52,9,1,2,0,1405,1,1
42528,44,1,1,1,0,1025,1,0
25096,42,4,1,2,0,2110,0,1
3224,51,0,1,0,0,1330,1,0
35231,34,4,0,2,0,94,1,0
25359,41,0,1,1,0,1327,1,1
10502,50,6,1,0,0,2636,1,0
31480,35,9,1,1,0,0,0,0
1567,32,1,1,1,0,20,1,1
23361,31,9,2,2,0,4979,0,1
36027,34,4,1,2,0,1288,1,0
8160,35,4,1,2,0,867,1,0
44095,71,5,0,3,0,392,0,0
28764,55,10,1,1,0,3982,0,0
39077,27,7,2,1,0,261,1,1
24105,60,1,1,1,0,1801,0,0
42502,81,5,0,1,0,452,0,0
33617,46,1,1,0,0,2904,0,0
4198,31,1,1,0,0,2085,1,1
40403,26,7,2,2,0,0,0,1
38604,40,0,1,1,0,0,1,0
8893,29,1,2,0,0,950,1,0
25085,48,1,1,0,0,1092,0,1
23492,57,4,1,2,0,75,0,0
38215,45,0,1,1,0,215,1,1
24512,51,6,0,2,0,1357,1,0
41807,62,7,1,0,0,276,0,0
27002,44,10,2,3,0,3938,1,0
21748,31,4,1,2,0,50,0,0
14378,50,9,1,1,0,85,0,0
44801,24,8,2,1,0,8165,0,0
28443,59,10,2,3,0,541,0,0
24722,40,1,2,1,0,406,0,0
5870,32,9,2,1,0,0,1,1
8939,52,0,0,1,0,1049,0,1
10995,56,1,1,1,0,2409,0,0
9350,39,4,0,3,0,401,0,0
11745,43,4,1,3,0,0,0,0
41598,23,8,2,1,0,780,0,0
34236,29,7,2,2,0,8947,1,0
18115,43,1,1,1,0,-179,1,0
28261,53,9,1,2,0,1405,1,1
31196,33,9,2,2,0,1636,1,0
28554,29,4,1,2,0,1366,1,0
41456,35,4,2,2,0,7918,0,0
25605,44,6,1,2,0,4411,1,0
34371,26,0,2,3,0,677,0,0
22955,51,1,1,0,0,19,0,0
15027,32,4,1,2,0,958,1,0
20989,35,9,1,1,0,688,0,0
36499,43,0,2,1,0,277,1,0
25047,44,9,1,1,0,1901,0,0
16072,27,7,2,2,0,9965,1,0
34813,24,1,2,1,0,27,1,0
5251,35,6,0,2,0,1354,1,0
3084,32,7,1,1,0,162,1,0
12958,44,0,0,2,0,0,1,0
13958,46,1,1,0,0,44,0,1
1457,45,7,1,1,0,22,1,0
15050,52,1,1,1,0,1405,0,1
14066,31,1,2,1,0,-161,0,0
15344,35,9,1,1,0,513,1,0
28217,41,0,2,1,0,1322,1,0
38963,36,1,1,0,0,123,1,0
42819,29,9,1,1,0,1599,1,0
12452,51,0,0,1,0,-20,0,0
22331,37,10,2,1,0,42,0,0
36201,27,7,2,2,0,536,1,0
8758,28,0,2,1,0,-625,1,0
38800,32,1,1,0,0,-283,1,0
16392,56,7,0,1,0,191,0,0
19211,38,9,2,2,0,0,0,0
30901,41,4,1,2,0,371,0,0
5829,29,7,1,1,0,283,0,1
39936,30,3,1,1,0,533,1,0
8475,39,10,1,1,0,270,1,0
19196,36,4,2,2,0,546,1,0
31294,61,4,1,2,0,997,0,0
19389,50,9,0,1,0,75,1,0
4931,33,0,1,1,0,2228,1,0
7331,42,4,1,2,0,-1485,1,0
12770,28,4,2,2,0,0,0,0
26084,31,7,1,1,0,283,1,0
29626,54,5,1,1,0,1154,1,0
41656,35,4,1,2,0,2088,1,0
9662,37,1,1,1,0,2870,1,0
7316,36,0,1,2,0,828,1,0
39208,30,5,2,1,0,48,0,0
5290,33,6,1,2,0,416,1,1
8026,36,6,2,2,0,3560,0,0
17453,48,9,1,1,0,0,0,0
37614,32,7,2,3,0,6145,1,0
9153,60,1,1,1,0,71,0,0
2492,44,4,1,2,0,6203,1,1
39877,38,6,1,2,0,846,0,0
38970,33,1,1,0,0,827,1,0
39454,29,9,2,1,0,594,0,0
18907,50,7,1,1,0,1126,0,0
1058,40,1,1,1,0,316,1,0
42251,75,5,1,1,0,324,0,0
27274,31,9,2,1,0,11,1,0
4287,28,4,2,1,0,471,1,1
13940,59,4,1,1,0,0,0,1
21976,50,1,1,0,0,238,0,0
2110,26,9,2,1,0,124,1,0
2399,24,1,2,1,0,-10,1,0
39929,35,1,1,3,0,444,0,0
2699,35,1,1,0,0,11,1,0
18877,46,1,1,0,0,1303,0,0
113,36,1,1,0,0,448,1,0
29256,38,9,2,1,0,103,1,0
35296,46,4,1,1,0,1363,1,1
36836,46,1,1,0,0,4170,1,1
8512,29,7,2,1,0,498,1,0
19412,40,4,1,2,0,713,0,0
9937,57,3,1,0,0,3570,0,0
19367,48,1,1,1,0,2054,1,0
42520,29,7,1,1,0,399,0,0
42282,36,9,2,1,0,376,0,0
14264,33,7,2,2,0,-104,0,1
43335,22,9,2,1,0,283,1,0
17215,43,7,0,1,0,-145,1,0
37903,34,1,1,1,0,2447,1,0
31264,53,4,1,1,0,2693,0,0
13093,33,2,1,1,1,-54,0,1
19910,31,0,1,1,0,88,1,1
42190,31,6,1,2,0,2666,0,0
19665,48,4,2,2,0,399,0,1
3444,53,0,1,1,0,-197,1,1
1885,27,0,1,1,0,1033,1,0
29324,70,4,1,2,0,13297,0,0
40202,53,4,1,2,0,1061,0,0
10269,56,9,1,1,0,225,1,0
3923,50,4,0,2,0,318,1,0
5781,32,1,2,1,0,-204,1,1
5122,33,9,2,2,0,8874,0,1
19976,35,9,0,1,0,213,0,0
21712,56,6,1,3,0,0,0,0
13264,27,7,2,1,0,167,0,1
29140,41,4,2,2,0,-24,1,0
32894,41,1,1,0,0,96,1,1
5862,44,4,0,2,0,476,1,1
5896,37,0,1,1,0,-498,1,1
18805,49,9,1,1,0,8973,0,0
34785,26,7,2,1,0,-481,1,1
44641,35,4,2,2,0,992,0,1
18432,52,9,1,1,0,-1076,1,0
17328,28,9,2,1,0,-97,0,0
44402,29,4,1,2,0,198,1,0
26642,31,9,1,1,0,40,1,0
42247,61,5,1,0,0,1720,0,0
24398,31,4,1,2,0,898,0,0
43916,26,7,2,2,0,12,0,0
25964,50,0,1,1,0,167,0,1
735,35,1,2,1,0,376,1,1
25962,34,0,1,2,0,899,1,0
10024,48,2,1,3,0,3233,0,0
22194,37,4,1,2,0,727,0,0
44651,48,11,2,3,0,1819,0,0
13241,45,9,0,1,0,146,0,0
10838,48,9,1,1,0,335,0,0
1334,49,9,1,0,0,230,1,0
37135,32,9,1,1,0,-684,1,0
38462,60,5,0,1,0,4974,1,0
36903,28,7,2,1,0,159,1,0
36219,41,1,1,1,0,306,1,0
31805,46,1,1,0,0,1204,1,0
3318,51,6,0,1,0,154,1,0
1963,39,7,2,1,0,126,1,0
41999,54,0,1,3,0,140,0,0
39335,48,1,0,1,0,-314,1,0
38396,39,2,1,1,0,680,1,0
33356,40,0,2,1,0,315,1,0
16234,50,7,2,1,0,294,0,0
36844,31,0,2,2,0,355,1,0
75,53,9,1,1,0,384,1,0
9165,43,7,2,1,0,848,0,0
23308,38,6,1,2,0,526,0,0
10463,36,1,2,1,0,340,0,1
25522,55,4,1,2,0,4649,1,0
10840,38,7,1,0,0,175,0,0
30758,50,9,0,1,0,-298,1,0
20683,32,4,2,2,0,3199,0,0
11272,36,8,2,3,0,386,0,0
19331,48,4,0,2,0,174,0,0
4288,27,1,1,1,0,613,1,0
450,50,9,1,1,0,797,1,0
41513,35,9,1,1,0,114,1,1
28725,42,9,2,1,0,60,1,1
36737,37,1,1,1,0,-251,1,0
30275,43,10,1,1,0,3529,0,0
14911,26,0,2,1,1,0,1,0
16208,34,1,1,1,0,246,1,0
40604,26,0,2,1,0,125,0,0
23802,33,9,1,1,0,58,1,0
4526,31,4,2,2,0,2007,1,0
23256,46,4,1,2,0,0,0,0
43150,30,8,2,1,0,48,0,0
33388,33,4,1,2,0,864,1,0
16273,46,0,0,0,0,50,1,1
12687,51,4,1,2,0,1421,1,0
21126,49,1,1,1,0,0,0,0
13885,49,3,1,0,0,78,0,0
35899,34,9,2,1,0,1866,0,0
40429,28,4,2,2,0,492,0,0
18153,26,1,2,1,0,856,1,1
19018,53,1,1,1,0,-8,0,0
35546,55,4,0,2,0,608,1,0
1635,45,0,2,1,0,-88,1,0
44881,35,0,2,1,0,303,0,0
34524,37,1,1,0,0,0,1,0
20418,33,4,1,2,0,685,0,0
9785,53,4,0,0,0,443,0,0
35084,36,1,1,1,0,4,1,0
14355,32,9,1,2,0,240,1,1
31087,64,4,1,0,0,0,1,0
39295,32,9,1,1,0,580,1,0
42703,66,5,1,1,0,203,0,0
5894,31,0,0,1,0,-579,1,0
29943,28,0,1,1,0,358,0,0
34106,30,9,2,3,0,766,0,0
8750,28,1,2,1,1,0,1,0
19256,56,7,1,1,1,-8,0,0
31652,44,1,1,1,0,545,1,0
29501,39,1,1,0,0,118,0,0
10017,61,5,1,1,0,173,0,0
32936,34,1,1,2,0,551,1,0
14184,54,5,1,0,0,0,1,0
43220,64,5,1,2,0,1644,0,0
9805,56,1,1,0,0,547,0,0
3822,27,2,1,1,0,554,1,0
39849,37,0,1,1,0,597,0,0
38395,27,7,1,1,0,311,1,0
13859,42,2,0,2,0,367,1,0
13712,39,7,1,1,0,0,1,0
14090,28,4,1,2,0,17,1,0
33522,27,7,2,1,0,343,1,0
21442,41,9,1,1,0,2851,0,0
21147,44,9,1,2,0,0,0,0
8459,43,2,1,1,0,0,0,0
11965,43,1,1,1,0,-312,1,0
22056,34,9,2,1,0,10890,0,0
39342,38,4,0,2,0,-199,1,0
28109,47,0,0,1,0,95,1,1
39648,47,3,2,1,0,17023,0,0
17787,49,1,1,0,0,2481,0,1
31887,56,1,1,0,0,247,0,0
6939,33,9,2,1,0,-409,1,0
31631,41,1,1,1,0,523,1,0
23724,33,9,2,2,0,34,0,0
24998,54,4,0,2,0,2171,1,1
4188,32,7,1,1,0,144,1,0
36457,50,1,1,0,0,0,1,0
41495,28,4,2,1,0,1633,0,0
40098,50,2,1,1,0,78,0,0
8237,35,1,1,0,0,456,1,0
18747,60,5,0,1,0,935,0,0
39036,30,4,2,1,0,-383,1,0
1006,40,1,1,3,0,-4,1,0
44166,46,0,0,1,0,99,0,0
41943,70,5,1,1,0,2064,0,0
39522,34,4,1,2,0,333,0,0
8404,27,1,2,1,0,446,1,0
31161,34,7,2,2,0,88,0,0
33766,82,5,1,3,0,211,0,0
40896,82,5,1,1,0,0,0,0
16331,27,1,2,0,0,0,1,0
38801,33,7,1,1,0,2533,1,0
34473,35,9,2,3,0,726,1,0
17392,36,9,0,1,0,1156,1,1
21014,30,4,1,2,0,1165,1,1
39626,32,9,1,3,0,712,0,0
4443,38,1,1,1,0,0,1,0
22432,45,3,1,1,0,1623,0,0
17732,29,4,2,2,1,-1661,0,1
15719,51,4,1,2,0,2455,1,0
1248,44,1,1,0,0,185,1,0
40758,28,1,2,2,0,1984,1,0
13710,51,7,1,1,0,121,1,0
35630,42,2,1,0,0,319,1,0
13192,56,3,1,0,0,306,0,1
36377,42,1,0,1,0,498,1,0
31184,31,4,2,2,0,924,0,0
31549,38,9,1,1,0,-421,1,0
29565,26,9,2,1,0,-168,0,1
26406,39,1,1,1,0,8152,0,0
29745,40,9,0,2,0,1082,0,0
19944,47,1,1,1,0,2215,0,0
4758,57,1,1,1,0,258,1,0
4295,31,1,1,1,0,9714,1,0
8141,35,4,1,2,0,1193,1,0
12639,29,0,2,1,0,2802,0,1
4072,54,1,0,0,0,8180,0,0
36687,30,1,1,1,0,3,1,1
13971,45,5,1,0,0,-24,0,0
23078,46,7,1,1,0,301,0,0
18368,43,6,1,1,0,5317,0,0
6749,29,1,1,1,0,1171,1,0
2693,34,1,1,1,0,-100,1,0
16905,33,0,1,1,0,82,1,0
22436,36,9,2,2,0,1324,0,0
18108,26,0,2,1,0,443,0,0
4977,37,1,1,0,0,3242,1,0
8106,34,4,2,2,0,0,1,0
43012,66,5,1,1,0,780,0,0
19083,57,3,1,0,0,1142,0,0
16441,27,6,1,2,0,607,1,0
38367,60,4,2,2,0,560,0,0
13317,25,1,2,1,0,189,0,1
8818,22,0,1,1,0,967,1,0
2200,54,2,0,1,0,104,1,0
23796,41,9,2,2,0,1026,0,0
10194,48,4,1,1,0,397,0,0
26055,59,2,1,0,0,0,0,0
20699,60,5,1,3,0,878,0,0
37236,40,6,1,0,0,2077,1,0
2305,25,0,2,1,0,1,1,1
12937,52,1,0,1,0,497,0,1
25990,33,9,1,1,0,0,1,1
28433,34,7,2,1,0,3080,0,0
4094,30,1,2,0,0,71,1,0
19098,45,4,0,2,0,335,0,0
30960,28,7,2,1,0,217,1,0
43133,52,9,1,1,0,196,1,1
33386,32,9,1,2,0,3850,1,0
43296,82,5,0,0,0,0,0,0
27383,31,1,2,1,0,1565,1,0
10619,59,5,1,0,0,0,0,0
35987,41,1,1,1,0,211,1,0
12205,36,9,1,2,0,-718,1,0
33081,45,1,1,1,0,-258,1,0
39889,42,7,1,1,0,1376,1,0
34142,29,4,2,2,0,2753,0,0
42779,80,5,1,0,0,997,0,0
19241,43,4,2,2,0,1304,0,0
8771,26,7,1,1,0,-285,1,1
6812,38,2,1,1,0,61,1,1
29147,41,1,0,1,0,-224,1,0
34990,32,1,1,1,0,678,1,0
38286,32,7,1,1,0,38,1,0
17887,43,1,1,1,0,511,1,0
16329,44,3,1,0,0,26,1,0
42689,35,1,2,2,0,1830,0,0
35542,38,2,1,3,0,1134,1,0
4215,41,4,1,2,0,4357,1,0
37526,33,9,2,1,0,181,1,0
34072,31,6,2,2,0,1815,0,0
6504,20,8,2,2,0,556,1,0
6535,27,0,2,1,0,349,1,0
39051,32,0,2,1,0,92,1,0
90,42,4,2,1,0,50,0,0
15074,35,0,0,1,0,20,0,1
41763,55,2,0,1,0,538,1,0
24576,38,4,1,1,0,242,0,0
28281,37,7,1,1,0,1694,1,1
32907,50,1,1,3,0,1389,1,0
23949,32,4,2,2,0,258,1,0
32999,38,0,1,2,0,69,0,0
16952,45,1,1,1,0,79,1,0
6866,29,9,1,1,0,344,1,1
26622,33,4,2,2,0,4409,0,0
2949,53,4,1,2,0,193,0,0
20874,48,7,1,1,0,400,1,1
12090,41,9,1,1,0,0,0,0
27161,38,2,1,2,0,1514,0,1
4191,38,2,1,1,0,680,1,0
42708,42,0,1,1,0,383,0,0
29218,49,6,1,2,0,147,0,1
40274,43,4,1,2,0,3518,0,0
19118,38,0,1,2,0,1980,0,0
14899,48,9,1,1,0,268,0,0
23690,45,9,0,1,0,12,0,0
37590,35,1,1,1,0,257,1,0
42291,34,1,2,3,0,129,1,1
37705,34,4,1,2,0,902,1,0
5603,32,1,1,0,0,1903,1,0
22400,38,9,1,2,0,0,0,0
36420,49,4,2,1,0,-18,1,0
4963,33,9,1,0,0,5,0,0
32226,33,6,1,2,0,666,1,0
34741,52,7,0,1,0,12,1,0
15553,34,9,1,2,0,0,0,0
1681,37,1,2,1,0,111,1,0
5182,49,1,1,1,0,1568,0,0
43710,58,0,1,1,0,169,0,0
29903,41,1,0,0,0,548,1,1
27277,33,9,2,1,0,920,1,0
29733,29,1,2,1,0,336,1,0
32382,31,4,2,2,0,319,1,0
31396,40,4,1,2,0,0,1,0
14218,31,1,0,1,0,916,1,1
22394,34,9,1,1,1,-172,0,0
33029,34,1,1,1,0,3186,1,0
6936,54,5,1,1,0,24,1,0
26149,38,2,1,2,0,898,1,0
34403,46,0,2,1,0,148,1,0
29954,37,1,1,0,0,175,1,1
28049,54,4,0,2,0,1288,0,0
13299,41,1,1,0,0,17,0,0
13962,30,9,2,1,0,-156,0,1
39713,54,4,0,2,0,55,1,0
1057,47,1,1,1,0,438,1,0
40119,46,0,1,1,0,974,0,0
35178,24,1,1,0,0,-247,1,0
19530,53,7,1,1,0,-363,1,0
12498,30,0,1,2,0,1717,0,1
31642,35,4,2,2,0,694,1,0
42007,44,4,2,2,0,5063,0,0
27440,35,10,1,0,0,3285,0,0
12703,60,5,1,0,0,-63,1,0
1115,59,5,0,0,0,137,1,1
38305,49,0,1,0,0,169,1,0
22154,42,9,2,1,0,0,0,0
4107,42,4,0,1,0,830,1,0
10992,56,2,0,2,0,22946,0,0
45133,24,8,2,1,0,822,0,0
45081,34,9,2,1,0,1279,1,0
32991,48,1,1,0,0,551,1,1
44656,63,11,1,1,0,367,0,0
22086,36,4,2,2,0,1246,0,0
18270,46,4,1,1,0,1114,0,0
43265,29,0,2,1,0,1448,0,0
3210,60,5,1,1,0,2537,1,1
32349,42,9,0,1,0,214,0,0
11461,56,5,1,1,1,101,0,1
28449,33,2,2,2,0,484,1,0
29221,61,3,2,3,0,893,0,0
4594,38,6,1,1,0,290,1,0
16114,35,4,2,2,0,219,0,0
37069,35,1,2,0,0,-276,1,0
39517,54,10,1,1,0,1561,0,0
45012,51,4,1,2,0,469,0,0
37383,34,1,2,1,0,283,1,0
24317,54,1,1,0,0,209,0,1
4134,40,10,1,0,0,3444,1,0
23186,45,9,0,2,0,917,0,0
16512,53,7,1,0,0,8918,1,0
27894,60,6,1,0,0,362,0,1
18524,37,7,1,1,0,0,1,1
42586,30,4,2,2,0,2907,1,0
6514,43,1,0,0,0,6,1,0
33529,27,1,1,1,0,191,1,0
12065,58,4,1,2,0,0,0,0
1729,32,6,2,1,0,123,1,0
25103,36,9,1,1,0,6384,1,1
24040,49,4,1,2,0,0,0,0
14366,49,7,1,0,0,784,1,0
28093,26,9,2,2,0,4130,0,0
17915,35,6,0,1,0,3443,0,0
13843,43,1,1,0,0,1968,1,0
38296,24,9,2,1,0,246,1,1
39532,32,4,1,2,0,937,0,0
14181,50,9,2,2,0,1840,1,0
16805,45,1,1,1,0,1103,1,0
37955,23,9,2,1,0,1587,1,1
39220,29,4,1,2,0,318,1,0
22264,51,3,1,2,0,990,0,0
36608,44,1,2,1,0,25,1,0
2161,28,0,1,1,0,957,1,1
20101,53,4,1,2,0,618,0,0
7617,41,0,2,2,0,1455,1,0
16584,42,2,1,2,0,-14,1,0
2243,36,2,1,0,0,177,1,0
15909,58,10,1,2,0,0,0,1
32404,32,4,2,1,0,301,1,0
2435,61,5,1,0,0,1060,1,0
38194,38,3,0,2,0,4312,0,0
26424,31,1,1,1,0,268,1,0
33164,31,0,2,1,0,483,1,1
18583,44,0,2,3,1,-612,1,0
35562,33,1,1,1,0,1221,1,0
40871,38,0,2,1,0,245,1,1
35642,39,0,2,1,0,2749,1,0
43737,38,4,1,2,0,1276,0,0
24955,33,1,1,1,0,596,1,0
20758,56,0,1,3,0,681,0,0
22778,52,7,1,1,0,-298,0,0
20281,30,4,1,2,0,2960,0,0
4045,47,1,1,3,0,584,1,0
12004,53,4,1,1,0,4601,1,0
14503,47,4,1,0,0,530,1,0
38248,28,0,2,1,0,154,1,0
37960,44,1,1,1,0,466,1,1
22266,33,9,0,1,0,0,0,0
29468,28,0,2,2,0,282,1,1
368,38,0,0,2,0,86,1,0
40011,30,0,1,2,0,4168,0,0
42538,64,6,1,2,0,661,0,0
32748,47,4,1,2,0,385,1,0
5831,32,1,1,0,0,-376,1,0
38375,41,4,1,2,0,526,1,0
38414,31,1,2,1,0,210,1,1
38708,26,6,1,1,0,492,1,1
42040,64,4,1,2,0,3951,0,0
16213,33,3,1,1,0,0,1,1
44764,39,9,2,1,0,300,0,0
9642,44,1,1,3,0,391,0,0
27402,39,4,2,2,0,137,1,0
31229,54,0,1,1,0,602,0,0
2722,45,1,1,1,0,2429,1,0
22017,39,4,1,2,0,208,0,0
4042,37,4,2,1,0,792,1,0
11326,49,1,1,3,0,507,0,1
21471,55,10,1,1,0,549,0,0
21629,30,4,2,2,0,0,0,0
21774,42,0,1,1,0,329,0,0
661,45,7,1,1,0,1259,1,0
22480,35,4,2,2,0,1496,1,0
27425,57,4,1,2,0,3431,1,0
12459,29,7,2,3,0,33,0,0
43118,48,10,1,2,0,1571,1,0
7779,29,1,1,0,0,200,1,0
37457,34,4,2,2,0,3821,1,0
33697,29,9,2,1,0,3466,0,0
36617,35,1,1,0,0,159,1,1
37087,29,6,2,1,0,970,1,0
9222,42,4,1,2,0,477,1,0
20966,39,0,0,1,0,399,1,1
11525,55,1,1,0,0,5109,0,0
44053,29,7,2,1,0,0,0,0
19688,35,4,1,2,0,15298,0,0
33872,52,10,1,1,0,94,0,0
5308,39,4,1,1,0,1410,1,0
11772,44,7,1,1,0,179,1,0
13316,30,9,2,1,0,77,0,1
24557,52,4,1,3,0,672,0,1
16272,41,9,1,3,0,-391,1,1
18778,41,9,1,1,0,188,0,1
7404,37,4,1,2,0,-113,1,0
41392,51,4,1,2,0,2635,0,0
11105,52,1,1,1,0,262,0,0
33406,31,7,2,0,0,181,1,0
33949,34,0,2,1,0,-32,0,1
10497,39,10,1,2,0,11787,0,0
38821,24,9,2,1,1,-1329,1,0
36089,54,4,1,2,0,7249,1,1
7564,55,9,0,2,0,0,1,0
33608,31,2,2,2,0,667,1,0
39124,31,7,2,3,0,919,1,0
1089,37,1,1,0,0,321,1,0
2606,42,0,1,1,0,128,1,0
8588,26,1,2,1,0,17891,1,0
35707,51,0,0,1,0,74,1,0
43936,38,8,0,2,0,2946,0,0
194,34,1,1,1,0,243,1,0
27708,42,7,2,3,0,410,0,0
19789,32,9,2,2,0,5204,0,0
17522,42,9,0,1,0,-78,1,1
12802,29,1,1,0,0,0,1,0
21467,49,9,1,1,0,4772,0,0
15684,34,9,2,1,0,5731,1,0
318,40,5,2,0,0,0,0,0
36744,32,3,1,1,0,0,1,0
7774,52,4,1,2,0,1065,1,1
43266,70,5,1,3,0,647,0,0
27717,38,4,0,2,0,0,1,1
43718,50,9,0,1,0,0,1,0
30321,52,7,0,1,0,-57,0,0
15734,47,7,1,1,0,1123,0,1
39597,60,5,1,2,0,846,0,0
36366,44,1,0,1,0,370,1,0
21603,32,9,2,1,0,10,0,0
1573,38,1,1,1,0,468,1,0
38983,27,0,2,1,0,105,1,0
5253,36,1,1,0,0,711,1,0
13673,36,1,1,0,0,0,0,0
38637,40,1,1,0,0,1841,1,0
30542,40,1,1,0,0,533,1,0
31101,74,5,1,1,0,1714,0,0
8416,41,1,2,1,0,948,1,0
35504,34,0,1,1,0,48,1,0
39719,28,4,1,2,0,1109,1,0
8974,53,5,1,1,0,1630,0,0
35886,34,1,1,1,0,0,1,0
12392,31,1,1,0,0,-423,1,1
41651,38,9,2,1,0,1711,0,0
10046,43,9,0,1,0,-191,0,0
13187,34,0,2,1,0,280,0,0
7055,51,9,0,1,0,329,1,0
24705,55,3,2,1,0,1606,0,0
7780,51,9,0,1,0,468,1,0
43360,33,4,2,2,0,4176,0,0
41573,48,4,1,2,0,2351,0,0
1149,38,1,1,1,0,164,1,0
6661,23,1,2,1,0,214,1,0
34466,36,1,1,0,0,378,1,0
24480,58,0,1,1,0,2747,0,0
16198,27,1,2,1,0,148,0,0
34276,34,6,1,1,0,1813,0,0
37393,34,4,2,2,0,29,1,0
2767,52,3,1,1,0,3923,1,0
37145,32,1,2,1,0,2137,0,0
28642,46,4,0,2,0,-154,1,1
14485,38,1,2,2,0,263,1,0
33730,29,4,1,2,0,482,0,0
1555,43,4,0,2,0,0,1,0
13227,54,1,1,0,0,175,0,1
19845,33,4,1,2,0,1585,0,0
5202,26,2,2,1,0,0,1,0
12907,33,7,2,1,0,329,1,1
40401,72,6,1,2,0,132,0,0
42079,26,9,2,1,0,44,0,0
22618,44,9,1,1,0,56,0,0
1512,33,10,1,1,0,229,1,0
10784,38,9,2,2,0,2496,0,0
12751,40,0,1,1,0,1395,1,1
26437,39,1,0,0,0,1317,1,0
7388,42,2,1,1,0,0,1,1
5016,38,6,2,1,0,1146,1,0
34089,25,8,2,1,0,1608,0,0
32082,56,9,1,1,0,3931,0,0
18836,36,4,1,2,0,0,0,1
34389,29,4,2,1,0,3317,0,1
38514,36,1,2,1,0,103,1,0
15319,27,7,1,1,0,891,1,0
18645,38,7,1,1,0,-361,1,0
17141,30,7,0,1,0,704,1,0
20716,38,9,2,1,0,4723,1,0
23853,33,9,1,1,0,8,0,0
41975,59,5,1,2,0,1425,0,0
39554,31,9,2,1,0,138,0,0
6322,30,2,1,1,0,1539,1,1
16824,32,4,2,2,1,62,0,1
13560,37,6,1,2,0,1146,0,1
2625,43,1,1,0,0,17,1,0
35476,27,8,2,1,0,8366,0,0
40058,37,7,2,1,0,1045,0,0
1815,33,1,2,1,0,33,1,0
34995,29,0,2,1,0,305,1,0
16577,59,5,0,1,0,319,0,0
13053,55,5,1,0,0,150,0,0
13557,40,7,1,1,0,105,1,0
14798,42,9,1,1,0,422,1,0
31681,46,0,0,1,0,1198,1,1
4762,57,7,0,1,0,739,1,0
4717,29,7,1,1,0,68,0,0
30078,56,4,1,2,0,856,1,1
27969,43,4,2,2,0,379,1,0
25564,42,4,0,0,0,0,1,0
32121,39,0,2,1,0,238,1,0
11070,37,0,1,1,0,10465,0,0
5897,39,9,1,1,0,501,0,0
34075,54,9,0,1,0,2156,1,0
21333,57,1,1,1,0,1404,0,0
40757,59,5,0,2,0,3444,0,0
17073,32,9,2,1,0,4069,1,0
38209,31,6,1,2,0,1194,1,0
2850,49,10,1,1,0,769,1,0
13463,44,4,2,2,0,1206,0,0
20681,30,4,2,2,0,4210,0,0
20210,45,9,1,2,0,1780,0,0
42134,64,5,1,0,0,5871,0,0
40131,44,9,1,2,0,1933,0,0
39039,29,9,2,2,0,615,1,0
13517,57,5,2,1,0,976,1,0
20300,34,4,2,2,0,421,0,0
31386,34,10,1,1,0,978,0,0
26644,59,4,0,2,0,17056,1,0
34093,43,10,1,1,0,775,0,0
4953,31,9,2,2,0,1887,0,1
9845,53,4,1,0,0,2096,0,0
32992,32,1,1,1,0,298,1,0
33640,34,4,1,2,0,577,1,0
17236,29,7,2,1,0,166,0,1
31779,35,1,1,1,0,1993,1,0
18093,36,9,0,1,0,664,1,1
27401,44,4,1,2,1,0,1,0
33094,37,1,1,1,0,2697,1,0
13115,26,7,2,1,0,-90,0,1
25215,40,4,1,2,0,5,1,0
41848,50,4,1,2,0,469,0,0
2070,42,1,1,0,0,-25,1,0
12541,35,1,1,3,0,-400,1,1
816,31,1,2,0,0,435,1,0
39411,36,4,1,2,0,332,1,0
35990,42,4,1,1,0,3018,1,0
18203,27,7,0,1,0,397,0,1
16043,26,4,1,2,0,877,1,0
18019,57,1,1,0,1,195,0,1
4877,32,1,1,0,0,323,1,0
21094,50,0,1,1,0,697,0,0
669,47,7,0,1,0,201,1,0
12039,55,3,0,3,0,1276,0,0
27857,44,10,2,1,0,3945,0,0
26950,30,4,2,1,0,8101,1,0
9786,44,4,1,2,0,2876,0,0
5410,35,0,0,1,0,579,1,0
33917,49,0,1,1,0,3608,1,0
20123,34,4,0,2,0,4231,1,0
11675,52,1,1,0,0,1624,0,0
12475,43,0,2,1,0,91,0,1
14055,33,9,1,2,0,236,1,0
20247,34,4,1,2,0,1666,0,0
4408,35,2,1,1,0,24,1,0
15568,58,1,1,3,0,64,0,1
28471,26,8,2,3,0,826,0,0
17314,51,1,1,1,0,224,1,1
3807,40,6,1,2,0,1126,1,0
7704,34,9,1,1,0,650,1,0
6707,40,0,1,1,1,-279,1,0
3445,51,1,1,1,0,1779,1,0
33119,34,0,1,1,0,-314,1,1
36204,40,9,2,1,0,3,1,1
6196,59,5,1,1,0,-48,1,0
4798,58,9,1,1,0,8153,1,0
33659,33,9,1,1,0,6947,1,0
8474,57,5,1,1,0,519,1,0
42269,46,4,1,2,0,2671,0,0
38659,40,1,1,1,0,187,1,0
25023,33,7,0,1,0,1529,1,0
22308,35,4,2,2,0,-146,1,0
23409,30,4,2,2,0,4,0,0
41145,65,5,1,1,0,3812,0,0
5974,40,1,1,1,0,5880,1,0
5183,44,1,1,0,0,858,1,0
24858,46,9,1,1,0,68,1,1
21998,44,4,1,2,0,5004,0,0
13538,35,1,1,1,0,0,1,0
8585,54,7,2,1,0,559,1,1
20237,32,0,1,1,0,344,1,1
35726,49,7,1,1,0,4300,1,1
18356,36,1,1,1,0,462,0,0
41176,38,9,1,1,0,10596,0,0
42960,32,9,2,2,0,1527,1,0
13781,38,0,2,1,0,2246,1,0
14585,29,9,1,3,0,2,0,0
36784,51,1,1,0,0,1164,1,0
36052,43,1,1,0,0,-423,1,1
26929,53,7,2,1,0,1162,1,0
28132,57,0,1,1,0,1504,1,0
14897,45,4,1,2,0,2,1,0
34215,36,7,2,1,0,365,0,0
30908,76,5,1,0,0,2590,0,0
43232,36,7,1,1,0,52,1,0
33156,29,0,1,1,0,1489,1,0
39625,36,0,2,2,0,635,0,0
32170,59,1,1,0,0,3302,0,0
20815,48,1,1,1,0,893,0,0
1175,39,1,1,1,0,125,1,0
16746,42,1,1,1,0,634,1,0
13693,56,6,1,1,0,800,0,1
12152,46,4,1,2,0,1489,1,0
29615,38,4,1,2,0,613,0,0
1126,46,9,1,1,0,1571,1,0
445,51,0,0,1,0,228,1,0
17307,29,9,2,1,0,5,1,1
38885,31,4,2,2,0,62,1,0
23491,52,4,1,2,0,168,0,0
15187,48,4,0,2,0,0,0,0
3709,45,9,1,1,0,999,1,0
17512,36,4,2,2,0,8,0,0
12224,45,1,1,1,0,-35,1,1
14526,29,2,1,1,0,926,1,0
41676,70,5,1,2,0,15834,0,0
10788,41,9,1,1,0,1385,0,0
4630,43,1,1,0,1,-635,1,0
8990,60,1,1,1,0,0,0,1
20290,48,1,1,1,0,794,0,0
31089,82,5,1,2,0,278,0,0
38544,28,4,2,2,0,41,1,0
26136,41,9,2,2,0,0,1,0
29674,42,0,2,1,0,400,1,0
10968,42,8,1,3,0,2374,0,0
33583,32,2,1,2,0,281,1,0
41084,36,9,2,1,0,1228,1,0
22977,38,9,1,1,0,-6,0,0
9236,45,1,1,1,0,146,1,1
5408,28,7,1,1,0,2114,0,1
24136,34,4,1,2,0,1770,1,0
27529,32,4,2,1,0,1615,1,0
1739,30,1,1,1,0,-2,1,0
38401,49,6,1,1,0,505,1,0
23723,31,9,2,1,0,182,0,0
3376,29,7,2,1,0,20,1,0
8900,57,1,1,0,0,2892,1,0
19768,44,10,1,2,0,178,0,0
43247,35,4,1,2,0,2161,0,0
32755,37,0,1,0,0,188,1,0
16504,57,5,1,1,0,3382,0,1
35055,34,7,0,1,0,27,1,0
44925,21,9,2,1,0,519,0,0
11071,36,1,1,1,0,2357,1,0
10339,57,2,1,3,0,657,0,0
27535,52,0,1,1,0,4493,0,0
5158,23,1,2,0,0,965,1,0
39902,53,2,1,0,0,55,0,0
38043,40,1,1,0,0,2805,1,0
30286,55,5,1,1,0,529,1,0
39742,31,7,2,1,0,278,0,0
17667,51,4,1,2,1,0,0,1
15970,28,9,2,1,0,0,0,1
11520,57,10,1,2,0,209,0,0
22689,30,9,1,1,0,384,0,0
22412,32,9,2,2,0,388,1,0
44753,40,4,1,2,0,4675,0,0
1466,31,1,1,0,0,68,1,0
14927,36,4,2,2,0,548,1,0
11155,43,7,0,1,0,62,0,0
2496,49,2,0,1,0,159,1,0
10582,38,9,1,1,0,1828,0,0
13114,30,9,1,1,0,139,0,1
28301,29,1,1,0,0,163,1,1
38608,31,3,0,0,0,168,1,0
29394,37,9,1,1,0,318,0,0
4229,29,9,2,1,0,103,0,0
41701,61,4,1,2,0,2931,0,0
35827,41,9,0,1,0,106,1,1
38288,31,1,1,1,0,154,1,1
43144,27,7,2,1,0,195,1,0
5150,31,0,2,2,0,-194,0,0
19366,46,6,1,1,0,716,0,0
359,46,0,2,2,0,377,1,0
28791,56,7,1,1,0,642,1,0
26145,52,4,0,2,0,427,0,1
38701,34,9,1,2,0,11752,1,0
41533,32,4,2,2,0,1954,1,1
35954,42,0,1,1,0,3104,0,0
29230,57,0,1,1,0,567,1,0
26858,51,0,1,1,0,0,0,0
16281,39,1,1,1,0,1508,0,0
36385,35,7,2,1,0,313,1,0
11421,57,5,1,1,0,712,1,1
5671,42,9,0,1,0,-280,1,0
38362,31,0,0,1,0,-254,1,0
39897,55,4,0,2,0,1633,0,0
40278,27,4,2,2,0,20585,0,0
31826,25,0,2,1,0,654,0,0
20294,47,9,1,2,0,1127,0,0
21337,33,9,2,2,0,389,0,0
25028,46,9,2,1,0,1758,1,0
1790,30,1,2,0,0,383,1,0
4729,34,9,1,2,0,0,1,0
28194,47,5,0,1,0,47,0,0
19322,31,6,1,1,0,33,0,0
39165,57,7,0,0,0,2225,1,0
26181,46,4,1,2,0,22452,1,0
36814,59,7,1,0,0,64,1,1
11615,36,6,1,0,0,2022,0,0
15365,30,2,1,2,0,501,1,0
20818,31,9,2,1,0,4,0,0
28473,33,9,2,1,0,145,1,0
26770,33,7,1,1,0,2975,1,0
39866,40,10,2,2,0,7968,0,0
11629,45,9,1,0,0,3388,0,0
37859,38,1,1,0,0,-42,1,0
11203,37,6,1,1,0,2235,0,0
15678,42,9,2,1,0,417,0,0
17324,41,9,0,1,0,611,1,0
9913,36,4,1,2,0,2823,0,0
43822,29,4,1,2,0,8103,0,0
29759,53,9,1,1,0,757,0,0
983,46,0,0,1,0,207,1,0
28375,37,4,1,2,1,-22,0,0
21836,34,9,1,2,0,0,0,0
9777,39,4,1,0,0,1873,0,0
13000,43,11,1,1,0,1926,0,0
9657,60,1,0,0,0,92,1,0
44195,57,1,1,0,0,3498,0,0
22231,47,4,2,2,0,440,0,0
9999,42,9,1,1,0,8036,0,0
25268,34,0,2,2,0,1199,0,0
23587,47,7,1,3,1,0,0,0
34479,46,0,1,1,0,3145,1,0
41670,61,4,1,2,0,1224,0,0
17246,59,3,1,0,0,0,0,1
16064,58,4,1,2,0,2183,1,0
2965,48,7,0,1,0,403,1,0
17372,59,1,0,1,0,-361,0,1
31435,32,4,2,2,0,1613,0,0
38907,32,1,2,1,0,218,1,0
18656,36,9,2,1,0,2921,0,0
4190,40,1,1,1,0,-481,1,1
2373,29,9,2,1,0,544,1,0
35192,33,0,1,1,0,-370,1,0
29470,47,1,2,1,0,152,1,0
24877,48,4,1,2,0,363,0,0
44422,30,0,2,1,0,3528,0,0
19788,51,1,1,0,0,872,0,0
4057,44,1,1,1,0,294,1,0
20865,40,4,1,2,0,143,0,0
14615,41,9,1,1,0,1838,1,0
16645,53,4,1,2,1,-252,0,1
20703,33,9,1,1,0,0,0,0
8592,27,1,2,1,0,6010,1,0
34901,33,10,2,2,0,0,1,0
11012,54,9,2,1,0,770,0,0
5600,32,1,1,1,0,3144,1,0
19669,46,9,0,1,0,-824,1,0
41020,45,4,2,2,0,2067,1,0
8452,28,2,2,1,0,1734,1,0
40632,49,0,0,1,0,1718,0,1
7245,33,9,1,1,0,2099,1,1
24613,41,4,1,2,0,653,1,0
5959,31,4,0,2,0,1145,1,0
43897,31,4,2,2,0,147,0,0
9088,56,1,1,0,0,206,0,0
7600,42,7,1,1,0,508,1,0
40239,23,8,2,0,0,1235,0,0
33765,32,4,2,2,0,2069,0,0
40506,38,10,1,0,0,7005,1,0
7551,37,9,2,1,0,1255,1,0
27293,46,4,2,2,0,653,0,1
18565,49,7,1,1,0,4697,1,0
3443,58,9,1,3,0,49,1,0
18446,58,5,1,1,0,3648,0,0
38287,35,9,2,1,0,705,1,1
14759,32,9,2,1,0,210,1,0
43000,42,1,1,1,0,413,1,0
34882,42,0,1,1,0,1455,1,0
43607,48,1,1,1,0,1730,1,0
6720,25,1,2,1,0,1966,1,0
17516,41,9,1,2,0,354,0,0
9378,41,3,0,0,0,9059,0,0
27033,57,4,2,3,0,5368,1,0
17528,47,7,1,1,0,3333,1,1
41461,64,11,1,3,0,2280,0,0
37410,41,7,1,1,0,471,1,0
33359,44,1,1,1,0,3060,1,0
29964,49,4,1,2,0,20,1,0
30203,56,5,1,1,0,5737,0,0
8575,30,4,2,2,0,7845,1,0
23116,34,9,2,1,0,1974,0,0
5326,28,1,1,1,0,59,1,1
37946,43,1,1,0,0,18,1,0
44481,52,9,1,2,0,0,0,0
32890,28,4,1,2,0,258,0,1
30888,27,0,2,1,0,-550,1,0
14564,56,0,1,1,0,105,0,0
18397,37,1,1,3,0,557,0,0
15521,28,0,2,1,0,305,1,0
3088,31,0,2,1,0,358,1,0
20354,59,9,1,1,0,478,0,0
43591,25,8,2,1,0,108,0,0
19461,37,0,2,2,0,2505,0,0
1454,44,7,2,1,0,1378,1,0
31607,31,0,2,1,0,779,1,1
21625,37,2,1,1,0,46,0,1
22781,55,4,1,2,0,740,0,0
904,33,4,1,2,0,442,1,0
16971,36,3,1,2,0,147,1,1
17841,48,4,1,2,0,14530,1,1
13968,45,1,1,0,0,1145,0,0
28525,27,8,2,3,0,6424,0,0
41190,51,1,1,1,0,1797,1,0
10172,58,9,1,0,0,139,0,0
35324,37,1,1,1,0,7,1,1
7847,35,4,2,2,0,687,1,0
9615,38,1,2,1,0,-56,1,1
35193,29,0,2,2,0,422,1,0
12910,25,9,2,2,0,226,0,0
31026,33,6,1,2,0,627,1,0
2263,33,2,2,1,0,339,1,0
11550,37,0,0,1,0,796,0,0
2594,26,7,2,1,0,8206,1,0
20884,58,4,1,2,0,3948,0,1
23321,59,9,0,1,0,330,0,0
33315,33,9,2,1,0,151,1,0
37855,46,0,1,1,0,-236,1,0
4980,29,1,2,1,0,0,0,0
12250,26,0,2,0,0,-122,1,0
10199,59,4,1,2,0,7049,0,0
5333,36,1,2,1,0,1168,1,0
28007,49,9,1,1,0,177,1,1
9675,52,3,1,0,0,0,0,0
18851,50,9,0,1,0,1591,0,0
278,38,7,2,1,0,570,1,0
39111,53,1,1,0,0,273,1,0
30048,51,1,1,1,0,362,1,1
28658,39,0,2,1,0,163,1,0
24922,34,4,2,2,0,1494,1,0
32112,46,9,1,1,0,2149,1,0
18025,59,4,1,0,0,3831,0,0
28761,45,4,1,2,0,2363,0,0
17760,30,1,1,1,0,7,1,0
42068,21,8,2,0,0,8278,0,0
18520,35,4,2,1,0,3384,1,0
22386,59,5,1,3,0,575,0,0
17785,39,2,1,2,0,345,1,1
3352,50,4,1,2,0,101,1,0
9556,38,7,0,1,0,792,0,0
20755,45,1,1,0,0,6691,0,0
30990,42,4,2,2,0,1285,1,0
44331,61,0,1,3,0,4629,1,0
36754,59,0,1,1,0,92,1,0
11173,36,4,2,2,0,391,0,0
649,41,9,1,1,0,-366,1,1
10644,35,1,2,0,0,3751,0,0
4604,34,7,0,1,0,0,1,1
44710,26,0,2,2,0,760,1,0
20028,54,9,1,2,0,98,0,0
19126,58,4,1,2,0,14922,0,0
42053,66,5,1,2,0,1948,0,0
10716,39,9,0,2,0,1832,0,0
21124,60,3,1,3,0,491,0,0
31339,60,9,1,1,0,1740,0,0
33281,51,9,2,1,0,1153,1,0
34476,42,0,2,1,0,151,1,0
39092,27,1,2,1,0,381,1,0
990,37,10,0,0,0,849,1,0
30226,54,10,2,1,0,3611,1,0
24025,47,0,1,1,0,84,0,0
30492,31,4,1,3,0,68,1,0
44052,39,1,1,0,0,1,1,0
36533,46,0,0,1,0,98,1,1
34595,41,1,1,1,0,992,1,1
30994,32,4,2,2,0,261,0,0
18822,50,10,2,1,0,588,0,0
20904,59,9,1,1,0,3562,0,0
28693,26,3,1,2,0,543,0,0
34874,38,4,2,2,0,171,1,1
16463,44,4,1,2,0,332,1,0
16298,53,5,0,1,0,84,0,0
23441,50,0,1,1,0,715,0,0
40163,31,4,2,2,0,924,0,0
40141,36,4,2,2,0,2163,0,0
26755,42,9,1,1,0,8899,1,0
27926,50,4,0,2,0,1349,1,1
39494,55,5,1,1,0,393,0,1
10394,52,11,1,3,0,1317,0,0
20779,50,6,1,1,0,36,0,0
594,55,7,0,1,0,141,1,0
42902,33,9,2,2,0,696,0,1
28836,29,10,1,1,0,596,0,0
38802,35,1,1,1,0,305,1,0
29157,46,1,0,0,0,216,0,0
3799,47,1,1,1,0,-656,1,0
5329,32,1,1,0,0,225,1,0
44014,31,8,2,2,0,4951,0,0
19157,49,9,1,2,0,3726,0,0
30379,48,1,1,3,0,459,0,0
40811,31,4,1,2,0,199,1,1
33896,31,9,2,1,0,4105,0,0
41783,45,9,1,3,0,886,1,0
1,44,9,2,1,0,29,1,0
15875,47,9,1,1,0,-18,1,0
40316,22,8,2,2,0,1161,0,1
40833,39,0,1,1,0,260,1,0
28969,29,9,2,2,0,2325,0,0
9019,43,3,1,0,0,522,0,0
27247,55,0,1,0,0,319,0,0
1782,39,4,1,2,0,183,1,0
16214,36,9,0,2,0,119,0,0
38823,30,9,1,1,0,769,1,0
38065,39,7,2,1,0,26,1,0
25060,45,1,1,1,0,1678,1,0
20898,33,9,1,1,0,3,0,0
15042,41,3,1,0,0,15,0,1
25683,32,1,1,0,0,66,0,0
12525,26,7,1,1,0,549,0,0
29215,46,4,1,2,0,5261,0,0
30192,37,4,1,2,0,57,0,0
3756,29,7,2,1,0,-142,1,0
40978,77,5,1,1,0,610,0,0
5057,32,9,2,2,0,4665,1,0
34685,40,4,2,1,0,906,1,0
6809,32,0,2,1,0,642,1,0
40221,50,4,0,2,0,151,0,0
34430,34,2,1,1,0,2,1,1
12527,54,10,1,2,0,0,0,1
29431,31,1,1,2,0,433,0,1
10824,47,4,1,1,0,2892,0,0
23774,45,9,1,2,0,265,0,0
10474,37,1,1,0,0,1,1,0
35210,40,7,0,0,0,4,1,0
23197,49,1,1,1,0,2673,0,0
1971,50,1,0,0,0,31,1,0
23050,32,4,1,2,0,-55,1,0
982,33,2,0,2,0,188,1,0
6003,31,7,2,1,0,0,1,0
21642,53,0,1,1,0,172,0,0
23193,53,4,1,2,0,2094,0,1
15633,41,9,1,1,0,525,1,0
2359,24,9,2,1,0,-192,1,0
13595,30,1,2,1,0,214,1,0
5219,32,7,2,1,0,-408,1,0
29625,26,1,2,1,0,184,0,0
23792,42,9,1,1,0,0,0,0
22910,34,4,1,1,0,333,0,0
39610,31,4,1,2,0,2196,1,0
6097,32,0,2,1,0,-15,0,0
34701,34,9,2,1,0,513,1,0
41320,62,10,1,1,0,780,0,0
13506,37,4,1,3,0,247,0,0
16543,35,9,1,2,0,-290,1,1
8872,49,4,1,1,0,362,1,0
21335,43,4,1,2,0,13044,0,0
20362,36,9,0,1,0,487,0,1
14602,29,1,1,1,0,162,1,0
37934,31,1,2,0,0,864,1,0
30251,48,1,1,1,0,194,1,0
1365,36,7,2,1,0,-45,1,0
37762,57,7,1,1,0,0,1,0
16096,39,6,1,2,0,127,0,0
21940,51,0,1,0,0,173,0,0
26886,40,10,1,1,0,3430,1,0
8436,58,5,1,1,0,3909,1,0
32640,38,9,1,1,0,2264,1,0
22390,49,4,2,2,0,0,0,0
13148,28,1,1,1,0,2322,0,0
18664,40,2,1,1,0,-125,0,1
41326,42,0,1,1,0,1535,1,0
33000,35,4,2,2,0,1045,1,0
1515,33,1,2,1,0,56,1,0
8096,35,7,1,1,0,5029,1,1
20610,57,5,1,2,0,0,0,0
34667,48,1,1,1,0,2345,1,1
2828,40,10,1,1,0,3382,1,0
16019,32,10,1,2,0,283,1,0
27191,58,4,1,2,0,96,0,0
24031,51,1,1,1,0,4695,0,0
39957,40,8,2,1,0,595,1,0
9814,49,7,1,1,0,3169,0,0
44344,30,0,2,2,0,8,0,1
23881,56,7,1,3,0,628,0,0
23613,48,9,1,1,0,1548,0,0
39640,28,9,2,1,0,6551,0,0
13172,52,9,1,1,0,786,0,0
17394,55,4,0,2,0,141,1,0
29622,36,4,2,2,0,219,0,0
30671,31,4,1,2,0,140,0,0
14076,27,0,2,1,0,428,0,1
11448,41,1,0,1,0,3622,0,0
31689,36,0,1,1,0,1588,1,0
23279,39,4,1,2,0,1041,0,0
8800,21,1,1,0,1,-426,0,0
8947,27,7,2,1,0,201,1,0
39944,34,0,2,1,0,0,1,0
41727,42,10,1,2,0,0,0,0
4532,34,7,2,2,0,371,0,0
24677,38,10,2,2,0,324,1,0
19047,52,9,1,3,0,989,0,0
8049,37,7,1,1,0,741,1,0
39334,33,9,2,1,0,-363,1,0
39978,31,9,2,2,0,882,0,0
17290,58,3,1,0,0,435,1,0
25131,34,1,1,0,0,2320,1,0
28219,35,0,2,1,0,111,1,0
16401,48,7,0,0,0,2805,0,1
32872,46,4,1,1,0,790,1,0
25485,39,4,2,2,0,1682,1,0
33922,48,1,1,1,0,292,0,0
38059,39,1,1,0,0,-223,1,0
10450,46,9,1,2,0,4176,1,0
43238,83,5,1,2,0,4761,0,0
15866,58,5,2,0,0,6570,0,0
33135,47,4,1,0,0,1122,1,0
40929,46,10,1,1,0,1040,0,0
37966,36,4,1,2,0,-296,1,0
17317,28,0,2,2,0,1104,1,0
6946,32,0,2,1,0,73,1,0
6725,26,9,1,1,0,876,1,0
486,43,1,0,1,0,110,1,1
24354,42,6,1,1,0,5564,0,0
6546,39,4,1,2,0,1598,1,1
10493,38,1,0,1,0,727,1,0
4447,32,1,1,0,0,0,1,0
39623,29,7,1,1,0,1135,1,0
22235,31,4,2,2,0,284,0,0
41119,36,0,1,1,0,953,1,0
11915,52,7,1,0,0,911,0,0
19006,41,9,1,2,0,515,0,0
44285,27,4,2,2,0,102,0,0
43994,57,9,1,1,0,363,0,0
33112,31,4,0,2,0,1742,1,0
26082,33,4,1,2,0,621,0,0
25738,57,5,1,0,0,6969,0,0
26138,52,1,1,1,0,8979,1,0
20823,52,9,0,1,0,152,0,0
32464,40,1,1,1,0,750,1,1
27108,51,1,1,1,0,8486,1,1
9055,57,4,1,1,0,4046,0,1
13073,36,0,1,1,0,68,0,1
40481,82,5,1,0,0,8603,0,0
18307,23,3,1,2,0,1226,0,0
3748,32,7,0,1,0,-115,1,0
42011,60,3,1,0,0,182,0,0
27034,47,4,1,3,0,641,0,0
19233,38,4,1,2,0,184,0,0
26548,42,7,2,1,0,7704,1,0
112,56,6,1,0,0,-34,1,1
40514,49,3,1,0,0,889,0,0
16961,38,9,2,1,0,294,0,1
31565,42,9,1,2,0,782,0,0
10523,43,9,1,3,0,1156,0,0
7011,27,4,2,2,0,731,1,0
14204,35,9,1,1,0,483,1,0
19865,57,0,1,0,0,853,1,0
29664,33,0,2,1,0,901,0,0
17753,43,10,1,2,0,-7,1,1
33347,36,1,1,0,0,4693,1,0
18504,45,4,1,0,0,1533,0,0
10404,50,9,1,2,0,1347,1,1
38816,23,8,1,2,1,-230,1,0
37138,33,1,1,1,0,308,1,0
1590,47,9,0,1,0,699,1,0
11399,40,1,1,1,0,3316,0,0
17304,33,7,1,1,0,837,1,0
26975,32,1,1,1,0,5164,0,0
20545,35,6,1,1,0,0,0,0
27242,42,4,1,2,0,6080,0,0
24214,54,1,1,0,0,69,0,0
1443,48,0,0,1,0,267,0,0
22355,32,9,1,1,0,14,0,0
42119,25,10,1,1,0,1404,1,0
26921,50,4,0,2,0,2564,1,0
25899,33,4,2,2,0,1998,0,0
34417,40,1,1,1,0,195,1,0
29579,48,1,2,1,0,312,1,1
26262,40,3,0,1,0,1194,1,0
589,37,1,1,0,0,-325,1,1
13970,51,6,1,2,0,126,1,0
37733,28,9,2,2,0,375,1,0
31628,26,8,2,2,0,1804,0,0
24465,51,9,2,1,0,17092,0,0
9282,38,8,2,2,0,1523,1,0
7927,37,0,1,1,0,-47,1,0
7087,43,4,1,2,0,724,1,0
14071,34,4,2,2,0,9,0,0
11589,29,9,1,1,0,7836,1,0
1975,48,1,1,0,0,231,1,0
34485,53,9,0,1,0,258,1,1
9477,59,5,1,0,1,-488,0,1
14620,47,3,1,0,0,0,1,0
32398,48,0,2,1,0,6627,1,0
30548,32,4,2,2,0,0,0,0
8495,30,4,2,2,0,149,1,0
38237,22,1,2,1,0,-51,1,0
21789,53,1,1,1,1,-634,0,0
17513,57,7,1,0,0,1700,1,0
8899,35,1,1,0,0,162,1,0
31510,22,8,2,1,0,722,1,0
4941,54,4,0,2,0,487,1,0
10216,58,5,1,0,0,5092,0,0
37990,30,1,1,1,0,378,1,0
22100,53,1,1,1,0,-31,0,0
18449,53,10,1,1,0,4487,0,0
28315,31,7,2,2,0,1025,0,0
1043,40,1,1,1,0,4,1,1
6719,36,1,1,1,0,21,1,0
28943,47,9,1,1,0,349,1,1
30347,59,9,1,1,0,2613,0,0
10271,34,1,1,1,0,352,1,0
7048,51,2,1,3,0,606,1,0
16524,33,1,2,2,0,457,1,0
3103,29,1,1,1,0,424,1,1
27019,30,4,2,2,0,376,1,0
39402,59,7,2,1,0,0,0,0
28852,32,4,1,0,1,-1161,1,1
4859,36,9,2,1,0,656,0,0
30068,42,1,0,1,0,1450,0,0
26604,31,1,1,1,0,10287,1,0
5912,35,9,1,1,0,23,1,0
39395,27,9,0,1,0,1977,1,0
37828,48,1,0,1,0,65,1,0
43985,37,0,2,1,0,16,0,0
30760,27,1,1,1,0,1024,0,0
26185,39,2,1,1,0,5562,0,0
7258,30,0,0,0,0,1032,1,0
23767,41,9,0,1,0,195,0,0
31012,38,4,1,2,0,184,0,0
29193,38,1,1,0,0,489,1,0
18803,42,8,1,3,0,-7,0,0
9967,49,4,1,1,0,321,0,0
21306,42,4,0,2,0,624,0,0
7644,42,9,1,1,0,-350,1,1
1817,50,7,1,2,0,218,1,0
7983,27,1,2,1,0,535,1,0
9619,37,6,1,2,0,0,0,0
16325,44,1,1,1,0,23,0,0
672,49,6,1,1,0,1,1,0
11571,46,1,1,3,0,626,1,0
11927,47,9,1,1,0,44,0,0
7734,41,0,1,1,0,-111,1,0
5495,32,1,2,1,0,1342,1,0
7248,49,0,0,1,0,266,1,0
29104,31,9,0,1,0,304,0,0
22833,59,5,1,0,0,255,0,1
44061,53,7,0,1,0,36,1,1
34500,51,4,1,2,0,630,1,0
9321,56,4,0,2,0,0,0,0
4547,33,7,1,1,0,403,1,0
21962,36,9,2,1,0,1044,1,0
31378,26,4,2,2,0,2786,0,0
14398,43,0,1,2,0,189,1,0
7776,35,8,2,1,0,2960,1,0
10981,48,0,1,1,0,306,0,1
3779,40,0,0,1,0,783,1,1
25392,40,0,0,1,0,399,1,1
4486,27,9,2,2,0,-291,1,0
24621,56,3,1,0,0,1168,0,0
5791,27,9,2,1,0,162,0,0
27598,35,4,0,2,0,538,1,0
21461,60,7,1,0,0,808,0,0
11572,42,7,0,1,0,241,1,0
29372,35,0,1,1,0,287,1,0
11020,37,4,2,2,1,-25,0,0
24706,43,4,2,1,0,469,1,0
10682,35,1,1,3,0,75,1,0
3567,24,1,2,0,0,758,1,0
26553,46,4,1,2,0,197,0,0
40477,62,4,1,2,0,2785,0,0
17611,42,4,1,1,0,1018,0,0
22447,57,1,1,0,0,1075,0,0
36182,55,5,0,1,0,13,1,0
39362,28,1,1,1,0,1113,1,0
27218,50,9,1,1,0,2497,1,0
24335,52,7,1,2,0,3094,1,0
18942,49,0,1,1,0,949,0,0
16334,45,9,2,2,0,88,0,0
6186,32,1,1,0,0,-11,1,0
5501,34,1,2,1,1,-369,1,0
34046,52,6,1,2,0,6657,0,0
13990,29,9,2,1,0,3527,0,1
23695,35,9,2,2,0,0,1,0
43620,80,5,1,0,0,155,0,0
6796,46,1,0,1,0,1815,1,0
5261,37,9,2,1,0,6714,1,0
6017,29,6,1,1,0,0,0,0
22877,45,7,1,1,0,222,0,0
42984,70,5,1,0,0,579,0,0
20792,49,1,1,0,0,67,0,1
4354,31,1,1,0,0,352,1,0
2330,31,1,1,1,0,472,1,0
17415,36,4,2,2,0,1743,1,0
4770,34,1,1,1,0,120,1,0
39860,45,4,1,2,0,1788,0,0
39350,29,4,2,2,0,722,1,0
10042,28,0,2,1,0,267,1,0
2398,33,1,1,0,0,1309,1,0
5288,32,4,2,1,0,-32,1,0
3508,36,1,2,1,0,1392,1,0
3865,44,7,1,1,0,0,1,1
8262,29,1,1,1,0,1492,1,0
41422,30,0,2,1,0,0,0,0
15533,42,1,2,2,0,1736,0,0
8081,51,4,0,2,0,6,0,0
29445,50,3,2,0,0,1158,1,0
3834,24,9,2,1,0,3926,1,0
41791,62,4,1,2,0,0,0,0
11608,35,10,1,1,0,2228,0,0
44255,60,10,1,0,0,0,0,0
27951,34,6,2,2,0,36,0,0
8754,29,7,2,1,0,-565,1,0
31054,48,4,2,2,0,5689,0,0
5387,42,4,2,2,0,422,1,0
38299,30,9,2,2,0,1323,1,0
44292,44,6,0,1,0,8,0,0
9416,37,6,2,2,0,1004,1,0
36126,31,7,2,1,0,166,1,0
20626,54,1,1,0,0,1173,0,0
38255,39,1,2,3,0,10,1,0
25470,38,2,1,2,0,83,1,0
16498,26,4,2,2,0,2356,1,0
18417,35,0,0,1,0,-218,0,1
34824,45,10,1,1,0,56,1,0
3235,54,9,0,1,0,1705,1,0
38967,34,1,1,0,0,363,1,0
30274,32,0,2,1,0,642,1,0
1278,45,1,1,0,0,85,1,0
39581,54,9,1,2,0,6507,0,0
27795,43,9,1,1,0,3049,0,0
30539,44,10,0,2,0,0,0,0
16125,31,4,2,2,0,4331,1,0
12586,30,2,1,2,0,-130,1,1
13095,45,9,0,1,0,12389,0,1
33069,32,4,2,2,0,656,1,1
16013,33,9,1,2,0,0,1,0
44020,60,5,1,1,0,11,0,0
23010,46,1,1,1,0,3,0,0
45014,36,1,2,2,0,1830,0,0
1099,31,7,2,1,0,671,1,0
35276,34,9,1,1,0,-1490,1,1
26295,39,9,2,1,0,1104,0,0
27944,57,5,0,1,0,316,0,0
2585,46,4,1,2,0,618,1,0
33641,29,7,1,1,0,0,1,1
43262,52,10,1,1,0,1416,0,0
2881,48,9,1,1,0,7373,1,0
3751,34,6,1,2,0,1029,1,1
14836,59,4,1,2,0,3998,1,0
15895,50,1,1,0,0,421,1,0
10862,42,7,0,3,0,651,0,0
36804,38,7,2,1,0,895,1,0
43843,28,1,2,1,0,-46,1,0
4407,39,1,1,1,0,298,1,0
41353,27,8,2,2,0,118,0,0
26716,31,0,2,1,0,6981,1,0
30182,34,7,2,0,0,496,1,0
34607,30,6,2,1,0,280,0,0
29821,39,9,1,3,0,931,1,0
27679,36,4,2,2,0,515,1,0
33141,35,4,1,2,0,1473,1,0
13878,36,7,0,1,0,82,1,0
42874,76,5,1,0,0,2223,0,0
16265,53,0,2,1,0,291,0,0
2271,38,1,1,1,0,332,1,0
39526,27,9,2,2,0,11862,0,0
14156,39,1,1,0,0,0,1,0
10080,27,9,2,3,0,555,0,0
43119,43,6,1,2,0,10072,0,0
4376,49,7,2,1,0,459,1,0
958,38,7,1,1,0,-32,1,0
23603,42,9,1,1,0,3,0,0
17924,42,7,2,3,0,974,0,0
13168,57,0,1,1,0,2137,0,0
24271,44,9,0,1,0,275,0,0
40443,56,5,1,1,0,1044,0,0
32997,36,1,1,1,0,0,1,0
39343,23,7,2,1,0,1393,1,1
9220,45,7,1,1,0,1550,1,0
36374,57,9,0,1,0,99,1,0
20201,46,6,1,1,0,942,0,0
35939,52,1,1,0,0,1705,0,0
4493,37,9,1,1,0,439,1,0
4659,32,9,1,1,0,908,1,0
44235,46,1,1,1,0,6879,0,0
25439,33,1,1,0,0,3074,0,0
27346,48,1,2,1,0,-552,0,1
37371,38,7,2,1,0,2253,1,0
18161,59,5,0,1,0,679,0,0
32400,36,0,2,2,0,918,1,0
17551,59,2,1,1,0,1085,0,1
13323,36,4,2,2,0,-74,1,1
297,24,8,2,1,0,82,1,0
13546,39,1,1,1,0,750,1,1
9006,36,4,1,3,0,0,0,0
2627,48,4,1,2,0,489,1,0
1608,44,4,1,1,0,576,1,0
11117,29,1,1,1,0,-565,1,0
5546,40,1,1,0,0,278,1,0
2380,32,7,2,1,0,-121,1,1
32049,54,3,1,3,0,0,0,0
18705,35,7,1,1,0,181,1,0
17334,55,9,2,2,0,-528,0,0
7750,46,9,1,1,0,49,1,0
12268,55,4,1,2,0,5804,0,0
23827,32,9,2,1,1,-1,0,0
33246,31,1,2,1,0,88,1,0
7136,54,0,1,2,0,-690,1,1
19312,48,9,0,2,0,855,0,0
1972,35,1,1,1,0,73,0,0
34119,44,1,1,1,0,630,0,0
28614,47,5,1,2,0,1225,1,1
21972,60,5,1,1,0,208,0,0
42299,25,9,2,1,0,5695,0,0
10881,39,4,1,2,0,2043,1,0
42484,40,4,2,2,0,3797,0,0
13939,34,4,2,2,0,1171,1,0
250,49,0,1,1,0,428,1,0
13576,47,7,1,1,0,0,1,0
32313,38,9,1,2,0,1004,1,0
14077,38,9,2,1,0,31,1,0
25267,33,7,1,1,0,703,0,0
18260,45,1,1,1,0,726,1,0
16667,33,9,1,1,0,346,1,1
13461,40,0,1,1,0,0,1,1
21661,34,9,1,1,0,56,0,0
18500,39,4,2,2,0,2258,1,0
37012,40,4,1,2,0,964,1,0
37004,42,0,0,1,0,154,1,0
25539,33,4,2,2,0,659,1,0
19216,56,5,1,1,0,0,0,0
31343,45,9,0,2,0,10768,1,0
28346,27,10,1,1,0,1167,0,0
9323,60,9,0,1,0,0,0,0
16566,25,4,2,2,0,137,1,0
4262,49,1,1,0,0,1536,1,0
22431,36,4,2,2,0,1520,0,0
44173,86,5,1,0,0,1255,0,0
7175,36,1,1,1,0,722,1,0
14210,42,3,1,3,0,302,1,0
36616,60,5,0,2,0,-134,0,0
4480,33,3,1,2,0,4958,1,0
32372,36,1,2,0,0,736,1,0
25951,47,1,0,0,0,551,1,0
9783,58,2,1,2,0,2920,1,0
43634,26,8,2,1,0,440,0,0
24751,45,9,1,1,0,2269,1,0
18834,35,3,1,2,0,303,0,0
18425,47,1,1,1,0,846,1,0
43049,27,4,2,2,0,-69,1,0
11211,39,7,1,2,0,6497,0,0
33865,41,4,1,2,0,2226,0,0
31599,40,2,1,2,0,2644,1,0
15022,27,0,2,1,0,180,0,1
28124,49,4,0,2,0,557,1,0
21984,30,4,1,2,0,294,0,0
9983,41,9,2,1,0,0,0,0
29259,53,9,1,1,0,4930,0,1
10487,56,3,1,0,0,657,0,0
11884,50,1,0,3,0,2812,1,0
9118,39,7,1,1,0,0,0,0
30732,26,7,2,2,0,1140,1,0
39364,42,1,1,1,0,366,1,0
11216,56,7,1,3,0,616,0,0
5176,53,1,1,1,0,1023,1,0
8813,28,10,2,1,0,559,1,0
351,45,1,1,1,0,66,1,0
22276,32,9,2,2,0,178,0,0
80,45,0,2,1,0,206,1,0
17061,59,3,0,0,1,0,0,1
29774,38,0,2,1,0,221,1,0
10918,43,1,1,0,0,103,1,0
21900,47,7,1,0,0,0,1,1
30463,28,4,2,2,0,810,1,0
2210,31,1,1,0,0,-464,1,1
24148,59,9,1,2,0,6573,1,0
41784,49,0,1,1,0,197,1,0
18625,49,4,0,2,0,755,0,0
44927,21,8,2,1,0,57,0,0
9147,29,1,1,1,0,185,1,1
17202,35,6,1,1,0,5613,1,0
37443,35,7,2,1,0,0,1,0
17768,36,0,2,1,0,686,1,0
20109,44,9,1,1,0,5163,0,0
31380,53,9,1,1,0,10185,0,0
30918,28,0,2,1,0,659,0,0
20391,56,11,1,3,0,15088,0,0
13796,41,1,1,0,1,76,0,1
21632,31,4,2,2,0,0,0,0
1881,30,7,1,0,0,21,1,0
41977,46,0,1,1,0,0,1,0
44066,67,5,1,2,0,1948,0,0
26650,44,6,2,2,0,18558,1,0
32146,62,1,1,1,0,180,0,0
37389,33,4,0,2,0,5550,1,0
29660,32,4,1,2,0,272,1,0
17118,58,5,2,0,0,999,0,0
37719,23,0,2,1,0,21,1,1
27635,41,4,1,2,0,4063,1,0
34029,35,9,1,1,0,518,1,0
34262,41,0,1,2,0,1536,0,0
18181,59,4,1,2,0,123,1,0
20095,39,4,1,2,0,380,0,0
37219,38,4,1,2,0,2278,1,1
1528,32,10,2,1,0,177,1,0
24869,40,7,0,1,0,1155,0,1
14642,28,10,2,1,0,-34,0,0
17206,46,0,1,1,0,31,1,1
31328,53,7,0,1,0,0,0,0
27008,45,0,0,1,0,2519,0,0
27873,43,1,1,0,0,2317,0,0
11042,56,1,1,0,0,288,0,0
36785,42,7,0,1,0,257,1,0
2601,44,9,1,1,0,3790,1,0
31296,23,9,2,1,0,3092,0,0
937,52,0,1,1,0,31,1,0
33373,42,1,1,1,0,2717,1,1
19718,46,7,1,1,0,678,0,0
41198,35,4,2,2,0,1756,0,0
37045,33,4,0,2,0,312,1,1
13433,36,0,2,1,0,281,0,0
1221,41,0,2,1,0,1715,1,0
17426,29,7,1,1,0,417,1,0
41919,67,5,1,2,0,3810,0,0
20488,31,4,1,2,1,-253,0,0
18371,37,1,1,1,0,2924,0,0
26554,40,0,1,1,0,7711,1,0
25503,54,4,1,2,0,6525,1,0
36197,52,7,0,1,0,43,1,1
38210,34,4,2,2,0,4782,1,0
919,37,10,0,1,0,74,1,0
8821,29,7,2,1,0,32,1,0
6284,32,0,1,1,0,-370,1,0
24837,36,1,1,3,0,722,1,0
11060,46,4,0,2,0,25,0,0
39360,29,10,2,2,0,497,1,0
4381,44,7,1,0,0,1161,1,0
6854,57,5,1,2,0,0,1,1
12814,25,9,2,2,0,437,0,1
38844,22,7,2,1,0,344,1,0
19003,32,4,1,2,0,440,0,0
44223,32,7,1,0,0,164,1,0
42273,37,0,2,1,0,115,0,0
17428,57,5,0,0,0,0,0,0
29225,31,4,2,2,0,630,0,0
6731,27,9,1,1,0,58,1,0
44556,35,4,1,2,0,2717,0,0
6739,60,1,1,0,0,228,1,0
16497,36,0,1,1,0,212,1,1
37528,39,4,2,2,0,30,1,0
37912,37,1,1,1,0,561,1,0
18374,59,5,1,0,0,3079,0,0
34957,29,4,2,2,0,471,1,0
2010,33,1,2,0,0,447,1,0
20806,39,4,1,2,0,-974,0,1
25767,41,1,1,1,0,1011,1,0
7031,41,7,1,1,0,803,1,0
39567,34,4,1,2,0,47,0,0
2145,33,0,2,1,0,395,1,0
10973,37,4,1,2,0,1170,0,1
41192,28,8,2,1,0,1925,0,0
273,56,2,0,1,0,155,0,0
18231,44,7,1,1,0,742,0,0
41466,53,3,1,1,0,1182,1,0
14687,42,7,1,1,0,0,0,0
38513,30,1,1,1,0,3,0,0
25005,50,7,1,0,0,1260,0,0
34243,33,7,2,1,0,489,1,0
36068,44,0,2,1,0,985,1,1
15038,55,10,0,1,0,79,1,0
38892,40,1,1,0,0,2502,1,0
16658,52,1,1,0,0,117,0,1
39993,32,4,1,2,0,3154,0,0
20496,38,4,0,2,0,554,0,0
18512,35,9,1,1,0,-195,0,0
4479,39,5,1,1,0,439,0,0
35522,29,1,1,1,0,-20,1,0
28716,27,0,2,1,0,116,0,0
7403,39,1,0,1,0,94,1,0
31192,42,10,1,2,0,576,0,0
14270,29,1,2,0,0,10,0,0
305,50,9,1,1,0,1234,1,0
28366,34,1,2,1,0,381,1,0
37189,42,2,1,0,0,759,1,0
3966,58,1,1,1,0,886,0,0
30696,67,5,2,0,0,491,0,0
42958,36,9,2,1,0,27,1,0
17968,43,1,2,1,0,99,0,0
34627,35,4,1,2,0,76,0,0
6216,41,7,1,1,0,33,1,1
17306,27,9,1,1,0,0,1,1
42198,79,5,1,1,0,2661,0,0
25176,34,7,0,1,0,107,0,1
23135,46,7,1,1,0,12,0,0
36524,45,7,1,0,0,627,1,0
31179,34,1,1,0,0,-398,1,0
20888,53,9,0,1,0,1950,0,0
16734,46,4,0,1,0,145,1,0
40279,26,0,1,1,0,1595,0,0
12468,29,7,2,1,0,1357,0,1
11767,58,5,1,1,0,5523,0,0
37092,38,0,1,1,0,3632,1,1
21558,34,9,1,1,0,30,0,0
32287,46,1,2,0,0,96,1,0
7871,58,4,1,0,0,320,1,0
15128,39,7,0,1,0,282,1,0
37271,35,7,2,1,0,143,1,1
17289,26,1,2,1,0,0,0,0
7266,54,4,1,2,0,2452,1,0
28152,36,7,0,1,0,532,1,0
2331,28,1,1,1,0,-95,1,0
3749,31,1,1,1,0,92,1,0
35765,43,7,1,1,0,177,1,0
35462,30,0,2,1,0,239,1,0
22292,40,9,1,1,0,318,0,0
34091,52,1,1,1,0,1319,0,0
2892,53,4,1,2,0,4446,1,0
23100,60,0,1,0,0,41,0,0
36924,29,7,0,1,0,161,1,1
11385,41,0,1,1,0,2,1,0
17677,52,0,1,1,0,5517,1,1
24478,56,4,0,2,0,968,0,0
17320,43,4,1,2,0,-391,1,0
42688,30,4,2,2,0,720,0,0
15359,29,2,1,0,0,519,1,0
36475,31,0,1,1,0,1331,1,0
40440,45,0,1,3,0,5511,0,0
2708,33,1,1,2,0,221,1,0
10184,56,1,1,1,0,0,0,0
22009,47,9,1,1,0,52,0,0
12296,47,9,1,1,0,80,0,1
41952,69,4,1,1,0,4,0,0
36521,34,1,1,1,0,2,1,0
3251,45,1,1,1,0,-149,1,0
28728,29,7,2,3,0,196,0,0
7159,53,6,1,2,0,451,1,0
2413,39,4,2,2,0,595,1,0
17563,48,9,1,3,0,5176,0,0
31427,57,9,1,1,0,3858,0,0
26936,58,5,0,3,0,5920,1,0
19194,56,5,1,1,0,753,0,1
22024,59,5,1,0,0,2568,0,0
35920,31,1,0,0,0,1,1,0
14740,54,9,0,1,0,765,1,1
30433,29,1,2,0,0,365,1,1
32667,40,9,0,1,0,300,1,1
16338,30,1,2,1,0,0,1,0
18279,59,1,0,0,0,4399,1,0
11104,29,3,1,1,0,1104,1,0
22030,54,6,1,2,0,0,1,0
12189,33,1,2,1,0,45,0,0
41256,51,3,1,3,0,2337,1,0
7612,37,9,2,1,0,428,1,0
41554,73,5,1,3,0,739,0,0
15742,32,4,0,2,0,1486,1,0
16048,52,4,2,2,0,269,0,1
30826,51,0,0,1,0,2785,0,0
34335,39,4,2,2,0,2454,1,0
23654,39,9,1,2,0,0,0,0
3918,42,1,1,1,0,314,1,1
1140,46,1,2,2,0,460,1,0
10132,60,5,1,0,0,6307,1,0
40847,33,4,2,2,0,312,0,0
15119,50,1,1,0,0,216,1,0
26288,33,1,1,1,0,1402,0,0
3010,48,1,2,1,0,8982,1,0
6920,33,0,2,0,0,-258,1,0
12234,47,7,1,1,0,0,0,1
6341,51,9,1,1,0,-1042,1,0
26273,41,9,1,1,0,4711,1,0
41447,65,3,1,0,0,2179,1,0
8653,32,7,1,1,0,2796,1,0
32557,52,5,0,0,0,-779,1,1
2108,31,4,2,2,0,4509,1,0
15536,53,10,1,3,0,210,1,0
20903,30,4,2,2,0,717,1,0
4985,31,0,2,2,0,1583,1,0
12089,53,0,1,1,0,3765,0,0
43791,33,7,2,1,0,2881,0,0
41487,18,8,2,3,0,108,0,0
9098,48,4,1,2,0,2960,0,0
18976,42,9,1,1,0,4837,0,0
42795,82,3,0,0,0,1381,0,0
22050,46,1,1,1,0,123,0,0
33350,43,1,1,0,0,517,1,0
41406,83,5,0,0,0,0,0,0
33191,29,1,2,1,0,262,1,0
28786,34,3,2,0,0,443,0,0
40607,46,6,2,1,0,526,0,0
5428,32,1,2,1,0,3,1,0
44618,60,4,1,2,0,474,0,0
8438,38,4,1,2,0,1221,1,0
23200,37,6,1,1,0,487,0,1
44040,33,9,2,1,0,555,0,0
19450,31,9,2,2,0,418,0,0
38424,39,0,1,1,0,-650,0,0
10928,39,4,2,1,0,1103,0,0
14183,35,9,1,1,0,0,0,0
39201,28,2,2,2,0,224,1,0
19209,45,1,1,3,0,3114,0,0
37463,56,9,1,3,0,84,1,0
3856,40,4,0,2,0,37,1,0
17048,59,5,1,1,0,377,0,1
25960,53,6,1,2,0,2580,1,0
19560,30,9,2,1,0,-127,0,0
30922,39,1,1,1,0,20,1,0
19775,32,9,1,1,0,9608,0,0
31470,40,1,1,0,0,442,1,0
30342,27,6,2,1,0,923,0,0
18594,49,4,0,2,0,2564,1,0
11898,54,6,0,2,0,1323,0,0
43687,50,9,1,2,0,2611,0,0
36710,31,1,2,1,0,4978,1,0
30313,26,7,2,1,0,598,1,0
15537,60,5,0,1,0,2047,1,0
40905,26,7,2,1,0,50,1,0
10717,60,5,2,0,0,470,0,0
4605,33,1,1,0,0,3512,1,0
40941,32,9,2,2,0,1246,1,0
580,39,1,0,0,0,190,1,1
15559,40,6,1,1,0,1893,0,0
33988,26,9,2,2,0,2781,1,0
40691,59,3,1,1,0,0,0,0
1259,33,1,1,0,1,-744,1,0
14542,52,2,1,1,1,-36,0,1
32315,48,7,1,1,0,543,1,0
35728,40,0,1,1,0,526,1,0
38689,40,0,2,1,0,1112,1,0
7554,44,7,2,1,0,-389,1,0
42193,76,5,1,1,0,2302,0,0
10648,59,1,1,0,0,416,0,0
348,44,7,1,2,0,510,1,0
43874,51,4,1,2,0,0,0,0
34483,30,1,1,1,0,61,1,0
43225,30,9,1,2,0,3192,1,0
13341,49,9,1,1,0,0,0,1
38227,32,1,0,1,0,91,1,0
20021,54,7,1,1,0,196,0,0
29768,39,7,1,1,0,105,0,0
36742,36,2,2,0,0,5,0,0
9879,50,2,1,2,0,861,0,0
31119,68,5,1,1,0,445,0,0
44342,35,4,2,2,0,2187,1,0
8314,43,1,1,0,0,7343,1,0
10237,38,1,2,2,0,797,1,0
39134,39,1,1,1,0,161,1,0
20970,53,1,1,1,0,427,0,1
9707,52,11,1,0,0,547,0,0
44558,30,9,2,1,0,0,0,0
29849,40,1,1,3,0,1181,1,0
20726,45,0,1,1,1,-571,0,0
1652,42,1,1,1,0,117,1,0
25587,33,9,1,1,0,1234,0,0
15368,43,4,1,2,0,0,0,0
12432,45,0,2,1,0,-342,0,1
37784,31,1,2,0,0,538,1,0
41433,24,8,2,1,0,154,0,0
5527,33,1,1,1,0,0,0,0
10779,39,0,2,2,0,2600,1,0
42507,62,5,1,2,0,0,0,0
41007,74,5,0,0,0,166,0,0
28997,56,10,1,1,0,0,0,0
32190,37,4,2,2,0,876,1,0
15840,47,1,1,1,0,1484,0,0
15141,45,7,2,1,0,71,1,0
33630,35,1,1,1,0,731,1,0
32934,37,1,1,0,0,1796,1,1
3793,56,5,1,1,0,3690,1,1
12613,26,0,1,1,0,-401,1,1
8446,55,0,0,1,0,873,1,1
8848,30,4,2,2,0,635,1,0
15643,32,4,2,2,0,14,0,1
34706,42,7,1,1,0,96,1,0
5169,32,1,1,0,0,159,1,0
7547,50,2,1,0,0,237,1,1
15748,42,10,1,3,0,970,1,0
27039,32,9,1,1,0,5626,1,0
23399,50,9,0,1,0,376,0,0
19120,47,3,1,0,0,32,0,0
18128,42,7,0,1,0,732,0,0
25980,59,4,1,2,0,10114,0,0
7608,58,5,1,1,0,1874,0,0
17958,50,1,1,1,0,917,1,0
2429,25,7,2,1,0,382,1,0
24127,51,0,2,1,0,3132,0,0
18821,50,10,1,1,0,297,1,0
23346,41,4,1,2,1,852,1,1
13947,37,10,2,2,1,0,1,0
28020,45,9,1,1,0,297,0,0
19726,33,9,1,1,0,2376,0,0
33974,56,4,1,2,0,616,0,0
13842,32,0,0,1,0,0,0,0
26821,31,1,1,2,0,-35,0,0
35573,33,1,1,1,0,0,1,0
1720,36,7,1,1,0,211,1,0
12947,39,1,1,3,0,18,0,0
39255,36,1,2,0,0,90,1,0
37673,32,4,1,2,0,2431,1,0
4245,41,1,1,0,0,3722,1,0
2353,31,4,1,2,0,334,1,0
27179,54,4,1,2,0,203,0,0
23904,31,4,1,2,0,315,0,0
2718,39,1,1,0,0,317,1,0
9112,45,7,1,1,0,0,0,1
4902,29,1,0,1,0,-300,0,0
16052,34,9,2,1,0,201,0,0
33403,31,1,1,1,0,1660,1,0
25776,40,4,1,2,0,315,0,0
15208,36,4,1,2,0,708,1,0
31734,39,4,1,2,0,416,1,0
8960,29,4,1,2,0,941,1,0
28921,57,4,1,2,0,8141,0,0
41690,61,5,1,1,0,2917,0,0
3671,45,1,0,0,0,104,1,0
39946,35,9,0,1,0,2823,1,0
5937,39,4,1,2,0,21111,1,0
23937,35,4,1,2,0,511,0,0
44667,48,4,1,2,0,1204,0,0
16143,30,1,1,1,0,791,1,1
19523,55,1,1,0,0,1086,1,0
12620,26,1,1,1,0,115,1,0
21564,56,0,1,1,0,33,1,0
39792,54,4,1,2,0,534,0,0
37640,44,4,1,3,0,415,1,0
40034,36,9,0,1,0,3158,1,0
3473,32,4,2,1,0,6,1,0
33045,41,9,1,1,0,4004,0,0
1911,28,1,1,1,0,948,1,0
36751,47,1,1,3,0,170,1,0
24666,50,0,0,2,0,66,1,0
32137,31,1,1,1,0,1131,1,1
4705,40,1,1,3,0,222,1,0
13536,41,3,2,1,0,231,0,0
8593,31,1,0,1,0,-306,0,0
40540,34,6,1,2,0,980,0,0
32657,52,5,1,0,0,383,1,1
33770,35,4,1,2,0,8,0,0
21553,45,2,1,1,0,107,0,0
26488,37,9,2,1,0,-272,0,1
34422,33,1,1,1,0,931,1,0
27107,45,0,1,1,0,857,1,0
9245,36,0,2,1,0,-17,1,0
17239,48,9,1,1,0,759,1,0
31159,56,7,0,1,0,935,0,0
18995,60,6,1,1,0,546,0,0
30450,36,4,1,2,0,190,1,0
34392,31,8,1,1,0,200,1,0
614,47,9,1,3,0,2106,1,0
20115,47,4,1,2,0,838,0,0
27946,35,6,2,2,0,4213,0,0
26589,49,4,2,2,0,4465,1,0
32683,40,9,2,1,0,556,1,0
14464,32,0,1,1,0,7522,1,0
28963,46,7,0,1,0,-179,0,0
1208,34,4,1,2,0,133,1,0
23290,54,1,1,0,0,946,0,0
13908,35,7,0,1,0,-504,0,0
19162,34,9,1,2,0,482,0,0
24330,39,4,1,2,0,500,1,0
29321,57,5,1,1,0,485,0,0
39707,23,0,2,1,0,1358,0,0
3385,42,7,1,3,0,8,1,0
32568,43,7,1,0,0,-88,1,1
23019,44,4,1,2,0,1752,0,0
10535,47,4,0,3,0,582,1,1
43453,35,1,2,3,0,484,0,0
5577,32,6,1,2,0,9,1,0
10902,35,9,2,2,0,5251,1,0
4040,25,4,2,2,0,99,1,1
26056,56,4,0,2,0,382,0,0
7809,25,4,2,3,0,17,1,0
18286,49,5,0,1,0,224,0,1
23519,30,9,2,1,0,1052,0,0
23574,59,5,1,1,0,0,0,0
43865,31,9,2,1,0,90,0,1
2598,44,1,1,0,0,300,1,0
32838,54,6,1,1,0,641,1,0
32614,36,7,0,1,0,543,1,0
7760,52,0,1,0,0,2255,1,0
38571,33,9,1,1,0,-204,0,0
10504,46,9,1,1,0,68,1,1
2304,39,1,1,1,0,661,1,0
36019,46,1,1,0,0,0,1,0
45186,59,11,1,3,0,1500,0,0
27230,47,6,1,2,0,0,0,0
9741,59,3,1,0,0,0,0,0
21035,59,4,1,2,0,1857,0,0
21641,39,4,2,2,1,-401,1,0
10518,40,7,1,1,0,256,1,0
19684,36,4,2,2,0,0,1,1
2237,39,9,1,1,0,504,1,0
31713,50,7,2,1,0,1716,1,0
9599,32,2,1,1,0,1328,1,0
14354,54,7,1,1,0,171,0,1
7800,35,1,2,1,0,-257,1,0
24176,27,8,2,1,0,67,0,0
9066,37,7,2,1,0,244,0,0
12212,40,0,1,1,0,67,0,1
15051,42,9,2,1,0,1977,0,0
17130,39,9,1,1,0,10685,1,0
16533,26,9,2,1,0,831,0,1
15147,57,0,1,3,0,17,0,0
31650,40,4,1,1,0,754,0,1
35454,31,0,2,1,0,0,1,0
7200,44,9,1,1,0,13761,1,0
1100,30,1,1,0,0,145,1,0
43616,36,10,1,2,0,7222,1,0
23166,32,9,2,2,0,127,1,0
23355,42,6,1,2,0,6383,0,0
7309,39,9,2,1,0,556,1,0
6153,32,9,2,1,0,535,1,1
42550,52,10,0,1,0,230,0,0
7265,39,9,2,1,0,822,1,1
3554,56,0,1,1,0,2256,1,0
30783,32,3,1,0,0,-184,1,0
32904,48,2,1,2,0,0,1,0
28269,42,9,2,1,0,-1,0,0
44988,27,10,2,0,0,93,0,0
7386,29,8,2,1,0,1093,1,0
13350,58,4,1,2,0,136,1,0
8191,47,4,0,1,0,1208,1,0
12580,56,2,1,1,0,938,0,1
33125,22,8,2,1,0,466,1,0
41345,36,4,2,2,0,490,0,0
5340,36,1,1,0,0,973,1,1
42743,48,0,0,1,0,1180,0,0
2117,56,1,0,1,0,75,1,0
10891,52,7,1,1,0,517,1,0
41518,31,4,2,2,0,12569,0,0
11164,58,3,1,0,0,0,0,0
14776,33,10,1,1,0,2,1,0
2453,44,4,1,2,0,0,0,0
38457,33,7,0,1,0,2411,1,0
21385,32,9,2,2,0,2481,0,0
16196,42,1,1,0,0,-119,1,0
31994,50,0,0,1,0,-194,1,0
25706,44,7,1,0,0,1161,1,0
9347,40,7,2,1,0,546,1,0
32405,38,9,1,1,0,183,1,0
32203,39,9,1,1,0,0,1,0
26360,36,4,1,2,0,11675,1,0
507,48,1,2,1,0,44,1,0
27405,42,4,1,2,0,36,0,0
23657,34,4,2,2,0,4348,1,0
28805,53,5,1,0,0,3,0,0
117,33,4,2,2,0,-67,1,0
37984,35,0,1,1,0,100,1,0
16846,34,9,1,2,0,0,1,0
16852,50,4,1,2,0,619,1,0
528,48,4,0,3,0,549,1,0
44830,81,5,1,0,0,1154,0,0
9969,37,6,0,1,0,3467,0,0
9217,35,0,1,1,0,214,1,1
18335,44,9,0,0,0,538,0,0
42579,35,10,1,1,0,978,0,0
24207,47,3,1,2,0,228,1,0
11935,51,4,1,2,0,-265,1,0
32327,40,6,1,1,0,31,1,0
24313,55,4,1,2,0,926,1,0
9324,39,11,1,1,0,1701,0,0
6323,24,1,2,1,0,-438,1,0
40247,34,9,1,2,0,1539,1,0
19185,50,7,1,3,0,37,0,0
41789,83,5,2,0,0,1965,0,0
34354,48,1,1,1,0,3776,0,0
30111,37,1,1,1,0,242,1,0
8749,29,0,1,1,0,943,1,0
20922,30,4,2,2,0,1637,1,0
29073,60,4,1,2,0,553,1,0
31957,34,0,1,1,0,1499,1,0
16080,55,7,0,1,1,-404,1,0
15480,37,1,2,1,0,392,1,0
23000,54,9,1,1,0,965,0,0
27396,30,0,1,1,0,4457,1,0
28981,50,10,0,3,0,1088,0,0
5486,31,1,2,1,0,1358,1,1
21251,60,5,1,1,0,262,0,0
41540,23,8,2,0,0,1235,0,0
40194,35,0,1,2,0,948,1,0
39113,26,1,2,1,0,0,1,0
26427,41,1,2,1,0,98,0,1
42307,42,6,1,2,0,10072,0,0
41787,35,9,2,2,0,670,0,0
27978,29,9,2,1,0,0,0,0
36783,42,0,2,1,0,470,1,0
33067,44,4,0,2,0,213,1,0
26883,32,0,1,2,0,1019,1,0
26538,34,0,2,1,0,2677,1,0
11682,39,4,2,2,0,490,0,0
2408,20,7,2,1,0,-103,1,0
7907,46,1,2,1,0,324,1,0
41714,25,0,2,2,0,1185,0,0
6930,33,4,2,2,0,-61,0,0
3797,30,0,1,1,0,40,1,1
24248,53,9,1,1,0,65,0,0
35463,24,4,2,2,0,1085,0,1
28808,31,9,2,1,0,198,0,0
40411,32,7,2,1,0,2881,0,0
8909,42,0,0,1,0,-172,1,1
44487,60,9,1,1,0,824,1,0
43726,46,4,1,2,0,349,0,0
23897,46,1,1,0,0,123,0,0
33046,31,9,2,1,0,1970,0,0
21022,39,4,2,2,0,668,0,0
25034,39,9,1,1,0,484,0,1
16921,30,1,2,0,0,3195,1,1
35963,43,1,1,1,0,490,1,0
8174,30,9,2,2,0,-111,0,0
23062,38,4,1,2,0,0,1,0
44258,38,4,1,2,0,536,1,0
26174,31,4,1,1,0,625,1,0
36439,51,0,1,3,0,-1137,1,1
35935,41,0,1,1,0,752,0,1
44200,60,7,2,1,0,739,0,0
7873,35,9,2,1,0,1,0,0
28028,30,1,1,1,0,6,1,0
22840,53,9,2,1,0,925,0,0
23872,48,9,1,2,0,16,0,0
31999,33,4,2,2,0,215,1,0
9517,35,4,1,2,0,482,0,0
6124,28,7,2,2,0,737,1,1
15546,35,9,1,1,0,1057,1,0
157,60,5,0,1,0,216,1,0
18687,45,0,1,1,0,-405,0,0
9800,47,4,1,3,0,1046,0,0
11490,51,2,1,0,0,4711,0,0
22868,31,9,2,2,0,244,0,0
1591,53,1,0,1,0,145,1,0
4153,46,1,2,0,0,2851,1,0
24596,56,4,2,0,0,109,0,1
29295,54,4,0,2,0,2037,0,0
18254,30,0,1,1,0,116,1,0
10806,48,0,2,0,0,1078,0,0
11115,51,5,1,0,0,67,0,0
9966,35,1,1,1,0,4,0,0
33389,33,7,1,1,0,2184,1,0
19888,44,9,2,1,0,7138,0,0
25499,45,2,1,2,0,2185,1,0
9539,57,2,1,2,0,958,0,0
20379,35,4,2,2,0,863,0,0
564,59,7,0,1,0,0,1,1
36879,40,1,1,0,0,14,1,0
7811,53,1,0,0,0,2656,1,0
31938,46,1,1,0,0,952,1,0
8941,44,7,0,1,0,0,1,0
17998,56,10,1,1,0,1340,0,1
39542,30,4,2,2,0,320,0,0
37563,47,0,1,1,0,120,1,0
28581,33,1,2,1,0,56,1,0
24288,44,0,0,1,0,0,0,0
23118,31,9,2,2,0,25,0,0
21973,51,1,1,1,0,397,1,0
17580,43,0,1,1,0,9173,0,0
44370,76,3,1,0,0,1483,0,0
7865,57,9,1,1,0,16063,1,0
14518,42,2,1,1,0,324,1,0
9229,40,7,1,1,0,429,0,0
42808,54,0,2,1,0,1958,0,0
10783,50,5,1,1,0,0,1,1
29022,38,4,1,2,0,106,0,0
3395,24,7,1,1,0,51,1,1
22069,38,9,1,1,0,63,0,0
26188,44,1,1,0,0,1766,1,0
42064,47,4,1,2,0,3663,0,0
28026,26,1,2,1,0,0,1,0
2119,60,5,1,1,0,78,1,0
17420,44,9,0,1,0,0,0,0
35611,33,9,2,1,0,781,1,0
2025,27,1,1,1,0,564,1,0
15085,34,0,1,1,0,-191,1,0
6726,29,1,2,0,0,80,1,0
26264,40,9,2,1,0,572,0,0
25614,55,1,1,0,0,4103,0,0
3167,41,2,1,1,0,718,1,0
37988,47,2,1,2,0,-497,1,0
36945,53,0,0,1,0,28,1,1
34725,38,9,1,1,0,414,1,0
14832,39,1,1,2,0,597,0,0
8248,39,9,1,1,0,-295,1,0
21937,32,9,1,1,0,687,0,0
8742,31,9,1,2,0,0,1,0
26665,34,4,2,2,0,11350,1,0
6816,57,4,1,2,0,-22,1,0
23168,45,9,0,2,0,0,0,0
10867,47,11,1,3,0,1728,0,0
44514,28,7,2,1,0,899,0,0
23689,45,9,1,1,0,77,0,0
33672,37,1,1,1,0,-129,1,0
10500,35,1,1,1,0,4723,1,0
23752,31,9,2,1,0,3588,0,0
34061,31,7,2,1,0,181,0,0
37159,33,4,1,1,0,350,1,0
7782,54,6,1,1,0,12159,1,0
45086,38,4,1,2,0,536,1,0
37031,33,1,1,0,0,2000,1,0
9272,52,6,2,2,0,1623,1,0
36517,54,9,1,1,0,87,1,0
12658,54,1,1,0,0,466,0,0
13034,32,9,0,2,0,31,0,1
10478,37,9,1,1,0,1610,0,0
45031,42,10,1,1,0,1289,0,0
24899,36,4,1,2,0,8277,1,0
29134,38,7,1,1,0,8876,0,0
14538,35,4,0,2,0,286,1,0
19449,38,9,1,1,0,1097,0,1
38432,29,4,2,2,0,1388,1,0
19055,53,0,1,2,0,5094,0,0
39562,37,0,1,1,0,11303,0,0
11815,60,9,1,1,0,0,0,0
32696,31,0,1,1,0,8295,1,0
44183,66,5,1,1,0,154,0,0
17226,27,0,1,1,0,31,1,1
41039,35,4,2,2,0,18111,0,0
17362,40,6,2,2,0,1616,0,0
8789,31,1,2,1,0,-173,1,0
28740,38,4,0,2,0,76,0,0
19716,45,1,1,0,0,1192,0,0
6415,33,7,1,1,0,1553,1,0
41788,36,0,0,1,0,592,0,0
36835,59,0,1,1,0,1575,1,0
4176,34,7,0,1,0,221,1,0
12592,31,9,2,3,0,365,0,0
12095,28,4,2,1,0,311,1,0
26602,37,6,1,2,0,1624,1,0
32939,53,4,1,2,0,2124,1,0
43128,70,5,1,0,0,2346,0,0
35497,24,9,1,1,0,432,1,0
24712,54,5,1,1,0,1826,1,0
40613,52,0,1,1,0,1228,1,1
41459,57,5,1,2,0,4451,0,1
42082,61,5,1,0,0,8729,0,0
42194,67,4,1,2,0,405,0,0
44101,31,6,1,2,0,2666,0,0
30571,33,1,2,1,0,687,1,0
21859,50,0,1,1,0,1431,0,0
26218,51,0,1,1,0,684,1,0
42565,39,9,2,2,0,25,1,0
5841,30,9,1,1,0,764,0,0
7718,44,1,2,0,0,787,1,0
22975,31,2,1,2,0,-231,1,0
23939,45,1,1,0,0,85,0,0
7683,32,4,1,2,0,132,1,0
27629,55,10,1,2,0,4809,1,0
9108,60,1,1,1,0,40,0,0
19734,56,1,1,0,0,0,0,0
26638,35,9,1,1,0,410,1,0
37347,27,2,1,2,0,79,1,1
15894,51,1,0,0,0,0,1,0
14142,32,6,1,1,0,413,1,0
35594,39,7,2,1,0,403,1,0
42680,37,4,1,2,0,0,0,0
8356,45,0,0,1,0,-121,1,0
27246,32,1,2,0,0,3595,1,0
8217,40,0,2,1,0,90,1,0
36021,45,9,1,1,0,1412,1,0
34460,47,6,1,0,0,3363,0,0
8022,31,1,1,1,0,191,1,0
38013,55,1,1,0,0,-219,1,0
12369,32,3,1,0,0,7,0,1
18941,50,0,1,1,0,0,0,0
12487,31,4,1,2,0,84,0,1
98,39,9,1,1,0,0,1,0
31317,34,0,0,1,0,1085,0,0
16748,39,2,1,2,0,350,1,0
20104,32,6,1,2,0,1214,0,0
32039,32,9,1,1,0,765,1,1
25761,36,9,1,1,0,377,1,1
36341,30,0,1,1,0,692,1,0
26738,30,1,0,0,0,511,1,0
38586,30,9,1,1,0,-910,1,0
36446,27,9,2,1,0,297,0,0
14410,41,7,0,1,0,0,0,0
23930,42,10,0,2,0,-166,0,0
5868,41,4,1,2,0,-556,1,1
16147,54,9,0,1,0,-369,0,0
9911,57,1,1,0,0,0,0,0
781,47,1,1,1,0,1001,1,0
2048,56,4,2,2,0,4542,0,0
1583,39,4,2,2,0,-85,1,0
21034,32,4,1,2,0,972,0,0
14132,35,4,2,2,0,0,0,1
21427,43,4,0,2,0,171,0,0
15766,26,1,2,1,0,188,1,1
43535,77,4,1,3,0,1780,1,0
24954,36,4,1,2,0,0,1,0
16578,53,7,1,1,0,1065,0,1
33348,35,1,1,1,0,876,1,0
41395,48,9,1,1,0,568,1,0
11114,39,0,1,1,0,224,0,0
32422,31,0,1,1,0,4457,1,0
5905,33,0,1,1,0,-167,1,0
38184,32,4,1,2,0,1297,1,0
34209,41,1,1,1,0,5060,0,0
41597,34,4,2,2,0,417,1,0
33684,39,1,1,0,0,143,1,0
28986,42,0,0,1,0,814,1,0
18273,59,1,1,0,0,80,1,0
43273,79,5,1,0,0,3025,0,0
36656,47,7,1,1,0,311,1,1
41218,64,5,0,1,0,630,0,0
12390,42,0,0,1,0,23,0,1
18314,35,7,1,1,0,1694,0,1
30234,42,1,1,0,0,1520,1,0
42387,32,2,1,1,0,390,0,0
18926,54,9,1,1,0,369,0,0
10426,52,2,0,2,0,199,1,1
5843,34,1,1,1,0,1257,1,0
13162,33,1,1,2,0,870,0,1
35132,37,0,2,1,0,22,1,0
39339,35,9,2,1,0,225,1,0
7085,41,1,1,1,0,1020,1,0
20383,30,9,2,1,0,3927,1,0
30099,50,10,1,1,0,12495,1,0
24195,50,2,1,1,0,665,0,0
13540,28,0,2,1,0,404,0,1
23692,34,4,2,1,0,1863,0,0
1187,57,5,1,0,0,207,1,0
18004,39,1,1,1,0,0,1,0
20558,57,4,0,2,0,8897,1,0
27296,56,5,1,1,1,-1122,1,1
21670,30,9,2,1,0,5,0,0
24842,55,1,1,1,0,1164,0,0
23184,35,9,1,1,0,0,0,0
32929,37,4,1,2,0,860,1,0
13933,38,4,1,2,0,1722,1,0
40880,30,4,2,2,0,280,0,0
28058,30,0,1,1,0,358,0,0
11154,58,11,1,3,0,219,0,0
13738,35,0,1,1,0,725,1,0
26380,50,1,1,0,0,4121,1,1
1516,40,0,2,1,0,118,1,0
4787,34,1,0,1,0,0,0,1
25808,42,9,1,1,0,300,1,0
15615,31,3,1,1,0,0,1,0
16515,33,7,2,2,0,395,1,0
28849,36,10,2,1,0,605,0,0
20470,59,1,1,0,0,2192,0,0
36706,31,7,2,1,0,-475,1,0
23958,48,1,1,0,0,-254,0,1
16814,50,1,0,1,0,-54,0,0
16256,41,4,1,2,0,0,1,0
26069,39,4,0,2,0,4692,1,0
17494,36,1,0,0,0,715,0,1
9087,46,0,2,1,0,849,1,0
11390,50,1,0,0,0,-232,1,0
18316,53,1,1,0,0,880,0,0
5144,37,9,2,1,0,3326,1,0
43023,32,9,1,1,0,3271,0,0
27714,28,8,2,2,0,290,1,0
17600,54,4,0,2,0,1692,1,0
11192,42,1,2,0,0,4930,0,0
16798,53,6,1,2,0,290,0,1
6799,29,0,1,1,0,-526,1,0
40519,25,4,2,2,0,1129,0,0
2701,58,0,1,1,0,3635,0,0
20915,44,4,0,2,0,3321,0,0
27449,59,1,1,1,0,10054,0,0
9851,40,0,1,2,0,10035,0,0
31492,19,8,2,3,0,779,0,0
6498,43,4,1,2,0,1379,1,0
28298,34,4,2,2,0,647,1,0
29489,51,9,0,1,0,1096,0,0
35331,36,4,2,2,0,1804,0,0
3409,53,5,1,2,0,74,1,0
40425,37,4,1,0,0,22856,0,0
22779,52,11,1,1,0,142,0,0
7277,35,1,1,1,0,628,1,0
35244,35,1,2,0,0,1147,1,1
20404,30,3,2,2,0,3362,0,0
23380,50,7,1,1,0,60,0,1
4867,30,7,1,1,0,675,1,0
39973,52,4,0,2,0,2104,0,0
34233,60,3,1,0,0,2580,0,0
11130,36,11,1,1,0,1370,0,0
2427,21,1,2,1,0,-273,1,1
9753,35,6,1,1,0,-3,0,0
41708,77,5,1,0,0,121,0,0
4270,27,0,0,1,0,112,1,0
18262,46,9,1,1,0,5681,0,0
42258,27,0,2,1,0,4745,0,0
23040,30,9,2,1,0,73,0,1
15858,34,7,2,1,0,-30,0,0
38207,44,7,1,1,0,5781,1,1
26213,41,1,1,0,0,2562,1,0
32901,31,4,2,2,0,1130,1,0
28118,35,8,2,3,0,0,0,0
12680,34,0,2,1,0,296,0,0
4482,39,2,1,2,0,2644,1,0
3181,46,7,1,1,0,74,1,0
35729,27,1,1,1,0,14,0,0
23805,32,4,1,2,0,134,0,1
34414,40,4,1,0,0,535,1,0
15557,54,4,0,2,0,1295,1,0
2037,42,1,1,0,0,-10,1,0
33609,45,7,1,0,0,-79,1,0
22516,32,4,2,2,0,17,0,0
7965,40,9,1,1,0,335,1,0
1592,29,1,2,1,0,-138,1,1
37635,46,9,1,2,0,217,1,0
12998,31,1,2,1,0,726,0,0
7411,32,4,2,2,0,1731,1,1
24263,39,1,1,0,0,108,0,0
22322,50,7,1,0,0,-158,0,0
31620,36,1,1,1,0,382,1,0
22385,50,6,1,0,0,0,0,0
41206,37,0,2,1,0,781,0,0
20924,56,1,1,0,0,397,1,0
26387,40,4,1,2,0,196,1,0
5325,44,1,2,3,0,0,1,0
10850,42,2,2,2,0,231,0,0
45101,74,5,1,1,0,935,0,0
10354,47,3,2,2,0,456,0,0
9221,43,4,0,1,0,130,1,0
1397,30,1,1,0,0,70,1,1
41882,72,5,1,0,0,806,0,0
25489,32,1,2,1,0,1721,1,0
27164,50,4,1,2,0,19447,1,1
4697,31,0,0,1,0,1352,1,0
24575,50,0,0,1,0,202,0,1
6786,26,0,2,1,0,677,1,0
31888,35,4,1,0,0,0,1,1
27933,29,11,2,1,0,1502,0,0
31138,28,0,2,1,0,119,0,0
20405,50,9,0,1,0,3656,0,0
37419,44,9,2,1,0,33,1,0
33423,43,7,1,1,0,3689,1,0
23649,48,3,1,0,0,0,0,0
3359,47,7,1,1,0,2796,1,0
28922,40,9,0,1,0,0,1,0
30825,26,6,1,2,0,479,1,0
14079,46,1,1,0,0,776,0,1
45030,29,6,2,2,0,270,1,0
16210,27,7,1,1,0,0,1,0
21011,39,9,1,2,0,99,0,0
10486,47,5,1,1,0,477,0,0
9509,36,3,2,2,0,561,0,0
6352,33,0,1,1,0,220,1,0
25031,51,5,2,2,0,730,1,0
7224,52,5,1,1,0,1052,1,0
19982,37,4,1,2,0,5016,0,0
5881,24,1,1,1,0,984,1,0
4233,52,0,2,1,0,-346,1,1
42684,55,4,1,2,0,7803,0,0
32823,48,4,0,2,0,266,1,0
43973,43,7,1,1,0,774,0,0
5695,50,0,2,1,0,1651,1,0
37915,34,0,1,1,0,626,1,0
10313,36,10,1,0,0,0,0,0
14009,27,2,1,2,0,-23,0,0
2043,50,9,1,1,0,103,1,0
7852,32,1,1,1,0,1484,1,0
31315,32,4,1,2,0,8929,0,0
25943,56,6,1,2,1,0,0,0
10752,30,6,0,1,0,92,1,0
38463,26,8,2,1,0,864,1,0
15847,35,4,2,2,0,-324,0,1
38445,21,8,2,1,0,126,1,0
18296,36,6,2,2,0,1240,0,0
6233,34,4,2,2,0,13,1,0
16795,43,3,1,0,0,169,0,1
27539,41,1,1,0,0,686,1,0
4133,28,8,2,2,0,80,1,0
21955,39,3,1,1,0,-146,1,1
25929,46,9,1,1,0,0,0,0
9263,38,7,1,1,0,5,0,0
27743,27,7,2,1,0,-232,0,0
38938,43,1,1,0,0,249,1,0
20307,53,4,0,1,0,112,0,1
1560,44,4,0,2,0,3932,1,0
40762,33,0,1,1,0,95,1,0
41607,28,0,2,1,0,762,0,0
33987,54,3,1,1,1,0,0,0
36218,37,4,1,2,0,2366,1,0
8354,46,7,1,0,0,43,1,0
28492,31,2,2,2,0,137,0,0
926,35,7,1,1,0,39,0,0
20085,38,4,2,1,0,399,1,0
3426,54,1,0,0,0,190,1,0
36516,36,0,0,1,0,-811,1,0
17536,58,5,0,2,0,2086,1,0
9523,40,1,1,0,0,343,0,0
3905,47,7,1,1,0,837,1,1
22398,48,4,1,2,0,1335,0,0
39998,34,4,1,2,0,1047,0,0
28628,39,1,1,1,0,360,1,0
7660,43,0,0,2,0,1440,1,1
37353,30,0,2,1,0,186,1,0
33059,31,9,2,1,0,538,1,0
32826,42,7,1,1,0,1545,1,0
29835,32,9,1,1,0,4,0,0
21348,30,4,2,2,0,1541,0,0
42018,29,9,1,1,0,1599,1,0
23976,47,1,1,1,0,947,0,1
912,47,4,0,2,0,34,1,0
5151,33,0,1,1,0,1499,1,0
41626,52,0,1,1,0,118,0,0
21924,31,4,1,2,0,792,0,0
5819,25,0,2,1,0,96,0,0
7446,48,0,1,2,0,960,1,0
27964,31,4,2,2,0,288,0,0
4590,43,1,1,0,0,0,1,0
14770,44,7,1,1,0,850,0,1
36418,49,0,1,1,0,1120,1,0
5581,32,0,1,1,0,506,1,0
34765,39,0,2,1,0,4917,1,1
39619,46,9,1,1,0,2501,0,0
37147,49,1,1,1,0,119,1,0
31481,38,0,2,1,0,10,0,0
21202,34,4,2,2,0,454,0,0
29171,32,4,2,2,0,207,1,0
35162,26,1,2,1,0,7475,1,0
29482,44,10,1,0,0,1617,0,0
30749,27,0,2,1,0,6492,0,0
19848,35,4,2,2,0,2975,0,0
13579,33,4,2,2,0,383,1,0
21145,47,7,1,1,0,-150,0,0
25145,58,0,1,1,0,5680,0,1
22075,47,9,1,1,0,644,0,0
21441,52,7,0,0,0,-644,0,0
33314,27,7,1,1,0,472,1,0
27101,34,1,1,0,0,3527,1,0
40396,37,2,1,2,0,1649,0,1
14669,49,5,0,1,0,-268,1,0
30600,61,5,1,0,0,3738,0,0
11067,52,4,1,2,0,7388,0,1
19500,36,4,2,2,0,5340,1,0
19000,46,4,1,2,0,1720,0,0
11939,50,9,1,1,0,1088,1,0
19267,37,4,1,2,0,392,0,0
2754,27,1,2,1,1,-2,1,1
2313,46,10,0,1,0,41,1,0
14972,25,1,2,1,0,195,0,0
31878,51,1,0,0,0,155,1,1
33411,37,0,2,1,0,-296,1,0
3147,46,6,1,1,0,0,1,1
14575,26,7,1,1,1,27,1,0
33823,56,4,0,2,0,3287,0,0
29296,55,5,1,1,0,-185,0,1
8365,49,0,2,1,0,-1193,1,1
11484,42,0,1,1,0,0,0,0
7059,25,1,1,1,0,758,1,0
34103,54,4,1,3,0,527,1,0
19876,53,10,0,2,0,0,1,1
3895,47,1,1,0,0,242,1,0
14238,35,9,1,1,0,0,0,0
9891,45,0,1,1,0,967,0,0
14628,57,5,1,0,0,1238,1,0
18014,40,4,0,2,0,69,1,0
6315,33,7,1,1,0,684,1,0
7006,42,9,0,1,0,0,1,0
17298,26,7,1,1,0,4,1,0
26267,33,9,1,1,0,3071,1,1
24773,35,4,1,2,0,1613,1,0
3622,43,1,1,0,0,7727,1,0
1982,34,1,2,1,0,297,1,0
11239,51,2,2,1,0,440,0,0
7389,43,1,2,1,0,747,0,0
37261,32,7,1,1,0,28,1,0
36679,34,0,0,1,0,151,1,0
17106,28,7,1,1,0,7,0,0
24068,45,0,1,1,0,5346,1,1
5088,31,0,0,1,0,2294,1,0
12795,32,6,2,2,0,2559,0,0
20784,34,9,2,2,0,2658,1,0
4146,45,2,1,2,0,369,1,0
3766,59,5,1,0,0,646,1,0
16039,44,9,2,2,0,342,1,0
9996,52,2,1,2,0,1115,1,0
28665,30,9,2,2,0,6683,0,0
17957,45,9,0,1,0,245,1,0
41760,30,9,2,2,0,1646,0,0
5710,46,9,1,0,0,-171,1,0
28541,30,9,2,1,0,0,0,0
30448,38,9,0,2,0,915,1,0
2103,29,9,1,1,0,0,0,0
44646,22,7,2,1,0,361,0,0
38041,38,9,0,2,0,1307,0,0
30537,33,0,2,1,0,894,0,0
22819,31,4,2,2,0,0,0,0
27261,37,0,2,1,0,0,0,0
26275,53,9,1,3,0,9252,0,0
22548,36,9,2,1,0,664,0,0
27865,31,10,1,1,0,20,0,0
26706,41,4,1,2,0,666,1,0
37408,30,7,1,1,0,2191,1,0
11292,41,7,0,1,0,2769,1,0
42103,39,9,1,2,0,508,0,0
29086,46,1,1,0,0,1941,1,0
24337,58,0,1,1,0,4962,0,1
23150,40,4,1,2,0,3160,0,0
31324,70,5,1,3,0,1236,0,0
25101,35,9,1,1,0,1854,1,0
34787,32,1,2,1,0,1143,1,1
16821,35,2,2,2,0,-880,0,1
41508,70,5,1,0,0,6538,0,0
12883,47,3,1,2,0,333,0,0
23475,32,4,1,2,0,2213,0,0
28759,39,6,1,2,0,1492,1,0
7232,30,7,1,1,0,699,1,0
6519,26,9,2,1,0,75,1,0
19687,33,4,1,2,0,5,1,0
7099,45,4,2,2,0,2571,1,0
31634,34,4,2,2,0,7263,1,0
10844,55,4,1,0,0,1446,0,0
30555,43,0,2,1,0,375,0,1
20773,58,1,1,1,0,3148,0,1
12754,25,1,1,0,0,0,0,0
24978,57,5,2,2,0,0,0,0
7908,38,10,0,1,0,0,1,0
8007,39,4,1,2,0,22,1,0
37759,31,9,2,1,0,7567,0,0
37107,39,1,1,1,0,462,1,0
1579,56,9,0,1,0,397,1,0
26562,33,4,1,2,0,3401,0,0
19854,32,9,2,2,0,1150,0,0
23233,56,6,1,2,0,719,0,0
8455,44,1,1,1,0,3813,1,0
42126,48,4,1,1,0,0,1,1
7980,31,9,2,2,0,-167,1,0
821,33,7,1,1,0,404,1,0
26965,31,6,2,2,0,2589,0,0
30289,29,9,1,1,0,767,1,0
7369,28,9,1,1,0,1180,1,0
1413,30,9,2,2,0,178,1,0
39986,29,4,2,2,0,637,1,0
38542,31,9,1,1,0,84,0,0
21767,37,9,2,2,0,1661,0,0
11181,39,2,1,2,0,2310,1,1
38451,23,0,2,1,0,252,1,0
33121,34,1,2,1,0,0,1,0
18266,58,4,1,2,0,0,0,0
42601,27,4,2,2,0,8,0,0
34194,50,4,2,3,0,1277,0,0
35236,32,9,2,1,0,129,1,0
737,55,9,1,1,0,0,0,0
14314,28,4,2,1,0,62,0,0
1207,44,3,1,1,0,281,1,0
26241,52,4,1,2,0,2708,1,0
33867,46,6,2,1,0,526,0,0
38605,60,1,1,0,0,14,1,1
2668,57,1,1,0,0,452,1,0
3876,50,0,0,1,0,363,1,0
32815,36,1,2,3,0,185,1,1
29634,50,4,0,1,0,458,0,0
42185,47,3,1,1,0,3940,1,0
27014,41,0,1,3,0,488,0,0
20612,32,9,2,2,0,1325,0,0
33001,35,1,1,0,0,373,0,0
19328,33,9,2,2,0,764,0,0
4821,33,4,1,2,0,3090,1,0
37936,49,1,1,1,0,1039,1,0
33209,34,0,2,1,0,663,1,0
43933,64,5,1,1,0,3189,0,0
12990,28,6,1,1,0,-228,1,1
43472,38,9,1,1,0,497,0,0
25071,52,0,0,1,0,2717,0,0
32295,33,10,1,2,0,302,1,1
23153,38,9,1,2,0,-363,0,0
30968,34,3,1,2,0,677,0,0
1257,35,6,1,2,0,844,1,0
22022,37,9,1,2,0,247,0,0
21463,56,1,1,3,0,0,0,0
36387,31,2,1,2,0,425,1,0
16163,60,1,1,1,0,-223,0,1
31571,51,7,1,1,0,657,0,0
17412,38,1,2,3,0,-933,1,0
15664,60,5,0,2,0,380,0,0
23666,30,9,1,2,0,0,0,0
36502,59,2,1,2,0,146,1,0
4293,27,9,2,0,0,1022,1,0
7307,32,0,1,1,0,340,1,0
21638,36,9,1,2,0,71,0,0
35736,32,1,2,0,0,1918,1,0
41384,45,9,1,3,0,886,1,0
3485,31,1,1,0,0,605,1,0
31764,36,1,2,1,0,1822,1,0
19498,52,9,0,1,0,204,0,0
44538,25,8,2,3,0,1003,0,0
40745,39,1,2,2,0,172,1,0
6577,32,4,1,1,0,350,1,0
22119,35,9,2,2,0,147,0,0
37001,47,1,2,0,0,10558,1,0
652,44,6,0,2,0,4,1,0
30930,43,10,1,2,0,58,1,0
39774,33,4,1,2,0,1323,0,0
8569,36,1,1,1,0,-100,1,0
23514,52,4,1,2,0,-542,0,0
11840,43,0,1,1,0,506,0,0
32503,42,7,1,1,0,798,0,0
41330,39,4,1,2,0,93,1,0
18518,51,6,1,2,0,5350,1,1
657,40,1,1,0,0,-322,1,1
36159,43,7,2,1,0,518,1,0
43037,75,5,1,3,0,7819,0,0
14211,32,7,1,3,0,23,0,0
24391,48,1,1,1,0,1039,1,0
31674,65,5,1,0,0,3713,0,0
28588,37,4,1,2,0,410,0,0
2140,46,7,1,1,0,997,1,0
4150,42,3,1,0,0,14752,0,0
36492,56,1,0,0,0,190,1,0
18858,42,9,1,2,0,1619,0,0
18827,32,4,1,2,0,1570,0,0
8737,54,1,0,0,0,215,1,0
12422,50,1,1,1,0,3988,0,0
29668,49,0,2,1,0,780,0,0
12863,34,1,0,1,0,368,0,1
28249,39,1,2,2,0,263,1,0
19148,51,1,1,1,0,2918,0,0
9947,59,4,1,1,0,1321,0,0
3970,49,4,1,0,0,267,1,0
44039,32,8,2,2,0,64,0,0
24304,47,1,1,1,0,4403,1,1
17916,48,9,1,1,0,862,0,0
1576,34,0,1,2,0,221,1,0
16104,34,1,0,1,0,2551,1,1
21460,49,7,1,2,0,306,1,0
34035,30,0,2,1,0,270,0,0
45069,52,9,1,1,0,371,1,1
26439,55,9,1,1,0,9774,1,0
40291,28,0,2,1,0,520,1,0
39183,37,1,1,1,0,139,1,0
14021,44,4,1,2,0,756,1,0
31124,24,8,2,1,0,23878,0,0
3642,56,2,1,2,0,-124,1,0
36170,40,1,1,0,0,98,1,0
18289,35,9,2,1,0,161,1,1
11360,42,9,1,1,0,370,0,0
8228,30,7,2,1,0,603,1,1
25208,36,1,1,1,0,801,1,1
39556,29,11,2,1,0,923,0,0
18000,60,5,1,1,0,5632,1,0
38402,32,0,2,1,0,6042,1,0
40884,36,4,1,2,0,2987,1,0
35260,39,4,1,2,0,3,1,0
15150,34,4,2,2,0,1396,1,0
9271,40,10,1,1,0,3924,0,0
17831,47,7,2,1,0,591,0,0
33082,33,1,1,1,0,1722,1,0
36426,50,2,1,2,0,388,1,0
41427,60,5,1,1,0,5267,0,0
4037,27,7,2,1,0,-20,0,0
15472,29,10,0,2,0,1718,1,0
24144,43,0,2,1,0,35,0,0
27252,40,4,1,1,0,752,0,1
38966,36,0,1,1,0,-294,1,0
29175,41,3,1,0,0,1332,0,0
44854,55,4,0,2,0,7010,0,0
16276,30,9,1,2,0,0,1,1
5689,48,0,0,1,0,238,1,0
11379,46,4,2,3,0,312,1,0
2296,39,0,2,1,0,1242,1,0
30133,56,4,1,2,0,-762,1,1
21532,39,9,2,2,0,285,0,0
31737,20,8,2,3,0,8860,0,0
1263,47,4,1,2,0,643,1,0
34791,35,9,0,1,0,84,1,1
37494,52,4,1,2,0,0,1,0
43077,48,4,1,2,0,0,0,1
7957,38,6,1,1,0,-10,0,0
33986,31,0,2,1,0,190,0,0
4225,32,1,0,1,0,86,0,1
28655,29,4,1,2,0,-346,0,0
17432,35,7,0,1,0,742,0,0
26497,32,4,2,2,0,999,1,0
5095,33,1,2,0,0,1390,1,0
25349,47,4,2,2,0,153,1,0
10777,37,7,2,2,0,718,0,0
179,51,4,1,1,0,1161,1,0
43160,56,9,1,1,0,1938,0,1
22456,36,9,1,2,0,473,0,0
15582,35,0,2,1,0,-67,0,1
14247,52,1,2,0,1,-2,0,0
35012,34,2,1,2,0,842,1,0
6170,26,9,0,2,0,3154,1,1
11607,28,1,1,1,0,1331,1,1
26534,38,7,0,0,0,0,1,0
3332,42,1,1,1,0,597,1,0
13415,52,9,1,2,0,3440,1,0
35519,38,1,2,0,0,0,1,0
21410,32,2,1,2,0,598,0,0
27483,57,3,0,0,0,492,0,0
17876,33,10,1,1,0,66,0,1
29636,29,2,2,2,0,1028,0,0
29942,43,7,0,1,0,372,1,1
12733,38,9,1,1,0,2220,0,0
5814,40,10,1,1,0,277,1,0
41992,52,7,1,1,0,992,1,0
44067,43,9,0,3,0,4389,0,0
12150,44,4,1,1,0,13054,1,0
22540,55,4,0,2,0,1598,0,0
14153,29,4,2,2,0,983,1,0
44353,36,0,2,2,0,980,0,0
26179,33,0,2,1,1,-266,0,1
44895,34,4,1,2,0,812,0,0
35217,33,1,2,1,0,381,1,0
35984,44,9,2,1,0,140,1,0
35878,37,7,1,1,0,3429,1,1
20260,36,4,2,2,0,4123,0,0
16005,49,10,1,1,0,136,0,1
6858,53,1,1,1,0,314,1,0
18016,50,1,1,1,0,0,0,0
40975,36,9,1,2,0,1109,0,0
28681,34,1,1,1,0,34,0,0
13846,32,7,2,1,0,-23,0,0
33005,47,4,1,2,0,6637,1,0
855,47,0,2,1,0,594,1,0
26749,32,9,1,2,0,1352,0,0
22850,40,9,2,1,0,103,0,0
38410,29,8,2,2,0,80,1,0
7478,58,9,1,1,0,4299,1,0
40733,41,4,1,2,0,2226,0,0
25112,34,4,1,2,0,63,0,0
45024,47,0,1,1,0,1387,1,0
42724,38,10,1,0,0,7005,1,0
5456,35,4,1,2,0,341,1,0
18107,27,3,1,0,0,3,1,1
10019,40,0,0,1,0,90,1,0
14227,39,4,1,1,0,-810,0,1
4609,31,7,1,2,0,585,1,1
42973,42,7,2,2,0,94,1,0
28780,52,1,1,0,0,109,1,0
24318,41,2,0,2,0,0,1,0
31254,60,5,1,1,0,404,0,0
38379,29,7,1,1,0,6567,1,0
36697,30,1,1,1,0,-529,1,0
30432,32,9,2,2,0,1813,0,0
20632,47,7,1,1,0,27,0,0
16802,39,7,0,3,0,434,1,0
36920,52,5,1,0,0,752,1,0
13152,44,9,0,1,0,26,0,0
14010,29,4,1,2,0,6586,0,0
7292,44,7,1,1,0,361,1,0
27427,47,0,1,3,0,0,1,0
3541,49,4,1,2,0,3840,1,0
20527,54,4,1,2,0,11563,1,0
32756,38,1,1,1,0,4771,1,0
39396,34,0,1,2,0,10,0,0
1451,55,2,1,0,0,298,1,0
14892,32,4,2,2,0,1010,1,0
38502,27,1,2,1,0,20,1,0
3984,30,7,2,1,0,442,1,0
4957,32,1,2,1,0,1067,1,0
21195,45,4,0,2,0,2307,0,0
16546,29,9,2,2,0,2485,0,0
34931,30,1,2,1,0,-110,1,0
36734,35,9,1,1,0,451,1,1
27665,33,4,2,2,0,3495,1,1
39606,57,6,1,2,0,350,0,0
11157,43,0,1,3,0,3485,0,0
28609,27,1,2,1,0,1049,0,0
34952,45,10,0,1,0,728,1,1
11051,51,1,1,0,0,3942,1,0
27838,45,9,1,1,0,1686,0,0
13366,42,0,1,1,0,0,1,0
20233,49,6,1,2,0,23917,0,0
36164,54,9,0,1,0,1252,1,0
11056,36,7,1,1,0,1981,0,0
11693,42,2,1,1,0,1002,0,0
15309,48,9,2,1,0,2374,0,0
39074,30,6,1,2,0,163,1,0
43717,70,5,1,1,0,1164,0,0
35050,58,6,1,3,0,1187,1,0
24721,44,9,0,1,0,106,1,0
25413,48,4,1,1,1,-998,1,0
35105,53,1,1,1,0,-71,1,0
33731,66,1,1,0,0,2552,0,0
12350,40,1,1,1,0,72,1,0
31355,37,0,2,2,0,1000,1,0
25247,36,4,1,2,0,549,1,0
40587,63,5,2,2,0,70,0,0
30172,59,1,0,1,0,1774,0,1
37253,50,1,1,0,0,216,1,0
33044,33,1,2,1,0,476,1,1
42483,79,5,1,0,0,3025,0,0
17557,42,1,2,1,0,7547,0,0
30811,48,10,2,3,0,11298,1,0
4488,58,3,1,0,0,11,1,0
37173,50,3,1,1,0,7317,1,0
44718,31,9,1,2,0,3192,1,0
26621,43,4,1,0,0,0,1,1
27080,48,9,1,1,0,4265,1,0
13992,33,1,1,1,0,66,0,0
37650,54,7,1,0,0,8,1,0
23076,60,4,1,2,0,0,0,0
31164,29,0,1,2,0,238,0,0
29558,33,4,2,2,0,1724,0,0
28885,46,1,1,0,0,665,0,0
8515,37,4,1,1,0,341,0,0
15159,52,1,1,0,0,336,0,1
16172,34,1,2,1,0,-199,0,0
19680,40,4,0,2,0,1038,0,0
8151,31,0,1,1,0,-581,1,0
17740,40,4,1,3,0,6,1,0
26808,31,4,2,2,0,-208,1,1
10470,36,9,2,1,0,1521,1,0
35080,31,4,2,2,0,59,1,1
10073,49,1,1,0,0,238,0,0
44394,32,0,1,1,0,200,0,0
41243,64,5,1,2,0,14170,0,0
16956,25,1,1,1,0,2,1,0
40385,52,0,0,2,0,0,1,1
36482,29,4,2,2,0,0,1,0
15323,53,7,1,1,0,1378,1,0
44929,30,7,2,2,0,21,0,0
8001,52,1,1,1,0,0,0,0
5812,33,1,1,1,0,320,1,1
576,53,2,1,1,0,288,0,0
4307,35,4,1,2,0,1253,1,0
2763,27,1,2,1,0,14,0,0
37448,58,4,1,2,0,4152,1,0
44905,35,4,1,1,0,683,0,0
24218,45,6,1,2,0,582,0,0
28891,40,3,1,1,0,541,1,0
39627,36,9,2,1,0,144,0,0
2414,28,1,1,1,0,-185,1,1
21580,31,9,1,1,0,7369,0,0
28667,31,7,2,1,0,297,0,0
21289,35,4,2,2,0,2306,0,0
7634,37,1,1,1,0,-510,1,0
18517,47,4,1,1,0,1077,0,0
17385,46,7,1,1,0,-204,1,1
8724,31,9,0,1,0,10787,1,0
12188,41,8,1,1,0,1309,0,0
43584,49,9,2,1,0,1245,0,0
40036,39,9,1,2,0,1293,0,0
42656,70,5,0,0,0,482,0,0
19329,46,9,1,1,0,250,0,0
21105,45,3,1,0,0,0,0,0
10630,50,1,1,1,0,887,0,0
21277,35,7,1,2,0,4564,0,0
40343,42,4,1,1,0,6526,0,0
42867,53,4,1,2,0,6571,0,0
36474,35,0,2,1,0,847,1,0
20711,46,4,1,1,0,3570,0,0
26085,31,6,2,2,0,217,0,0
12896,25,7,2,1,0,111,0,1
12522,37,9,2,1,0,29,0,0
40861,31,7,2,1,0,181,0,0
32654,30,1,1,1,0,5,0,0
8587,49,0,1,1,0,0,1,1
15206,29,9,1,2,0,1337,1,0
5838,32,4,2,2,0,2619,1,0
36166,45,1,1,3,0,-72,1,0
35950,31,7,1,0,0,11,1,0
4854,37,2,1,2,0,1110,1,0
17692,29,4,2,2,0,-689,1,0
14990,47,10,1,1,0,49,1,0
19142,31,4,2,2,0,155,1,0
2024,55,7,1,1,0,560,1,0
20063,41,3,1,0,0,365,0,0
24192,53,9,1,1,0,910,0,0
8059,33,4,0,1,0,1897,1,1
35826,33,0,2,2,0,1,1,0
21151,30,4,2,2,0,114,0,0
24662,56,4,2,1,0,237,1,0
229,53,7,0,1,0,1467,1,0
3379,60,5,1,3,0,79,1,0
9700,41,7,2,1,0,260,0,0
28726,27,10,2,1,0,92,1,0
32338,29,4,2,2,0,268,0,0
9768,45,1,2,0,0,4289,1,0
13432,50,6,1,1,0,38,1,0
25163,35,0,1,1,0,421,1,0
38077,32,9,1,1,0,344,1,1
22391,34,4,2,2,0,478,1,0
12726,41,1,1,0,0,484,1,0
16028,55,2,0,2,0,1730,0,0
23086,52,6,0,1,0,385,0,1
25490,45,4,1,1,0,38,1,0
25057,46,1,1,0,0,771,1,0
43770,31,10,2,1,0,2616,0,0
23952,45,1,1,0,0,292,1,0
23818,47,1,1,0,0,193,1,0
371,38,0,1,1,0,46,1,1
13749,34,4,1,2,0,0,1,1
5484,38,1,1,0,0,630,1,0
15338,59,1,1,1,0,-139,0,0
7171,46,1,1,1,0,176,0,0
31769,36,9,2,1,0,524,1,0
26263,33,1,1,0,0,0,1,0
26064,44,9,1,1,1,16486,1,1
36085,35,4,0,2,0,434,1,0
41957,61,5,1,1,0,86,0,0
21217,48,4,0,2,0,869,0,0
17898,33,1,1,1,0,5441,1,0
22211,60,1,1,1,0,0,0,0
14298,29,4,1,2,0,581,1,1
17554,40,1,2,1,0,5483,0,0
14715,30,4,1,2,0,11,0,0
35514,53,1,1,0,0,2144,1,0
28424,45,1,0,1,0,1269,1,0
3527,46,1,1,1,0,756,1,0
29133,34,4,1,2,0,926,0,1
21274,55,1,1,1,0,1901,0,0
1420,40,9,1,3,0,698,1,0
41018,50,3,0,1,0,0,0,0
34285,59,4,1,2,0,3421,0,0
9041,45,4,1,1,0,0,0,0
17150,55,1,0,1,0,496,0,1
40333,43,1,1,0,0,1518,0,0
28659,28,6,2,1,0,1166,0,1
44783,41,0,1,1,0,3138,0,0
2846,59,5,1,1,0,2516,1,1
20640,47,9,1,2,0,545,1,0
32541,50,1,1,1,0,181,1,0
133,55,0,2,1,0,802,1,1
29714,30,4,2,2,0,179,0,0
13640,58,10,1,0,0,3884,0,0
37352,40,1,2,0,0,147,1,0
12406,24,4,2,1,0,653,1,0
2294,36,1,2,1,0,90,1,0
17233,52,3,1,1,0,-12,0,1
25506,33,4,2,2,0,896,1,0
18053,51,9,1,1,1,61,0,1
16361,45,1,2,0,0,308,1,0
13507,31,7,0,3,0,0,0,1
44673,49,0,2,2,0,228,1,0
7988,30,4,2,1,0,308,1,1
26563,38,1,1,0,0,1327,1,0
13127,45,7,2,1,0,-688,0,1
30777,30,10,2,1,0,2303,0,0
30991,36,2,1,1,0,546,0,0
8366,58,4,1,2,0,107,1,0
19350,32,9,2,1,0,145,0,0
43454,31,0,1,1,0,1229,0,0
28675,30,7,1,1,0,2212,1,0
42855,34,9,1,1,0,0,1,0
37084,48,1,1,1,0,1394,1,0
36980,28,9,1,1,0,-302,1,0
26669,32,9,1,1,0,5560,1,1
21620,43,4,2,2,0,483,0,0
39443,32,9,2,1,0,2979,0,0
39323,22,7,2,1,0,236,1,0
18048,58,10,2,1,0,1013,1,0
14569,58,4,1,2,0,3864,1,0
26671,38,1,1,0,0,3289,0,0
25859,41,7,1,1,0,115,1,1
2423,21,1,2,1,0,614,1,0
36503,33,7,2,1,0,310,1,0
1634,31,1,1,0,0,3007,1,0
24359,52,5,1,1,0,5423,0,1
5942,41,0,0,1,0,-140,1,0
39778,59,5,1,2,0,1312,1,0
29795,33,9,1,1,0,0,1,1
34943,27,1,2,1,1,-233,1,0
35834,49,7,1,3,0,1499,1,0
30694,43,0,2,1,0,309,1,0
33705,32,4,2,2,0,462,0,0
23691,47,7,1,1,0,5,0,0
11000,43,3,2,0,0,1354,0,0
8510,27,0,2,1,0,691,1,0
10314,44,7,1,1,0,938,0,0
20890,33,4,1,2,0,191,0,0
1064,29,7,2,1,0,-158,1,0
41549,42,9,1,1,0,3082,0,0
39574,26,6,2,2,0,560,0,0
15418,25,4,2,2,0,0,0,1
7844,37,1,1,0,0,461,1,0
6334,43,4,0,2,0,3257,1,0
32041,66,5,1,1,0,3473,0,0
413,48,0,1,1,0,182,1,0
33788,24,7,2,3,0,2022,0,0
43337,43,4,0,2,0,2367,0,0
13820,46,4,1,2,0,445,1,0
15607,32,7,2,0,0,1806,0,1
14789,45,1,2,1,1,0,0,1
40439,31,1,1,1,0,625,1,0
33782,22,0,2,1,0,61,0,0
15845,48,9,1,1,0,101,1,0
39647,32,4,2,2,0,312,0,0
9333,32,1,1,0,0,1138,1,1
41315,29,9,2,1,0,590,0,0
35026,29,0,2,1,0,27,1,0
28379,52,4,1,1,0,596,1,0
36978,47,3,1,1,0,0,1,0
30074,44,0,1,1,0,61,0,1
7715,35,9,2,2,0,391,1,0
27429,34,11,1,1,0,1434,0,0
24810,51,0,0,1,0,390,0,0
39319,32,9,2,1,0,-472,1,1
8756,60,5,1,0,0,1664,1,0
11511,52,2,1,2,0,0,0,0
38956,31,0,2,2,0,493,1,0
25124,35,1,1,1,0,87,0,0
8773,24,9,2,1,0,2019,1,0
14080,41,9,1,1,0,-172,1,1
19837,37,4,1,2,0,578,1,0
2115,52,1,2,0,0,210,1,0
5899,29,4,1,1,0,5284,1,0
4529,22,7,1,1,0,14,1,1
27239,36,1,1,1,0,708,1,0
7204,39,4,1,0,0,1749,1,0
44575,27,1,2,1,0,535,0,0
39415,39,4,2,2,0,307,0,0
39867,47,4,1,2,0,1147,0,0
4655,39,9,1,1,0,7313,1,0
16207,27,4,0,2,0,148,0,0
20267,55,3,1,0,0,578,0,0
11733,42,9,1,1,0,297,0,0
30713,32,1,1,1,0,300,0,0
28458,31,1,0,1,0,6,1,0
3063,42,0,0,1,0,1811,1,0
12822,26,1,2,1,0,428,0,1
37161,45,1,1,1,0,78,1,0
34589,51,2,1,2,0,3921,1,0
7503,31,1,2,0,0,-502,1,0
11835,39,0,2,1,0,470,1,0
16296,46,1,1,0,0,2427,0,0
16027,28,1,2,1,0,1285,0,0
40048,46,0,1,1,0,15,0,0
34742,35,1,1,1,0,5417,1,0
10181,45,9,0,1,0,0,1,1
1711,38,2,1,1,0,2139,1,0
29790,41,6,1,2,0,-195,1,1
25132,32,7,2,1,0,2251,1,1
35615,26,9,1,1,0,518,1,0
31330,61,0,1,2,0,1332,0,0
25915,34,0,1,1,0,131,0,0
895,59,1,1,0,0,229,1,1
19188,30,4,2,2,0,1571,0,0
33166,30,10,2,1,0,8304,0,0
24600,59,4,1,2,0,3640,0,0
25063,35,1,1,0,0,2878,1,0
3174,45,1,1,1,0,827,1,0
20834,30,9,2,2,0,0,1,0
7710,51,4,1,2,0,0,1,0
13727,55,4,1,0,0,199,1,1
11463,48,1,2,3,0,2961,0,0
2384,41,1,0,0,1,210,1,0
9878,52,4,0,1,0,944,0,1
40101,27,8,2,1,0,538,0,0
5447,29,1,2,1,0,1012,1,0
23457,38,9,1,1,0,-104,0,0
7117,57,1,1,0,0,630,1,0
38145,31,2,2,1,0,0,1,0
25050,41,1,1,1,0,1954,0,0
26399,37,4,1,2,0,7100,0,0
32440,34,1,1,0,0,2720,1,0
7395,52,9,1,1,0,963,1,0
41271,34,8,2,3,0,1281,0,0
37365,51,1,0,0,0,-19,1,0
14534,39,7,1,1,0,1930,1,0
17036,27,7,2,1,0,0,0,1
14970,39,6,1,2,0,1238,1,0
33675,36,6,2,1,0,245,1,0
22851,45,1,1,1,0,1335,1,0
11299,31,1,2,1,0,54,0,0
44048,39,9,1,1,0,4861,1,0
43968,36,4,2,2,0,538,0,0
9888,38,9,1,0,0,217,1,0
28277,53,0,0,1,0,2687,1,0
10453,32,1,0,1,0,-289,1,0
37835,45,1,1,1,0,87,1,0
32489,33,4,0,2,0,525,1,1
15046,52,0,0,1,0,1426,0,0
10749,56,4,1,2,0,21664,0,0
35671,56,9,1,1,0,2313,1,0
30933,31,10,2,2,0,381,1,0
28975,56,7,0,1,0,218,1,0
1753,37,1,1,1,0,934,0,0
29573,29,6,2,2,0,300,0,0
41817,73,5,1,0,0,154,0,0
38661,34,0,2,1,0,3160,0,0
14384,50,9,1,1,0,156,0,1
16112,43,7,0,1,0,957,0,1
9715,36,7,0,1,0,115,0,0
16564,57,5,0,0,1,0,0,1
27093,31,10,2,2,0,3252,0,0
42818,20,8,2,0,0,0,0,0
41247,70,5,1,0,0,2346,0,0
43433,34,4,1,2,0,3696,0,0
25097,34,9,1,2,0,544,1,1
32587,30,7,2,1,0,595,1,0
44449,67,5,0,0,0,1746,0,0
22062,33,4,1,2,0,0,0,0
23077,44,4,1,2,0,254,0,0
12418,42,1,0,0,0,145,0,1
17053,30,9,2,1,0,1626,0,0
30362,30,1,1,0,0,935,1,0
33953,30,4,2,2,0,398,0,0
22823,33,2,1,2,0,-886,1,1
35052,26,0,2,1,0,985,1,0
27066,32,10,2,0,1,0,0,0
38518,39,9,2,1,0,400,1,0
23362,56,7,1,1,0,83,0,0
22775,45,0,1,1,0,356,0,0
12686,51,9,1,1,0,216,0,0
21729,50,7,1,1,0,128,0,0
42784,64,4,1,2,0,3951,0,0
25098,38,0,2,2,0,4,1,1
12694,31,0,2,1,0,-182,1,0
29825,48,4,1,1,0,438,0,0
14568,38,7,2,1,0,164,0,1
9852,46,3,1,0,0,103,0,0
29200,33,4,2,2,0,1021,0,0
20038,33,4,1,2,0,571,0,0
29814,48,4,0,3,0,343,0,0
43869,39,3,0,1,0,70,0,0
31564,32,4,0,2,0,530,1,0
36862,52,1,1,1,0,555,1,0
40699,72,5,1,2,0,2,0,0
29187,49,0,1,1,0,359,1,0
41592,40,9,1,1,0,1819,0,0
5320,39,9,1,1,0,287,1,0
22115,50,4,0,2,0,83,1,0
37760,51,1,2,1,0,708,1,0
23838,46,4,2,2,0,134,0,0
37164,27,7,2,1,0,468,1,0
11334,48,11,1,3,0,2261,0,0
37833,27,1,1,1,0,-330,1,1
13084,29,7,2,1,0,1274,0,0
35245,34,7,2,1,0,-38,1,0
2076,37,4,1,2,0,0,1,0
14734,49,3,1,0,0,278,1,0
2354,48,2,1,1,0,86,1,0
28875,42,1,1,1,0,0,1,0
21481,45,11,1,1,0,2119,0,0
9701,35,9,1,2,0,7951,0,1
8751,59,5,0,1,0,284,0,1
23507,40,9,1,1,0,170,0,0
28580,48,10,1,0,1,-6,0,0
7261,32,7,1,1,0,250,1,0
9026,55,5,0,1,0,282,1,0
28870,56,10,1,1,0,972,0,0
13128,29,1,1,0,0,50,0,0
36652,43,1,1,1,0,1495,1,0
32083,49,1,1,1,0,1111,1,1
29605,38,7,1,2,0,1324,1,0
44479,71,5,1,1,0,2064,0,0
5644,60,5,0,1,0,1718,1,0
34317,39,4,2,2,0,1515,1,0
7610,37,4,1,2,0,569,1,0
4519,38,7,1,1,0,434,1,0
39688,25,8,2,3,0,92,0,0
4663,40,4,1,2,0,917,1,0
12927,58,9,0,1,0,-354,1,1
17776,56,3,1,1,0,559,0,0
17447,26,1,2,1,0,18,1,0
12724,47,0,2,1,0,3531,1,0
19289,54,1,1,1,0,506,1,0
7538,37,9,1,1,0,490,1,0
36348,41,1,1,1,0,926,1,0
19851,50,2,1,1,0,2731,0,0
36169,40,1,1,1,0,1844,1,0
44960,58,0,0,1,0,3337,1,0
41393,25,7,2,1,0,162,1,0
13156,32,2,0,1,0,252,0,1
21330,60,6,1,2,0,3,0,0
17059,39,0,0,1,0,2903,1,1
22402,49,0,1,1,0,0,0,0
13076,32,4,1,2,1,2,0,0
13071,45,1,1,1,1,-605,1,0
38727,38,0,1,1,0,1949,1,0
5673,44,9,1,0,0,-1379,1,1
14865,31,9,2,2,0,127,1,0
34930,33,7,2,2,0,1268,1,0
4911,30,1,2,0,0,546,1,0
31577,43,10,1,1,0,1943,1,0
6597,48,4,2,1,0,61,1,0
830,40,4,0,2,0,490,1,0
40052,29,4,2,2,0,2389,0,0
18141,56,4,0,2,0,66,0,1
31367,35,0,1,1,0,2,1,0
41718,29,9,2,2,0,172,1,1
23447,46,7,1,1,0,-11,1,0
43406,70,5,1,2,0,15834,0,0
10083,40,0,0,1,0,1967,1,0
12149,58,6,1,0,0,728,0,0
9922,35,7,1,1,0,8412,0,0
10566,48,7,2,3,0,5095,1,0
44460,33,8,1,1,0,1536,0,0
16818,43,9,1,1,0,34,1,0
19306,43,4,1,2,0,0,0,0
21752,53,6,1,2,0,2013,0,0
21446,45,9,1,2,0,121,0,0
34277,33,1,1,1,0,-208,1,1
38636,29,2,1,1,0,422,1,0
2916,33,0,2,1,0,673,1,0
29031,40,1,1,1,0,123,1,0
35518,39,1,1,1,0,660,1,1
19214,39,9,1,1,0,0,0,0
38699,39,9,2,1,0,-529,1,0
17714,47,4,1,2,0,24312,1,0
2488,54,5,1,0,0,0,1,0
41818,40,6,1,2,0,13669,0,0
16784,34,9,2,1,0,347,1,0
38158,34,9,0,2,0,1317,1,0
14847,38,7,1,1,0,-768,1,1
33853,34,1,1,1,0,640,1,0
14386,43,9,2,1,0,145,0,0
35962,28,1,2,0,0,16,1,0
24256,57,9,1,2,0,0,1,1
40413,33,9,1,1,0,73,1,0
31982,34,4,1,2,0,1116,1,0
27086,46,10,2,2,0,1808,0,0
41153,67,5,0,2,0,443,0,0
4453,39,7,1,1,0,0,1,0
10637,35,0,2,0,0,2355,1,0
38738,26,7,1,1,0,0,1,0
41805,31,0,2,2,0,52,1,0
32363,49,1,1,0,0,1019,1,0
32626,35,1,1,0,0,793,1,0
19657,57,5,1,1,0,4490,0,0
41616,65,4,0,2,0,2756,0,0
19091,34,9,1,1,0,0,0,0
1394,39,1,1,1,0,1042,1,0
36987,47,7,1,1,0,-553,1,0
32084,36,1,1,1,0,325,0,0
11635,57,5,1,1,0,789,0,0
17971,53,9,1,1,0,-440,0,0
4362,36,4,0,2,0,0,1,0
36278,44,4,1,1,0,491,1,1
25668,31,9,2,2,0,849,0,0
35122,46,9,2,1,0,747,1,0
41385,63,2,1,0,0,2287,0,0
14504,51,9,1,2,0,1537,0,1
16420,32,1,1,1,0,476,1,0
25314,38,7,1,1,0,4392,0,0
19035,40,9,2,2,0,39,0,0
27908,57,1,1,1,0,297,0,1
21986,35,9,2,1,0,0,0,0
8654,44,1,1,0,0,2958,1,0
29132,28,7,2,1,0,0,0,0
4004,35,7,2,1,0,568,1,0
19602,35,2,1,2,0,753,0,0
14573,41,9,1,1,0,1321,1,0
10051,39,1,2,1,0,653,0,0
2854,31,4,1,2,0,0,0,0
16622,50,1,1,0,0,27,1,0
6386,41,7,1,1,0,1141,1,0
43205,34,8,2,3,0,242,0,0
29530,33,1,1,1,1,-266,1,1
9102,59,1,1,3,0,139,0,0
22825,47,9,0,1,0,157,1,0
29611,43,4,1,2,0,5082,0,0
30951,44,0,0,1,0,432,0,0
20935,37,4,2,2,0,455,1,0
33133,32,7,1,1,0,197,1,0
22403,41,4,1,2,0,23,0,0
17943,56,1,1,3,0,260,1,0
30287,56,4,1,2,0,14344,1,0
4006,57,1,1,3,0,97,1,0
16000,30,2,1,1,0,-346,1,1
20953,48,3,1,0,0,469,0,0
19661,30,4,1,2,0,0,0,0
28558,37,4,0,1,0,414,0,0
6057,37,1,2,1,0,3344,1,0
34005,31,4,1,2,0,1812,0,0
19773,34,9,2,1,0,161,0,1
3530,56,7,1,1,0,2658,1,0
7946,39,4,1,2,0,568,1,1
17398,26,7,2,1,0,1163,0,1
37704,54,5,1,1,0,1139,1,0
24875,56,4,1,2,0,664,0,1
7883,54,1,1,0,0,-636,1,0
27863,54,5,0,2,0,726,0,0
16610,56,4,0,2,0,1654,1,0
584,37,9,1,0,0,0,1,0
35727,40,9,0,1,0,-163,1,0
4962,32,1,1,0,0,131,1,0
29587,36,4,1,2,0,254,0,0
6582,36,0,2,1,0,0,1,1
40022,22,0,2,1,0,222,0,0
26433,37,1,1,1,0,693,0,0
3288,47,1,1,0,1,-1385,1,1
21228,37,4,1,2,0,984,1,0
23510,32,4,1,2,0,2431,0,0
11213,35,1,1,3,0,1201,0,0
45065,30,4,2,2,0,2344,1,0
26294,41,4,1,2,0,-195,0,1
4082,51,7,1,0,0,8806,1,0
27139,43,0,1,1,0,817,1,1
16647,34,4,1,2,0,0,1,0
36430,44,0,2,1,0,-497,1,0
31685,43,1,1,1,0,902,1,0
3470,43,4,1,2,0,4004,1,0
15179,51,1,1,0,0,201,1,0
29368,65,5,1,2,0,1948,0,0
39337,30,1,2,1,0,1837,1,0
2986,49,7,1,1,0,892,0,0
16976,30,1,0,0,0,-242,0,1
29682,60,5,2,2,0,305,1,0
33657,29,0,1,0,0,131,1,0
44606,27,8,2,0,1,25,0,0
2339,22,7,2,1,0,395,1,0
41180,22,8,2,2,0,691,0,0
28291,35,5,1,0,0,285,1,0
34079,56,5,1,0,0,1947,0,0
3940,33,9,1,1,0,153,1,0
34457,29,3,2,1,0,4537,1,0
28823,38,1,1,1,0,451,0,0
38543,33,9,0,1,0,855,1,0
9555,59,5,1,1,0,444,1,0
22025,52,1,1,0,0,584,1,0
20942,42,4,2,2,0,525,0,0
39363,46,4,2,2,0,6651,0,0
14527,37,5,0,1,0,79,0,0
23503,35,9,1,1,0,0,0,0
43218,60,0,1,1,0,12980,0,0
20222,34,9,1,1,0,1569,0,0
20680,50,1,1,0,0,106,0,0
5821,59,5,1,0,0,174,1,1
8629,28,1,2,0,0,0,1,1
16841,25,7,1,1,0,0,1,0
5354,47,9,1,1,0,-401,1,0
44768,39,4,1,2,0,562,0,0
37863,29,1,1,1,0,-312,1,1
1612,31,1,1,1,0,-13,1,0
17783,47,4,1,2,0,2889,0,0
280,50,1,1,0,0,61,1,0
23771,36,9,2,1,0,34,0,1
19546,30,9,2,1,0,-232,0,1
21130,51,4,0,2,0,311,0,0
23234,41,4,1,2,0,24,0,0
13839,48,4,1,2,0,0,1,0
1594,35,4,1,2,0,820,1,0
20340,30,4,2,2,0,6493,0,0
33742,32,9,2,2,0,5514,0,0
37813,33,7,2,1,0,-448,1,0
43028,54,9,1,1,0,10185,0,0
14469,36,1,1,0,0,1580,1,0
15729,32,9,1,1,0,-796,1,1
2514,29,9,2,1,0,309,1,0
10330,49,1,1,0,0,518,1,0
23445,32,4,2,2,0,2629,0,0
44632,22,8,2,1,0,552,0,0
6220,31,4,2,2,0,1411,1,0
17429,33,10,1,2,0,271,1,1
38595,39,7,2,1,0,315,1,0
31078,35,8,2,1,0,188,1,0
11095,46,11,2,0,0,10,0,0
1088,51,9,1,1,0,221,1,0
17591,48,4,1,2,0,717,0,0
11134,56,1,1,1,0,3760,0,0
14482,36,1,1,1,0,-128,0,1
17400,32,0,2,1,0,976,1,0
27362,34,9,0,1,0,7,1,1
21944,37,9,2,1,0,228,1,0
44712,34,10,2,3,0,517,0,0
32742,31,10,1,1,0,375,1,0
31498,56,4,1,2,0,480,1,0
37627,28,8,2,2,0,170,0,0
10748,51,0,1,1,0,2967,0,0
40502,66,5,1,1,0,203,0,0
7095,52,7,0,0,0,130,1,0
1075,49,7,2,0,0,114,1,0
4095,44,0,1,1,1,-1249,1,1
40586,71,5,2,2,0,1285,0,0
8108,41,7,1,1,0,1027,1,0
27854,53,9,1,1,0,529,1,0
16592,28,9,1,1,0,158,1,1
31637,27,10,2,1,0,1972,0,0
3424,48,7,2,0,0,848,1,0
29899,34,1,2,1,0,783,1,0
10267,39,1,1,3,0,2952,1,0
37977,31,1,1,0,0,392,1,0
25184,36,7,2,1,0,1482,1,0
40402,78,5,0,0,0,2787,0,0
13472,53,3,1,0,0,-286,1,0
12412,56,2,1,2,0,-65,1,0
16888,30,4,2,2,0,5074,1,0
28409,30,1,2,1,0,229,0,0
7392,35,4,1,2,0,1550,1,0
12386,49,9,1,1,1,-1680,1,1
40397,69,5,0,1,0,1806,0,0
44991,25,1,2,1,0,1857,1,0
7557,35,7,1,1,0,0,0,0
17713,43,10,1,0,0,731,0,0
10909,55,6,1,1,0,39,0,0
35299,32,7,2,2,0,1763,1,0
23317,35,9,1,1,0,198,0,0
12955,30,9,1,2,0,101,1,1
333,58,4,2,2,0,1387,1,0
2657,25,1,1,1,0,53,1,0
16570,43,4,1,2,0,-183,0,0
20132,54,5,1,1,0,2950,0,0
9987,56,4,0,2,0,1016,1,0
35941,53,0,1,1,0,4493,0,0
2218,41,1,1,0,0,1052,1,1
6894,35,1,0,1,0,105,1,1
18852,60,5,1,1,0,5207,0,0
20530,33,4,1,2,0,1504,0,0
23896,33,9,0,1,0,22,0,0
32519,43,0,2,2,0,664,1,0
32996,31,1,1,1,0,604,1,0
6081,36,1,1,1,0,3935,1,1
31188,66,5,1,1,0,995,0,0
43928,35,9,1,1,0,294,1,0
39180,28,1,2,1,0,2528,1,0
34933,35,1,1,1,0,80,1,1
26620,35,0,2,1,0,0,1,1
10190,54,0,1,1,0,1326,1,0
26108,35,7,1,0,0,31,0,1
4475,38,1,1,1,0,732,1,1
4109,54,7,1,1,0,158,1,0
3398,55,7,0,0,0,2923,1,0
19820,49,0,1,1,0,2116,0,0
21005,36,9,1,1,0,25,0,0
9849,58,3,1,0,0,422,0,0
16565,51,2,1,3,0,29,1,0
42909,36,0,2,2,0,994,0,0
20505,32,9,2,1,0,-114,0,0
1534,33,9,1,1,0,832,1,1
11446,37,1,1,0,0,0,1,0
3769,33,1,1,1,0,58,0,0
38372,50,5,1,0,0,172,1,1
36158,33,3,1,1,0,826,1,0
28955,34,4,1,2,0,0,0,0
30328,61,1,2,0,0,433,0,0
34810,33,0,1,2,0,281,1,0
7286,37,0,2,1,0,3049,1,1
33382,50,4,0,2,0,516,1,1
33440,44,7,1,1,0,1989,1,1
14624,48,1,1,1,0,729,1,0
33009,36,1,1,1,0,1949,1,0
22707,54,3,1,0,0,470,0,0
29594,42,11,2,0,0,2398,1,0
32763,33,9,1,1,0,5833,1,0
42977,61,5,1,2,0,2557,1,0
12330,28,4,2,2,0,282,1,0
22239,37,9,0,1,0,-18,0,0
19226,48,9,1,1,0,7020,0,0
22873,52,9,1,1,0,981,0,0
35668,45,4,1,1,0,458,1,0
44694,65,0,1,1,0,952,0,0
30862,31,4,1,2,0,395,1,0
37953,43,1,1,0,0,991,1,0
4661,35,9,2,2,0,2012,1,0
260,53,1,1,1,0,70,1,0
24834,47,4,0,2,0,428,1,0
41745,64,5,1,0,0,2140,0,0
16582,34,4,2,2,0,0,0,0
8180,36,9,0,1,0,-435,1,0
44464,22,8,2,1,0,216,0,0
43496,21,8,2,3,0,330,0,0
8582,35,1,2,1,0,0,1,0
5969,47,1,1,1,1,-614,1,0
7576,45,0,1,1,0,840,1,0
42453,53,1,2,1,0,1442,0,0
3350,34,1,1,1,0,298,1,0
19552,35,4,1,1,0,616,0,1
831,42,1,2,0,0,19,1,0
1445,58,6,0,1,0,613,1,0
37922,47,4,1,1,0,177,1,0
42347,20,8,2,1,0,215,0,0
9470,47,1,1,0,0,673,1,1
29232,58,5,1,1,0,1227,0,0
32396,38,6,1,2,0,2084,1,0
35737,27,6,2,1,0,23,1,0
30461,35,0,2,1,0,1016,0,1
4767,30,7,2,3,0,347,1,0
43159,33,4,1,2,0,71,0,0
12038,51,5,2,0,0,604,0,0
409,46,1,1,1,0,1660,1,0
3184,40,7,1,1,0,581,1,0
3090,45,1,1,0,0,532,1,0
44706,33,0,1,1,0,616,0,0
20828,39,9,1,2,0,4373,1,0
38692,34,2,1,1,0,183,1,0
28138,34,0,2,1,0,407,0,0
44486,57,0,1,3,0,2038,0,0
39418,46,7,1,1,0,1381,1,0
23385,43,4,1,2,1,0,0,0
337,53,9,1,1,0,56,1,1
8925,50,1,1,0,0,42,1,0
40044,40,4,1,2,0,8963,0,0
25529,43,9,1,1,0,186,1,0
13925,37,1,0,1,1,-54,1,0
31463,46,4,0,2,0,10469,1,0
36769,40,4,1,2,0,226,1,0
9244,42,1,1,1,0,698,0,0
30319,35,4,0,2,0,457,1,0
26408,49,6,1,0,0,5711,0,0
6879,26,1,1,3,0,407,1,0
18121,58,5,0,2,0,-1598,1,0
24553,50,4,1,2,0,4,0,0
41631,65,5,1,1,0,1176,0,0
37897,41,1,1,1,0,427,1,1
25624,34,4,2,2,0,1,0,0
30529,57,4,1,2,0,337,0,0
22673,35,9,2,2,0,275,1,0
35365,46,4,1,1,0,21,1,0
23940,33,1,1,1,0,842,0,0
15737,43,0,1,1,0,3215,1,0
8105,46,7,1,1,0,4780,1,0
6552,31,1,2,2,0,-701,1,0
13194,41,9,2,1,0,-3,0,0
16313,28,4,2,2,0,-56,0,1
14215,30,7,1,1,0,4,1,0
21351,37,6,1,2,0,129,0,0
35831,32,1,1,1,0,356,1,0
19038,58,5,1,3,0,937,0,0
38477,25,0,2,1,0,507,1,0
11710,58,9,1,1,0,683,0,0
27192,53,1,1,1,0,1027,0,0
9094,51,9,0,1,0,1,1,0
8317,39,1,1,0,0,592,1,0
34530,23,10,2,1,0,-503,1,0
3319,49,1,2,0,0,3018,1,0
42329,52,4,1,2,0,583,0,0
7007,45,9,2,2,0,5336,0,0
20856,30,9,2,2,0,635,0,0
7801,31,9,0,1,0,342,1,0
19107,32,9,2,2,0,127,0,0
33253,28,6,1,2,0,232,1,1
11986,38,4,1,2,0,6999,0,0
16076,27,1,2,1,0,-247,0,1
34178,33,6,1,2,0,263,0,0
26352,34,6,1,2,0,7602,0,0
21583,46,9,2,1,0,182,0,0
20299,40,9,1,1,1,32,1,0
31774,28,9,1,1,0,139,1,1
9155,39,7,1,1,0,0,1,0
37170,27,1,0,1,0,0,1,0
682,29,0,1,1,0,182,1,1
26494,30,4,2,2,0,4091,0,0
42466,41,10,1,1,0,1077,1,1
36725,58,5,1,1,0,624,1,0
34283,40,10,2,1,0,356,1,0
40212,32,0,2,2,0,8866,0,0
18556,35,4,1,2,0,1731,0,0
40511,28,7,2,1,0,126,0,0
26250,32,9,2,1,0,6402,1,0
12246,45,6,2,0,0,112,0,0
21910,34,3,1,0,0,4,0,0
165,26,0,2,1,0,82,1,0
15505,29,10,1,1,0,39,0,1
26526,39,4,1,2,0,1209,0,0
11047,50,7,0,2,0,580,0,0
16350,48,7,1,1,0,2739,0,0
16933,32,0,1,2,0,176,1,0
8853,35,1,1,0,0,300,1,0
35281,26,1,2,1,0,2,1,0
26908,48,4,0,2,0,-547,0,0
11626,47,10,0,1,0,176,0,0
38726,35,4,1,2,1,-10,1,0
42409,29,4,2,2,0,1445,0,0
30295,32,4,1,2,0,205,1,0
31398,23,8,2,1,0,4126,0,0
4428,33,0,2,2,0,622,1,0
22976,38,3,1,0,0,21,0,0
39875,38,0,1,2,0,1988,0,0
32952,57,3,1,2,0,2326,0,0
31644,39,4,2,2,0,2651,0,0
32676,36,1,2,1,0,275,1,0
11837,38,9,0,2,0,348,0,0
29185,34,9,1,2,0,-624,0,0
13726,27,7,2,1,0,-266,0,1
7631,59,5,1,1,0,8107,0,0
41955,33,7,0,1,0,2411,1,0
29797,43,7,2,1,0,370,1,0
16446,50,2,1,2,0,-168,1,0
3740,44,2,1,2,0,3689,1,0
19766,60,4,1,2,0,73,0,0
3743,38,1,1,1,0,961,1,0
2959,50,4,1,1,0,0,1,0
35225,50,2,1,1,0,806,1,1
43860,27,1,2,2,0,644,0,0
34438,26,10,1,2,0,0,1,0
2176,56,1,1,0,0,1399,1,0
36732,33,4,1,1,0,2858,1,1
38593,56,9,2,1,0,751,1,0
32408,29,9,2,2,0,828,1,0
4372,48,1,1,0,0,490,1,0
42376,83,5,0,0,0,20,0,0
38969,39,1,1,1,0,4430,1,0
27382,31,4,2,2,0,4718,1,0
17969,44,4,1,1,0,488,0,1
43344,42,10,1,1,0,0,1,1
43022,36,1,0,1,0,2843,0,0
24644,31,6,2,2,0,917,0,1
11676,56,9,1,2,0,52,0,0
29905,52,1,0,0,0,528,0,0
25566,39,1,2,0,0,6,1,0
37755,37,9,0,1,0,5957,1,0
39218,33,9,2,1,0,1279,1,0
24695,35,9,0,2,0,825,1,0
6984,27,7,2,2,0,5883,1,0
10436,36,2,1,0,0,6317,0,0
23524,43,4,2,2,0,0,0,0
35194,25,2,2,2,0,140,1,0
8741,41,0,2,1,0,-22,1,0
3326,50,7,2,1,0,516,1,0
16876,30,9,1,2,0,179,1,0
6328,36,4,1,2,0,-825,0,0
6911,28,7,2,1,0,3331,1,0
5477,43,2,1,1,1,150,1,1
39014,34,1,1,3,0,201,1,0
7912,51,4,2,2,0,0,1,0
10038,39,1,2,1,0,16917,0,0
38563,55,7,1,1,0,841,1,0
44638,65,9,1,1,0,2303,0,0
1329,33,1,1,1,0,1988,1,0
34506,59,0,0,0,0,191,1,0
44226,46,9,1,1,0,9299,0,0
1492,55,1,1,0,0,82,1,0
14850,27,7,1,1,0,100,0,0
42267,77,5,1,0,0,2590,0,0
22684,33,9,2,1,0,9,0,1
41816,62,5,1,0,0,0,0,0
31955,45,1,1,1,0,96,1,0
34216,36,9,1,2,0,911,1,1
27282,32,9,2,1,0,6710,0,0
16228,48,5,1,2,0,4,0,1
36599,37,1,1,0,0,-106,1,1
14372,43,1,0,0,0,-76,1,0
19917,37,4,1,2,0,478,0,0
2147,39,0,2,1,0,496,1,0
7588,50,9,1,1,0,1093,1,0
17408,31,1,2,1,0,-343,0,1
963,48,7,0,1,0,852,1,1
19460,50,0,1,1,0,106,0,1
5866,37,1,0,1,0,316,1,0
41979,73,5,1,0,0,542,0,0
33962,38,10,1,2,0,2812,1,0
12309,38,7,1,1,0,-140,0,0
36424,32,9,2,1,0,271,1,1
31131,31,4,1,2,0,131,0,0
1734,29,1,1,0,1,-43,1,0
37081,46,1,2,1,0,521,1,0
35858,34,9,0,1,0,49,0,0
33167,36,1,1,1,0,6699,1,0
39086,27,1,1,3,0,409,1,0
12974,35,1,2,1,0,1688,1,0
30480,38,4,1,2,0,0,0,0
37943,32,1,2,1,1,-575,1,0
44777,62,0,1,1,0,4608,0,0
32113,40,7,0,1,0,1062,1,0
4592,38,1,1,0,0,178,1,0
18971,58,0,1,1,0,1686,0,0
30161,32,10,1,1,0,2400,1,1
12178,37,9,2,2,0,1609,0,1
7332,42,4,1,2,0,8794,1,0
11260,54,1,1,0,0,45,1,0
26567,30,6,1,2,0,1930,0,0
29083,27,9,1,2,0,10451,1,0
40262,34,1,0,3,0,172,0,0
40797,33,2,1,3,0,73,1,0
21320,54,9,2,1,0,473,1,0
21875,33,4,2,2,0,47,0,0
24325,49,0,1,1,0,272,1,1
28830,60,5,1,1,0,143,0,0
1076,39,3,1,1,0,365,1,0
19238,54,4,0,2,0,787,0,0
29196,48,0,2,1,0,303,1,1
12040,34,1,1,0,0,455,1,0
19140,57,0,1,0,0,286,0,0
42444,31,9,1,1,0,684,1,0
15455,26,9,2,1,1,-454,0,1
17100,42,4,0,1,0,284,0,0
10555,36,7,1,1,0,981,0,0
1234,31,6,1,2,0,322,1,0
42271,38,2,1,2,0,1438,0,0
40590,42,4,2,2,0,11008,0,0
8531,41,1,0,1,0,47,1,0
42080,36,1,1,1,0,1193,0,0
34041,31,7,2,1,0,1599,0,0
2971,40,2,1,1,0,264,1,0
3643,51,1,1,1,0,1414,1,0
18359,44,4,2,2,0,617,0,0
31530,39,9,0,2,0,113,1,1
38579,45,7,1,1,0,-1621,1,1
44219,33,9,1,1,0,183,0,0
26664,44,1,1,1,0,3060,1,0
8089,33,4,1,2,0,0,1,0
10763,44,4,1,2,0,3091,1,0
43378,40,0,1,1,0,3126,1,0
571,56,1,1,1,0,1602,1,0
32040,37,9,1,1,0,474,1,0
20513,53,4,1,2,0,-1,0,0
26165,35,4,1,0,0,-326,1,1
4662,36,9,2,2,0,162,1,0
27045,46,10,0,0,0,23,0,0
40995,33,0,1,1,0,920,0,0
6019,39,2,1,2,0,36,1,0
42488,19,8,2,1,0,526,0,0
28241,55,5,1,1,0,0,0,0
6464,36,7,2,1,0,-330,1,0
22615,31,9,2,1,0,-466,0,0
44708,32,9,2,1,0,1089,0,0
44447,33,9,2,1,0,2979,0,0
3872,30,1,2,1,0,132,1,0
36237,55,4,0,3,0,0,1,0
36932,44,0,2,1,0,469,1,1
14877,26,0,2,1,0,74,0,1
41838,40,10,2,2,0,79,0,0
8021,41,1,1,0,0,143,1,1
8039,32,7,1,1,0,109,1,0
32441,39,4,2,2,0,0,1,0
38988,29,4,1,2,0,85,1,1
31980,40,1,1,0,0,3090,1,0
6699,54,9,1,1,0,1865,1,0
210,38,1,1,1,0,-390,1,0
7060,29,6,1,1,0,542,0,0
31795,68,5,1,0,0,1759,0,0
4631,34,1,1,1,0,1298,1,0
24696,43,4,1,2,0,2767,1,0
34516,30,7,2,1,0,572,1,0
39254,29,4,0,2,0,559,1,0
34953,32,0,1,1,0,752,1,0
39120,26,1,1,0,0,595,1,1
2258,31,1,1,1,0,286,1,1
40561,79,5,1,1,0,4738,0,0
1185,35,6,1,0,0,1094,1,0
21437,32,3,1,0,0,2678,0,0
20308,57,5,1,1,0,13834,0,0
5332,37,4,2,2,0,1379,1,0
8017,36,7,1,1,0,2984,1,0
36964,32,4,2,2,0,933,1,0
18889,30,4,2,2,0,1673,0,0
4214,45,1,1,0,0,2128,1,0
15157,38,9,1,1,0,922,1,1
43313,29,4,2,2,0,874,1,0
5405,30,1,1,1,0,2080,1,0
39026,48,7,0,1,0,-203,1,0
43323,54,7,0,1,0,0,0,0
39692,39,2,1,1,0,3471,1,0
39715,55,0,0,1,0,1872,0,0
17956,42,9,1,1,0,0,0,0
995,37,1,1,0,0,310,1,0
3200,30,4,1,1,0,678,1,0
15738,56,4,1,2,0,217,0,1
26077,31,7,1,1,0,395,0,0
33182,31,1,1,1,0,1664,1,0
35551,33,9,1,1,0,348,1,0
30399,29,1,2,1,0,228,0,0
22435,35,9,0,1,0,54,0,0
2936,49,1,1,0,0,0,1,0
27461,53,4,1,0,0,13901,1,0
206,41,4,1,2,0,176,1,1
8740,36,1,1,1,0,136,1,0
2652,52,2,1,3,0,0,1,0
30941,42,7,0,0,0,0,1,0
14794,47,9,2,1,0,1710,0,1
12685,55,1,1,1,0,49,1,0
34862,30,4,0,2,0,477,1,0
12513,50,4,1,2,0,830,0,0
21209,45,9,2,2,0,0,0,0
25394,35,1,1,1,0,496,1,0
9224,58,5,1,1,0,150,1,0
42568,36,7,2,1,0,23,1,0
20812,50,4,1,2,0,4,0,0
3657,55,9,1,1,0,0,1,0
1112,30,7,0,1,0,98,1,0
36137,42,1,1,0,0,659,1,0
44807,33,1,2,0,0,611,0,0
38590,54,0,0,1,0,-394,1,0
6255,52,9,0,1,0,388,1,1
8457,38,7,1,1,0,823,1,0
5995,32,10,1,0,0,9894,1,0
28080,49,9,2,3,0,350,0,0
19033,48,1,1,0,0,0,0,1
12115,45,6,1,1,0,845,0,0
6704,42,1,0,1,0,1820,1,0
14806,35,4,1,2,0,-273,1,0
4652,34,7,1,1,1,421,1,0
18605,36,1,0,1,0,107,1,0
3055,44,4,1,2,0,474,1,1
33912,25,4,2,2,0,943,0,0
15848,26,0,1,1,0,233,1,0
21936,46,1,1,1,0,15,1,1
794,46,6,1,2,0,2303,1,0
41677,44,1,1,1,0,1495,1,0
27478,58,4,0,2,0,50,1,0
40770,62,5,1,0,0,3738,0,0
289,40,6,1,1,0,672,1,0
31488,41,1,1,1,0,0,1,0
22483,58,5,1,0,0,701,0,0
2698,31,7,2,1,0,516,1,0
43033,48,10,1,1,0,926,0,0
28477,56,4,2,2,0,6507,1,1
43383,33,0,2,2,0,7608,0,0
6213,36,4,2,2,0,3875,1,0
40933,30,9,1,1,0,6843,0,0
14979,38,7,1,1,0,0,0,1
34822,32,1,2,0,0,181,1,0
27147,33,4,1,2,0,1602,0,0
4618,33,4,1,2,0,148,0,0
1431,44,1,1,0,0,753,1,0
3710,43,1,1,1,0,19,1,0
12545,34,9,1,1,0,46,1,1
33134,28,4,2,1,0,2840,0,0
35933,32,1,2,1,0,541,1,0
40377,48,0,0,1,0,0,1,1
22108,44,4,1,1,0,0,0,0
22344,33,4,1,2,0,1109,0,0
24363,47,4,1,2,0,3505,0,0
26654,30,0,2,2,0,732,0,0
19080,41,4,1,2,0,1409,0,0
5575,31,1,1,1,0,2910,1,0
41997,70,5,1,1,0,616,0,0
2341,26,2,2,1,0,101,1,0
31758,56,9,1,1,0,2847,0,0
39501,37,4,1,2,0,900,1,0
28233,54,5,0,2,0,294,1,0
42196,57,4,1,1,0,2155,0,1
14231,29,7,1,1,0,10,1,0
8335,42,4,1,1,0,12282,1,0
13293,57,4,1,2,0,5,1,0
14702,54,5,0,1,0,13,1,0
27455,49,7,1,0,0,4713,1,0
25471,30,4,2,2,0,5561,1,0
32871,28,4,2,2,0,175,1,0
513,41,1,1,0,0,0,1,1
8506,40,1,1,0,0,1698,1,1
24373,57,3,1,2,0,3760,0,0
13684,27,1,2,1,0,228,0,0
16427,48,1,1,0,0,329,0,1
23031,42,4,1,2,0,154,0,0
326,40,1,2,1,0,436,1,0
36876,44,9,2,1,0,285,1,0
1795,60,9,1,0,0,65,1,0
16770,53,3,0,0,0,2253,1,0
5652,50,9,1,2,0,199,1,1
34927,31,1,2,3,1,17,1,0
21324,31,9,2,1,0,0,0,0
35866,40,7,1,3,0,-516,1,0
37702,40,0,2,0,0,846,1,0
33267,34,3,1,2,0,4958,1,0
23175,55,9,0,2,0,56,0,0
22077,52,1,1,0,0,990,0,0
26248,39,1,1,1,0,660,1,1
27570,49,4,1,2,0,2147,0,0
43098,33,10,2,0,0,396,0,0
22764,39,9,1,1,0,3825,0,1
26311,40,4,1,0,0,214,1,0
7384,35,4,2,2,0,870,1,0
12644,45,7,2,1,0,184,1,1
34808,30,0,1,1,0,-150,1,0
18052,53,7,1,1,0,1194,0,0
33379,32,1,1,0,0,2,1,1
38720,33,0,2,0,0,-258,1,0
2867,53,1,1,1,0,5700,1,0
20685,44,4,1,1,0,781,1,0
20423,44,9,0,1,0,0,0,0
38866,29,0,2,1,0,543,1,1
443,24,6,2,1,0,0,1,0
8601,48,1,1,1,0,-6,1,0
44796,39,4,1,3,0,76,0,0
44191,64,3,1,0,0,768,0,0
13385,53,9,1,2,0,673,1,0
25842,55,5,1,1,0,3948,0,0
30220,37,4,2,2,0,156,0,0
3788,33,1,2,1,0,272,1,0
16372,41,4,2,2,0,1355,0,0
29719,26,9,2,2,0,822,0,0
23179,50,6,1,2,0,1503,0,0
44856,26,4,2,2,0,1027,0,0
5143,36,1,1,1,0,342,1,1
11885,43,4,1,2,0,177,0,0
36919,58,2,1,0,0,1153,1,1
33775,74,5,1,0,0,670,0,0
26196,55,6,1,1,0,12159,1,0
25264,38,7,1,3,0,4644,1,0
35981,34,6,2,2,0,366,1,0
7339,36,9,1,0,0,4585,1,0
35284,55,1,0,1,0,-152,1,0
8525,47,4,0,2,0,-478,1,0
19595,32,9,2,1,0,-23,0,1
30128,45,0,1,3,0,323,0,0
7641,37,1,1,1,0,421,0,1
23309,32,6,2,1,0,356,1,0
10232,54,5,1,1,0,3671,0,0
12167,59,3,2,3,0,4639,0,0
3269,55,7,1,1,0,697,1,0
18376,48,4,1,3,0,970,0,0
7614,51,0,1,1,0,4178,1,0
39345,36,1,1,0,0,1548,1,1
28621,39,9,0,1,0,1333,1,1
10659,50,3,1,0,0,4,0,0
37182,35,1,1,1,0,260,1,0
20859,35,4,0,2,0,434,1,0
14043,39,9,1,1,0,37,1,1
41594,76,5,1,1,0,242,0,0
458,33,1,2,1,1,-60,0,0
4243,54,1,1,1,0,887,1,0
22616,40,6,1,1,0,2,0,0
29408,33,4,2,2,0,153,1,0
8823,37,1,1,1,0,117,1,0
43096,33,10,2,2,0,4874,0,0
40157,35,3,2,0,0,745,0,0
33629,39,1,1,3,0,621,1,0
34983,42,1,0,1,0,1491,1,0
18238,39,9,2,1,0,391,0,1
38910,44,1,2,0,0,343,1,1
17070,38,0,1,1,0,689,1,0
22948,39,4,1,2,0,309,0,0
2533,45,1,1,1,0,105,1,1
6466,38,9,1,1,0,750,1,0
25633,47,9,1,1,0,85,0,0
42995,76,5,1,0,0,3324,0,0
43560,37,10,2,1,0,2722,0,0
26227,59,4,1,2,0,98417,0,0
11570,57,5,1,1,0,2020,0,0
21591,42,4,1,2,0,356,0,0
9896,57,3,0,0,0,0,0,0
37064,29,1,1,1,0,912,1,0
9514,45,6,1,2,0,510,0,0
4138,30,9,2,1,0,18,0,0
33936,32,7,1,1,0,580,1,0
19801,60,5,1,1,0,345,1,1
19634,33,4,2,2,0,1308,0,0
15879,57,1,1,1,0,-898,1,1
27740,43,9,0,1,0,87,1,0
33289,37,2,1,0,0,1529,1,0
17935,45,1,1,1,0,0,0,0
23567,43,9,1,2,0,80,0,0
28106,51,9,1,3,0,413,1,0
42620,34,10,2,1,0,15,0,0
32533,33,2,1,1,0,135,1,0
31718,27,0,2,2,0,2068,0,0
31024,44,9,1,1,0,2981,1,1
7990,31,9,2,2,0,3729,1,0
23413,37,2,1,2,0,298,0,0
6627,34,8,2,0,0,3004,0,0
5858,39,9,1,1,0,1,1,0
20649,58,0,1,3,0,528,0,0
6657,24,1,2,1,0,8594,1,0
22774,33,9,2,2,0,49,0,0
5934,40,7,1,1,0,-626,1,0
33722,39,0,1,2,0,1108,0,0
34339,56,5,1,0,0,9367,0,0
29053,31,9,2,1,0,44,0,0
7482,53,1,1,1,0,1852,1,0
32610,43,0,1,1,0,214,1,0
37088,38,1,1,0,0,354,1,0
10021,46,1,1,0,0,10333,1,0
43811,28,7,2,2,0,128,0,0
23255,32,4,1,2,0,0,0,0
3620,55,7,1,1,0,151,1,0
16942,45,4,1,2,0,634,1,0
33144,57,9,1,2,0,3082,1,1
37534,32,9,1,2,0,396,1,0
20098,49,2,1,1,0,348,0,0
23270,51,1,1,0,0,3726,0,1
44075,29,9,2,1,0,738,0,0
9885,52,0,1,1,0,1004,1,0
29657,37,7,0,1,0,1472,1,0
11476,56,10,1,1,0,216,0,0
35591,39,0,1,2,0,464,1,0
25919,57,1,1,1,0,5935,1,1
20068,30,9,2,1,0,58,1,0
45000,38,1,2,1,0,0,0,0
17874,56,2,0,2,0,2975,0,1
12624,28,0,2,1,0,1143,1,1
17486,56,4,0,2,0,-59,0,1
24284,41,4,1,2,0,1272,1,0
6258,40,9,1,1,0,56,1,1
5305,41,6,1,2,0,-326,1,1
28014,57,7,0,0,0,818,0,0
25361,45,2,1,1,0,128,0,1
32229,39,4,1,2,0,63,1,0
33095,50,2,1,0,0,431,1,0
10864,58,1,1,0,0,73,0,0
30956,45,1,1,1,0,4365,0,1
23702,41,9,0,1,0,475,1,0
6461,32,1,1,1,0,49,1,0
24205,42,6,1,2,0,4960,0,0
33398,39,4,1,2,0,894,1,0
25925,32,9,2,2,0,550,0,0
19067,31,9,2,1,0,2388,0,0
11715,48,4,1,2,0,5320,1,0
37652,28,1,2,1,0,61,1,0
44266,33,0,2,2,0,146,0,0
29756,32,10,2,1,0,5670,0,0
36739,44,7,2,1,0,492,1,0
18466,52,9,1,3,0,668,1,0
36554,35,7,1,1,0,211,1,0
23811,37,4,2,1,0,45,0,0
11828,36,1,2,1,0,7123,0,0
12267,36,4,0,2,1,20,0,1
38331,31,1,1,0,0,-365,1,0
10771,49,2,1,1,0,27,0,0
3724,47,1,1,0,0,1756,1,0
5650,56,1,0,0,0,-216,1,0
15468,45,1,1,0,1,153,0,1
8859,31,0,1,0,0,355,1,1
9227,38,0,1,1,0,884,1,0
31436,44,10,1,1,0,2756,0,0
14749,43,9,2,1,0,326,1,0
39388,37,0,1,1,0,1314,1,0
11112,51,3,1,0,0,1093,0,1
3942,41,9,1,1,0,493,1,0
38955,27,1,2,1,0,513,1,1
42669,33,7,2,1,0,133,0,0
41900,39,9,1,2,0,206,0,0
13799,45,2,1,3,0,3133,1,1
28447,27,0,2,1,0,671,1,0
21000,56,2,0,1,0,179,0,0
20091,31,9,2,1,0,388,0,0
39144,60,5,0,1,0,306,1,0
41325,65,5,0,2,0,0,0,0
10941,40,4,1,1,0,752,0,1
25966,54,11,0,2,0,2272,1,0
18797,38,4,1,2,0,14190,1,0
16418,52,4,1,2,0,659,0,0
20838,51,9,1,1,0,317,0,0
23466,56,5,1,0,1,-123,0,1
33480,42,9,1,1,0,334,1,0
15871,29,1,1,1,0,358,0,0
12895,30,10,1,1,0,85,1,1
36247,29,9,2,2,0,910,1,0
15516,54,4,1,0,0,338,1,0
6340,27,0,2,1,0,1391,1,0
17434,40,4,1,2,0,30,1,0
3583,52,1,1,0,0,4015,1,0
3786,29,1,2,1,0,4574,1,0
136,32,9,2,1,0,0,1,0
5402,40,4,0,2,0,-319,1,0
42202,33,4,1,2,0,1388,1,0
18717,34,1,1,1,0,699,1,1
13691,33,1,1,0,1,2,1,1
15306,46,2,1,1,0,0,0,1
12117,46,1,1,1,0,137,0,0
25939,36,10,2,2,0,536,0,0
34300,31,4,1,2,0,0,1,0
7911,40,1,1,0,0,303,0,0
2489,44,9,1,2,0,0,1,1
4562,33,7,1,3,0,89,1,0
42917,43,4,1,2,0,0,1,0
18086,42,1,1,1,0,2374,0,0
21342,50,4,1,2,0,5124,1,0
11633,34,9,2,1,0,6053,1,0
36495,35,1,0,0,0,1077,1,0
526,38,4,1,1,0,517,1,0
33277,41,9,1,2,0,532,1,0
13938,37,1,1,1,0,0,0,1
1452,50,1,0,0,0,134,0,0
4212,49,4,2,2,0,354,1,0
26775,32,9,2,2,0,2185,0,0
34532,24,8,2,1,0,547,0,0
35344,31,9,1,1,0,504,1,1
27702,38,4,0,1,0,-17,0,0
21743,51,3,0,2,0,370,1,0
21326,33,9,1,2,0,5641,0,0
4951,34,4,2,2,0,1350,1,0
10173,51,9,1,1,0,13089,0,0
10016,39,7,1,1,0,1367,1,0
23527,60,5,1,3,0,0,0,0
36092,54,2,1,1,1,401,1,0
22530,49,9,1,2,0,2950,1,0
19165,53,4,1,2,0,1343,0,0
34214,34,4,2,2,0,14,1,0
24080,56,9,1,1,0,589,1,0
6695,31,0,1,1,0,728,1,1
7242,60,1,0,1,0,0,1,0
30616,40,0,1,1,0,767,1,0
16879,25,7,2,1,0,156,1,1
19295,58,9,1,1,0,1191,0,0
40712,79,5,1,1,0,2354,0,0
20772,49,9,1,1,0,2765,0,0
10390,40,4,1,2,0,1041,1,0
24622,53,5,1,2,0,2269,0,0
38872,30,9,2,1,0,120,1,0
44668,32,7,2,2,0,620,0,0
25682,31,10,1,1,0,24,1,0
4320,57,1,1,1,0,8195,1,0
1015,34,1,1,1,0,2308,1,0
1717,28,0,2,1,0,2831,1,0
31889,59,0,1,1,0,817,0,0
14539,47,0,1,1,0,0,1,0
12382,55,5,2,0,0,700,0,1
24631,50,9,1,1,0,2242,0,0
29428,25,4,2,2,0,2305,0,0
43775,78,5,1,0,0,680,0,0
34917,52,7,0,0,0,432,1,1
16128,44,11,1,3,0,722,1,0
37698,38,9,2,1,0,1211,1,0
32983,36,9,2,2,0,3241,1,1
9456,35,11,1,3,0,0,0,0
37686,35,4,2,2,0,-146,1,0
3838,53,9,2,1,0,708,1,0
8689,39,1,1,0,0,2615,1,0
38555,57,9,1,1,0,225,1,0
23391,35,4,1,2,0,753,0,0
25547,42,7,1,2,0,12223,1,0
42213,23,9,2,1,0,598,0,0
416,40,9,1,1,0,77,0,0
1162,31,6,2,2,0,120,1,0
8707,31,0,2,1,0,437,1,1
8649,38,1,1,1,0,284,1,1
30553,28,4,2,2,0,321,0,1
38238,41,1,1,0,0,2067,1,0
35051,33,0,1,1,0,519,1,0
28051,28,8,2,3,0,78,0,0
24130,37,7,1,1,0,1970,1,0
7794,28,4,2,2,0,0,1,0
14920,32,0,1,1,0,198,0,0
36538,34,0,0,1,0,479,1,0
16317,48,9,1,1,0,480,0,1
40027,41,4,1,2,0,15787,0,1
28503,26,9,2,2,0,1274,0,0
41825,47,9,1,1,0,2149,1,0
38992,29,0,1,1,0,22171,1,0
7158,45,9,2,2,0,1403,1,0
41617,27,4,2,2,0,20585,0,0
11357,48,1,1,0,0,649,0,0
41282,28,4,2,2,0,730,1,0
1213,31,4,2,2,0,7444,1,1
14306,53,7,1,1,0,-391,0,0
10137,40,9,1,1,0,0,0,0
13267,32,1,0,1,0,-299,1,0
39,37,0,2,1,0,0,1,0
22626,44,3,1,0,0,41,0,0
2191,56,5,1,0,0,13,1,0
27236,44,4,0,2,0,2058,0,1
21572,51,4,1,2,0,401,0,0
18259,53,2,1,2,0,17410,0,0
22092,42,9,1,1,0,5,0,0
15279,49,4,0,2,0,100,1,1
37248,47,4,0,2,0,-49,1,0
45210,37,2,1,1,0,2971,0,0
38256,30,7,2,1,0,581,1,0
31145,80,5,1,0,0,1021,0,0
4256,52,1,1,1,0,157,1,1
43106,72,5,0,2,0,438,0,0
37556,40,7,0,1,0,131,1,0
8995,59,0,2,1,0,848,0,0
34374,36,7,2,1,0,1227,1,1
19518,49,9,1,1,0,597,1,1
27577,54,4,1,2,0,1114,1,0
960,36,9,1,2,0,301,1,0
9565,54,3,2,3,0,6020,0,0
25577,54,4,1,1,0,0,0,0
26990,33,0,1,2,0,-1011,0,0
37466,36,7,1,1,0,-302,1,0
38855,32,9,2,1,0,230,1,0
43493,34,4,1,2,0,589,0,0
22865,57,9,1,1,0,109,0,0
32582,29,9,2,1,0,32,1,1
44536,35,6,1,2,0,2427,0,0
214,54,1,1,0,0,-41,1,0
33447,69,5,1,2,0,473,0,0
21008,57,5,1,1,0,663,0,0
18760,43,2,1,2,0,1076,0,0
23521,42,4,1,1,0,-105,1,0
25690,41,1,1,0,0,1491,1,0
3658,52,1,1,0,0,779,1,0
15381,39,0,1,1,0,-234,0,1
29252,40,7,1,1,0,809,0,0
16251,50,9,1,1,0,3263,1,0
16788,40,3,1,0,0,229,1,0
30404,47,10,0,1,0,947,0,0
30107,34,1,1,0,0,277,0,0
19244,42,4,1,2,0,3718,1,0
6259,57,3,1,0,0,411,1,0
43430,46,2,1,2,0,9,0,0
24616,38,1,1,0,0,0,1,0
31050,37,0,1,1,0,1314,1,0
30445,34,4,0,2,0,0,0,0
40528,52,9,1,2,0,2557,0,0
13897,57,3,1,1,0,158,1,0
6594,33,4,2,1,0,1973,1,0
43991,57,10,1,1,0,1350,0,0
27088,31,4,1,1,0,8629,1,0
43789,38,9,1,1,0,205,0,0
28094,35,9,1,1,0,2,0,0
30363,36,4,2,1,0,159,0,0
23129,31,4,2,2,0,1,0,0
17733,30,1,1,1,0,215,1,0
35997,50,1,2,0,0,496,1,0
11692,48,6,0,1,1,7,0,0
40850,27,8,2,2,0,5291,0,0
3965,41,1,2,0,0,1649,1,0
41121,62,5,1,1,0,1495,0,0
14235,39,0,1,1,0,186,1,0
18055,35,4,1,2,0,648,0,0
7468,53,1,1,0,0,95,1,0
29166,35,7,1,1,0,-50,0,0
43561,26,4,2,2,0,1438,0,0
27568,31,4,2,2,0,2085,1,0
3107,43,0,0,1,0,738,1,0
2179,31,0,2,1,0,130,1,1
9709,38,9,2,1,0,0,1,0
23880,31,9,2,1,0,0,0,0
31792,42,1,1,1,0,363,0,0
32439,35,1,2,1,0,0,1,0
12638,56,7,0,1,0,1347,0,1
25676,40,8,1,1,0,260,0,0
21092,61,1,1,0,0,1115,0,0
4991,34,6,1,1,0,-370,1,0
13854,51,0,0,1,0,520,0,1
16421,30,6,2,2,0,76,0,1
37716,42,1,2,0,0,22,1,0
31907,34,9,1,1,0,1012,1,1
29013,37,9,2,1,0,194,1,0
30823,31,9,1,1,0,783,0,0
38132,48,1,1,1,0,1159,1,1
10075,60,7,0,1,0,47,0,0
1904,37,1,1,1,0,790,0,0
8680,53,7,0,1,0,43,1,0
32561,50,0,1,1,0,512,1,1
36131,37,0,0,1,0,295,1,1
30017,41,1,1,1,0,1245,1,0
40259,25,0,2,2,0,1185,0,0
16158,26,7,2,2,0,238,1,0
44897,31,9,1,2,0,3338,1,0
9106,47,4,1,2,0,0,0,0
30200,35,7,0,1,0,440,1,0
17926,58,4,0,1,0,3161,0,0
19419,38,9,1,2,0,180,0,0
1233,61,1,1,0,0,734,1,0
10101,49,9,2,2,0,2585,0,0
37021,28,0,1,1,0,-97,1,0
17493,41,9,1,1,0,640,0,0
17315,50,1,1,0,0,859,1,1
21308,55,3,1,0,0,211,0,0
28674,35,9,2,1,0,951,1,0
25892,30,0,1,1,0,2074,0,0
1279,35,4,2,2,0,797,1,0
13863,35,0,2,1,0,203,1,0
4533,34,1,1,0,0,161,1,1
36055,40,1,1,1,0,6767,1,0
22941,51,9,1,2,0,87,0,0
15804,54,4,1,2,0,3795,1,1
20450,42,9,2,1,1,0,0,1
14782,52,4,0,0,0,92,0,1
86,56,0,1,1,0,45,0,0
1793,35,1,1,0,0,108,1,0
1738,31,9,2,2,0,375,1,0
14415,57,5,0,1,0,24,0,1
33743,69,3,1,0,0,1080,0,0
2705,40,2,1,2,0,1089,1,1
33219,33,1,1,1,0,1454,1,0
26168,33,7,1,0,0,6904,0,0
44568,39,0,1,1,0,47,1,0
30926,29,10,2,2,0,0,1,0
39278,30,1,2,1,0,583,0,0
41695,30,9,2,1,0,158,0,0
13821,50,1,0,0,0,-10,0,1
24208,40,4,2,1,0,1623,1,0
7038,27,1,2,0,0,3955,1,0
27656,50,2,1,2,0,6825,0,0
16897,26,9,2,1,0,941,0,1
10965,57,7,1,1,0,2745,1,0
43053,61,6,0,2,0,52587,0,0
6106,29,1,1,1,0,2776,1,0
41669,41,0,1,1,0,158,1,0
12780,57,5,1,0,0,808,0,0
36889,45,6,0,2,0,963,1,0
1490,38,7,0,1,0,5873,0,0
21852,46,4,0,1,0,177,0,0
42695,20,8,2,3,0,167,0,0
42046,30,4,1,2,0,944,0,0
30044,32,1,2,1,0,201,1,0
21970,53,9,1,2,0,988,0,0
12187,44,11,2,3,0,1239,0,0
31401,41,4,0,2,0,25,1,1
22792,39,2,1,2,0,0,0,0
17109,36,1,1,0,0,345,1,0
3463,34,4,1,3,1,-353,1,0
27391,32,6,2,2,0,-98,0,1
32027,36,9,1,1,0,15485,0,0
42762,66,5,1,2,0,908,0,0
30434,40,0,1,1,0,367,1,0
29923,30,1,1,1,0,364,1,1
11586,26,1,1,0,0,-157,1,0
41709,37,1,1,1,0,604,1,0
30896,27,4,1,2,0,1918,0,0
26451,30,6,2,2,0,-174,0,0
27352,36,9,1,1,0,1497,0,1
9915,40,9,0,1,0,-1,0,0
667,40,9,2,1,0,200,1,0
5515,33,1,0,1,0,3546,1,0
13556,59,1,1,0,0,625,0,0
9356,41,9,1,1,0,118,0,0
1065,41,4,1,2,0,72,1,0
44387,38,4,1,2,0,1199,0,0
7474,40,1,1,1,0,271,1,0
27667,49,7,1,0,0,0,1,0
32383,26,9,1,3,0,-277,1,0
30225,72,5,1,0,0,9160,0,0
6545,57,1,1,0,0,318,1,0
30909,26,0,2,1,0,255,0,0
21736,41,6,1,2,0,57,0,0
25514,33,9,1,2,0,575,1,0
28427,32,2,1,1,0,604,0,0
13289,39,0,1,1,0,7711,1,0
28337,33,1,1,1,0,854,1,1
42770,32,0,2,2,0,291,0,0
38203,33,2,1,1,0,1996,1,0
19937,44,4,1,2,0,5581,0,0
16345,25,0,1,1,0,789,1,0
39678,43,4,1,2,0,1188,0,0
29127,29,0,2,1,0,196,0,0
10067,49,5,1,0,0,3478,0,0
33570,36,3,0,1,0,-289,0,0
18576,36,4,2,2,0,2706,0,0
10380,47,3,2,2,0,3727,0,0
37824,37,1,1,1,0,700,1,0
6887,32,7,2,2,0,-233,1,0
7351,40,7,1,1,0,-116,1,0
30728,34,1,2,2,0,1168,0,0
42559,26,1,2,1,0,3145,0,0
4002,40,1,1,1,0,0,1,0
35468,32,2,1,1,0,-25,1,0
5070,40,1,1,0,0,558,1,1
40671,29,4,2,2,0,74,0,0
26049,37,0,1,3,0,497,1,0
19463,42,4,1,2,0,-323,1,0
45046,27,4,2,2,0,107,0,0
11019,38,7,0,1,0,-10,1,0
23576,34,9,1,1,0,0,0,0
31125,78,5,1,0,0,158,0,0
2805,50,1,0,1,0,204,1,1
13847,55,0,2,1,0,645,0,0
20961,58,0,1,1,0,855,0,0
42070,67,11,1,2,0,7687,0,0
1195,36,0,2,1,0,206,1,0
4515,56,2,1,2,0,8741,1,0
10265,42,1,1,0,0,530,0,0
39112,40,1,2,3,0,1074,1,0
40270,47,4,2,2,0,372,0,0
35871,45,0,1,3,0,-299,1,0
7851,46,4,2,2,0,2904,1,0
1412,40,1,1,0,0,87,1,0
2719,25,7,2,1,1,57,1,1
32851,30,0,2,1,0,939,1,0
27758,38,1,1,1,0,67,0,0
30887,45,1,0,0,0,1512,1,0
32169,19,8,2,1,0,626,0,0
12699,39,4,1,0,0,551,0,1
31772,35,0,1,1,0,126,1,0
20022,32,2,1,0,0,795,0,0
28062,40,1,2,0,0,366,1,1
11416,43,6,1,2,0,4324,1,0
15491,26,1,2,1,0,341,0,0
34180,31,8,2,2,0,0,0,0
42063,34,9,2,1,0,920,1,0
23354,39,4,2,2,0,816,1,0
5407,25,1,2,0,0,-221,1,0
32693,34,1,2,1,0,-317,1,0
8700,51,9,2,2,0,11222,1,0
16353,37,9,1,2,0,0,1,1
11376,51,9,0,1,0,107,0,0
23132,30,9,2,1,0,893,0,0
42646,21,8,2,1,0,71,0,0
17907,44,4,1,1,0,4425,0,0
12241,44,1,1,0,0,2657,1,0
12276,25,1,2,0,0,52,1,0
39194,40,9,1,2,0,1034,1,0
19666,50,9,1,1,0,3176,0,0
43633,29,8,2,3,0,2929,0,0
43440,73,5,0,1,0,7111,1,0
17747,45,1,1,0,0,114,1,0
5764,44,5,1,1,0,902,0,0
13405,33,4,1,3,0,117,0,1
34876,32,7,1,1,0,509,1,0
33940,60,5,1,1,0,89,0,0
8944,26,1,1,1,0,127,1,1
5803,37,1,1,1,0,125,0,0
21790,32,9,0,1,0,0,0,0
7510,25,1,1,0,0,172,1,0
30794,49,4,1,2,0,488,1,0
10136,57,7,0,0,0,362,0,0
11906,42,1,1,1,0,494,0,0
33883,41,4,1,2,0,2767,0,0
26681,43,4,1,2,0,2886,0,0
35890,34,3,1,1,0,4,1,0
6080,50,9,2,1,0,-463,1,0
11199,48,4,1,0,0,5348,0,0
21204,31,1,1,1,0,401,0,0
39389,49,10,1,2,0,377,0,0
40723,42,7,2,1,0,3403,1,0
12077,58,4,1,2,0,1697,0,0
1725,35,9,2,2,0,670,1,0
41719,70,5,0,1,0,3104,0,0
43142,71,2,1,2,0,15265,0,0
25711,30,7,2,1,0,1846,1,0
30911,36,0,1,1,0,0,1,1
6583,32,1,1,1,0,0,1,1
26383,33,2,1,0,0,2339,1,1
33515,38,4,1,2,0,7255,1,0
9804,57,10,1,0,0,0,0,0
5174,32,1,1,1,0,783,1,0
29931,33,9,0,1,0,3,0,0
26277,49,4,0,2,0,20727,0,0
34190,27,9,2,1,0,1511,1,0
7848,40,1,1,1,0,0,1,0
16677,49,1,1,1,0,93,0,0
30070,29,0,1,1,0,0,1,1
5758,29,9,2,1,0,1395,1,0
24636,49,1,0,1,0,23,0,0
7685,50,4,1,2,0,1158,1,0
34156,29,10,2,1,0,486,0,0
43654,83,5,1,1,0,0,0,0
42530,44,0,1,1,0,132,0,0
13388,44,1,1,1,0,233,0,1
8114,31,9,1,2,0,15,0,0
29762,38,0,0,1,0,308,1,0
38757,37,1,1,1,0,91,1,0
10379,44,4,1,2,0,0,0,0
27502,38,0,1,1,0,1973,0,0
28042,27,8,2,2,0,1013,0,0
16651,28,4,2,2,0,1,0,0
3633,27,9,1,1,0,7,1,0
30532,31,1,1,0,0,1738,0,0
13960,48,9,1,1,0,454,1,0
39033,52,1,1,1,0,-194,1,0
26164,32,10,2,0,0,911,0,1
20046,47,1,1,0,0,254,0,1
44672,40,9,1,2,0,2627,1,0
36248,34,0,2,1,0,0,1,0
41085,46,1,1,3,0,336,1,0
8461,37,1,1,1,1,-399,1,1
36722,33,9,2,2,0,196,1,0
13418,57,3,1,0,0,2,0,0
16522,59,7,1,1,0,204,0,0
2671,53,1,0,0,0,2477,1,0
41262,57,3,1,1,0,5631,0,0
23372,30,4,1,2,0,0,1,0
18213,59,4,0,2,0,0,0,0
23216,47,0,1,1,0,1647,0,0
36918,52,3,1,1,0,411,1,0
34772,29,1,1,0,0,111,1,0
19913,54,4,0,2,0,-125,0,1
40168,26,8,2,1,0,611,0,0
4812,35,9,0,1,0,0,0,0
37783,27,1,1,1,0,1295,1,0
8020,32,4,2,1,0,249,1,0
29557,39,1,1,1,0,661,1,0
10816,57,5,1,0,0,5799,0,0
7708,53,4,1,2,0,3911,1,1
323,32,9,0,2,0,2558,0,0
32718,41,1,1,1,0,382,1,0
11133,27,9,2,1,0,629,1,1
7267,36,6,2,0,0,235,1,0
1081,54,9,2,1,0,99,1,0
782,51,7,0,1,0,-69,1,0
15613,36,1,0,1,0,-158,1,0
17052,51,4,0,2,0,323,1,0
10403,40,4,1,1,0,406,1,0
21694,32,4,2,2,0,1625,1,0
4481,23,7,2,1,0,210,1,0
4090,41,0,2,1,0,1020,1,0
2933,41,7,1,0,0,299,1,0
40895,35,4,1,2,0,2088,1,0
22812,35,4,2,2,0,0,0,0
40537,55,4,1,3,0,3122,0,0
15080,27,3,1,1,1,65,1,1
34164,31,4,2,2,0,354,0,0
24820,59,4,1,2,0,63,0,0
24903,47,4,1,1,0,458,0,0
37593,36,7,1,1,0,3988,1,1
25527,35,10,1,1,0,315,1,0
41490,24,9,2,1,0,726,0,0
35018,47,6,1,2,0,2303,1,0
17421,30,4,2,2,0,2,1,0
29637,43,9,1,1,0,473,1,0
13864,41,2,0,1,0,-29,1,0
4023,38,1,2,0,0,1465,1,0
35746,49,4,1,2,0,1311,1,0
38982,29,9,1,1,0,266,1,0
14228,37,4,1,2,0,0,1,0
1750,28,9,2,2,0,2269,1,0
19385,52,1,1,0,0,10,0,0
30090,36,2,1,1,0,35,0,0
26744,33,1,1,1,0,3514,1,0
10343,50,11,2,3,0,490,0,0
13803,43,6,1,1,1,-1415,0,0
31968,49,1,2,1,0,8982,1,0
39162,31,7,2,1,0,258,1,0
26270,47,6,1,1,0,4420,1,1
9844,55,9,2,3,0,776,0,0
41547,56,0,2,1,0,2815,1,0
41276,69,5,1,1,0,0,0,0
40785,68,11,1,3,0,4092,0,0
31055,85,5,1,0,0,12114,0,0
650,29,8,2,1,0,209,1,0
15679,38,0,0,1,0,0,1,0
16295,50,9,1,1,0,778,0,0
14736,33,9,2,1,0,-325,1,0
21051,30,4,2,1,0,1299,0,0
12025,41,2,0,1,0,1588,1,1
6723,32,0,2,1,0,-648,1,0
20701,45,2,1,2,0,2476,0,0
40951,32,9,2,2,0,696,0,1
258,36,7,1,1,0,143,1,1
14427,33,0,2,1,0,0,1,0
7953,27,1,1,0,0,416,1,0
44661,21,8,2,1,0,357,0,0
36394,35,4,1,2,0,244,1,0
38852,26,1,2,1,0,384,1,0
36398,53,10,1,1,1,-233,1,0
12828,48,0,1,1,0,8,0,1
42336,35,9,1,1,0,4922,1,0
31490,49,4,0,2,0,20727,0,0
304,53,7,1,3,0,257,1,0
27229,49,3,1,0,0,249,1,0
7862,40,9,0,1,0,692,1,0
30052,39,1,1,1,0,3045,0,0
41851,72,5,1,1,0,2850,0,0
40470,29,4,1,0,0,5547,0,0
12164,56,1,1,1,0,2561,0,0
36048,40,6,1,1,0,0,1,0
40901,64,1,1,0,0,1904,0,0
9905,51,1,1,0,0,0,0,0
44525,35,9,2,1,0,920,1,0
20345,31,9,2,1,0,2,0,1
43290,77,5,1,0,0,29340,0,0
37015,33,1,1,1,0,20,1,1
7654,32,7,1,1,0,241,0,0
27466,40,9,1,1,0,40,1,0
16194,46,7,1,1,0,-119,1,0
38061,32,7,1,1,0,687,0,0
22090,38,9,1,1,0,13,0,0
42313,33,6,1,2,0,263,0,0
28344,28,8,2,2,0,682,1,0
41557,73,5,1,2,0,1843,0,0
28413,59,4,2,1,0,671,1,1
16642,31,6,1,1,0,296,1,1
25334,42,1,1,0,0,560,1,1
38845,34,1,1,0,0,3868,1,0
20227,33,4,2,2,0,1120,0,0
5855,26,9,2,1,0,1256,0,0
39670,37,0,1,1,0,1559,0,0
14493,44,3,1,0,0,241,1,0
162,47,7,2,1,0,176,1,0
10533,57,1,0,0,0,3111,0,0
28839,36,0,2,1,0,133,0,0
35351,42,7,2,1,0,2348,1,0
21776,53,9,1,1,0,1344,0,0
12555,40,7,0,1,0,1155,0,1
34484,35,1,1,0,0,147,1,0
21827,44,9,2,1,0,0,0,0
25317,32,0,2,1,0,6188,1,1
6346,56,5,0,0,0,-154,1,0
2839,43,9,1,1,0,212,1,0
1238,24,7,1,1,0,620,1,0
35517,38,0,0,2,0,2801,1,1
44063,28,8,2,1,0,196,0,0
21707,31,9,1,1,0,1072,0,0
10231,35,4,1,2,0,810,0,0
37487,52,4,0,1,0,-607,1,0
39805,52,5,1,0,0,1629,0,0
10872,51,1,1,0,0,1869,0,0
23196,52,4,1,2,0,1158,0,0
3548,42,9,2,1,0,1364,1,0
7866,26,4,2,2,0,1004,1,0
32713,39,6,1,2,0,-3058,1,1
18392,51,9,1,3,0,-168,0,0
11073,35,7,1,2,0,1359,0,0
28669,28,1,1,1,0,-26,0,1
9801,38,1,1,1,0,0,1,0
39032,37,4,0,2,0,1170,1,1
36595,31,0,1,1,0,2,1,1
40383,71,5,1,2,0,2887,0,0
11706,43,1,1,0,0,1794,1,0
15081,25,6,2,2,0,453,1,0
42615,29,0,2,2,0,14,0,0
34326,23,8,2,2,0,82,0,0
39879,33,7,0,1,0,1117,0,0
18152,35,7,1,1,0,0,1,0
9732,57,7,1,1,0,1166,0,0
39444,38,3,1,1,0,110,0,0
42781,31,3,2,2,0,2017,1,0
42706,31,4,1,2,0,460,1,0
14401,31,9,1,1,0,0,0,0
7961,37,4,1,2,0,34,1,0
39463,54,9,1,1,0,1299,1,0
13334,28,2,2,2,0,283,1,0
37967,34,1,1,1,0,2542,1,0
25209,32,4,2,1,0,416,1,0
30496,33,9,1,1,0,14850,1,0
18732,43,1,0,0,0,-97,1,1
25724,53,4,1,2,0,8093,0,0
17860,52,1,2,0,0,1400,0,0
34239,28,4,2,2,0,672,0,0
26200,41,10,2,2,0,4517,1,0
17346,29,7,2,1,0,209,1,0
26426,51,4,0,1,0,10834,1,0
44289,46,0,1,3,0,5511,0,0
4053,29,7,2,1,0,2099,1,1
39234,29,1,1,1,0,1958,1,0
8874,44,1,1,1,0,406,1,0
26675,59,9,1,1,0,4263,0,1
21037,49,1,1,1,0,322,0,0
17766,52,11,1,0,0,247,0,0
32484,34,0,1,1,0,79,1,0
33520,40,1,2,0,0,1530,1,0
21464,54,7,1,1,0,3601,0,0
36631,40,1,1,0,0,106,1,0
37717,35,1,1,0,0,113,1,0
26569,39,4,1,2,0,2450,0,0
12366,29,9,1,2,0,-722,0,1
37725,55,5,1,1,0,785,1,0
37060,28,1,2,1,0,53,1,0
34907,51,4,0,2,0,93,1,1
27609,42,1,1,0,0,-571,1,1
37685,31,7,1,1,0,640,1,0
26864,38,4,1,2,0,1021,0,0
5089,34,4,1,1,0,293,1,0
38276,26,9,2,1,0,276,1,0
30268,56,5,1,2,0,478,0,0
38294,29,1,1,0,0,10191,1,0
42701,21,8,2,0,0,423,0,0
15914,55,4,1,2,0,36,0,1
7723,37,9,1,1,0,5115,1,0
28985,55,4,0,2,0,347,1,0
18702,48,9,1,1,0,10655,0,0
27058,35,9,1,2,0,202,0,0
37888,29,7,1,1,0,1002,1,0
1211,48,1,0,0,0,-18,1,0
27121,46,6,1,0,0,3155,1,0
33913,60,3,1,0,0,1163,0,0
6526,47,0,1,1,0,-245,1,0
40624,40,9,2,2,0,1646,1,0
23920,38,4,2,2,0,0,0,0
9394,60,3,1,0,0,161,0,0
26768,57,0,0,3,0,4012,0,0
43404,54,9,1,1,0,2102,1,0
35021,35,1,0,0,0,4401,1,0
15029,55,5,1,1,0,119,0,1
5293,32,4,2,2,0,3050,1,0
14310,28,7,1,1,0,7,1,1
29651,26,8,2,1,0,119,0,0
3338,45,1,1,1,0,953,1,0
29216,35,7,0,1,0,6,0,0
2911,42,1,1,1,0,3,1,0
42856,37,9,2,1,0,265,1,1
36936,35,1,1,1,0,-184,1,0
39226,30,4,1,2,0,1814,1,0
30751,42,9,1,1,0,769,0,0
2318,46,0,1,1,0,250,0,0
32884,58,5,1,0,0,650,1,1
30839,35,4,1,2,0,354,0,1
10357,36,1,1,0,0,4138,0,0
26476,51,1,1,0,0,3185,1,0
13488,60,1,1,1,0,19447,1,0
14480,46,1,1,1,0,211,1,0
11880,49,1,1,0,0,2,1,0
9413,51,2,1,2,0,5403,0,0
21754,43,9,0,1,0,0,0,0
28258,53,4,1,2,0,232,1,0
44424,33,9,1,1,0,180,0,0
27304,57,7,1,1,0,2658,1,0
17194,50,7,1,1,0,0,1,0
9163,38,1,1,1,0,0,0,0
4853,26,1,1,0,0,0,1,0
9510,39,3,2,1,0,2022,0,0
40600,32,7,1,3,0,1016,0,0
28814,33,1,2,1,0,22,0,0
13247,27,6,2,2,0,108,0,1
17049,34,9,1,1,0,0,1,0
38086,29,1,1,1,0,59,1,1
38752,39,7,1,1,0,117,1,0
40280,23,1,2,0,0,382,0,0
9784,38,9,1,1,0,994,0,0
33538,60,5,1,2,0,2194,1,0
30247,31,10,2,1,0,3528,0,0
33287,24,1,1,1,0,0,1,0
29754,54,0,2,1,0,15,1,0
25083,39,1,1,0,0,111,0,0
23515,49,3,1,1,0,500,0,1
14412,52,9,1,1,0,279,0,1
6542,24,4,1,1,0,2278,1,0
360,48,4,1,2,0,263,1,0
10651,58,1,1,0,0,96,0,0
15124,29,9,2,2,0,406,1,0
5147,34,7,1,1,0,286,1,0
18798,56,4,1,2,0,-6,0,0
18883,34,11,1,3,0,164,0,0
31234,47,9,1,1,0,293,0,0
41082,33,10,2,2,0,1974,0,0
40608,29,4,2,2,0,308,0,0
19539,32,9,2,2,0,0,0,0
38782,26,0,2,1,0,141,1,0
25651,34,4,1,2,0,395,1,0
9696,39,2,1,1,1,0,0,0
33776,37,4,1,2,0,0,1,0
8807,29,1,1,0,0,4281,1,0
152,40,4,1,2,0,-4,1,0
11466,40,0,1,1,0,1,0,0
35841,53,1,1,1,1,20,1,0
12526,45,1,0,1,0,-705,0,1
29235,45,4,1,2,0,3857,1,0
33967,33,9,1,2,0,4401,0,0
23111,33,9,2,2,0,469,0,0
24426,49,2,1,2,0,313,1,0
17881,49,0,0,1,0,-73,1,0
6971,45,7,1,1,0,692,1,0
36807,31,1,1,0,0,2581,0,0
33669,42,4,1,2,0,1686,1,1
21700,46,4,1,2,0,0,0,0
17134,27,9,2,1,0,-646,1,0
28775,39,3,1,1,0,953,0,0
41713,29,4,2,1,0,417,0,0
9003,49,2,1,2,0,9824,0,0
22701,44,4,0,2,0,96,0,0
17465,43,5,1,0,0,400,1,0
13865,37,4,1,2,0,15437,1,0
14351,50,1,1,0,0,1580,1,0
26900,46,4,1,2,1,-1001,1,0
14365,34,4,1,2,0,-123,1,0
36858,54,9,0,1,0,-11,1,0
32111,32,7,1,1,0,1129,1,0
14171,37,7,1,1,0,-601,1,0
28594,45,1,1,0,0,185,1,0
19406,33,8,0,1,0,422,0,0
2669,30,3,2,1,0,49,1,0
11931,42,7,2,3,0,4800,0,0
34611,43,4,1,1,0,-100,1,0
41939,41,9,2,2,0,431,0,0
11567,51,10,1,1,0,-267,0,1
19314,53,3,1,0,0,421,0,0
27208,36,2,1,1,1,1,1,0
34264,29,4,1,2,0,451,0,0
30605,31,6,2,1,0,0,0,1
35796,35,1,2,1,0,0,1,0
40944,70,9,1,2,0,6797,0,0
38840,50,2,1,2,0,433,1,0
12477,28,9,2,2,0,415,0,0
7831,55,9,1,1,0,2760,1,0
18491,55,7,1,1,0,3546,1,1
30458,40,1,1,0,0,665,1,0
26116,49,10,1,1,0,8399,0,0
27085,50,2,1,2,0,2410,0,0
2513,45,2,0,2,0,0,1,0
17017,46,7,1,0,0,860,0,0
42790,50,4,1,2,0,2366,0,0
24277,58,4,1,2,0,2764,0,0
16737,56,0,1,1,0,360,1,1
28286,28,0,1,1,0,172,1,0
14750,53,1,1,1,0,6258,1,0
37059,45,1,1,0,0,0,1,0
23631,32,0,2,2,0,211,0,0
34328,33,6,2,2,0,1049,0,0
18357,44,4,1,2,0,0,1,0
13890,30,7,2,1,0,85,1,0
29090,60,4,1,0,0,92,0,0
18541,32,0,1,1,0,347,1,0
40640,43,4,1,2,0,1791,0,0
17550,36,1,1,1,0,1563,0,0
31219,49,4,1,2,0,2881,0,0
43919,31,4,1,2,0,1126,0,0
611,48,4,0,2,0,1328,1,0
5951,38,10,1,2,0,1449,0,0
7727,24,0,2,1,0,1235,1,1
31034,31,0,2,1,0,554,1,0
16534,35,4,2,2,0,657,1,0
23879,48,9,0,1,0,105,0,0
30989,33,9,2,1,0,0,1,0
6671,24,1,1,1,0,0,0,0
3817,36,0,0,1,0,246,1,0
4612,31,10,1,1,0,296,1,0
1611,49,1,1,0,0,216,1,0
14453,55,2,1,1,0,204,0,0
17068,27,1,1,1,0,5505,1,1
21519,53,1,1,1,0,4380,0,0
32706,30,1,1,1,0,578,1,1
24525,56,4,0,2,0,722,0,0
25295,38,9,1,1,0,728,1,0
34395,60,4,1,2,0,5041,0,0
19496,30,9,1,1,0,371,0,0
31621,63,5,1,1,0,2030,0,0
8184,52,4,1,2,0,19797,1,0
35247,28,7,2,1,0,6332,1,0
34805,34,0,0,1,0,0,1,0
14168,59,5,1,3,0,178,1,0
30793,30,1,2,1,0,522,0,0
43577,39,4,2,2,0,5047,0,0
21394,50,1,1,0,0,8139,1,0
24965,34,9,1,2,0,178,1,0
12151,33,0,1,1,0,-111,1,1
7872,55,9,1,1,0,0,1,0
1819,33,1,1,1,0,88,1,0
3540,35,6,2,0,0,181,1,0
6382,23,1,2,1,0,13,1,1
26230,34,2,1,1,0,3119,1,0
44762,69,5,1,3,0,426,0,0
7415,34,9,1,1,0,149,1,0
5450,33,1,1,1,0,-825,1,0
2335,27,0,2,1,0,-541,1,1
34885,34,4,0,2,0,-401,1,0
42648,40,4,1,2,0,5142,0,0
37214,32,7,2,1,0,396,1,0
42169,33,9,1,2,0,1699,0,0
645,38,2,1,2,0,898,1,0
20411,57,5,1,0,0,-12,0,1
40441,56,1,1,0,0,1137,0,0
35112,60,4,1,2,0,6,1,0
31135,39,9,1,1,0,2266,0,0
13440,45,9,1,1,0,0,0,0
15587,30,7,2,1,0,1824,1,0
96,55,1,1,1,0,383,0,0
27392,31,9,1,2,0,95,0,0
31040,58,9,1,0,0,4198,0,0
3824,36,1,1,1,0,63,1,0
28587,45,1,2,0,0,999,0,0
41188,63,5,1,0,0,0,0,0
15790,52,0,1,1,0,799,0,0
35484,35,1,1,0,0,1033,1,0
35407,32,1,1,1,0,489,1,0
41303,57,4,0,3,0,854,0,0
6906,36,4,1,1,0,10,0,1
28166,36,4,0,2,0,36,1,0
24037,34,4,0,2,0,36,0,0
36172,33,1,1,1,0,358,0,0
1379,60,5,1,0,0,414,0,0
31424,50,7,1,1,0,0,1,0
20374,48,1,1,0,0,719,0,1
38851,43,1,1,0,0,714,1,0
38495,46,4,1,2,0,810,1,1
31521,35,6,1,2,0,560,1,0
4205,30,1,2,3,0,0,1,0
21007,30,9,2,1,0,2782,0,0
23719,33,4,1,2,0,968,0,1
19228,41,9,1,1,0,3432,0,0
42177,34,0,1,1,0,2374,1,0
34409,28,10,1,1,0,431,1,0
35691,31,9,2,1,0,691,1,0
23592,46,9,2,2,0,568,0,0
17482,34,4,1,2,0,1725,1,1
15867,41,1,1,1,1,-750,1,1
37032,51,7,2,1,0,516,1,0
10417,48,1,1,1,0,1000,1,0
38358,45,1,1,0,0,900,1,0
8193,39,1,1,0,0,2715,1,0
35420,59,4,0,2,1,-23,1,0
3955,36,4,1,2,0,1125,1,1
17649,56,1,0,1,0,934,0,0
20390,50,4,1,2,0,412,1,1
29566,30,4,2,2,0,409,0,0
2833,60,5,0,0,0,1327,1,1
20293,53,6,1,2,0,217,0,0
2511,45,7,1,1,0,350,1,1
19451,51,7,1,2,0,0,0,0
28231,41,4,1,2,0,2665,1,0
31487,45,7,0,1,0,396,1,1
43795,33,4,2,2,0,9317,0,0
32911,47,7,0,0,0,91,1,0
41306,28,4,2,2,0,223,1,0
5725,40,7,2,1,0,19343,1,0
31257,32,4,2,2,0,506,0,0
16779,35,7,1,1,0,0,1,0
28384,32,4,2,1,0,138,1,0
25554,42,7,0,1,0,266,1,1
26820,38,10,1,1,0,1906,0,1
35543,29,4,1,2,0,991,0,0
31750,34,10,1,1,0,428,1,0
29847,30,9,2,2,0,405,1,0
15239,60,5,1,1,0,-222,0,0
11374,39,7,2,2,0,410,0,0
15241,56,4,1,2,0,171,0,1
176,48,10,1,1,0,41,1,0
10588,38,6,1,1,0,30,0,0
35321,41,4,1,2,0,1072,1,0
17639,32,7,1,1,0,2578,0,0
5123,37,9,2,1,0,7867,1,0
5588,37,1,1,0,0,5,1,0
251,53,1,1,1,0,0,1,1
33194,33,9,2,1,0,235,1,0
18020,52,10,1,0,0,959,0,0
9200,52,4,1,2,0,1111,0,0
18426,41,7,1,1,0,428,0,0
17878,47,4,2,2,0,255,0,1
28122,43,4,1,3,0,595,0,0
11954,60,5,0,2,0,2166,0,0
40711,57,7,1,1,0,2476,1,0
33566,33,1,1,1,0,526,1,0
22708,47,9,1,2,0,52,0,0
33425,46,4,0,1,0,145,1,0
40220,41,4,1,2,0,254,0,0
5684,46,0,0,1,0,-454,1,0
4591,39,0,1,1,0,2019,1,0
27111,40,2,1,2,0,865,0,0
4367,52,1,1,0,0,522,1,0
606,49,9,1,3,0,15,0,0
40596,46,0,0,1,0,2196,0,0
2233,28,1,2,1,0,2845,1,0
32350,54,1,1,0,0,3170,1,0
27414,52,4,2,2,0,5728,1,0
41663,95,5,1,1,0,0,0,0
2755,29,1,1,1,0,23,1,0
17230,36,1,1,1,0,1587,1,0
32954,27,1,1,1,0,872,1,0
36860,39,9,1,3,0,0,1,0
13824,48,1,0,1,0,4597,1,0
34777,29,7,2,1,0,2,1,0
32789,38,9,2,1,0,884,1,1
8803,48,9,1,1,0,425,1,0
27103,36,1,1,1,0,1482,1,0
31533,30,4,2,2,0,0,1,0
27984,33,1,1,1,0,0,1,0
14265,41,9,1,1,0,201,0,1
35693,56,4,1,2,0,73,1,0
26928,36,9,1,2,0,62,0,0
26336,46,1,0,1,0,931,0,1
5323,31,0,2,2,0,0,1,1
33847,62,5,1,1,0,1486,0,0
26026,42,4,0,2,0,16,0,0
42562,70,5,0,0,0,828,0,0
38446,31,0,1,1,0,728,1,1
5371,51,4,0,1,0,-175,1,1
15862,54,7,1,1,0,472,0,1
38139,43,4,1,2,0,28,1,0
19286,56,3,2,0,0,801,0,0
925,30,4,2,2,0,112,1,0
38361,37,1,1,0,0,508,1,1
24767,34,7,1,1,0,135,1,0
22700,38,9,0,1,0,631,1,0
31116,75,5,1,0,0,358,0,0
17006,54,3,1,1,0,209,1,1
26160,41,9,1,1,0,7870,1,0
21677,33,1,1,2,0,1465,0,0
38897,53,7,2,1,0,1162,1,0
7453,37,1,1,0,0,1053,1,0
36526,41,1,1,1,0,849,1,1
40546,28,4,2,2,0,3796,0,0
38960,32,4,2,2,0,7290,1,0
25968,56,0,0,1,0,-429,0,1
11982,45,7,0,0,0,3854,1,0
18092,54,4,2,1,0,555,0,1
32231,34,9,1,2,0,352,1,0
35953,45,4,0,2,0,2237,1,0
38730,38,2,1,1,0,157,0,1
36675,47,1,1,1,0,-337,1,1
2753,52,9,1,1,0,0,0,0
37221,44,1,1,0,0,186,1,0
21028,36,4,1,2,0,867,0,0
21253,58,4,1,1,0,37,0,0
3935,44,1,1,2,0,2185,1,0
26458,33,9,1,1,0,1434,1,0
21316,60,5,1,1,0,8121,1,1
3178,34,7,2,1,0,719,1,0
28011,50,4,1,0,0,1458,0,0
24440,58,5,0,1,0,-370,0,0
37653,38,7,0,1,0,6182,1,0
34936,32,1,1,1,0,290,1,0
19955,30,9,2,1,0,0,0,0
33472,37,1,1,0,0,250,1,0
34186,36,9,2,1,0,1228,1,0
24138,36,0,1,1,0,3321,1,0
30852,33,9,1,1,0,0,1,0
19208,33,11,1,1,0,2727,0,0
33332,20,8,2,3,0,330,0,0
955,42,9,1,2,0,644,1,0
1354,42,1,0,1,0,47,1,1
9150,30,2,2,2,0,734,1,0
21916,39,7,1,2,0,35,0,0
12976,27,1,1,1,0,102,0,1
30352,42,9,1,1,0,2037,0,1
23810,35,9,0,1,0,515,1,1
101,53,1,1,0,0,90,0,0
25374,50,9,0,1,0,2910,0,1
4956,35,4,1,2,0,1336,0,0
9205,35,6,1,1,0,188,1,1
22613,53,3,1,3,0,0,0,0
25745,41,3,2,1,0,2184,0,0
27337,48,3,2,1,0,1385,0,0
24382,51,7,1,1,0,1191,0,1
8042,35,1,1,1,0,314,1,0
40365,43,1,1,0,0,0,0,0
30343,30,7,2,1,0,566,0,0
35813,37,1,0,1,0,638,1,0
29792,52,4,1,2,0,-970,1,0
34419,46,9,1,2,0,-582,1,0
751,54,1,1,1,0,254,1,0
23999,35,4,2,2,0,385,1,0
7069,29,4,2,2,0,119,1,0
26593,31,6,2,2,1,-282,1,0
6634,29,9,1,2,0,1489,1,0
8013,32,1,1,1,0,14,1,0
37437,32,1,1,1,0,210,1,0
44645,59,4,1,2,0,4606,0,0
20832,36,9,2,1,0,9149,1,0
11248,59,1,1,3,0,337,0,0
11333,49,7,1,1,0,2058,0,0
40242,28,6,2,1,0,1536,0,0
41546,27,8,2,2,0,-148,1,0
14593,42,1,2,1,0,-178,1,0
39538,34,4,2,2,0,699,0,0
33559,45,1,1,0,0,675,1,0
17867,58,5,1,0,0,10628,0,0
29241,38,0,0,1,0,485,1,0
41437,31,9,2,2,0,882,0,0
15273,54,1,2,1,0,40,1,0
3818,29,1,2,1,0,1166,1,0
1036,29,1,2,0,0,365,1,1
12041,36,9,2,1,0,129,1,0
18157,53,10,1,1,0,2248,1,0
28582,51,4,1,2,0,-898,0,0
9354,44,4,0,2,0,0,0,0
39205,40,9,2,1,0,191,1,0
41055,58,4,0,2,0,5701,0,0
26880,36,1,1,1,0,2848,1,0
27271,38,4,0,2,0,554,0,0
11970,37,1,1,0,0,5052,1,0
10687,49,4,1,2,0,2005,0,0
44591,26,8,2,1,0,963,0,0
12286,59,9,1,2,0,-91,0,0
35068,34,0,2,0,0,0,1,1
18589,44,0,1,1,0,0,0,0
18263,59,4,0,2,0,0,1,0
39215,25,4,1,2,0,127,1,0
37648,36,0,0,1,0,869,1,0
10290,46,1,1,0,0,642,0,0
29419,36,7,2,1,0,774,1,0
4142,38,7,2,1,0,36,1,0
24364,58,5,1,1,0,8332,0,0
4626,31,7,2,1,0,2038,1,0
24901,37,4,1,2,0,3770,1,0
33911,29,4,2,2,0,697,0,0
32471,40,7,0,0,0,471,1,0
3864,53,1,1,0,0,634,1,0
6622,45,4,0,2,0,-255,1,1
2374,46,7,0,0,0,91,1,0
7276,57,1,1,1,0,-353,0,1
11924,48,4,0,2,0,0,0,0
18698,39,9,2,1,0,2,1,1
5787,37,10,1,1,0,-476,1,0
31688,36,0,1,1,0,39,1,0
35010,49,7,1,0,0,0,1,0
19772,52,1,1,1,0,900,0,0
44840,35,4,2,2,0,1120,0,0
34373,32,4,2,2,0,2360,0,0
3346,23,9,2,1,0,76,1,0
35107,43,1,1,0,0,289,1,0
41317,43,9,0,1,0,1612,0,0
5783,45,1,1,1,0,61,1,0
12173,41,1,2,3,0,387,0,0
16880,43,2,1,2,0,11532,1,0
34776,35,7,1,1,0,0,1,0
22195,52,0,1,2,0,17,0,0
43063,38,0,0,1,0,407,1,1
19556,59,5,1,1,0,-471,0,0
25512,36,7,0,1,0,2390,1,0
30332,28,1,2,1,0,1364,1,0
16495,37,2,1,3,0,1958,0,1
20781,47,1,1,0,0,48,0,0
41814,62,5,1,2,0,4692,1,0
33142,40,1,1,0,0,2364,1,0
19141,47,0,1,1,0,0,0,0
25918,47,4,2,2,0,0,1,0
24769,54,9,0,2,0,2133,0,0
22147,55,9,1,2,0,11,0,0
4009,43,7,1,1,0,3608,1,0
6815,55,1,1,0,0,-317,1,0
43438,50,9,1,2,0,0,0,1
38141,28,1,1,1,0,8,1,0
22350,32,4,2,2,0,98,0,0
25178,57,4,0,2,0,236,0,0
14189,46,7,1,0,0,830,1,1
43401,53,1,1,1,0,3079,0,0
15178,32,4,2,1,0,0,1,0
6087,43,4,2,1,0,109,1,0
16217,53,4,1,3,0,527,1,0
500,46,0,1,0,0,276,1,1
1706,26,1,2,1,0,-116,1,1
23942,31,9,1,1,0,4800,1,0
33358,50,7,0,1,0,2015,1,0
8282,31,9,2,1,0,4040,1,0
14814,54,1,1,1,0,0,0,1
27680,56,1,1,1,0,1521,1,1
34528,38,9,1,1,0,54,1,1
1861,38,1,1,1,0,49,1,0
13399,54,4,1,1,0,4816,0,1
13167,59,1,1,0,0,3540,0,0
5523,40,1,1,1,0,395,1,1
17084,50,0,0,1,0,797,1,0
5557,32,4,1,2,0,1501,1,0
5189,35,7,1,1,0,0,1,0
28595,48,4,1,2,0,998,1,0
43592,47,0,1,1,0,707,1,0
21527,56,5,1,1,0,74,0,0
42566,27,7,2,1,0,1347,0,0
23477,42,9,1,1,0,29,0,0
10000,38,0,1,0,0,1487,0,0
169,50,1,1,0,0,0,0,0
36004,38,1,1,0,0,1597,0,0
5540,33,4,1,1,0,67,1,1
35456,45,1,1,1,0,54,1,0
8346,23,7,2,1,0,342,1,0
33446,25,8,2,1,0,319,1,0
16744,58,7,1,1,0,5567,0,0
32318,35,4,2,2,0,824,1,0
29472,29,9,2,1,0,307,1,0
40394,44,4,1,2,0,2383,0,0
15808,28,0,2,1,0,579,1,0
21544,34,3,1,2,0,72,0,0
38137,32,7,1,1,0,-538,0,1
42300,41,10,0,0,0,487,0,0
34251,48,4,0,2,0,428,1,0
34207,50,4,0,2,0,1270,1,0
42337,52,9,1,1,0,234,0,0
10431,52,3,1,0,0,310,0,1
1867,37,1,1,1,0,131,1,0
12899,32,0,2,1,0,212,0,0
1423,53,1,0,0,0,255,1,0
20737,32,9,2,2,0,34646,0,0
12960,44,7,1,1,0,300,1,0
34458,40,4,1,2,0,710,1,0
40452,50,6,1,1,0,2137,0,0
6163,37,11,2,1,0,57,1,0
42124,44,9,1,2,0,1818,1,1
13104,26,6,2,1,0,551,0,0
43192,40,10,2,2,0,7968,0,0
32454,43,1,1,3,0,245,1,0
30838,46,0,1,3,0,1106,0,0
39591,26,0,1,3,0,4311,0,0
26970,42,6,1,1,0,2812,1,0
30712,40,3,1,0,0,1832,0,0
247,40,4,1,2,0,207,1,0
41261,23,8,2,1,0,8494,0,0
29149,54,10,0,1,0,6745,0,0
6306,34,1,1,1,0,1575,1,0
928,52,1,1,1,0,-98,1,0
30813,28,1,1,1,0,1134,0,0
12239,48,0,1,0,0,607,0,0
45066,29,8,2,1,0,1925,0,0
2612,38,0,2,3,0,446,1,0
10360,59,5,1,1,0,3353,0,0
40240,60,1,1,0,0,29184,0,0
22929,52,1,1,0,0,1401,0,0
26571,31,2,2,2,0,627,0,0
29024,39,8,2,2,0,2103,0,0
25959,31,0,0,2,0,-2,1,0
17834,31,2,2,2,0,566,1,0
3226,42,9,2,2,0,2157,1,1
4250,44,4,0,2,0,409,1,0
3944,49,9,0,2,0,874,1,0
37794,33,4,1,0,0,262,1,0
21548,49,9,1,1,0,412,0,0
42442,52,2,1,0,0,657,0,0
2197,24,1,1,1,0,237,1,0
31211,31,1,1,2,0,982,1,1
24406,45,9,2,1,0,1171,1,0
12654,53,1,1,0,0,207,0,1
8293,31,0,2,2,0,-218,1,0
19743,53,7,1,1,0,1713,1,0
12791,60,1,0,0,0,3427,0,0
31434,23,4,2,2,0,2143,0,0
33612,30,7,2,1,0,20,1,0
35335,53,6,1,1,0,1066,1,0
24932,36,4,1,2,0,51,1,0
6385,34,9,2,1,0,-329,1,0
6922,29,1,1,0,0,1280,1,0
44642,33,0,2,2,0,272,1,0
10878,40,0,1,0,0,0,1,0
37726,42,2,1,1,0,718,1,0
20880,39,1,1,0,0,52,0,0
9573,45,9,1,2,0,43,1,0
21238,52,1,1,1,0,6429,0,0
38391,30,7,1,1,0,683,1,0
7075,50,4,1,1,0,-187,1,0
31344,30,8,2,1,0,7387,0,0
10690,47,1,1,1,0,4840,0,0
4446,31,4,1,2,0,827,0,0
39755,55,9,1,1,0,511,1,0
11225,52,5,1,0,0,9,0,0
32342,31,1,2,1,0,855,1,0
41519,67,5,1,3,0,714,0,0
4997,34,1,1,1,0,5304,1,0
20475,56,5,1,2,0,3616,0,1
9381,26,0,1,1,0,710,1,1
41472,36,7,1,1,0,52,1,0
22566,37,4,1,1,0,261,0,0
38258,30,9,2,1,0,592,1,0
13107,25,9,2,1,0,0,0,1
6961,30,1,1,0,0,2607,1,0
32793,36,6,1,1,0,351,1,0
18448,53,1,1,0,0,252,0,0
24713,36,4,1,2,0,6153,0,0
37430,35,9,1,1,0,712,1,1
43396,46,4,1,3,0,2466,0,0
16845,43,4,0,2,0,38,1,0
41551,20,8,2,3,0,479,0,0
34033,58,5,1,1,0,801,0,0
22800,48,4,1,2,0,190,0,0
43716,50,0,1,1,0,3608,1,0
3667,36,1,1,1,0,512,1,0
634,52,2,1,2,0,-184,1,1
22579,30,6,1,2,0,-517,1,1
7457,29,1,2,1,0,-20,1,0
12519,33,9,2,2,0,288,1,1
37254,51,1,1,0,0,3185,1,0
31447,73,5,0,0,0,2308,0,0
24699,37,9,1,1,0,5115,1,0
44523,30,0,1,1,0,590,0,0
1155,38,10,1,0,0,447,1,0
42003,33,4,2,2,0,373,0,1
18954,45,4,1,1,0,315,1,0
39804,46,4,1,2,0,0,1,0
17110,30,4,1,2,0,1221,1,0
22829,39,6,1,1,0,454,1,0
21879,32,7,1,1,0,11,0,0
4882,35,2,1,1,0,350,1,0
16430,53,6,1,2,0,1672,0,0
3295,40,2,1,1,0,0,1,1
25385,39,4,2,2,0,12437,0,0
29632,34,4,1,2,0,99,0,1
18916,53,9,2,1,0,0,0,0
1497,47,1,1,0,0,205,1,0
38954,23,7,2,1,0,495,1,1
27509,34,2,2,1,0,318,1,0
24916,41,4,1,2,0,97,0,0
14901,57,0,0,1,0,1403,1,0
19201,57,5,0,2,0,734,0,0
29644,54,10,1,0,0,541,1,0
9545,31,4,2,2,0,2296,1,0
24428,43,2,1,2,0,0,1,0
9144,56,3,0,0,1,1238,0,0
45172,30,9,2,2,0,2325,0,0
2466,41,7,1,1,0,-111,1,0
20092,45,4,1,2,0,0,0,0
1439,46,1,1,1,0,125,1,1
20776,33,4,1,2,0,296,0,0
28508,38,9,0,1,0,531,0,0
12730,54,1,0,1,0,1613,1,0
1322,55,2,1,0,0,-24,1,0
21407,33,9,2,1,0,199,0,0
34887,44,7,1,1,0,1864,1,0
23298,44,9,2,1,0,-34,0,1
14992,42,5,1,0,0,127,0,1
39285,29,1,1,1,0,97,1,0
21050,43,4,1,2,0,696,0,0
23791,37,4,1,2,0,4293,1,0
36322,44,1,1,1,0,1071,1,0
9659,44,7,1,1,0,-63,0,0
30552,34,9,2,1,0,403,0,0
13469,31,4,2,3,0,1023,0,1
8090,31,4,2,2,0,1475,1,1
9985,41,2,2,1,0,3216,0,0
94,57,2,0,1,0,-37,0,0
1044,42,0,0,1,0,0,1,0
20570,33,3,1,0,0,209,0,0
34783,42,4,1,1,0,275,1,0
22329,33,9,2,1,0,18,0,0
23259,30,9,2,1,0,0,0,0
34017,31,4,2,2,0,2016,0,0
35109,34,9,1,1,0,1254,0,0
24573,52,9,1,1,0,1818,0,1
37956,51,1,1,0,0,354,1,0
21141,47,1,1,0,0,584,1,1
34163,36,0,2,1,0,728,0,0
39514,31,9,2,1,0,863,1,0
10950,52,3,0,1,0,334,1,0
799,56,5,1,1,0,0,1,0
44442,57,9,0,1,0,470,0,0
18313,40,0,2,1,0,816,0,0
30747,53,0,1,1,0,849,1,0
20141,39,9,1,1,0,-112,0,1
16762,31,1,1,0,0,33,1,0
20131,36,4,1,2,0,9,0,0
6239,30,1,1,1,0,-269,1,0
13511,43,5,2,0,0,140,0,1
29437,25,9,2,1,0,582,0,1
13807,47,1,1,1,0,182,1,0
33542,28,9,1,2,0,2925,1,0
35488,29,4,1,2,0,2417,1,0
1561,43,9,0,1,0,177,1,0
10319,49,1,1,2,0,1784,0,0
25376,31,1,1,1,0,604,1,0
3775,47,7,1,0,0,1496,1,0
11674,45,1,1,0,0,360,0,0
38455,52,1,1,0,0,2396,1,0
44242,47,6,1,1,0,523,0,0
24118,34,9,2,1,0,1866,0,0
19844,31,9,1,1,0,172,0,0
13136,29,4,1,2,0,0,0,1
43027,41,9,0,2,0,4276,1,0
35005,52,1,1,0,0,230,1,0
8878,53,7,1,1,0,579,0,0
7354,32,1,2,1,0,7712,1,1
38635,32,0,1,1,0,337,0,0
34336,30,4,2,2,0,533,0,0
26359,32,1,2,0,0,36,1,0
4790,42,1,1,0,0,714,1,0
32862,28,0,1,1,0,254,0,1
11161,59,4,0,2,0,1304,0,0
39045,38,1,0,1,0,-138,1,0
17701,49,4,1,3,0,126,1,0
44687,52,4,1,3,0,1708,0,0
35277,32,1,1,0,0,39,1,0
29999,40,10,0,1,0,6322,0,0
13583,33,0,1,1,0,0,1,1
29473,32,1,1,0,0,329,1,0
9933,60,5,1,0,0,17413,0,0
13212,35,7,2,0,0,790,0,0
6335,42,7,1,1,0,-437,1,1
20712,37,6,1,2,0,137,0,0
759,37,9,1,1,0,-421,1,0
30808,52,7,0,1,0,289,1,1
34645,48,0,1,1,0,-582,1,0
24107,35,4,2,2,0,7506,1,0
9212,45,5,0,1,0,229,0,0
18429,43,1,1,0,0,2105,1,0
2441,27,9,1,1,0,232,1,1
37009,47,1,1,0,0,1112,1,0
21509,44,4,1,2,0,0,0,1
31041,19,8,2,3,0,0,0,0
41122,26,4,2,2,0,828,1,0
29318,55,10,1,1,0,1339,0,0
11997,43,1,1,0,0,-41,0,0
35540,32,1,2,2,0,3014,1,0
29944,22,0,2,2,0,897,1,0
41071,33,4,1,2,0,271,1,0
3585,53,4,2,2,0,1074,1,0
43929,45,9,2,2,0,2033,0,0
32739,30,0,2,1,0,390,1,0
8150,34,9,2,1,0,399,1,0
32097,52,7,1,1,0,2904,1,0
29952,35,1,2,1,0,341,0,1
31618,38,7,1,1,0,968,1,0
43502,60,2,1,0,0,2408,0,0
9618,43,4,0,1,0,311,0,0
9997,40,1,1,0,0,48,0,0
6569,32,9,1,1,1,-71,1,0
28131,26,9,2,1,0,206,0,0
5239,31,1,1,1,0,360,1,0
39250,30,7,1,1,0,1808,1,0
31499,38,4,2,3,0,715,1,0
41737,36,9,1,2,0,4596,1,0
718,44,1,0,1,0,579,1,0
9411,35,6,2,0,0,45,0,1
22362,46,1,1,0,0,0,0,0
15320,33,7,2,1,0,3269,0,1
41491,56,5,1,3,0,230,0,0
16536,31,0,1,1,0,1130,1,0
4636,31,1,1,1,0,213,1,0
42012,29,7,2,2,0,1788,0,0
38662,45,1,1,0,0,302,1,0
26292,35,1,2,1,0,142,1,0
24742,34,1,1,0,0,7673,1,0
6663,28,7,1,1,0,1214,0,0
30832,46,6,1,2,0,291,0,0
30054,37,10,2,1,0,687,0,0
8269,45,7,1,1,0,-158,1,0
4417,31,1,1,1,0,-88,1,0
41500,19,8,2,1,0,88,0,0
38765,37,3,2,1,0,465,1,0
100,44,1,1,1,0,-674,1,0
27639,34,4,1,2,0,714,1,0
18727,59,0,1,1,0,4196,0,0
43552,26,10,2,2,0,77,0,0
17599,43,1,1,1,0,1149,0,0
13711,44,4,1,2,0,119,1,0
36957,58,1,2,0,0,26,1,0
22454,32,9,2,1,0,0,0,0
17893,39,0,0,1,0,83,1,0
2221,30,1,2,1,0,573,1,0
26991,44,9,2,1,0,1548,1,0
13553,45,0,1,1,0,1097,1,1
42220,35,4,1,2,0,0,1,0
28246,58,4,0,1,0,44,1,0
45083,59,2,1,1,0,496,0,0
36912,37,0,1,1,0,1193,0,0
35381,55,7,1,1,0,0,0,0
31428,69,5,1,3,0,647,0,0
31172,41,9,1,1,0,349,0,1
48,55,9,0,1,0,0,0,0
31365,83,5,1,1,0,0,0,0
35405,36,1,1,1,0,2095,1,0
43088,39,4,2,2,0,763,0,0
20909,48,4,1,2,0,732,0,0
22383,30,9,2,2,0,1109,0,0
32344,50,2,1,1,0,854,0,0
13009,30,7,2,1,0,148,0,1
41647,41,9,1,1,0,2152,0,0
21246,30,4,1,2,0,913,1,0
41251,66,5,1,0,0,1943,0,0
27642,36,4,2,2,0,339,0,0
20195,46,9,0,1,1,-11,0,0
10146,51,11,1,3,0,12,0,0
43830,34,4,1,2,0,813,1,0
42332,55,9,0,2,0,0,0,0
27581,33,1,0,1,0,744,1,0
6492,34,0,2,1,0,0,1,0
43319,35,10,2,1,0,295,0,0
25834,40,9,1,1,0,657,1,0
14566,35,1,0,1,0,0,0,0
37455,41,7,0,1,0,654,1,0
44725,51,4,2,2,0,151,1,0
25331,39,1,1,1,0,8,0,1
35713,31,9,2,1,0,-423,1,0
27063,33,1,1,3,0,695,1,1
14433,40,4,1,2,0,0,0,0
21207,46,1,1,1,0,456,0,1
17863,33,7,1,1,0,-333,1,0
7506,44,1,1,1,0,3610,1,0
41911,28,4,2,2,0,80,0,0
20333,32,4,1,2,0,1208,0,0
23202,32,4,2,2,0,1836,0,0
40916,32,4,2,2,0,354,0,0
36272,52,7,0,1,0,36,1,1
37622,26,1,2,1,0,1006,1,0
27023,31,0,2,1,0,3950,1,0
27295,43,0,1,1,0,-150,0,1
14578,41,3,1,1,0,0,1,1
5712,35,9,2,1,0,103,1,0
2775,42,7,1,0,0,5879,1,0
13313,27,4,1,2,0,5262,0,1
2451,54,4,1,0,0,879,1,0
2992,61,5,1,1,0,4248,1,0
21210,49,2,1,1,0,687,0,0
7637,48,9,1,1,1,0,0,0
13501,39,4,2,2,0,416,0,0
29861,32,7,2,1,0,746,0,0
34712,33,4,2,2,0,0,1,0
38581,44,7,2,1,0,532,1,0
9501,49,3,0,1,0,630,0,0
25453,35,4,1,2,0,12256,1,0
30146,36,0,1,1,0,110,1,0
40894,43,4,2,2,0,1806,1,0
29661,58,9,1,1,0,629,1,0
16777,31,0,1,1,0,12,1,0
35336,44,7,1,1,0,191,1,1
12110,48,4,0,2,0,1401,1,0
4052,26,0,2,1,0,-326,1,0
43934,28,4,2,2,0,2725,0,0
37972,28,4,2,2,0,293,1,0
10309,52,0,1,1,0,693,0,0
22140,30,4,1,2,0,4948,0,0
43003,44,9,2,1,0,451,0,0
26456,30,9,2,1,0,4888,1,0
43164,30,4,2,2,0,5359,0,0
10120,42,3,1,0,1,16,0,0
38204,30,0,2,1,0,278,1,0
9743,48,4,1,0,0,1744,0,0
26249,47,0,2,0,0,683,0,0
18293,58,1,1,0,0,0,1,0
20185,30,4,2,2,0,2123,0,0
3546,32,7,1,1,0,55,1,0
33555,35,9,2,1,0,353,1,0
43389,34,1,1,0,0,1666,1,0
22837,34,4,2,2,0,280,0,0
14382,29,9,1,3,0,627,1,0
18914,58,5,1,0,0,0,0,0
38109,38,1,1,0,0,195,1,0
25296,43,10,1,1,0,1943,1,0
39573,27,4,2,2,0,207,0,0
34382,47,1,1,1,0,668,1,0
693,39,7,1,1,0,1205,1,0
19293,52,9,1,1,0,2079,0,0
9780,52,3,0,0,0,3899,0,0
37721,25,8,2,1,0,963,1,0
16363,42,0,1,1,0,-465,0,1
21365,41,9,1,2,0,139,0,0
23161,30,4,1,2,0,20,0,0
8921,39,0,1,1,0,217,1,0
14488,33,9,1,2,0,40,1,0
36295,46,0,1,1,0,186,1,0
9447,59,0,1,1,0,1001,0,0
13628,33,1,2,0,0,0,0,0
7755,35,1,1,0,0,361,1,0
894,29,2,1,0,0,56,1,1
3696,47,7,1,1,0,51,1,1
28817,31,4,1,2,0,1400,1,0
40381,71,5,1,1,0,1998,0,0
28402,47,1,1,0,0,475,1,1
30683,58,10,1,1,0,315,1,0
16380,38,1,1,1,0,2299,1,0
37066,50,4,1,2,0,2809,1,0
42360,31,0,2,1,0,4198,0,0
4033,56,1,1,3,0,22,1,0
30204,34,9,1,1,0,1072,0,1
9122,47,1,1,0,1,0,0,0
24188,58,9,1,1,0,-942,1,0
1696,31,0,1,1,0,355,1,0
38512,58,1,1,0,0,66,1,0
21135,48,7,1,1,0,300,0,0
16414,57,4,1,1,0,-868,1,1
26334,33,1,2,1,0,2945,0,0
8757,27,7,1,1,0,-1202,1,0
18582,39,1,1,1,0,10005,1,0
24740,53,9,1,1,0,530,0,0
12690,54,4,0,2,0,5253,1,1
18209,36,7,1,1,0,0,1,0
9198,50,3,1,1,0,34,1,0
38187,39,1,1,1,0,1102,1,0
44955,51,4,1,2,0,5108,1,0
40826,29,4,2,2,0,630,0,0
26876,47,4,1,2,0,2475,1,0
30215,35,4,2,2,0,2707,0,0
27916,47,10,1,0,0,4274,0,0
7514,45,7,1,1,0,561,1,0
44574,29,4,2,2,0,1673,0,0
22741,37,9,1,2,0,905,1,0
28434,40,1,0,0,0,4168,1,0
28268,33,1,1,1,0,-81,1,0
30211,50,1,0,0,0,388,0,0
12058,41,9,2,1,0,1147,1,0
21431,47,1,1,1,0,665,0,0
40946,43,5,0,0,0,5805,0,0
12397,60,1,1,0,0,109,0,0
12669,44,9,1,2,0,1146,0,0
38679,29,0,1,1,0,252,1,0
30277,34,4,2,2,0,3,0,0
38082,37,7,1,1,0,4954,1,0
12481,29,6,2,2,0,392,0,1
14145,38,9,2,2,0,0,0,1
30421,32,7,1,1,0,182,0,0
35295,25,7,2,1,0,0,1,0
32830,58,1,1,1,0,221,1,0
40706,37,0,1,1,0,96,0,0
38472,41,7,1,1,0,2399,1,0
30349,41,0,0,1,0,8,0,0
42962,39,1,2,2,0,172,1,0
3123,38,1,1,1,0,360,1,0
18042,41,7,1,3,1,-1,0,1
11080,57,5,0,2,0,5253,0,0
43857,34,9,2,1,0,1087,0,0
14694,39,1,1,1,0,345,1,0
17792,42,4,0,2,0,826,0,0
16220,50,7,1,1,0,2362,1,1
34144,45,9,1,1,0,89,1,0
6266,44,0,0,1,0,-88,1,0
17347,41,4,1,2,0,371,1,0
11237,55,4,1,1,0,0,0,0
23025,40,4,2,2,0,0,1,0
22655,36,4,2,2,0,86,0,0
2689,47,1,1,0,0,159,1,0
34421,38,2,1,0,0,1390,1,0
28639,31,4,2,2,0,1724,1,0
32778,38,0,0,1,0,382,1,0
28976,37,1,1,1,0,520,1,0
23947,34,9,1,1,0,563,1,1
23172,39,9,1,1,0,462,0,0
14635,36,1,1,1,0,0,0,0
7647,34,4,1,2,0,362,1,0
14918,38,9,2,2,0,1314,1,1
7113,39,9,1,1,0,192,1,1
30513,36,1,2,1,0,0,1,0
38355,30,9,2,3,0,878,1,0
39832,44,4,0,2,0,7541,1,0
33476,44,1,1,0,0,135,1,0
10013,32,8,2,3,0,2313,1,0
24184,44,2,1,2,0,1631,1,0
18180,47,4,1,2,0,337,0,0
1669,33,1,1,0,0,120,1,0
13010,44,1,2,0,0,-24,0,0
12444,41,7,1,1,0,138,1,0
18745,31,7,2,1,0,712,0,0
1102,44,1,2,1,0,-212,1,1
42580,30,6,2,2,0,916,0,0
5779,28,4,2,2,0,7544,1,0
861,53,0,0,3,0,236,1,0
25240,43,7,1,0,0,-2122,1,1
3912,55,7,1,3,0,-45,1,0
8548,48,7,2,1,0,3778,1,0
2461,44,9,0,1,0,181,0,0
34252,49,1,1,0,0,1133,1,0
15758,57,7,1,1,0,4,0,0
44237,35,4,1,2,0,2374,1,1
11493,50,1,1,3,0,1389,1,0
44970,28,11,2,3,0,326,0,0
42672,37,6,1,2,0,11387,0,0
33497,33,10,1,0,0,574,1,0
15968,33,4,1,2,0,85,1,0
24548,45,4,1,2,0,1932,1,0
9196,52,4,1,0,0,0,0,0
20361,43,4,1,2,0,8,0,0
29693,50,9,1,1,0,103,1,0
27799,27,4,2,1,0,589,0,0
26235,30,4,1,1,0,11391,1,0
29390,39,9,2,2,0,5803,0,0
44728,46,0,1,1,0,0,1,0
34581,47,9,1,1,0,232,1,0
23971,52,9,0,1,0,0,0,0
13454,45,1,1,1,0,4855,1,0
37422,43,1,1,0,0,794,1,0
2249,33,6,1,0,0,1862,1,0
39242,43,6,1,1,0,487,1,0
33944,47,11,1,3,0,677,0,0
1943,35,0,0,2,0,1555,1,0
42567,25,9,1,2,0,2551,0,0
27491,44,1,1,1,0,376,1,0
30890,30,4,2,2,0,3773,1,0
23246,36,9,1,1,0,25,0,0
33671,26,8,2,2,0,5169,1,0
27178,42,4,1,2,0,9916,1,0
31773,35,1,1,1,0,2926,1,0
12451,39,1,1,1,0,971,1,1
11824,56,5,1,1,0,5879,0,0
7211,35,1,1,0,1,-1489,1,1
30691,60,9,1,1,0,1139,0,0
34600,32,9,0,2,0,75,0,0
7163,47,9,1,1,0,72,0,0
16218,45,9,2,2,0,2100,1,0
27952,36,0,2,1,0,0,0,0
10445,40,10,0,1,0,991,1,0
11649,50,10,1,1,0,17,0,0
7882,45,2,1,1,0,404,1,0
2149,36,1,1,0,0,199,1,0
19443,50,0,1,1,0,706,1,0
41520,69,5,1,1,0,745,0,0
34302,52,9,1,2,0,876,0,0
15252,27,8,2,1,0,24,1,0
16704,35,1,1,1,0,0,1,1
37277,35,9,2,1,0,450,1,0
40562,40,4,1,2,0,1700,1,0
5127,34,1,1,1,0,360,1,0
6571,52,0,1,1,0,-732,1,1
15431,26,0,2,1,0,0,1,0
20645,47,9,1,1,0,568,1,0
44654,27,9,2,2,0,1075,0,0
42117,59,4,1,1,0,4412,0,0
35223,30,0,2,1,0,222,1,0
21353,42,4,0,2,0,1064,0,0
30006,59,1,1,0,0,616,0,0
4087,46,7,0,1,0,778,1,0
32366,43,1,1,0,0,2519,1,0
21111,46,1,1,0,0,2118,0,0
33073,36,1,1,1,0,1589,1,0
27181,34,1,2,1,0,1423,1,0
17479,44,1,1,1,0,841,0,0
22044,33,9,0,1,0,558,1,0
35677,43,1,1,1,0,2,1,1
44428,34,0,1,2,0,69,0,1
40547,49,3,1,1,0,114,0,0
23642,54,4,1,2,0,1258,0,0
31376,24,0,2,1,0,493,0,0
12832,56,3,0,1,0,977,0,0
28560,29,4,2,2,0,536,0,0
30697,30,8,2,2,0,0,0,0
15704,50,9,1,1,0,-70,1,1
10765,50,1,1,3,0,1537,0,0
44813,78,5,0,0,0,527,0,0
36766,31,1,1,1,0,1908,0,0
16058,43,4,0,2,0,3163,1,0
39687,32,10,2,1,0,0,0,0
38233,40,1,0,1,0,178,1,0
14838,41,2,1,2,0,340,1,0
20332,59,5,1,0,1,-13,0,0
29680,53,1,1,1,0,483,1,0
4078,48,9,1,1,0,522,1,0
2640,32,1,1,1,0,363,1,0
34171,27,0,1,2,0,73,0,0
41653,53,0,1,1,0,109,0,0
18221,54,9,2,1,0,23,0,0
35354,38,1,1,0,0,1,1,0
24270,37,4,1,1,0,5447,1,1
38961,40,1,1,3,0,247,1,0
35597,53,1,1,1,0,0,1,0
4285,27,9,2,1,0,16,0,0
22584,53,10,0,1,0,468,0,0
1355,33,2,1,1,0,0,1,1
7748,45,9,2,3,0,7108,1,1
26732,33,0,2,1,0,2548,1,0
18735,38,4,2,2,0,1515,1,0
26231,44,0,2,1,0,11,1,0
32143,61,4,1,2,0,0,1,0
5227,33,1,2,1,0,372,1,0
19541,36,4,2,2,0,613,0,0
11789,55,5,1,1,0,5,0,0
15008,48,0,1,1,0,0,1,0
22129,55,1,1,3,0,196,0,0
15882,52,9,1,1,0,150,1,0
166,52,4,1,2,0,271,1,0
19436,52,1,1,0,0,2091,0,0
22117,42,4,2,2,1,0,0,1
42289,34,4,1,2,0,2599,0,0
578,53,1,1,0,0,25,1,0
11963,48,1,1,0,0,1876,1,0
41023,35,4,1,2,0,1471,1,1
36705,37,7,1,1,0,1543,1,0
26216,40,7,2,1,0,1547,1,0
3754,35,7,1,1,0,1053,1,0
28872,59,10,1,0,0,0,0,0
39921,57,1,1,0,0,3109,0,0
6973,22,7,2,0,0,35,1,0
26201,45,4,2,2,0,819,0,0
27745,36,9,1,2,0,167,1,0
43151,66,4,1,3,0,2149,1,0
26685,47,1,1,1,0,2428,1,0
42714,74,5,1,2,0,2575,0,0
40334,30,4,2,2,0,8535,0,0
14981,37,0,1,1,0,764,1,0
20377,38,7,2,1,0,9609,1,0
28353,33,4,2,2,0,973,0,0
42732,56,5,1,1,0,0,0,0
37633,52,0,0,1,0,1135,1,0
13735,39,7,2,0,0,4453,1,0
29206,36,1,1,1,0,-42,0,1
1775,56,0,1,0,0,202,1,0
27924,27,8,2,1,0,3,0,0
26268,41,1,1,1,0,2913,0,0
34986,44,7,1,1,0,1872,1,0
41244,44,4,1,3,0,21,0,0
38488,27,1,2,1,0,940,1,0
16173,59,7,1,1,0,292,0,1
8826,29,0,1,1,0,1634,1,0
42178,35,4,2,2,0,1228,0,0
16287,30,4,2,1,0,3259,1,0
25678,35,6,2,2,0,538,1,1
29464,68,5,0,0,0,250,0,0
21871,34,9,1,2,0,2069,0,0
6293,34,0,2,1,0,88,1,0
43753,61,0,1,3,0,1088,1,0
10661,47,0,1,1,0,4307,0,0
7084,51,0,1,0,0,943,1,0
28161,35,10,2,1,0,221,0,0
20483,32,4,2,2,0,2667,1,0
27890,58,10,1,1,0,149,1,0
13805,45,0,2,1,0,205,0,1
8784,35,2,1,1,0,2008,0,0
7997,46,1,1,0,0,938,1,0
16990,36,2,1,1,0,1412,1,1
14925,32,0,1,1,0,0,0,0
18856,52,1,1,3,0,742,0,0
16969,53,3,1,1,0,559,1,0
10703,42,3,1,3,0,72,0,0
42333,71,5,1,1,0,5715,0,0
579,46,7,1,1,0,216,1,0
44125,40,0,1,1,0,457,0,0
22646,31,9,1,2,0,1385,0,0
27645,37,0,2,1,0,1097,1,0
19260,34,4,1,2,0,0,0,0
2841,53,11,0,2,0,2272,1,0
44165,27,0,2,2,0,4738,0,0
40555,22,8,2,1,0,185,0,0
19534,59,0,1,1,0,1675,0,1
14863,50,4,1,2,0,782,0,0
44524,35,0,1,1,0,2374,1,0
20729,59,3,1,0,0,235,0,0
35459,43,1,1,3,0,175,0,0
11825,51,4,1,2,0,3045,0,1
34358,36,4,1,2,0,953,1,1
22649,46,9,1,1,0,520,0,0
8565,31,2,2,2,0,0,0,0
1002,30,1,2,0,0,660,1,0
15446,32,4,1,2,0,273,1,1
16772,60,9,1,1,0,0,1,0
17138,58,0,1,1,0,2,1,1
26284,40,4,1,2,0,542,1,0
40418,32,0,2,1,0,1411,0,0
29597,27,10,2,2,0,1,0,0
37467,47,1,0,0,0,409,1,0
12515,44,9,1,1,0,1,0,1
37468,38,1,1,0,0,168,1,1
22409,53,1,1,1,0,25,0,0
20442,31,4,2,2,0,573,0,0
36537,35,1,1,3,0,-465,0,0
13188,33,7,2,1,0,0,0,0
10118,54,3,1,3,0,4789,0,0
22291,42,4,1,2,0,37,0,0
21414,60,3,1,0,0,1043,0,0
34284,33,0,1,2,0,4984,1,0
13665,47,9,1,1,0,-3,0,1
5419,30,1,1,1,0,282,1,1
21930,43,4,1,2,0,2,0,1
38633,45,0,1,1,0,369,1,0
10899,37,3,1,1,0,942,0,0
41915,69,5,1,2,0,473,0,0
12811,45,4,2,1,0,-57,0,1
26431,31,1,2,2,0,328,1,0
29385,65,5,1,2,0,162,0,0
35216,32,9,2,2,0,514,1,1
41961,57,4,1,0,0,6900,0,0
20658,49,9,0,1,0,-96,0,1
7104,43,1,1,1,0,0,1,1
3866,41,0,1,1,0,338,1,0
39904,60,5,1,0,0,1906,0,0
3113,47,1,1,1,0,3630,1,0
28706,35,9,2,2,0,364,0,1
5683,59,0,1,1,0,-396,1,0
14301,41,1,1,0,0,1821,0,1
19908,32,4,2,2,0,28,0,0
1908,46,2,1,3,0,242,1,0
40372,37,2,2,1,0,2543,0,0
27358,33,2,1,2,0,87,1,1
39446,37,9,1,2,0,732,0,0
28935,45,10,1,1,0,2040,0,0
43374,51,0,1,1,0,1204,0,0
30634,30,3,2,1,0,1924,0,0
8745,33,1,2,1,0,76,1,0
17299,28,1,1,2,0,902,1,0
30045,28,1,2,1,0,121,0,0
11252,33,9,1,1,0,4,1,1
16869,38,2,1,0,0,21,1,0
16014,45,9,1,1,0,1118,1,0
7413,43,4,1,2,1,-3372,1,0
34519,33,1,1,1,0,23,1,0
1895,35,9,2,1,0,300,1,0
43840,30,0,1,1,0,0,0,0
13040,26,1,2,1,0,5,0,0
39441,54,1,1,0,0,258,0,0
12843,35,1,1,0,0,63,0,1
36646,43,1,2,1,0,24,0,0
17737,54,0,1,3,0,1044,1,0
13309,26,1,2,1,0,-128,0,1
38165,28,7,2,1,0,113,1,1
15529,31,4,1,2,0,325,1,0
3335,60,5,1,2,0,1224,1,0
15259,56,5,0,1,0,212,0,1
16588,34,4,2,2,0,1,1,0
6598,29,4,1,2,0,314,0,0
4718,36,7,1,1,0,183,1,0
28180,49,6,1,1,0,-199,1,1
16008,27,4,2,2,0,3,1,1
11542,56,0,1,1,0,5310,0,0
32186,31,7,1,1,0,407,1,0
2049,56,1,1,1,0,172,1,0
18473,45,4,2,2,0,16,0,0
12906,50,9,1,3,0,680,0,0
30101,38,0,1,1,0,599,1,0
32395,35,4,1,2,0,1473,1,1
1951,25,0,1,1,0,10,1,0
26719,40,1,1,1,0,3765,1,0
26243,42,4,1,2,0,0,0,0
15103,32,0,1,1,0,1031,1,0
30405,29,7,2,1,0,612,0,0
1286,32,1,1,1,0,715,1,0
1556,40,7,2,1,0,23,1,0
10617,39,9,2,1,0,2321,0,1
2737,27,1,1,1,0,362,1,0
42751,50,1,1,3,0,51,0,0
27522,33,9,1,2,0,44,1,0
20599,58,1,1,1,0,842,0,0
44858,31,3,1,1,0,243,1,0
23394,33,9,1,1,0,1940,0,0
44952,73,5,1,1,0,2850,0,0
42049,30,4,2,2,0,697,0,0
10389,54,1,1,1,0,734,0,1
34585,40,7,1,1,0,0,1,0
13635,47,6,1,1,0,424,0,1
28279,36,0,2,1,0,135,1,0
12779,59,5,0,1,0,23,0,0
13196,33,3,1,0,0,1,1,0
25946,37,1,1,0,0,3574,1,0
14630,47,1,1,0,0,185,0,0
226,58,4,1,3,0,1065,1,0
3476,33,9,2,1,0,402,1,1
34036,25,0,2,1,0,483,0,1
3265,56,1,0,0,0,5041,1,0
18668,41,1,1,1,0,284,1,0
40888,32,4,1,2,0,1331,0,0
24464,35,0,1,1,0,0,1,0
6708,35,1,1,1,0,1388,1,0
30621,36,10,1,0,0,0,0,0
6287,29,0,2,1,0,915,1,0
43575,32,0,1,2,0,284,1,0
28689,60,9,1,2,0,-71,1,1
9034,52,3,1,0,0,1340,0,0
19105,41,9,2,1,0,40,0,0
12037,42,0,2,1,0,1601,0,0
13669,31,4,2,2,0,409,0,1
4961,31,7,1,1,0,891,1,0
1093,46,1,2,1,0,76,1,0
16341,30,1,2,1,0,163,1,1
4284,44,4,1,2,0,4087,1,0
39378,39,4,1,1,0,18,1,0
22181,55,9,1,2,0,1354,0,0
28847,32,7,1,1,0,198,0,0
24861,57,0,1,1,0,1509,1,0
35176,28,1,2,1,1,87,1,0
27078,49,9,1,2,0,0,1,0
42556,32,4,2,2,0,623,0,0
32754,41,9,2,2,0,445,1,0
42278,67,5,1,1,0,1146,0,0
29226,28,8,2,1,0,689,0,0
40040,55,5,0,1,0,2204,0,0
3915,30,7,2,2,0,136,1,1
5133,31,4,2,2,0,24870,1,0
42184,38,4,2,2,0,3141,0,0
34416,35,9,1,2,0,16,1,0
9928,47,7,2,1,0,3644,0,0
26470,44,7,1,1,0,-289,0,1
37891,44,6,0,1,0,583,1,0
42463,71,5,1,1,0,91,0,0
772,42,9,2,1,0,0,1,0
39726,29,4,2,2,0,559,0,0
17368,38,1,0,1,0,1817,1,0
39093,25,7,2,1,0,1119,1,0
21066,30,9,2,2,0,4561,1,0
13017,60,4,1,2,0,1573,0,0
18144,57,1,1,0,0,133,0,1
17116,46,3,1,0,0,312,1,1
15093,30,4,1,2,0,931,0,0
32704,53,1,1,0,0,2018,1,1
37985,29,0,1,1,0,792,1,0
19935,49,0,1,1,0,1047,0,0
19492,58,10,1,1,0,2690,0,0
15267,47,0,1,1,0,1808,0,1
19581,30,9,1,2,0,14355,0,0
9703,34,1,1,1,0,291,1,0
28103,30,9,2,1,0,800,0,0
120,56,9,0,3,0,56,1,0
3837,45,1,1,0,0,1163,0,0
27089,32,7,1,1,0,8043,1,0
21614,57,4,1,2,0,0,0,0
43097,60,4,1,1,0,0,0,0
11275,45,9,1,1,0,2571,0,0
36152,29,1,1,1,0,0,1,0
5214,52,4,1,1,0,173,0,0
25866,30,4,2,2,0,2592,0,0
8897,28,1,2,1,0,1103,1,0
42460,86,5,2,1,0,614,0,0
13231,28,4,2,2,0,882,0,1
26809,37,1,2,1,0,3572,1,1
22267,32,4,2,2,0,41,0,0
34266,22,8,2,1,0,1925,0,0
27209,32,4,2,2,0,616,1,0
27071,47,9,0,1,0,-81,1,0
19505,35,9,1,1,0,463,1,0
5715,35,1,0,0,0,-587,1,0
37568,44,7,0,1,0,206,1,0
7311,39,1,1,0,0,481,1,0
15744,60,5,1,2,0,161,1,0
34910,29,10,2,2,0,7,0,0
20224,39,4,1,2,0,246,0,0
5925,31,4,2,2,0,-307,1,1
35047,52,4,2,2,0,-334,1,0
32925,50,9,0,1,0,148,1,0
44427,28,8,2,1,0,970,0,0
122,34,0,1,3,0,3,1,0
32472,25,9,2,1,0,1312,1,0
11617,42,1,2,1,0,625,0,0
1719,31,1,1,0,0,11,1,0
17614,43,2,1,2,0,210,0,0
15024,44,1,1,0,0,10,1,0
12887,51,4,1,2,0,1392,0,0
16517,59,9,1,1,0,135,1,1
2239,24,1,1,1,0,94,1,0
13886,31,1,1,0,0,2,1,1
16993,46,4,1,3,0,802,1,0
25826,35,1,1,1,0,1160,0,1
18930,50,9,1,2,0,133,0,0
34799,51,4,1,2,0,437,1,0
13677,49,9,1,1,0,313,0,0
14202,27,0,2,1,0,3638,0,0
35126,22,1,1,1,0,223,1,0
5108,39,4,1,2,0,2271,1,0
5785,56,10,1,0,0,0,1,0
30761,41,9,2,3,0,2701,1,0
25779,30,0,1,1,0,401,0,0
24124,56,9,1,1,0,6619,1,0
38388,39,1,1,0,0,-50,1,0
3101,30,1,1,0,0,1480,1,0
14236,58,0,1,1,0,821,1,1
19510,42,9,2,1,0,77,0,1
31129,59,10,1,1,0,1047,0,0
11778,37,10,1,1,0,1038,0,0
13797,30,4,1,2,0,0,0,0
16071,32,4,1,2,0,423,0,0
21570,33,9,2,2,0,27,0,0
35486,27,7,2,1,0,814,1,0
29260,32,4,2,1,0,453,1,0
36868,49,1,1,1,0,5058,0,0
7525,33,1,1,0,0,331,1,0
3727,46,4,1,1,0,36,1,0
10667,47,1,1,1,0,214,1,0
3688,40,0,1,1,0,2523,1,0
13072,27,0,2,1,0,-400,0,1
34077,38,4,0,1,0,257,1,0
43540,31,4,1,2,0,3160,1,0
12219,60,1,1,0,0,1472,0,0
2326,26,0,0,1,1,-3,1,0
35229,39,1,1,1,0,-219,1,0
26088,42,0,1,1,0,529,1,1
21982,55,0,1,1,0,51,0,0
39011,52,0,2,3,0,872,1,0
25621,44,2,1,1,0,2878,1,0
29877,34,7,1,1,0,4962,1,1
44162,31,9,1,2,0,2166,0,0
33750,66,5,1,2,0,2262,0,0
12488,53,9,0,1,0,173,0,1
11418,54,7,1,1,0,0,0,0
35106,34,4,2,2,0,705,1,0
38714,28,8,1,2,0,327,1,0
27804,42,9,2,1,0,823,1,0
40046,46,4,1,2,0,946,1,0
23169,34,4,2,2,0,1612,0,0
25800,32,4,2,2,0,0,0,0
12035,51,4,1,2,0,1069,0,0
22457,44,4,0,2,1,-26,0,0
41799,38,9,1,2,0,127,1,0
19273,59,3,1,0,0,96,0,0
34092,57,3,0,3,0,11632,0,0
32836,35,1,1,1,0,528,1,0
41605,26,4,2,2,0,1646,0,0
20234,60,4,2,2,0,2190,0,0
4656,57,3,0,0,0,231,1,0
32769,39,1,1,0,0,390,1,0
27685,36,10,1,0,0,2347,1,0
5076,33,4,1,2,0,2308,1,0
32822,32,7,2,1,0,671,1,0
41337,28,4,2,2,0,207,0,0
32218,41,0,1,1,0,1597,1,0
33854,29,0,1,1,0,7707,1,0
23192,58,0,1,1,0,0,0,0
28189,27,8,2,1,0,980,0,0
13743,54,0,0,1,0,-437,1,1
8177,37,7,1,1,0,580,1,0
5541,37,4,1,2,0,5205,1,0
30089,34,4,1,2,1,-30,1,0
20643,40,4,1,1,0,4396,0,0
27594,38,3,0,2,0,4312,0,0
18011,44,3,0,0,0,629,0,0
31151,78,5,1,0,0,2735,0,0
4935,37,9,1,1,0,1450,1,1
29638,62,6,1,2,0,3685,0,0
41463,24,0,2,2,0,0,1,0
23416,49,4,1,2,0,276,0,0
1461,46,0,1,1,0,1069,1,0
8858,58,3,1,0,0,5278,1,0
35170,31,4,2,2,0,23,1,0
41790,27,0,1,1,0,132,0,0
19843,34,4,1,2,0,1352,0,0
13686,49,1,1,0,0,3,0,1
11469,56,1,1,1,0,771,1,1
35242,45,4,1,2,0,1033,1,0
12375,50,4,1,2,0,877,0,1
43048,34,4,1,2,0,271,1,0
34544,32,1,2,0,0,2829,1,0
27613,41,1,1,0,0,1820,1,0
15776,50,1,0,0,0,-19,1,0
40206,33,6,2,2,0,1129,1,0
14499,55,1,1,0,0,284,0,1
2345,22,7,1,1,0,83,1,0
7682,36,1,1,0,0,287,1,0
16977,54,4,0,2,0,2079,0,1
16268,34,7,1,1,0,-451,1,1
3121,54,1,1,1,0,219,1,0
30150,40,1,2,1,0,6915,1,0
2695,38,1,1,0,0,0,0,0
59,46,7,1,0,0,179,1,0
28920,43,4,1,2,0,228,1,0
32428,34,9,1,2,0,1524,1,0
21947,50,1,1,0,0,-219,0,1
26105,30,9,2,1,0,1416,0,0
26964,50,4,0,2,0,11998,0,0
12193,38,7,1,1,0,503,0,0
11382,38,9,1,3,0,499,0,0
21907,41,9,1,1,0,248,0,0
16922,31,4,1,2,0,430,1,0
17815,56,5,0,1,0,-82,0,1
10023,35,3,2,3,0,4378,0,0
35972,37,7,2,1,0,393,1,0
13525,52,4,1,0,0,324,0,0
13655,52,5,1,2,0,350,0,1
22550,41,4,1,2,0,527,0,0
1701,26,1,2,1,0,153,1,0
39892,50,1,1,0,0,3764,0,0
42966,33,4,2,2,0,935,0,0
6744,28,1,1,1,0,916,1,0
17948,48,10,1,0,0,608,0,0
42500,45,9,1,2,0,115,0,0
35633,29,0,1,1,0,500,1,0
6452,27,0,1,1,0,132,1,0
16838,25,4,2,1,0,1272,1,0
9597,46,11,1,3,0,2367,0,0
4917,27,1,1,1,0,1600,1,0
18315,50,1,1,1,0,37,1,1
13435,54,7,1,1,0,-22,0,1
5808,33,9,1,1,0,95,1,0
22709,54,1,1,0,0,211,0,0
29487,26,10,2,2,0,2170,0,0
31357,44,4,1,2,0,3665,0,0
2228,38,7,1,1,0,3165,1,0
7895,23,1,2,1,0,5145,1,0
36817,60,6,1,1,0,18,1,1
41622,37,4,1,2,0,539,0,0
10142,54,4,1,2,0,69,0,0
26695,56,1,0,0,0,285,0,1
26127,44,1,2,0,0,1593,1,0
30336,27,0,2,1,0,424,0,0
15741,31,2,2,1,0,131,1,0
26971,46,7,1,1,0,22,1,0
45189,25,7,2,1,0,199,0,0
11609,38,0,2,1,0,435,0,0
15807,54,4,1,2,0,1598,0,1
1287,32,7,1,1,0,442,1,0
28407,38,1,1,0,0,406,1,0
19022,59,5,1,0,0,1634,1,1
14251,48,4,1,2,0,58,0,1
1171,36,1,1,1,0,-147,1,0
26377,35,9,0,1,0,127,0,0
13331,39,6,1,0,0,1551,0,0
38205,30,0,2,1,0,-118,0,0
2493,52,7,0,1,0,1635,1,0
23009,47,1,1,0,0,0,0,0
13487,54,6,1,0,0,0,0,1
6506,29,4,2,1,0,-105,1,0
22553,34,4,1,1,0,42,0,0
39160,27,0,2,0,0,528,1,1
43976,24,8,2,3,0,1082,0,0
4897,30,1,2,1,1,239,1,0
9606,37,1,1,1,0,-288,1,1
5505,24,1,2,1,0,-286,1,0
28072,31,4,2,2,0,308,1,1
43772,21,8,2,1,0,215,0,0
14229,33,9,1,1,0,162,1,1
30578,36,10,1,1,0,439,1,0
14617,45,6,1,2,0,0,1,1
39490,38,4,1,2,0,93,1,0
13178,56,0,2,1,0,-273,0,0
27226,35,4,1,2,1,32,1,0
886,42,4,1,2,0,263,1,0
8674,27,1,1,0,0,1002,1,0
42250,72,5,1,0,0,3232,0,0
23436,30,9,2,2,0,849,0,0
7178,31,1,1,1,0,1017,1,0
4213,27,2,1,1,0,220,1,0
18355,38,1,1,1,0,264,1,0
6159,32,4,0,2,0,-634,1,1
17349,29,9,1,1,0,0,1,0
36790,40,4,1,1,0,0,1,0
27569,50,1,1,2,0,5423,1,0
18492,32,1,2,1,0,3036,1,0
13154,56,2,1,2,0,51439,0,1
27768,30,8,2,2,0,699,0,0
39905,38,9,1,1,0,5115,1,0
14361,49,7,1,1,0,280,1,0
15335,27,7,2,1,0,-124,0,0
32551,51,1,1,3,0,296,0,0
15676,49,9,1,1,0,0,1,1
30420,40,7,1,1,0,-38,1,1
37149,25,4,2,2,0,1,1,0
45057,44,4,2,2,0,1090,0,0
26984,46,6,1,3,0,-257,0,0
38716,30,9,1,1,0,3123,1,0
39357,27,8,2,1,0,568,1,0
40059,33,4,2,2,0,506,0,0
36968,38,1,1,1,0,0,1,0
37908,35,1,2,0,0,246,0,0
43528,31,0,2,1,0,410,0,0
5286,34,1,0,1,0,3798,1,0
23437,33,4,2,2,0,2637,0,0
32450,41,0,1,1,0,-76,1,0
1992,34,2,0,2,0,338,1,0
10997,48,9,1,1,0,178,1,0
7513,46,4,1,2,0,385,1,0
17424,45,0,1,1,0,1214,1,0
31322,64,9,1,2,0,1319,0,0
37753,40,1,1,0,0,637,1,0
139,46,1,1,1,0,265,1,0
37185,40,1,1,0,0,328,1,0
6102,30,0,1,2,0,612,1,0
29387,35,1,1,0,0,0,1,1
6509,41,0,1,1,0,920,1,1
23013,45,4,0,2,0,0,0,0
42797,60,0,1,1,0,438,1,0
39273,27,9,2,1,0,78,1,1
18201,39,4,1,2,0,346,0,0
44688,83,3,1,0,0,2140,0,0
30423,28,9,2,1,0,440,0,1
19139,32,2,1,2,0,28,0,0
517,44,1,1,0,0,148,1,0
26193,41,1,2,1,1,-386,0,1
8348,41,7,1,2,0,412,1,0
39353,31,1,2,1,0,707,1,0
10248,58,3,1,2,0,497,0,0
14111,33,6,1,2,0,1249,1,0
25446,43,2,1,2,0,1574,1,0
30374,37,8,2,1,0,681,0,0
42986,54,11,1,1,0,2206,0,0
19543,32,4,1,2,0,1390,0,0
7764,29,6,2,2,0,579,0,0
37575,33,4,2,1,0,1615,1,0
4458,30,1,2,1,0,4648,1,0
32844,33,1,1,1,0,2254,1,0
8465,26,4,2,2,0,-630,1,1
44446,32,4,2,2,0,1077,0,0
34934,27,10,2,1,0,0,1,0
7864,31,4,2,2,1,-365,1,0
34183,37,9,2,2,0,6101,0,0
22841,35,4,1,2,0,0,0,0
15358,30,7,2,1,1,-366,1,0
20386,34,4,1,2,0,828,0,1
1919,31,7,1,1,0,0,0,1
41671,31,9,2,1,0,2460,0,0
31610,29,9,2,3,0,1729,1,0
16954,54,1,1,0,0,95,0,0
42685,66,5,1,1,0,154,0,0
26361,50,1,1,0,0,808,1,0
1679,27,9,0,1,0,114,1,1
7103,50,1,1,0,0,84,1,0
2470,55,9,1,3,0,1192,1,0
25370,47,4,0,2,0,0,1,1
9892,52,5,1,1,0,603,0,1
36915,39,1,1,1,0,5092,1,0
20891,56,9,0,1,0,1561,0,0
32679,31,9,2,2,0,985,1,0
8648,28,0,1,1,0,1582,1,0
11201,36,7,2,1,0,755,0,0
17192,30,4,1,2,0,1235,1,0
35654,53,9,1,2,0,7,0,1
6763,26,1,2,0,0,230,1,0
39251,34,1,1,0,0,-1,1,0
9605,47,11,1,3,0,0,0,0
38197,42,1,2,0,0,156,1,0
31561,31,7,2,1,0,695,1,0
37655,43,1,0,1,0,688,1,0
26253,35,10,1,0,0,8489,1,0
30895,32,6,2,2,0,-359,1,0
34597,47,4,1,2,0,1649,1,0
43619,64,4,1,3,0,2352,0,0
24893,46,10,2,1,0,836,0,0
7022,25,1,1,1,0,1025,1,0
20905,42,9,1,2,0,1493,1,1
4000,27,0,2,3,0,56,1,0
4818,34,1,1,1,0,1207,1,0
26848,30,4,2,2,0,212,1,0
35288,24,0,1,1,0,61,1,1
12245,49,11,1,1,0,4846,0,0
2174,35,4,2,2,0,244,1,0
9432,36,4,2,2,0,624,1,0
34875,47,2,1,3,0,1481,1,0
11279,36,2,1,2,0,9405,0,0
27410,57,4,0,2,0,0,0,1
29495,33,6,1,2,0,483,1,0
23800,33,9,1,1,0,79,0,0
16541,30,9,2,2,0,-3,1,0
5797,31,6,2,1,0,360,1,0
39484,40,9,1,1,0,312,0,0
16355,28,1,2,1,0,371,1,0
30940,35,1,2,1,0,0,1,0
25839,37,1,1,0,0,253,1,0
22720,39,4,2,2,0,0,0,0
10259,51,1,1,0,0,2995,1,0
21897,40,4,1,1,0,569,0,0
39931,37,2,1,2,0,189,0,0
29399,42,1,1,0,0,718,0,0
40722,49,9,1,1,0,305,0,0
22376,44,4,0,2,0,0,0,0
37077,39,1,1,1,0,1419,1,0
41945,27,1,2,1,0,3792,0,0
22234,56,0,1,1,0,1694,0,0
14360,42,7,0,3,0,-291,1,0
17450,29,2,1,1,0,65,1,0
34716,36,9,2,1,0,7503,1,0
15869,38,0,2,2,0,45789,0,0
8418,42,1,1,0,0,187,1,0
5980,28,9,2,1,0,541,1,0
30505,42,10,2,1,0,139,1,0
20452,59,5,1,0,0,94,0,0
39834,50,9,0,1,0,0,0,0
38694,34,7,0,1,0,89,1,0
5318,31,2,2,1,0,159,1,0
7783,42,9,0,1,0,3043,1,1
9107,27,4,2,2,0,703,1,0
23985,47,4,2,2,0,124,0,0
4044,58,6,1,2,0,8014,1,0
21487,58,1,1,0,0,309,0,0
14986,29,4,1,2,0,16,1,0
21235,52,1,1,0,0,1271,0,0
11224,50,7,1,1,0,753,0,0
34318,58,4,1,3,0,3658,0,0
9897,45,3,1,2,0,0,0,0
20359,53,6,1,0,0,2639,0,0
2589,31,1,2,1,0,-745,1,0
11891,37,7,1,1,0,0,0,0
29244,41,7,0,1,0,840,1,0
33955,32,7,1,1,0,386,0,0
3052,29,0,2,1,0,1028,1,0
35927,34,7,0,2,0,800,1,1
3206,46,7,1,1,0,3269,1,0
9720,38,0,1,1,0,9618,1,0
32387,42,1,1,0,0,560,1,1
27627,32,6,2,2,0,368,0,0
38691,46,1,1,0,0,494,1,0
43986,26,8,2,1,0,696,0,0
9269,58,1,1,1,0,266,1,0
4637,31,1,1,0,0,26,1,0
26323,46,1,1,1,0,3999,0,0
14127,46,0,1,3,0,76,0,0
15915,27,1,2,1,0,28,0,0
5929,46,1,1,1,0,494,1,0
17481,32,1,2,0,0,60,1,0
2703,35,1,2,0,0,-123,1,0
10908,39,1,2,0,0,1522,0,0
4478,39,7,1,1,0,9374,1,0
43409,24,8,2,1,0,4126,0,0
14645,60,5,1,1,0,597,0,0
23454,41,4,1,2,0,2676,0,0
6367,28,10,1,1,0,863,1,1
15311,30,4,2,2,0,502,0,1
14483,49,9,1,1,0,204,0,1
10896,39,1,1,1,0,679,1,0
17970,47,1,0,1,1,-535,1,0
2961,28,1,1,1,0,1238,1,0
10328,36,7,2,0,0,183,0,0
14320,32,4,1,2,0,210,0,0
25408,48,1,1,0,0,214,1,1
44949,36,0,2,2,0,5007,1,0
36014,57,4,1,1,0,657,1,0
27938,54,0,1,1,1,-1089,0,1
4945,37,1,1,0,0,204,1,0
29526,31,0,1,1,0,-106,1,0
33184,43,10,1,1,0,948,1,0
30481,40,10,1,0,0,1908,1,0
9953,37,0,1,0,0,3913,1,0
14465,36,3,1,0,0,4324,1,0
36155,51,1,1,1,0,3370,1,0
22216,60,7,1,1,0,1446,0,0
22983,33,9,2,1,0,121,0,0
41835,37,7,1,1,0,1960,1,1
32292,54,3,1,1,0,736,1,0
36082,32,9,2,2,0,1094,1,0
24878,45,1,2,1,0,91,0,1
15578,32,4,2,2,0,2551,1,0
8041,51,0,1,1,0,1415,1,0
7793,31,9,0,1,0,646,1,0
39830,31,6,2,2,0,283,0,0
17234,60,9,1,1,0,2041,0,0
24432,37,2,2,2,0,1467,1,1
11621,43,0,2,3,0,682,0,0
7566,58,5,1,1,0,987,1,0
25481,30,2,1,2,0,23,1,1
16193,46,9,1,1,0,783,1,0
30738,33,4,1,2,0,1412,0,0
12632,41,7,1,1,0,6618,1,0
15059,42,1,1,1,0,5639,1,0
23440,31,9,2,1,0,201,0,0
6566,37,0,2,1,0,0,0,0
38697,35,9,2,2,0,13460,1,0
37035,36,9,1,2,0,421,1,0
24764,55,7,1,2,0,606,0,1
18725,59,5,1,2,0,2194,1,0
6846,26,10,1,0,0,70,1,0
12491,37,9,2,2,0,0,0,0
25105,32,2,1,1,0,1996,1,0
40200,31,9,2,2,0,252,0,0
31699,38,9,2,1,0,0,1,0
17021,31,1,2,1,1,-535,1,0
11372,53,0,0,1,0,-112,0,0
22900,48,0,1,1,0,44,0,1
33695,30,9,2,2,0,411,0,0
39352,43,7,1,2,0,519,1,0
19776,34,4,1,2,1,38,0,0
23206,41,4,1,2,0,6563,0,0
31170,45,4,1,2,0,273,1,0
1347,41,9,1,1,0,225,1,1
32352,30,9,2,2,0,198,1,0
37222,32,4,2,1,0,-119,1,0
30730,57,10,1,1,0,3030,0,0
7139,54,0,1,1,0,426,1,0
12251,26,1,1,1,0,490,1,0
26403,32,7,1,1,0,11512,1,0
25048,44,4,0,2,0,3340,0,0
30092,49,1,1,1,0,171,0,0
1316,44,1,2,1,0,36,1,0
2849,59,1,1,0,0,259,1,1
36680,42,9,2,2,0,-411,1,0
37220,41,1,1,1,0,0,0,0
24992,56,0,0,1,0,0,0,0
44922,54,1,2,1,0,1633,1,0
27715,23,10,2,0,0,1003,0,0
32182,37,1,2,2,0,3649,1,0
41021,36,9,2,1,0,376,0,0
22927,54,1,1,0,0,7073,0,0
6724,29,4,1,2,0,168,1,0
7263,36,9,1,1,0,1466,1,0
36627,41,0,1,1,0,1535,1,0
6943,27,9,2,1,0,648,1,0
29463,32,0,2,3,0,393,0,0
10191,36,7,1,1,0,24,1,1
30988,26,7,2,1,0,1114,0,0
2386,45,1,1,1,0,66,1,0
42494,87,5,1,1,0,433,0,0
529,30,0,0,1,0,83,1,1
15972,43,0,1,1,0,2,1,1
39945,34,0,1,2,0,21,0,1
13021,46,4,1,2,0,74,1,0
9127,56,4,1,0,0,7747,0,0
35147,26,7,2,1,0,1700,1,0
42928,41,0,0,1,0,1232,0,0
20324,37,4,1,2,0,2672,1,0
18859,48,0,1,1,0,2262,0,0
11141,37,1,1,1,0,10721,1,0
2379,22,4,2,1,0,594,1,0
34345,40,0,1,1,0,1313,1,0
15115,31,7,2,1,0,2251,1,1
34016,45,9,1,2,0,31630,0,0
41350,34,6,1,2,0,980,0,0
20730,57,4,0,2,0,160,0,0
15940,25,1,2,1,0,0,1,0
27813,43,7,1,1,0,2478,1,0
11393,58,5,1,1,0,1463,1,0
3730,45,1,1,0,0,804,1,0
2905,49,2,1,1,0,348,1,0
34477,52,0,1,0,0,576,1,0
33421,30,2,2,2,0,216,1,0
1563,41,7,1,1,0,639,1,0
35495,28,6,2,2,0,75,1,0
21835,33,4,1,1,1,7,0,1
22434,52,1,1,0,0,994,0,0
17778,54,3,0,2,0,9,0,1
24029,33,4,1,2,0,32,0,0
17111,34,1,2,1,0,-603,0,0
10800,42,2,1,2,0,1654,0,0
17786,47,3,0,0,0,617,0,0
7705,49,9,1,1,0,2344,1,0
23144,32,4,1,2,0,5910,0,0
22659,52,7,1,1,0,381,0,1
29650,37,7,2,1,0,1050,1,0
11349,59,1,1,1,0,0,0,0
32855,48,1,2,0,0,3688,1,0
30932,34,0,1,1,0,0,1,0
30465,48,4,1,2,0,500,1,1
22569,31,3,2,2,0,0,0,0
20990,35,9,2,2,0,755,0,0
28806,28,2,2,2,0,341,0,0
37911,37,7,2,1,0,887,0,0
33879,52,4,1,2,0,193,0,0
28526,28,4,2,2,0,203,0,0
32509,35,0,0,1,0,-402,1,0
20552,37,10,1,1,0,117,0,0
44562,28,0,2,1,0,1408,0,0
1261,33,9,2,2,0,129,1,0
9353,27,7,2,1,0,482,1,0
18076,51,0,1,1,1,-160,0,1
36143,57,1,0,1,0,311,1,0
22490,30,4,1,2,0,882,0,0
35357,50,1,1,1,0,16,1,0
32220,57,1,0,0,0,5041,1,0
3659,53,0,1,0,0,228,1,0
27010,38,4,2,2,0,8669,1,0
27676,45,2,1,1,0,-264,0,0
32414,38,4,1,2,0,516,1,0
38285,32,1,2,1,0,75,1,0
10549,45,1,1,1,0,3037,0,0
29948,37,7,2,1,0,1045,0,0
21233,59,5,1,0,0,574,0,0
9591,23,9,2,1,1,150,1,1
19934,35,4,2,2,0,75,0,1
43429,55,4,1,2,0,3848,1,0
14739,31,9,1,1,0,0,0,1
35502,42,1,1,0,0,0,1,1
25619,50,2,0,2,0,816,0,0
39521,32,9,2,2,0,654,1,0
14781,35,1,1,0,0,319,1,0
32299,37,10,0,2,0,1592,1,0
20271,53,4,1,2,0,0,0,0
19352,50,10,2,2,0,0,1,0
20882,48,0,0,1,0,362,0,0
28699,49,4,1,2,0,342,0,0
41445,32,4,1,2,0,2667,1,0
40479,23,7,2,1,0,870,0,0
35682,34,4,2,2,0,5945,1,0
7352,27,7,2,1,0,2457,1,0
22815,48,11,1,3,0,558,0,0
5598,35,4,0,2,0,178,1,0
10785,52,9,1,3,0,562,0,0
22660,53,11,1,3,0,0,0,0
34347,36,4,2,2,0,3850,1,0
25114,57,2,1,2,0,729,0,0
33784,62,10,1,1,0,1625,0,0
30015,37,0,2,0,0,91,1,0
22632,33,9,2,1,0,0,0,0
41501,37,1,1,1,0,4321,0,0
7391,38,1,1,0,0,1131,1,0
18772,36,4,1,2,0,1594,1,0
17091,25,1,1,1,0,-23,1,0
4789,39,4,2,2,0,4025,1,1
42472,32,4,0,2,0,883,1,0
32589,60,4,1,2,0,13546,0,0
35777,38,1,2,1,0,238,1,0
39527,33,9,2,2,0,109,1,1
11407,55,2,1,0,0,38,0,1
14116,50,2,1,1,0,0,1,0
6167,46,1,1,1,0,-371,1,0
10462,56,9,1,1,0,654,1,1
11282,49,9,1,3,0,1355,1,0
14577,60,5,1,1,0,1091,0,1
126,29,0,2,1,0,818,1,1
35024,31,1,2,1,0,-190,1,0
19424,46,3,1,0,0,1085,0,0
33426,31,4,2,2,0,587,1,0
42590,32,9,1,3,0,14533,0,0
43656,47,1,1,2,0,3745,0,0
28234,45,4,2,0,0,707,1,0
19720,33,9,2,1,0,5235,0,0
3225,43,6,2,3,0,3173,0,0
5561,30,8,2,2,0,-679,1,0
14197,40,2,1,0,0,0,1,0
16669,35,4,2,2,0,945,1,0
3327,53,2,1,2,0,22370,1,0
1721,37,0,0,1,0,34,1,0
13256,43,1,0,0,0,328,0,1
20938,38,4,1,2,0,120,0,0
17064,31,7,2,1,1,-21,0,1
10671,53,2,0,2,0,196,1,0
5932,38,0,0,1,0,198,1,0
24338,54,0,0,1,0,7089,0,0
30585,44,4,1,2,0,445,0,1
9717,38,0,1,1,0,4874,0,0
35491,33,9,0,1,0,2,1,0
6446,29,4,2,2,0,10436,0,0
36651,41,4,1,0,0,469,1,1
11388,54,5,1,0,0,1925,0,0
34449,30,4,2,2,0,0,1,0
11883,48,1,1,1,0,10724,0,0
26467,36,6,2,1,0,20451,0,0
28005,52,9,1,1,0,1033,0,0
23377,45,6,1,2,0,424,0,0
32214,43,1,2,1,0,1306,1,0
779,42,0,1,1,0,445,1,0
31935,34,7,1,1,0,404,1,0
29488,36,10,2,2,0,1291,0,0
25862,31,7,1,1,0,-489,1,1
11905,45,10,0,1,0,5163,0,0
5422,29,4,2,2,0,368,1,0
29518,27,4,2,1,0,924,1,0
31949,43,1,1,0,0,2901,1,0
17728,36,6,1,2,0,2017,0,0
35402,40,1,1,1,0,1938,1,0
36065,36,6,1,1,0,14,1,1
37319,43,6,0,1,0,484,1,0
7867,36,9,0,1,0,1285,0,0
30472,31,8,2,3,0,643,0,0
14610,33,9,1,2,0,-988,1,1
26124,34,4,1,2,0,1036,1,0
33375,40,0,2,1,0,576,1,1
11856,47,4,1,2,0,33,1,1
33484,51,2,1,2,0,83,0,0
14014,40,7,1,0,0,352,1,0
24940,43,9,2,1,1,685,1,0
16118,29,4,2,1,0,0,1,0
20923,47,1,1,1,0,1021,0,0
25823,37,7,1,1,0,1784,1,0
14549,41,1,1,3,0,402,1,0
1335,52,4,2,2,1,0,0,0
12738,45,1,0,0,0,1805,0,0
8492,31,0,2,1,0,1588,1,0
26580,32,7,1,1,0,983,1,0
27772,51,5,1,1,0,965,1,0
39223,23,8,2,1,0,2530,1,0
44576,24,8,2,2,0,1592,0,0
17739,45,11,1,3,0,4413,0,0
37734,43,4,1,2,0,-271,1,1
36802,45,1,1,0,0,1335,1,0
17802,49,0,1,1,0,0,1,1
40125,22,0,2,2,0,377,0,0
9292,40,1,1,0,0,12,1,0
25665,32,4,1,2,0,1923,0,0
43391,61,4,1,2,0,0,1,1
4731,30,7,2,1,0,432,1,0
19846,33,4,2,2,0,238,0,0
34562,39,4,1,2,0,0,1,0
43056,28,0,1,2,0,167,1,1
31134,51,9,1,1,0,117,0,0
23781,31,4,2,2,0,58,0,0
16190,43,0,2,1,0,1119,0,0
12464,60,5,1,0,0,0,0,0
42087,41,7,1,2,0,881,0,0
26631,31,9,2,2,0,438,1,0
15067,27,4,1,2,0,342,1,0
9301,45,6,1,2,0,334,0,0
39614,46,4,1,2,0,0,0,0
42702,63,3,1,2,0,1528,0,0
12588,33,9,2,1,0,0,0,0
14961,35,4,1,2,0,36,0,1
34271,25,8,2,1,0,41,1,0
1724,42,1,1,0,0,-67,1,0
5438,32,0,1,1,0,0,0,0
4816,36,8,2,2,0,687,1,0
18050,41,1,0,0,0,0,0,0
2440,33,9,2,2,0,989,1,1
24523,53,2,1,2,0,2289,1,1
15642,56,1,1,0,0,826,1,0
28790,51,2,2,2,0,0,0,0
6205,35,9,1,2,0,712,1,0
7451,38,1,1,0,0,714,1,0
978,33,10,2,2,0,1716,1,0
38120,31,9,2,1,0,591,1,1
34322,45,1,1,0,0,803,1,0
30306,28,7,1,1,0,462,1,1
44455,21,2,2,2,0,2077,0,0
39686,32,1,1,1,0,10287,1,0
1232,42,9,1,1,0,0,1,0
9415,48,9,1,1,0,545,0,0
17303,52,7,1,0,0,14,0,1
20941,42,9,1,1,0,1355,0,0
28517,29,9,2,2,0,370,1,0
34552,33,0,2,2,0,1371,1,0
31062,63,5,0,1,0,859,0,0
32388,36,9,1,2,0,4596,1,0
40754,38,0,1,1,0,47,1,0
64,49,1,1,3,0,154,1,0
13516,54,4,1,0,0,621,0,1
39497,28,8,1,2,0,803,1,0
20725,40,9,1,1,0,42,0,0
27842,55,1,1,1,0,93,0,1
17393,34,2,1,1,0,3994,0,1
20384,53,1,1,0,0,1301,0,0
28649,31,10,2,2,0,498,0,0
3721,45,0,0,1,0,109,1,0
17114,28,0,2,1,0,230,0,0
12064,40,5,2,1,0,1400,0,0
40792,73,4,1,1,0,683,0,0
38345,32,2,1,2,0,721,1,0
11079,49,9,1,1,0,662,0,0
2068,35,1,1,1,0,325,0,0
5079,58,5,1,1,0,1402,1,0
29977,42,0,1,1,0,1133,1,0
25923,41,1,1,1,0,1449,1,0
41277,48,4,1,2,0,1519,0,0
35756,44,9,1,1,0,227,1,1
30856,32,0,0,1,0,298,1,0
1938,56,4,1,1,0,230,0,0
16387,35,0,1,1,0,11,1,0
44221,51,0,1,1,0,423,1,1
27760,60,5,1,0,0,8025,0,0
1031,44,7,0,1,0,7,1,1
35214,33,7,2,1,0,1646,1,0
31511,45,0,2,2,0,1683,1,0
40230,30,9,2,1,0,601,0,0
23866,58,7,1,1,0,74,0,0
27297,59,4,1,1,0,42,0,0
4032,44,1,1,0,0,75,0,0
5058,37,1,1,0,0,5643,1,0
4402,36,1,1,1,0,4438,1,0
16060,32,7,2,2,0,143,1,1
9610,33,1,1,1,0,2645,1,1
21101,33,4,2,2,0,637,0,0
31787,36,6,1,0,0,1094,1,0
27858,60,5,1,0,0,1216,0,0
5391,24,7,1,1,1,110,1,0
30779,27,9,1,2,0,13,1,0
28334,35,9,2,1,0,175,1,0
43189,60,5,0,2,0,2,0,0
32962,70,5,1,1,0,1024,0,0
23151,36,4,1,1,0,699,0,0
27765,26,10,2,2,0,814,0,0
18898,41,4,0,2,0,934,0,0
3553,49,9,1,1,0,3657,1,0
24185,57,1,1,1,0,5270,1,0
15047,36,7,2,1,0,80,0,1
25821,41,1,2,1,0,3851,0,0
32443,34,6,2,2,0,1943,1,0
8584,31,1,1,1,0,60,1,0
16806,27,9,2,1,0,471,1,1
2309,55,1,1,0,0,431,1,0
671,31,1,2,1,0,0,1,0
23743,32,9,2,1,0,35,0,0
8443,23,7,1,1,0,1309,1,0
26190,35,4,0,2,0,146,0,0
36788,30,1,2,1,0,0,1,0
38280,55,9,1,2,0,-466,1,0
29183,36,4,1,2,0,82,0,0
41874,39,4,2,2,0,1648,0,0
43112,33,4,2,2,0,101,1,0
27622,37,1,1,0,0,1322,1,0
25906,31,6,2,1,0,203,0,1
44704,52,4,1,2,0,2635,0,0
34811,27,2,1,3,0,345,1,1
4448,32,7,1,1,0,364,1,0
27404,30,0,2,1,0,105,1,0
4267,28,4,2,2,0,3238,1,0
38321,35,9,2,1,0,-89,1,0
25456,33,4,1,2,0,2744,1,0
30643,48,1,1,1,0,264,0,0
13785,46,1,1,1,0,190,0,1
14288,30,9,1,1,0,450,0,1
27724,55,5,0,1,0,366,0,0
33047,46,9,1,1,0,6993,1,0
17595,34,7,1,1,0,0,1,0
34794,37,9,0,1,0,141,1,0
31123,41,9,0,1,0,4047,1,0
45162,29,0,2,1,0,464,0,0
5448,27,0,1,1,0,-393,1,1
42999,59,9,1,1,0,116,0,0
24145,38,4,1,2,0,1101,1,0
13137,39,9,1,1,0,130,0,0
2190,31,9,2,1,0,628,1,0
30002,32,4,1,2,0,2853,1,1
24086,44,1,1,1,0,1324,1,0
19805,50,1,1,0,0,1064,1,0
40909,23,9,2,2,0,1502,0,0
2405,55,1,0,0,0,39,1,0
40451,52,1,1,0,0,1524,0,0
38893,23,8,2,1,0,1029,1,0
42093,60,5,0,0,0,8434,0,0
31669,41,0,0,1,0,270,1,0
41340,39,1,2,0,0,24277,0,0
8633,26,9,2,1,0,544,1,1
28502,28,9,2,2,0,-214,1,0
4049,27,0,2,1,0,276,1,0
40843,81,5,0,0,0,4321,0,0
44639,29,1,1,1,0,3310,0,0
45132,61,5,1,1,0,1058,0,0
4932,31,1,2,1,0,58,1,0
13278,45,1,2,2,0,-243,0,1
13220,25,7,2,1,0,628,0,0
45120,32,9,1,1,0,1547,0,0
1478,32,0,2,1,0,184,1,0
26150,37,9,2,3,0,7245,0,0
9044,47,2,1,1,0,0,0,0
31585,44,7,2,1,0,862,1,0
41129,71,5,1,3,0,1741,0,0
24777,34,4,1,2,0,417,1,0
1101,38,1,1,0,0,1807,0,0
13545,38,4,1,2,1,327,1,1
5211,28,6,2,1,0,131,1,0
10541,36,1,0,1,0,808,0,0
19911,45,1,1,1,0,827,1,1
3131,49,1,1,1,0,2631,1,0
34825,35,7,1,1,0,302,1,0
17129,28,0,2,1,0,649,1,0
15884,47,4,1,2,0,393,1,1
37246,53,0,1,1,0,8892,1,0
839,36,0,0,1,0,0,1,0
39161,52,1,1,1,0,266,1,0
2796,39,9,1,1,1,-183,1,0
43868,30,9,2,1,0,1165,0,0
30223,27,2,2,2,0,81,0,0
32201,33,7,1,1,0,1397,1,0
3458,34,9,1,1,0,4,1,0
141,34,6,2,1,0,3,1,0
6969,36,1,2,0,0,2176,1,0
41498,39,9,1,1,0,1587,1,0
23070,30,4,1,1,1,471,1,0
8977,35,1,1,1,0,344,0,0
29381,50,9,0,1,0,0,0,0
34914,51,6,0,0,0,10924,0,0
347,39,1,1,0,0,-100,1,0
15756,53,9,1,1,0,237,1,0
15392,41,1,0,0,0,138,1,0
28769,57,5,1,0,0,4908,0,0
40435,31,4,2,2,0,2983,1,0
13786,35,7,2,1,0,25,1,0
44117,43,6,1,2,0,2501,0,0
40457,41,2,1,0,0,0,0,0
6813,25,7,2,1,0,3217,1,0
10725,39,3,1,2,0,240,1,0
40352,31,4,1,2,0,6138,0,0
12285,49,3,1,0,0,57,0,1
626,35,10,1,1,0,533,1,0
34895,39,4,1,1,0,-473,1,0
2325,52,7,1,2,0,1135,1,1
2710,57,5,0,0,0,515,1,0
13867,36,1,1,1,0,580,0,0
9962,51,4,1,1,0,0,0,0
5735,49,0,1,0,0,305,1,1
39649,29,4,2,2,0,15459,0,0
6476,36,7,2,1,0,9713,1,0
31316,65,3,1,0,0,715,0,0
14291,42,1,1,1,0,-336,1,0
39582,34,9,1,2,0,23076,0,0
19831,39,4,1,2,0,3590,0,0
9917,60,5,1,2,0,2261,0,0
31707,56,4,1,2,0,167,1,0
18064,35,1,1,0,0,0,1,0
27775,29,4,1,2,0,451,0,0
37329,29,9,2,1,0,0,1,1
14380,58,6,1,2,0,327,0,1
43081,27,1,2,0,0,377,0,0
27574,46,7,0,1,0,4329,0,0
42513,57,4,0,3,0,2986,0,0
43356,57,4,1,2,0,10583,0,0
16035,49,1,1,0,0,247,0,1
3287,40,1,1,0,0,409,1,0
38381,55,1,1,1,0,1078,1,1
23297,56,5,1,0,0,-1,0,0
17568,56,7,1,3,0,0,0,0
2535,53,5,1,2,0,1691,0,0
9843,51,0,1,3,0,3558,1,0
25844,45,6,2,2,0,1009,0,0
28766,56,10,1,1,0,670,0,0
4647,39,4,1,2,0,351,1,0
13280,30,6,1,1,0,57,0,1
32211,67,5,1,0,0,2301,0,0
25177,52,1,1,2,0,297,1,0
39401,58,5,0,0,0,720,0,0
19108,43,9,1,2,0,192,0,0
16572,56,9,1,1,0,582,1,0
19992,32,0,1,1,0,2711,0,0
18264,56,4,1,1,0,208,0,1
39203,42,1,1,0,0,1687,1,0
9250,44,10,1,0,0,280,1,0
1069,39,4,2,3,0,2887,1,0
16109,34,0,2,1,0,1,1,0
17912,39,1,1,3,0,1181,1,0
27155,45,4,1,1,1,237,1,0
27284,32,4,2,2,0,1613,0,0
6193,33,7,0,1,0,991,1,0
11152,44,1,1,1,0,1147,1,0
29679,42,9,1,2,0,725,1,1
35844,54,5,0,1,0,1483,1,1
14517,33,2,1,1,0,137,1,0
42396,32,4,2,2,0,84,0,0
27308,32,4,2,2,0,1716,0,0
21525,60,9,1,1,0,0,0,0
31079,58,5,1,1,0,4700,0,0
23236,48,0,1,1,0,35,0,0
34690,27,0,1,1,0,3160,1,0
16148,28,4,1,1,0,143,1,0
4741,40,1,1,0,0,236,1,0
37299,33,7,1,1,0,162,1,0
16395,50,4,1,2,0,1562,1,0
10511,37,1,2,1,0,1120,0,0
7541,38,3,1,2,0,5669,1,0
34450,53,2,0,2,0,321,1,0
20456,34,4,2,2,0,1009,1,0
7579,49,1,1,0,0,130,0,0
16960,51,5,1,0,0,1495,0,0
15580,32,9,2,1,0,648,0,1
33983,33,0,1,1,0,920,0,0
23759,30,4,1,2,0,1239,0,0
25811,46,9,1,1,0,1322,1,1
37263,29,0,1,1,0,69,1,0
7689,55,7,1,3,0,1210,1,0
1835,40,9,2,1,0,360,1,0
28041,45,4,1,1,0,672,1,0
14179,55,1,0,0,0,410,0,1
38567,44,7,0,1,0,-2,1,0
15001,49,4,1,2,0,78,0,1
27497,34,4,2,2,0,2343,0,0
37763,28,8,1,1,0,704,1,1
19458,47,1,1,3,0,1660,0,0
23760,38,9,1,1,0,0,0,0
17596,29,9,2,2,0,7,1,0
3140,29,1,1,1,0,416,1,0
42173,24,8,2,2,0,235,0,0
2873,49,1,1,1,0,611,1,1
30131,39,0,1,1,0,130,1,1
41964,45,9,1,1,0,1673,0,0
38219,28,9,2,1,0,769,1,0
41541,67,5,1,0,0,708,0,0
5359,29,3,1,1,0,823,1,0
2927,43,1,0,1,0,16,1,0
35635,56,1,1,1,0,1255,1,0
42904,25,4,1,3,0,448,0,0
37203,50,4,1,1,0,42,1,0
37119,33,4,0,2,0,219,1,0
1671,46,9,1,1,0,332,1,0
18189,27,9,2,1,0,489,1,0
5430,41,9,2,1,0,30,0,0
29151,46,3,1,0,0,0,0,0
29131,29,4,1,2,0,-45,0,0
36791,35,4,1,1,0,4135,1,0
34511,27,4,2,1,0,0,1,0
25525,32,1,1,1,0,2089,1,0
15163,32,7,1,1,0,1844,1,1
7604,43,1,1,0,1,1202,0,0
26465,36,4,1,2,0,0,1,0
6042,33,1,1,1,0,61,1,0
27265,34,10,1,1,0,1375,0,0
15176,33,4,1,1,0,94,1,0
43670,44,7,2,1,0,618,0,0
42870,39,7,1,1,0,2758,0,0
37980,35,1,1,1,0,1287,1,0
11231,48,6,2,3,0,0,0,0
43152,70,4,1,1,0,4,0,0
11286,36,7,1,1,0,1024,1,0
22382,46,1,1,0,0,-44,0,1
18815,38,0,1,1,0,47,1,1
36117,40,3,1,0,0,4904,1,0
10302,40,4,1,1,0,2596,0,0
29214,59,4,1,2,0,3401,0,0
9886,51,3,0,0,0,3982,0,0
10333,43,7,1,1,0,2478,1,0
30547,46,2,1,1,0,122,0,0
34571,28,1,1,1,0,1590,0,0
42835,30,8,2,3,0,4468,0,0
20140,43,7,1,2,0,2764,0,0
6501,25,2,2,2,1,6,1,1
8270,53,1,1,1,0,-711,1,0
24058,44,9,2,1,0,1679,0,0
18676,31,7,2,3,0,6145,1,0
36214,28,7,2,1,0,117,1,0
29311,34,9,1,1,0,4,1,0
17228,43,7,1,1,0,-236,1,0
43074,59,6,1,2,0,2013,0,0
3066,42,4,1,3,0,1333,1,0
6169,40,1,1,0,0,-335,1,0
13080,58,1,1,1,0,1457,1,0
44268,35,4,1,2,0,4124,1,0
34327,36,0,2,1,0,115,0,0
24817,35,9,1,1,0,14,1,0
18246,40,7,0,1,0,694,1,0
34570,46,0,1,1,0,517,1,0
3127,33,4,1,2,0,483,1,0
37860,25,0,2,1,0,1235,1,1
43200,23,8,2,1,0,287,0,0
19748,52,9,0,1,0,5102,0,0
44008,55,3,0,0,0,976,0,0
34883,33,1,0,1,0,714,1,0
33895,26,8,2,3,0,19,0,0
41329,28,4,2,2,0,4985,1,0
37700,28,7,1,1,0,0,1,0
15292,46,6,1,1,0,567,0,0
33703,59,9,1,1,0,10925,0,0
3683,57,4,1,2,0,3431,1,0
35605,41,4,1,2,0,11103,1,0
12292,47,5,1,0,0,-468,0,1
43108,35,3,1,2,0,11219,0,0
22406,32,9,2,1,0,34,0,0
24755,43,2,1,2,0,13342,1,0
19683,36,9,2,1,0,651,0,0
39536,35,1,2,1,0,142,1,0
12868,55,1,2,1,0,82,0,1
18979,31,4,2,2,0,83,0,0
2865,41,1,1,1,0,2823,1,0
26436,46,9,1,1,0,1,0,1
30005,34,7,1,1,0,244,0,0
5025,34,9,2,2,0,299,1,0
7992,43,4,2,1,0,1029,1,0
26183,41,7,1,1,0,3992,1,0
34760,45,1,1,0,0,1558,1,0
44153,27,9,2,1,0,643,0,0
2421,29,6,2,2,0,-114,1,0
18665,32,9,2,2,0,127,1,0
40370,64,5,1,1,0,5966,1,0
8554,24,1,2,3,0,431,1,0
8993,38,4,1,1,0,1574,0,0
37715,39,9,2,1,0,-237,1,0
10993,32,7,2,1,0,1364,1,1
42370,27,1,2,2,0,567,0,0
27824,47,1,1,0,0,1452,1,1
3341,42,1,1,0,0,3405,1,0
27860,41,1,1,0,0,620,0,0
26251,36,6,2,1,0,1295,0,0
12925,59,1,1,0,0,3372,0,0
39952,52,9,1,1,0,0,0,0
26574,36,4,1,1,0,0,0,0
30043,36,1,1,0,0,347,0,0
19906,42,9,1,2,0,-805,0,0
21684,42,9,0,1,0,58,0,0
40042,38,4,1,2,0,7255,1,0
15835,26,9,2,1,0,-213,0,1
1876,35,4,1,2,0,1510,1,0
17664,35,0,1,1,0,-112,0,0
19861,60,9,2,2,0,2934,0,0
35022,23,8,2,1,0,834,1,0
17312,50,0,2,1,0,167,0,1
10464,33,1,0,1,0,1,0,0
5009,38,6,1,2,0,585,1,0
38642,33,4,1,1,0,1423,1,0
16598,41,2,2,1,0,663,0,0
29853,29,4,1,2,0,1441,1,0
40078,30,4,2,2,0,4,1,0
40312,27,0,2,1,0,3629,0,0
40434,28,4,2,2,0,12956,1,0
43983,53,1,1,3,0,960,0,1
33633,44,4,2,1,0,109,1,0
9652,49,0,2,1,0,4509,0,0
14976,38,0,1,1,0,0,1,0
18734,57,1,1,0,0,23,1,0
9519,47,0,1,1,0,1383,1,0
3945,49,1,0,1,1,259,0,0
22676,32,9,1,1,1,4,1,1
7110,21,7,2,1,0,1903,1,0
39773,45,1,1,1,0,1723,0,0
22604,33,4,2,2,0,349,0,0
7436,31,4,2,2,0,457,1,0
19786,31,1,1,1,0,379,0,0
35108,36,1,1,1,0,777,1,0
25397,32,1,2,1,0,3845,1,0
24200,35,4,1,2,0,94,1,0
3952,43,1,0,0,0,-57,1,0
36282,55,4,0,2,0,8044,1,0
20130,53,4,1,2,0,657,0,0
5125,31,4,1,2,0,4924,1,0
28869,56,1,1,1,0,2190,0,1
42354,61,9,1,0,0,2282,0,0
10141,39,0,2,1,0,35,0,0
43706,53,1,2,1,0,1004,0,0
9016,46,9,2,2,0,2800,0,0
23839,49,4,1,2,0,0,0,0
9668,27,1,1,1,0,379,1,1
3789,57,0,1,1,0,4168,1,1
1106,47,9,1,0,0,145,1,0
33678,38,9,1,2,0,472,1,0
33511,34,4,1,2,0,1782,1,0
68,55,9,1,1,0,1205,1,0
18983,54,6,1,1,0,3529,0,0
19983,32,9,2,2,0,881,0,0
30011,45,1,1,1,0,7895,1,0
41826,31,9,1,2,0,442,0,0
11094,48,0,2,1,0,1253,1,0
18559,55,1,2,1,0,923,0,0
10923,60,3,1,0,0,352,0,1
25375,41,4,1,1,0,1471,1,0
9859,51,9,1,2,0,1057,0,0
6572,40,0,2,1,0,877,1,0
29561,32,4,1,2,0,422,1,0
45016,40,4,1,2,0,0,0,0
1014,52,7,0,1,0,220,1,0
7109,27,9,2,2,0,3083,1,0
33260,46,4,1,2,0,189,1,0
14383,30,1,2,1,0,0,1,0
36489,39,7,1,1,0,2040,1,0
22664,60,5,1,0,0,155,0,0
41972,40,0,1,1,0,0,0,0
13451,60,5,1,0,0,838,0,0
33467,37,9,1,1,0,264,1,1
9326,39,1,1,1,0,599,1,0
29087,48,1,1,1,0,244,1,1
2848,25,11,2,3,0,329,1,0
3104,31,0,1,1,0,413,1,0
22958,34,4,2,2,0,250,0,0
26434,46,9,1,2,0,0,0,0
33516,36,4,1,2,0,340,1,0
32081,39,1,1,0,0,7685,1,0
24725,49,9,2,1,0,-188,1,1
35761,31,4,2,1,0,1090,1,0
20740,51,0,0,1,0,14215,0,0
14801,36,4,1,2,0,64,0,0
17987,41,4,2,2,0,1373,0,0
7027,32,6,1,1,0,610,1,0
26496,42,1,2,1,0,985,0,0
41569,73,5,1,0,0,934,0,0
43711,37,4,1,2,0,393,1,0
41442,51,3,1,0,0,339,0,0
20319,42,4,1,2,0,187,0,0
34802,30,9,1,1,0,616,1,0
34428,47,4,2,1,0,-246,1,0
7702,41,2,1,0,0,740,1,0
36275,52,7,1,1,0,-178,1,1
33220,29,9,2,2,0,68,1,0
12645,26,9,2,2,0,36,0,1
39135,34,1,0,1,0,-301,1,1
27806,43,9,1,1,0,-57,0,0
37384,27,7,2,1,0,223,1,1
41506,79,5,1,1,0,723,0,0
18416,51,9,1,1,0,8758,0,0
33307,59,4,1,2,0,0,1,1
26760,33,4,2,2,0,2360,1,0
41097,55,2,1,2,0,0,0,0
17628,50,0,1,1,0,176,0,0
41446,19,8,2,1,0,527,0,0
24860,50,7,0,1,0,330,1,1
40960,32,0,2,1,0,5,1,1
15690,29,1,2,1,0,-20,0,1
9344,60,5,1,1,0,-1110,1,0
37664,40,5,0,0,0,919,1,0
38092,35,1,1,0,0,-167,1,0
21829,45,4,0,1,0,705,0,0
13346,59,5,1,0,0,21,0,0
3024,32,9,2,3,0,10600,0,0
39684,60,3,0,1,0,2063,0,0
12345,26,9,2,1,0,-266,0,1
12229,25,7,2,1,0,3856,1,0
42055,54,3,1,1,0,962,1,0
28627,31,0,2,1,0,0,0,0
22096,33,9,2,2,0,1805,0,0
45036,28,4,1,2,0,1918,0,0
23324,47,1,1,0,0,209,0,0
15645,28,4,1,2,0,250,1,0
28214,31,4,2,2,0,1120,1,0
17051,55,6,1,1,0,2387,1,0
17467,34,1,1,1,0,1682,1,1
10822,50,1,1,0,0,2190,0,0
13806,35,1,0,0,1,0,1,0
41431,37,10,1,3,0,4565,0,0
16088,35,7,1,1,0,33,1,0
26475,30,1,1,1,0,399,0,1
2269,32,0,2,1,0,1466,1,0
30155,28,8,2,1,0,0,0,0
13975,36,1,1,1,0,576,1,0
38289,28,4,2,1,0,703,1,0
1056,44,1,1,0,0,-171,1,0
15989,47,3,1,2,0,228,1,0
12560,57,1,1,0,0,47,0,1
38368,30,2,1,2,0,3037,1,0
7906,40,4,1,2,0,211,1,0
12869,41,3,1,0,0,1529,0,0
78,49,7,0,1,0,0,1,1
6397,52,4,1,1,0,0,1,1
15646,35,9,1,1,0,-360,1,0
28520,29,4,1,2,0,266,1,0
14595,43,4,1,2,0,348,0,1
22345,46,1,1,0,0,255,0,0
3146,57,5,1,0,0,3401,1,0
32210,33,3,2,2,0,23663,1,0
21906,50,9,1,1,0,-584,0,0
40127,28,4,2,1,0,1633,0,0
12745,43,9,0,2,0,27,0,0
7701,49,9,1,0,0,2343,1,0
17404,26,7,2,0,0,179,1,1
15308,31,9,0,1,0,202,1,0
44678,60,0,1,1,0,12980,0,0
22247,48,4,1,2,0,11,1,0
10975,31,7,1,1,0,440,1,0
8383,32,9,2,1,0,1279,1,0
5173,36,1,1,1,0,439,1,0
679,41,0,1,1,0,0,1,0
3477,32,7,1,1,0,401,1,0
39765,43,4,1,2,0,0,0,0
39107,45,9,0,1,0,-357,1,1
36471,36,0,0,1,0,543,1,0
11958,52,0,1,0,0,64,0,0
1845,39,7,1,3,0,-516,1,0
30252,44,10,1,2,0,17747,1,0
32978,38,1,1,1,0,566,1,1
39972,34,9,1,2,0,127,0,0
8197,50,4,0,2,0,5164,1,0
42285,62,5,0,2,0,0,0,0
35355,37,4,2,2,0,815,1,0
8772,36,4,0,2,0,3611,1,0
29499,56,4,1,0,0,0,0,0
37230,37,4,1,2,0,1852,0,0
8218,42,9,2,1,1,-1129,1,0
14841,30,9,1,1,0,-393,1,1
16197,48,9,0,2,0,113,0,1
19464,48,9,0,1,0,791,0,0
10736,36,9,1,2,0,579,1,0
8795,25,4,2,2,0,493,1,0
39068,24,7,1,1,0,1354,1,1
12414,41,1,1,0,0,509,1,0
30123,31,7,2,1,0,122,1,0
22103,33,4,1,2,0,51,1,0
21300,48,1,1,0,0,2227,0,0
15434,32,1,2,1,0,188,0,1
17852,56,1,1,1,0,1316,0,0
42421,27,8,2,3,0,3511,0,0
42379,46,9,1,2,0,31630,0,0
9320,58,9,1,0,1,-247,0,0
24321,58,4,1,2,0,7387,0,0
38222,35,6,1,0,0,712,1,0
31085,37,7,1,1,0,1543,1,0
2534,27,1,1,1,0,0,1,0
16870,32,7,1,1,1,-220,1,1
42142,27,4,2,2,0,1720,0,0
20920,51,9,1,1,0,427,0,0
35610,36,1,1,1,0,195,1,1
5400,54,9,1,1,0,7252,0,0
6129,44,1,2,1,0,-215,1,0
15375,29,0,2,1,0,-133,0,0
42114,35,9,1,1,0,580,1,0
8986,53,3,1,0,0,1903,0,0
15591,53,2,1,2,0,624,0,1
23239,44,4,2,2,0,639,0,0
23005,32,9,2,1,0,316,0,0
28046,26,8,2,3,0,2020,0,0
23060,35,4,1,2,0,0,0,0
17517,37,0,1,1,0,-325,0,0
29036,59,5,2,1,0,2,0,0
21489,47,9,1,1,0,0,0,0
24276,31,2,2,2,0,1454,0,0
23333,30,4,2,2,0,890,0,0
15327,32,1,0,0,0,174,1,0
22395,32,4,2,2,0,334,0,0
15687,32,4,1,2,0,71,1,0
35157,34,4,2,2,0,2679,1,0
28950,40,4,1,2,0,432,1,1
4832,36,7,1,1,0,5024,0,0
34108,30,9,1,1,0,776,0,0
22158,56,4,1,2,0,502,0,0
10758,38,1,1,0,0,1262,0,0
8895,35,4,0,2,0,160,1,0
25638,35,9,1,1,0,2189,0,0
12153,39,4,1,2,0,0,0,0
31886,53,0,2,1,0,2892,0,0
41612,46,4,2,1,0,5993,0,0
39336,30,0,2,1,0,2,1,0
9438,36,6,2,2,0,2000,0,0
44587,30,0,2,1,0,28,0,0
10906,37,3,0,0,0,608,0,0
20466,30,4,2,2,0,67,0,0
20911,35,4,1,2,0,3481,0,0
29629,32,9,2,1,0,13565,0,0
8425,41,6,1,1,0,2812,1,0
33789,19,8,2,1,0,96,0,0
28182,60,9,1,1,0,478,0,0
3293,53,2,1,1,0,111,1,0
10715,39,9,1,1,0,94,0,0
38001,54,1,1,1,0,-135,1,0
13376,40,0,1,1,0,275,1,0
18667,36,4,2,2,0,62,0,0
40346,26,7,2,1,0,1347,0,0
28959,55,4,0,2,0,446,0,0
36034,57,2,0,1,1,25,1,0
34377,34,1,1,0,0,698,1,0
32147,41,1,1,1,0,217,1,0
33117,32,1,2,1,0,395,1,1
5704,37,1,1,0,0,0,1,0
26242,31,7,2,1,0,481,1,0
22280,35,11,1,0,0,4144,0,0
18713,35,1,1,1,0,280,1,1
37898,36,7,2,1,0,-267,1,0
35152,35,9,0,1,0,2777,1,0
5210,35,0,1,1,0,2238,1,0
560,52,1,1,1,0,3165,0,0
24750,59,6,1,1,0,201,0,0
9776,56,9,2,2,0,917,0,0
29758,27,9,2,1,0,-437,0,0
35362,28,1,1,1,0,922,1,0
18150,59,4,2,2,0,1180,0,0
29033,48,1,1,1,0,578,1,0
6675,29,1,2,1,0,-15,1,0
3060,42,9,1,2,0,2106,1,1
33146,56,7,2,1,0,699,1,0
24110,36,2,1,2,0,6,0,0
26550,32,1,1,0,0,726,1,0
40806,40,0,1,2,0,1108,0,0
35535,55,5,1,1,0,1,1,0
35181,38,1,0,1,0,887,1,0
25618,46,1,1,1,0,15,1,1
15640,30,7,2,1,0,-114,1,0
22699,46,1,1,0,0,575,0,0
41069,72,5,2,2,0,614,0,0
11381,56,5,1,0,0,1906,0,1
29612,34,10,1,2,0,425,0,0
40848,40,1,0,1,0,0,0,0
37554,34,7,2,1,0,183,1,0
9797,36,4,0,2,0,7821,0,0
5471,35,0,2,1,0,-413,1,0
26395,48,2,0,2,0,3520,1,0
12752,33,9,0,1,0,522,0,1
43109,37,10,1,2,0,7620,0,0
16183,61,5,1,1,0,479,0,0
41746,66,5,2,2,0,0,0,0
14335,34,7,2,1,0,313,1,0
10803,50,0,1,1,1,-437,1,1
30821,33,4,1,2,0,594,1,1
25229,52,7,1,1,0,2257,1,0
24873,35,1,1,1,0,153,1,0
9231,33,4,1,2,0,113,1,0
3274,48,1,1,0,0,1757,1,0
34630,53,7,1,0,0,171,1,1
996,34,0,1,1,0,475,1,0
19812,36,4,0,2,0,8119,0,1
6765,42,9,1,1,0,-1310,1,1
39555,40,10,1,1,0,1289,0,0
8860,33,4,1,2,0,1808,1,0
3853,56,3,1,0,0,82,0,0
7691,51,9,1,1,0,4924,1,0
14275,34,9,1,1,0,800,1,0
25100,52,3,1,1,0,1182,1,0
25091,33,2,1,0,0,82,1,0
31548,37,4,1,2,0,489,1,0
27512,30,9,2,1,0,2734,0,0
8533,35,9,1,2,0,2188,1,0
24430,37,9,1,1,0,344,1,1
7797,49,6,1,1,0,2061,1,1
8949,36,10,2,1,0,244,1,0
19622,37,4,1,2,0,489,1,0
23801,36,9,2,1,0,0,0,0
1665,30,0,2,3,1,1,0,0
1324,33,7,1,1,0,804,1,1
414,36,2,1,2,0,1169,1,0
38365,22,8,2,1,0,2589,1,0
8965,55,11,1,2,0,0,0,0
1097,46,0,1,0,0,40,1,0
11933,31,1,2,3,0,813,1,0
25995,47,4,0,2,0,6333,1,0
31142,44,4,1,0,0,558,0,0
6316,39,4,0,2,0,-999,1,0
739,35,4,2,2,0,550,1,0
43055,34,4,2,2,0,2159,0,0
16932,30,9,1,1,0,-280,1,0
24880,30,4,2,2,0,414,0,0
26888,37,4,2,2,0,1093,1,0
26868,53,4,1,2,0,3366,0,0
38799,32,7,1,1,0,1977,1,1
5380,28,1,1,0,0,4,1,0
12047,53,5,0,1,0,797,0,0
19351,48,1,1,0,0,783,0,1
19924,32,9,2,1,0,40,0,0
42896,76,5,1,2,0,0,0,0
33840,55,7,1,1,0,1989,0,0
1387,40,4,1,2,0,-29,0,0
27562,35,6,1,1,0,524,1,0
38069,46,1,1,0,0,1291,1,0
31244,49,9,1,2,0,523,1,0
26850,42,0,0,1,1,723,0,0
21935,35,9,1,1,0,1144,0,0
20187,49,7,1,1,0,112,0,0
13532,44,1,2,0,0,142,1,0
17369,56,9,1,1,0,76,1,0
6472,30,1,1,0,0,554,1,0
3636,39,1,2,0,0,-21,0,0
28275,52,10,1,0,0,-110,0,1
28395,53,1,2,0,0,354,1,0
14330,35,1,2,0,0,-230,1,0
10945,38,1,1,3,0,5830,0,0
27917,28,4,1,2,0,264,0,0
38501,24,1,2,1,0,833,1,0
18110,50,4,1,2,0,398,0,0
32420,34,4,2,2,0,395,1,0
29174,36,0,1,1,0,0,1,0
3778,27,4,1,1,0,-41,1,0
30263,34,1,1,1,0,563,0,1
19021,58,5,1,1,0,4725,0,0
15926,32,4,1,2,0,578,0,1
43788,59,4,1,0,0,1727,0,0
18191,25,1,1,1,0,-288,0,1
25549,40,7,1,1,0,961,0,1
9566,30,1,2,1,0,23,1,0
16439,42,7,0,1,0,0,1,1
334,45,4,0,2,0,24598,1,0
8031,39,0,2,1,0,2854,1,0
44822,27,1,1,1,0,821,1,1
2691,49,3,0,0,0,198,1,0
4048,38,1,1,1,0,660,1,1
6380,26,1,1,0,1,-683,1,1
36591,31,1,1,1,0,43,1,0
29358,27,8,2,2,0,24,1,0
30132,37,9,0,1,0,-24,1,0
17443,33,1,1,1,0,0,1,1
35143,26,8,2,1,0,502,1,0
5048,32,7,0,1,0,1156,1,0
33768,45,4,1,2,0,506,0,0
34559,27,9,2,2,0,75,1,1
14450,51,7,0,1,0,242,0,1
1558,39,4,1,2,0,429,1,0
21159,42,9,1,1,0,688,0,0
29955,41,1,1,3,0,402,1,0
42679,68,5,1,0,0,0,0,0
9235,53,11,1,3,0,1347,0,0
18924,52,4,1,1,0,5601,0,0
34937,37,4,2,2,0,102,1,0
18149,40,7,1,1,0,251,1,0
2231,52,0,0,1,0,944,1,0
24657,44,4,2,1,0,3684,1,0
41675,47,4,1,2,0,288,0,0
5300,32,8,2,1,0,1883,1,0
29315,53,9,1,1,0,598,0,0
19531,47,1,1,0,0,124,0,0
15264,28,9,1,2,0,858,1,0
28206,29,6,2,2,0,415,0,0
43863,54,4,0,2,0,496,0,0
13535,28,9,2,1,0,441,0,1
37690,31,0,1,1,0,8781,1,0
9388,56,11,0,3,0,2152,0,0
2297,31,0,2,1,0,98,1,1
34962,34,1,1,2,0,748,1,1
12147,56,11,1,3,0,361,0,0
25459,35,9,0,2,0,4515,1,0
34152,35,0,1,2,0,286,0,0
4238,42,1,1,3,0,1323,1,0
756,48,0,1,1,0,3754,1,0
17223,33,4,1,2,0,0,1,0
3333,42,4,1,2,0,9,1,0
40261,33,10,1,2,0,3335,0,0
30597,56,0,1,1,0,1554,1,1
28732,42,5,2,2,0,308,0,0
19730,33,9,0,1,0,801,0,0
2683,37,9,1,1,0,511,1,0
9215,37,11,1,0,0,808,0,0
27110,39,1,1,0,0,694,1,0
25588,55,9,1,1,0,0,0,0
33408,51,1,1,0,0,1016,1,0
17729,47,10,1,1,0,312,0,0
25913,41,2,0,2,1,0,1,0
24515,26,11,2,1,0,1187,0,0
11857,56,1,1,1,0,475,1,1
17397,55,9,1,1,0,176,1,0
23120,52,6,1,1,0,517,0,0
43981,21,8,2,3,0,762,0,0
19319,41,9,1,1,0,55,1,0
44628,38,4,2,2,0,1704,0,0
35447,43,4,1,2,0,1429,1,0
154,50,9,1,0,0,139,0,0
37519,41,4,1,2,0,1204,1,1
35095,44,0,0,1,0,49,1,0
14147,44,3,1,0,0,71,1,0
26362,37,2,1,2,0,264,1,1
3053,42,1,1,0,0,1288,1,0
21963,50,4,1,1,0,2130,0,0
23167,40,9,0,1,0,6,0,0
24235,59,0,1,1,0,231,0,1
17674,58,5,1,0,0,5506,0,0
9247,53,2,1,0,0,943,1,1
20099,32,9,1,1,0,212,1,0
22323,41,4,1,2,0,15449,0,0
41733,78,5,0,3,0,0,0,0
16026,60,3,1,0,0,0,0,1
9963,45,9,1,1,0,546,1,1
31829,46,4,1,2,0,964,1,0
41995,60,0,1,3,0,4629,1,0
12977,54,6,1,1,0,203,1,0
30573,39,4,2,2,0,0,1,0
8814,32,7,1,1,0,3756,1,0
5432,30,9,1,1,0,0,1,0
16829,47,7,1,1,0,2,0,0
21863,53,1,1,0,0,570,0,0
39932,58,9,1,2,0,12322,0,0
22801,41,9,1,1,0,1190,0,0
38292,31,1,2,1,0,39,1,0
34117,41,0,1,0,0,1316,1,0
23133,34,9,1,1,0,1005,0,0
33265,40,1,1,1,0,1386,1,1
2808,42,4,1,2,0,877,1,0
28156,35,3,1,2,0,2880,0,0
21933,32,9,1,2,0,587,0,0
1032,37,9,1,2,0,16,1,1
1142,32,2,1,1,0,135,1,0
13961,49,9,1,2,0,2568,1,0
37223,44,1,1,1,0,1311,1,0
44107,38,4,1,2,0,2656,0,0
13639,32,0,1,2,0,57,0,0
23014,31,4,2,2,0,29,0,0
37046,31,1,1,1,0,1545,1,1
25001,55,4,1,2,0,5010,0,0
39486,34,0,1,1,0,75,1,1
16351,27,6,2,2,0,82,0,1
18009,45,0,0,3,0,998,1,0
42965,34,0,1,1,0,2374,1,0
16885,53,1,1,0,0,343,1,0
38040,33,7,1,1,0,968,1,0
14068,39,4,1,2,0,710,1,0
10905,35,0,1,1,1,76,0,1
27974,41,6,2,2,0,1616,0,0
44901,34,0,2,1,0,43,1,0
16031,30,4,2,2,0,77,0,0
16081,28,7,2,1,0,47,0,0
43675,66,4,1,1,0,587,0,0
41668,34,3,2,1,0,1363,0,0
10322,43,7,1,1,0,0,0,0
22590,59,0,1,1,0,6264,0,0
21118,48,4,1,1,0,141,0,0
36431,42,10,1,1,0,-523,1,0
24298,55,4,1,1,0,2410,1,0
24772,57,4,1,2,0,2101,0,0
21064,51,3,1,1,0,429,0,0
23730,35,9,1,1,0,353,0,0
35083,34,7,2,1,0,0,1,0
12255,58,10,0,1,0,0,0,0
3037,45,0,1,1,0,-31,1,0
31006,34,0,1,1,0,0,1,0
7879,52,1,1,0,0,2439,1,0
7636,48,0,0,1,0,132,1,0
19736,34,4,1,2,0,5334,0,0
8206,35,1,2,1,0,-37,1,1
5677,50,7,1,1,0,683,1,1
22820,32,4,1,1,0,251,0,0
36454,36,7,2,1,0,2409,1,1
25548,31,9,2,2,0,1881,0,0
10218,41,2,1,1,0,2480,1,0
12919,54,3,1,1,0,0,0,1
7805,37,9,1,1,0,1120,1,0
11182,37,9,1,1,1,0,0,0
26882,36,10,2,0,0,0,0,0
43735,50,0,1,1,0,2695,0,0
4524,31,9,1,1,0,4,0,0
30959,29,9,2,2,0,673,1,0
29042,35,9,0,1,0,2823,1,0
35759,48,0,1,1,0,1131,0,1
11180,49,9,1,1,0,997,0,0
31948,40,4,1,2,0,1548,1,0
14443,43,1,2,1,0,615,0,0
18084,30,0,2,1,0,1223,1,0
10607,37,7,1,1,0,3321,0,0
23588,52,9,1,2,0,0,0,0
4304,28,0,2,1,0,350,1,1
43451,35,9,1,1,0,2201,0,0
21062,54,4,0,2,0,3222,0,0
45078,77,5,1,1,0,820,0,0
28893,46,9,1,2,0,43,1,0
31794,28,8,2,1,0,11555,0,0
28610,38,4,1,2,0,358,0,0
36822,41,1,0,1,0,139,1,0
446,39,9,2,3,0,45248,1,0
30893,33,9,1,1,0,1029,1,0
17682,34,7,0,1,0,5934,1,0
15161,45,9,1,1,0,1081,1,0
38506,25,8,2,1,0,1919,1,0
24915,58,4,1,2,0,0,1,0
29138,27,4,2,2,1,1414,1,0
36531,41,4,2,1,0,-277,1,0
24134,49,4,1,1,0,249,0,0
2667,43,2,1,1,0,59,0,0
40471,71,6,1,1,0,5946,0,0
2840,51,0,1,1,0,513,1,0
16061,28,1,1,0,0,413,1,0
17143,27,4,1,2,0,9630,1,0
9,43,9,2,1,0,593,1,0
16001,30,6,2,1,0,192,0,0
7611,36,1,2,1,0,366,1,1
37896,37,4,0,2,0,-42,1,0
38848,32,7,2,1,0,545,1,0
24806,54,4,1,1,0,2203,1,0
27761,32,8,1,1,0,0,0,0
23638,45,1,1,1,0,-183,1,1
37525,35,9,1,1,0,-255,1,0
14243,43,1,1,1,0,500,1,0
22784,30,9,2,2,0,-266,0,1
4206,33,1,1,1,0,86,1,0
33221,36,2,1,1,0,13,1,0
3242,48,1,1,1,0,1913,1,0
14001,37,4,1,2,0,1403,1,0
17269,36,4,1,2,0,-861,1,1
24783,56,6,0,1,0,0,0,0
43417,50,1,1,0,0,82,0,0
13240,58,1,1,1,0,279,0,0
22994,38,9,1,1,0,0,0,0
20060,48,1,1,0,0,104,0,0
18450,59,5,1,0,0,488,0,0
15282,45,7,1,1,1,144,0,0
35014,36,9,1,1,0,-78,1,0
12572,40,1,1,1,0,-313,1,0
4981,34,1,1,0,0,218,1,1
44031,29,8,2,1,0,808,0,0
20065,61,3,1,0,0,368,0,0
1020,36,2,1,2,0,1722,1,0
40734,23,8,2,1,0,0,0,0
37745,33,1,2,1,0,142,1,0
23531,42,4,1,2,0,-671,0,0
32265,20,1,2,1,0,423,1,0
21468,39,9,2,2,0,1043,0,0
39061,34,4,2,2,0,138,1,0
29220,53,9,2,2,0,-167,1,1
24814,48,6,1,2,0,16,1,1
34955,29,9,2,2,0,183,1,1
7375,34,0,2,1,0,10,0,1
22970,41,9,2,2,0,1413,0,0
23340,34,4,0,2,0,0,1,0
17179,33,4,1,2,0,349,1,1
36633,31,0,2,1,0,1801,1,0
20462,52,4,1,2,0,0,0,0
15463,41,4,1,2,0,4824,0,1
18346,25,1,1,1,0,2307,1,0
20482,54,4,2,2,0,2419,1,0
3336,49,1,2,0,0,2623,1,0
21311,48,4,0,1,0,3324,0,0
38908,33,4,1,1,0,588,1,0
34575,33,6,2,2,0,94,1,0
38526,56,5,0,2,0,-458,1,0
36620,33,1,2,1,0,1794,1,0
5993,29,9,2,1,0,1612,1,0
43257,44,4,1,3,0,282,0,0
44677,70,5,0,1,0,6850,0,0
39504,38,0,1,1,0,755,1,0
25445,51,4,1,2,0,-20,0,0
508,60,5,1,1,1,15,0,0
44592,48,0,0,1,0,1033,0,1
25509,58,2,1,2,0,6384,0,0
3712,40,7,1,1,0,446,1,0
26330,33,9,1,2,0,6843,0,0
24782,35,9,1,1,0,4508,1,0
3900,30,0,1,1,0,122,1,0
21904,55,0,1,1,0,128,0,0
39190,27,1,2,1,0,179,1,0
10358,52,4,1,2,0,261,1,0
13369,27,4,2,2,0,154,0,1
30613,46,4,1,2,0,1698,1,0
27379,59,4,0,2,0,7813,1,0
39937,38,1,1,1,0,2467,0,0
1877,38,1,1,1,0,171,1,0
39474,28,9,2,2,0,386,0,0
28774,34,4,1,2,0,351,0,0
26045,59,5,0,1,0,21,1,0
26851,45,1,2,3,0,816,0,0
24399,47,4,1,2,0,2919,1,0
25026,31,3,1,0,0,2603,1,0
36153,31,9,2,1,0,0,1,0
32532,64,5,1,0,0,493,0,0
23756,35,9,2,1,1,-30,0,0
5347,36,1,1,1,0,222,1,0
3459,41,9,0,1,0,536,1,0
25258,51,4,1,2,0,2934,1,0
11082,44,1,1,0,0,0,0,0
8278,41,1,1,0,0,1905,1,0
13449,35,9,1,1,0,2355,1,0
39009,55,1,1,1,0,3917,1,0
43267,46,4,0,2,0,461,0,0
28196,41,4,1,2,0,-412,1,0
28916,29,0,2,1,0,124,0,0
33518,29,4,2,2,0,1170,0,0
329,41,1,1,1,0,290,1,0
28500,27,9,2,1,0,261,1,0
8154,44,9,1,1,0,0,0,0
1245,26,1,2,0,0,318,1,0
2715,51,9,1,1,0,330,1,0
14065,27,2,2,2,0,6,0,0
3166,55,4,1,2,0,0,1,0
43095,37,1,1,1,0,4321,0,0
35599,34,0,0,1,0,0,1,0
15426,40,9,0,1,0,700,1,1
24444,33,4,1,1,0,0,1,0
31831,21,8,2,0,0,423,0,0
29757,30,10,1,2,0,1067,0,0
14768,38,4,1,2,0,500,1,1
20957,34,9,1,1,0,903,1,0
45029,40,3,1,0,0,979,0,0
31803,27,7,2,2,0,128,0,0
16238,46,1,1,1,0,0,1,0
33952,52,4,2,2,0,2290,0,0
35120,35,4,1,2,0,802,1,0
11322,57,11,0,3,0,4244,0,0
7820,36,0,1,1,0,1954,1,1
16706,48,1,0,1,0,271,1,1
41058,28,0,2,2,0,373,1,0
42851,31,10,2,2,0,302,0,0
35380,48,7,1,1,0,1323,1,1
10018,59,4,1,2,0,2020,0,1
2375,32,4,2,2,1,-3,1,0
34923,47,0,1,0,0,31,1,0
43536,46,0,0,0,0,429,1,0
39785,58,4,1,2,0,2764,0,0
25110,49,4,2,2,0,1093,1,0
8869,24,9,2,1,0,681,1,0
33346,35,7,2,1,0,-291,1,0
4261,35,9,1,3,0,208,1,0
28169,60,5,0,0,0,-79,1,1
51,48,4,0,2,0,-244,1,0
18383,56,2,0,2,0,3846,0,0
38125,30,4,2,2,0,872,1,0
2855,41,1,1,1,0,-68,1,0
43798,29,8,2,2,0,459,0,0
37144,24,8,2,1,0,493,1,0
17410,34,4,1,2,0,436,0,1
4653,36,7,2,1,0,774,1,0
36279,53,1,1,1,0,-102,1,0
19864,47,1,1,0,0,17,0,0
12946,47,1,1,1,1,-594,1,1
25592,41,0,2,1,0,621,1,0
41732,53,3,1,0,0,0,0,0
19922,31,4,2,2,0,37,0,0
8043,57,5,1,0,1,-1480,1,0
44130,50,2,0,2,0,315,0,0
8256,29,9,2,2,0,2998,0,0
38732,32,1,2,1,0,217,1,0
44979,24,8,2,1,0,1809,0,0
3823,58,5,1,0,0,269,1,0
20200,35,9,1,1,0,0,0,0
3451,47,0,0,0,0,357,1,1
39847,26,4,2,2,0,1623,0,0
7516,26,7,0,1,0,1600,1,1
5968,53,1,1,1,0,974,1,0
9038,40,1,1,1,0,6536,0,0
7788,35,4,2,2,0,0,1,0
4875,38,7,2,0,0,471,1,0
26066,35,6,2,1,0,951,1,0
3590,42,1,1,0,0,1742,1,0
5027,38,4,1,2,0,126,1,0
12622,59,3,1,0,0,153,0,0
41771,51,2,0,2,0,2109,0,0
12278,53,3,1,0,0,0,0,0
17622,43,11,1,0,0,2113,0,0
37875,25,7,2,1,0,216,1,0
34410,48,7,1,1,0,288,1,0
36330,40,7,1,1,0,695,1,0
5482,36,7,1,1,0,387,1,0
28243,26,1,2,0,0,941,0,0
40652,45,4,1,2,0,6945,0,0
7190,52,6,1,1,0,-488,1,0
12581,57,9,1,1,0,253,0,1
480,51,1,1,0,0,1127,1,0
34413,33,4,2,2,0,1373,1,0
13142,26,7,2,1,1,74,0,0
39518,39,7,1,1,0,1179,0,0
19870,45,9,1,1,0,581,0,0
6681,33,9,1,2,0,525,1,1
8152,52,4,1,1,0,218,1,0
34465,32,4,2,2,0,112,1,0
13737,28,1,2,1,0,475,0,0
17245,43,1,2,0,0,-399,0,1
41038,37,4,1,2,0,1276,0,0
27435,47,4,1,2,0,7708,1,0
8511,31,0,2,0,0,-263,1,0
10621,39,4,1,1,0,2198,0,0
14767,51,1,1,0,0,-11,0,0
3466,46,2,1,3,0,676,1,1
34673,45,0,2,1,0,341,1,1
656,41,7,1,3,0,4,0,0
28583,27,0,1,1,0,102,1,0
41841,75,5,1,1,0,3771,0,0
7255,31,9,1,2,0,8,0,0
29034,42,2,1,1,0,46,0,0
40740,27,0,2,1,0,80,0,0
7721,44,0,1,1,0,734,1,0
35323,53,0,2,0,0,0,1,0
9561,35,1,1,1,0,594,1,0
20282,37,4,2,1,0,24,1,1
39071,34,1,2,3,0,-90,1,0
26722,37,4,1,2,0,9895,1,0
8324,33,9,2,2,0,5234,0,0
37316,33,7,1,1,0,210,1,0
15003,52,9,1,1,0,272,0,1
27482,53,6,2,1,0,186,0,0
17451,32,0,1,1,0,48,1,0
3044,51,10,1,1,0,425,1,0
11563,48,7,0,0,0,-110,0,1
14675,40,4,1,2,0,-37,0,1
18164,40,1,1,1,0,384,0,1
14373,35,7,2,1,0,417,1,0
15717,49,6,1,2,0,503,1,0
8148,59,0,0,1,0,3304,1,0
19264,35,9,1,2,0,118,0,0
9031,42,1,0,1,0,1037,0,0
12844,27,9,1,1,0,-428,0,0
5833,34,0,2,1,0,66,1,0
36222,48,0,0,1,0,1282,1,0
15860,41,4,2,2,0,1253,0,0
7706,45,0,1,1,0,820,1,0
44909,39,9,1,2,0,386,0,0
11190,55,1,1,0,0,761,0,0
19427,42,4,1,2,0,60,0,0
25366,38,9,1,1,0,958,1,0
44620,69,9,1,1,0,2661,0,0
17318,32,7,1,1,0,-173,1,0
12194,58,0,2,1,0,247,0,1
1426,32,4,1,2,0,644,1,1
34502,41,10,1,1,0,0,1,1
4937,32,9,2,2,0,0,1,0
29373,58,5,0,1,0,8266,1,0
16801,42,1,1,1,0,0,1,0
33811,72,5,1,0,0,796,0,0
37714,48,1,1,0,0,214,1,1
180,31,7,1,2,0,37,1,0
24309,47,1,1,1,0,410,1,1
2572,54,9,0,1,0,51,1,0
40041,33,9,2,1,0,781,1,0
41556,32,4,2,2,0,2,1,0
33091,30,4,2,1,0,161,1,0
29684,44,1,0,3,0,284,0,0
20280,49,7,1,1,0,653,0,0
13853,37,0,2,1,0,-261,0,1
30565,53,3,2,0,0,80,0,0
2268,48,9,0,1,0,40,0,0
16120,29,9,2,1,0,-247,0,1
19515,57,5,1,1,0,283,0,0
30948,37,4,1,2,0,784,1,0
22533,59,0,1,1,0,1575,1,0
36545,41,1,1,0,0,194,1,0
7441,47,1,1,1,0,0,1,0
10953,55,2,1,1,0,5838,0,0
32331,29,0,1,1,0,2121,0,0
33487,45,0,1,3,0,13562,1,0
13761,38,1,1,1,0,137,0,0
31295,30,4,2,2,0,4808,0,0
21456,46,1,1,0,0,2653,0,0
22052,50,1,1,0,0,8000,1,0
39551,25,8,2,1,0,715,0,0
24436,45,0,0,1,0,0,1,0
24153,40,4,2,1,0,9916,0,0
42355,51,0,1,1,0,1216,0,0
24502,43,6,1,1,0,634,1,0
36644,41,1,1,1,0,10,1,0
40904,58,7,0,1,0,462,0,0
17161,52,4,2,2,0,4,0,1
27003,35,1,2,0,0,2040,0,0
5275,35,7,0,1,0,394,1,0
39200,32,4,1,2,0,1041,1,0
35329,57,6,1,2,0,192,1,0
25419,36,3,1,1,0,205,1,0
45175,38,2,2,1,0,2543,0,0
8624,34,0,2,1,0,1254,0,0
9593,58,5,1,1,0,2836,0,0
2636,31,7,1,1,0,413,1,0
39373,31,4,2,2,0,12607,0,0
10665,57,9,0,1,0,145,0,1
22015,54,11,1,3,0,390,0,0
31567,56,5,1,1,0,3948,0,0
20542,31,4,2,2,0,86,0,0
11085,38,4,2,2,0,0,0,0
4786,32,1,1,0,0,-457,1,1
41619,19,8,2,3,0,179,0,0
2565,46,1,0,0,0,274,1,0
2696,41,7,1,1,0,108,1,1
3420,47,1,1,1,0,3237,1,0
24993,51,9,1,1,0,532,1,1
40898,36,4,2,2,0,7252,0,0
19130,43,6,2,2,0,2169,0,0
24486,42,2,1,2,0,373,0,0
3234,46,4,2,1,0,244,1,0
21237,58,3,1,1,0,519,0,0
3377,46,1,2,0,0,87,0,0
19379,36,4,2,2,0,900,0,0
32237,42,1,1,0,0,244,1,0
18501,36,0,1,1,0,470,1,0
30575,33,0,0,1,0,420,1,0
25010,47,2,1,2,0,0,0,0
11267,59,0,1,1,0,479,0,0
4807,35,2,2,2,0,-15,1,0
2962,46,1,1,1,0,33,1,0
42720,30,9,2,1,0,323,0,0
29808,40,7,1,1,0,293,0,0
40335,31,9,2,2,0,1527,1,0
5361,56,1,1,0,0,246,1,0
18217,53,1,1,1,0,2047,0,0
18326,50,9,1,1,0,1518,0,1
5224,33,9,2,2,0,594,1,1
909,43,6,1,0,0,66,1,0
29772,56,1,1,0,0,115,0,0
10433,42,10,1,1,0,583,1,0
11853,38,7,1,1,0,293,0,0
2426,26,0,2,1,0,92,1,0
23214,40,4,1,2,0,105,1,1
36109,30,8,2,1,0,948,1,0
30945,60,9,1,1,0,21,0,0
23523,42,4,2,2,0,1608,0,0
27046,45,1,1,1,0,243,0,0
33038,32,1,1,0,0,1504,1,0
15528,33,1,1,1,0,137,0,1
12216,45,9,1,1,0,3492,1,1
31796,52,7,1,0,0,821,1,1
27659,44,10,1,1,0,0,0,0
30636,41,1,0,1,0,351,1,0
40475,60,3,1,0,0,11904,0,0
6326,31,0,1,1,0,3052,1,1
7518,44,9,1,1,0,378,1,0
33787,32,0,2,1,0,314,0,1
14261,49,4,1,2,0,176,1,1
7098,41,4,1,2,0,615,1,0
38724,33,1,2,0,0,577,1,0
7630,49,0,1,1,0,-209,0,0
9152,38,0,1,1,0,4458,1,0
40117,60,5,1,0,0,55,0,0
14392,27,0,1,1,0,639,0,1
31817,58,1,1,0,0,189,1,0
27966,60,5,1,0,0,1369,0,1
9104,43,1,2,1,0,318,1,0
22582,30,7,1,1,0,475,0,0
10334,53,6,1,2,0,4397,1,0
5708,32,7,1,1,0,241,1,0
9543,44,9,0,2,0,9192,1,0
22528,40,9,1,2,0,1207,0,0
18470,45,1,1,0,0,-455,1,1
1931,33,1,2,1,0,328,1,0
38735,33,0,2,2,0,701,1,0
26155,31,4,1,2,0,1224,1,1
37904,42,7,1,0,0,248,1,0
21554,46,1,1,0,0,687,0,0
4866,36,4,1,2,0,849,1,1
41233,27,4,2,2,0,377,0,0
35060,37,9,1,1,0,1345,1,0
22939,41,4,1,2,0,2251,0,0
39128,36,0,2,1,0,319,1,0
23278,57,9,1,1,0,104,0,0
25791,47,1,1,1,0,538,0,1
6162,30,2,2,0,0,0,1,1
27431,57,9,0,1,0,2352,1,0
1265,34,1,1,1,0,80,1,1
11158,58,5,0,0,0,97,0,0
21538,32,4,1,2,0,0,0,0
34224,40,1,1,0,0,-388,1,0
38744,38,4,0,2,0,4335,1,0
11137,26,0,1,1,0,416,1,1
41471,27,2,1,2,0,1991,0,1
23728,43,9,0,2,0,0,0,0
42008,69,5,0,1,0,4572,0,0
34111,49,0,2,3,0,1226,0,0
33202,29,0,2,1,0,127,1,1
34563,28,6,1,2,0,112,1,1
38985,38,2,2,2,1,-38,1,0
33623,42,1,1,1,0,-150,1,0
41257,77,5,1,0,0,680,0,0
5847,31,1,0,1,0,-452,1,0
44842,31,8,2,1,0,0,0,0
32174,31,0,2,1,0,430,1,0
25053,38,4,1,2,0,193,0,0
21191,36,9,1,1,0,-393,0,0
9674,40,2,1,2,0,1953,1,0
17966,45,2,1,1,0,-479,1,0
14085,51,6,2,2,0,0,1,0
22703,46,1,1,1,0,519,1,0
19069,59,11,1,3,0,1541,0,0
8687,42,4,1,2,0,-409,0,0
27224,42,9,2,1,0,716,1,0
1318,36,1,1,1,0,0,0,0
845,33,1,1,0,0,716,1,0
1272,30,4,2,2,0,5956,1,0
43590,41,6,1,2,0,0,1,0
23188,51,7,1,3,0,3413,0,0
7050,44,9,0,1,0,-357,1,1
43154,74,5,1,0,0,1413,0,0
43828,39,9,1,2,0,108,0,0
24117,27,4,2,2,0,185,0,0
17291,29,1,1,0,0,-382,1,0
3702,42,0,0,1,0,153,1,0
12574,38,4,1,1,0,93,0,0
19263,46,4,1,2,0,765,0,0
8873,52,1,2,1,0,510,1,0
31460,26,0,2,1,0,274,0,0
10836,46,11,1,2,0,5837,0,0
30483,28,1,2,1,0,438,1,0
43124,38,1,2,1,0,711,1,0
16403,33,6,2,0,0,4443,0,0
38648,57,5,1,1,1,32,1,0
26636,37,10,1,1,0,459,0,0
9901,39,3,1,0,0,267,0,0
123,43,7,1,1,0,41,1,1
20580,54,1,1,0,0,1849,0,0
45144,60,0,0,1,0,683,0,0
21750,46,1,1,1,0,1109,1,0
35160,53,1,1,0,0,0,1,1
40609,25,4,2,2,0,219,0,0
12495,27,9,2,1,0,158,0,0
21258,46,1,1,1,0,5,0,0
21855,37,4,1,2,0,0,0,0
6033,37,4,1,2,0,23,1,0
12650,29,7,2,0,0,339,0,0
34980,37,10,1,1,0,4969,1,0
9049,58,2,1,2,0,853,0,0
16082,39,4,1,2,0,-124,0,1
4063,54,7,1,1,0,2431,1,0
39136,32,1,1,0,0,-454,1,1
36970,28,9,2,1,0,100,1,0
17620,54,1,1,0,0,1390,0,0
35467,34,10,0,2,1,530,1,0
6996,33,0,1,2,0,957,1,0
29398,37,1,1,0,0,643,1,1
16094,26,9,2,1,0,-525,1,1
40166,41,10,2,0,0,216,0,0
19558,36,4,1,2,0,170,0,0
34441,25,0,2,1,0,0,1,0
6123,48,1,1,1,0,653,1,0
16659,35,1,1,1,0,218,1,0
20003,33,9,2,2,0,6127,0,0
7094,24,8,2,1,0,1919,1,0
27154,56,2,1,2,0,16125,0,0
14220,44,4,1,1,1,0,1,0
12385,54,9,0,1,0,255,1,0
12328,49,9,0,1,0,-53,1,1
19016,39,4,1,2,0,1069,0,0
35918,36,9,2,2,0,251,1,0
16713,29,9,2,1,0,428,1,0
39511,28,4,1,1,0,466,1,0
36139,60,7,0,1,0,1608,1,0
7237,39,6,1,0,0,185,1,0
6276,31,1,1,1,0,66,0,0
36973,33,4,1,2,0,331,1,0
19428,32,4,1,2,0,71,0,0
22349,35,6,1,1,0,573,1,1
31419,38,0,1,2,0,1988,0,0
37660,23,1,1,1,0,0,1,0
36464,37,0,0,1,0,3975,1,0
28480,40,9,1,1,0,56,1,1
10363,54,9,1,3,0,2564,0,0
40830,29,0,1,2,0,238,0,0
14339,44,1,0,1,0,272,1,0
40862,32,9,1,1,0,484,1,0
8847,45,7,1,1,0,0,0,0
7475,40,4,1,1,0,1576,1,1
24351,49,0,1,1,0,12226,1,0
18249,57,1,0,1,0,644,0,1
683,49,0,1,1,0,82,1,0
40631,30,6,1,2,0,2666,0,0
24104,39,1,2,3,0,3912,1,0
31602,47,4,1,1,0,-521,1,0
13877,39,7,1,1,0,54,1,0
2365,32,10,1,1,1,2,1,0
27675,30,7,1,1,0,9531,0,0
4169,26,9,2,1,0,3,1,0
27167,40,9,1,1,0,372,1,0
11306,60,2,1,0,0,0,0,0
14995,37,1,1,1,0,-26,0,0
23926,54,1,1,0,0,1059,0,0
42231,28,6,2,2,0,805,0,0
3408,30,1,1,0,0,124,1,0
8802,29,9,1,1,0,0,1,0
42634,21,8,2,1,0,2488,0,0
30742,34,0,1,2,0,457,0,0
905,35,4,1,2,0,267,1,0
20406,32,9,1,1,0,1568,0,0
8627,31,0,2,1,0,678,1,0
5817,51,1,1,0,0,21,0,0
17980,45,1,1,1,0,3,0,1
2765,31,1,1,1,0,369,1,1
16985,47,4,1,0,0,2793,1,0
780,30,0,1,1,0,4,0,0
40414,45,4,1,2,0,1309,0,0
27496,46,9,1,1,0,410,0,1
11984,44,2,0,1,0,456,0,0
40388,33,3,2,1,0,1363,0,0
6977,37,7,2,2,0,223,1,0
35369,27,8,2,2,0,37,1,0
35048,41,4,1,2,0,2470,1,0
12934,37,0,1,1,0,147,1,0
36819,42,1,1,0,0,-407,1,1
31820,32,0,2,1,0,5,1,1
22256,42,9,2,1,0,25,1,0
19454,34,4,0,1,0,291,0,0
25249,39,0,2,1,0,720,1,0
24676,44,4,1,2,0,724,1,0
4986,33,9,2,1,0,296,1,0
20156,45,9,1,1,0,1395,1,0
27786,37,4,1,2,0,-76,1,0
22739,49,3,1,1,0,905,0,0
981,30,9,2,1,0,102,1,0
25896,53,9,1,1,0,2052,1,0
8092,37,1,1,0,0,3574,1,0
23499,31,4,1,2,0,-6,0,0
45099,30,4,2,2,0,985,1,0
39828,58,9,1,2,0,883,0,0
44009,39,9,2,2,0,393,0,0
26919,30,4,2,2,0,20580,1,0
18442,46,7,1,1,0,998,1,0
20873,30,4,1,1,0,877,1,1
19353,31,4,1,2,0,8279,0,0
2823,40,0,1,1,0,153,1,0
31725,33,1,1,0,0,1064,1,0
1240,34,1,2,0,0,0,1,0
28343,33,7,1,1,0,108,1,0
15802,35,2,2,1,0,475,0,1
38627,36,7,1,1,0,-74,1,0
8980,40,1,1,0,1,11,1,1
19410,55,2,1,2,0,41923,0,0
24683,44,1,1,1,0,0,1,0
35780,32,1,1,1,0,0,1,0
22736,45,6,1,1,0,-124,0,0
37127,45,9,0,2,0,378,1,1
14327,45,1,2,1,0,91,0,1
14295,53,4,1,3,0,876,1,0
41342,22,8,2,1,0,1564,0,0
19266,37,3,1,1,0,1863,0,0
40246,34,4,2,2,0,1741,1,0
25556,37,7,2,1,0,50,0,0
26842,59,5,1,1,0,1896,0,0
24129,31,4,1,2,0,1331,0,0
3988,36,1,1,1,0,513,1,0
31059,36,0,2,2,0,635,0,0
1742,39,1,2,1,0,217,1,0
9567,53,9,1,0,0,44,0,0
8397,30,0,1,1,0,457,1,0
34143,39,4,1,2,0,0,0,0
25582,54,0,1,1,0,3136,1,0
8658,57,5,1,3,0,316,1,0
22327,47,0,1,1,0,29,0,1
34074,31,7,2,2,0,620,0,0
41120,67,5,1,3,0,696,0,0
33910,26,8,2,1,0,480,0,0
44295,61,6,1,2,0,10861,0,0
36927,49,7,1,1,0,271,1,1
34984,32,4,2,2,0,-248,1,1
15287,54,9,2,2,0,467,1,0
1268,40,1,2,1,0,1,1,0
41726,68,5,1,0,0,2398,0,0
17329,33,2,1,2,0,407,1,0
25629,39,1,1,0,0,800,1,0
7228,39,1,1,0,0,-388,1,0
36102,31,6,1,2,1,147,1,0
38667,32,1,1,1,0,9714,1,0
39348,31,1,2,1,0,1124,1,0
7343,60,9,0,2,0,1900,1,0
22396,31,4,2,2,0,10215,0,0
10297,38,1,0,0,0,0,0,0
25311,35,9,1,2,0,14232,1,0
27074,36,10,2,0,0,1729,0,0
8968,41,4,1,2,0,5,0,0
43446,71,5,0,1,0,3104,0,0
21490,56,5,1,0,0,63,0,0
25504,33,4,1,2,0,3696,0,0
37510,32,7,1,2,0,4908,0,1
27436,49,4,1,2,0,22520,0,0
20204,34,9,0,1,0,259,0,0
5327,28,9,2,2,0,370,1,0
25733,46,7,1,1,0,2420,0,0
12986,40,1,1,0,1,-23,0,1
26865,44,9,1,2,0,4580,1,0
9077,39,7,1,1,0,-119,0,1
34418,29,1,1,0,0,6,1,0
35877,43,1,1,0,0,361,1,0
42727,92,5,1,3,0,775,0,0
14099,41,9,0,1,0,1499,0,1
12223,46,0,1,3,0,2115,1,0
39214,32,9,2,2,0,2684,1,0
6347,37,2,2,2,0,-274,1,1
1007,41,1,1,3,0,225,1,0
28867,26,4,2,2,0,800,1,0
26379,30,1,1,1,0,2289,1,1
42325,75,5,1,2,0,6027,0,0
33925,30,9,1,2,0,606,1,0
26024,56,9,2,1,0,751,1,0
32002,52,1,1,1,0,543,1,0
35078,35,4,1,2,0,991,1,0
16855,54,5,1,1,0,1371,0,0
14240,55,7,0,1,0,935,0,0
19509,39,4,1,2,0,1572,0,0
13409,46,2,1,1,0,118,1,0
11244,47,10,1,0,0,0,0,0
22588,47,1,1,1,0,4709,0,0
27343,57,4,1,2,0,24498,0,0
33875,35,0,2,2,0,62,0,1
31047,22,8,2,1,0,381,0,0
27524,32,9,2,2,0,392,1,0
41144,64,5,1,1,0,4083,0,0
10174,40,1,2,0,0,1780,0,1
30919,26,8,2,1,0,477,0,0
26688,30,7,2,1,0,370,0,0
34682,42,1,1,1,0,2152,1,0
42189,40,4,1,2,0,0,0,0
29109,27,8,2,1,0,1411,0,0
12304,40,1,0,3,0,0,0,1
36867,32,9,2,1,0,0,1,0
22717,34,9,1,1,0,545,1,0
25936,49,1,1,0,0,6429,0,0
15104,58,0,1,1,0,1813,1,0
33829,44,4,1,2,0,167,0,0
4022,38,1,1,0,0,-326,1,0
22547,32,4,1,2,0,263,0,0
12433,44,0,1,1,1,0,0,1
30531,43,1,1,1,0,-19,1,0
31897,42,9,1,1,0,488,0,0
190,51,5,1,1,0,2127,1,0
6891,40,9,1,1,0,-312,1,0
11731,31,1,1,0,0,224,1,0
29156,40,9,1,1,0,504,1,0
40176,25,9,2,2,0,1693,0,0
7269,30,1,1,0,0,1127,1,0
10126,36,6,1,2,0,2517,0,0
34770,58,4,1,2,0,0,1,1
1370,28,0,0,1,0,785,1,0
29425,33,4,1,2,0,0,0,0
4210,43,4,1,1,0,3196,1,1
37818,46,1,1,1,0,312,1,0
13422,41,9,1,1,0,351,1,0
8686,34,7,2,0,0,654,0,0
8302,37,0,0,1,0,673,1,0
10658,43,7,0,3,0,159,0,0
20122,48,1,1,0,0,476,0,0
33557,41,1,1,0,0,449,1,0
23509,41,9,1,1,0,801,0,0
3220,42,10,1,2,0,1270,1,0
12648,45,1,0,0,0,8,0,1
30273,30,1,2,0,0,105,1,0
12520,45,9,0,3,1,-25,0,1
29920,27,6,2,2,0,451,0,0
28810,53,7,0,2,0,329,0,0
44776,22,8,2,1,0,224,0,0
12978,48,6,1,1,0,252,0,0
2928,45,1,1,0,0,1691,1,0
1914,25,0,2,1,0,61,1,0
43016,34,4,2,2,0,13014,0,0
42127,35,0,0,1,0,1224,1,0
12653,48,1,0,0,0,19,0,1
34830,26,1,2,1,0,0,1,0
24445,43,9,1,1,0,536,1,0
9570,49,2,0,1,0,2908,0,0
5141,31,0,2,1,0,5527,1,0
22336,45,9,2,2,0,0,0,0
27072,52,1,2,0,0,1837,1,0
12300,46,9,0,1,0,129,0,0
13714,40,4,1,3,0,419,1,0
30059,54,1,1,1,0,688,1,0
29269,26,1,2,1,0,494,0,0
24194,41,4,1,2,0,7028,0,0
42592,29,7,2,1,0,814,0,0
5099,40,10,2,1,0,1744,1,0
2457,43,1,1,3,0,24,1,0
1021,48,9,1,1,0,-500,1,0
29508,65,5,1,2,0,1153,0,0
15732,30,4,1,2,0,1185,1,0
40893,34,4,2,2,0,48,1,0
1048,51,4,1,0,0,98,1,0
9478,55,7,0,0,0,653,0,0
1284,31,9,2,2,0,1798,1,0
31936,25,4,2,2,0,565,1,0
36826,36,9,2,1,0,75,1,0
14565,29,3,1,0,0,0,1,0
5035,34,7,1,1,0,603,1,1
10112,51,0,2,3,0,196,0,0
3767,40,0,2,1,0,739,1,0
31583,42,2,1,2,0,2249,1,0
24680,42,1,1,3,0,452,1,0
30436,37,10,1,1,0,629,1,0
40603,58,3,1,0,0,4605,0,0
3392,53,1,1,1,0,136,1,0
22210,32,9,2,2,0,0,0,0
16226,29,9,2,1,0,-522,1,1
5230,34,4,2,2,0,0,1,0
7294,36,1,1,1,0,959,1,0
13439,40,1,1,0,0,665,1,0
20996,43,4,1,2,0,244,0,0
4724,35,1,2,1,0,275,1,0
17310,31,9,1,1,0,17,1,0
31986,31,2,0,1,0,290,1,0
9535,58,3,1,0,0,935,1,0
5991,33,0,2,1,0,4436,1,0
23961,56,4,1,2,0,665,0,0
11551,57,9,1,1,0,461,1,0
34431,45,4,1,0,0,4758,1,0
16180,31,1,1,1,0,1981,1,0
16164,43,1,2,0,0,189,0,1
14146,38,7,1,1,0,0,1,1
38830,35,4,2,2,0,331,1,0
38101,40,6,1,2,0,252,1,0
33582,55,0,1,1,0,499,1,1
35829,45,1,1,1,0,247,1,0
10461,35,1,1,0,0,4924,0,0
24108,42,9,0,1,0,314,1,0
44663,25,8,2,1,0,2975,0,0
25254,36,9,0,1,0,5957,1,0
7808,51,5,1,0,0,752,1,0
38629,27,1,2,0,0,-179,1,0
20395,34,9,2,2,0,1039,0,0
14239,49,1,1,0,0,2356,0,1
24741,56,4,1,1,0,0,0,0
14219,29,0,1,1,0,93,1,1
41621,47,0,1,1,0,2601,0,0
24196,37,9,1,1,0,421,1,1
32482,35,1,2,1,0,74,1,0
27018,33,4,0,2,0,47,0,0
32115,30,7,1,1,0,292,1,1
24629,55,2,1,1,0,653,1,0
8727,34,7,2,1,0,258,1,0
9798,57,3,1,0,0,0,0,0
13105,33,0,2,2,0,621,0,0
16614,41,4,1,2,0,0,1,0
35811,47,7,1,1,0,759,1,0
39882,39,0,2,1,0,782,1,0
44940,22,0,2,1,0,372,0,0
45152,61,3,1,0,0,182,0,0
12859,34,1,1,0,0,69,0,0
3483,59,4,1,2,0,2319,1,0
29617,27,0,1,1,0,-401,1,1
14956,47,9,2,1,0,80,1,0
40716,49,0,1,1,0,5361,0,0
9840,60,3,0,0,0,1190,0,0
12334,52,0,1,1,0,192,0,1
18310,35,1,0,0,0,1792,1,0
18234,33,4,1,2,0,89,1,0
33653,47,0,1,1,0,1265,1,1
19989,38,4,1,2,0,484,1,0
8192,39,9,2,1,0,122,1,0
26884,32,0,2,1,0,739,1,0
3233,49,7,0,1,0,3649,1,1
12299,47,7,1,1,0,-835,1,1
4026,30,1,1,1,0,68,1,1
31871,41,7,1,1,0,803,1,0
40525,39,4,1,2,0,198,0,0
14112,43,0,1,0,0,392,1,1
22448,32,6,1,2,0,3601,0,0
22978,54,9,1,2,0,446,0,0
31690,31,4,1,1,0,625,1,0
10347,50,1,1,0,0,260,1,0
12177,35,1,0,1,1,-12,0,1
29670,56,4,1,2,0,2366,1,1
25542,32,2,1,2,0,964,1,0
40222,25,9,2,2,0,3630,0,0
21990,46,4,1,2,0,110,1,1
19660,35,9,2,2,0,632,0,0
16963,53,7,1,1,0,1364,0,0
39712,58,3,1,1,0,196,0,1
39070,31,1,2,0,0,2369,1,0
41762,31,0,1,2,0,80,1,1
21493,60,5,1,1,1,0,0,0
21001,35,4,2,1,0,1189,0,1
17154,34,9,2,2,0,2047,1,0
34533,30,1,1,1,0,203,1,0
27990,33,9,2,1,0,0,1,0
35567,32,7,2,1,0,1274,1,0
27728,28,0,2,1,0,6100,0,0
14222,53,0,0,3,0,257,0,0
16878,37,9,2,2,0,2642,1,0
1083,31,1,1,0,0,251,1,0
33186,35,1,1,1,0,365,1,1
32540,38,0,2,1,0,245,1,1
355,31,0,2,1,0,12,1,0
37646,38,9,2,2,0,744,1,0
39858,36,10,2,1,0,851,0,0
43519,58,2,1,1,0,496,0,0
22650,57,5,1,0,0,3518,1,0
37465,46,7,0,1,0,2268,1,0
15561,48,9,1,1,0,1152,1,0
35086,32,0,1,1,1,-166,1,0
12374,57,3,1,0,0,85,0,0
36805,50,4,1,2,0,126,1,0
5634,46,0,1,1,0,-143,1,0
23646,45,1,1,0,0,377,0,0
33248,50,0,1,1,0,335,1,0
6301,34,7,1,1,0,0,0,0
2950,41,7,0,1,1,-198,0,1
10396,43,4,0,2,0,1052,0,0
27015,43,4,1,2,0,0,0,0
7971,41,7,1,1,0,-141,1,1
33812,36,0,1,1,0,0,1,0
28720,29,1,2,1,0,202,0,0
41758,77,5,1,0,0,989,0,0
29997,48,4,2,1,0,7,0,0
43002,48,2,2,1,0,315,0,0
23002,59,4,0,2,0,3096,0,0
6758,26,0,2,2,0,-164,1,0
22706,42,4,2,2,0,0,0,0
39153,30,9,1,1,0,33,1,0
39825,57,5,0,0,0,698,0,0
40174,48,3,1,1,0,3570,0,0
6374,46,4,1,2,0,1285,1,0
38352,46,1,1,1,0,51,1,0
17803,49,1,0,0,0,0,1,0
20137,60,5,1,0,0,115,0,0
37868,37,4,1,2,0,8821,1,0
31542,24,8,2,0,0,1283,0,0
21445,30,4,2,1,0,209,0,0
23988,31,9,2,1,0,0,0,0
43615,33,7,1,1,0,1697,0,0
21593,30,6,1,2,0,1596,1,0
33394,28,8,2,1,0,39,1,0
12441,49,0,1,1,0,2062,0,0
6281,44,9,0,1,0,1196,1,0
44108,69,5,1,1,0,2473,0,0
17022,36,7,0,1,0,-194,0,0
37785,43,9,2,2,0,275,1,0
23221,35,9,2,1,0,344,0,0
30639,36,3,1,0,0,-125,0,1
31412,29,1,1,0,0,201,1,0
42697,42,9,1,1,0,994,1,0
43848,51,4,1,2,0,176,1,1
17901,40,1,1,0,0,1073,0,0
38138,23,0,2,1,0,738,1,0
21367,32,9,2,1,0,82,0,0
20691,41,4,2,2,0,416,1,0
5449,27,7,2,1,0,430,1,0
28530,33,1,1,0,0,902,1,0
24654,49,9,1,1,0,652,0,0
44571,29,9,2,1,0,113,0,0
34402,32,1,0,1,0,3027,0,0
4366,45,1,1,1,0,1345,1,0
14856,45,4,1,2,0,96,1,0
21031,30,7,2,2,0,719,0,1
10746,38,2,1,1,0,-272,0,1
13913,25,1,2,1,0,1243,0,1
17947,53,2,2,3,0,717,0,0
34764,39,0,1,1,0,1101,1,0
23583,42,9,1,1,0,1013,0,1
44134,25,4,2,2,0,380,0,0
15433,49,4,0,2,0,169,0,0
31574,41,9,2,1,0,-41,1,1
34567,42,4,1,2,0,3718,1,0
41560,46,4,1,2,0,7331,0,0
8245,28,7,1,1,0,3019,0,0
40089,37,9,1,2,0,549,0,0
1744,27,4,2,2,0,118,1,0
3422,46,1,1,1,0,84,1,0
26742,41,1,1,0,0,-52,1,1
35717,36,7,1,1,0,-182,1,1
24278,30,4,1,2,0,5381,0,0
5762,36,5,2,1,0,101,1,1
31847,26,1,1,1,0,352,1,0
11801,56,4,1,1,0,3164,0,0
35506,27,1,2,1,1,-717,1,1
43525,76,5,0,0,0,2693,0,0
8386,29,9,2,2,0,2893,1,0
42649,54,4,0,2,0,496,0,0
18172,46,2,1,1,0,4000,0,0
32126,49,1,1,0,0,3915,1,0
29409,36,4,1,2,0,806,1,0
15404,48,9,1,2,0,2392,1,0
39291,35,7,1,1,0,0,1,0
5316,30,4,2,2,0,136,1,0
42000,59,3,1,1,0,0,0,0
4128,28,9,2,1,0,213,1,0
13414,30,6,1,2,0,5,1,1
24199,37,6,1,1,0,8230,1,0
35042,35,2,1,2,0,355,1,0
18897,48,10,1,1,0,1218,0,0
40325,49,4,1,2,0,4200,1,0
8963,44,4,1,2,0,7454,0,0
17670,51,1,1,0,0,620,1,1
19592,45,6,1,0,0,1288,0,0
29290,31,9,1,1,0,671,0,0
8312,59,1,1,1,0,104,1,0
4157,20,1,1,0,0,-172,1,1
34852,34,9,1,1,0,134,1,0
35936,39,7,1,1,0,0,1,0
35150,54,1,1,0,0,-864,1,0
9678,54,6,0,2,0,3952,0,0
12949,50,6,0,2,0,387,0,0
41958,43,9,2,3,0,11115,0,0
7567,56,7,0,3,0,1877,1,0
7250,47,1,1,1,0,812,1,0
20971,39,9,1,1,0,5574,0,0
7789,32,0,0,1,0,-19,1,0
25851,31,7,1,1,0,593,1,0
44902,69,0,1,1,0,813,0,0
23742,47,1,1,0,0,3440,0,0
622,40,9,1,1,0,109,1,0
30796,47,1,0,0,0,1279,1,0
1680,32,9,2,2,0,190,1,1
2654,43,1,1,0,0,2047,1,0
20707,52,9,1,1,0,1076,1,0
15140,35,1,1,0,0,-35,1,0
3172,56,7,1,1,0,1121,1,0
18354,52,5,0,0,0,353,0,0
16344,26,0,2,1,0,8,0,0
22187,50,1,1,0,0,533,0,0
44328,33,1,1,1,0,0,1,0
33666,34,7,1,1,0,305,1,0
42420,58,0,2,1,0,2223,0,0
27380,39,2,1,1,0,0,0,0
40353,50,4,1,2,0,5108,1,0
10114,38,6,2,1,1,0,0,0
31477,27,9,2,2,0,393,0,0
11116,60,5,1,0,0,0,0,0
28410,28,4,2,2,0,278,0,1
10839,60,5,2,2,0,568,0,0
4539,32,1,1,1,0,489,1,0
38157,52,1,0,0,0,-100,1,0
25574,30,0,1,1,0,521,1,0
18716,58,1,0,0,0,8218,1,0
12139,44,9,0,3,0,1823,0,0
41468,34,4,2,2,0,268,0,0
16571,45,9,1,1,0,1415,1,0
20339,34,9,2,1,0,4676,0,0
11922,56,1,0,0,0,0,0,0
19093,45,4,1,2,0,-642,0,0
44794,88,5,1,1,0,433,0,0
11702,43,10,1,0,0,519,0,0
7334,27,4,2,2,0,12956,1,0
25469,50,3,0,1,0,0,0,0
34642,27,2,2,2,0,2159,1,0
26708,54,4,0,2,0,6410,0,0
10643,58,2,1,1,0,2,0,0
40908,33,1,2,1,0,498,0,0
19147,56,5,1,1,0,388,1,0
39233,27,2,1,1,0,97,1,1
11295,49,1,1,0,0,1050,1,0
29616,44,0,1,1,0,497,1,0
44985,29,0,1,1,0,535,0,0
19521,58,5,0,1,0,312,0,0
18537,49,2,0,0,1,-736,0,0
31841,54,2,1,2,0,1063,1,0
31535,53,1,1,0,0,1409,1,0
4624,36,2,1,1,0,134,0,0
1062,30,9,0,2,0,-317,1,0
13434,30,4,1,2,0,0,1,0
39158,27,9,1,1,0,267,1,0
18216,43,0,1,1,0,378,0,0
7733,24,9,2,1,0,278,1,0
11638,49,1,1,0,0,226,1,0
21517,48,11,1,3,0,3,0,0
37766,36,4,1,1,0,1825,1,0
19799,31,9,2,2,0,6,0,0
1670,32,7,1,1,0,2068,1,1
24264,49,4,1,2,0,64,0,0
29523,59,5,0,1,0,514,0,0
20870,32,4,2,2,0,90,0,0
38228,34,3,0,1,0,787,1,0
5718,32,0,1,1,0,86,1,0
29911,45,4,0,0,0,274,0,1
21371,52,4,1,2,0,3732,0,0
6417,41,1,1,1,0,153,1,0
11309,40,1,0,3,0,2357,0,0
14003,29,1,2,1,0,482,0,1
1631,44,9,2,1,0,1059,1,0
39584,41,4,1,2,0,3769,1,0
43443,29,4,2,2,0,502,0,0
26723,34,9,0,1,0,558,0,0
32848,34,9,2,1,0,264,1,0
15650,30,9,0,1,0,0,0,0
12623,36,9,1,0,0,0,0,0
23686,54,0,1,1,0,111,0,0
24908,58,5,1,1,0,14412,0,0
32919,40,1,1,1,0,679,1,0
10505,51,4,1,1,0,2216,1,1
44961,48,0,1,1,0,368,0,0
38653,33,0,2,1,0,5,1,0
29500,38,9,0,1,0,902,1,0
39174,30,0,2,1,0,3068,1,0
2579,44,4,1,2,0,126,1,0
28195,39,4,0,2,0,547,1,0
17825,34,9,1,2,0,477,0,0
27901,50,0,1,0,0,495,0,0
25825,34,4,0,2,0,0,1,0
3992,56,1,1,0,0,8318,1,0
19234,32,9,1,1,0,0,0,0
39358,28,0,2,1,0,0,1,1
28794,37,1,2,1,0,5742,1,1
5205,27,7,2,1,0,259,1,0
20163,39,9,1,2,0,-276,0,1
3960,35,1,2,1,0,88,1,0
39465,26,8,2,2,0,5741,0,0
36562,39,7,1,1,0,25,1,1
38656,30,0,1,2,0,-750,0,0
26592,43,6,1,1,0,5704,1,0
3022,25,7,2,1,0,192,1,0
43026,21,8,2,1,0,123,0,0
15589,42,7,2,1,0,182,0,1
10059,48,7,1,1,0,11516,0,0
35004,34,6,1,0,0,252,1,1
25286,44,4,1,2,0,13853,1,0
37842,35,9,1,2,0,4,1,0
5011,28,10,1,1,0,858,1,0
1129,29,7,1,0,0,321,1,0
21817,50,1,1,3,0,452,0,0
36334,43,1,1,0,0,1579,1,0
11972,36,0,1,1,0,976,0,0
23213,38,4,1,2,0,3724,1,0
36728,32,1,1,1,0,1787,1,0
43907,24,8,2,3,0,358,0,0
23736,59,5,1,0,0,1425,1,0
27526,59,4,1,3,0,3534,0,0
17225,59,0,1,1,0,373,1,1
30259,42,1,2,0,0,1628,1,0
44537,41,0,1,1,0,2498,0,0
10304,45,1,1,0,0,714,0,0
6413,45,0,0,1,0,1126,1,0
37281,36,1,2,1,1,-1157,1,0
3163,40,6,1,0,0,422,1,0
26189,54,2,0,2,0,20527,0,0
27092,58,10,1,2,0,183,0,0
37638,40,7,1,1,0,438,1,0
24931,32,4,1,2,0,258,1,1
20250,41,4,0,2,0,4495,1,0
19834,41,6,1,1,0,0,0,0
8508,31,9,1,2,1,859,1,0
42853,52,1,1,1,0,955,0,1
40267,56,5,1,1,0,-1206,1,0
2997,42,1,1,0,0,329,1,0
33647,28,9,2,2,0,230,1,0
6345,53,1,1,0,0,1715,1,1
3678,40,0,1,1,0,2,1,0
30394,58,5,2,1,0,-158,1,0
41986,58,1,1,1,0,3027,1,0
16714,37,0,1,1,0,352,1,0
8978,46,7,1,1,0,198,0,1
11770,57,9,1,1,0,0,0,0
9690,35,7,1,1,0,193,0,1
36896,31,8,2,1,0,241,1,0
29549,29,4,1,2,0,877,0,0
38677,34,4,2,2,0,1012,1,1
37336,33,1,2,0,0,863,1,0
35185,31,4,2,2,0,874,1,0
31267,29,0,2,1,0,873,0,0
14618,31,1,1,1,0,-112,0,1
32712,57,1,1,0,0,93,1,0
34206,33,4,2,2,0,417,1,0
32118,28,9,2,2,0,0,1,0
22698,32,9,1,1,0,79,1,0
25586,48,4,1,2,0,5057,0,1
39133,25,7,2,1,0,-371,1,0
32106,43,7,1,0,0,2557,1,0
39447,47,9,1,1,0,0,1,0
21621,60,5,1,0,0,600,0,0
7216,46,9,1,1,0,1307,1,0
26625,39,4,0,1,0,4314,1,0
3428,41,4,2,2,0,1278,1,0
42339,42,4,1,2,0,2187,1,0
20152,44,9,1,1,0,1879,1,0
7256,35,7,2,1,0,918,1,0
40108,40,0,2,1,0,985,1,0
8082,32,9,1,1,0,696,1,0
35614,29,9,2,1,0,281,1,0
13896,46,10,1,2,0,0,1,0
3130,49,1,1,0,0,0,0,0
19172,30,4,2,2,0,552,1,0
28259,35,7,1,1,0,1385,1,0
44256,27,0,1,2,0,2855,0,0
38004,35,1,1,0,0,2212,1,0
43967,30,1,2,1,0,315,0,0
2758,50,0,1,1,0,1917,1,0
27889,42,3,2,1,0,578,0,0
43114,35,4,2,2,0,747,0,0
8133,30,0,1,1,0,667,1,0
31400,24,8,2,1,0,1250,0,0
4542,35,6,2,1,0,271,1,0
14697,38,1,2,1,0,340,0,1
44176,34,9,2,2,0,2733,0,0
42710,61,5,1,1,0,86,0,0
39812,53,0,1,1,0,2851,0,1
38397,31,8,1,1,0,147,1,0
26003,46,9,0,1,0,111,1,0
39193,23,1,2,1,0,668,1,0
6998,32,4,2,2,0,1493,1,0
31989,41,0,1,1,0,5110,1,0
44150,29,6,2,2,0,1579,0,0
36208,35,0,1,0,0,189,1,0
18369,42,0,0,1,0,490,0,0
27498,34,9,1,3,0,863,0,0
28148,53,7,1,3,0,164,0,0
11010,52,7,1,2,0,2801,1,1
6721,28,1,2,1,0,1,0,0
44839,26,4,2,2,0,1,0,0
22006,41,3,1,1,0,304,0,0
29983,37,10,2,2,0,1032,0,0
15221,56,3,0,0,0,864,0,0
9623,25,9,2,1,0,2704,1,0
6278,25,1,2,1,0,2354,0,1
26428,31,9,1,1,0,54,0,0
7315,35,1,2,1,0,219,1,1
40742,27,9,2,2,0,290,0,0
522,52,0,1,1,0,484,1,0
15356,31,4,2,2,0,3142,1,0
1500,41,9,1,1,0,64,1,1
35063,30,7,2,1,0,346,1,0
9302,47,0,1,1,0,407,1,0
9493,32,7,0,1,0,5267,1,0
24687,53,4,0,2,0,627,1,0
12766,52,5,1,2,0,493,0,0
25947,36,0,2,2,0,2622,0,0
8880,29,0,2,1,0,130,0,0
27588,31,9,2,2,0,967,0,0
27453,55,9,1,3,0,4746,1,0
25432,31,6,2,1,0,202,1,0
3321,58,5,1,2,0,2577,1,1
41382,48,4,0,2,0,17964,1,0
469,44,6,1,2,0,292,1,0
5374,31,4,2,2,0,-1206,1,0
3936,42,1,1,1,0,351,1,0
6425,31,9,1,1,0,-360,1,0
39919,29,7,1,1,0,399,0,0
7054,32,9,2,1,0,1210,1,1
27706,30,1,2,2,0,4127,1,0
27091,30,9,1,1,0,455,1,0
31266,41,4,2,2,0,203,0,0
27977,47,9,1,1,0,487,0,0
6015,32,1,1,0,0,5151,1,1
12900,52,1,1,0,0,9444,0,0
8545,30,2,2,2,0,-63,1,0
10692,53,6,1,2,0,2627,1,1
12154,58,1,1,0,0,1231,0,0
11743,48,2,0,2,0,0,1,1
30308,29,10,2,1,0,1562,1,0
25350,51,4,0,2,0,1937,1,0
15202,57,0,1,0,0,215,1,1
28045,32,6,1,2,0,1918,0,0
37228,49,2,1,0,0,282,1,1
23684,53,4,0,2,0,15,0,0
9836,58,6,0,2,0,1382,0,0
15827,41,2,1,1,0,187,0,1
40189,36,4,1,2,0,361,0,0
13186,36,7,1,1,0,30,0,1
11265,58,4,1,2,0,2729,0,0
28695,28,6,2,1,0,242,1,0
34617,44,1,2,0,0,38,1,0
32957,40,9,1,1,0,96,1,1
24627,54,4,1,2,0,3795,1,1
17012,39,9,1,1,0,-709,1,0
3240,60,5,0,1,0,2479,1,1
20097,34,9,1,1,0,50,0,0
39703,36,4,1,2,0,217,0,0
11834,47,7,1,1,0,1111,0,0
21805,53,4,1,2,0,75,0,0
10940,32,7,2,1,0,914,1,0
31684,31,1,2,1,0,823,1,1
14191,49,9,1,1,0,0,1,0
45034,33,4,2,2,0,718,1,0
6056,48,1,1,1,0,1631,1,0
22507,59,3,1,0,0,57,0,0
18906,45,10,1,0,0,2,0,0
37865,25,0,2,1,0,248,1,0
31915,34,1,1,1,0,1235,1,1
24994,36,1,1,0,0,871,1,1
9713,41,9,1,1,0,1297,0,0
37100,58,1,1,1,0,6004,1,0
2818,52,1,2,1,0,1541,1,0
18619,50,1,1,0,0,235,0,0
8247,44,1,0,0,1,-119,1,0
22643,33,4,1,2,0,52,0,0
16724,25,8,2,1,0,1747,1,0
37396,37,7,2,2,0,72,1,0
27062,31,2,2,1,0,159,1,0
3968,37,0,1,1,0,281,1,0
36302,50,2,1,0,0,199,0,0
32270,56,1,2,1,0,6483,1,0
24112,35,1,2,1,0,3623,0,0
12324,52,7,1,1,0,-1,0,1
21219,30,4,2,2,0,44,0,0
475,40,1,1,0,0,668,1,0
26386,52,1,0,0,0,0,0,0
28226,28,0,1,1,0,-97,1,0
31830,33,1,1,1,0,370,1,0
42707,46,0,2,1,0,1693,1,0
33439,36,1,1,1,0,204,1,0
14681,53,9,0,1,0,0,1,1
5517,54,1,1,0,0,-239,1,0
38373,32,1,1,1,0,2,1,0
41147,55,9,1,1,0,1938,0,1
32908,28,1,2,1,0,1106,1,0
15921,38,1,1,1,0,56,1,0
21957,42,3,1,0,0,145,0,0
26693,52,3,1,0,0,1466,0,1
15885,31,3,1,1,0,3902,1,0
39884,53,0,1,1,0,109,0,0
35239,33,6,2,2,0,544,1,0
40776,33,9,1,1,0,218,1,1
22282,30,4,1,2,0,0,0,0
2099,28,1,2,1,1,-871,1,0
43390,26,4,2,2,0,3,1,1
13800,30,9,2,2,0,91,1,1
8223,35,7,1,2,0,0,1,0
7512,54,1,1,3,0,6251,1,0
615,39,4,1,2,0,2877,1,0
31821,50,4,1,3,0,5043,1,1
12570,51,1,2,0,0,60,0,0
16696,35,9,2,1,0,1001,0,1
22839,32,9,2,1,0,309,1,1
11712,53,10,1,1,0,2057,1,0
5535,40,7,2,1,1,-306,1,0
10279,53,6,0,2,0,1841,0,0
24698,56,7,1,1,0,1150,0,1
44426,38,7,1,1,0,4017,0,0
32328,32,1,2,0,0,528,1,0
6751,25,6,2,1,0,1242,1,0
26504,53,1,1,0,0,421,1,0
15694,56,5,1,1,0,334,0,0
11430,40,7,1,1,0,1358,0,0
20774,60,3,1,3,0,2769,0,0
14421,37,9,1,1,0,1328,1,0
39911,41,9,1,1,0,1602,1,0
6118,49,6,1,0,0,489,1,0
23832,51,1,1,0,0,462,1,0
8610,40,4,2,2,0,1845,1,0
9894,37,11,1,3,0,1699,0,0
37682,48,1,0,0,0,194,1,0
20569,30,4,1,2,0,1567,1,0
25526,41,4,1,2,0,1495,1,0
21609,39,3,1,0,0,0,1,0
14152,37,2,1,2,0,986,0,0
16895,50,0,0,1,0,556,1,0
12725,53,4,0,2,0,243,1,0
43709,32,8,2,3,0,376,0,0
23548,46,4,1,2,0,-3,0,0
35809,41,1,1,0,0,0,1,0
5532,49,1,1,0,0,23,1,0
15181,54,9,1,0,0,-1818,1,0
11654,41,9,0,3,0,143,0,0
28543,34,9,1,2,0,297,1,0
44421,60,3,1,1,0,0,0,0
8058,30,4,1,2,0,732,1,0
33905,28,4,2,2,0,320,1,0
19207,42,4,1,2,0,0,0,0
28664,34,4,1,2,0,-422,1,0
35989,55,1,1,1,0,1569,1,0
18608,53,4,0,1,0,2215,1,1
37398,22,4,2,2,0,374,1,0
13109,27,7,2,1,0,87,0,0
14136,58,3,0,0,0,0,0,0
5667,41,1,0,0,0,320,1,0
25299,40,4,1,2,0,132,1,1
7613,45,3,0,0,0,413,1,0
42711,62,5,1,1,0,243,0,0
22862,45,1,1,0,0,179,0,0
23442,47,9,1,1,0,65,0,0
35142,34,1,1,1,0,0,1,1
34185,29,8,2,1,0,1854,0,0
13851,37,1,1,1,0,563,1,0
44644,18,8,2,3,0,438,0,0
43987,46,1,1,0,0,67,0,0
7944,36,4,1,2,0,2609,1,0
9257,39,0,1,1,0,1595,1,0
4018,46,7,1,1,0,271,1,0
2044,46,6,1,2,0,-80,1,0
44659,35,9,1,1,0,294,1,0
31666,44,1,1,1,0,647,1,0
3515,58,1,1,0,0,3501,1,0
23114,36,4,1,2,0,23,0,0
20751,45,4,1,2,0,324,0,0
32984,32,1,1,0,0,77,1,0
30105,56,10,2,0,0,1110,0,0
10856,38,0,1,1,0,505,1,1
17986,52,4,1,2,0,0,1,0
13934,34,4,1,1,0,5127,0,1
28019,26,7,2,1,0,1095,0,0
28641,37,4,2,2,0,-70,0,1
8822,29,1,1,1,0,-8,1,1
27579,47,6,1,2,0,3072,0,0
20006,36,9,1,2,0,4388,0,0
16136,50,9,0,1,0,-556,1,1
44156,38,6,0,2,0,6447,0,0
15342,34,1,2,1,0,4963,1,0
6021,26,7,2,1,0,901,1,0
8064,31,1,1,1,0,-45,1,0
9095,42,10,1,1,0,202,0,0
4749,30,9,0,1,0,4,1,0
36461,56,7,0,1,0,141,1,0
4010,42,1,1,1,0,388,1,1
31353,22,8,2,1,0,2139,0,0
6512,30,4,2,2,0,0,1,1
19765,58,4,1,2,0,648,0,0
16448,44,7,1,1,0,1106,1,0
34834,26,0,2,1,0,96,0,0
6219,24,0,2,1,0,-507,1,0
26081,59,5,1,1,0,17769,0,0
28888,32,0,2,1,0,1465,0,0
33680,38,7,1,1,0,2669,1,0
32279,48,9,1,2,0,-251,0,0
39391,59,4,1,2,0,2239,0,0
29102,36,1,2,1,0,50,0,0
658,29,0,1,1,0,-150,1,0
97,60,5,1,2,0,81,1,0
43778,27,9,2,2,0,2781,1,0
14420,39,7,1,1,0,1068,1,0
17015,39,3,1,1,0,42,1,0
11964,37,4,2,3,0,146,1,0
32213,35,4,2,2,0,1350,1,0
26583,31,2,2,1,0,0,1,0
7144,43,4,1,3,0,5172,1,0
9139,46,1,1,0,0,5164,1,0
35951,52,1,1,0,0,863,0,0
41227,65,5,1,1,0,2326,0,1
29984,34,2,1,3,0,98,0,1
23315,58,5,1,3,0,911,0,0
35641,31,4,1,2,0,-181,1,0
17905,42,9,2,1,0,746,0,0
25255,50,4,1,2,0,2570,0,0
6913,51,7,0,1,0,-245,1,1
13030,33,4,1,2,0,-139,0,0
42604,55,0,1,1,0,1633,0,0
43603,49,0,1,1,0,0,0,0
13370,32,4,2,2,0,611,1,1
24611,51,1,1,1,0,1414,1,0
21783,58,1,1,1,0,72,0,0
16200,34,1,1,1,1,-7,1,0
32359,50,1,1,0,0,180,1,0
12776,51,9,1,1,0,1327,0,0
1752,46,9,0,1,0,164,1,0
19145,30,9,1,1,0,66,0,1
673,29,1,1,1,0,43,1,0
11217,45,4,0,2,0,959,0,0
19525,52,4,1,2,0,0,0,0
14774,33,7,1,1,0,346,1,0
29950,28,0,1,1,0,568,1,0
7619,54,4,0,2,0,129,1,0
29775,36,1,1,1,0,0,0,0
7563,50,4,1,2,0,11528,1,0
3263,58,9,1,1,0,5618,1,0
7161,42,1,1,0,0,984,1,0
1787,32,4,1,2,0,0,0,0
42827,65,5,1,2,0,1973,0,0
25584,57,2,1,2,0,1828,1,0
40548,25,0,2,1,0,302,0,0
36075,45,1,1,1,0,746,1,0
39854,53,4,1,3,0,2240,1,0
15686,31,1,1,0,0,-537,1,1
624,30,9,1,1,0,484,1,0
44809,49,9,1,2,0,1071,0,0
26002,42,2,0,1,0,3780,1,0
10561,56,5,1,2,0,3708,0,0
22913,44,1,1,1,0,268,0,0
14454,52,0,1,0,0,0,1,0
12550,30,4,2,2,0,0,0,1
15444,34,4,2,2,0,99,0,0
32003,36,0,2,1,0,587,1,0
30063,57,9,0,1,0,285,0,0
6613,30,1,1,1,0,363,1,0
27925,29,9,1,2,0,4557,0,0
24033,37,4,2,2,0,3452,1,0
5426,47,7,1,1,0,382,1,0
34629,32,0,0,1,0,-273,1,0
4027,53,9,0,2,0,647,1,0
39909,56,4,0,2,0,659,0,1
38774,47,9,0,1,0,22,0,0
19043,52,9,1,2,0,0,0,1
44773,31,4,2,2,0,147,0,0
34009,37,4,1,2,0,630,0,0
30851,27,1,2,1,0,539,1,0
18602,58,4,1,2,0,0,0,0
24455,41,4,1,1,0,71,1,0
38585,25,7,1,1,0,806,1,1
40637,41,4,1,2,0,2487,0,0
27117,52,4,1,2,0,6873,1,0
13519,37,1,1,3,0,0,1,0
31720,39,1,2,0,0,581,1,0
30878,48,4,1,2,1,0,0,1
20876,51,1,1,0,0,3754,0,1
32829,46,4,2,2,0,1631,1,0
6683,27,7,2,1,0,54,1,0
40790,57,5,1,1,0,4365,0,0
1667,41,10,1,1,0,121,1,0
1535,48,1,1,0,0,2642,1,0
41019,30,4,2,2,0,499,1,0
29550,28,9,2,1,0,122,0,0
31115,57,5,0,0,0,720,0,0
14748,52,0,1,1,0,82,1,1
10151,37,1,2,0,0,914,0,0
12901,35,4,2,2,0,14,0,0
4629,43,4,1,2,0,1825,1,0
30906,30,0,1,1,0,2174,1,0
21858,40,0,2,2,0,27,0,0
35222,37,4,0,2,0,641,1,0
30210,53,0,1,1,0,264,1,0
13203,46,1,0,0,0,2775,0,1
29725,33,9,2,2,0,461,1,0
19049,59,4,2,2,0,7668,0,0
2287,32,9,0,1,0,1097,1,0
37514,38,1,1,0,0,4406,1,0
19354,44,4,1,2,0,22,1,0
4583,32,9,1,1,0,11697,1,0
23053,37,4,2,2,0,9,0,0
27457,51,10,1,1,0,74,0,1
10970,40,4,1,1,0,106,0,0
35058,52,4,0,2,0,1988,1,0
1678,34,1,1,1,0,286,1,0
4441,36,4,1,2,0,860,1,0
9505,41,0,0,1,0,762,1,0
22940,37,9,1,1,0,1578,0,1
1581,34,1,1,0,0,298,1,0
25428,50,9,1,1,0,31,1,0
23694,30,9,1,1,0,42,0,0
24821,48,9,1,1,0,6376,1,0
14950,44,9,1,1,0,106,1,0
41052,47,10,1,1,0,926,0,0
3381,60,5,1,0,0,751,1,0
2424,29,1,2,1,0,783,1,0
10160,50,1,1,2,0,676,0,0
34218,42,0,2,1,0,1451,1,0
8219,35,1,1,1,0,1949,1,0
7220,51,9,1,1,0,2402,1,0
37658,43,1,2,1,0,592,1,0
23488,44,2,1,2,0,3463,1,1
19923,55,4,1,2,0,171,1,0
21680,34,4,2,2,0,-292,1,0
22796,51,1,1,0,0,7134,0,0
9682,36,9,1,1,0,5521,0,0
4552,39,0,0,1,0,-607,1,0
29374,46,9,1,1,0,1028,1,0
18158,42,7,1,3,0,1340,0,1
2469,32,9,1,2,0,463,1,0
38316,26,9,2,2,0,-67,1,0
43341,54,4,1,1,0,2693,0,0
43311,61,5,1,1,0,5196,0,0
10935,48,7,1,1,0,7434,0,0
13113,40,7,1,0,0,-45,0,1
42931,23,0,2,2,0,897,1,0
9304,53,1,1,0,0,0,1,0
29890,26,8,2,1,0,334,0,0
23865,32,9,1,1,0,444,0,0
23411,56,9,1,1,0,4073,0,0
38389,33,7,1,1,0,624,1,0
20082,46,4,0,2,0,1297,0,0
42031,38,9,2,2,0,1727,0,0
32531,34,7,1,1,0,210,1,1
20135,30,2,1,2,0,5,0,0
11705,56,2,0,0,0,3,0,0
32373,37,9,1,1,0,0,1,0
41390,36,4,1,2,0,1113,0,0
24495,41,4,1,0,0,5310,1,0
19627,48,1,1,1,0,1791,0,0
40224,31,1,0,1,0,15187,0,0
31225,35,0,1,1,0,-85,0,0
18927,43,9,1,2,0,610,0,0
24212,56,4,1,2,0,6798,1,0
21682,39,4,1,2,0,88,0,0
41948,29,9,2,2,0,2178,0,0
36707,32,9,1,1,0,91,1,0
34525,41,2,1,2,0,121,1,0
3316,44,1,2,1,0,641,0,0
29509,50,2,1,2,0,2442,0,0
38603,43,7,0,1,0,7816,1,0
37992,38,1,0,0,0,-258,1,0
26678,52,6,1,1,0,3720,0,0
41280,49,9,1,1,0,3466,1,0
28341,53,9,1,1,0,-46,0,0
35027,37,4,1,2,0,0,1,0
2342,32,1,1,1,0,-428,1,0
29213,53,0,0,1,0,372,0,1
577,47,9,1,1,0,19,1,0
37537,34,4,1,2,0,186,1,0
16239,27,7,1,1,0,2526,1,0
11510,55,3,1,0,0,2152,0,0
23405,33,9,1,2,0,148,0,0
39699,25,0,2,1,0,425,0,0
4308,49,2,1,2,0,320,1,1
10473,37,1,1,1,0,1053,0,0
8399,27,4,2,2,0,450,1,0
6296,29,1,1,1,0,975,1,0
38719,42,1,1,0,0,-336,1,0
39321,26,0,2,1,0,483,1,0
6522,45,9,0,1,0,0,1,0
28619,28,9,2,1,0,8,1,0
6928,34,1,1,1,0,-58,1,1
44361,80,5,1,1,0,173,0,0
22810,48,1,1,0,0,193,0,1
17367,38,0,1,1,0,337,0,0
37124,42,1,1,1,0,2157,1,0
22155,33,9,1,2,0,15,0,0
785,42,4,0,2,0,221,1,0
18956,52,4,1,2,0,7192,0,0
23242,35,4,2,2,0,362,0,0
11307,38,6,1,1,0,29125,0,0
33268,39,7,1,1,0,18,1,1
3652,45,1,1,3,0,110,1,0
18378,40,1,2,1,0,1953,0,0
16747,36,4,1,2,0,268,1,1
38981,25,9,2,1,0,7103,1,0
11097,46,1,1,0,0,557,0,0
1361,41,7,1,1,0,205,1,0
16676,44,1,1,1,0,3348,0,1
1964,34,1,1,1,0,6411,1,1
15916,60,3,0,1,0,555,1,0
28032,55,4,1,3,0,559,0,0
31381,30,4,2,2,0,2,0,0
20531,49,4,1,2,0,350,0,0
15397,33,9,2,2,0,81,0,0
1712,37,7,2,1,0,253,1,1
30750,29,9,2,2,0,195,1,1
43206,32,4,1,2,0,2667,1,0
40329,35,0,1,1,0,557,1,0
37143,45,2,1,0,0,58,1,0
40350,28,6,2,2,0,442,0,0
23804,45,6,1,0,0,373,0,0
11543,52,5,1,1,0,1282,0,0
38803,30,7,2,1,0,0,1,0
15547,40,2,1,1,0,1238,1,0
29309,40,2,0,1,0,1247,1,0
36702,39,4,1,2,0,266,1,1
16360,43,6,1,1,0,1239,1,1
31109,29,7,1,1,0,1135,1,0
37778,39,0,0,1,0,1089,1,0
17322,52,7,1,3,0,482,1,1
18519,56,11,1,3,0,33,0,0
42871,55,4,0,2,0,2037,0,0
32356,45,3,1,0,0,3512,0,0
28678,36,6,2,2,0,583,0,0
17830,48,4,2,2,0,906,1,0
4393,55,9,0,1,0,0,1,0
38527,42,0,0,1,0,241,1,0
16608,38,1,2,0,1,-129,1,0
32357,43,4,1,2,0,240,1,0
3275,34,3,1,0,0,87,1,0
16820,33,2,1,1,0,-122,0,0
21971,50,2,0,2,0,101,0,0
28185,33,4,0,2,0,893,1,0
5922,39,2,1,1,0,283,1,0
29144,34,10,0,2,0,182,1,0
29274,57,4,1,1,0,123,0,0
38325,30,9,1,1,0,-206,1,1
28325,37,9,1,2,0,183,1,0
9774,49,4,0,1,0,-46,1,0
30530,34,2,1,2,0,1076,1,0
39840,47,4,1,2,0,2351,0,0
38717,27,8,2,2,0,4869,1,0
12455,54,0,1,1,0,9,0,1
768,29,8,2,1,0,110,1,0
40727,33,7,1,1,0,1076,0,0
38943,36,4,2,2,0,1496,1,0
35364,25,0,2,1,0,122,1,0
38087,52,4,1,2,0,751,0,0
23498,57,1,1,3,0,3196,0,0
25420,45,1,1,1,0,17,1,0
25912,52,6,0,1,0,1291,1,0
23318,30,4,2,2,0,2,0,0
3043,58,1,1,0,0,1406,1,0
26507,44,4,2,2,0,3812,0,0
15204,54,1,1,0,0,1298,0,0
464,36,7,2,0,0,58,1,0
33336,56,7,1,1,0,159,1,0
499,37,9,2,1,0,17,1,0
10010,41,4,2,2,0,1113,1,1
34294,33,1,1,0,0,5151,1,1
2988,57,9,1,1,0,3240,1,0
18348,51,2,1,3,0,3404,0,0
12683,36,7,1,1,0,-27,1,1
6467,41,9,1,2,0,725,1,1
21140,59,5,0,2,0,-134,0,0
16006,40,4,1,2,0,268,1,0
34869,45,4,0,1,0,0,1,0
25611,49,4,1,1,0,1623,1,0
39058,32,0,2,1,0,3950,1,0
36468,38,1,2,0,0,0,1,0
34591,33,0,1,1,0,258,1,0
25879,59,5,1,0,0,741,0,0
26391,34,2,0,2,0,262,0,0
24273,43,4,1,2,0,0,1,0
42268,71,5,1,0,0,2600,0,0
10154,56,1,1,1,0,1210,0,0
22245,33,9,0,1,0,557,1,0
33541,39,1,1,1,0,535,1,0
1349,58,1,1,0,0,5,0,0
33855,25,9,2,2,0,0,1,0
5639,27,0,1,1,0,3,1,0
21537,49,0,1,2,0,-962,1,0
21633,34,9,1,2,0,5547,1,0
15812,33,9,1,2,0,2690,1,0
14752,36,7,1,1,0,321,1,0
43546,41,0,0,1,0,3823,0,0
21270,39,4,2,2,0,1914,0,0
26922,37,0,2,1,0,1560,1,0
8331,43,1,1,1,0,4309,1,0
10078,36,9,1,2,0,4139,0,0
33106,31,1,1,1,0,2289,1,1
36900,51,7,2,0,0,2499,1,0
35384,53,1,1,1,0,148,1,0
16757,59,9,0,2,0,3331,1,0
3892,43,7,1,0,0,822,1,0
29048,49,1,1,0,0,0,1,0
4842,34,1,1,1,0,528,1,0
4716,34,4,2,2,0,1040,1,0
44635,37,4,1,2,0,1113,0,0
13363,47,1,1,1,0,125,0,0
29393,42,4,1,2,0,11093,0,0
5801,31,1,1,1,0,-110,1,0
26141,38,6,0,1,1,2,0,0
17148,31,2,1,2,0,5156,1,0
40791,55,9,1,2,0,199,0,0
42281,61,5,1,1,0,3114,0,0
11781,57,4,1,2,0,9103,0,1
39533,24,6,2,3,0,1179,0,0
24848,35,2,1,1,0,0,1,0
41421,46,4,1,2,0,1950,0,0
19896,31,4,2,2,0,9506,0,0
19265,37,9,0,1,0,4965,0,0
32249,35,7,2,1,0,1063,1,1
25162,48,10,1,0,0,484,0,0
26223,59,4,0,1,0,1175,1,0
5464,33,9,1,2,0,17455,1,1
1985,30,7,1,1,0,152,1,0
17566,51,0,1,1,0,0,0,0
43188,47,9,1,0,0,235,0,0
34051,29,9,2,1,0,674,0,0
11041,52,9,1,1,0,1490,0,1
33961,31,4,1,2,0,1331,0,0
23341,41,9,1,1,0,417,0,0
40741,37,0,1,1,0,250,1,0
31305,43,9,1,1,0,1358,0,0
15238,27,7,1,1,0,0,1,0
34976,29,0,2,1,0,266,1,0
6090,49,4,1,1,0,6758,1,1
25941,38,4,1,2,0,5432,1,1
39824,58,4,1,0,0,1727,0,0
12377,58,7,1,0,0,65,0,0
3574,44,9,0,1,0,809,1,0
13923,32,7,0,1,0,264,0,0
22472,39,9,1,1,0,13165,1,1
20831,36,4,2,2,0,0,0,0
35002,26,1,2,0,0,-295,1,0
25794,45,9,0,1,0,1066,1,1
16557,35,9,0,1,0,0,0,0
25179,41,4,1,2,0,25,0,0
14230,45,0,1,1,0,-388,1,0
8591,33,10,2,3,0,170,1,0
25451,35,4,0,2,0,808,0,0
29721,58,2,2,2,1,6162,0,1
341,43,4,0,1,0,693,1,0
34792,36,0,1,1,0,788,1,0
44539,51,1,1,1,0,2007,1,0
24997,34,9,2,1,0,18777,1,0
38265,32,1,2,1,0,2597,1,0
34546,26,9,1,1,0,18,1,1
23269,34,4,2,2,0,127,0,0
25677,30,10,2,2,0,1622,0,0
20745,36,4,0,2,0,59,0,0
10707,35,7,1,3,0,2,0,0
35303,39,9,2,1,0,14,1,0
15026,36,4,1,2,0,-633,1,0
39524,27,8,2,1,0,253,0,0
22535,33,2,1,1,0,5809,1,0
33597,43,1,1,1,0,2374,0,0
29460,41,4,2,2,0,572,1,0
3973,32,9,2,2,0,192,1,0
2972,45,1,1,1,0,141,1,1
37536,35,7,1,1,0,1417,1,0
23989,42,9,1,3,0,-401,1,0
9004,48,1,1,0,0,257,1,0
43545,60,3,1,0,0,182,0,0
12744,45,4,1,2,0,1447,1,1
40345,34,4,1,2,0,2374,1,1
3646,58,4,0,2,0,1533,0,0
43116,40,1,2,0,0,118,0,0
34219,24,8,2,3,0,0,0,0
27439,32,4,0,2,0,874,0,0
17489,46,0,1,1,0,-42,0,1
37836,46,1,0,1,0,1074,1,0
28557,26,7,2,1,0,335,0,0
24974,48,9,1,2,0,0,0,1
25373,44,1,0,1,0,-184,1,0
39085,30,1,1,1,0,-135,1,0
44035,32,9,0,2,0,3255,0,0
10422,38,10,1,0,0,-363,0,0
11412,56,9,1,2,0,1663,0,0
7589,42,4,1,1,0,1607,1,0
38322,56,9,1,1,0,276,1,0
41025,34,4,2,2,0,1228,0,0
18131,52,4,0,2,0,0,1,1
20598,49,1,1,0,0,1456,0,0
44391,56,7,1,1,0,1989,0,0
20506,53,0,1,1,0,8449,0,0
3051,41,1,1,0,0,410,1,0
27317,44,4,1,1,0,1138,1,0
9866,49,4,1,1,0,0,0,0
15786,37,6,1,1,1,0,0,1
29336,28,4,2,2,0,-328,1,0
1229,36,9,1,1,0,5611,1,0
23036,47,7,1,1,0,612,0,0
3781,46,4,1,2,0,245,1,0
22936,32,9,2,1,0,39,0,0
38085,42,1,1,0,0,191,1,0
41292,40,9,1,1,0,3056,0,0
11444,48,1,1,0,0,343,0,0
22947,54,4,0,2,0,2625,1,0
19485,40,9,1,1,0,1076,0,0
598,48,9,1,2,0,310,0,0
32530,46,1,1,1,0,450,1,0
11771,40,7,1,1,0,5807,1,0
20398,32,4,2,2,0,715,0,0
35922,41,0,1,1,0,549,1,0
42883,51,0,1,1,0,1574,0,0
4242,43,1,1,1,0,1071,1,0
1415,38,1,1,1,0,-210,1,0
13027,42,9,2,2,0,24,0,0
4572,39,1,2,1,0,4286,1,0
16612,51,7,1,1,0,-238,1,0
33266,31,1,1,0,0,2929,1,0
36871,40,7,1,1,0,1836,1,0
32296,49,7,1,1,0,2416,1,0
6073,27,9,1,1,0,639,1,0
33670,32,4,1,2,0,268,1,1
38877,48,4,2,2,0,336,1,0
40243,47,9,0,1,0,1013,0,0
39152,46,2,1,1,0,145,1,0
8070,31,1,1,1,0,3659,0,0
23181,31,9,0,2,0,0,0,0
21404,45,1,1,0,0,47,0,1
1237,55,9,1,3,0,84,1,0
892,31,7,1,2,0,309,1,1
27862,29,0,1,1,0,19,0,0
30604,33,4,0,2,0,387,0,0
31053,33,4,1,2,0,1778,0,0
25795,55,9,1,0,0,938,0,1
14471,39,1,1,1,0,142,0,1
10768,38,9,1,1,0,403,1,1
27258,51,9,2,2,0,11222,1,0
13436,44,4,1,1,0,438,1,0
43923,32,6,2,2,0,46,1,0
14305,30,6,2,1,0,635,0,1
20731,54,5,1,0,0,309,0,0
27725,38,4,1,2,0,0,1,0
4217,51,9,1,3,0,425,1,0
36824,28,1,1,1,0,337,1,0
16290,31,1,1,1,0,79,1,1
32044,36,4,2,1,0,4394,1,0
17437,36,9,1,1,0,-342,1,0
10301,41,7,1,1,0,4283,1,0
45168,62,5,1,2,0,2557,1,0
42033,30,0,2,1,0,914,1,0
10820,55,3,0,0,0,2014,0,0
39727,56,0,1,1,0,1671,0,0
6511,34,1,1,0,0,244,1,0
26065,32,1,1,1,0,0,1,0
17665,48,1,2,0,0,755,1,0
39546,32,7,2,1,0,995,1,0
13103,56,1,1,0,0,175,0,1
18691,30,6,2,2,0,3137,1,0
2118,25,8,2,2,0,641,1,0
37775,53,7,2,1,0,4778,1,0
15821,59,4,1,2,0,1889,0,0
6766,36,9,1,1,0,1731,1,1
43642,67,5,0,1,0,704,0,0
25817,59,5,1,1,0,2291,0,1
24469,51,9,1,1,0,563,1,0
32058,61,6,0,2,0,6,1,0
158,52,1,1,1,0,782,1,0
1708,33,1,1,0,0,329,1,0
40838,81,5,1,0,0,0,0,0
27001,35,9,2,1,0,196,1,0
5032,32,1,1,0,0,885,1,0
37976,38,1,1,1,0,1731,1,1
44373,37,1,2,3,0,871,1,0
16090,33,7,1,1,0,3444,1,0
9442,28,9,2,1,1,-1042,1,0
22027,40,4,1,2,0,526,1,0
25684,32,6,1,2,0,210,1,0
32276,47,0,1,1,0,3480,0,0
23928,30,4,2,2,0,3849,0,0
5050,33,1,1,0,0,754,1,0
3155,49,1,1,0,0,953,1,0
14048,34,1,1,0,0,479,0,0
24859,36,0,0,1,0,454,1,0
33904,43,0,1,2,0,279,1,0
39617,30,6,2,2,0,166,0,0
27821,31,4,2,2,0,581,1,1
18362,52,4,1,2,0,4358,0,0
38993,35,0,2,1,0,57,1,0
7938,59,4,2,2,0,266,1,0
754,37,0,2,1,0,569,1,1
2094,40,7,2,1,0,737,1,0
31103,65,5,1,2,0,2416,0,0
42357,31,4,2,2,0,9421,0,0
44997,33,6,2,2,0,658,1,0
10197,43,2,1,2,0,396,0,0
35248,35,1,2,1,1,-177,1,1
12174,49,4,1,2,0,-190,0,0
10321,54,4,1,2,0,292,0,0
43342,27,4,2,2,0,6791,0,0
12080,38,1,1,1,0,5,0,1
19028,56,9,1,1,0,203,1,0
38436,30,9,1,0,0,95,1,0
9096,42,9,1,1,0,769,0,0
26301,39,1,1,1,0,4777,1,0
43457,80,3,1,1,0,499,0,0
38915,31,1,1,0,0,224,1,0
17351,45,2,1,2,0,219,1,1
12530,51,1,1,1,0,0,0,1
43945,63,5,1,1,0,23047,0,0
8739,42,4,1,2,0,344,1,1
32162,58,1,2,1,0,3612,1,0
41293,64,5,1,3,0,34,0,0
41010,26,9,2,2,0,-67,1,0
38538,52,1,0,0,0,29,1,0
16037,44,4,1,2,0,-199,1,0
17658,44,9,1,1,0,1226,1,1
18936,47,10,1,1,0,123,0,0
21038,41,1,0,1,0,388,0,0
6870,36,4,2,1,0,302,0,0
2022,54,4,1,2,0,154,0,0
17592,56,9,1,1,0,1199,1,1
1151,31,0,0,1,0,53,1,0
16393,49,7,0,0,0,90,0,0
1707,49,6,1,2,0,1842,1,0
39457,35,9,2,1,0,204,1,0
20511,31,4,2,2,0,1836,1,0
13359,34,0,0,1,0,145,0,0
45169,31,4,1,2,0,2994,1,0
22346,42,4,1,1,0,580,0,0
22476,50,4,2,2,0,0,0,0
29388,35,0,1,1,0,220,1,0
10088,35,1,1,0,0,234,0,0
7358,51,4,0,1,0,3348,1,0
36212,42,4,1,1,0,1042,1,0
39331,46,7,1,0,0,116,1,0
22603,51,4,1,2,0,79,0,1
38675,55,9,0,2,0,525,1,0
15874,38,0,1,0,0,-175,1,0
34440,43,9,1,1,0,994,1,1
44262,93,5,1,3,0,775,0,0
36178,48,7,0,1,0,457,1,0
14463,31,9,1,1,0,0,0,0
24100,34,9,1,1,0,1012,1,1
20019,44,9,1,2,0,1707,0,0
40290,45,7,1,3,0,8319,0,0
1872,46,1,1,0,0,1726,1,1
18920,44,10,2,2,0,810,0,0
44211,19,8,2,1,0,302,0,0
20742,33,9,1,1,0,390,0,0
4350,38,4,2,2,0,91,1,0
18917,46,9,1,1,0,487,0,0
39425,28,9,2,1,0,1532,0,0
20344,43,10,1,1,0,223,0,0
12954,47,3,1,1,0,1152,0,0
30617,31,4,2,2,0,12857,1,0
16555,45,1,1,0,0,0,1,0
5272,38,7,1,1,0,435,1,0
23605,42,7,1,1,0,59,0,0
10098,51,5,1,1,0,1435,0,0
17121,46,1,1,0,0,-271,1,0
15631,37,4,1,2,0,-1884,1,0
8885,28,10,1,1,0,655,1,0
12871,39,9,1,1,0,-241,1,1
32786,38,7,1,1,0,507,1,0
37670,48,1,1,1,0,503,1,0
16774,48,1,1,0,0,595,0,0
15058,48,1,1,1,0,1513,0,1
19517,54,4,1,2,0,3395,0,0
21261,51,1,1,1,0,193,0,0
28895,35,0,2,1,0,1721,0,0
12260,43,4,1,2,0,149,1,0
17099,49,0,0,1,0,560,1,0
12808,36,1,1,1,0,537,0,1
23042,48,4,1,2,0,0,1,0
30974,30,4,2,2,0,82,0,0
3179,39,0,1,0,0,-439,1,0
34747,51,2,1,3,0,2396,1,0
2728,28,9,2,1,0,468,1,0
12762,35,6,1,1,0,0,1,0
10162,40,10,0,1,0,0,0,0
19672,31,4,1,2,0,676,0,0
31486,52,0,0,1,0,1256,1,0
26092,31,7,1,1,0,1020,1,0
23435,30,4,2,1,0,7870,1,0
31705,53,1,1,0,0,53,1,0
19222,57,7,1,0,0,53,0,0
40056,42,0,2,1,0,684,0,0
17436,56,7,1,1,0,4763,1,0
15628,42,1,1,0,0,401,1,0
23163,39,4,0,2,0,373,0,0
33594,41,4,1,2,0,8902,1,0
17914,52,1,1,1,0,698,0,0
9723,40,1,1,0,0,676,0,0
27326,59,4,1,2,0,833,1,1
39529,48,4,2,2,0,5689,0,0
20167,40,4,0,2,0,99,0,0
35155,25,7,1,1,0,10,1,0
18846,42,9,1,1,0,0,0,0
44784,28,4,2,2,0,1720,0,0
43202,47,4,1,2,0,0,1,0
39054,25,1,2,1,0,217,1,0
22236,37,4,1,2,0,292,0,0
13130,51,9,1,1,0,564,0,1
39880,28,4,2,3,0,560,0,0
27301,38,0,1,1,0,505,1,1
37141,27,0,2,1,0,456,0,0
3967,40,1,1,1,0,1161,1,1
35640,43,1,1,1,0,0,1,0
17499,44,1,1,1,0,337,1,0
15304,58,1,0,0,0,474,1,1
38456,32,7,1,1,0,3268,0,0
8458,38,1,1,1,0,769,1,0
23283,46,7,1,1,0,236,0,0
26432,59,1,0,1,0,4190,1,0
43134,58,4,1,2,0,4606,0,0
7470,32,4,2,2,0,406,0,0
6773,28,4,1,1,0,292,1,0
39941,40,6,2,2,0,2893,0,0
9037,44,7,1,1,0,382,0,0
572,41,1,2,0,1,-137,1,1
31028,30,10,2,2,0,302,0,0
22681,33,9,2,1,0,161,0,0
35947,56,1,2,0,0,39,1,0
3232,40,7,0,1,0,1927,1,0
20056,34,9,2,2,0,449,0,0
14769,37,9,1,1,0,177,1,0
32716,46,1,1,1,0,229,1,0
30973,42,9,2,1,0,49,0,0
20094,34,9,1,2,0,116,0,0
36855,46,9,1,1,0,3,1,1
22609,32,6,1,2,0,102,0,0
20335,38,9,1,2,0,-3,0,0
5786,26,1,1,1,0,245,1,0
4374,53,4,1,0,0,3544,0,0
31271,31,4,0,2,0,883,1,0
23360,30,4,2,2,0,168,0,0
30080,32,7,1,0,0,218,1,0
999,33,9,2,1,0,56,0,0
14818,32,9,2,1,1,0,0,1
11429,41,9,0,1,0,586,1,0
17031,51,10,1,0,0,1162,1,0
14969,40,1,1,0,0,1206,0,1
32695,48,4,1,2,0,408,1,0
40354,26,4,0,2,0,667,0,0
42352,23,8,2,1,0,922,0,0
31704,33,4,1,2,0,0,1,0
32975,39,7,1,1,0,247,1,0
27097,34,9,2,1,0,27446,1,0
7264,51,2,0,3,0,-57,1,0
36507,41,4,1,2,0,4063,1,0
23919,33,3,1,1,0,230,0,1
5311,22,1,2,1,0,0,1,0
20777,59,4,1,2,1,782,0,1
5586,33,2,1,1,0,1847,1,0
4623,31,8,2,2,0,410,1,0
14408,41,9,1,1,1,-1,0,0
15820,42,7,1,1,0,1301,1,0
7828,38,1,1,0,0,580,1,0
45206,51,9,1,2,0,825,0,0
29810,37,7,1,1,0,895,1,1
4898,31,0,2,1,0,626,1,0
35822,43,7,1,0,0,574,1,0
11427,45,7,0,1,0,1381,0,0
6470,36,1,1,1,0,-190,1,0
15811,29,4,2,2,0,1035,1,0
23037,58,1,1,0,0,0,0,0
3416,39,10,0,1,0,193,1,0
1836,21,8,2,1,0,6,0,0
40237,48,9,1,2,0,58,1,0
35221,32,7,1,1,0,426,1,1
3029,29,4,2,2,0,1952,1,0
16551,31,4,2,2,0,241,1,0
9664,37,4,2,2,0,7179,1,0
47,44,9,1,1,0,0,1,0
39065,24,9,2,2,0,10,1,0
40553,45,10,2,0,0,8725,0,0
890,29,8,2,1,0,872,1,0
18996,42,4,2,1,0,9720,0,0
26194,34,0,2,1,0,296,0,0
5365,56,5,1,1,0,397,1,0
41946,78,5,1,3,0,4807,0,0
41383,63,5,1,3,0,1849,0,0
1434,34,1,1,1,0,199,1,0
23012,47,4,1,1,0,414,0,0
4333,45,1,1,1,0,4111,1,0
35054,54,4,0,2,0,432,1,0
31191,46,9,1,1,0,3434,0,1
37666,29,9,2,1,0,500,1,0
3958,30,9,2,1,0,298,1,0
40505,36,4,2,2,0,4,1,0
31093,25,4,2,2,0,2506,0,0
17833,51,1,1,1,0,1151,1,1
27660,37,1,2,1,0,3111,1,0
20305,38,6,2,2,0,982,0,0
34920,30,1,1,1,0,5903,1,0
34505,26,0,2,2,0,6,1,0
33371,35,0,2,1,0,424,1,0
29019,39,9,1,1,0,186,0,0
16018,28,6,1,2,0,476,0,1
6944,35,6,2,2,0,935,1,0
38380,31,1,2,1,0,184,1,0
9661,36,1,1,0,0,0,1,0
39076,47,1,1,0,0,2269,1,0
23345,51,7,1,1,0,7,0,0
41524,82,11,0,3,0,0,0,0
17613,59,9,1,0,0,309,0,1
28354,30,1,1,1,0,554,1,0
28746,56,4,1,2,0,4,1,1
4378,41,4,1,0,0,2592,1,0
5963,33,1,1,0,0,1050,1,0
29939,37,10,1,0,0,236,1,0
3306,51,4,2,2,0,6510,0,0
41507,40,0,1,1,0,732,0,0
42780,68,5,2,0,0,363,0,0
7850,23,7,2,2,0,363,1,0
32175,50,7,1,1,0,254,1,0
30242,29,7,1,0,0,549,1,0
13446,53,1,1,1,0,-626,1,0
20360,51,1,1,0,0,541,0,0
33488,49,9,1,2,0,2611,0,0
33308,36,2,1,1,0,24,1,0
25041,59,5,1,2,0,538,0,0
13324,37,1,1,1,0,128,1,0
38481,28,9,2,2,0,372,1,1
7016,57,0,0,1,0,-140,1,0
40782,63,5,1,3,0,538,0,0
15025,40,7,1,1,0,518,0,0
44786,68,5,0,0,0,2027,0,0
8252,26,9,2,1,0,2610,1,1
13477,41,0,1,0,0,4488,1,0
19920,32,9,2,1,0,4843,0,0
24472,43,7,0,3,0,2363,1,0
39390,37,7,1,1,0,1543,1,0
16711,34,4,1,2,0,889,1,0
6539,34,9,2,1,0,-476,1,0
41575,40,0,1,1,0,4775,0,0
25111,34,4,1,2,0,-85,0,0
13020,25,1,2,1,0,495,0,0
42519,27,8,2,1,0,538,0,0
908,44,5,1,1,0,7624,0,0
7581,39,6,1,2,0,3246,1,0
30368,34,10,2,1,0,1586,0,0
9455,53,1,1,1,0,0,0,0
32940,35,0,1,1,0,3487,1,0
124,52,9,1,2,0,7,0,1
27398,57,0,0,1,0,6157,0,1
36225,40,4,1,2,0,0,0,0
27446,43,9,1,0,0,201,0,0
31241,58,4,0,1,0,10180,0,0
29685,43,7,1,1,0,-45,1,1
5379,38,1,1,1,0,-40,1,0
38037,35,1,1,1,0,612,1,0
19879,40,9,2,1,0,8259,0,0
38505,48,7,1,1,0,975,1,1
16440,37,0,1,1,0,581,1,1
43458,62,6,0,2,0,6,1,0
5445,30,7,1,1,0,-108,1,0
17384,29,4,2,2,0,91,1,0
36942,37,9,1,1,0,807,1,0
8796,27,0,0,1,0,76,1,0
17623,41,10,1,1,0,510,0,0
8607,43,1,1,0,0,0,1,0
33932,36,4,1,2,0,-547,1,0
1779,33,1,1,1,0,1790,1,1
33506,33,9,1,1,0,4790,1,0
25388,40,4,1,2,0,6008,1,0
23375,56,4,0,2,0,321,0,0
8787,23,1,2,1,0,492,1,0
1811,39,7,1,1,0,304,1,1
812,47,1,1,3,0,733,1,0
44934,47,6,1,2,0,1011,0,0
19502,31,4,2,2,0,424,0,1
30435,27,4,2,2,0,497,0,0
5263,34,9,1,1,0,1464,1,0
7365,33,1,2,3,0,12,1,0
7897,43,7,1,1,0,192,1,1
28892,59,1,1,1,0,2605,0,0
11367,54,4,1,2,0,4112,0,0
22990,54,4,1,2,0,0,0,0
38556,36,0,2,1,0,148,1,0
21395,45,6,1,1,0,0,0,0
1486,35,9,2,1,0,433,1,0
2013,50,7,1,1,0,107,1,0
20585,31,4,2,2,0,350,1,0
23837,31,4,2,2,0,471,0,0
32672,37,4,1,2,0,9269,1,1
8966,35,6,1,2,0,182,0,1
27959,27,9,2,1,0,42,0,0
4401,57,4,1,2,0,0,1,1
11744,57,9,1,1,0,9689,1,0
39823,52,0,2,1,0,-528,1,1
439,35,0,1,1,0,530,1,0
41673,25,4,2,2,0,2140,0,0
20934,40,9,2,1,0,-239,0,0
8415,54,4,2,2,0,0,1,0
40021,30,9,2,1,0,853,0,0
3549,33,4,2,1,1,-174,1,0
13312,54,3,1,0,0,8,0,1
33975,31,1,2,1,0,199,0,0
33850,33,1,2,2,0,3446,1,0
5784,34,0,1,1,0,635,1,0
22773,33,9,1,2,0,463,0,0
41694,57,5,1,1,0,415,0,0
30346,29,10,2,0,0,34,0,0
6310,33,1,1,0,0,-159,1,0
36024,55,4,1,2,0,1402,1,0
19506,33,9,2,1,0,20,1,0
8368,43,1,1,0,0,-872,1,1
3378,41,0,1,0,0,-306,1,0
489,40,1,1,0,0,-66,1,0
42593,51,9,0,2,0,363,1,0
15057,31,9,2,3,0,187,0,0
26689,43,6,1,2,0,6424,0,0
36023,43,2,1,0,0,1318,1,1
5706,37,9,2,1,0,435,1,0
26219,57,4,0,2,0,15062,0,0
40386,54,4,1,2,0,1464,0,0
21699,46,9,1,1,0,966,1,1
8549,25,9,2,1,0,-80,1,1
8722,59,4,0,2,0,1611,1,0
16376,39,9,1,2,0,209,0,0
21115,60,4,1,2,0,759,0,0
9647,28,1,1,1,0,2788,1,0
14053,37,9,0,1,0,0,1,0
7521,44,1,1,1,0,2885,1,0
7402,33,9,1,1,0,1844,1,0
14732,58,5,1,2,0,4048,0,1
30607,35,0,0,1,0,627,1,0
37849,25,8,2,2,0,938,1,0
19304,58,5,1,1,0,13189,0,1
45142,34,0,1,2,0,79,1,0
8188,34,9,2,1,1,264,0,0
6621,26,2,2,1,0,265,1,0
15469,36,7,1,1,0,370,1,1
32330,36,4,1,2,0,753,0,0
2337,25,1,2,0,0,17,1,0
20465,36,4,2,2,0,419,0,0
4263,32,1,2,1,0,476,1,1
32286,37,4,1,2,0,1300,1,0
43527,76,5,1,1,0,820,0,0
21925,45,4,0,2,0,-96,0,1
36271,33,4,0,2,0,-255,1,1
11406,40,6,1,1,0,0,0,0
42798,62,2,1,1,0,3904,0,0
5069,35,1,1,0,0,453,1,0
40282,37,0,2,2,0,1000,1,0
17170,58,9,0,1,0,-147,1,1
20592,47,4,1,2,0,434,0,0
44316,82,3,0,0,0,1381,0,0
12873,33,1,1,1,0,1834,1,0
22748,30,4,1,2,0,42,0,0
8597,25,7,2,1,0,895,1,0
18808,28,10,1,1,0,-42,1,1
12446,44,0,2,2,0,10,0,0
13305,57,1,1,0,0,0,0,0
24990,49,4,1,2,0,0,1,0
26906,44,7,2,1,0,5045,1,0
28158,34,0,2,1,0,673,1,0
6867,51,9,1,1,0,271,1,0
10889,46,11,2,1,0,0,0,0
9466,59,6,1,2,0,10360,0,0
24760,41,9,1,1,0,3275,1,0
14502,35,7,1,1,0,819,1,0
31083,44,0,1,2,0,348,1,1
19941,50,4,1,1,0,3002,0,0
37595,44,1,1,1,0,-182,1,1
28063,47,9,1,1,0,644,0,0
24732,35,6,2,1,0,690,1,0
24403,40,9,1,1,0,1952,1,0
39797,52,2,1,0,0,1998,0,0
9589,55,2,0,2,0,0,0,0
10640,39,0,0,1,0,952,1,0
34549,23,9,2,1,0,632,1,0
40927,19,8,2,0,0,56,0,0
44411,59,10,1,1,0,1625,0,0
30240,58,10,1,2,0,1798,1,0
28192,35,4,2,3,0,343,0,0
11186,37,4,0,1,0,0,1,0
15219,50,9,2,1,0,246,1,0
7203,43,7,1,1,0,-456,1,0
39471,36,4,2,2,0,1379,0,0
16398,59,6,1,2,0,0,1,0
44429,42,4,1,2,0,372,1,0
32681,34,4,1,2,0,91,0,0
30719,33,0,1,1,0,0,0,1
3685,55,9,1,1,0,726,1,0
17993,56,5,1,1,0,485,0,0
15424,36,6,1,2,0,16,1,1
35586,46,5,1,0,0,-35,1,0
18256,56,4,1,2,0,25290,0,0
25017,39,1,0,0,0,3970,1,0
32948,37,1,1,0,0,152,1,0
34941,31,0,1,1,0,223,0,0
24362,51,1,1,1,0,-355,1,1
2778,45,4,1,2,0,37378,1,0
3884,29,6,2,1,0,272,1,0
8279,35,7,0,1,0,532,1,0
21802,31,9,1,1,0,0,0,0
40047,43,4,0,2,0,481,1,0
38946,26,1,2,1,0,330,1,0
40768,26,8,2,1,0,1608,0,0
9349,43,2,1,2,0,5506,0,1
28453,27,9,2,2,0,667,0,0
41499,58,4,1,2,0,1227,0,0
40463,33,8,2,3,0,242,0,0
42543,33,4,1,2,0,812,0,0
3446,38,3,1,1,0,1372,1,1
12577,47,0,1,1,0,1156,0,1
19953,46,1,1,0,0,222,0,0
4062,46,4,1,0,0,357,1,1
41,50,4,1,1,0,49,1,0
9656,46,2,2,2,0,77,1,1
42219,33,7,1,1,0,1076,0,0
30657,33,8,2,2,0,882,1,0
29871,30,4,2,1,0,0,0,0
10472,49,3,1,0,0,785,0,0
27250,41,4,1,2,0,-456,0,0
44057,63,5,1,1,0,2896,0,0
27422,36,4,2,2,0,72,1,1
32386,47,4,1,2,0,109,1,0
30546,29,2,2,2,0,54,0,0
10066,50,4,1,2,0,396,0,0
7335,49,4,1,1,0,367,1,0
24427,46,4,1,2,0,716,1,1
15068,48,3,1,0,0,379,0,0
21356,39,4,1,2,0,429,0,0
2383,26,1,2,1,0,309,1,0
23511,37,4,1,2,0,839,0,1
12794,56,4,1,0,0,21,0,0
4149,31,0,2,1,0,0,0,0
24114,38,0,2,1,0,2470,0,0
8579,44,0,1,1,0,399,1,1
13379,44,9,1,2,0,-948,1,1
12595,31,0,2,1,0,144,1,0
38200,30,1,1,0,0,0,1,0
17711,36,9,1,2,0,82,1,0
277,49,7,1,1,0,47,0,0
21735,47,3,0,1,0,1361,0,0
36154,33,0,1,1,0,177,1,0
12628,59,5,0,0,0,-110,0,1
34569,56,1,0,0,0,0,1,0
28816,33,2,2,2,0,300,1,1
10147,59,5,1,3,0,1033,0,0
25356,49,9,1,1,0,1432,1,1
16629,34,9,1,2,0,2656,1,0
32585,32,4,0,2,0,294,1,0
22484,43,4,1,2,0,1,0,0
7987,49,9,0,1,1,-757,1,1
40319,48,4,1,2,0,2,0,0
27171,31,1,2,1,0,-159,0,1
25323,34,4,2,2,0,3244,0,0
8956,26,7,2,1,0,-74,1,0
35723,44,9,1,1,0,533,1,0
4155,32,1,1,0,0,1076,1,0
21983,60,0,1,2,0,1614,0,0
15946,27,4,1,2,0,1,1,0
26195,37,4,1,1,0,66,1,0
5957,43,0,1,1,1,-204,1,0
17149,36,7,0,2,0,58,1,0
39346,25,7,1,1,0,121,1,0
16211,52,9,1,1,0,192,1,0
5021,29,0,2,1,0,5711,1,1
44885,32,1,2,1,0,2093,0,0
9462,42,4,1,2,0,202,0,0
29551,36,0,1,1,0,587,0,0
22319,44,4,1,2,0,38,0,0
7179,56,1,1,0,0,551,0,0
13211,60,5,0,1,0,598,0,1
1274,30,6,1,1,0,131,1,0
24727,35,4,1,2,0,1485,1,0
2508,32,7,1,1,0,3839,1,0
17826,58,3,0,0,0,3858,0,0
44013,68,5,0,0,0,476,0,0
16004,53,2,1,1,0,0,1,0
36236,36,2,1,1,0,0,1,0
26754,31,1,2,0,0,2369,1,1
2630,26,4,1,2,0,1531,1,0
26246,32,7,2,2,0,945,0,0
11876,36,9,1,1,0,0,1,0
32057,27,6,1,2,0,10005,1,0
25282,44,7,1,1,0,-236,1,0
16123,53,5,1,0,0,3126,1,0
16162,32,4,1,2,0,663,0,1
14963,55,2,1,2,0,12731,1,0
21376,30,9,1,1,0,239,1,0
36202,45,0,1,0,0,542,0,0
5842,33,1,1,1,0,-45,1,0
27634,42,6,0,1,0,484,1,0
1400,47,4,1,0,0,1222,1,0
3159,43,9,2,1,0,0,1,0
21070,46,1,1,0,0,648,0,0
2240,35,4,0,2,0,538,1,0
488,47,9,1,3,0,178,1,0
38366,60,1,1,0,0,38,1,0
15290,42,0,1,1,0,976,1,0
15637,29,4,2,2,0,3357,0,0
521,42,4,1,2,0,744,0,0
9665,27,9,2,2,0,535,1,0
34584,33,7,1,1,0,255,1,1
8323,31,0,2,1,0,2398,1,0
35416,34,7,1,1,0,-99,1,1
7607,49,9,2,1,0,74,1,0
9393,43,1,1,1,0,101,0,0
11670,54,1,1,0,0,-51,0,0
8776,24,1,2,1,0,0,1,0
44772,25,8,2,1,0,486,0,0
36234,41,0,1,1,0,1395,1,1
34992,49,9,2,1,0,571,1,0
39599,28,6,2,2,0,805,0,0
43813,32,4,1,2,0,500,1,0
18079,41,11,1,3,0,779,0,0
9334,41,7,1,1,0,-140,0,1
24586,33,6,2,2,0,2155,0,0
28086,54,0,1,3,0,-24,0,0
39809,49,4,2,2,0,493,0,0
9850,53,1,1,1,0,1626,0,0
12760,48,4,1,2,0,666,1,0
35732,57,0,1,1,0,6005,1,0
7628,50,7,1,1,0,992,1,0
15194,50,3,1,2,0,1005,0,0
22776,50,4,1,2,0,3327,0,0
22325,31,9,1,2,0,22,0,0
27845,41,0,0,1,0,1088,1,0
21049,56,5,1,2,0,811,0,0
39846,54,10,0,1,0,1664,0,0
16649,36,0,1,1,0,403,0,0
23667,48,3,2,1,0,71,0,0
15146,32,4,0,2,0,12,0,0
20454,32,4,0,2,0,874,0,0
2276,32,4,1,2,0,-24,1,0
15834,40,9,2,1,1,96,0,1
7817,36,10,2,2,0,1316,1,0
9600,40,3,0,0,0,1,0,0
32377,48,1,1,1,0,113,1,0
4700,31,1,1,0,0,855,1,1
15138,35,4,2,1,0,138,1,1
13287,33,7,2,1,0,969,0,0
27486,56,2,0,2,0,386,0,0
4672,30,4,2,2,0,1724,1,0
32088,29,10,2,1,0,25,0,0
43271,37,4,1,2,0,0,0,0
40883,37,0,1,1,0,3420,0,0
7197,33,9,1,1,0,1072,0,1
40649,25,6,2,2,0,557,0,0
34959,35,7,0,1,0,-33,0,1
688,49,4,1,2,0,92,1,0
44707,33,0,1,1,0,616,0,0
3673,31,3,2,1,0,1301,1,0
3947,33,1,2,1,0,371,1,0
13478,30,7,2,0,0,6,1,1
43102,23,8,2,1,0,381,0,0
5741,34,7,1,1,0,-538,1,0
1677,52,7,0,0,0,146,1,0
9341,52,3,1,0,0,1837,0,0
20389,33,4,2,2,0,4782,1,0
17877,42,4,1,1,0,0,0,0
22594,32,4,1,2,0,26,0,0
1323,57,4,1,2,0,2261,1,0
2125,52,7,0,0,0,111,1,0
9082,37,2,0,1,0,14,0,0
28134,33,3,2,1,0,118,0,0
24744,49,9,1,3,0,323,1,0
11138,25,7,2,3,0,-501,1,1
9020,30,2,1,1,0,2551,1,0
22293,41,4,1,1,0,0,0,0
4608,37,1,1,0,0,660,1,1
12847,38,9,1,1,0,-228,1,0
6871,50,9,1,1,0,-568,1,1
19925,55,1,1,0,0,9997,0,0
7394,41,3,0,2,0,9767,1,0
36657,53,4,1,1,0,218,1,0
707,35,9,2,2,0,226,1,1
41443,33,8,2,3,0,5969,0,0
583,44,4,1,2,0,17,1,0
29880,37,10,1,2,0,594,1,0
21959,43,4,1,2,0,715,0,0
35401,31,9,2,1,0,656,1,0
20388,34,4,1,2,0,2657,1,0
42979,48,10,0,1,0,201,0,0
44378,24,8,2,1,0,867,0,0
32107,51,7,1,1,0,421,1,0
29547,26,1,2,1,0,450,0,1
41078,32,9,1,2,0,2976,1,0
5662,42,9,1,1,0,-245,0,1
38047,47,0,1,1,0,1358,1,0
44261,34,9,2,1,0,1279,1,0
32291,30,10,2,1,0,0,1,0
24125,34,4,1,2,0,8,1,0
26830,41,9,2,1,0,650,1,0
18653,41,1,1,0,0,1256,0,0
40672,53,0,0,1,0,0,1,1
26212,49,1,1,0,0,4455,1,0
15116,31,9,1,2,0,2951,1,0
38453,28,0,2,1,0,-215,1,0
4091,50,7,1,1,0,1463,1,0
28262,34,9,1,2,0,16992,1,0
40133,31,1,1,0,0,1644,0,0
22629,59,1,1,0,0,63,0,0
24388,33,4,1,2,0,685,0,0
38175,38,7,1,1,0,773,1,0
35861,56,1,0,0,0,-9,1,1
32599,46,1,1,0,0,-175,1,1
6488,40,4,0,2,0,-78,1,0
6787,32,0,2,1,0,294,1,0
36452,37,1,2,1,0,133,1,0
40179,38,1,1,1,0,1391,1,0
20597,30,4,2,2,0,222,1,0
11187,41,4,2,2,0,11008,0,0
1411,34,7,1,1,0,2211,0,0
5412,35,1,1,3,0,-205,1,0
36213,41,1,1,1,0,1219,1,0
31205,28,9,2,2,0,356,0,0
23039,36,4,1,2,0,0,0,0
37010,34,4,2,2,0,7263,1,0
44829,37,4,0,2,0,488,1,0
31591,41,1,1,1,0,4910,1,0
41589,31,4,2,2,0,3384,0,0
9954,37,9,2,1,1,375,0,0
4259,60,1,1,1,0,171,1,0
9459,50,7,2,1,0,1205,1,0
5826,47,9,1,2,0,192,1,0
14699,39,0,1,1,0,1388,1,0
4858,36,4,1,1,0,873,1,0
32972,35,4,2,2,0,620,1,0
6918,28,8,2,1,0,949,1,0
35888,46,4,1,2,0,740,1,0
3089,48,9,2,1,0,9131,1,0
24368,49,4,0,2,0,2370,1,1
24949,49,2,0,2,0,1342,1,1
5548,46,1,1,1,0,0,1,0
10842,57,3,1,0,0,1870,0,0
35515,49,1,2,0,0,2146,1,0
32272,43,1,1,3,0,1123,1,0
28126,32,4,2,2,0,4638,0,0
11308,58,4,1,2,0,5680,0,0
39216,31,9,2,2,0,-241,1,0
1754,27,7,2,1,0,4,1,1
24390,53,9,0,2,0,2228,0,0
6311,39,1,1,0,0,1135,1,0
26577,35,0,1,1,0,3863,1,0
5999,39,4,2,2,0,26,1,1
979,52,0,1,0,0,270,1,0
3528,58,1,1,1,0,288,1,0
549,56,7,1,1,0,473,1,0
23647,33,6,1,1,0,77,0,0
45185,60,7,1,2,0,4256,1,0
43842,33,0,2,2,0,272,1,0
44451,45,4,1,2,0,2077,0,0
12987,43,2,1,1,0,128,1,0
17809,35,9,1,1,0,840,1,0
2906,49,0,1,1,0,387,1,0
36087,41,0,2,1,0,-109,1,1
13456,31,4,1,2,0,272,1,0
41536,53,2,1,0,0,27,1,0
15798,51,0,1,1,0,73,0,0
40832,55,9,2,1,0,1199,0,1
39671,27,8,2,1,0,274,0,0
26028,42,4,1,2,0,3713,0,0
32524,40,1,1,0,0,127,1,0
17704,51,11,1,3,0,2642,0,0
20925,54,7,1,1,0,6376,0,0
41809,66,3,1,0,0,40,0,0
32142,58,6,1,2,0,1636,0,0
44230,36,4,0,2,0,1057,0,0
4723,32,9,1,1,0,3067,1,0
20827,48,1,1,0,0,890,0,0
41301,36,9,2,2,0,40,0,0
38936,29,3,1,2,0,96,1,0
13065,35,6,1,2,0,0,0,0
37511,40,1,1,0,0,830,1,0
1871,33,1,2,1,0,687,1,0
24879,42,4,1,2,0,2819,1,0
29598,38,4,1,2,0,655,0,0
24483,32,4,1,2,0,81,1,0
22557,32,9,1,2,0,43,0,0
39172,29,0,2,1,0,306,1,0
39839,36,0,2,1,0,119,0,0
30684,27,7,2,1,0,0,0,0
19429,45,7,1,1,0,38,1,0
4392,37,4,1,2,0,897,0,0
7594,32,1,1,1,0,-63,1,0
24951,58,4,1,0,0,1021,0,0
20448,31,4,1,2,0,1575,0,0
38878,31,1,1,0,0,1654,1,0
24146,33,9,1,1,0,1234,0,0
33554,43,7,0,1,0,-287,1,0
9789,39,1,1,2,0,10483,0,0
8362,31,1,1,1,0,-446,0,0
23016,31,9,2,2,0,17,0,0
3266,46,1,1,1,0,1004,1,0
33445,34,9,0,1,0,0,1,1
17280,48,2,1,1,0,0,0,1
25703,38,7,1,1,0,8876,0,0
12318,36,1,1,1,0,74,1,0
6030,31,1,2,1,0,823,0,0
37341,40,7,0,1,0,282,1,0
31776,27,8,2,2,0,3687,0,0
1617,56,9,2,0,0,230,1,0
12625,31,3,1,0,0,46,0,0
34663,34,1,1,0,0,6352,1,0
2129,27,0,2,1,0,1,1,0
45125,40,4,0,2,0,858,0,0
2792,47,1,1,0,0,4666,0,0
25211,41,9,1,1,0,862,0,0
37484,37,0,1,1,0,68,1,1
30381,35,4,2,3,0,186,1,0
22138,34,4,1,2,0,468,0,0
6198,42,0,1,1,0,818,1,0
14474,37,0,1,1,0,0,1,0
621,33,9,0,1,0,7,1,1
21157,42,6,1,1,0,0,0,0
17054,57,4,0,2,0,909,1,0
7230,48,4,0,2,1,-625,1,0
25064,46,10,1,1,0,16397,0,0
22763,44,4,1,2,0,-68,0,1
19598,40,9,1,1,0,998,0,0
27370,31,2,0,1,0,82,0,0
33449,37,1,2,1,0,2235,1,0
20415,36,4,1,2,0,171,0,0
22189,32,4,2,2,0,438,0,0
30970,27,10,2,0,0,799,0,0
37027,40,1,2,1,0,82,1,0
29933,37,4,1,1,0,2442,0,0
42599,27,7,2,1,0,302,0,0
27991,29,6,2,1,0,0,0,0
15831,35,7,0,1,0,828,1,0
6046,33,0,0,1,0,392,1,1
12184,35,4,1,2,0,2316,0,0
18029,29,3,1,1,0,1082,0,1
20502,37,4,1,2,0,4044,0,0
37599,33,1,1,0,0,149,1,0
21016,47,4,1,2,0,3681,0,0
16053,26,1,1,0,0,5116,1,0
15947,33,4,2,2,0,30,1,0
16012,32,4,2,2,0,0,1,0
42911,42,0,1,2,0,1536,0,0
27345,30,0,2,1,0,154,1,0
34353,46,4,2,2,0,334,1,0
44733,24,8,2,1,0,689,0,0
35235,38,0,0,1,0,673,1,0
17250,39,1,1,1,0,366,1,0
44254,34,10,2,2,0,1974,0,0
10609,46,2,1,1,0,757,0,0
915,43,0,2,1,0,140,1,0
20678,44,9,1,1,0,267,0,1
39329,28,1,2,0,0,426,1,0
45202,34,0,2,1,0,557,0,0
38471,30,4,2,1,0,340,1,0
22575,31,4,2,2,0,18,0,0
14,57,7,1,1,0,162,1,0
24649,57,4,1,1,0,1502,0,0
40743,33,4,2,2,0,5437,0,0
24156,31,9,1,1,0,585,1,0
22901,38,9,2,1,0,46,0,0
40178,39,4,1,2,0,1241,1,0
22277,33,4,2,2,0,206,0,0
43572,64,5,1,1,0,4787,0,0
28363,34,9,2,1,0,341,0,1
39974,44,7,1,1,0,332,0,0
38370,38,9,2,1,0,553,1,0
27133,40,4,1,2,0,87,1,1
33603,28,9,1,1,0,7102,1,0
20647,32,4,1,2,0,2414,0,0
42153,34,4,1,2,0,1778,0,0
27513,50,5,1,1,0,1047,0,0
32103,39,1,1,1,0,-145,1,0
25796,39,4,1,1,0,763,0,0
17578,32,7,2,1,0,91,0,0
14652,36,4,1,2,0,287,1,1
18860,50,4,1,2,1,37,0,0
44102,80,5,1,1,0,668,0,0
18082,41,7,1,1,0,1785,0,0
35370,23,1,2,1,0,537,1,0
8128,61,5,1,0,0,-156,1,1
15697,35,1,1,1,0,0,0,1
6851,26,0,1,1,0,714,1,0
31823,32,6,2,2,0,562,1,1
6286,31,1,2,1,0,116,1,0
37234,45,4,0,2,0,2813,1,0
25061,47,10,1,1,1,0,0,0
40338,39,1,0,2,0,382,0,0
2454,26,7,1,1,0,380,1,0
2281,34,2,2,2,0,714,1,0
34711,36,9,0,0,0,-127,1,0
35584,25,9,0,2,0,2317,1,0
11974,29,9,2,1,0,142,1,1
947,46,2,1,3,0,1481,1,0
23599,33,4,1,2,0,6174,0,0
6949,38,1,2,3,0,241,1,0
43748,41,0,1,2,0,1,1,0
6079,24,1,1,1,0,9,1,0
10052,37,4,1,2,0,1393,0,1
1722,54,0,1,1,0,222,1,0
10316,57,2,1,1,0,5657,1,0
3033,50,0,0,1,1,-500,1,0
27259,31,9,2,1,0,13,0,0
33771,53,0,2,1,0,1958,0,0
2824,41,7,1,1,0,4505,1,0
8702,44,10,1,1,1,-505,1,0
12227,45,3,0,2,0,2098,0,0
25022,37,1,2,1,0,690,1,0
17743,47,9,1,1,0,356,0,0
5203,33,1,1,0,0,511,1,0
7804,56,4,1,2,0,-45,1,0
3252,49,0,1,1,0,1530,1,0
11911,42,4,0,2,0,0,0,0
6298,39,1,1,1,0,459,1,0
6264,51,1,2,1,0,936,1,0
35436,28,1,2,0,0,553,1,0
15826,30,9,1,2,0,0,0,0
11505,42,0,2,3,0,22,0,0
44823,20,8,2,3,0,2785,0,0
40577,34,3,1,1,0,5,0,0
44157,31,10,1,2,0,330,0,0
42151,29,0,2,1,0,2,0,0
27307,31,0,1,1,0,54,1,0
36623,40,3,0,1,0,1194,1,0
21919,36,9,1,1,0,3,0,0
44172,30,9,2,1,0,1112,0,0
24833,33,2,1,2,0,0,1,1
26911,45,7,1,1,0,507,0,1
26036,42,7,2,1,0,838,1,0
45159,60,7,1,1,0,4428,0,0
31408,40,1,1,1,0,5,0,0
43690,34,9,2,2,0,2838,1,0
8131,31,9,2,2,0,932,1,0
28494,41,4,1,2,0,-29,0,0
1688,31,0,1,1,0,307,1,0
21160,52,9,1,2,0,104,0,0
13996,39,4,1,2,0,397,0,0
1864,28,9,2,1,0,-125,1,0
16544,26,1,1,1,0,242,1,0
28516,27,4,2,2,0,170,0,0
29342,39,4,1,2,0,588,1,1
29938,51,10,2,2,0,1594,0,0
29025,56,4,1,2,0,363,0,0
19959,51,9,1,1,0,19,0,1
24400,35,4,1,2,0,1108,1,0
2679,50,4,2,2,0,1300,1,0
16133,52,3,0,2,0,4306,0,0
6421,26,9,2,1,0,218,1,0
44603,20,8,2,0,0,825,0,0
29478,32,1,1,1,0,4471,1,0
25088,50,1,1,0,0,5776,0,0
22509,31,4,2,2,0,-201,1,0
13653,35,4,0,2,0,153,0,0
2225,42,4,1,1,0,-189,1,0
21313,48,4,1,2,0,288,0,0
37227,33,7,1,1,0,107,1,1
10793,48,0,2,1,0,-58,0,0
6455,41,9,1,1,0,-274,1,0
12402,55,1,1,0,0,-79,0,1
36955,34,1,1,0,0,1309,1,0
38508,42,2,1,1,0,169,1,0
36605,39,1,1,0,0,398,1,0
36738,37,1,1,1,0,3420,1,0
22444,35,9,1,1,0,13,0,0
15596,25,1,2,1,0,612,1,0
13468,37,3,1,2,0,8,1,0
27129,47,1,1,1,0,2944,0,0
4690,36,1,2,1,0,3111,1,0
42621,47,7,0,2,0,1639,0,0
22881,32,9,1,1,0,255,0,1
33037,44,1,1,0,0,-93,1,0
41102,70,2,1,2,0,15265,0,0
44271,33,4,2,2,0,307,0,0
29141,44,10,2,2,0,7822,1,0
40903,35,0,2,1,0,3636,0,0
17880,28,1,2,0,0,1199,1,0
40731,55,2,0,1,0,538,1,0
26178,30,8,2,3,0,809,0,0
10933,54,5,2,1,0,515,1,0
6471,34,1,2,1,0,-96,1,0
15843,59,3,1,0,0,352,0,0
41609,59,9,1,2,0,883,0,0
35091,36,7,1,1,0,0,1,0
9162,38,6,1,3,0,10855,0,0
31744,30,9,2,1,0,3568,1,0
13593,54,6,1,2,0,231,0,0
31437,26,0,2,1,0,1327,0,0
30746,35,4,2,1,0,6809,1,0
39954,60,9,1,1,0,294,0,0
24204,40,7,0,3,0,5847,0,0
19391,58,5,1,1,0,4,0,1
24045,47,0,0,1,0,555,1,1
15384,27,0,1,1,0,283,1,0
19161,54,9,2,1,0,224,0,0
30454,41,2,2,2,0,791,1,0
34131,34,4,1,2,0,-308,1,0
5564,30,1,1,0,0,9194,1,0
3056,44,7,0,1,0,2416,1,0
6041,36,9,1,1,0,452,1,0
13364,49,7,1,1,0,884,1,0
1640,28,0,2,2,0,422,1,0
35037,35,4,2,2,0,2576,1,1
34464,30,1,2,1,0,80,1,1
25059,55,9,2,1,0,2043,1,0
18833,30,6,2,2,0,663,0,0
41369,36,9,1,1,0,191,0,0
5915,59,9,1,1,0,-247,1,0
24982,31,7,2,1,0,2038,1,0
1805,37,0,2,1,0,1113,1,0
26389,35,1,1,1,0,5304,1,0
40126,25,4,2,2,0,295,0,0
4929,45,0,1,1,0,373,1,0
30652,31,1,1,1,0,23,0,1
37176,53,0,1,1,0,-1601,0,1
14268,48,1,1,3,0,279,1,0
7282,50,7,0,1,0,28,1,1
28055,35,9,2,3,0,0,0,0
13832,51,1,0,0,0,1236,1,0
33991,57,0,1,1,0,169,0,0
28799,27,6,2,1,0,49,1,0
41364,38,1,1,1,0,748,1,0
7672,38,9,1,1,0,175,1,0
23727,35,4,2,2,0,556,0,0
5187,27,1,2,0,0,1518,1,0
21171,51,4,0,2,0,71,1,0
36765,40,0,1,1,0,3126,1,0
4199,34,9,2,1,0,705,1,1
20761,53,5,1,2,0,7132,0,0
25259,38,4,0,3,0,0,1,0
27409,44,1,1,1,0,16178,1,0
40721,25,4,2,2,0,145,0,0
17502,41,0,1,1,0,-5,1,0
4693,48,1,1,1,0,5058,0,0
11651,53,10,0,1,0,0,0,0
37856,29,10,1,2,0,111,1,0
22465,46,7,1,1,0,273,0,0
12118,60,1,1,0,0,703,0,0
36108,35,8,2,2,0,873,1,0
6176,56,4,0,2,0,408,1,0
13336,41,1,1,1,0,97,0,1
2121,32,2,1,3,0,227,1,0
4419,38,4,1,2,0,0,1,0
5909,48,4,0,2,0,1492,1,0
26926,50,1,1,0,0,12519,1,0
28711,33,10,2,1,0,1173,0,0
6768,24,9,2,1,0,288,1,0
14470,39,1,1,1,0,498,1,0
26151,33,7,1,1,0,1631,1,0
15819,42,4,0,2,0,9,1,0
32024,41,4,1,2,0,-456,0,0
32365,32,6,2,2,0,519,1,0
28718,31,9,2,2,0,236,1,0
30874,52,0,1,1,0,-462,1,0
10720,49,2,1,2,0,388,1,0
43416,30,4,1,2,0,102,1,0
8557,35,7,2,1,0,-437,1,0
37930,43,1,1,0,0,479,1,0
18455,51,6,1,0,0,106,1,0
39537,42,9,1,1,0,1066,0,0
12575,54,9,1,1,0,42,0,1
35994,36,10,1,0,0,771,1,0
35799,40,3,2,0,0,109,1,0
30541,26,4,2,2,0,690,0,0
6263,36,0,1,1,0,68,1,1
42348,42,4,1,0,0,5310,1,0
39609,26,8,2,1,0,100,0,0
42541,30,10,0,1,0,7105,0,0
39697,54,5,0,2,0,3076,0,0
2062,25,1,2,1,0,249,1,0
18993,43,9,1,2,0,0,0,0
19336,33,9,2,1,0,3059,0,1
28493,26,9,2,1,0,252,0,0
39907,56,10,1,1,0,1350,0,0
21294,36,4,1,2,0,6,1,0
19070,32,4,1,2,0,3158,0,1
8526,45,1,1,1,0,-221,1,1
22546,32,9,1,2,0,0,0,0
17441,26,1,2,1,1,-685,1,1
37657,47,9,1,1,0,417,1,0
40984,56,4,1,2,0,616,0,0
44305,31,0,2,1,0,255,0,0
22212,50,7,1,1,0,1501,0,0
25673,54,9,1,1,0,4475,1,0
36520,40,7,0,1,0,768,1,0
29965,50,0,2,1,0,167,0,1
5046,24,7,2,1,0,-148,1,0
17855,30,7,1,0,0,1015,1,0
34025,59,0,1,1,0,2381,0,0
43201,66,3,0,0,0,3701,0,0
14344,37,1,1,1,0,223,1,0
38994,27,7,2,1,0,-195,1,0
34916,33,1,1,0,0,-457,1,1
11128,36,1,1,0,0,1707,0,0
33980,26,5,2,1,0,530,0,0
16303,46,0,1,1,0,739,1,0
44857,25,4,2,2,0,3902,0,0
33490,30,9,2,1,0,8826,1,0
10225,57,4,1,2,0,1571,0,0
40327,32,8,2,3,0,640,0,0
9787,53,5,2,0,0,0,0,0
14466,40,4,1,0,0,-90,0,0
21244,36,4,2,2,0,2944,0,0
33948,24,4,2,2,0,2845,0,0
14813,56,1,1,1,0,-199,0,1
28547,30,4,1,2,0,112,1,0
15769,31,0,0,1,0,1890,1,0
37518,53,9,1,1,0,6831,0,0
26016,33,0,1,1,0,581,1,0
38313,45,2,1,0,0,5315,1,1
43600,45,10,1,1,0,7203,0,0
18643,46,4,1,3,0,876,1,0
7799,53,4,1,2,0,1144,1,0
32920,32,6,0,0,0,0,1,0
36120,55,4,1,2,0,719,1,0
10631,37,7,1,1,0,1092,0,0
18106,44,4,1,1,0,-665,0,0
34213,49,4,1,2,0,1,0,0
29653,41,4,0,2,0,0,0,0
43301,41,0,0,1,0,6046,1,1
38017,46,4,0,2,0,24598,1,0
7738,51,4,1,2,0,307,1,0
40919,46,9,1,1,0,0,0,0
12962,59,1,0,0,0,55,0,0
5413,30,1,2,1,0,79,0,0
17995,58,4,1,1,0,2739,1,0
33197,25,1,2,3,0,586,1,0
20334,30,9,2,2,0,4459,0,0
38419,28,8,2,1,0,217,1,0
37993,53,7,0,1,0,765,1,0
1210,55,1,2,2,0,325,1,0
25492,35,1,2,1,0,4845,0,0
20646,32,9,1,1,0,11431,0,0
31731,24,0,2,1,0,5,0,0
24816,55,4,1,2,0,4982,1,0
6550,32,4,1,2,0,3809,1,0
18878,49,7,1,1,0,3554,0,0
41960,39,9,1,1,0,0,1,0
5274,34,9,1,1,0,1092,0,0
3020,50,1,1,1,0,606,1,0
208,39,7,2,3,0,257,1,0
34879,35,0,1,1,0,-244,1,1
43060,26,9,2,2,0,3411,0,0
38171,23,1,2,0,0,3198,1,0
16809,57,4,1,1,0,0,1,0
8889,35,0,0,1,0,437,1,0
42225,53,1,0,0,0,4401,0,0
4833,34,9,2,1,0,1161,1,0
34361,24,8,2,1,0,387,0,0
31781,31,0,1,1,0,941,1,0
18685,45,9,0,1,0,72,1,0
37356,37,4,2,2,0,2576,1,0
5956,33,1,1,1,0,941,1,0
10392,43,1,1,1,0,664,1,0
43386,47,4,1,2,0,288,0,0
25395,45,0,1,1,0,597,1,1
31538,35,0,2,1,0,663,1,0
1887,54,1,1,0,0,781,1,0
24536,42,9,2,1,0,-15,0,0
41581,32,9,2,2,0,1855,0,0
9025,59,5,1,1,0,0,0,0
21847,30,9,2,2,0,1,0,0
24202,42,4,1,1,0,71,0,0
27624,32,7,2,1,0,344,0,1
18162,45,9,0,1,0,167,0,0
12258,55,5,0,0,0,1420,0,0
19026,43,3,1,0,0,1283,0,0
23645,37,9,1,2,0,0,0,0
9275,46,4,1,3,0,2296,0,0
40264,59,9,1,1,0,259,0,0
2607,47,7,0,1,0,743,1,1
39729,50,4,1,2,0,253,0,0
28145,33,0,2,1,0,13,1,0
20408,32,4,0,2,0,948,0,0
20439,49,0,1,1,0,300,0,0
24966,42,4,2,2,1,130,1,1
32881,30,2,1,0,0,495,1,0
28499,47,4,1,2,1,-337,0,1
17321,39,1,1,1,0,1439,1,0
14161,48,1,0,0,0,0,0,0
34940,27,9,2,1,0,0,1,0
40559,20,8,2,3,0,829,0,0
29687,56,1,1,0,0,284,0,1
6979,39,7,1,1,0,-971,1,1
33025,56,1,1,1,0,1686,0,0
3959,46,9,1,2,0,2207,1,0
14552,45,9,1,3,0,557,1,0
33760,25,8,2,1,0,8,0,0
15247,45,4,2,2,0,871,0,0
1846,30,7,1,1,0,0,1,0
10750,46,4,2,0,0,538,0,0
37873,29,1,1,1,0,7863,1,0
10164,35,1,0,3,0,164,0,0
29198,28,4,2,2,0,224,1,0
32236,33,1,1,0,0,1209,1,0
19787,31,4,2,2,0,2978,1,0
6524,34,10,2,2,0,906,1,0
32900,37,1,1,1,0,539,1,1
20515,33,9,2,1,1,329,0,0
22249,43,4,1,2,0,0,0,0
40448,34,4,1,2,0,0,0,0
10367,40,1,1,1,0,952,0,1
37502,27,4,2,2,0,205,0,0
5381,24,7,1,1,0,45,1,1
26425,32,1,1,1,0,8957,0,0
7585,45,1,1,3,0,818,1,0
5314,31,4,1,2,0,7,1,0
42558,84,5,1,1,0,81204,0,0
2725,27,10,2,2,0,37,1,0
45006,38,4,1,2,0,413,0,0
2409,30,7,1,1,1,-846,1,0
4863,30,9,1,2,0,1126,1,0
44343,47,4,0,2,0,-130,1,0
34062,24,8,2,0,0,474,0,0
18043,38,9,1,1,1,238,0,0
26320,31,10,2,3,0,167,0,0
15445,28,4,2,2,0,2249,1,1
23439,33,4,1,2,0,1138,0,0
36198,38,0,2,1,0,3049,1,1
26815,56,1,0,0,0,12,0,0
12249,27,1,2,1,1,-27,0,0
41089,25,8,2,1,0,4147,0,0
14543,43,2,1,1,0,860,1,1
27,52,2,1,1,0,113,1,1
13497,25,8,1,2,0,0,1,0
22692,53,9,0,1,0,394,0,0
24331,36,4,1,2,0,5057,1,0
2244,46,1,1,0,0,633,1,0
11797,36,1,1,1,0,0,0,0
20427,37,4,1,1,0,0,0,0
3494,55,4,1,3,1,-171,1,0
34893,34,2,1,2,0,0,1,0
41419,55,4,1,2,0,0,1,1
26967,50,3,1,0,0,85,0,0
12968,36,1,2,2,0,1346,0,0
10201,37,0,2,1,0,1560,1,0
40675,38,8,2,3,0,64,0,0
38611,48,1,1,0,0,108,1,0
38818,32,1,1,2,0,143,1,1
20841,47,0,1,1,0,328,0,0
42764,33,4,2,2,0,373,0,1
8394,25,1,2,1,0,2096,1,0
37798,33,4,2,2,0,-149,1,0
7621,42,4,1,2,0,1767,1,0
16723,38,9,1,1,0,69,0,1
4201,27,9,1,1,0,512,1,0
3651,51,1,1,3,0,2547,1,0
41924,57,4,1,2,0,375,0,0
16508,49,1,1,1,0,3677,1,0
6644,32,9,1,2,0,-196,1,0
35793,39,0,1,0,0,444,1,0
35154,37,4,1,2,0,1780,1,0
1965,28,9,1,1,0,655,1,0
31187,28,9,2,2,0,2489,1,0
7257,33,7,1,1,0,-49,1,0
16069,31,1,2,1,0,1139,1,0
32494,42,1,0,1,0,1118,1,0
33737,38,9,1,1,0,0,1,0
40563,23,0,2,1,0,749,0,0
1588,30,9,1,3,1,-315,1,0
17319,47,3,1,0,0,20,0,1
42410,26,8,2,2,0,294,0,0
6563,44,1,2,1,0,-435,1,0
33291,59,3,0,2,0,0,0,0
22777,30,4,1,2,0,144,1,0
3138,52,7,1,1,0,989,1,0
33956,45,6,1,1,0,706,0,0
13703,41,1,1,1,0,-194,0,1
40480,66,11,0,3,0,1993,1,0
39513,55,4,1,2,0,496,0,0
8706,32,9,2,2,0,6281,1,0
32946,33,4,1,2,0,0,1,0
42982,58,4,1,1,0,2155,0,1
3070,40,1,2,3,0,4370,1,0
24642,34,10,2,1,0,0,0,0
11886,30,0,1,1,0,685,1,0
28933,57,3,0,2,0,3767,0,0
9673,58,11,2,1,0,311,0,0
8437,45,1,1,1,0,784,1,1
32502,29,1,1,1,0,933,1,0
37600,31,7,1,1,0,179,1,0
22326,33,9,2,2,0,516,0,0
19813,33,4,2,2,0,1909,0,0
23263,46,4,0,1,0,0,0,0
43680,19,8,2,0,0,608,0,0
7845,30,1,1,1,0,119,1,0
6299,33,4,0,2,0,723,1,0
10951,59,5,1,1,0,3,0,0
26520,31,4,2,2,0,16,0,0
37524,29,1,2,0,0,1768,1,0
40659,35,0,1,2,0,163,1,0
30118,29,9,2,1,0,853,0,1
32617,55,1,2,0,0,1187,1,0
18888,52,4,1,2,0,193,0,0
4384,31,4,2,1,0,0,1,0
3542,55,9,1,1,0,2014,1,1
36853,40,7,1,1,0,1116,1,0
33550,49,4,1,2,0,603,1,0
2163,40,7,2,1,0,888,1,0
28696,41,4,2,1,0,3234,1,0
30650,28,1,1,1,0,53,1,1
24802,56,9,1,1,0,589,1,0
17144,33,1,1,1,0,-77,1,0
13015,25,9,2,1,0,-55,1,1
32014,24,9,2,1,0,139,0,0
17989,44,7,1,1,0,2439,1,0
4279,40,1,0,1,0,125,1,0
19275,47,11,1,3,0,270,0,0
41868,63,5,1,1,0,588,0,0
13088,55,1,1,0,0,137,0,0
13056,26,0,2,1,0,-378,0,1
32961,35,1,1,0,0,443,1,0
43686,31,4,2,2,0,533,0,0
43131,52,0,2,3,0,2227,0,0
32114,33,4,2,2,0,1271,1,0
25188,36,6,0,1,0,-38,1,0
15538,34,9,1,1,0,6324,1,0
1870,47,4,0,2,0,266,1,0
18595,49,4,1,2,0,413,0,1
7807,31,1,2,1,0,-219,1,0
36406,59,7,1,1,0,0,1,0
11732,49,1,1,0,0,1119,1,0
21422,58,5,1,0,0,1241,0,0
38964,36,7,0,2,0,162,1,0
19584,31,9,1,1,0,-556,1,0
9920,42,4,2,2,0,1206,0,0
8566,32,9,2,1,0,258,0,0
3412,28,1,1,1,0,86,1,1
11127,51,7,0,1,0,9,0,0
38787,37,1,0,1,0,333,1,0
43239,45,8,2,3,0,1527,0,0
41967,59,5,1,0,0,3648,0,0
44964,21,1,2,0,0,-42,0,0
34788,31,7,2,1,0,864,1,0
16793,25,3,1,0,0,669,1,0
9803,44,9,1,1,0,11016,0,0
27310,32,9,1,1,0,253,1,0
39042,31,4,2,2,0,518,1,0
43258,19,8,2,3,0,108,0,0
4927,48,9,0,2,0,-136,1,0
15913,40,7,1,1,0,939,1,0
32604,34,0,2,1,0,598,1,0
12732,59,0,1,1,0,1914,1,0
31660,37,0,1,1,0,1207,1,0
22309,49,1,1,0,0,1898,0,0
34938,33,1,2,1,0,5137,1,0
43708,65,5,1,3,0,679,0,0
17541,40,4,1,2,0,-495,0,1
7481,44,1,2,0,0,1593,1,0
14574,42,4,1,2,0,843,0,1
39018,32,1,1,1,0,-667,1,0
37342,34,10,1,1,0,0,1,0
3129,59,5,1,1,0,5678,1,0
35557,43,7,2,1,0,37,1,0
6250,49,0,0,1,0,333,1,0
6752,44,2,1,1,0,-20,0,0
35164,33,0,2,2,0,490,1,0
39004,33,4,0,2,0,47,0,0
3124,40,1,1,1,0,339,1,0
42831,33,4,1,2,0,62,1,0
32453,42,0,2,1,0,734,1,0
31292,35,4,2,2,0,671,1,0
12753,36,2,0,2,0,776,0,1
31423,35,9,1,2,0,122,0,0
1948,44,4,1,2,0,392,1,0
32950,53,0,0,1,0,-163,1,0
3547,34,1,1,1,0,326,1,1
4338,24,0,2,1,0,1019,1,0
2716,41,4,0,2,0,1576,1,0
21874,38,4,1,1,0,124,0,0
33821,31,4,1,2,0,2395,0,0
1464,55,1,1,0,0,332,1,0
148,43,7,1,0,0,3,1,0
17092,41,1,1,3,0,0,0,1
16407,51,0,1,0,0,576,1,0
17669,51,7,0,1,0,974,1,1
24409,41,9,0,1,0,0,1,0
35028,34,0,1,1,0,-429,1,0
22012,32,4,1,1,0,375,0,0
29591,32,9,2,1,0,0,0,0
1199,43,1,1,1,1,-7,0,0
4508,35,2,1,1,0,1163,1,0
41429,30,4,2,2,0,1675,0,0
2283,29,1,2,1,0,16,0,0
1192,33,1,1,0,0,-81,1,0
8298,51,1,1,3,0,0,0,0
33816,41,10,1,1,0,0,1,1
41310,66,5,1,1,0,2048,0,0
24316,48,9,1,1,0,32,1,1
5605,36,1,1,1,0,141,1,0
9452,27,4,2,3,0,1029,1,0
28910,29,7,2,1,0,536,1,0
7762,29,7,0,1,0,590,1,0
35461,26,1,2,1,0,311,1,0
20635,31,4,2,2,0,1289,1,0
38933,25,1,1,1,0,148,1,0
19182,51,4,0,2,0,1028,0,0
14951,59,0,1,0,0,4387,1,0
31390,26,4,2,2,0,15,0,0
32924,43,9,0,1,0,773,1,0
35279,33,2,1,2,0,2179,1,1
7558,55,4,0,0,0,3629,1,0
34676,36,9,2,1,0,103,1,0
40598,28,4,2,2,0,5549,0,0
31474,37,4,1,1,0,1180,1,1
28184,26,9,2,1,0,455,0,0
30603,52,10,1,2,0,0,0,0
24452,35,9,1,1,0,0,1,1
34474,42,4,1,2,0,1272,1,0
34232,22,0,2,2,0,897,1,0
36568,46,4,0,1,1,2,0,0
19417,43,4,1,2,0,5926,0,0
6418,35,7,1,1,0,843,1,0
34602,44,10,1,1,0,0,0,0
41824,34,0,1,2,0,35,1,0
26459,33,8,2,2,0,2904,0,0
10317,39,4,2,1,0,120,0,0
32798,46,1,1,0,0,85,1,0
35074,41,1,1,0,0,13,1,0
33994,33,1,2,3,0,129,1,1
3413,58,0,0,1,0,1713,0,0
173,35,5,2,0,0,434,0,0
10868,37,1,2,1,0,5818,0,0
44721,26,10,2,1,0,4,0,0
36009,37,4,2,2,0,105,1,0
4955,34,1,1,1,0,622,1,0
3742,30,0,1,1,0,67,1,0
5920,44,9,1,1,0,-199,0,0
43231,37,4,1,2,0,6771,0,0
31163,27,11,2,1,0,1187,0,0
24450,42,7,1,1,0,1048,1,0
41287,60,9,2,0,0,11262,0,0
33575,35,6,1,1,0,2762,1,0
34237,39,7,1,1,0,8876,0,0
36670,30,7,2,1,0,-158,1,0
28846,54,9,0,1,0,-191,0,0
23611,32,4,1,2,0,864,1,0
27771,28,0,1,1,0,511,0,0
33261,28,1,2,1,0,1011,1,0
13911,34,0,1,1,0,2378,1,1
39515,33,1,2,1,0,4464,1,0
14374,34,1,1,1,0,855,0,1
1001,50,9,1,1,0,73,0,0
2317,22,3,2,1,0,650,1,0
23226,31,4,2,1,0,36,0,0
26933,54,9,2,1,0,2237,0,0
33740,64,9,1,2,0,826,0,0
38172,33,4,2,2,0,7419,1,0
35148,29,7,0,1,0,92,1,0
31945,33,4,1,2,0,0,0,0
6585,37,0,1,1,0,1123,0,1
22175,33,9,0,1,0,9,0,0
21091,46,7,1,1,0,1516,0,0
6861,45,4,1,2,1,-1655,1,0
19121,44,4,1,2,0,7485,0,0
11003,59,7,1,0,0,124,0,0
24960,47,1,1,1,0,3237,1,0
30142,26,1,1,1,0,895,1,0
12965,50,2,0,2,0,223,0,0
20494,30,4,2,2,0,443,1,1
18047,36,4,1,2,0,96,0,0
9893,36,1,2,1,0,284,0,0
28688,29,0,2,1,0,1751,0,0
198,43,4,1,2,0,400,1,0
33826,57,4,1,2,0,813,0,0
640,55,4,2,1,0,220,1,0
32219,49,1,0,1,0,-464,1,0
27586,34,9,0,1,0,44,1,1
23693,36,9,2,1,0,0,0,0
30841,33,9,2,1,0,0,1,1
32324,42,1,1,1,0,1598,1,1
27389,40,6,1,2,0,271,1,0
42306,33,4,1,2,0,71,0,0
16703,50,9,0,2,0,1679,1,0
42146,18,8,2,1,0,156,0,0
15369,57,9,0,1,0,1244,1,0
32444,41,1,1,1,0,433,1,0
7431,31,4,2,2,0,524,1,1
2662,52,1,1,1,0,161,1,0
7642,41,0,0,1,0,2397,1,0
30020,35,6,2,2,0,-30,0,0
42676,32,0,1,1,0,366,0,0
31632,36,1,1,1,0,2454,1,0
15952,30,7,1,1,0,44,1,1
24344,57,0,2,1,0,738,0,0
14254,38,1,1,1,0,2283,1,0
34688,42,7,2,1,0,241,1,0
27719,30,1,2,1,0,130,0,0
34720,37,4,0,2,0,0,1,0
16755,49,9,0,1,0,-39,1,1
7729,52,0,1,0,0,321,1,0
4132,38,9,1,1,0,59,1,0
21552,34,4,1,2,0,5399,0,0
16460,51,4,1,2,0,0,1,0
39102,29,9,2,1,0,-218,1,0
31595,48,0,1,0,0,4459,1,0
6862,36,4,1,2,0,428,0,0
5093,35,7,1,1,0,1317,1,0
18752,56,9,1,2,1,-736,0,0
41585,26,4,2,2,0,362,0,0
40412,79,5,1,1,0,668,0,0
29876,52,1,1,1,0,2338,1,0
38913,42,1,1,1,0,429,1,0
11595,28,9,2,2,0,940,1,0
10097,57,3,1,0,0,625,0,1
37503,35,1,1,0,0,298,1,0
375,49,1,2,1,0,143,1,0
16464,30,0,2,2,0,536,1,0
7650,27,7,2,1,0,437,1,1
18554,40,10,1,1,0,488,1,0
21807,48,1,1,0,0,8,0,0
27369,30,1,1,1,0,0,0,1
23773,58,5,1,2,0,1326,0,0
2898,43,1,1,0,0,887,1,0
23170,38,4,2,2,0,1272,0,0
16573,50,9,1,1,0,503,1,0
21995,39,9,1,1,0,0,0,0
42071,62,4,1,2,0,7458,0,0
35660,41,0,0,1,0,639,1,0
45117,54,0,0,2,0,122,0,0
43749,29,0,2,1,0,1070,1,0
3170,30,0,2,1,1,-35,1,0
2059,39,10,0,1,0,507,1,0
44056,32,4,2,2,0,12569,0,0
23561,42,9,0,1,0,305,1,0
10440,40,7,1,1,0,0,0,0
42343,61,0,0,2,0,89,0,0
38492,37,2,2,1,0,-22,1,0
9065,39,9,2,1,0,681,1,0
31167,38,8,2,2,0,807,0,0
24578,37,0,1,2,0,0,1,0
14614,40,1,1,1,0,299,1,0
17074,44,6,1,2,0,233,1,1
39002,30,9,1,1,0,-146,1,1
15217,26,0,1,1,0,5231,0,1
3114,29,1,1,1,0,294,1,0
40775,55,0,0,1,0,1693,0,0
5566,34,7,1,1,0,70,1,1
30511,60,0,2,1,0,473,0,0
7545,26,7,2,1,1,-599,1,1
41200,33,0,2,1,0,0,0,0
1517,27,1,1,1,0,106,1,0
16038,55,9,1,2,0,255,0,0
7430,29,9,2,1,0,404,1,0
11628,39,1,1,0,0,1473,1,0
8868,26,1,1,1,1,-82,1,0
36470,54,0,1,1,0,956,1,1
25170,52,6,2,1,0,207,0,1
5979,33,4,2,1,0,99,1,0
32603,34,1,1,0,0,329,1,0
34400,59,1,1,0,0,6212,1,0
17257,32,9,1,1,0,659,0,1
42342,37,4,1,2,0,0,0,0
33973,29,4,1,1,0,231,0,0
10646,37,7,2,1,0,1175,1,0
39783,58,10,2,2,0,2094,0,0
33577,30,4,2,2,0,275,1,0
25603,40,2,1,2,0,1024,0,0
21499,50,4,0,2,0,60,0,0
18200,43,0,1,1,0,2682,0,0
23585,59,5,1,1,0,0,0,0
41706,19,8,2,1,0,55,0,0
16856,42,4,0,2,0,20,0,0
4795,39,4,1,2,0,151,1,0
36733,45,1,1,0,0,353,1,0
31064,53,4,0,2,0,2152,0,0
11247,60,5,1,2,0,1336,0,0
38347,36,7,1,1,0,647,1,1
25204,59,3,2,1,0,26172,0,0
43333,35,9,2,1,0,1227,0,0
27564,33,4,2,2,0,0,1,1
35838,34,9,2,1,0,268,1,0
10559,29,4,2,2,0,5894,1,0
32594,31,0,1,1,0,314,1,0
4231,48,1,1,1,0,841,1,0
39487,24,1,2,1,0,167,0,1
42252,33,0,2,2,0,280,0,0
13140,38,0,1,1,0,338,0,1
16327,56,1,1,0,0,173,1,1
3150,57,9,0,1,0,3105,1,0
22097,32,6,1,1,1,9,0,0
2826,45,0,1,1,0,520,1,0
3852,35,1,1,1,0,53,1,0
15465,29,6,1,2,0,242,1,0
2614,48,4,1,2,0,2218,1,0
28624,33,1,0,1,0,880,1,1
13174,33,2,0,2,0,37,0,1
6963,44,9,1,1,0,265,1,0
26208,34,1,2,1,0,3043,1,1
42614,65,4,1,2,0,1097,0,0
38224,24,1,2,0,0,145,1,0
32254,26,1,2,1,0,2669,1,0
24716,42,9,1,1,0,525,0,0
40373,37,0,1,1,0,2061,1,1
9781,36,9,1,1,0,300,0,0
6581,35,9,2,1,0,175,1,0
39301,40,1,1,1,0,503,1,1
40143,54,4,1,2,0,8295,0,0
20421,44,6,1,0,0,4,0,0
45137,30,4,2,2,0,297,0,0
4916,37,9,2,1,0,1211,1,0
33844,42,1,1,0,0,784,0,0
31204,34,4,1,2,0,1036,1,0
1136,28,1,1,0,0,-55,1,0
14105,56,9,1,1,0,107,0,0
28901,30,1,2,1,0,49,0,0
35483,28,6,2,2,0,270,1,0
38422,42,1,0,1,0,198,0,0
32709,41,3,0,1,0,43,1,0
27776,53,10,2,1,0,6248,0,0
39958,54,6,1,2,0,990,0,0
6676,53,9,0,1,0,45,0,0
8216,48,2,1,1,0,2247,1,0
26725,53,1,2,0,0,7724,0,0
12916,28,0,2,1,0,1507,0,0
13759,30,1,1,1,0,167,1,0
261,34,4,2,2,0,318,1,0
30060,27,9,2,1,0,1601,0,0
27616,37,3,0,0,0,0,1,1
19681,34,4,1,2,0,2611,0,0
23033,52,7,1,1,0,431,0,0
26998,31,9,2,1,0,667,1,0
28066,26,10,2,1,0,622,0,0
1695,34,1,1,0,0,-78,1,0
8200,36,2,1,2,0,0,0,0
42862,29,9,1,1,0,95,0,1
6507,31,7,1,1,0,-538,0,1
1713,31,10,2,2,0,133,1,0
3250,36,1,2,1,0,-175,1,0
26570,36,1,1,1,0,7449,1,0
42499,29,4,2,2,0,572,0,0
27878,35,1,1,0,0,21,0,0
31218,29,4,2,2,0,92,0,0
38045,33,1,1,0,0,170,1,1
5627,31,4,2,2,0,9874,1,0
15569,36,0,1,1,0,0,1,0
36902,38,1,2,0,0,947,1,0
22772,39,9,0,1,0,130,1,0
13575,43,4,2,2,0,3872,1,0
864,37,1,1,0,0,693,1,0
15942,47,0,1,1,0,1715,0,0
18208,41,0,1,1,0,1705,0,0
6489,32,1,1,0,0,902,1,0
5530,43,1,1,1,0,-141,1,1
31112,29,6,2,2,0,8749,0,0
2433,26,9,1,2,0,3825,1,0
40950,47,7,1,1,0,4,0,0
29956,46,4,2,2,0,2044,0,0
4303,28,2,1,1,0,422,1,0
19712,56,5,1,0,0,3149,0,0
27677,36,1,1,2,1,-530,1,0
3362,41,9,1,1,0,665,1,0
27144,35,1,1,1,0,0,1,1
5165,39,9,1,1,0,4441,1,0
43574,55,9,1,2,0,1320,0,0
30768,44,6,0,2,0,2938,0,0
33658,33,1,2,1,0,2202,1,0
29341,45,0,1,1,1,1,0,0
11009,54,5,1,1,0,1614,1,0
22134,50,7,0,1,1,-210,0,1
8890,46,1,1,0,0,296,1,0
28715,26,4,2,2,0,157,1,0
40326,27,7,2,1,0,246,0,0
41253,39,9,1,1,0,116,0,0
4055,37,2,2,1,0,654,0,0
21374,35,3,1,0,0,0,0,0
27300,43,0,0,2,0,1440,1,1
13613,34,9,1,1,0,550,0,1
18681,46,1,1,1,0,2297,0,0
37847,36,9,2,2,0,0,1,0
11980,43,0,2,1,0,985,1,1
33880,28,9,2,1,0,113,0,0
33399,25,9,2,2,0,184,1,1
23393,53,4,1,2,0,12,0,0
41172,29,4,2,2,0,2531,0,0
20438,57,1,1,0,0,2112,0,0
1838,51,1,1,1,0,22,1,1
42569,28,4,2,2,0,1840,0,0
5970,59,4,1,0,0,252,1,1
23484,51,9,0,2,0,0,0,0
38151,24,0,1,1,0,230,1,0
27986,32,9,2,2,0,100,0,0
45209,57,1,1,1,0,668,0,0
26952,54,10,1,0,0,1251,0,0
44627,33,0,1,1,0,394,1,0
6357,33,4,2,2,0,0,0,0
5370,26,8,2,2,0,1570,1,0
20165,31,4,2,2,0,69,0,0
18182,30,0,2,1,0,285,1,0
5538,36,4,2,2,0,876,1,0
7665,58,5,1,0,0,590,1,0
19566,42,4,1,2,0,441,0,0
37387,44,1,1,2,0,1371,0,0
6373,32,0,2,1,0,223,1,1
3149,50,1,1,1,0,810,1,0
34702,50,1,1,1,0,253,1,1
36303,30,0,1,1,0,11,1,0
24179,57,1,1,3,0,3585,0,0
25146,36,1,1,1,0,2894,1,0
29362,50,9,0,1,0,8,0,0
24550,50,0,1,3,0,4861,0,0
13250,52,9,1,1,0,3554,0,1
28304,46,0,1,1,0,466,1,0
19015,50,4,1,2,0,511,1,0
295,56,9,0,0,0,13,1,0
23903,47,2,1,1,0,8480,0,0
27747,28,3,1,0,0,5,0,0
2876,48,9,1,1,0,427,0,0
27902,52,9,1,3,0,370,1,0
1166,29,9,2,1,0,247,1,0
6076,47,4,1,2,0,-1379,1,0
29493,34,4,1,2,0,0,1,0
27886,38,4,1,2,0,1066,1,0
7393,45,4,1,2,0,1929,1,0
25780,50,1,0,1,0,203,1,0
8759,29,4,2,2,0,1566,1,0
2446,42,1,1,1,0,476,1,0
23979,60,0,1,1,0,221,0,0
2439,45,1,1,1,0,4646,1,0
7982,36,4,1,2,0,596,1,0
39803,47,11,2,3,0,1819,0,0
33049,36,0,0,0,0,1127,1,0
17040,34,1,1,0,0,654,0,0
18469,46,7,2,1,0,389,0,0
18893,49,1,1,0,0,364,0,0
22787,31,4,1,2,0,2652,0,0
40692,57,3,1,0,0,501,1,1
34058,40,0,0,1,0,2129,0,0
44212,41,4,0,2,0,4567,1,1
9837,59,5,0,2,0,1197,1,0
29163,30,4,2,2,0,45,0,0
12007,31,7,1,1,0,356,1,0
44516,70,5,1,0,0,324,0,0
25737,53,4,1,2,0,241,1,0
38751,22,7,2,1,0,250,1,0
16661,29,0,1,1,0,187,1,1
37022,25,1,2,1,0,0,1,0
8187,41,1,1,1,0,795,1,0
40003,56,0,1,1,0,3554,0,0
9338,39,11,2,1,0,0,0,0
16678,29,2,1,2,0,0,1,0
23232,48,4,1,2,0,6748,0,0
31872,28,4,2,2,0,781,0,0
11210,48,1,2,0,0,0,0,0
19901,33,9,2,2,0,340,0,0
19708,53,4,1,2,0,1945,0,0
36313,41,7,0,1,0,727,1,0
12701,41,7,1,1,0,650,1,0
10873,50,4,2,0,0,766,0,0
1369,33,7,1,1,0,-232,1,0
28911,43,0,1,1,0,764,1,0
25480,39,4,2,1,0,4278,1,0
38945,26,1,1,1,0,160,1,0
31368,59,9,1,1,0,259,0,0
4085,33,0,1,1,0,0,0,0
12107,35,4,2,2,0,996,0,0
34494,58,0,1,1,0,2160,1,1
35125,31,6,2,1,0,148,1,1
36163,30,6,2,2,0,137,1,0
11040,39,1,1,0,0,-119,0,0
40509,27,8,2,1,0,111,0,0
7406,37,9,1,2,0,472,1,0
22270,35,4,2,2,0,0,0,0
25895,30,9,1,1,0,2278,0,1
15660,37,3,1,2,0,0,1,0
43953,71,5,1,1,0,29941,0,0
11323,46,1,1,0,0,1823,0,0
6212,49,10,1,0,0,-384,1,0
9362,38,1,1,1,0,292,1,1
34012,23,4,2,2,0,736,1,0
7620,36,4,1,2,0,722,1,0
33601,32,4,1,2,0,1683,1,1
32917,37,1,0,1,0,752,1,0
38036,28,9,2,1,0,3,1,0
43308,47,3,2,2,0,3232,0,0
13480,43,9,1,1,0,-754,1,1
184,36,0,1,2,0,211,1,0
41847,22,7,2,1,0,129,0,0
44315,39,10,1,0,0,7005,1,0
30490,37,4,1,2,0,-491,1,0
1487,34,1,1,1,0,103,1,1
2926,57,7,1,1,0,6874,1,0
38378,28,8,2,2,0,22,1,0
16091,41,4,1,2,0,9,1,0
38736,60,4,0,2,0,-4057,1,0
20018,37,9,2,1,0,274,0,0
27060,42,4,2,2,1,0,1,0
41439,73,5,1,3,0,3443,0,0
25248,50,0,2,1,0,5816,1,0
26684,31,10,1,0,0,3837,0,0
22126,38,9,1,1,0,1960,1,0
2035,40,7,1,1,0,69,1,0
5777,34,9,1,1,0,-287,1,1
43191,27,8,2,2,0,311,0,0
264,41,2,1,0,0,236,1,0
21803,42,9,1,1,0,233,0,0
2504,59,5,1,2,0,-892,1,0
37460,47,1,1,0,0,3067,1,0
42371,46,3,1,1,0,38,0,0
44819,58,4,0,3,0,2986,0,0
3030,42,1,1,1,0,171,1,0
13979,33,0,1,1,0,89,0,0
24785,33,4,0,2,1,280,0,1
44849,70,5,1,0,0,3782,0,0
23176,31,4,2,2,0,730,0,0
18779,42,0,1,1,0,247,1,0
1378,49,0,2,1,0,275,0,0
34268,50,4,1,2,0,346,0,0
2291,57,1,1,0,1,0,1,0
23267,52,9,1,1,0,1697,0,1
42227,21,8,2,1,0,123,0,0
11739,52,5,1,2,0,2269,0,0
7074,43,9,1,1,0,-496,1,0
29306,41,4,2,2,0,601,1,1
40529,42,4,1,1,0,406,1,0
35477,43,11,1,1,0,703,1,0
11074,39,4,0,1,0,51,0,0
19821,52,4,1,2,0,1209,0,0
13236,25,0,1,1,0,142,1,0
11514,37,0,1,1,0,0,0,1
20350,49,4,1,2,0,4594,0,0
39971,23,9,2,1,0,4545,0,0
41769,46,2,0,1,0,1187,0,1
11362,50,7,1,1,0,748,0,1
27451,46,0,0,1,0,3163,0,0
36022,36,1,2,1,0,661,1,0
40196,37,11,2,2,0,0,0,0
19466,52,2,1,1,0,0,0,0
44986,51,5,1,1,0,0,1,0
29838,30,10,2,1,0,1058,0,0
32819,59,7,0,0,0,6290,1,0
7792,48,7,1,1,0,7019,1,0
8798,29,1,2,1,0,-37,1,0
7633,46,4,1,2,0,583,1,0
30800,31,0,2,1,0,690,0,0
44064,35,1,1,1,0,262,0,0
13325,32,4,2,2,0,191,0,0
23254,57,5,1,1,0,63,0,0
11346,52,0,1,1,0,0,0,0
34737,37,4,1,2,0,0,1,0
15556,27,4,2,1,0,-403,1,0
19097,60,4,1,2,0,4063,0,0
40616,49,4,0,2,0,914,0,0
5578,32,1,1,1,0,1780,1,0
25938,51,10,1,1,0,2439,0,0
34282,33,0,0,1,0,661,1,0
24015,50,0,1,2,0,0,0,0
19717,30,9,1,2,0,0,0,0
35090,31,7,1,1,0,-414,1,0
28831,54,9,1,3,0,0,0,0
30271,26,1,1,1,0,624,1,0
4671,36,9,2,1,0,5436,1,0
44436,29,4,2,2,0,437,0,0
15167,29,0,1,1,0,453,1,0
18986,58,4,1,2,0,9683,0,0
36262,37,1,1,1,0,223,1,0
9437,37,6,1,1,0,160,0,0
34122,35,4,1,2,0,71,1,0
13577,44,3,1,0,0,0,1,0
40005,39,1,2,2,0,48,0,0
28811,36,9,2,1,0,317,1,0
32122,37,4,1,2,0,46,1,0
36305,36,1,2,1,0,151,1,0
24291,57,0,1,0,0,1694,1,0
3156,26,1,2,1,0,786,1,1
36094,33,1,1,1,0,7,1,0
36768,39,0,2,1,0,102,1,0
25073,37,4,1,0,0,5427,0,0
9307,39,1,1,0,0,3127,1,1
10675,35,1,1,1,0,-281,1,0
33621,37,9,2,1,0,1012,1,0
29011,55,4,0,2,0,-207,0,0
467,50,1,1,0,0,71,1,0
16235,29,9,2,2,0,48,1,0
39947,54,4,1,0,0,2587,0,0
16437,48,7,2,1,1,-470,1,0
23307,38,8,1,1,0,134,0,0
44808,36,9,1,2,0,376,0,0
31377,32,4,1,2,0,376,1,0
31106,62,5,1,3,0,800,0,0
24738,31,1,2,2,0,761,0,0
2177,43,1,1,0,0,0,1,0
6290,31,7,1,1,0,-214,1,0
23026,36,4,1,2,0,1313,0,0
34407,30,0,0,1,0,1320,1,1
3995,53,1,1,1,0,2,1,0
4715,39,4,2,1,0,247,1,0
3700,31,1,2,1,0,0,1,1
43512,24,0,2,1,0,1295,0,0
17375,32,7,2,1,0,72,0,0
19225,43,4,1,2,0,136,0,0
40566,34,1,2,0,0,79,0,0
14289,40,6,1,1,0,1749,0,0
40532,34,0,1,1,0,1551,1,1
43892,28,4,2,2,0,187,0,0
44509,29,1,2,2,0,98,0,0
20232,46,9,1,1,0,159,0,1
20378,57,1,1,1,0,14093,0,0
23860,32,9,2,1,0,284,0,0
29161,36,10,0,1,0,1366,0,1
3591,59,5,0,1,0,337,1,0
10998,38,1,1,0,0,265,0,0
27341,57,9,1,1,0,7766,1,0
40817,32,4,2,2,0,131,1,0
6924,31,4,2,2,0,-160,1,0
44518,30,8,2,1,0,1779,0,0
33283,34,1,1,1,0,856,1,0
2709,35,1,0,0,0,300,1,0
33124,61,4,2,2,0,2,0,0
39730,34,4,1,2,0,8000,0,0
15629,25,10,2,1,0,-230,1,0
8118,40,9,1,1,1,34,1,0
8721,38,0,1,2,0,342,1,0
36088,38,5,1,3,0,304,0,0
16443,35,1,1,1,0,74,0,0
21823,33,9,1,1,0,956,1,1
9449,37,1,1,1,0,685,1,0
16377,25,7,2,1,0,99,0,1
24500,45,4,0,2,0,3150,1,0
3348,44,7,1,1,0,-22,1,0
34397,28,1,1,1,0,61,1,0
33148,46,1,0,1,0,168,1,0
37916,57,1,2,0,0,739,1,0
41411,32,0,1,1,0,995,0,0
36343,48,1,1,1,0,7985,1,0
40093,31,4,2,2,0,617,0,0
11552,43,1,0,1,0,1138,0,0
4047,36,4,1,1,0,122,1,0
27142,56,1,1,1,0,2583,0,0
6991,27,4,2,2,0,3104,1,0
33573,29,4,2,2,0,11968,1,0
8844,27,1,2,0,0,881,1,0
43514,42,3,0,0,0,273,0,0
39622,34,9,1,2,0,0,0,0
38434,39,2,1,2,1,-172,1,0
22038,34,9,2,2,0,19,0,0
19438,52,9,1,1,0,1815,0,0
25377,30,4,1,2,0,1185,1,0
10677,41,2,1,2,0,373,0,0
34135,55,1,1,0,0,3297,1,1
31569,73,5,1,1,0,1292,0,0
15948,32,4,1,2,0,553,1,0
15817,55,3,1,1,0,127,1,0
40321,48,9,1,1,0,1981,1,0
16374,48,1,1,0,0,-460,0,0
38812,31,7,0,1,0,39,1,0
37840,50,1,1,1,0,2719,1,0
42994,61,5,1,2,0,5267,0,0
42229,31,4,2,2,0,533,0,0
1022,31,0,0,1,0,308,1,0
23032,49,7,1,1,0,0,0,0
8704,46,0,1,0,0,-335,1,0
34054,58,5,1,0,0,2969,0,0
9654,39,9,1,1,0,328,0,0
5908,34,4,2,2,0,1640,1,0
15579,59,3,1,0,0,-187,1,0
13427,49,0,1,1,0,167,0,1
22335,52,4,1,2,0,1227,0,0
6543,29,1,0,0,0,2597,1,0
34116,30,1,1,1,0,4389,1,0
28361,55,1,1,0,0,119,0,0
43442,26,4,2,2,0,1646,0,0
21800,43,6,1,2,0,488,0,0
25630,50,4,1,1,0,1580,0,1
37043,54,9,1,1,0,324,1,0
27031,33,1,1,3,0,2655,1,0
29934,41,6,2,2,0,-94,1,0
14644,29,7,2,1,0,153,0,0
22824,55,4,2,2,0,1498,0,0
33300,34,9,2,1,0,1161,1,0
19749,37,9,2,1,0,3,1,0
25746,48,5,1,0,1,-285,0,1
380,38,1,1,1,0,757,1,0
10058,47,1,1,0,0,4157,0,0
44626,31,7,2,1,0,-205,0,0
39901,39,10,2,2,0,79,0,0
19065,47,11,1,3,0,301,0,0
10195,39,5,1,1,0,-160,1,0
930,55,5,1,0,0,-90,1,1
2626,31,9,1,1,0,106,1,0
18910,46,5,0,2,0,-48,0,0
45156,37,4,1,2,0,3556,0,0
35663,32,9,1,1,0,56,1,0
8611,41,1,0,0,0,2195,1,0
42440,72,5,1,3,0,413,0,0
31974,43,1,1,1,0,2355,1,1
26546,36,4,2,2,0,2685,0,1
32841,33,6,2,2,0,301,1,0
22356,46,3,2,2,0,1328,0,0
19557,38,4,2,2,0,470,0,0
35372,50,4,1,1,0,0,1,1
23620,58,3,1,0,0,7881,0,0
11072,24,9,2,1,0,2355,1,0
17636,38,9,2,1,0,4366,1,0
20778,32,4,1,2,0,1337,0,0
39416,43,4,0,3,0,7702,0,0
31310,24,0,2,2,0,-61,0,0
10086,36,1,2,1,0,161,1,0
34632,51,9,2,1,0,-463,1,0
9653,38,1,1,1,0,1434,0,0
4603,32,1,1,1,0,113,1,1
25757,34,1,0,1,0,1125,1,1
28886,31,4,2,2,0,358,1,0
25700,39,3,1,1,0,1444,0,0
42217,32,9,2,2,0,6746,0,0
26117,45,2,1,2,0,3689,1,0
24964,40,4,1,2,0,3185,0,0
44376,63,4,1,2,0,2785,0,0
12111,50,5,0,1,0,4861,0,0
31965,43,1,0,1,0,59,1,0
44454,34,4,2,2,0,417,1,0
43171,57,10,0,1,0,79,1,0
10702,47,1,1,0,0,667,0,0
2995,51,0,1,0,0,658,1,0
21341,33,3,1,0,0,813,0,0
6648,29,3,1,2,0,420,1,0
22811,33,9,2,2,0,6,0,0
17199,28,7,2,1,0,1136,0,0
40382,63,5,1,1,0,2747,0,0
9278,36,4,1,2,0,-661,1,1
35688,23,9,2,1,0,4,1,0
38440,32,7,1,1,0,118,1,0
30784,56,2,1,1,0,1272,0,0
19514,52,0,1,3,0,635,0,0
40804,28,8,2,1,0,5916,0,0
9471,52,6,1,2,0,1088,1,0
21084,57,7,1,1,0,1315,0,0
42389,28,0,2,1,0,520,1,0
2777,56,6,1,2,0,871,1,0
24928,53,1,1,0,0,53,1,0
7097,30,7,2,1,0,179,1,0
7544,37,9,2,1,0,864,1,0
8159,35,9,1,1,0,1707,1,0
28995,44,9,1,1,0,-1317,1,0
13955,29,7,1,1,0,3,1,0
44388,34,0,1,2,0,0,1,1
20257,46,4,2,2,0,379,0,0
14486,43,6,1,1,0,274,0,0
1203,39,0,1,1,0,419,1,1
18083,26,1,2,1,0,179,0,0
26281,31,4,1,1,0,1064,0,0
38931,30,9,1,1,0,1211,1,0
16141,40,4,1,2,0,995,1,0
37486,35,3,2,1,0,-122,1,1
21469,45,9,1,2,0,2359,0,0
38695,50,6,1,1,0,358,1,1
25850,30,10,1,1,0,1566,0,0
10399,43,3,1,1,0,1476,0,0
31801,35,1,1,1,0,21,1,0
16547,48,9,1,1,0,93,0,0
14041,33,1,1,1,0,0,1,1
15512,32,0,0,1,0,-46,0,1
39110,27,9,0,1,0,21,1,0
28264,40,10,0,1,0,388,0,0
15851,29,1,1,0,0,544,0,1
24984,51,9,1,2,0,7338,0,0
12430,49,1,1,0,0,230,0,1
4118,41,7,0,1,0,-19,1,0
38634,45,1,2,0,0,116,1,0
17025,47,4,1,2,0,7,1,0
17727,49,0,0,1,0,124,1,1
33656,52,0,0,1,0,725,1,0
26133,51,2,1,2,0,3188,1,1
42045,30,4,2,2,0,0,0,0
3927,40,7,2,1,0,-61,1,1
14508,41,1,1,1,0,514,0,1
33299,38,7,1,1,0,-349,1,0
11200,37,9,1,1,0,603,0,0
14141,35,0,2,1,0,141,0,0
24386,31,0,2,2,0,0,0,0
23867,31,9,2,1,0,0,0,0
7249,47,1,1,1,0,7985,1,0
7875,40,0,1,1,0,1538,1,0
43407,44,4,1,1,0,2897,0,0
39552,26,4,1,2,0,243,0,0
9863,42,9,1,1,0,0,0,0
15271,41,4,2,2,0,0,1,0
18493,43,9,1,1,0,533,1,0
9340,39,6,1,2,0,1047,0,0
13074,51,0,1,1,0,38,0,1
38449,60,5,0,1,0,-639,1,0
35934,55,4,0,2,0,481,1,0
16650,52,4,0,2,1,0,0,0
33128,56,9,1,1,0,0,1,0
17844,43,10,1,1,0,1630,0,0
952,33,1,1,0,0,198,1,0
2160,46,1,1,0,0,-29,1,0
1799,23,7,2,1,0,-39,1,1
15531,51,9,1,1,0,1490,1,0
31371,59,0,1,1,0,3735,0,0
9766,39,1,2,0,0,1530,1,0
40892,34,9,1,1,0,256,1,0
19721,34,9,1,1,0,7487,0,0
22656,58,9,1,2,0,0,0,0
29701,55,10,0,0,0,-53,0,0
38195,60,0,0,1,0,174,1,0
10034,49,1,1,1,0,59,1,0
10400,35,1,1,0,0,1116,1,0
11171,37,4,1,2,0,11265,0,0
28012,53,1,2,1,0,5715,0,0
7711,32,1,1,1,0,419,1,0
8946,24,4,2,2,0,933,1,0
42338,29,10,2,0,0,1374,0,0
6564,27,1,1,1,0,0,0,0
41246,51,9,1,1,0,117,0,0
23108,57,7,1,1,0,1113,0,0
11280,39,1,2,1,0,1967,0,0
32243,58,1,1,1,0,8195,1,0
25730,32,1,1,1,0,3228,1,0
5175,31,1,2,0,0,-280,0,0
26087,40,0,1,3,0,9110,1,0
21372,32,9,1,1,0,0,1,0
20615,36,9,2,2,0,1072,1,0
29105,35,0,2,2,0,994,0,0
35932,31,1,0,1,0,-209,1,0
8466,34,1,2,3,0,6141,1,0
7108,36,9,2,3,0,0,1,0
10990,53,1,2,0,0,354,1,0
2324,32,0,2,2,0,594,1,0
41258,72,5,1,1,0,676,0,0
31217,33,0,1,2,0,21,0,1
12855,38,3,0,1,0,216,0,0
24396,45,9,2,1,0,819,0,1
28250,34,4,1,2,0,303,1,0
43269,39,4,1,2,0,494,0,0
3776,40,1,1,1,0,580,1,0
33083,39,4,2,2,0,1340,1,0
43875,56,0,1,1,0,699,0,0
7758,27,7,2,2,0,3021,1,0
27864,56,10,1,1,0,-246,0,1
21002,30,9,1,2,0,910,0,0
18404,50,1,0,0,0,2554,0,0
2974,53,2,1,0,0,694,1,0
34043,32,0,0,1,0,4,1,0
23661,48,1,1,0,0,323,0,0
43373,31,4,2,2,0,4319,1,0
20788,34,9,1,2,0,8463,0,0
42465,35,9,1,1,0,13658,1,0
3598,47,9,1,1,0,2781,1,0
14907,34,7,1,1,0,889,1,0
36449,35,1,1,0,0,151,1,0
15508,37,4,1,2,0,2364,0,0
34086,43,1,1,1,0,2105,0,0
23127,46,4,1,2,0,326,0,0
31004,25,4,1,2,0,103,0,0
27956,31,7,1,1,0,338,1,0
13121,53,9,0,0,0,-834,1,1
5778,31,4,1,2,0,2229,1,0
3034,44,1,1,1,0,2017,1,0
43340,37,9,1,1,0,1458,0,0
37579,34,1,1,1,0,529,1,0
21505,31,9,1,2,0,6562,1,0
12503,35,6,1,1,0,28,0,1
37493,42,1,1,0,0,21,1,0
28047,49,7,1,1,0,-507,0,0
44924,35,1,1,1,0,137,0,1
37218,32,10,1,0,0,309,1,0
22620,33,9,1,2,0,29,0,0
27447,41,1,1,1,0,1539,1,0
33990,30,9,2,2,0,1185,1,0
44319,31,4,2,2,0,725,1,0
37711,39,4,1,2,0,1738,1,0
4255,41,0,1,1,0,3855,1,0
6883,43,1,1,1,1,-504,1,0
44416,30,3,2,2,0,19,0,0
24947,44,4,1,0,0,1880,1,0
3482,33,4,2,2,0,-625,1,0
7066,41,0,2,1,0,882,1,1
10323,45,9,0,1,0,29,0,0
11610,29,0,2,1,0,732,1,0
1538,34,4,1,2,0,336,1,1
14763,53,9,1,1,0,2818,1,0
19128,52,7,1,1,0,1000,0,0
34321,53,9,1,1,0,112,0,0
14266,55,0,1,0,0,343,1,0
40109,60,11,1,3,0,5003,0,0
2817,35,9,1,1,0,51,1,0
31121,61,9,1,2,0,1263,0,0
7960,44,7,1,1,0,26,1,0
8810,24,8,2,1,0,2726,1,0
2381,36,1,1,1,0,-195,1,0
12583,34,1,1,0,0,0,0,0
20910,40,4,0,2,0,823,0,0
36292,43,0,2,1,0,426,1,0
35397,32,1,2,1,0,-219,1,0
45023,41,4,0,2,0,3355,0,0
40215,53,10,2,0,0,183,0,0
20507,50,9,1,2,0,5907,1,1
31686,33,4,1,2,0,663,1,0
35534,37,1,1,1,0,740,1,0
14324,33,2,2,2,0,75,1,0
12087,53,5,0,0,0,1126,0,0
34424,34,4,2,2,0,26575,0,0
37586,33,0,2,1,0,223,1,1
40664,46,0,1,1,0,7386,0,0
25545,40,6,0,2,0,1077,0,0
3151,47,9,1,1,0,351,1,0
44935,39,4,1,2,0,2939,0,0
19770,52,1,1,1,0,409,0,0
37814,43,1,1,0,0,533,1,0
42171,53,0,1,1,0,10541,0,0
4025,42,4,2,2,0,10561,0,0
36485,47,7,1,1,0,600,1,1
16810,26,7,1,1,0,199,0,0
20478,30,4,2,1,0,24,0,0
38342,30,7,2,1,0,-100,1,1
12463,45,9,1,2,0,-302,0,1
34691,28,7,0,1,0,6,1,1
6223,36,1,1,0,0,244,1,0
12881,47,4,1,2,0,-50,0,1
11587,26,1,1,1,0,1028,1,1
45193,28,6,2,2,0,159,0,0
39822,39,9,2,2,0,139,0,0
27612,36,4,2,1,0,1785,0,0
28070,37,4,2,2,0,37,0,0
6177,28,1,1,1,0,110,1,0
23282,46,9,1,3,0,312,0,0
25400,33,4,2,2,0,2206,1,0
11865,38,1,2,2,0,2885,1,0
29519,48,0,1,0,0,3,1,0
40953,52,9,1,2,0,1785,0,0
25567,36,0,2,2,0,649,0,0
36283,32,1,0,1,0,-15,1,1
44456,27,6,2,2,0,347,0,0
39799,34,1,1,1,0,262,0,0
17869,26,9,2,1,0,0,0,1
38575,40,4,1,2,0,-1212,1,0
4969,35,9,2,2,0,458,1,0
42748,61,0,1,3,0,4629,1,0
15414,30,4,1,2,0,107,1,1
6387,28,4,2,2,0,204,1,0
32717,39,9,1,1,0,375,1,1
43105,47,0,1,1,0,368,0,0
31042,31,4,2,1,1,0,0,0
6548,43,1,1,0,0,-127,1,0
7241,48,1,1,1,0,5241,1,0
7363,30,0,1,1,0,2931,1,0
15759,53,4,0,1,0,28,1,0
44987,42,4,1,2,0,298,0,0
38168,28,9,2,2,0,558,1,0
33977,26,0,2,1,0,1327,0,0
9166,36,11,2,3,0,1070,0,0
474,34,0,1,1,0,869,0,0
3311,46,9,0,2,0,405,1,0
8407,25,0,2,2,0,407,1,0
4596,31,1,2,1,0,5607,0,0
40424,33,4,2,2,0,804,1,0
27095,52,9,1,1,0,230,1,1
9775,41,4,1,1,0,5585,0,0
13922,45,0,1,1,0,1387,1,0
30708,40,1,1,3,0,638,1,1
12826,27,7,1,1,0,221,0,1
44491,66,4,1,2,0,6251,0,0
27614,33,1,1,0,0,1903,1,0
26639,49,1,2,0,0,3710,1,0
31728,43,9,2,1,0,4990,1,0
5060,34,4,2,2,0,2412,1,0
15210,51,7,1,1,0,2904,1,0
28923,38,1,1,1,0,168,0,1
30686,26,10,2,1,0,387,0,0
21794,47,9,1,1,0,677,0,0
11758,41,9,0,2,0,24055,0,1
34109,54,4,1,2,0,1014,0,1
2184,43,0,2,1,0,275,1,0
29319,49,1,1,0,0,4,1,1
11807,45,1,1,0,0,0,0,1
23112,45,4,1,2,0,22815,0,0
33015,51,1,1,1,0,1329,1,1
5560,30,9,2,1,0,1572,1,1
12566,47,1,1,0,0,-187,0,0
32797,37,1,1,0,0,3977,1,0
1119,39,9,2,3,0,0,1,0
15354,59,5,1,1,1,-2,0,1
23954,54,7,1,3,0,324,0,0
7407,38,1,1,3,0,976,1,0
14686,44,1,0,1,0,-1,0,1
37610,52,4,1,1,0,2216,1,1
30958,46,7,1,1,0,692,1,0
38939,30,1,2,1,0,3950,1,0
22357,36,9,1,2,0,0,0,0
12435,55,4,1,2,0,0,0,0
29331,46,1,1,0,0,977,0,1
10166,38,7,1,1,0,433,0,0
22549,35,9,1,1,0,712,1,1
33401,50,6,0,2,0,13,1,0
41006,54,9,1,1,0,473,0,1
40920,30,1,2,0,0,334,0,0
43759,60,4,1,1,0,0,0,0
37513,55,9,1,2,0,639,1,0
30558,37,1,2,1,0,111,1,0
33636,35,2,1,2,0,129,1,0
29562,55,4,1,1,0,964,0,0
9512,49,3,0,3,0,2754,0,0
44081,24,0,2,2,0,674,1,0
15387,33,4,2,1,0,239,1,1
7165,42,1,1,1,0,-972,1,0
9735,46,1,1,0,0,1666,1,0
23997,60,9,2,1,0,0,0,0
38887,33,0,2,1,0,2717,1,0
36897,45,1,1,1,0,3412,1,0
30515,33,4,1,2,0,377,1,0
3559,48,1,1,0,0,1001,1,0
30088,38,6,1,1,0,1029,1,0
18887,55,6,1,1,0,4493,0,0
29729,57,4,1,1,0,82,0,1
11250,37,7,1,1,0,2128,0,0
33628,34,7,1,1,0,409,1,0
7785,42,9,1,1,0,4791,1,0
36873,39,4,1,2,0,1425,1,0
26714,30,9,2,2,0,2784,0,0
23602,37,9,1,1,0,163,0,1
26560,32,4,2,2,0,12686,1,0
18694,40,1,1,0,0,57,1,0
19143,44,4,2,1,0,421,0,1
10723,54,5,1,0,0,1156,0,0
23359,51,3,1,1,0,260,0,0
15511,38,4,2,2,0,21963,0,0
14484,39,9,1,2,0,0,1,0
33616,42,4,0,1,0,317,1,0
34011,53,4,1,2,0,1624,0,0
21097,57,9,0,1,0,372,0,0
28750,26,4,2,2,0,828,1,0
38093,33,1,1,1,0,101,1,0
22886,30,4,2,2,0,0,0,0
27621,34,9,2,2,0,362,1,0
6179,34,1,1,1,0,-61,1,0
17564,42,7,1,3,0,-416,0,1
3460,27,1,2,0,0,431,1,0
18755,37,0,1,1,0,5132,0,0
23558,32,9,2,2,0,632,1,0
10381,38,7,1,1,0,702,1,0
36779,34,7,1,1,0,-118,1,0
38340,44,0,0,1,0,-179,1,0
23343,37,3,1,0,0,309,0,0
25994,48,4,1,2,0,879,0,0
32766,51,1,1,1,0,528,1,0
44894,72,5,1,0,0,4657,0,0
41822,80,5,1,1,0,2,0,0
3863,44,1,0,3,0,532,0,0
27737,48,10,1,2,0,641,0,0
21194,60,5,1,0,0,97,0,0
35319,51,5,1,0,0,670,1,0
3047,29,9,2,1,0,6911,0,0
2431,39,0,0,1,0,-141,1,0
20181,33,3,1,0,0,0,0,0
16694,35,10,1,0,0,3,0,0
32750,40,1,1,0,0,572,1,1
1940,46,1,1,0,0,881,1,0
3825,24,7,2,1,0,-248,1,0
32410,43,1,1,0,0,601,1,0
38643,25,5,2,1,0,366,0,1
30584,52,4,1,1,0,4873,0,0
15722,54,9,0,1,0,859,0,1
33997,60,5,1,3,0,209,0,0
15509,46,9,0,2,0,-243,0,1
6820,28,9,2,2,0,183,1,1
37623,38,7,1,1,0,934,1,0
1474,41,1,2,1,0,363,1,0
14525,52,9,1,3,0,370,1,0
34501,31,9,2,1,0,271,1,0
35396,35,1,2,1,0,2227,1,0
29335,52,0,1,1,0,2851,0,1
11942,48,9,1,1,0,71,0,0
11255,50,4,1,2,0,3296,0,0
13810,29,9,2,1,1,-33,0,1
2622,43,1,1,1,0,576,1,1
25969,56,0,1,1,0,0,1,0
40565,39,7,1,1,0,972,1,0
39227,37,1,1,1,0,-83,1,0
29414,47,7,1,1,0,1160,1,0
37330,48,7,0,1,0,-276,1,1
37820,36,1,0,0,0,0,0,0
43365,82,5,0,0,0,1419,0,0
19393,49,1,1,1,0,141,0,0
28698,42,7,1,1,0,199,0,0
17146,44,7,1,1,0,908,1,1
7444,52,10,1,1,0,32,1,0
5110,48,1,1,0,0,5366,1,0
36658,49,4,1,2,0,666,1,0
39578,60,5,0,2,0,4,1,0
23648,33,4,2,2,0,1530,0,0
31933,38,0,2,2,0,-898,1,0
14260,50,0,1,1,0,3258,0,1
3314,49,0,2,1,0,716,1,0
36209,39,1,1,1,0,1403,0,0
14137,56,2,1,2,0,40,0,1
21343,31,4,2,2,0,350,0,0
27122,46,7,1,1,0,2948,0,0
991,33,4,1,2,0,436,1,0
33682,32,1,1,1,0,419,1,0
10022,45,1,1,0,0,408,0,0
30144,46,10,1,1,0,594,0,0
30819,37,1,1,1,0,688,1,0
20254,33,4,1,2,0,540,0,0
8377,34,1,2,1,0,13683,1,0
36422,38,1,1,1,0,279,1,0
12362,27,9,1,1,0,594,1,0
21359,55,4,1,2,0,0,0,1
9811,50,5,2,0,0,208,0,0
7418,37,0,1,1,0,99,1,0
18868,56,1,1,0,0,136,0,0
33508,26,7,2,1,0,136,0,0
32799,45,1,1,0,0,2348,1,0
971,33,9,1,1,0,0,1,0
38607,39,7,1,1,0,435,1,0
10756,37,7,2,1,0,105,0,1
3962,33,4,1,2,0,307,0,0
38328,32,7,2,1,0,1987,1,0
33884,36,10,2,2,0,1291,0,0
5805,28,9,1,1,0,880,1,0
31475,32,7,2,2,0,1743,1,0
23991,37,9,1,1,1,-3,0,0
2467,43,1,1,3,0,3373,1,0
28436,53,0,2,1,0,393,0,0
33599,50,7,1,1,0,2420,1,0
41795,23,8,2,1,0,107,0,0
2825,57,4,1,2,0,0,1,0
8694,33,1,1,1,0,-409,1,0
5217,39,1,1,1,0,439,1,0
39228,28,1,1,0,0,519,1,0
6694,27,1,2,1,0,2364,1,0
15428,33,1,2,1,0,2668,1,0
25565,58,4,1,1,0,60,0,1
7368,35,0,0,1,0,45,1,0
34812,40,5,1,1,0,102,0,0
34748,40,0,0,1,0,83,1,0
24825,39,0,2,2,0,283,1,0
35451,36,4,2,2,0,243,1,0
34114,49,1,1,1,0,298,1,0
27707,40,1,1,1,0,-648,1,0
23071,35,9,2,1,0,79,1,0
36421,37,4,0,2,0,0,1,0
16739,47,1,1,3,0,2458,0,0
33512,37,4,2,2,0,72,1,1
31213,35,4,1,2,0,5367,0,0
39876,38,9,1,1,0,1931,0,0
33491,45,4,1,2,0,21024,1,0
37108,37,7,1,1,0,655,0,0
18598,37,2,2,2,0,65,0,0
5394,46,0,2,3,1,0,0,0
37581,32,4,2,2,0,469,1,0
28224,37,4,1,2,0,1330,1,0
3870,44,0,1,1,0,73,1,0
22226,39,4,2,2,0,86,1,0
44022,60,5,1,1,0,2060,0,0
43948,36,0,1,1,0,1031,0,0
15394,31,0,2,1,1,-429,0,1
33514,37,7,1,1,0,144,1,0
21660,40,9,0,1,0,0,0,0
18251,43,0,1,1,0,0,0,0
42275,58,7,0,1,0,462,0,0
13200,45,7,1,1,0,1343,0,1
15723,44,7,2,1,0,5,0,0
9154,37,2,1,1,0,351,1,0
33033,37,9,2,2,0,6889,1,0
39893,25,4,2,2,0,1628,0,0
18812,47,0,1,1,0,-1091,1,1
31723,71,5,1,1,0,951,0,1
12308,43,1,1,0,0,720,0,0
27662,32,0,1,2,0,79,1,0
3139,41,9,2,2,0,6029,1,0
24082,26,7,2,1,0,1445,0,0
37301,51,0,1,1,0,42,1,0
9992,38,1,1,0,0,3289,0,0
10427,58,5,1,0,0,1761,0,0
3062,49,5,1,1,0,329,1,0
43172,38,9,2,1,0,0,0,0
36486,36,1,2,0,0,109,1,0
16597,26,0,1,1,0,8,1,1
42945,79,5,0,1,0,631,0,0
9563,54,3,1,1,0,378,0,0
32073,34,7,1,1,0,6662,1,1
13964,29,1,2,1,0,8079,0,1
5223,33,9,2,1,0,486,1,0
10249,43,9,2,1,0,59,1,0
13855,40,1,1,1,0,2158,0,0
36715,40,1,0,1,0,-244,1,0
34826,53,1,1,1,0,380,1,1
8086,31,0,2,2,0,7505,1,1
39219,29,1,0,3,0,101,1,0
4922,31,1,1,1,0,932,1,0
36606,50,1,1,1,0,173,1,0
40150,55,3,1,3,0,366,0,0
41074,57,5,1,1,0,479,0,0
19520,50,9,1,1,0,684,1,0
284,30,1,2,1,0,0,1,0
43624,26,9,2,2,0,401,0,0
11634,41,3,2,1,0,2184,0,0
26878,35,7,0,0,0,55,0,0
25643,41,4,0,2,0,8106,0,0
31869,57,1,1,1,0,1412,1,0
44798,38,4,1,2,0,1477,0,0
40627,41,0,0,1,0,490,1,0
5536,36,1,1,0,0,655,1,0
18905,47,7,1,0,0,0,1,0
19997,55,4,1,2,0,1909,0,0
14123,32,0,1,2,0,0,1,1
9476,41,1,1,0,0,1461,1,0
28598,46,7,0,1,0,5,1,1
15833,51,5,1,1,0,-14,0,1
23717,50,1,1,0,0,565,1,1
44743,45,4,1,2,0,623,0,0
2003,30,0,1,1,0,15,1,0
38114,28,8,2,1,0,293,0,0
26729,43,7,1,1,0,14679,1,0
43199,34,0,1,1,0,5320,0,0
20316,31,4,1,1,0,0,0,0
15666,43,4,0,2,0,0,1,0
29928,46,9,1,1,0,388,0,0
12343,51,7,1,1,0,0,0,1
20962,38,4,2,2,0,2454,1,0
41003,35,9,1,1,0,1368,0,0
32227,39,1,1,0,0,467,1,0
12148,37,7,0,0,1,-475,0,0
13831,41,1,1,1,0,5517,1,0
20800,51,11,1,1,0,0,0,0
27378,30,8,2,2,0,3300,0,0
44049,21,8,2,1,0,2488,0,0
14766,30,9,1,3,0,0,1,0
22737,35,9,2,2,0,2650,0,0
3217,46,0,0,1,0,2515,1,1
22922,39,9,0,1,0,807,1,1
37101,38,1,1,0,0,447,1,0
42769,38,9,2,2,0,6889,1,0
1003,44,7,1,0,0,-79,1,0
29724,31,4,1,2,0,302,1,1
43353,20,8,2,3,0,179,0,0
39621,44,9,2,2,0,643,0,0
9268,58,3,1,0,0,419,0,1
449,42,1,1,3,0,132,1,0
28431,28,9,1,1,0,232,1,1
27988,32,4,2,3,0,787,0,0
27098,53,1,1,1,0,1777,1,0
5295,34,0,2,1,0,5547,1,0
32293,33,6,2,2,0,1354,1,0
24876,51,1,1,0,0,1194,1,0
11090,40,9,1,1,0,265,0,0
18891,45,6,1,1,0,1051,0,0
25518,57,5,2,0,0,604,0,0
10247,36,0,0,1,0,0,0,0
35290,58,5,1,2,0,138,0,0
7199,35,1,1,1,0,809,1,1
11348,36,0,1,1,0,542,1,0
20943,58,5,1,1,0,8332,0,0
20485,40,4,1,2,0,12409,1,0
9033,37,6,2,1,0,125,0,0
26444,32,10,2,1,0,1249,1,0
41286,70,5,1,1,0,1853,0,0
44437,38,9,1,1,0,318,0,0
27784,49,4,1,2,0,865,0,0
44778,58,4,1,2,0,0,0,0
44091,43,9,1,1,0,69,1,1
7297,45,0,1,0,0,895,1,0
21174,45,7,1,1,0,567,1,0
4483,36,1,1,3,0,17983,1,0
43531,43,9,2,3,0,11115,0,0
19487,39,9,2,1,0,1104,0,0
31683,33,7,1,1,0,387,1,0
23578,37,4,1,1,0,859,0,0
44293,32,0,2,1,0,457,0,0
16987,30,9,1,2,0,71,1,0
4418,35,1,1,1,0,274,1,1
38731,24,1,2,1,0,1690,1,1
42850,37,0,2,1,0,728,0,0
36810,47,2,1,0,0,668,0,0
25515,33,1,1,0,0,359,1,1
21945,49,9,1,1,0,51,0,0
6659,30,7,1,1,0,419,1,0
19751,53,4,1,2,0,2327,0,0
31274,30,8,2,3,0,988,0,0
9022,40,1,1,1,0,440,1,0
19533,36,4,1,2,0,1477,0,0
36567,36,0,1,1,0,419,1,0
10096,59,5,1,2,0,307,0,1
12743,27,4,2,1,0,1609,1,0
22600,50,7,2,1,0,321,0,0
39169,30,0,1,1,0,2678,1,0
39126,35,2,2,2,0,3302,1,1
43010,39,1,1,1,0,1382,1,0
42262,64,5,1,1,0,2031,0,0
32705,34,7,1,1,0,2021,1,1
33096,32,4,1,2,0,101,1,1
35261,33,1,1,0,0,494,1,0
12217,39,9,2,2,0,861,0,0
31284,26,4,2,2,0,1274,1,0
20013,52,10,1,1,0,1639,0,0
25751,32,1,2,1,0,6337,1,0
44689,48,4,1,2,0,0,1,0
43917,30,10,2,2,0,4082,0,0
41077,25,4,2,2,0,528,0,0
38835,28,1,1,0,0,3267,1,1
13845,56,7,1,0,0,966,0,1
11054,45,4,1,2,0,3329,0,0
25455,36,0,2,2,0,2317,1,0
25042,51,1,1,1,0,0,0,0
39129,34,0,2,2,0,4254,1,0
34967,39,4,2,2,0,0,0,0
24394,46,4,1,1,0,1306,1,0
35851,40,0,2,0,0,1970,0,0
38220,50,1,1,0,0,226,1,0
10167,45,4,1,2,0,1866,0,0
14940,32,3,1,0,0,91,1,0
18170,56,7,1,1,0,5486,1,0
44580,65,5,1,0,0,1760,0,0
5587,35,1,1,0,0,208,1,0
31798,34,1,1,3,0,11,1,0
5353,36,4,0,2,1,-1,1,1
38862,37,1,2,1,0,6281,1,0
16468,36,4,1,2,0,699,0,0
9857,45,7,1,1,0,-1036,1,0
3487,54,9,0,1,0,784,1,1
32722,41,4,2,2,0,598,1,0
29760,46,0,0,1,0,1342,1,0
14973,59,4,1,2,0,220,1,0
43103,80,3,1,0,0,0,0,0
10391,47,1,1,0,0,1610,1,0
38989,31,0,2,1,0,1374,1,0
39300,31,1,2,0,0,342,1,0
11401,58,5,1,2,0,5087,0,0
17115,37,1,2,1,0,5024,0,1
26796,32,1,1,1,0,5075,1,0
21166,46,9,0,1,0,0,0,0
12693,34,7,1,1,0,0,0,0
4861,33,0,2,1,0,1437,1,0
43743,38,1,1,1,0,4321,0,0
26578,44,9,1,1,0,7876,1,0
30033,49,9,1,2,0,196,0,0
27313,32,4,1,2,0,2737,1,1
11858,46,1,1,1,0,101,1,0
37238,43,1,1,1,0,171,1,0
31657,40,0,2,1,0,462,1,1
35627,44,9,1,1,0,135,1,0
24570,53,6,1,1,0,248,0,1
3122,38,9,1,1,0,1442,1,1
35952,48,9,1,2,0,443,1,0
18439,47,4,1,2,0,2473,1,1
32741,29,7,1,1,0,191,1,0
6814,28,1,1,1,0,1020,1,0
4334,42,1,1,0,0,170,1,0
12275,42,3,1,0,0,1343,1,0
16511,49,1,1,0,0,-57,0,0
4450,32,10,1,1,0,93,1,0
32932,38,4,2,2,0,4082,1,0
36832,27,0,2,1,0,292,1,0
26086,33,1,1,1,0,0,1,0
23845,57,0,1,1,0,1218,0,0
35967,30,1,1,1,0,23,1,0
38754,24,1,2,1,0,6,1,0
1319,37,1,1,1,0,105,1,0
40410,54,4,1,3,0,831,1,1
43500,73,5,1,1,0,2850,0,0
472,46,1,1,3,0,1044,1,0
1997,34,0,0,0,0,9569,1,0
18,60,5,1,0,0,60,1,0
27532,30,7,1,1,0,0,1,0
26618,35,0,1,1,0,725,1,0
37926,31,1,1,0,0,42,1,0
41057,19,8,2,3,0,60,0,0
38703,28,1,2,0,0,1518,1,0
35882,35,7,1,1,1,-182,1,0
24128,26,4,2,2,0,4683,1,0
6110,53,9,1,1,0,87,1,0
11027,38,7,2,3,0,1610,1,0
19545,58,5,1,1,0,13,0,0
5940,54,1,1,1,0,-69,1,0
24272,40,9,1,1,0,17,0,0
16833,48,7,1,1,0,2409,1,0
25126,55,7,1,1,0,3546,1,1
44911,67,5,1,0,0,4416,0,0
37140,46,7,1,0,0,437,1,0
39130,33,0,1,1,0,1077,1,0
3744,40,7,1,1,0,181,1,0
16562,27,7,2,2,0,1501,1,0
37297,44,1,0,1,0,338,1,0
17724,47,0,2,1,0,1305,0,0
11560,47,7,1,1,0,759,1,0
36316,30,4,1,2,0,740,1,1
28096,32,0,2,1,0,197,0,0
34359,29,4,2,2,0,9407,0,0
30315,27,9,1,1,0,616,1,0
39593,59,4,0,2,0,81,0,0
42476,57,4,1,2,0,1016,0,0
45197,36,4,2,1,0,1511,1,0
1769,36,1,0,3,0,0,1,0
3596,48,2,1,0,0,3705,1,0
16867,59,4,1,2,0,2365,0,1
27386,39,4,1,1,0,13578,1,0
26597,33,6,2,2,0,1354,1,0
39762,49,4,1,2,0,1808,1,0
17690,44,4,1,2,0,0,0,1
2485,48,4,1,2,0,1949,1,0
17164,39,4,2,2,0,26,1,0
4644,33,7,2,1,0,0,1,0
23381,55,4,1,2,0,1713,0,0
7229,52,9,1,1,0,22755,1,0
16461,56,0,0,1,0,-429,0,1
15294,43,4,1,3,0,624,1,0
23073,45,9,1,1,0,34,0,0
39815,46,0,0,1,0,2087,0,0
42849,44,9,1,2,0,1818,1,1
13216,39,3,0,1,0,188,0,0
35367,43,1,0,0,0,1234,1,0
40516,51,9,1,1,0,6840,0,0
32584,24,1,1,1,0,9,1,1
8865,29,7,1,2,0,0,1,0
13163,25,1,1,1,0,4280,0,1
41418,62,4,1,2,0,0,0,0
43825,23,8,2,1,0,922,0,0
22469,49,4,2,2,0,11,0,0
6006,24,1,1,1,0,685,1,0
41081,32,4,2,2,0,12607,0,0
27500,34,4,1,2,0,5195,0,0
8142,33,1,2,1,0,213,1,0
32643,40,1,1,1,0,4795,1,0
6942,35,0,2,1,0,3,1,0
15232,54,4,1,2,0,364,1,0
34260,31,4,2,2,0,6495,0,0
28426,38,1,1,1,0,2978,1,0
14914,43,5,1,1,0,808,0,0
30116,32,4,2,2,0,124,0,0
15191,36,6,1,2,0,254,1,0
40991,24,8,2,1,0,0,0,0
23591,59,5,1,1,0,82,0,0
34922,38,9,2,1,0,1255,1,0
14038,34,4,1,2,0,-73,1,0
14359,47,0,1,1,0,104,1,1
16453,59,3,1,0,0,509,0,1
1449,34,7,1,1,0,586,1,1
3175,43,5,1,0,0,471,0,1
11819,42,9,1,2,0,-215,0,0
20343,30,4,1,2,0,1882,1,0
27041,42,2,1,1,0,215,1,1
11338,58,3,1,0,0,2387,0,0
34299,30,2,2,1,0,572,1,0
29914,33,10,2,2,0,3805,1,0
10624,36,3,1,2,1,-1941,1,0
15352,31,9,1,1,1,-367,1,0
44142,55,11,1,1,0,1157,0,0
24062,42,0,2,1,0,-247,1,1
42872,32,8,2,2,0,0,0,0
7208,44,1,1,1,0,776,1,0
504,41,1,1,1,0,946,1,0
14612,47,1,1,0,0,683,1,0
39721,55,4,1,2,0,39098,0,0
41299,21,8,2,0,0,1596,0,0
29486,35,10,2,0,0,483,0,0
3580,54,4,2,2,0,1439,1,0
7089,48,1,1,1,0,48,1,1
44835,46,7,1,0,0,4343,1,0
22713,49,3,1,0,0,-75,0,1
29602,46,11,1,3,0,677,0,0
37608,48,1,0,1,0,2071,0,0
5074,39,0,1,1,0,1985,1,0
42554,43,7,1,2,0,4216,0,0
40032,58,3,1,0,0,0,0,0
61,53,9,0,1,0,989,1,0
18159,44,7,1,1,0,1326,0,0
43805,29,9,0,1,0,124,0,0
18063,46,0,0,2,0,-363,0,1
12429,34,1,1,1,0,0,1,0
13563,48,0,1,1,0,113,1,1
15667,34,1,2,0,0,0,1,1
4742,57,4,1,2,0,-871,0,0
32246,52,2,2,2,0,3469,1,0
14369,40,1,2,0,0,45,1,1
4456,30,7,2,1,0,695,1,0
9881,37,2,1,3,0,1134,1,0
28729,29,0,1,1,0,957,1,1
19370,33,4,2,2,0,1097,0,1
32600,33,0,2,1,0,375,1,0
23597,48,3,1,2,0,197,0,0
17952,60,1,1,1,0,241,1,0
12157,43,4,1,2,0,1451,1,0
40254,54,4,2,2,0,2081,0,0
26915,53,4,1,2,0,0,1,1
43001,35,6,2,2,0,353,0,0
26776,52,1,1,1,0,7119,0,1
45158,34,8,2,3,0,2321,0,0
15200,53,5,0,1,0,-477,0,0
33149,40,1,2,1,0,169,1,0
39056,30,6,2,3,0,-142,1,0
28440,26,0,2,1,0,94,0,0
2412,31,0,0,1,0,253,1,0
42350,27,9,2,2,0,11862,0,0
31653,35,9,1,1,0,5553,1,0
15109,52,4,1,2,0,1564,1,0
12106,40,7,1,1,0,405,0,0
16195,35,7,0,1,0,543,1,0
4162,57,0,0,1,0,4378,1,0
24178,32,1,1,1,0,2089,1,0
14027,32,4,1,2,0,1196,1,0
6172,27,0,1,1,0,1475,1,0
43302,51,1,1,0,0,3844,0,0
28785,33,0,2,1,0,572,1,0
33013,23,9,2,1,0,28,1,0
17823,42,6,1,1,0,1508,1,0
25598,56,4,1,1,0,238,1,0
7937,47,1,1,0,0,1092,0,1
24230,47,1,1,1,0,1484,0,0
8603,51,0,1,1,0,788,1,0
26837,31,0,1,1,0,2304,1,0
20596,48,1,1,1,0,426,1,1
41229,27,8,2,2,0,5741,0,0
37889,46,0,2,1,0,-976,1,1
20727,60,1,1,3,0,3563,0,0
19945,42,9,2,1,0,146,0,0
41625,80,5,1,0,0,2954,0,0
27375,36,1,1,1,0,3266,1,0
41692,34,9,1,2,0,0,0,0
32071,29,7,1,1,0,489,1,0
28029,48,4,0,1,0,769,0,1
114,59,5,0,0,0,81,1,0
28565,32,9,2,1,0,337,1,0
43437,31,4,2,2,0,3289,0,0
31308,29,0,2,1,0,345,0,0
11442,37,0,2,1,0,124,1,0
44904,48,4,2,2,0,334,1,0
24694,40,10,1,1,0,1077,1,1
15749,33,9,2,2,0,119,0,1
2180,34,1,1,1,0,187,1,0
41223,34,0,1,2,0,10,0,0
13882,31,9,1,1,0,0,1,1
33543,38,4,1,2,0,76,1,0
21255,43,4,0,2,0,1413,1,0
12840,41,4,1,1,0,0,0,1
7360,48,9,1,1,0,256,1,0
21060,58,4,1,2,0,361,0,0
13132,27,2,2,3,0,1007,0,0
23670,36,9,0,2,0,466,0,0
20144,56,9,1,1,0,944,0,0
18628,34,7,1,3,0,0,1,0
39445,42,9,1,1,0,994,1,0
23390,37,4,1,2,0,5065,0,0
42006,38,3,0,1,0,70,0,0
17752,41,10,2,1,0,295,0,0
25473,42,9,1,1,0,-556,1,0
29348,34,10,2,1,0,847,0,0
40974,26,8,2,1,0,611,0,0
10740,39,4,1,1,0,2445,0,0
9159,33,3,0,1,0,-18,1,0
24439,56,0,1,1,0,1270,1,0
17490,59,2,0,1,0,0,0,1
3425,57,7,1,1,0,84,1,0
20720,46,7,1,1,0,111,0,0
20352,30,9,2,2,0,290,0,0
17638,26,1,2,1,0,-84,1,1
2923,44,1,2,3,0,-101,1,0
4780,33,7,1,2,0,1349,1,0
45157,52,9,1,2,0,0,0,0
33901,42,7,2,1,0,3403,1,0
19903,50,9,1,1,0,315,0,0
42838,31,0,2,1,0,523,0,1
32738,33,0,1,0,0,499,0,0
33039,42,0,0,2,0,6,1,1
31325,44,4,1,2,0,423,0,0
42433,34,6,2,1,0,360,1,0
17931,43,9,2,1,0,54,1,0
1018,52,2,0,0,0,278,1,0
37208,34,4,1,2,0,0,1,0
9030,37,1,1,1,0,151,1,0
22095,33,4,1,2,0,0,0,0
26411,37,9,1,2,0,0,0,0
21275,36,7,0,1,0,127,0,0
24275,34,1,1,1,0,751,1,1
24988,31,0,0,1,0,93,1,0
9904,37,0,1,1,0,1093,0,0
31943,36,9,1,1,0,569,1,0
29619,48,10,1,1,0,11371,1,0
10987,44,1,2,0,0,99,0,0
24953,35,0,1,1,1,0,1,1
17875,27,9,2,1,0,151,0,0
41698,24,4,2,2,0,0,0,0
36383,50,1,1,0,0,1549,1,0
12410,34,2,1,1,1,-868,1,0
52,32,4,1,2,0,0,1,0
12306,29,1,0,1,0,0,1,0
38173,33,9,2,2,0,849,1,0
21478,49,4,1,2,0,0,0,0
19478,32,3,1,0,0,1349,1,0
1389,39,1,2,1,0,82,1,0
11380,50,2,2,2,0,0,1,0
7884,23,1,2,1,0,1690,1,1
3478,46,0,1,0,0,31,1,0
20575,49,4,1,2,0,4751,0,0
21979,40,9,2,1,0,2244,0,1
26885,34,4,1,2,0,19391,0,0
19606,52,1,1,0,0,1515,0,0
43550,34,4,1,2,0,115,1,0
12467,59,9,1,1,0,358,0,0
27750,36,1,1,0,0,70,1,0
13004,33,9,1,1,0,-805,0,0
11168,35,0,1,1,0,165,1,0
24115,39,1,1,1,0,1307,1,0
16851,59,11,1,1,0,402,0,0
44948,26,8,2,1,0,706,0,0
41863,40,9,1,1,0,2338,0,0
44918,35,0,1,2,0,318,1,1
32839,33,1,2,1,0,266,1,1
44177,49,7,1,1,0,725,0,1
38284,26,8,2,2,0,641,1,0
26474,30,7,0,1,0,78,1,0
21436,33,6,1,1,0,173,0,0
13671,37,0,2,2,0,224,1,0
17974,55,7,1,1,0,96,0,0
11036,58,3,1,0,0,3957,0,0
5159,36,1,0,1,0,625,1,0
38392,39,2,1,1,0,2139,1,0
43165,28,8,2,1,0,1925,0,0
17042,40,1,1,1,0,60,0,1
40669,46,4,1,1,0,5127,0,0
32379,36,1,1,1,0,1790,1,0
24639,46,7,1,3,0,12839,1,0
26414,47,9,1,2,0,-744,1,1
21556,50,4,1,2,0,1759,0,0
19420,59,0,1,3,0,64343,0,0
5479,50,0,1,1,0,0,1,1
39246,45,0,2,1,0,2394,1,1
33170,27,8,2,1,0,2784,1,0
38309,26,7,2,1,0,2047,1,0
34240,45,7,1,2,0,4958,0,0
41637,20,8,2,1,0,1191,0,0
3356,54,1,1,0,0,2933,1,0
9808,53,9,0,1,1,-896,0,1
9443,57,1,1,0,0,679,1,0
1983,32,1,1,0,0,-89,1,0
44385,29,8,2,1,0,1377,1,0
4918,39,1,1,0,0,774,1,0
37827,26,7,1,1,0,864,1,1
36611,41,0,2,1,0,224,1,0
29507,56,10,1,0,0,5496,1,0
17417,31,0,1,1,0,3,1,0
174,60,0,0,1,0,92,1,0
41899,22,8,2,0,0,3472,0,0
15437,53,0,1,1,0,263,0,1
29363,31,4,1,2,0,40,0,0
27163,52,2,1,0,0,2594,1,0
7713,41,0,1,1,0,4539,0,0
41294,72,5,1,1,0,1129,0,0
25449,33,4,2,2,0,48,1,0
19237,48,4,1,2,0,3766,0,0
17870,50,0,1,1,0,2678,0,0
38919,37,1,1,1,0,-100,1,0
37061,42,1,0,1,0,-580,1,1
24872,36,4,2,2,0,0,0,1
23944,38,11,1,3,0,653,0,0
44775,30,9,2,1,0,167,0,0
43227,54,3,1,2,0,2473,0,0
44965,36,4,2,2,0,335,0,0
38394,53,4,0,2,0,50,1,0
36613,41,1,2,1,0,428,1,0
22225,31,9,2,2,0,424,0,0
28336,49,1,0,0,0,235,0,0
3110,40,10,0,1,0,262,1,0
16230,25,4,1,1,0,2228,1,0
43730,56,1,1,1,0,448,1,1
20302,34,4,1,2,0,1273,0,0
20522,33,9,2,2,0,2024,0,0
26786,41,1,1,0,0,3803,1,0
31811,26,0,1,1,0,3415,0,0
2599,35,9,1,1,0,304,1,0
26628,37,1,2,1,0,1184,1,0
15905,38,9,1,2,0,45,0,0
40781,23,8,2,2,0,0,0,0
15893,35,2,1,1,0,10,1,0
27416,32,0,2,2,0,3816,1,0
42284,74,5,1,0,0,0,0,0
29283,38,10,2,1,0,2876,0,0
10527,41,4,2,3,0,1604,0,0
3820,39,1,1,0,0,95,1,0
15787,41,7,1,1,0,171,0,0
25532,38,0,2,1,0,2600,1,0
13920,33,4,1,2,0,1163,1,0
34655,46,1,1,3,0,9328,1,0
8336,29,4,1,1,0,0,1,0
1182,29,0,0,1,0,1320,1,1
45195,68,5,1,1,0,1146,0,0
16202,35,4,2,1,0,1031,1,0
20986,47,0,1,1,0,6703,0,0
32061,30,9,2,0,0,2731,1,0
1888,29,9,2,2,0,542,1,0
13442,56,9,1,2,0,787,0,1
34490,48,1,2,1,0,0,1,0
42627,28,7,2,1,0,168,0,0
35652,42,0,2,1,0,-149,1,1
2994,46,1,1,0,0,501,1,0
4763,35,1,1,1,0,274,1,0
9078,37,10,2,0,0,1648,1,0
4056,35,1,1,1,0,474,1,0
38148,30,7,2,1,0,-143,1,0
11024,37,0,0,1,1,-302,0,0
24909,30,9,2,1,0,4787,1,0
8345,44,4,0,2,1,-411,1,0
5516,53,6,1,1,0,1,1,1
15123,50,9,0,2,0,291,0,1
6645,46,9,1,1,0,317,1,1
38704,29,4,2,2,0,1273,1,0
7880,44,0,2,1,0,946,1,0
33489,40,1,1,0,0,481,1,0
373,25,0,2,1,0,122,1,0
8186,30,1,2,1,0,953,1,0
24407,59,5,0,1,0,514,1,0
39502,39,4,1,2,0,246,1,0
33080,22,8,2,1,0,3982,0,0
26198,34,4,1,2,0,179,1,0
42,60,1,1,3,0,104,1,0
16209,26,7,2,1,0,209,1,0
29643,42,1,1,0,0,-97,1,0
14313,46,0,2,3,0,2273,0,0
39964,34,4,1,2,0,1870,1,0
12810,37,4,2,2,0,0,0,0
41377,39,4,1,2,0,119,1,0
29434,31,0,2,1,0,8626,0,0
37521,35,1,2,3,0,597,1,0
27788,26,6,2,2,0,25,0,0
2791,55,1,0,1,0,7378,0,0
25280,34,1,1,1,0,1430,1,1
33500,34,1,1,1,0,745,1,0
13719,37,2,1,1,0,2055,1,1
31902,48,7,0,1,0,3186,0,1
33712,59,5,1,1,0,1080,0,0
11806,36,6,2,2,0,977,0,0
25594,45,9,0,1,0,1309,1,0
24571,49,0,1,1,0,0,1,0
38333,39,7,1,1,0,3165,1,0
41867,70,5,1,1,0,3175,0,0
34461,37,0,0,1,0,0,1,1
10983,40,3,1,0,0,322,0,0
30165,33,4,1,1,0,165,1,0
16903,26,6,1,1,1,254,1,1
818,37,9,2,2,0,147,0,0
44409,45,0,1,1,0,205,0,0
4830,34,7,1,1,0,12,0,0
42482,30,7,1,1,0,517,0,0
26214,49,4,1,2,0,852,1,0
28133,40,9,1,1,0,232,0,0
15004,42,1,1,0,0,0,1,0
44868,31,4,2,2,0,2590,0,0
39826,27,4,2,2,0,1840,0,0
42660,50,4,1,2,0,78,1,0
28102,46,9,2,3,0,578,0,0
21601,32,9,1,1,0,4133,0,0
20118,38,4,1,2,0,1100,0,1
39040,36,7,0,1,0,3,1,0
38778,37,1,2,2,0,481,0,0
11238,44,1,2,3,0,4330,0,0
6833,26,4,2,2,0,2692,0,0
24174,49,0,1,1,0,3608,1,0
2592,41,1,1,1,0,641,1,0
379,55,1,1,1,0,224,1,0
11967,42,6,1,2,0,1430,1,1
12195,37,7,0,1,0,523,0,0
37207,40,1,0,0,0,54,1,0
18532,38,1,2,1,0,1911,1,0
3726,31,7,1,1,0,5,1,0
10336,45,3,0,0,0,221,0,0
35334,58,7,1,1,0,2745,1,0
22422,49,9,1,1,0,1982,1,1
18187,58,9,1,1,0,86,0,0
21738,53,1,1,1,0,20,0,0
31208,55,9,1,1,0,0,1,1
23529,57,5,1,0,0,75,0,0
36389,36,1,2,1,0,1089,1,0
6108,36,0,1,1,0,0,1,0
7061,29,9,2,1,0,740,1,0
28904,26,7,2,1,0,110,0,0
4890,33,9,2,1,0,2660,1,0
26282,33,1,1,0,0,5151,1,1
23994,49,6,1,1,0,1683,0,0
25291,43,2,1,1,0,3766,0,0
31842,36,4,2,2,0,223,1,0
31077,71,5,1,0,0,4657,0,0
2559,56,2,1,3,0,88,1,0
14553,50,1,1,1,0,-731,1,0
40296,60,5,1,2,0,2196,0,0
34350,26,9,2,1,0,237,1,0
2547,41,1,1,0,0,1135,1,0
7078,31,1,2,0,0,-495,1,0
4321,55,0,0,1,0,3524,1,0
5138,28,7,2,1,0,115,1,0
29864,48,6,1,2,0,1223,1,0
6884,38,6,1,1,0,279,1,0
27940,36,9,2,1,0,480,1,0
39309,35,9,1,1,0,-706,1,1
34531,33,6,1,2,0,210,1,0
13954,52,1,2,2,1,-517,0,1
39452,28,6,2,2,0,2503,0,0
39240,31,1,1,1,0,512,1,0
19227,49,4,0,2,0,178,0,0
21328,54,4,1,2,0,3797,0,0
15662,44,1,1,1,0,0,1,0
44196,29,8,2,1,0,658,0,0
43101,30,9,2,1,0,341,0,0
13058,39,0,2,1,0,1661,0,1
37201,43,7,1,1,0,3409,1,0
40889,51,5,0,1,0,1679,0,0
22740,45,9,2,1,0,21,1,0
31859,58,5,0,2,0,5253,0,0
5278,31,7,2,1,0,-32,1,0
29840,37,4,2,1,0,655,0,1
16489,37,0,1,1,0,536,1,0
4946,49,1,0,0,0,2262,1,0
14028,26,4,1,2,0,17,0,1
28381,50,5,1,1,0,1227,0,0
19190,42,4,1,2,0,223,0,0
29528,51,4,1,2,0,2814,0,0
26041,34,10,2,1,0,9895,0,0
23209,52,4,0,2,0,0,0,0
35721,50,9,1,1,0,20,1,0
7519,40,1,1,0,0,-476,1,0
11754,56,4,0,2,0,310,0,0
27100,31,9,1,2,0,5119,0,0
40570,27,4,2,2,0,2489,0,0
26050,33,4,2,2,0,923,1,0
19213,32,9,2,2,0,632,0,1
2502,43,10,0,1,0,4478,1,0
16701,30,7,1,1,0,-68,1,1
1200,32,1,2,0,0,611,1,0
18662,53,4,0,2,0,-187,1,0
23847,39,3,0,0,0,239,0,0
25228,43,4,2,2,0,-56,1,0
24646,51,4,2,2,0,2139,0,0
17558,42,9,0,2,0,7190,1,0
33856,62,1,1,0,0,115,0,0
15207,35,1,1,2,0,1016,1,0
8734,44,4,1,2,0,529,1,0
40788,34,6,1,2,0,2427,0,0
4064,46,1,1,2,0,1497,1,0
43346,29,6,2,2,0,655,0,0
37403,31,1,2,1,0,2194,0,0
601,37,1,1,1,0,395,1,0
38196,32,4,2,2,0,-252,1,0
7753,42,1,1,0,0,188,1,0
12984,27,4,2,2,0,1117,1,0
30106,36,0,1,1,0,313,1,0
18603,27,0,2,1,1,1110,1,1
10657,43,4,1,2,0,0,0,0
11517,20,0,2,1,0,66,1,0
42587,46,4,0,2,0,461,0,0
8998,40,4,2,2,0,-222,1,0
4978,32,1,2,1,0,435,1,0
38348,34,1,2,0,0,4260,1,0
35883,52,9,1,1,0,337,1,0
8615,27,0,2,1,0,295,1,0
37591,33,4,2,2,0,283,1,0
23495,53,7,1,1,1,2262,0,0
24474,49,4,1,2,0,7007,0,0
37240,39,0,0,1,0,-427,1,0
7500,38,4,2,2,0,6836,1,0
18870,35,9,0,1,0,-281,0,0
14811,32,1,0,1,0,8,1,0
24726,48,9,1,1,0,42,1,1
11301,28,1,2,1,0,623,0,0
34348,43,2,1,1,0,0,0,0
6045,55,1,2,0,0,39,1,0
22254,33,9,1,1,0,7621,0,0
7125,43,9,1,1,0,2041,1,1
35770,50,9,1,3,0,-287,1,0
20985,41,4,0,2,0,20479,0,0
44756,64,5,1,0,0,48,0,0
30517,31,7,2,3,0,347,1,0
11673,28,1,1,0,0,103,1,0
16527,49,1,1,0,0,0,1,1
12854,31,3,1,3,1,-6,0,1
12206,48,5,2,0,0,0,0,0
10072,50,1,1,0,0,811,0,0
31160,35,9,0,1,0,2823,1,0
21635,35,9,1,1,0,141,1,0
3452,34,7,0,1,0,202,1,0
3605,53,9,1,1,0,4541,1,0
40639,27,10,2,1,0,3276,0,0
44302,31,7,2,1,1,-248,0,0
30103,39,1,1,1,0,481,0,0
4420,34,7,1,1,0,0,1,0
18555,41,7,1,1,0,56,1,0
37939,59,1,1,0,0,5788,0,0
27356,47,6,1,1,0,318,0,0
4720,49,9,2,1,0,0,1,0
14089,34,3,0,0,0,46,1,0
1527,36,1,1,1,0,504,1,0
25900,59,4,1,2,0,1881,0,0
6078,38,2,2,2,0,-281,1,0
690,29,8,2,1,0,948,1,0
13360,32,1,1,1,0,4,1,1
35056,32,0,0,2,0,-2,1,0
19686,31,1,1,0,0,196,0,0
38553,28,9,2,2,0,-594,1,1
25926,35,0,1,1,0,3187,1,0
39370,27,8,2,1,0,1925,0,0
10921,46,7,1,1,0,0,0,0
22172,40,9,1,1,0,1498,0,1
20945,48,0,1,3,0,3756,0,0
17571,51,1,1,1,0,7225,0,0
41105,31,4,2,2,0,1441,0,0
3572,46,9,0,1,0,435,1,0
15548,33,4,1,2,0,255,1,0
26338,30,7,1,1,0,586,1,0
11992,46,4,1,2,0,5464,0,0
29378,35,4,1,2,0,194,0,0
45091,61,5,1,0,0,2686,0,0
25687,49,0,2,1,0,0,0,0
16241,40,7,0,1,0,-81,0,1
26703,31,0,1,1,0,3052,1,1
13189,30,7,1,1,0,2261,1,1
7399,42,9,1,1,0,-158,1,0
26853,36,1,0,0,0,3202,1,0
44755,33,0,2,1,0,555,1,0
31512,37,4,2,1,0,0,1,1
2499,43,1,1,3,0,-633,1,1
6035,39,1,1,1,0,474,1,1
26400,31,2,1,1,0,1539,1,1
27364,32,1,1,0,0,9750,1,0
20211,36,4,1,2,0,-2,0,0
43452,29,0,2,1,0,1992,0,0
17262,40,9,2,1,0,134,1,1
15075,48,2,1,2,0,461,0,1
41351,36,10,2,2,0,953,1,0
26859,52,4,1,2,0,7900,1,0
43674,34,9,1,1,0,133,0,0
24339,46,1,1,1,0,2348,0,0
30195,26,6,2,1,0,1018,0,0
27534,46,6,0,2,0,8017,1,1
41435,26,4,2,2,0,9447,0,0
1694,35,1,2,0,0,337,1,0
9487,43,0,1,0,0,482,1,0
2092,35,4,2,2,0,243,1,0
23316,42,9,1,1,0,9324,0,0
27626,32,7,1,1,0,3181,1,0
9329,44,4,2,1,0,13,0,0
38099,36,9,2,1,0,125,1,0
40105,44,4,1,2,0,170,0,0
16975,39,6,1,2,0,1492,1,0
29234,41,4,1,1,0,0,1,0
5716,39,1,1,0,0,259,1,0
28168,47,4,1,2,0,1425,0,0
23882,34,9,2,1,0,943,0,0
12510,41,7,1,1,0,0,1,0
30775,33,9,2,1,0,10,1,0
8445,43,2,1,1,0,3862,1,0
23840,45,9,1,1,0,865,0,0
5168,27,9,1,1,0,-147,1,1
10882,39,4,1,2,0,1191,0,0
29217,26,8,2,1,0,2469,0,0
13237,34,9,2,1,1,-2,0,1
17227,40,9,1,1,0,-496,0,0
28735,43,0,0,1,0,540,1,0
4509,35,7,1,1,0,4170,1,0
44334,77,5,1,1,0,4112,0,0
15310,46,6,2,1,0,69,0,1
27970,48,9,1,1,0,547,0,0
20931,42,9,1,2,0,1361,0,0
15917,36,0,1,1,0,1733,0,1
38122,57,7,1,1,0,530,1,0
44956,29,10,1,1,0,687,0,0
22061,31,4,1,2,0,1170,0,0
5582,32,1,1,1,0,38,1,0
34253,39,0,1,1,0,563,1,0
26993,33,7,1,1,0,255,1,1
35035,36,7,1,2,0,260,1,0
6165,29,9,2,1,0,115,0,0
19192,57,5,1,1,0,1230,0,0
28469,28,1,2,1,0,1955,0,0
14535,52,1,2,0,0,0,0,0
8642,45,7,1,1,0,3638,1,1
31881,42,9,1,3,0,254,1,0
13307,60,4,1,1,0,164,0,1
22040,31,9,1,2,0,79,1,0
1979,50,4,1,2,0,3284,1,0
33464,45,10,0,0,0,757,0,0
1741,29,0,0,1,0,0,0,0
3718,26,0,2,1,0,-235,1,0
25387,30,1,1,1,0,1131,1,1
7796,31,4,2,2,0,453,1,0
44244,29,4,2,2,0,2344,1,0
2189,37,7,0,1,0,904,1,0
37774,30,1,2,1,0,-177,1,0
21529,49,9,1,1,0,25,1,1
8147,32,3,1,2,0,10,1,0
33273,59,0,2,1,0,-423,1,1
36071,31,1,2,1,0,5547,1,0
41365,25,9,2,2,0,1231,0,0
40665,65,5,1,1,0,1176,0,0
39229,22,8,2,0,0,110,1,0
16567,40,7,1,1,0,0,1,0
3082,28,8,2,1,0,246,1,0
34644,25,8,2,1,0,293,1,0
22197,35,4,2,2,0,75,0,0
2033,32,7,2,1,0,85,1,0
6629,29,4,1,2,0,2451,1,0
22806,46,1,1,1,0,1272,0,0
18352,36,9,1,2,0,571,1,1
23158,31,11,1,2,0,526,0,0
20,28,1,1,1,0,723,1,1
26794,40,4,2,0,0,1527,0,1
13713,40,1,1,0,0,137,0,1
15237,29,7,1,1,0,23,0,0
7183,39,7,1,1,0,1099,0,0
43184,51,9,1,2,0,0,0,0
16359,38,4,1,2,0,246,1,0
42834,45,4,1,2,0,547,0,0
14825,58,1,1,3,0,2516,1,0
22368,53,1,1,0,0,109,0,0
40630,55,4,0,2,0,2383,0,0
28938,46,9,1,1,0,700,1,1
42716,50,4,1,2,0,5969,0,0
2178,45,1,1,1,0,431,1,0
29537,35,4,2,2,0,1891,1,0
4979,32,1,2,1,0,2696,1,0
19794,52,1,1,1,0,1493,0,0
40508,31,1,2,1,0,2093,0,0
25182,34,1,2,1,0,20,1,1
43424,33,4,2,2,0,718,1,0
15836,35,4,1,2,0,0,1,0
26314,34,1,2,1,0,7541,0,0
16252,40,5,1,0,0,630,1,0
22807,34,3,2,2,0,43,0,0
11274,44,7,0,1,0,608,1,1
269,40,1,1,0,0,0,1,0
16480,52,1,1,0,1,0,0,0
14546,53,4,0,1,0,425,0,0
40444,27,7,2,1,0,302,0,0
12016,50,2,1,0,1,537,1,0
39481,37,0,1,1,0,0,1,0
13252,49,1,1,1,0,1838,1,0
3885,28,4,1,2,0,103,1,0
42759,73,5,1,0,0,279,0,0
13159,35,0,0,1,0,148,0,1
9764,25,7,1,1,0,77,1,0
24094,47,4,0,2,0,12026,1,0
12820,49,1,1,0,0,-167,0,0
1067,44,7,0,1,0,396,1,1
40268,55,1,1,1,0,4577,0,0
35528,41,9,0,1,0,348,1,0
6221,30,4,2,2,0,3773,1,0
22791,30,9,1,2,0,3418,0,0
33483,38,1,1,1,0,1205,1,0
30869,34,0,2,1,0,1,1,0
4059,41,1,1,0,0,865,0,1
29236,43,1,1,1,0,1109,1,0
33229,29,1,0,1,0,-19,1,0
42755,39,0,1,1,0,0,0,0
10061,45,1,1,0,0,13117,0,0
13681,56,4,2,1,0,237,1,0
9537,43,1,0,0,0,1260,0,1
37559,56,1,1,1,0,126,0,0
5271,37,1,1,0,0,3517,1,0
38616,43,9,2,1,0,-266,1,1
23854,49,4,2,1,0,0,0,0
33982,37,4,1,2,0,5106,0,0
34140,30,9,1,1,0,1660,1,0
243,43,9,1,1,0,434,1,0
4039,51,4,1,2,0,0,1,0
24345,54,0,1,1,0,191,1,1
40023,39,10,1,2,0,201,0,0
10991,37,6,2,2,0,556,0,0
34447,26,9,2,2,0,3628,0,0
44810,29,4,1,2,0,247,0,0
9504,37,1,0,1,0,33,1,0
17032,29,7,2,1,0,-251,0,0
27814,52,9,1,3,0,425,1,0
10835,41,1,1,1,0,475,1,0
20793,34,9,2,2,0,2521,0,0
15269,55,3,1,0,0,0,1,0
16539,28,0,1,1,0,1,1,0
36196,37,7,1,1,0,321,1,0
42263,45,1,1,3,0,1529,1,0
17534,59,4,1,1,0,-1246,0,0
19431,32,9,1,2,0,500,0,0
1046,23,4,2,2,0,2605,1,0
9832,47,9,1,1,0,10179,1,0
1306,54,7,1,1,0,841,1,0
10119,51,1,1,3,0,1137,0,0
13783,50,4,1,2,0,1612,1,0
11631,25,1,2,1,0,-191,1,0
12313,47,1,0,1,1,0,0,1
27712,54,6,0,1,0,1016,1,0
15,51,5,1,0,0,229,1,0
28114,42,7,1,3,0,177,0,0
29993,33,2,2,2,0,138,0,0
29555,39,1,1,0,0,710,0,0
35437,24,9,2,1,0,1371,1,1
9552,51,4,1,2,0,21574,0,0
1844,58,5,0,0,0,47,1,0
19482,35,9,0,2,0,20,1,1
34380,41,9,0,1,0,4047,1,0
41457,62,11,1,1,0,367,0,0
11032,46,1,0,0,0,358,0,0
34105,35,4,2,2,0,1162,0,0
16277,28,7,2,2,0,2938,1,0
34246,32,8,2,2,0,1138,0,0
9287,57,9,1,0,0,0,0,0
16926,53,4,1,2,0,5261,0,1
36842,48,1,1,0,0,89,1,0
431,42,4,1,2,0,1680,1,0
39539,55,4,1,2,0,42,0,0
32397,42,7,1,1,0,1027,1,0
29960,34,9,1,1,0,272,1,0
2561,51,4,1,2,0,36,1,0
42297,37,4,1,2,0,2987,1,0
3606,45,1,1,1,0,120,1,1
37183,35,0,1,1,0,34,1,0
33799,43,0,1,1,0,-169,1,0
39053,35,1,2,0,0,-4,1,0
33878,52,10,1,1,0,49,0,0
44510,61,5,1,1,0,1853,0,0
26103,36,9,1,1,0,72,1,0
17137,60,5,1,1,0,90,1,0
19433,38,7,1,1,0,5003,0,0
24535,51,9,1,1,0,12061,1,0
31959,30,4,1,2,0,1418,1,1
27204,35,2,1,1,0,2971,0,0
22926,60,11,1,3,0,17297,0,0
37532,45,0,1,1,0,1501,1,0
19946,48,4,1,1,0,4415,1,0
8444,38,1,1,1,0,205,1,0
35730,48,1,1,1,0,5078,1,0
21758,36,4,1,2,0,85,0,0
32025,40,6,1,2,0,13669,0,0
36230,37,10,2,1,0,0,1,0
31228,27,10,2,2,0,2033,0,0
43757,67,4,1,1,0,3240,0,0
7751,36,1,1,1,0,740,1,0
20609,30,4,2,2,0,67,0,0
32912,29,0,2,1,0,3432,1,0
21440,33,9,2,1,0,12177,0,0
7813,36,4,2,2,0,2806,1,0
43723,50,9,1,2,0,1830,0,0
32511,34,4,0,2,0,528,1,0
5192,48,4,1,2,0,4191,0,0
12172,45,0,1,3,0,1783,0,0
33003,45,1,1,3,0,349,1,0
