"","V2","V3","V4","V5","V6","V7","V8","V9","V10","V11","V12","V13","V14","V15","V16","V17","V18","V19","V20","V21","V22","V23","V24","V25","V26","V27","V28","V29","V30","V31","V32","V33","V34","V35","V36","V37","V38","V39","V40","V41","V42","V43","V44","V45","V46","V47","V48","V49","V50","V51","V52","V53","V54","V55","V56","V57","V58","V59","V60","V61","V62","V63","V64","V65","V66","V67","V68","V69","V70","V71","V72","V73","V74","V75","V76","V77","V78","V79","V80","V81","V82","V83","V84","V85","V86","V87","V88","V89","V90","V91","V92","V93","V94","V95","V96","V97","V98","V99","V100","V101","V102","V103","V104","V105","V106","V107","V108","V109","V110","V111","V112","V113","V114","V115","V116","V117","V118","V119","V120","V121","V122","V123","V124","V125","V126","V127","V128","V129","V130","V131","V132","V133","V134","V135","V136","V137","V138","V139","V140","V141","V142","V143","V144","V145","V146","V147","V148","V149","V150","V151","V152","V153","V154","V155","V156","V157","V158","V159","V160","V161","V162","V163","V164","V165","V166","V167","V168","V169","V170","V171","V172","V173","V174","V175","V176","V177","V178","V179","V180","V181","V182","V183","V184","V185","V186","V187","V188","V189","V190","V191","V192","V193","V194","V195","V196","V197","V198","V199","V200","V201","V202","V203","V204","V205","V206","V207","V208","V209","V210","V211","V212","V213","V214","V215","V216","V217","V218","V219","V220","V221","V222","V223","V224","V225","V226","V227","V228","V229","V230","V231","V232","V233","V234","V235","V236","V237","V238","V239","V240","V241","V242","V243","V244","V245","V246","V247","V248","V249","V250","V251","V252","V253","V254","V255","V256","V257"
"1",-1,-1,-1,-1,-1,-1,0.195,1,0.054,-1,-1,-1,-1,-1,-1,-1,-1,-1,-1,-1,-1,-0.801,0.79,1,0.856,-0.282,-0.831,-1,-1,-1,-1,-1,-1,-1,-1,-1,-0.937,0.498,1,0.975,-0.232,0.932,0.926,-0.069,-0.965,-1,-1,-1,-1,-1,-1,-1,0.07,1,1,0.446,-0.953,-0.385,1,1,0.276,-0.895,-1,-1,-1,-1,-1,-0.423,0.96,1,0.762,-0.799,-1,-0.987,-0.238,0.941,1,-0.288,-1,-1,-1,-1,-0.989,0.321,1,0.924,-0.512,-1,-1,-1,-1,-0.015,1,0.906,-0.758,-1,-1,-1,-0.53,0.992,1,-0.055,-1,-1,-1,-1,-1,-0.651,0.81,1,0.206,-1,-1,-1,0.424,1,0.868,-0.717,-1,-1,-1,-1,-1,-0.989,0.721,1,-0.125,-1,-1,-0.944,0.867,1,0,-1,-1,-1,-1,-1,-1,-1,0.579,1,0.344,-1,-1,-0.111,0.996,0.978,-0.604,-1,-1,-1,-1,-1,-1,-1,0.111,1,0.013,-1,-1,0.406,1,0.988,-0.861,-1,-1,-1,-1,-1,-1,-1,0.253,1,0.46,-1,-1,0.148,1,0.811,-0.888,-1,-1,-1,-1,-1,-1,-0.872,0.456,1,0.171,-1,-1,-0.465,0.913,1,0.281,-0.754,-1,-1,-1,-0.74,-0.436,0.657,1,1,0.008,-1,-1,-1,-0.006,0.976,1,0.868,0.744,0.744,0.744,0.85,1,1,1,0.782,-0.736,-1,-1,-1,-1,-0.31,0.686,1,1,1,1,1,1,1,0.602,-0.906,-1,-1,-1,-1,-1,-1,-0.903,0.009,0.224,1,0.988,0.187,0.139,-0.641,-0.812,-1,-1,-1
"2",-1,-1,-1,-1,-1,-0.785,0.775,0.268,-1,-1,-1,-1,-1,-1,-1,-1,-1,-1,-1,-1,-1,0.024,1,0.834,0.333,-0.421,-0.956,-1,-1,-1,-1,-1,-1,-1,-1,-1,-0.536,0.889,1,1,1,1,0.297,-0.898,-1,-1,-1,-1,-1,-1,-1,-0.789,0.768,1,0.888,-0.564,0.306,1,1,0.54,-0.816,-1,-1,-1,-1,-1,-0.918,0.621,1,0.943,-0.424,-1,-1,0.062,1,1,-0.334,-1,-1,-1,-1,-1,-0.461,1,1,0.485,-1,-1,-1,-0.855,0.58,1,0.599,-0.991,-1,-1,-1,-1,-0.81,1,1,-0.548,-1,-1,-1,-1,0.079,1,1,-0.746,-1,-1,-1,-1,-0.369,0.999,0.369,-0.95,-1,-1,-1,-1,0.124,1,1,-0.396,-1,-1,-1,-1,-0.621,1,0.077,-1,-1,-1,-1,-1,0.269,1,1,-0.146,-1,-1,-1,-1,-0.377,1,-0.363,-1,-1,-1,-1,-1,0.117,1,1,-0.586,-1,-1,-1,-1,-0.431,1,-0.014,-1,-1,-1,-1,-0.923,0.678,1,0.929,-0.857,-1,-1,-1,-1,-0.385,1,0.336,-1,-1,-1,-1,-0.606,0.999,1,0.426,-0.992,-1,-1,-1,-1,-0.241,1,1,-0.285,-0.778,-0.778,-0.268,0.788,1,1,-0.303,-1,-1,-1,-1,-1,-0.651,0.863,1,1,1,1,1,1,1,0.42,-0.953,-1,-1,-1,-1,-1,-1,-0.71,0.201,1,1,1,1,1,0.687,-0.846,-1,-1,-1,-1,-1,-1,-1,-1,-0.966,-0.19,0.729,1,0.973,0.111,-0.661,-1,-1,-1,-1,-1
"3",-1,-1,-1,-1,-1,-0.914,-0.688,-0.736,0.956,0.3,-0.887,-1,-1,-1,-1,-1,-1,-1,-1,-1,-1,0.105,1,-0.015,0.331,1,0.639,-0.975,-1,-1,-1,-1,-1,-1,-1,-1,-0.818,0.952,1,-0.037,-0.91,0.756,1,-0.148,-1,-1,-1,-1,-1,-1,-1,-1,0.162,1,1,-0.09,-1,-0.342,1,0.844,-0.804,-1,-1,-1,-1,-1,-1,-0.722,0.957,1,0.875,-0.684,-1,-0.996,0.777,1,0.271,-1,-1,-1,-1,-1,-0.988,0.163,1,1,-0.192,-1,-1,-1,0.214,1,0.825,-0.987,-1,-1,-1,-1,-0.878,0.904,1,0.857,-0.723,-1,-1,-1,-0.353,1,1,-0.595,-1,-1,-1,-1,-0.211,1,1,0.46,-1,-1,-1,-1,-0.883,0.964,1,-0.028,-1,-1,-1,-1,0.197,1,1,-0.436,-1,-1,-1,-1,-0.982,0.628,1,0.539,-1,-1,-1,-1,0.251,1,1,-0.578,-1,-1,-1,-1,-0.995,0.784,1,0.485,-1,-1,-1,-1,0.659,1,0.995,-0.759,-1,-1,-1,-1,-0.571,0.945,1,0.077,-1,-1,-1,-1,0.181,1,1,-0.464,-1,-1,-1,-1,-0.129,1,1,0.024,-1,-1,-1,-1,-0.386,1,1,-0.251,-1,-1,-1,-0.956,0.546,1,1,-0.385,-1,-1,-1,-1,-0.907,0.511,1,0.978,0.641,0.053,0.053,0.706,1,1,0.617,-0.942,-1,-1,-1,-1,-1,-0.737,0.577,1,1,1,1,1,1,0.887,-0.639,-1,-1,-1,-1,-1,-1,-1,-0.901,-0.003,0.872,1,1,1,0.817,-0.308,-1,-1,-1,-1
"4",-1,-1,-0.935,0.143,0.689,1,0.305,-1,-1,-1,-1,-1,-1,-1,-0.983,-0.922,-1,-0.887,0.433,0.971,0.673,0.195,-0.651,-1,-1,-1,-1,-1,-1,-0.961,0.232,-0.654,-0.975,0.453,0.942,-0.291,-1,-1,-1,-1,-1,-1,-1,-1,-1,0.355,1,-0.873,-0.766,1,0.248,-1,-1,-1,-1,-1,-1,-1,-1,-0.96,0.143,0.993,0.064,-0.998,-0.715,0.992,0.509,-1,-1,-1,-1,-1,-1,-1,-0.993,0.191,1,0.476,-0.956,-1,-0.968,0.822,0.96,-0.685,-1,-1,-1,-1,-1,-1,-0.209,1,0.411,-0.94,-1,-1,-1,-0.297,1,0.633,-0.866,-1,-1,-1,-1,-0.6,0.961,0.585,-0.837,-1,-1,-1,-1,-0.959,0.241,1,0.479,-0.947,-1,-1,-0.817,0.877,0.893,-0.691,-1,-1,-1,-1,-1,-1,-0.922,0.547,1,0.56,-0.726,-1,0.58,0.961,-0.527,-1,-1,-1,-1,-1,-1,-1,-1,-0.83,0.327,0.946,0.856,0.406,0.996,0.078,-1,-1,-1,-1,-1,-1,-1,-1,-1,-1,-1,-0.562,0.838,1,1,0.581,-0.695,-1,-1,-1,-1,-1,-1,-1,-1,-1,-1,-0.927,0.855,0.898,0.172,-0.011,-0.842,-1,-1,-1,-1,-1,-1,-1,-1,-1,-1,-0.363,0.999,-0.403,-1,-1,-1,-1,-1,-1,-1,-1,-1,-1,-1,-1,-1,0.393,0.8,-0.997,-1,-1,-1,-1,-1,-1,-1,-1,-1,-1,-1,-1,-0.864,0.838,0.203,-1,-1,-1,-1,-1,-1,-1,-1,-1,-1,-1,-1,-1,-0.954,0.419,0.027,-1,-1,-1,-1,-1,-1,-1,-1,-1
"5",-1,-1,-1,-1,-1,-1,-1,-1,-1,-1,-1,-1,-0.968,0.679,-0.891,-1,-1,-1,-1,-1,-1,-1,-0.894,-0.662,-1,-1,-1,-1,-1,0.709,-0.064,-1,-1,-1,-1,-0.703,0.077,0.645,0.937,0.981,0.927,0.487,-0.657,-1,-1,0.459,0.333,-1,-1,-1,-0.903,0.793,1,1,1,0.641,0.278,-0.018,-0.362,-1,-1,0.517,0.678,-1,-1,-0.987,0.458,1,0.977,0.147,-0.755,-0.964,-1,-1,-1,-1,-1,0.585,0.663,-1,-1,-0.434,1,1,0.252,-1,-1,-1,-1,-1,-1,-1,-0.982,0.751,0.584,-1,-1,0.406,1,0.619,-0.905,-1,-1,-1,-1,-1,-1,-1,-0.938,0.902,0.686,-0.99,-0.983,0.806,0.998,-0.42,-1,-1,-1,-1,-1,-1,-1,-1,-0.195,1,-0.229,-1,-1,0.68,0.996,-0.772,-1,-1,-1,-1,-1,-1,-1,-1,0.317,0.958,-0.699,-1,-1,0.377,1,-0.474,-1,-1,-1,-1,-1,-1,-1,-0.952,0.856,0.782,-0.961,-1,-1,-0.232,1,-0.172,-1,-1,-1,-1,-1,-0.974,-0.614,-0.256,1,0.329,-1,-1,-1,-0.956,0.555,0.944,-0.671,-1,-1,-1,-1,-0.854,0.891,0.801,1,-0.342,-1,-1,-1,-1,-0.743,0.727,0.78,-0.575,-1,-1,-1,-0.556,0.895,1,0.962,-0.859,-1,-1,-1,-1,-1,-0.741,0.731,0.954,0.221,-0.765,-0.771,0.391,1,1,0.344,-0.997,-1,-1,-1,-1,-1,-1,-0.902,0.155,0.981,1,1,1,1,0.588,-0.959,-1,-1,-1,-1,-1,-1,-1,-1,-1,-0.499,0.302,0.998,0.83,0.093,-0.806,-1,-1,-1,-1
"6",-1,-1,-1,-1,-1,-1,-0.586,0.693,1,0.802,-0.524,-1,-1,-1,-1,-1,-1,-1,-1,-1,-1,-0.998,0.582,1,1,0.798,-0.446,-1,-1,-1,-1,-1,-1,-1,-1,-1,-1,-0.856,0.932,1,0.859,-0.771,-1,-1,-1,-1,-1,-1,-1,-1,-1,-1,-1,-0.432,1,1,0.079,-1,-1,-1,-1,-1,-1,-1,-1,-1,-1,-1,-1,-0.518,1,1,-0.413,-1,-1,-1,-1,-1,-1,-1,-1,-1,-1,-1,-1,-0.469,1,1,-0.512,-1,-1,-1,-1,-1,-1,-1,-1,-1,-1,-1,-1,-0.235,1,1,-0.352,-1,-1,-1,-1,-1,-1,-1,-1,-1,-1,-1,-1,-0.602,0.998,1,-0.376,-1,-1,-1,-1,-1,-1,-1,-1,-1,-1,-1,-1,-0.902,0.928,1,-0.204,-1,-1,-1,-1,-1,-1,-1,-1,-1,-1,-1,-1,-0.997,0.679,1,-0.229,-1,-1,-1,-1,-1,-1,-1,-1,-1,-1,-1,-1,-1,0.461,1,0.128,-1,-1,-1,-1,-1,-1,-1,-1,-1,-1,-1,-1,-1,0.313,1,0.325,-1,-1,-1,-1,-1,-1,-1,-1,-1,-1,-1,-1,-1,0.141,1,0.595,-0.999,-1,-1,-1,-1,-1,-1,-1,-1,-1,-1,-1,-1,-0.351,1,0.731,-0.988,-1,-1,-1,-1,-1,-1,-1,-1,-1,-1,-1,-1,-0.843,0.851,0.977,-0.593,-1,-1,-1,-1,-1,-1,-1,-1,-1,-1,-1,-1,-1,-0.601,0.592,0.219,-1,-1,-1,-1,-1,-1
"7",-1,-1,-1,-0.577,0.774,-0.448,-1,-1,-1,-1,-1,-0.823,-0.514,-1,-1,-1,-1,-1,-1,0.375,1,0.873,-0.908,-1,-1,-1,-1,0.178,0.476,-1,-1,-1,-1,-1,-0.858,0.8,1,0.966,-0.603,-1,-1,-1,-0.644,0.942,0.996,-0.648,-1,-1,-1,-1,-0.255,1,1,0.906,-0.935,-1,-1,-0.919,0.399,1,1,0.157,-1,-1,-1,-1,0.185,1,1,0.863,-0.953,-1,-0.997,0.244,1,1,1,-0.41,-1,-1,-1,-1,-0.023,1,1,0.583,-0.939,-0.702,-0.223,0.987,1,1,0.909,-0.774,-1,-1,-1,-1,-0.652,0.995,1,1,0.927,0.947,1,1,1,0.942,-0.623,-1,-1,-1,-1,-1,-1,-0.458,0.412,1,1,1,1,1,1,0.757,-0.956,-1,-1,-1,-1,-1,-1,-1,-0.98,-0.176,0.778,0.821,1,1,0.999,-0.239,-1,-1,-1,-1,-1,-1,-1,-1,-1,-1,-1,-0.241,1,1,0.632,-0.96,-1,-1,-1,-1,-1,-1,-1,-1,-1,-1,-0.899,0.794,1,1,0.217,-1,-1,-1,-1,-1,-1,-1,-1,-1,-1,-1,0.045,1,1,0.877,-0.812,-1,-1,-1,-1,-1,-1,-1,-1,-1,-1,-0.741,0.906,1,1,-0.054,-1,-1,-1,-1,-1,-1,-1,-1,-1,-1,-0.998,0.283,1,1,0.385,-0.906,-1,-1,-1,-1,-1,-1,-1,-1,-1,-1,-0.988,0.791,1,0.883,-0.839,-1,-1,-1,-1,-1,-1,-1,-1,-1,-1,-1,-1,-0.288,0.871,0.319,-0.985,-1,-1,-1,-1,-1,-1,-1
"8",-1,-1,-1,-1,-1,-0.584,0.337,0.752,0.421,-0.384,-1,-1,-1,-1,-1,-1,-1,-1,-1,-0.99,-0.033,0.935,1,1,1,0.999,0.293,-0.932,-1,-1,-1,-1,-1,-1,-1,-0.244,1,0.879,0.08,-0.118,-0.013,0.8,1,0.389,-0.966,-1,-1,-1,-1,-1,-0.78,0.925,0.941,-0.609,-1,-1,-1,-0.79,0.081,1,0.067,-1,-1,-1,-1,-1,-0.094,1,0.222,-1,-1,-1,-1,-1,-0.987,0.335,0.973,-0.377,-1,-1,-1,-0.898,0.728,1,-0.244,-1,-1,-1,-1,-1,-1,-0.629,0.916,0.753,-0.931,-1,-1,-0.59,1,1,-0.106,-1,-1,-1,-1,-1,-1,-1,0.267,1,-0.194,-1,-1,-0.251,1,0.302,-0.978,-1,-1,-1,-1,-1,-1,-1,-0.387,1,0.037,-1,-1,0.186,1,-0.316,-1,-1,-1,-1,-1,-1,-1,-1,-0.954,0.892,0.39,-1,-1,0.305,1,-0.085,-1,-1,-1,-1,-1,-1,-1,-1,-0.863,0.974,0.271,-1,-1,0.341,1,0.145,-1,-1,-1,-1,-1,-1,-1,-1,-0.126,1,-0.078,-1,-1,-0.039,1,0.525,-1,-1,-1,-1,-1,-1,-1,-0.674,0.859,0.765,-0.933,-1,-1,-0.566,1,0.963,-0.627,-1,-1,-1,-1,-1,-0.323,0.906,0.903,-0.466,-1,-1,-1,-0.97,0.642,1,0.795,0.119,-0.661,-0.661,-0.201,0.39,0.996,1,0.32,-0.555,-1,-1,-1,-1,-0.696,0.765,1,1,1,1,1,0.994,0.83,0.876,0.519,0.254,-0.622,-1,-1,-1,-1,-0.895,0.326,0.684,1,0.865,0.378,-0.414,-1,-0.899,-1,-1,-1,-1
"9",-1,-1,-1,-1,-1,-1,-0.302,0.225,-0.075,-0.779,-1,-1,-1,-1,-1,-1,-1,-1,-1,-1,-0.83,0.359,0.975,1,1,0.939,0.106,-0.917,-1,-1,-1,-1,-1,-1,-1,-0.804,0.687,1,0.827,-0.18,-0.534,-0.143,0.822,0.855,-0.211,-1,-1,-1,-1,-1,-0.955,0.506,1,0.884,-0.508,-1,-1,-1,-0.75,0.338,0.944,-0.201,-1,-1,-1,-0.956,0.173,1,0.956,-0.53,-1,-1,-1,-1,-1,-0.98,0.186,0.992,-0.258,-1,-1,-0.08,1,0.973,-0.462,-1,-1,-1,-1,-1,-1,-1,-0.999,0.286,0.891,-0.841,-0.815,0.905,1,0.267,-0.998,-1,-1,-1,-1,-1,-1,-1,-1,-0.568,1,-0.202,-0.06,1,0.729,-0.914,-1,-1,-1,-1,-1,-1,-1,-1,-1,-0.945,0.948,0.651,0.542,1,-0.035,-1,-1,-1,-1,-1,-1,-1,-1,-1,-1,-1,0.718,0.76,0.753,1,-0.601,-1,-1,-1,-1,-1,-1,-1,-1,-1,-1,-0.79,0.968,0.62,0.644,1,-0.634,-1,-1,-1,-1,-1,-1,-1,-1,-1,-1,-0.149,1,0.053,-0.103,1,0.185,-1,-1,-1,-1,-1,-1,-1,-1,-1,-0.48,0.928,0.919,-0.823,-0.872,0.7,0.994,-0.315,-1,-1,-1,-1,-1,-1,-0.858,-0.039,0.936,0.999,-0.251,-1,-1,-0.701,0.715,0.982,0.561,0.087,-0.281,-0.534,-0.148,0.159,0.743,1,0.915,-0.057,-0.996,-1,-1,-1,-0.873,0.137,0.905,1,1,1,1,1,0.96,0.145,-1,-1,-1,-1,-1,-1,-1,-1,-0.863,-0.578,-0.104,-0.05,0.181,-0.121,-0.709,-1,-1,-1,-1,-1
"10",-1,-1,-1,-1,-0.999,-1,-1,-1,-0.998,-0.431,-0.261,-0.261,-0.866,-1,-1,-1,-1,-1,-1,-0.546,0.648,0.147,-0.472,0.193,0.879,1,1,1,0.967,-0.33,-1,-1,-1,-1,-0.673,0.813,1,1,1,1,1,1,1,1,1,0.813,-0.647,-1,-1,-0.981,0.306,1,1,1,0.998,0.672,0.157,-0.481,-0.58,-0.369,0.585,1,0.595,-0.94,-1,-0.529,1,1,1,0.748,-0.148,-0.996,-1,-1,-1,-1,-0.367,1,1,-0.708,-0.967,0.585,1,0.945,-0.074,-0.935,-1,-1,-1,-1,-1,-1,-0.999,0.917,1,-0.07,-0.546,1,1,0.248,-1,-1,-1,-1,-1,-1,-1,-1,-1,0.087,1,0.451,0.562,1,1,0.342,-1,-1,-1,-1,-1,-1,-1,-1,-1,-0.24,1,0.661,0.817,1,1,0.553,-1,-1,-1,-1,-1,-1,-1,-1,-1,0.015,1,0.872,-0.448,0.891,1,0.787,-0.907,-1,-1,-1,-1,-1,-1,-1,-0.927,0.779,1,0.307,-1,-0.126,1,1,0.045,-0.985,-1,-1,-1,-1,-1,-0.977,0.246,1,0.971,-0.5,-1,-0.902,0.403,1,1,0.132,-1,-1,-1,-1,-0.617,0.429,1,1,0.324,-1,-1,-1,-0.965,0.239,1,0.999,0.709,0.157,0.457,0.894,0.956,1,1,0.614,-0.863,-1,-1,-1,-1,-0.905,0.551,0.982,1,1,1,1,1,0.941,0.197,-0.851,-1,-1,-1,-1,-1,-1,-1,-0.437,0.52,1,1,1,0.784,-0.583,-1,-1,-1,-1,-1,-1,-1,-1,-1,-1,-0.999,-0.998,-0.998,-0.462,-0.992,-1,-1,-1,-1,-1
"11",-1,-1,-1,-1,-1,-0.602,0.684,0.423,-0.943,-1,-1,-1,-1,-1,-1,-1,-1,-1,-0.91,-0.422,-0.285,0.851,1,1,-0.272,-1,-1,-1,-1,-1,-1,-1,-0.674,0.006,0.478,1,1,1,1,1,0.652,0.006,-0.556,-0.816,-1,-1,-1,-1,0.928,0.991,0.5,1,1,1,1,1,1,1,1,0.912,0.126,-1,-1,-1,-0.085,-0.389,0.328,1,1,-0.046,-0.861,-0.758,-0.075,0.856,1,1,1,0.677,-0.738,-1,-1,-0.265,1,1,1,-0.855,-1,-1,-1,-0.709,0.139,0.751,1,1,0.603,-1,-1,0.149,1,1,0.163,-0.995,-1,-1,-1,-1,-1,-0.741,0.745,1,0.993,-0.063,-1,0.863,1,0.709,-0.9,-1,-1,-1,-1,-1,-1,-1,-0.244,1,1,0.533,-0.271,1,1,0.083,-1,-1,-1,-1,-1,-1,-1,-1,-0.869,0.75,1,0.931,-0.175,1,1,-0.295,-1,-1,-1,-1,-1,-1,-1,-1,-0.779,0.784,1,0.525,0.662,1,1,-0.373,-1,-1,-1,-1,-1,-1,-1,-0.972,0.458,1,0.848,-0.55,0.733,1,1,-0.389,-1,-1,-1,-1,-1,-1,-0.906,0.2,1,1,0.3,-1,0.277,1,1,0.773,-0.413,-0.434,-0.434,-0.434,-0.434,0.246,0.786,1,1,0.569,-0.831,-1,-0.642,0.956,1,1,1,1,1,1,1,1,1,0.963,0.501,-0.872,-1,-1,-1,-0.538,0.768,1,1,1,1,1,1,1,0.758,-0.497,-1,-1,-1,-1,-1,-1,-0.705,-0.063,0.485,0.723,0.723,0.723,0.429,-0.205,-0.906,-1,-1,-1,-1,-1
"12",-1,-1,-1,-0.9,-0.221,0.499,0.199,-0.032,0.098,0.681,0.396,-0.032,-0.793,-1,-1,-1,-1,-1,-0.973,0.395,1,1,1,1,1,1,1,1,0.779,-0.608,-1,-1,-1,-1,-0.027,1,1,1,1,1,0.724,-0.404,0.048,0.399,1,0.914,-0.544,-1,-1,-0.436,0.993,1,1,1,0.606,1,0.118,-1,-1,-0.998,-0.199,1,0.735,-1,-0.97,0.415,1,0.909,-0.076,-0.542,-0.843,0.51,0.975,-0.5,-1,-1,-0.907,0.592,0.999,-0.153,-0.422,1,1,0.378,-1,-1,-1,-0.922,-0.098,-0.433,-1,-1,-1,-0.074,1,0.35,-0.099,1,0.975,-0.476,-1,-1,-1,-1,-1,-1,-1,-1,-1,-0.521,1,0.494,0.371,1,0.619,-1,-1,-1,-1,-1,-1,-1,-1,-1,-1,-0.713,0.999,0.532,0.587,1,0.607,-1,-1,-1,-1,-1,-1,-1,-1,-1,-1,-0.498,1,0.521,0.647,1,0.968,-0.913,-1,-1,-1,-1,-1,-1,-1,-1,-1,-0.028,1,0.714,0.094,1,0.848,-0.854,-1,-1,-1,-1,-1,-1,-1,-1,-0.822,0.73,1,0.441,-0.922,0.962,1,0.006,-1,-1,-1,-1,-1,-1,-0.953,-0.384,0.722,1,0.997,-0.436,-1,0.07,0.999,0.985,0.02,-0.841,-0.994,-0.987,-0.979,-0.601,0.26,1,1,0.995,0.151,-0.988,-1,-1,0.507,1,1,1,0.546,0.715,1,1,1,1,0.946,-0.29,-1,-1,-1,-1,-0.953,-0.05,0.894,1,1,1,1,1,0.794,-0.476,-0.889,-1,-1,-1,-1,-1,-1,-1,-0.814,-0.314,0.039,0.681,0.2,-0.033,-0.804,-1,-1,-1,-1,-1
"13",-1,-1,-1,-1,-1,-0.223,0.352,1,0.528,0.196,-0.808,-1,-1,-1,-1,-1,-1,-1,-1,-0.867,0.067,0.986,1,1,0.618,0.838,0.809,-0.415,-1,-1,-1,-1,-1,-1,-1,0.214,1,0.943,0.184,-0.805,-0.942,-0.756,0.481,0.892,-0.534,-1,-1,-1,-1,-1,-0.996,0.726,1,0.11,-1,-1,-1,-1,-0.872,0.814,0.862,-0.842,-1,-1,-1,-1,-0.959,0.841,1,0.198,-1,-1,-1,-1,-1,-0.387,1,-0.135,-1,-1,-1,-1,-0.974,0.586,1,0.704,-0.993,-1,-1,-1,-1,-0.963,0.821,0.62,-1,-1,-1,-1,-0.57,1,0.998,-0.135,-1,-1,-1,-1,-1,-1,0.104,1,-0.625,-1,-1,-1,0.248,1,0.836,-0.973,-1,-1,-1,-1,-1,-1,-0.167,1,-0.113,-1,-1,-0.691,0.999,1,0.045,-1,-1,-1,-1,-1,-1,-1,-0.498,1,-0.266,-1,-1,-0.115,1,0.894,-0.909,-1,-1,-1,-1,-1,-1,-1,-0.345,1,-0.176,-1,-1,-0.174,1,0.784,-0.983,-1,-1,-1,-1,-1,-1,-0.999,0.351,1,-0.329,-1,-1,-0.021,1,0.969,-0.836,-1,-1,-1,-1,-1,-0.999,-0.023,0.978,1,-0.119,-1,-1,-0.742,0.724,1,-0.355,-1,-1,-1,-1,-0.762,0.318,0.973,1,0.565,-0.926,-1,-1,-1,-0.409,0.971,0.937,0.085,-0.13,-0.13,0.26,0.836,1,0.901,-0.104,-0.912,-1,-1,-1,-1,-1,-0.115,0.985,1,1,1,1,1,0.744,-0.552,-1,-1,-1,-1,-1,-1,-1,-1,-0.534,0.267,0.841,1,0.523,-0.234,-0.699,-1,-1,-1,-1,-1
"14",-1,-1,-1,-1,-1,-1,-1,0.561,-0.264,-1,-1,-1,-1,-1,-1,-1,-1,-1,-1,-1,-1,-1,-0.892,0.966,0.749,-0.994,-1,-1,-1,-1,-1,-1,-1,-1,-1,-1,-1,-1,-0.912,0.967,1,-0.659,-1,-1,-1,-1,-1,-1,-1,-1,-1,-1,-1,-1,-1,0.619,1,-0.623,-1,-1,-1,-1,-1,-1,-1,-1,-1,-1,-1,-1,-1,0.583,1,-0.454,-1,-1,-1,-1,-1,-1,-1,-1,-1,-1,-1,-1,-1,0.547,1,-0.284,-1,-1,-1,-1,-1,-1,-1,-1,-1,-1,-1,-1,-1,0.66,1,-0.398,-1,-1,-1,-1,-1,-1,-1,-1,-1,-1,-1,-1,-1,0.591,1,-0.462,-1,-1,-1,-1,-1,-1,-1,-1,-1,-1,-1,-1,-1,0.554,1,-0.559,-1,-1,-1,-1,-1,-1,-1,-1,-1,-1,-1,-1,-1,0.751,1,-0.489,-1,-1,-1,-1,-1,-1,-1,-1,-1,-1,-1,-1,-1,0.732,1,-0.603,-1,-1,-1,-1,-1,-1,-1,-1,-1,-1,-1,-1,-1,0.695,1,-0.699,-1,-1,-1,-1,-1,-1,-1,-1,-1,-1,-1,-1,-1,0.709,1,-0.713,-1,-1,-1,-1,-1,-1,-1,-1,-1,-1,-1,-1,-1,0.739,1,-0.743,-1,-1,-1,-1,-1,-1,-1,-1,-1,-1,-1,-1,-0.404,0.94,1,-0.724,-1,-1,-1,-1,-1,-1,-1,-1,-1,-1,-1,-1,-0.874,0.374,0.729,-0.916,-1,-1,-1,-1,-1,-1
"15",-1,-1,-1,-1,-1,0.048,0.588,0.219,-0.428,-0.974,-1,-1,-1,-1,-1,-1,-1,-1,-1,-1,-0.637,0.923,1,1,1,0.21,-0.941,-1,-1,-1,-1,-1,-1,-1,-1,-1,0.41,1,1,1,1,1,0.781,-0.676,-1,-1,-1,-1,-1,-1,-1,-0.979,0.713,1,0.87,-0.615,-0.554,0.645,1,0.73,-0.893,-1,-1,-1,-1,-1,-1,-0.369,1,1,0.08,-1,-1,-0.839,0.963,1,0.339,-1,-1,-1,-1,-1,-0.946,0.777,1,1,-0.282,-1,-1,-1,-0.303,1,0.979,-0.213,-1,-1,-1,-1,-0.532,0.954,1,1,-0.588,-1,-1,-1,-0.941,0.878,1,0.527,-1,-1,-1,-1,0.317,1,1,0.243,-0.993,-1,-1,-1,-0.914,0.908,1,0.753,-0.979,-1,-1,-1,0.585,1,1,-0.341,-1,-1,-1,-1,-0.921,0.878,1,0.797,-0.968,-1,-1,-0.968,0.801,1,0.905,-0.685,-1,-1,-1,-1,-0.642,1,1,0.581,-1,-1,-1,-0.979,0.756,1,0.905,-0.914,-1,-1,-1,-1,-0.032,1,0.999,-0.085,-1,-1,-1,-1,0.492,1,0.897,-0.926,-1,-1,-1,-0.395,0.792,1,0.95,-0.818,-1,-1,-1,-1,-0.211,1,1,-0.201,-0.934,-0.959,-0.688,0.778,1,1,0.084,-1,-1,-1,-1,-1,-0.908,0.422,1,1,0.646,0.516,1,1,1,0.704,-0.896,-1,-1,-1,-1,-1,-1,-0.941,0.666,1,1,1,1,1,0.643,-0.606,-1,-1,-1,-1,-1,-1,-1,-1,-0.866,0.07,0.914,1,1,0.704,-0.553,-1,-1,-1,-1,-1
"16",-1,-1,-1,-1,-1,-1,0.219,0.787,-0.333,-0.981,-1,-1,-1,-1,-1,-1,-1,-1,-1,-1,-1,-1,-0.061,1,1,-0.376,-1,-1,-1,-1,-1,-1,-1,-1,-1,-1,-1,-1,0.009,1,1,0.255,-1,-1,-1,-1,-1,-1,-1,-1,-1,-1,-1,-1,0.336,1,1,0.574,-0.991,-1,-1,-1,-1,-1,-1,-1,-1,-1,-1,-1,0.079,1,1,0.866,-0.816,-1,-1,-1,-1,-1,-1,-1,-1,-1,-1,-1,-0.201,1,1,1,-0.389,-1,-1,-1,-1,-1,-1,-1,-1,-1,-1,-1,0.336,1,1,0.999,-0.552,-1,-1,-1,-1,-1,-1,-1,-1,-1,-1,-1,0.289,1,1,0.993,-0.499,-1,-1,-1,-1,-1,-1,-1,-1,-1,-1,-0.863,0.854,1,1,0.92,-0.824,-1,-1,-1,-1,-1,-1,-1,-1,-1,-1,-0.954,0.851,1,1,0.981,-0.65,-1,-1,-1,-1,-1,-1,-1,-1,-1,-1,-0.94,0.72,1,1,0.864,-0.861,-1,-1,-1,-1,-1,-1,-1,-1,-1,-1,-0.512,0.993,1,1,0.873,-0.917,-1,-1,-1,-1,-1,-1,-1,-1,-1,-1,-0.565,0.999,1,1,0.434,-0.992,-1,-1,-1,-1,-1,-1,-1,-1,-1,-1,-0.51,0.991,1,1,0.302,-1,-1,-1,-1,-1,-1,-1,-1,-1,-1,-1,-1,0.219,1,1,0.86,-0.927,-1,-1,-1,-1,-1,-1,-1,-1,-1,-1,-1,-0.932,-0.169,0.935,0.396,-0.931,-1,-1,-1,-1,-1
"17",-1,-1,-1,-1,-0.95,-0.94,-0.43,0.793,1,1,0.148,-0.627,-0.975,-1,-1,-1,-1,-1,-0.898,0.028,0.738,1,1,1,1,1,1,1,0.573,-0.724,-1,-1,-1,-0.943,0.649,1,1,1,1,1,1,1,1,1,1,0.562,-0.761,-1,-1,-0.367,1,1,1,1,1,1,0.994,0.563,0.033,1,1,1,0.166,-1,-1,-0.848,0.91,1,1,1,1,0.85,0.04,-0.935,-0.993,0.632,1,1,0.865,-0.893,-1,-0.851,0.783,1,1,1,0.997,-0.262,-1,-1,-1,-0.138,1,1,0.926,-0.824,-1,-0.023,1,1,1,1,0.617,-0.928,-1,-1,-1,-0.092,1,1,0.994,-0.615,-0.802,0.825,1,1,1,0.994,-0.35,-1,-1,-1,-1,0.424,1,1,0.988,-0.656,-0.656,0.988,1,1,1,0.541,-0.943,-1,-1,-1,-1,0.47,1,1,0.825,-0.802,-0.615,0.994,1,1,0.99,-0.436,-1,-1,-1,-1,-0.891,0.701,1,1,0.715,-0.974,-0.824,0.926,1,1,0.466,-0.957,-1,-1,-1,-1,-0.144,1,1,1,0.225,-1,-1,0.149,1,1,0.66,-0.668,-1,-1,-0.538,0.099,0.868,1,1,1,-0.174,-1,-1,-0.768,0.581,1,1,0.896,0.758,0.758,0.884,1,1,1,1,0.698,-0.916,-1,-1,-1,-0.726,0.588,1,1,1,1,1,1,1,1,1,-0.264,-1,-1,-1,-1,-1,-0.952,-0.047,0.998,1,1,1,1,1,0.738,-0.435,-0.964,-1,-1,-1,-1,-1,-1,-1,-0.6,0.177,1,1,0.764,0.03,-0.499,-1,-1,-1,-1
"18",-1,-1,-1,-1,-0.25,0.907,-0.158,-1,-1,-1,-0.96,-0.169,-0.496,-1,-1,-1,-1,-1,-1,-0.499,0.994,0.995,-0.49,-1,-1,-1,-0.255,1,0.876,-0.747,-1,-1,-1,-1,-0.911,0.744,1,0.042,-1,-1,-1,-0.911,0.869,1,0.125,-0.958,-1,-1,-1,-1,-0.705,1,0.825,-0.995,-1,-1,-1,0.045,1,0.7,-0.995,-1,-1,-1,-1,-1,-0.994,0.252,1,0.538,-0.294,-0.877,-0.994,0.626,1,0.242,-1,-1,-1,-1,-1,-1,-1,-1,-0.116,0.837,1,1,0.75,1,1,-0.47,-1,-1,-1,-1,-1,-1,-1,-1,-1,-0.955,-0.246,0.509,1,1,1,0.822,-0.63,-1,-1,-1,-1,-1,-1,-1,-1,-1,-1,-0.992,0.762,1,0.323,0,-0.593,-1,-1,-1,-1,-1,-1,-1,-1,-1,-1,-0.642,1,0.854,-0.962,-1,-1,-1,-1,-1,-1,-1,-1,-1,-1,-1,-1,-0.055,1,0.305,-1,-1,-1,-1,-1,-1,-1,-1,-1,-1,-1,-1,-1,0.533,0.99,-0.523,-1,-1,-1,-1,-1,-1,-1,-1,-1,-1,-1,-1,-0.845,0.966,0.722,-0.967,-1,-1,-1,-1,-1,-1,-1,-1,-1,-1,-1,-1,-0.417,1,0.042,-1,-1,-1,-1,-1,-1,-1,-1,-1,-1,-1,-1,-1,0.045,0.987,-0.783,-1,-1,-1,-1,-1,-1,-1,-1,-1,-1,-1,-1,-1,0.258,0.367,-1,-1,-1,-1,-1,-1,-1,-1,-1,-1,-1,-1,-1,-1,0.345,-0.47,-1,-1,-1,-1,-1,-1,-1,-1
"19",-1,-1,-1,-1,-1,-1,-1,-1,-1,-1,-1,-1,-1,-1,-1,-1,-1,-1,-1,-1,-1,-0.687,-0.123,-0.458,-0.89,-1,-1,-1,-1,-1,-1,-1,-1,-1,-1,-0.887,0.122,0.918,1,1,0.814,0.306,-0.797,-0.978,-1,-1,-1,-1,-1,-1,-1,-0.369,1,1,1,0.996,0.999,1,1,0.562,-0.66,-0.999,-1,-1,-1,-1,-1,-0.544,1,0.98,-0.288,-0.796,-0.544,0.315,0.871,1,1,0.196,-0.976,-1,-1,-0.664,0.241,0.947,1,0.71,-0.872,-1,-1,-1,-0.937,-0.511,0.922,1,0.182,-1,-0.654,0.871,1,0.996,0.312,0.332,-0.477,-1,-1,-1,-1,-1,0.062,1,0.991,-0.485,0.461,1,1,-0.113,-0.993,-1,-1,-1,-1,-1,-1,-1,-0.93,0.332,1,0.197,0.738,1,0.999,-0.563,-1,-1,-1,-1,-1,-1,-1,-1,-1,0.166,1,0.586,0.35,1,1,-0.781,-1,-1,-1,-1,-1,-1,-1,-1,-0.99,0.251,1,0.672,-0.068,1,1,-0.1,-0.963,-1,-1,-1,-1,-1,-1,-0.95,0.209,1,0.99,-0.138,-0.994,0.87,1,1,0.599,-0.551,-1,-1,-1,-0.639,-0.172,0.733,1,1,0.243,-1,-1,-0.646,0.778,1,1,0.998,0.995,0.995,0.995,0.997,1,1,0.885,0.397,-0.611,-1,-1,-1,-0.797,0.365,1,1,1,1,1,1,1,0.556,-0.551,-1,-1,-1,-1,-1,-1,-0.999,-0.819,-0.178,-0.123,-0.123,-0.123,-0.123,-0.61,-0.945,-1,-1,-1,-1,-1,-1,-1,-1,-1,-1,-1,-1,-1,-1,-1,-1,-1,-1,-1,-1
"20",-1,-1,-1,-1,-1,-1,-0.818,0.558,0.91,-0.652,-1,-1,-1,-1,-1,-1,-1,-1,-1,-1,-1,-1,-0.396,1,1,-0.493,-1,-1,-1,-1,-1,-1,-1,-1,-1,-1,-1,-1,-0.423,1,0.983,-0.894,-1,-1,-1,-1,-1,-1,-1,-1,-1,-1,-1,-1,-0.671,1,0.937,-0.821,-1,-1,-1,-1,-1,-1,-1,-1,-1,-1,-1,-1,-0.253,1,1,-0.414,-1,-1,-1,-1,-1,-1,-1,-1,-1,-1,-1,-1,0.166,1,1,-0.166,-1,-1,-1,-1,-1,-1,-1,-1,-1,-1,-1,-1,0.584,1,1,0.083,-1,-1,-1,-1,-1,-1,-1,-1,-1,-1,-1,-1,0.336,1,1,0.77,-0.995,-1,-1,-1,-1,-1,-1,-1,-1,-1,-1,-1,-0.906,0.66,1,0.579,-1,-1,-1,-1,-1,-1,-1,-1,-1,-1,-1,-1,-1,0.505,1,0.826,-0.998,-1,-1,-1,-1,-1,-1,-1,-1,-1,-1,-1,-1,0.035,1,0.829,-0.975,-1,-1,-1,-1,-1,-1,-1,-1,-1,-1,-1,-1,-0.436,1,1,-0.676,-1,-1,-1,-1,-1,-1,-1,-1,-0.7,0.142,0.334,0.334,0.54,1,0.999,-0.649,-1,-1,-1,-1,-1,-1,-1,-0.612,0.902,1,1,1,1,1,1,0.432,0.334,-0.277,-1,-1,-1,-1,-1,-0.292,1,1,1,1,1,1,1,1,1,0.959,-0.556,-1,-1,-1,-1,-1,-0.597,-0.325,0.329,0.333,0.333,0.333,0.385,0.948,0.333,0.324,-0.733,-1,-1
"21",-1,-1,-1,-1,-1,-1,0.037,0.579,1,1,0.891,-0.451,-1,-1,-1,-1,-1,-1,-1,-1,-1,-0.45,0.975,1,1,1,1,0.045,-1,-1,-1,-1,-1,-1,-1,-1,-0.598,0.635,1,1,1,0.911,0.051,-0.759,-1,-1,-1,-1,-1,-1,-1,-0.717,0.927,1,1,1,0.586,-0.415,0.119,0.875,-0.225,-1,-1,-1,-1,-1,-0.785,0.903,1,1,1,0.138,-1,-1,0.374,1,1,0.366,-0.997,-1,-1,-1,0.233,1,1,1,0.336,-0.974,-1,-1,-0.23,1,1,1,-0.498,-1,-1,-0.888,0.905,1,1,0.6,-0.948,-1,-1,-1,-0.935,0.837,1,1,0.305,-1,-1,-0.265,1,1,1,-0.462,-1,-1,-1,-1,-1,0.297,1,1,0.512,-1,-1,0.453,1,1,0.357,-1,-1,-1,-1,-1,-1,-0.108,1,1,0.874,-0.956,-0.776,0.947,1,0.998,-0.624,-1,-1,-1,-1,-1,-1,-0.184,1,1,0.966,-0.84,-0.705,1,1,0.817,-0.896,-1,-1,-1,-1,-1,-1,0.006,1,1,0.964,-0.697,-0.866,0.953,1,0.729,-0.998,-1,-1,-1,-1,-1,-1,0.459,1,1,0.791,-0.978,-1,0.417,1,0.999,-0.4,-1,-1,-1,-1,-0.265,0.822,1,1,1,0.354,-0.994,-1,-0.643,0.662,1,0.964,0.283,0.091,0.091,0.428,0.97,1,1,1,0.658,-0.942,-1,-1,-1,-0.895,0.159,0.968,1,1,1,1,1,1,1,0.696,-0.757,-1,-1,-1,-1,-1,-1,-0.594,0.185,0.731,1,1,0.987,0.289,0.029,-0.861,-1,-1,-1
"22",-1,-1,-1,-1,-1,-0.998,-0.14,0.384,0.999,0.999,0.234,-0.984,-1,-1,-1,-1,-1,-1,-1,-1,-1,-0.458,0.976,1,1,1,1,0.5,-0.729,-1,-1,-1,-1,-1,-1,-0.928,0.26,0.649,1,1,1,1,1,1,0.151,-1,-1,-1,-1,-0.981,-0.657,0.424,1,1,1,0.743,0.22,0.972,1,1,0.694,-1,-1,-1,-1,-0.47,0.986,1,1,1,0.974,-0.456,-1,0.487,1,1,0.999,-0.102,-0.976,-1,-0.779,0.807,1,1,1,1,0.007,-1,-1,-0.056,1,1,1,1,-0.013,-1,-0.526,1,1,1,0.938,-0.483,-0.95,-1,-1,-0.687,0.67,1,1,1,0.95,-0.393,-0.08,1,1,1,0.297,-0.999,-1,-1,-1,-1,-0.831,0.672,1,1,1,0.176,0.176,1,1,1,0.461,-1,-1,-1,-1,-1,-0.999,0.297,1,1,1,-0.08,-0.367,1,1,1,0.091,-1,-1,-1,-1,-1,-0.888,0.709,1,1,1,-0.526,-0.879,0.97,1,1,0.634,-1,-1,-1,-0.735,0.035,0.746,1,1,1,1,-0.402,-1,0.547,1,1,0.997,0.477,-0.172,-0.172,0.561,1,1,1,1,1,0.582,-0.963,-1,-0.249,0.911,1,1,1,1,1,1,1,1,1,1,1,0.478,-1,-1,-1,0.13,1,1,1,1,1,1,1,1,1,0.963,0.586,-0.051,-1,-1,-1,-1,-0.05,0.809,1,1,1,1,1,0.998,0.793,0.289,-0.996,-1,-1,-1,-1,-1,-1,-0.985,-0.116,0.131,0.999,0.975,-0.087,-0.104,-0.942,-1,-1,-1,-1
"23",-1,-1,-1,-1,-1,-1,-1,-1,-0.833,0.846,0.827,-0.433,-1,-1,-1,-1,-1,-1,-1,-1,-1,-1,-0.695,0.255,0.73,1,1,0.943,0.193,-0.815,-1,-1,-1,-1,-1,-1,-0.751,-0.336,0.654,1,1,1,1,1,1,0.105,-1,-1,-1,-1,-1,-0.274,0.772,1,1,1,1,1,1,1,1,0.093,-1,-1,-1,-1,-0.768,0.91,1,1,1,1,1,1,1,1,1,0.562,-0.991,-1,-1,-0.631,0.744,1,1,1,1,0.903,0.161,-0.605,0.93,1,1,0.815,-0.93,-1,-1,0.106,1,1,1,1,0.872,-0.389,-0.997,-1,0.147,1,1,1,-0.147,-1,-1,0.118,1,1,1,1,0.168,-1,-1,-1,-0.167,1,1,1,0.167,-1,-0.963,0.746,1,1,1,0.844,-0.831,-1,-1,-1,-0.155,1,1,1,0.636,-0.991,-1,-0.185,1,1,1,0.853,-0.852,-1,-1,-1,0.51,1,1,1,0.604,-0.972,-1,-0.943,0.791,1,1,0.943,-0.791,-1,-1,-0.753,0.601,1,1,1,0.43,-0.973,-1,-1,-0.12,1,1,1,0.504,-0.079,-0.926,0.746,1,1,1,0.995,-0.53,-1,-1,-1,-0.919,0.832,1,1,1,1,1,1,1,1,1,0.759,-0.958,-1,-1,-1,-1,-0.226,0.845,1,1,1,1,1,1,1,1,0.411,-0.95,-1,-1,-1,-1,-1,-0.663,0.518,1,1,1,1,1,1,0.94,-0.47,-1,-1,-1,-1,-1,-1,-1,-0.998,-0.206,0.479,0.999,0.999,0.999,0.999,0.476,-0.998,-1,-1
"24",-1,-1,-1,-1,-0.371,1,-0.623,-0.472,0.879,0.702,-1,-1,-1,-1,-1,-1,-1,-1,-1,-1,-0.051,1,-0.759,0.685,0.986,-0.327,-1,-1,-1,-1,-1,-1,-1,-1,-1,-1,-0.473,1,0.353,1,0.578,-1,-1,-1,-1,-0.734,-1,-1,-1,-1,-1,-1,-0.822,0.869,1,0.98,-0.368,-1,-1,-1,-0.596,0.905,-0.152,-1,-1,-1,-1,-1,-1,0.079,0.995,0.625,-1,-1,-1,-0.888,0.569,1,-0.019,-1,-1,-1,-1,-1,-1,-1,0.339,0.783,-0.983,-1,-1,0.294,1,0.368,-0.963,-1,-1,-1,-1,-1,-0.906,-0.008,0.979,-0.583,-1,-1,-0.477,0.986,0.963,-0.696,-1,-1,-1,-1,-1,-0.291,0.798,1,0.206,-0.987,-1,-0.917,0.62,1,0.11,-1,-1,-1,-1,-0.973,0.121,1,1,1,1,0.509,0.448,0.521,1,0.759,-0.958,-1,-1,-1,-1,-0.124,1,0.675,0.606,0.882,1,1,1,1,1,-0.09,-1,-1,-1,-1,-1,-0.887,-0.13,-0.956,-1,-0.944,-0.586,-0.331,0.139,1,0.869,-0.888,-1,-1,-1,-1,-1,-1,-1,-1,-1,-1,-1,-1,0.19,1,0.09,-1,-1,-1,-1,-1,-1,-1,-1,-1,-1,-1,-1,-0.97,0.69,0.947,-0.709,-1,-1,-1,-1,-1,-1,-1,-1,-1,-1,-1,-1,-0.39,1,0.651,-1,-1,-1,-1,-1,-1,-1,-1,-1,-1,-1,-1,-1,0.12,1,-0.068,-1,-1,-1,-1,-1,-1,-1,-1,-1,-1,-1,-1,-1,0.174,0.855,-0.776,-1,-1,-1,-1,-1,-1
"25",-1,-1,-0.945,-0.022,0.157,0.157,0.905,1,0.341,0.115,-0.74,-1,-1,-1,-1,-1,-1,-1,-0.16,1,1,1,1,1,1,1,0.92,0.245,-0.879,-1,-1,-1,-1,-0.978,0.612,1,0.973,0.895,0.895,0.895,0.895,0.961,1,1,0.553,-0.826,-1,-1,-1,-0.528,1,1,0.6,-1,-1,-1,-1,-0.555,-0.013,0.756,1,0.71,-0.717,-1,-1,0.222,1,1,0.825,-1,-1,-1,-1,-1,-1,-0.833,0.56,1,0.464,-0.961,-1,0.528,1,0.961,-0.239,-1,-1,-1,-1,-1,-1,-1,-0.597,0.945,1,-0.296,-0.926,0.804,1,0.174,-1,-1,-1,-1,-1,-1,-1,-1,-1,0.724,1,0.329,-0.705,0.978,1,-0.575,-1,-1,-1,-1,-1,-1,-1,-1,-1,0.498,1,0.554,0.023,1,0.675,-1,-1,-1,-1,-1,-1,-1,-1,-1,-0.961,0.721,1,0.647,0.152,1,0.635,-1,-1,-1,-1,-1,-1,-1,-1,-1,-0.793,0.948,1,-0.103,0.679,1,0.285,-1,-1,-1,-1,-1,-1,-1,-1,-0.894,0.596,1,0.844,-0.74,0.542,1,0.51,-1,-1,-1,-1,-1,-1,-1,-0.915,0.431,1,1,-0.443,-1,-0.348,1,0.926,-0.027,-0.877,-1,-1,-1,-1,-0.424,0.639,1,1,0.89,-0.728,-1,-0.981,-0.06,0.871,1,0.61,0.053,0.053,0.056,0.887,0.974,1,1,0.94,-0.414,-1,-1,-1,-1,-0.496,0.929,1,1,1,1,1,1,0.849,0.421,-0.534,-1,-1,-1,-1,-1,-1,-0.408,0.931,1,1,0.536,0.157,-0.612,-0.767,-1,-1,-1,-1,-1
"26",-1,-1,-1,-1,-1,-1,-1,-0.081,-0.081,-1,-1,-1,-1,-1,-1,-1,-1,-1,-1,-1,-1,-1,-1,0.308,0.266,-1,-1,-1,-1,-1,-1,-1,-1,-1,-1,-1,-1,-1,-1,0.736,0.785,-0.998,-1,-1,-1,-1,-1,-1,-1,-1,-1,-1,-1,-1,-0.953,0.923,0.903,-0.963,-1,-1,-1,-1,-1,-1,-1,-1,-1,-1,-1,-1,-0.99,0.827,0.783,-1,-1,-1,-1,-1,-1,-1,-1,-1,-1,-1,-1,-1,-0.997,0.836,0.911,-0.974,-1,-1,-1,-1,-1,-1,-1,-1,-1,-1,-1,-1,-0.996,0.836,0.94,-0.909,-1,-1,-1,-1,-1,-1,-1,-1,-1,-1,-1,-1,-0.943,0.94,0.823,-0.987,-1,-1,-1,-1,-1,-1,-1,-1,-1,-1,-1,-1,-0.891,0.987,0.825,-0.991,-1,-1,-1,-1,-1,-1,-1,-1,-1,-1,-1,-1,-0.896,0.994,0.678,-1,-1,-1,-1,-1,-1,-1,-1,-1,-1,-1,-1,-1,-0.901,1,0.676,-1,-1,-1,-1,-1,-1,-1,-1,-1,-1,-1,-1,-1,-0.974,0.921,0.596,-1,-1,-1,-1,-1,-1,-1,-1,-1,-1,-1,-1,-1,-1,0.793,0.73,-1,-1,-1,-1,-1,-1,-1,-1,-1,-1,-1,-1,-1,-0.999,0.794,0.573,-1,-1,-1,-1,-1,-1,-1,-1,-1,-1,-1,-1,-1,-1,0.429,0.572,-1,-1,-1,-1,-1,-1,-1,-1,-1,-1,-1,-1,-1,-1,-0.372,0.559,-1,-1,-1,-1,-1,-1,-1
"27",-1,-1,-1,-1,-1,-1,-0.809,0.81,0.443,-1,-1,-1,-1,-1,-1,-1,-1,-1,-1,-1,-1,-1,-0.67,1,0.951,-0.65,-1,-1,-1,-1,-1,-1,-1,-1,-1,-1,-1,-1,-0.672,1,1,-0.39,-1,-1,-1,-1,-1,-1,-1,-1,-1,-1,-1,-1,-0.475,1,1,-0.191,-1,-1,-1,-1,-1,-1,-1,-1,-1,-1,-1,-1,-0.345,1,1,-0.497,-1,-1,-1,-1,-1,-1,-1,-1,-1,-1,-1,-1,-0.281,1,1,-0.386,-1,-1,-1,-1,-1,-1,-1,-1,-1,-1,-1,-1,-0.48,1,1,-0.648,-1,-1,-1,-1,-1,-1,-1,-1,-1,-1,-1,-1,-0.679,1,1,-0.58,-1,-1,-1,-1,-1,-1,-1,-1,-1,-1,-1,-1,-0.461,1,1,-0.447,-1,-1,-1,-1,-1,-1,-1,-1,-1,-1,-1,-1,-0.484,1,1,-0.775,-1,-1,-1,-1,-1,-1,-1,-1,-1,-1,-1,-1,-0.31,1,1,-0.576,-1,-1,-1,-1,-1,-1,-1,-1,-1,-1,-1,-1,-0.29,1,1,-0.64,-1,-1,-1,-1,-1,-1,-1,-1,-1,-1,-1,-1,-0.489,1,1,-0.77,-1,-1,-1,-1,-1,-1,-1,-1,-1,-1,-1,-1,-0.293,1,1,-0.571,-1,-1,-1,-1,-1,-1,-1,-1,-1,-1,-1,-1,-0.294,1,1,-0.372,-1,-1,-1,-1,-1,-1,-1,-1,-1,-1,-1,-1,-0.934,0.387,0.914,-0.615,-1,-1,-1,-1,-1,-1
"28",-1,-1,-1,-1,-1,-1,-0.79,0.908,0.91,0.108,-0.874,-1,-1,-1,-1,-1,-1,-1,-1,-1,-1,-0.886,0.312,1,1,1,0.647,-0.819,-1,-1,-1,-1,-1,-1,-1,-1,-1,0.068,1,1,1,1,1,0.555,-0.92,-1,-1,-1,-1,-1,-1,-1,-0.133,0.933,1,1,1,1,1,1,-0.193,-1,-1,-1,-1,-1,-1,-0.821,0.839,1,1,1,1,1,1,1,0.669,-0.993,-1,-1,-1,-1,-1,0.144,1,1,1,1,0.331,0.822,1,1,0.91,-0.909,-1,-1,-1,-1,-0.67,0.942,1,1,1,0.912,-0.747,0.627,1,1,1,-0.553,-1,-1,-1,-1,0.156,1,1,1,1,-0.206,-1,0.244,1,1,1,-0.108,-1,-1,-1,-1,-0.047,1,1,1,0.788,-0.909,-1,0.494,1,1,1,0.066,-1,-1,-1,-1,0.172,1,1,1,0.175,-1,-0.953,0.667,1,1,1,0.088,-1,-1,-1,-1,-0.153,1,1,1,-0.286,-1,-0.583,1,1,1,1,-0.132,-1,-1,-1,-1,-0.902,0.759,1,1,0.093,-0.614,0.708,1,1,1,1,-0.472,-1,-1,-1,-1,-1,-0.586,1,1,1,1,1,1,1,1,1,-0.601,-1,-1,-1,-1,-1,-1,0.06,1,1,1,1,1,1,1,0.591,-0.956,-1,-1,-1,-1,-1,-1,0.189,0.69,0.977,1,1,1,1,0.701,-0.738,-1,-1,-1,-1,-1,-1,-1,-0.755,-0.821,-0.597,0.189,0.978,0.833,0.062,-0.874,-1,-1,-1,-1
"29",-1,-1,-1,-1,-1,-1,-0.293,0.949,0.194,-0.857,-1,-1,-1,-1,-1,-1,-1,-1,-1,-1,-1,-1,-0.008,1,1,0.782,-0.576,-1,-1,-1,-1,-1,-1,-1,-1,-1,-1,-0.905,0.598,1,1,1,0.886,-0.462,-1,-1,-1,-1,-1,-1,-1,-1,-1,-0.094,0.993,1,1,1,1,0.588,-0.999,-1,-1,-1,-1,-1,-1,-1,-0.776,0.903,1,1,1,1,1,1,-0.51,-1,-1,-1,-1,-1,-1,-1,0.245,1,1,0.808,-0.542,0.188,1,1,-0.18,-1,-1,-1,-1,-1,-1,-0.942,0.822,1,1,0.055,-1,-0.071,1,1,0.238,-1,-1,-1,-1,-1,-1,-0.177,1,1,0.964,-0.677,-1,-0.138,1,1,0.481,-1,-1,-1,-1,-1,-1,0.064,1,1,0.762,-0.956,-1,0.278,1,1,0.416,-1,-1,-1,-1,-1,-1,0.26,1,1,0.566,-1,-1,0.518,1,1,0.308,-1,-1,-1,-1,-1,-1,0.412,1,1,-0.026,-1,-0.892,0.848,1,1,0.001,-1,-1,-1,-1,-1,-1,-0.522,0.99,1,0.085,-1,0.03,1,1,1,0.025,-1,-1,-1,-1,-1,-1,-1,0.413,1,0.416,-0.241,0.894,1,1,1,-0.216,-1,-1,-1,-1,-1,-1,-1,-0.727,0.8,1,1,1,1,1,0.636,-0.97,-1,-1,-1,-1,-1,-1,-1,-1,-0.667,0.807,1,1,1,0.997,-0.428,-1,-1,-1,-1,-1,-1,-1,-1,-1,-1,-0.687,0.142,0.897,0.62,-0.195,-0.984,-1,-1,-1,-1
"30",-1,-1,-1,-1,-1,-1,-1,0.205,0.894,-0.259,-1,-1,-1,-1,-1,-1,-1,-1,-1,-1,-1,-0.997,-0.337,0.63,1,0.92,-0.893,-1,-1,-1,-1,-1,-1,-1,-1,-1,-1,-0.971,0.876,0.9,1,0.837,-0.992,-1,-1,-1,-1,-1,-1,-1,-1,-1,-1,-0.923,0.926,1,1,0.931,-0.936,-1,-1,-1,-1,-1,-1,-1,-1,-1,-1,-0.831,0.994,1,1,0.781,-0.984,-1,-1,-1,-1,-1,-1,-1,-1,-1,-1,-0.964,0.826,1,1,0.523,-1,-1,-1,-1,-1,-1,-1,-1,-1,-1,-1,-0.982,0.716,1,1,0.234,-1,-1,-1,-1,-1,-1,-1,-1,-1,-1,-1,-0.94,0.932,1,1,-0.221,-1,-1,-1,-1,-1,-1,-1,-1,-1,-1,-1,-0.849,0.971,1,1,-0.23,-1,-1,-1,-1,-1,-1,-1,-1,-1,-1,-1,-0.937,0.94,1,1,-0.549,-1,-1,-1,-1,-1,-1,-1,-1,-1,-1,-1,-0.899,0.963,1,1,-0.422,-1,-1,-1,-1,-1,-1,-1,-1,-1,-1,-1,-0.91,0.915,1,1,-0.453,-1,-1,-1,-1,-1,-1,-1,-1,-1,-1,-1,-1,0.46,1,1,-0.333,-1,-1,-1,-1,-1,-1,-1,-1,-1,-1,-1,-1,0.053,1,1,0.226,-1,-1,-1,-1,-1,-1,-1,-1,-1,-1,-1,-1,-0.776,0.799,1,0.668,-0.997,-1,-1,-1,-1,-1,-1,-1,-1,-1,-1,-1,-1,-0.737,0.475,0.97,-0.876,-1,-1,-1,-1,-1
"31",-1,-1,-1,-1,-1,-1,-0.679,0.818,-0.374,-1,-1,-1,-1,-1,-1,-1,-1,-1,-1,-1,-1,-1,-0.296,1,0.444,-1,-1,-1,-1,-1,-1,-1,-1,-1,-1,-1,-1,-1,-0.127,1,0.572,-1,-1,-1,-1,-1,-1,-1,-1,-1,-1,-1,-1,-1,0.042,1,0.403,-1,-1,-1,-1,-1,-1,-1,-1,-1,-1,-1,-1,-0.883,1,1,0.216,-1,-1,-1,-1,-1,-1,-1,-1,-1,-1,-1,-1,-0.714,1,1,0.047,-1,-1,-1,-1,-1,-1,-1,-1,-1,-1,-1,-1,-0.545,1,1,-0.122,-1,-1,-1,-1,-1,-1,-1,-1,-1,-1,-1,-1,-0.376,1,1,-0.291,-1,-1,-1,-1,-1,-1,-1,-1,-1,-1,-1,-1,-0.19,1,1,0.412,-1,-1,-1,-1,-1,-1,-1,-1,-1,-1,-1,-1,-0.021,1,1,0.243,-1,-1,-1,-1,-1,-1,-1,-1,-1,-1,-1,-1,0.148,1,1,0.074,-1,-1,-1,-1,-1,-1,-1,-1,-1,-1,-1,-1,-0.078,1,1,-0.095,-0.39,-0.424,-1,-1,-1,-1,-1,-1,-1,-1,-1,-1,-0.386,1,1,0.06,0.755,0.064,-1,-1,-1,-1,-1,-1,-1,-1,-1,-1,-0.217,1,1,1,0.451,-0.939,-1,-1,-1,-1,-1,-1,-1,-1,-1,-1,-0.047,1,1,0.73,-0.671,-1,-1,-1,-1,-1,-1,-1,-1,-1,-1,-1,-0.796,0.732,0.674,-0.76,-1,-1,-1,-1,-1,-1,-1
"32",-1,-1,-1,-1,-1,-1,-1,-1,-1,-1,-1,-1,-1,-1,-1,-1,-1,-1,-1,-0.775,0.034,-0.135,-0.849,-0.578,-0.79,-1,-1,-1,-1,-1,-1,-1,-1,-1,-0.665,0.726,1,1,0.829,0.981,0.865,0.733,0.732,0.032,-0.349,-0.931,-1,-1,-1,-0.567,0.912,1,1,1,0.991,0.822,0.822,0.859,1,1,1,0.688,-0.587,-1,-0.998,0.425,1,1,0.997,0.398,-0.482,-1,-1,-0.901,-0.467,0.049,0.429,0.995,0.889,-0.678,-0.678,0.965,1,1,0.976,-0.493,-1,-1,-1,-1,-1,-1,-1,-0.06,1,0.342,-0.042,1,0.314,-0.911,-0.725,-0.643,-1,-1,-1,-1,-1,-1,-1,-0.983,0.951,0.588,0.376,1,-0.109,-1,-1,-1,-1,-1,-1,-1,-1,-1,-1,-0.799,0.901,0.833,0.794,1,0.057,-1,-1,-1,-1,-1,-1,-1,-1,-1,-1,0.104,1,0.415,0.138,1,0.329,-0.994,-1,-1,-1,-1,-1,-1,-1,-1,-0.65,0.867,0.821,-0.741,-0.494,0.975,1,-0.741,-1,-1,-1,-1,-1,-1,-1,-0.325,0.794,1,0.236,-1,-1,0.319,1,0.659,-0.235,-0.96,-1,-1,-1,-0.839,-0.019,0.957,1,0.549,-0.806,-1,-1,-0.865,0.484,1,1,0.723,0.111,0.111,0.592,0.872,1,1,0.174,-0.951,-1,-1,-1,-1,-0.918,0.3,1,1,1,1,1,1,0.553,-0.223,-0.896,-1,-1,-1,-1,-1,-1,-0.968,-0.556,0.133,0.155,0.155,0.114,-0.556,-0.854,-1,-1,-1,-1,-1,-1,-1,-1,-1,-1,-1,-1,-1,-1,-1,-1,-1,-1,-1,-1,-1
"33",-1,-1,-1,-1,-1,-0.966,-0.237,0.847,0.393,-0.839,-1,-1,-1,-1,-1,-1,-1,-1,-1,-1,-1,0.323,1,1,1,0.33,-1,-1,-1,-1,-1,-1,-1,-1,-1,-1,-0.459,0.899,1,1,1,0.442,-1,-1,-1,-1,-1,-1,-1,-1,-1,-0.378,0.934,1,1,1,0.994,-0.695,-1,-1,-1,-1,-1,-1,-1,-1,-0.955,0.755,1,1,1,1,1,-0.156,-0.999,-1,-1,-1,-1,-1,-1,-1,-0.057,1,1,0.791,0.594,1,1,1,0.335,-0.844,-1,-1,-1,-1,-1,-0.87,0.853,1,1,0.005,-0.976,-0.415,0.906,1,1,0.673,-0.817,-1,-1,-1,-1,-0.591,1,1,0.378,-0.976,-1,-1,-0.51,0.891,1,1,0.728,-0.789,-1,-1,-1,0.194,1,1,-0.434,-1,-1,-1,-1,-0.578,0.851,1,1,0.38,-0.998,-1,-0.947,0.721,1,0.723,-0.941,-1,-1,-1,-1,-1,-0.723,0.452,1,1,-0.61,-1,-0.929,1,1,0.202,-1,-1,-1,-1,-1,-1,-1,-0.917,0.461,1,0.68,-0.951,-0.995,0.98,1,0.237,-1,-1,-1,-1,-1,-1,-1,-0.698,0.667,1,0.532,-0.972,-1,0.899,1,0.923,-0.601,-1,-1,-1,-1,-0.883,-0.151,0.913,0.963,0.303,-0.745,-1,-1,0.096,1,1,0.903,0.686,0.12,0.45,0.76,0.829,1,0.841,-0.204,-1,-1,-1,-1,-0.961,0.256,1,1,1,1,1,1,1,0.682,-0.62,-1,-1,-1,-1,-1,-1,-0.981,-0.17,0.543,1,1,1,0.51,-0.165,-0.884,-1,-1,-1,-1,-1
"34",-1,-1,-1,-1,-0.967,0.243,0.999,0.999,0.999,0.216,-0.494,-1,-1,-1,-1,-1,-1,-1,-1,-0.587,0.703,1,1,1,1,1,1,-0.118,-1,-1,-1,-1,-1,-1,-0.666,0.623,1,1,1,1,1,1,1,1,0.042,-1,-1,-1,-1,-1,0.297,1,1,1,1,1,0.202,-0.456,0.754,1,1,0.202,-1,-1,-1,-0.806,0.943,1,1,1,1,1,0.362,-1,-0.361,1,1,0.979,-0.618,-1,-1,-0.022,1,1,1,1,1,1,0.021,-1,-0.999,0.478,1,1,0.516,-0.996,-0.956,0.775,1,1,1,1,0.485,-0.804,-1,-1,-1,-0.181,1,1,1,-0.32,-0.341,1,1,1,1,0.989,-0.648,-1,-1,-1,-1,-0.34,1,1,1,-0.16,0.5,1,1,1,1,0.5,-1,-1,-1,-1,-1,0,1,1,1,0.499,0.34,1,1,1,1,-0.34,-1,-1,-1,-1,-0.648,0.989,1,1,1,0.159,-0.32,1,1,1,0.775,-0.956,-1,-1,-0.804,0.029,0.956,1,1,1,1,-0.181,-0.478,0.998,1,1,0.996,0.099,0,0.406,1,1,1,1,1,1,0.878,-0.9,-1,0.361,1,1,1,1,1,1,1,1,1,1,1,1,0.138,-1,-1,-0.754,0.456,1,1,1,1,1,1,1,1,1,0.543,-0.246,-1,-1,-1,-1,-0.834,0.376,1,1,1,1,1,1,0.999,-0.042,-1,-1,-1,-1,-1,-1,-1,-1,-0.414,0.296,0.703,0,0,-0.587,-1,-1,-1,-1,-1,-1
"35",-1,-1,-1,-1,-1,-1,-0.866,0.841,1,0.993,-0.091,-0.975,-1,-1,-1,-1,-1,-1,-1,-1,-1,-0.846,0.794,1,1,1,1,0.365,-1,-1,-1,-1,-1,-1,-1,-1,-0.914,0.745,1,1,1,1,1,0.993,-0.602,-1,-1,-1,-1,-1,-1,-0.922,0.312,1,1,1,0.896,0.869,1,1,0.417,-1,-1,-1,-1,-1,-1,-0.256,1,1,1,1,0.567,-0.036,1,1,0.781,-0.955,-1,-1,-1,-1,-0.924,0.641,1,1,1,1,-0.05,-0.535,0.999,1,1,-0.5,-1,-1,-1,-1,-0.312,1,1,1,1,0.356,-0.848,-0.561,0.998,1,1,-0.15,-1,-1,-1,-1,-0.045,1,1,1,1,0.006,-1,-0.586,0.996,1,1,-0.123,-1,-1,-1,-1,-0.072,1,1,1,0.835,-0.801,-1,-0.147,1,1,1,-0.096,-1,-1,-1,-1,-0.393,1,1,1,0.356,-1,-1,0.12,1,1,1,-0.069,-1,-1,-1,-1,-0.622,0.996,1,1,0.383,-1,-0.45,0.865,1,1,1,-0.042,-1,-1,-1,-1,-0.999,0.524,1,1,0.962,0.235,0.893,1,1,1,1,-0.367,-1,-1,-1,-1,-1,-0.502,1,1,1,1,1,1,1,1,0.606,-0.946,-1,-1,-1,-1,-1,-1,0.061,1,1,1,1,1,1,1,0.569,-0.998,-1,-1,-1,-1,-1,-1,-1,-0.538,0.662,1,1,1,1,0.29,-0.486,-1,-1,-1,-1,-1,-1,-1,-1,-1,-0.969,0.069,0.821,0.009,-0.898,-0.979,-1,-1,-1,-1
"36",-1,-1,-1,-1,-1,-1,-1,-0.711,0.485,0.75,-0.692,-1,-1,-1,-1,-1,-1,-1,-1,-1,-1,-1,-1,0.06,1,1,-0.622,-1,-1,-1,-1,-1,-1,-1,-1,-1,-1,-1,-0.886,0.777,1,0.308,-0.821,-1,-1,-1,-1,-1,-1,-1,-1,-1,-0.684,-0.801,-0.552,1,1,-0.283,-1,-1,-1,-1,-1,-1,-1,-1,-1,-1,-0.071,0.898,0.132,1,0.991,-0.808,-1,-0.886,-1,-1,-1,-1,-1,-1,-1,-1,0.047,1,1,1,1,-0.07,0.148,0.91,-0.16,-1,-1,-1,-1,-1,-1,-0.92,0.646,1,1,1,1,1,1,0.957,-0.437,-1,-1,-1,-1,-1,-1,-0.065,1,1,1,1,1,0.441,0.037,-0.348,-1,-1,-1,-1,-1,-1,-1,-0.235,1,1,0.758,0.985,0.999,-0.699,-1,-1,-1,-1,-1,-1,-1,-1,-1,-0.991,0.111,0.946,-0.261,0.761,1,-0.591,-1,-1,-1,-1,-1,-1,-1,-1,-1,-1,-1,-0.867,-0.951,0.519,1,-0.217,-1,-1,-1,-1,-1,-1,-1,-1,-1,-1,-1,-1,-1,-0.06,1,-0.002,-1,-1,-1,-1,-1,-1,-1,-1,-1,-1,-1,-1,-1,-0.57,1,0.387,-1,-1,-1,-1,-1,-1,-1,-1,-1,-1,-1,-1,-1,-0.94,0.822,0.602,-1,-1,-1,-1,-1,-1,-1,-1,-1,-1,-1,-1,-1,-1,0.682,0.628,-1,-1,-1,-1,-1,-1,-1,-1,-1,-1,-1,-1,-1,-1,-0.2,0.433,-1,-1,-1,-1,-1,-1
"37",-1,-1,-1,-1,-1,-0.42,0.786,1,0.769,-0.085,-0.94,-1,-1,-1,-1,-1,-1,-1,-1,-1,-0.625,0.906,1,1,1,1,0.556,-0.837,-1,-1,-1,-1,-1,-1,-1,-0.36,1,1,0.821,0.334,0.735,1,1,0.751,-0.725,-1,-1,-1,-1,-1,-0.59,0.923,1,1,-0.444,-1,-1,0,1,1,0.855,-0.743,-1,-1,-1,-1,0.58,1,1,0.308,-1,-1,-1,-1,-0.282,0.974,1,0.504,-0.974,-1,-1,-0.394,1,1,0.556,-0.94,-1,-1,-1,-1,-1,-0.393,1,1,-0.496,-1,-0.999,0.631,1,1,-0.188,-1,-1,-1,-1,-1,-1,-0.915,0.769,1,0.256,-1,-0.744,0.957,1,1,0.342,-1,-1,-1,-1,-1,-1,-1,0.102,1,1,-0.769,-0.206,1,1,0.769,-0.453,-1,-1,-1,-1,-1,-1,-1,-0.648,0.999,1,-0.462,0.153,1,1,-0.154,-1,-1,-1,-1,-1,-1,-1,-1,-0.872,0.915,1,-0.154,-0.154,1,1,0.154,-1,-1,-1,-1,-1,-1,-1,-1,-0.598,1,1,0.153,-0.786,0.88,1,0.462,-1,-1,-1,-1,-1,-1,-1,-0.854,0.727,1,1,-0.428,-1,0.564,1,1,0.145,-0.598,-1,-1,-0.957,-0.333,0.188,0.889,1,1,0.102,-1,-1,-0.769,0.915,1,1,1,1,1,1,1,1,1,1,0.186,-0.999,-1,-1,-1,-0.556,0.615,1,1,1,1,1,1,1,0.717,-0.334,-1,-1,-1,-1,-1,-1,-1,-0.529,0.324,0.957,0.598,0.333,0.332,-0.35,-1,-1,-1,-1,-1
"38",-1,-1,-1,-1,-1,-0.391,0.959,1,0.466,-0.255,-0.855,-1,-1,-1,-1,-1,-1,-1,-1,-1,-0.653,0.935,1,1,1,1,0.725,-0.52,-1,-1,-1,-1,-1,-1,-1,-0.884,0.68,1,0.896,0.031,0.279,0.813,1,0.891,-0.522,-1,-1,-1,-1,-1,-0.975,0.237,1,1,-0.271,-1,-1,-0.774,0.676,1,0.887,-0.859,-1,-1,-1,-1,-0.714,1,1,0.725,-0.933,-1,-1,-1,-0.787,0.685,1,0.367,-1,-1,-1,-1,0.137,1,0.987,-0.292,-1,-1,-1,-1,-1,-0.485,0.996,0.914,-0.823,-1,-1,-0.943,0.795,1,0.623,-1,-1,-1,-1,-1,-1,-1,0.626,1,-0.038,-1,-1,-0.125,1,1,-0.228,-1,-1,-1,-1,-1,-1,-1,0.247,1,0.44,-1,-1,0.197,1,0.963,-0.648,-1,-1,-1,-1,-1,-1,-1,-0.292,1,0.783,-1,-1,0.753,1,0.833,-1,-1,-1,-1,-1,-1,-1,-1,-0.401,1,0.979,-0.62,-0.594,0.989,1,0.843,-1,-1,-1,-1,-1,-1,-1,-1,-0.411,1,0.996,-0.578,-1,0.547,1,0.91,-0.81,-1,-1,-1,-1,-1,-1,-1,-0.373,1,0.814,-1,-1,-0.199,0.986,1,0.288,-0.862,-1,-1,-1,-1,-1,-0.626,0.756,1,0.344,-1,-1,-1,0.57,1,1,0.825,0.103,0.02,0.02,0.02,0.121,0.947,1,0.854,-0.607,-1,-1,-1,-0.655,0.481,1,1,1,1,1,1,1,1,0.861,-0.597,-1,-1,-1,-1,-1,-0.957,-0.152,0.872,1,1,1,0.943,0.372,0.044,-0.85,-1,-1,-1
"39",-1,-1,-1,-1,-1,-0.655,0.552,1,0.34,-0.927,-1,-1,-1,-1,-1,-1,-1,-1,-1,-1,-0.577,0.924,1,1,1,0.003,-1,-1,-1,-1,-1,-1,-1,-1,-1,-0.829,0.769,1,0.983,0.399,0.981,0.976,0.017,-0.984,-1,-1,-1,-1,-1,-1,-0.945,0.499,1,0.934,-0.058,-1,-0.406,0.899,1,0.345,-0.912,-1,-1,-1,-1,-1,-0.38,1,1,-0.046,-1,-1,-1,-0.636,0.75,1,0.442,-0.959,-1,-1,-1,-1,0.357,1,0.707,-0.885,-1,-1,-1,-1,-0.726,0.766,1,0.029,-1,-1,-1,-0.523,0.968,1,0.064,-1,-1,-1,-1,-1,-1,-0.852,0.886,0.952,-0.662,-1,-1,0.358,1,0.944,-0.793,-1,-1,-1,-1,-1,-1,-1,-0.204,1,0.528,-1,-0.863,0.958,1,0.239,-1,-1,-1,-1,-1,-1,-1,-1,-0.847,0.997,0.949,-0.95,-0.651,1,1,-0.323,-1,-1,-1,-1,-1,-1,-1,-1,-1,0.745,1,-0.597,-0.397,1,1,-0.489,-1,-1,-1,-1,-1,-1,-1,-1,-0.834,0.943,1,-0.39,-0.582,1,1,-0.523,-1,-1,-1,-1,-1,-1,-1,-0.656,0.511,1,0.942,-0.674,-0.943,0.956,1,-0.119,-1,-1,-1,-1,-0.728,-0.423,0.447,0.918,1,1,-0.15,-1,-1,0.17,1,0.983,0.565,0.334,0.334,0.541,0.963,1,1,1,0.819,-0.208,-0.99,-1,-1,-0.961,0.124,1,1,1,1,1,1,1,0.605,-0.116,-0.743,-1,-1,-1,-1,-1,-0.998,-0.381,0.242,0.514,0.651,0.308,-0.185,-0.627,-0.977,-1,-1,-1,-1,-1
"40",-1,-1,-1,-1,-1,-0.824,0.213,1,0.544,-0.964,-1,-1,-1,-1,-1,-1,-1,-1,-1,-1,-0.757,0.494,1,1,1,-0.051,-1,-1,-1,-1,-1,-1,-1,-1,-1,-1,0.075,1,1,1,1,0.941,-0.514,-1,-1,-1,-1,-1,-1,-1,-1,-0.511,0.948,1,0.704,-0.679,-0.107,0.785,0.939,-0.478,-1,-1,-1,-1,-1,-1,-1,0.345,1,1,-0.268,-1,-1,-0.523,0.999,0.942,-0.646,-1,-1,-1,-1,-1,-0.707,0.899,1,0.261,-0.99,-1,-1,-1,0.084,1,0.683,-0.945,-1,-1,-1,-1,0.419,1,0.972,-0.548,-1,-1,-1,-1,-0.954,0.916,1,0.058,-1,-1,-1,-0.933,0.878,1,0.702,-1,-1,-1,-1,-1,-1,-0.038,1,0.565,-1,-1,-1,-0.563,0.997,1,0.016,-1,-1,-1,-1,-1,-1,-0.681,1,0.978,-0.376,-1,-1,-0.113,1,0.971,-0.777,-1,-1,-1,-1,-1,-1,-0.996,0.636,1,0.207,-1,-1,0.45,1,0.761,-0.995,-1,-1,-1,-1,-1,-1,-1,0.084,1,0.702,-1,-1,0.632,1,0.585,-1,-1,-1,-1,-1,-1,-1,-0.744,0.527,1,0.545,-1,-1,0.506,1,0.514,-1,-1,-1,-1,-1,-0.952,-0.313,0.763,1,1,-0.289,-1,-1,-0.002,1,0.947,0.02,0.02,0.02,0.02,0.618,0.694,1,1,1,0.667,-0.9,-1,-1,-0.726,0.7,1,1,1,1,1,1,1,1,0.623,-0.066,-0.864,-1,-1,-1,-1,-0.866,0.218,0.999,1,1,1,0.407,0.087,-0.628,-0.965,-1,-1,-1,-1
"41",-1,-1,-1,-1,-1,-1,-1,-0.962,0.716,0.835,-0.395,-1,-1,-1,-1,-1,-1,-1,-1,-1,-1,-0.473,-0.2,0.629,0.983,1,0.906,-0.389,-1,-1,-1,-1,-1,-1,-1,-1,-0.105,0.87,1,1,1,1,1,0.958,-0.719,-1,-1,-1,-1,-1,-1,-0.152,0.822,1,1,1,1,1,1,0.998,-0.532,-1,-1,-1,-1,-1,-0.894,0.688,1,1,1,1,1,1,1,1,0.334,-1,-1,-1,-1,-1,-0.295,1,1,1,1,0.887,0.733,0.811,1,1,0.993,-0.578,-1,-1,-1,-0.962,0.576,1,1,1,1,0.052,-1,-0.879,0.85,1,1,0.424,-1,-1,-1,-0.475,1,1,1,1,0.376,-0.803,-1,-1,-0.11,1,1,0.509,-0.999,-1,-0.999,0.505,1,1,1,0.911,-0.817,-1,-1,-1,-0.669,0.976,1,1,-0.409,-1,-1,0.421,1,1,1,0.177,-0.993,-1,-1,-1,-0.733,0.955,1,1,0.245,-1,-0.909,0.813,1,1,0.927,-0.654,-1,-1,-1,-0.793,0.209,1,1,1,0.662,-0.976,-1,-0.035,1,1,0.999,-0.498,-0.999,-0.493,-0.408,0.644,1,1,1,1,0.562,-0.933,-1,-0.917,0.801,1,1,0.783,0.467,0.897,1,1,1,1,1,0.996,-0.277,-1,-1,-1,-0.197,1,1,1,1,1,1,1,1,1,0.991,0.575,-0.899,-1,-1,-1,-0.968,0.04,0.939,1,1,1,1,1,1,0.918,0.114,-0.912,-1,-1,-1,-1,-1,-1,-0.628,-0.067,0.496,0.999,0.999,0.649,-0.067,-0.501,-1,-1,-1,-1
"42",-1,-1,-1,-1,-1,-1,-1,-0.985,0.433,-0.791,-1,-1,-1,-1,-1,-1,-1,-1,-1,-1,-1,-1,-1,-0.132,-0.069,-1,-1,-0.978,-0.037,-0.849,-1,-1,-1,-1,-1,-1,-1,-0.764,0.17,0.571,-0.996,-1,-1,0.034,0.777,-0.97,-1,-1,-1,-1,-1,-1,-0.977,0.437,0.997,-0.528,-1,-1,-1,0.697,0.191,-1,-1,-1,-1,-1,-1,-0.818,0.479,1,0.211,-0.997,-1,-1,-0.916,0.968,-0.425,-1,-1,-1,-1,-1,-1,0.271,1,0.92,-0.578,-0.885,-1,-1,-0.38,0.85,-0.89,-1,-1,-1,-1,-1,-0.9,0.858,1,1,0.889,0.703,-0.68,-1,0.449,0.06,-1,-1,-1,-1,-1,-1,-0.99,-0.82,-0.401,0.287,0.285,-0.81,-0.883,-0.963,0.854,-0.713,-1,-1,-1,-1,-1,-1,-1,-1,-1,-0.673,0.832,0.59,0.291,0.509,0.995,-0.551,-1,-1,-1,-1,-1,-1,-1,-1,-1,-1,-0.848,-0.18,-0.005,0.98,0.236,-0.976,-1,-1,-1,-1,-1,-1,-1,-1,-1,-1,-1,-1,-0.75,0.915,-0.633,-1,-1,-1,-1,-1,-1,-1,-1,-1,-1,-1,-1,-1,0.166,0.603,-0.999,-1,-1,-1,-1,-1,-1,-1,-1,-1,-1,-1,-1,-1,0.426,-0.13,-1,-1,-1,-1,-1,-1,-1,-1,-1,-1,-1,-1,-1,-0.822,0.822,-0.752,-1,-1,-1,-1,-1,-1,-1,-1,-1,-1,-1,-1,-1,0.107,0.165,-1,-1,-1,-1,-1,-1,-1,-1,-1,-1,-1,-1,-1,-0.979,0.598,-0.773,-1,-1,-1,-1,-1,-1,-1
"43",-1,-1,-1,-1,-1,-1,-1,0.145,0.427,-0.797,-1,-1,-1,-1,-1,-1,-1,-1,-1,-1,-1,-0.457,-0.101,-0.78,0.88,0.356,-1,-1,-1,-1,-1,-1,-1,-1,-1,-1,-0.327,0.999,1,0.205,-0.534,0.717,-0.282,-0.962,-1,-1,-1,-1,-1,-1,-1,-0.985,0.707,1,1,-0.028,-1,-0.533,0.989,0.451,-0.989,-1,-1,-1,-1,-1,-1,-0.392,1,1,0.493,-0.979,-1,-1,0.139,1,-0.221,-1,-1,-1,-1,-1,-1,0.494,1,0.886,-0.584,-1,-1,-1,-1,0.413,0.819,-0.967,-1,-1,-1,-1,-0.862,0.916,1,0.089,-1,-1,-1,-1,-1,-0.17,1,-0.564,-1,-1,-1,-1,-0.223,1,0.996,-0.63,-1,-1,-1,-1,-1,-0.264,1,0.019,-1,-1,-1,-1,0.336,1,0.561,-1,-1,-1,-1,-1,-1,-0.76,0.995,0.438,-0.999,-1,-1,-0.983,0.716,1,-0.161,-1,-1,-1,-1,-1,-1,-0.675,0.979,1,-0.651,-1,-1,-0.836,0.965,1,-0.394,-1,-1,-1,-1,-1,-1,-0.381,1,0.906,-0.872,-1,-1,-0.638,1,0.991,-0.781,-1,-1,-1,-1,-1,-0.264,0.912,1,0.311,-1,-1,-1,-0.895,0.919,1,-0.534,-1,-1,-1,-1,-0.154,0.994,1,0.867,-0.605,-1,-1,-1,-1,-0.05,1,-0.277,-0.936,-0.345,0.245,0.714,0.967,1,0.936,-0.377,-1,-1,-1,-1,-1,-0.955,0.588,0.909,0.847,1,1,1,1,0.35,-0.718,-1,-1,-1,-1,-1,-1,-1,-0.938,-0.41,-0.451,0.847,0.981,0.243,-0.519,-0.899,-1,-1,-1,-1,-1
"44",-1,-1,-1,-1,-0.515,0.086,-0.571,0.99,0.996,0.217,-0.222,-0.962,-1,-1,-1,-1,-1,-1,-1,-0.749,0.528,1,0.794,0.866,0.852,1,1,0.091,-0.979,-1,-1,-1,-1,-1,-1,0.26,1,1,1,0.814,-0.724,0.827,1,1,0.128,-0.995,-1,-1,-1,-1,-0.672,0.66,1,1,1,-0.036,-1,-0.835,0.42,1,1,-0.203,-1,-1,-1,-1,0.204,1,1,1,0.263,-0.869,-1,-1,-0.865,0.43,1,1,-0.493,-1,-1,-0.292,0.934,1,1,0.934,-0.712,-1,-1,-1,-1,-0.642,0.985,1,0.549,-0.997,-0.846,0.836,1,1,0.979,-0.283,-1,-1,-1,-1,-1,-1,0.298,1,0.908,-0.888,-0.783,0.97,1,1,0.147,-0.976,-1,-1,-1,-1,-1,-1,-0.392,1,0.923,-0.834,-0.041,1,1,0.762,-0.984,-1,-1,-1,-1,-1,-1,-1,0.026,1,1,-0.132,-0.11,1,1,0.813,-0.966,-1,-1,-1,-1,-1,-1,-0.984,0.561,1,1,-0.062,-0.535,1,1,0.99,-0.719,-1,-1,-1,-1,-1,-1,-0.452,0.979,0.984,0.865,-0.727,-0.929,0.793,1,1,-0.127,-1,-1,-1,-1,-0.694,-0.933,0.503,1,0.526,-0.995,-1,-1,-0.361,0.87,1,0.896,0.022,-0.263,-0.263,0.339,0.838,0.674,0.971,1,0.594,-0.993,-1,-1,-1,-0.117,0.96,1,1,1,1,1,1,1,1,0.884,-0.109,-0.992,-1,-1,-1,-1,-0.482,0.73,1,1,1,1,1,1,0.529,-0.645,-1,-1,-1,-1,-1,-1,-1,-0.881,-0.006,0.43,0.944,0.162,0.157,-0.477,-0.887,-1,-1,-1,-1
"45",-1,-1,-1,-1,-1,-1,0.101,1,0.469,-0.746,-1,-1,-1,-1,-1,-1,-1,-1,-1,-1,-1,-0.737,0.932,1,0.926,0.75,-0.563,-1,-1,-1,-1,-1,-1,-1,-1,-1,-1,-0.508,1,1,0.775,-0.841,-0.859,-1,-1,-1,-1,-1,-1,-1,-1,-1,-1,-0.717,0.998,1,0.815,-0.964,-1,-1,-1,-1,-1,-1,-1,-1,-1,-1,-1,-0.589,0.984,1,0.886,-0.896,-1,-1,-1,-1,-1,-1,-1,-1,-1,-1,-1,-0.671,1,1,0.935,-0.879,-1,-1,-1,-1,-1,-1,-1,-1,-1,-1,-1,-0.479,0.995,1,0.942,-0.783,-1,-1,-1,-1,-1,-1,-1,-1,-1,-1,-1,-0.623,1,1,0.92,-0.912,-1,-1,-1,-1,-1,-1,-1,-1,-1,-1,-1,-0.645,0.992,1,0.888,-0.85,-1,-1,-1,-1,-1,-1,-1,-1,-1,-1,-1,-0.836,0.971,1,0.972,-0.722,-1,-1,-1,-1,-1,-1,-1,-1,-1,-1,-1,-0.762,0.939,1,0.963,-0.791,-1,-1,-1,-1,-1,-1,-1,-1,-1,-1,-1,-0.802,0.986,1,0.879,-0.932,-1,-1,-1,-1,-1,-1,-1,-1,-1,-1,-1,-0.887,0.895,1,0.926,-0.84,-1,-1,-1,-1,-1,-1,-1,-1,-1,-1,-1,-0.761,0.993,1,0.973,-0.82,-1,-1,-1,-1,-1,-1,-1,-1,-1,-1,-1,-1,0.331,1,0.906,-0.832,-1,-1,-1,-1,-1,-1,-1,-1,-1,-1,-1,-1,-0.755,0.64,0.977,-0.691,-1,-1,-1,-1,-1,-1
"46",-1,-1,-1,-1,-1,-1,-1,-1,-1,-0.124,-0.916,-1,-1,-1,-1,-1,-1,-1,-1,-1,-1,-1,-1,-1,-1,0.607,-0.117,-1,-1,-1,-1,-1,-1,-1,-1,-1,-1,-1,-1,-1,-0.874,0.957,0.24,-1,-1,-1,-1,-1,-1,-1,-1,-1,-0.946,0.1,-0.175,-1,-0.467,1,-0.041,-1,-1,-1,-1,-1,-1,-1,-1,-1,-0.161,0.995,0.106,-1,-0.088,1,-0.399,-1,-1,-1,-1,-1,-1,-1,-1,-1,-0.336,0.993,-0.217,-0.754,0.092,0.998,-0.847,-1,-1,-1,-1,-1,-1,-1,-1,-1,-0.971,0.054,0.9,0.978,0.946,1,0.312,-0.532,-1,-1,-1,-1,-1,-1,-1,-1,-1,-1,-0.893,-0.408,0.797,0.902,0.177,-0.597,-1,-1,-1,-1,-1,-1,-1,-1,-1,-1,-1,-0.978,0.859,0.527,-1,-1,-1,-1,-1,-1,-1,-1,-1,-1,-1,-1,-1,-0.869,0.98,0.178,-1,-1,-1,-1,-1,-1,-1,-1,-1,-1,-1,-1,-1,-0.726,1,-0.264,-1,-1,-1,-1,-1,-1,-1,-1,-1,-1,-1,-1,-1,-0.495,1,-0.562,-1,-1,-1,-1,-1,-1,-1,-1,-1,-1,-1,-1,-1,-0.468,1,-0.59,-1,-1,-1,-1,-1,-1,-1,-1,-1,-1,-1,-1,-1,-0.516,1,-0.753,-1,-1,-1,-1,-1,-1,-1,-1,-1,-1,-1,-1,-1,-0.683,0.998,-0.846,-1,-1,-1,-1,-1,-1,-1,-1,-1,-1,-1,-1,-1,-0.987,0.599,-0.947,-1,-1,-1,-1,-1,-1
"47",-1,-1,-1,-1,-1,-1,-1,-1,-1,-1,-1,-1,-1,-1,-1,-1,-1,-1,-1,-1,-1,-1,-1,-1,-1,-1,-1,-1,-1,-1,-1,-1,-1,-1,-1,-0.29,0.512,0.62,0.62,0.62,0.62,0.122,-0.551,-0.985,-1,-1,-1,-1,-1,-1,-0.441,0.966,0.958,0.917,0.936,1,1,1,1,0.391,-0.795,-1,-1,-1,-1,-0.977,0.425,0.861,-0.73,-1,-0.912,-0.578,-0.578,-0.077,0.432,0.864,0.777,-0.614,-1,-1,-1,0.353,1,0.706,0.36,-1,-1,-1,-1,-1,-1,-0.474,0.923,0.903,-0.677,-1,-0.454,0.968,0.48,-0.959,-1,-1,-1,-1,-1,-1,-1,-1,-0.148,0.998,0.622,-0.925,0.165,0.935,-0.819,-1,-1,-1,-1,-1,-1,-1,-1,-1,-1,-0.242,0.998,0.153,0.704,0.577,-1,-1,-1,-1,-1,-1,-1,-1,-1,-1,-1,-1,0.795,0.741,0.748,0.788,-1,-1,-1,-1,-1,-1,-1,-1,-1,-1,-1,-1,0.212,0.463,0.41,0.997,-0.871,-1,-1,-1,-1,-1,-1,-1,-1,-1,-1,-0.998,-0.705,-0.776,-0.635,0.983,0.517,-0.519,-1,-1,-1,-1,-1,-1,-0.953,-0.507,-0.073,0.623,0.113,-1,-1,-0.399,0.721,0.986,0.917,0.037,-0.46,0.189,0.583,0.917,0.924,1,0.829,0.119,-0.853,-1,-1,-1,-0.947,-0.185,0.115,0.115,0.294,0.318,0.539,0.456,-0.066,-0.46,-0.938,-1,-1,-1,-1,-1,-1,-1,-1,-1,-1,-1,-1,-1,-1,-1,-1,-1,-1,-1,-1,-1,-1,-1,-1,-1,-1,-1,-1,-1,-1,-1,-1,-1,-1,-1
"48",-1,-1,-1,-1,-1,-1,-0.614,0.503,0.983,-0.524,-1,-1,-1,-1,-1,-1,-1,-1,-1,-1,-1,-1,0.086,0.996,0.998,-0.281,-1,-1,-1,-1,-1,-1,-1,-1,-1,-1,-1,-1,-0.022,0.999,0.997,0.368,-1,-1,-1,-1,-1,-1,-1,-1,-1,-1,-1,-1,0.389,0.997,0.997,0.553,-0.99,-1,-1,-1,-1,-1,-1,-1,-1,-1,-1,-0.995,0.459,0.998,0.995,0.701,-0.97,-1,-1,-1,-1,-1,-1,-1,-1,-1,-1,-0.993,0.503,0.997,0.997,0.441,-1,-1,-1,-1,-1,-1,-1,-1,-1,-1,-1,-0.932,0.821,0.997,0.996,0.065,-1,-1,-1,-1,-1,-1,-1,-1,-1,-1,-1,-0.713,0.829,0.995,1,0.32,-1,-1,-1,-1,-1,-1,-1,-1,-1,-1,-1,-0.923,0.796,0.997,0.997,0.081,-1,-1,-1,-1,-1,-1,-1,-1,-1,-1,-1,-0.998,0.369,1,0.999,0.564,-0.986,-1,-1,-1,-1,-1,-1,-1,-1,-1,-1,-1,0.119,0.997,0.997,0.924,-0.849,-1,-1,-1,-1,-1,-1,-1,-1,-1,-1,-1,0.225,0.997,0.998,0.797,-0.948,-1,-1,-1,-1,-1,-1,-1,-1,-1,-1,-1,0.299,0.999,0.997,0.924,-0.819,-1,-1,-1,-1,-1,-1,-1,-1,-1,-1,-1,0.286,0.997,0.997,0.738,-0.74,-1,-1,-1,-1,-1,-1,-1,-1,-1,-1,-1,0.06,0.998,0.959,-0.066,-1,-1,-1,-1,-1,-1,-1,-1,-1,-1,-1,-1,0.227,0.426,-0.482,-1,-1,-1,-1,-1,-1,-1
"49",-1,-1,-1,-1,0.385,0.999,0.999,0.523,-0.909,-1,-1,-1,-1,-1,-1,-1,-1,-1,-1,0.115,1,1,1,1,0.384,-1,-1,-1,-1,-1,-1,-1,-1,-1,-0.154,1,1,1,1,1,1,0.793,0,-0.14,-1,-1,-1,-1,-1,-0.423,1,1,1,0.989,0.511,1,1,1,1,1,0.927,-0.505,-1,-1,-1,0.307,1,1,1,0.63,-0.5,0.87,1,1,1,1,1,1,-0.308,-1,-0.765,0.803,1,1,0.764,-0.803,-1,0.039,1,0.264,0.236,1,1,1,0.461,-1,-0.231,1,1,1,-0.269,-1,-1,-1,-1,-1,-1,0.27,1,1,1,-0.27,0,1,1,1,0,-1,-1,-1,-1,-1,-1,0,1,1,1,0,-0.27,1,1,1,-0.73,-1,-1,-1,-1,-1,-1,0.231,1,1,1,-0.231,-0.539,1,1,1,-0.461,-1,-1,-1,-1,-1,-0.038,1,1,1,0.538,-1,-0.308,1,1,1,-0.192,-1,-1,-1,-0.437,0.13,1,1,1,1,-0.192,-1,-0.505,0.927,1,1,0.505,0,0,0.006,0.989,1,1,1,1,1,-0.423,-1,-1,0.153,1,1,1,1,1,1,1,1,1,1,1,-0.154,-1,-1,-1,-0.616,1,1,1,1,1,1,1,1,1,0.841,-0.726,-1,-1,-1,-1,-1,-0.385,0.999,1,1,1,1,1,0.476,0,-0.591,-1,-1,-1,-1,-1,-1,-1,-1,-0.044,0.389,0.61,0,0,-0.956,-1,-1,-1,-1,-1,-1
"50",-1,-1,-1,-1,-1,-0.672,0.883,0.999,0.116,-0.829,-1,-1,-1,-1,-1,-1,-1,-1,-1,-1,-1,-0.509,1,1,1,0.726,-0.718,-1,-1,-1,-1,-1,-1,-1,-1,-0.893,0.162,1,1,1,1,1,0.337,-0.608,-1,-1,-1,-1,-1,-1,-0.451,1,1,1,1,1,1,1,1,0.947,-0.006,-0.992,-1,-1,-1,-0.614,0.942,1,1,1,1,1,1,1,1,1,1,0.558,-0.887,-1,-1,0.107,1,1,1,1,1,1,1,1,1,1,1,1,-0.108,-1,-1,0.386,1,1,0.334,0.666,1,0.834,0,-0.721,-0.779,0.666,1,1,0.613,-1,-0.945,0.61,1,1,-0.165,-1,-1,-1,-1,-1,-0.945,0.611,1,1,0.834,-1,-0.993,0.938,1,1,0.055,-1,-1,-1,-1,-1,-0.993,0.938,1,1,0.993,-0.938,-1,0.723,1,1,0.276,-1,-1,-1,-1,-1,-0.666,0.89,1,1,0.276,-1,-1,0.502,1,1,0.721,-0.724,-1,-1,-1,-0.776,0.279,1,1,1,-0.003,-1,-1,0.281,1,1,1,0.332,-0.613,-0.386,0,0.669,1,1,1,0.886,-0.669,-1,-1,-0.934,0.994,1,1,1,1,1,1,1,1,1,1,0.438,-1,-1,-1,-1,-0.16,1,1,1,1,1,1,1,1,1,0.607,-0.948,-1,-1,-1,-1,-1,-0.163,0.782,1,1,1,1,1,0.718,0,-0.837,-1,-1,-1,-1,-1,-1,-1,-0.773,0.171,0.999,0.999,0.999,0.328,-0.727,-1,-1,-1,-1,-1
"51",-1,-1,-1,-1,-1,-0.954,0.496,0.01,-0.965,-1,-1,-1,-1,-1,-1,-1,-1,-1,-1,-1,-1,-1,-0.324,0.789,0.742,-0.325,-0.98,-1,-1,-1,-1,-1,-1,-1,-1,-1,-1,-0.871,-0.334,0.133,1,1,0.488,-0.907,-1,-1,-1,-1,-1,-1,-1,-1,-0.912,0.093,1,1,1,1,1,0.261,-0.925,-1,-1,-1,-1,-1,-1,-0.334,0.557,1,1,1,0.721,-0.227,0.908,1,0.509,-0.976,-1,-1,-1,-1,-0.603,0.816,1,1,1,0.903,-0.449,-1,-0.25,1,1,0.009,-0.974,-1,-1,-0.903,0.328,1,1,1,1,-0.095,-1,-1,-1,0.289,1,1,0.085,-1,-1,-0.133,1,1,1,1,0.364,-0.902,-1,-1,-1,-0.496,0.998,1,0.772,-0.858,-0.206,1,1,1,0.968,0.226,-0.952,-1,-1,-1,-1,-0.771,0.928,1,1,-0.109,0.269,1,1,1,0.726,-0.97,-1,-1,-1,-1,-1,-0.054,0.981,1,1,0.384,0.407,1,1,0.981,-0.584,-1,-1,-1,-1,-1,-0.523,0.766,1,1,0.998,0.227,-0.296,1,1,0.927,-0.836,-1,-1,-1,-1,-0.174,0.869,1,1,1,0.875,-0.883,-1,0.244,1,0.998,0.135,-0.025,-0.025,-0.025,0.621,0.948,1,1,1,1,0.452,-0.998,-1,-0.91,0.693,1,1,1,1,1,1,1,1,1,0.997,0.205,-0.612,-1,-1,-1,-0.855,0.127,0.957,1,1,1,1,1,1,0.958,-0.155,-0.94,-1,-1,-1,-1,-1,-1,-0.967,-0.249,0.507,0.589,0.589,0.416,-0.231,-0.578,-1,-1,-1,-1
"52",-1,-1,-1,-1,-1,-1,-1,-1,-1,-1,0.002,-0.25,-1,-1,-1,-1,-1,-1,-1,-1,-1,-1,-1,-1,-1,-1,0.437,-0.138,-1,-1,-1,-1,-1,-1,-1,-1,-1,-1,-1,-1,-1,-1,0.712,0.06,-1,-1,-1,-1,-1,-1,-1,-1,-0.823,0.127,-0.971,-1,-1,-0.999,0.773,-0.082,-1,-1,-1,-1,-1,-1,-1,-1,-0.695,1,-0.693,-1,-1,-0.956,0.952,-0.27,-1,-1,-1,-1,-1,-1,-1,-1,-0.553,1,-0.675,-1,-1,-0.729,1,-0.439,-1,-1,-1,-1,-1,-1,-1,-1,0.035,0.886,-0.936,-1,-1,-0.454,1,-0.714,-1,-1,-1,-1,-1,-1,-1,-1,0.057,0.795,-0.813,-1,-1,0.034,0.873,-0.968,-1,-1,-1,-1,-1,-1,-1,-1,-0.927,0.429,0.889,0.371,-0.12,0.565,0.901,-0.085,-1,-1,-1,-1,-1,-1,-1,-1,-1,-1,-0.535,0.054,0.265,0.885,0.442,-0.862,-1,-1,-1,-1,-1,-1,-1,-1,-1,-1,-1,-1,-1,0.8,0.066,-1,-1,-1,-1,-1,-1,-1,-1,-1,-1,-1,-1,-1,-0.932,0.966,-0.263,-1,-1,-1,-1,-1,-1,-1,-1,-1,-1,-1,-1,-1,-0.886,0.983,-0.431,-1,-1,-1,-1,-1,-1,-1,-1,-1,-1,-1,-1,-1,-0.575,1,-0.599,-1,-1,-1,-1,-1,-1,-1,-1,-1,-1,-1,-1,-1,-0.147,1,-0.615,-1,-1,-1,-1,-1,-1,-1,-1,-1,-1,-1,-1,-1,-0.425,0.75,-0.913,-1,-1,-1,-1,-1
"53",-1,-1,-1,-1,-1,-1,-1,-0.779,0.77,0.318,-1,-1,-1,-1,-1,-1,-1,-1,-1,-1,-1,-1,-0.986,0.507,1,0.461,-1,-1,-1,-1,-1,-1,-1,-1,-1,-1,-1,-1,-0.703,1,0.969,-0.688,-1,-1,-1,-1,-1,-1,-1,-1,-1,-1,-1,-1,-0.313,1,0.791,-0.992,-1,-1,-1,-1,-1,-1,-1,-1,-1,-1,-1,-1,0.077,1,0.409,-1,-1,-1,-1,-1,-1,-1,-1,-1,-1,-1,-1,-1,0.32,1,0.019,-1,-1,-1,-1,-1,-1,-1,-1,-1,-1,-1,-1,-1,0.416,1,-0.077,-1,-1,-1,-1,-1,-1,-1,-1,-1,-1,-1,-1,-1,0.438,1,-0.173,-1,-1,-1,-1,-1,-1,-1,-1,-1,-1,-1,-1,-1,0.507,1,-0.388,-1,-1,-1,-1,-1,-1,-1,-1,-1,-1,-1,-1,-1,0.474,1,-0.135,-1,-1,-1,-1,-1,-1,-1,-1,-1,-1,-1,-1,-1,0.22,1,0.119,-1,-1,-1,-1,-1,-1,-1,-1,-1,-1,-1,-1,-1,-0.511,1,0.553,-0.997,-1,-1,-1,-1,-1,-1,-1,-1,-1,-1,-1,-1,-0.829,1,1,-0.832,-1,-1,-1,-1,-1,-1,-1,-1,-1,-1,-1,-1,-0.996,0.822,1,-0.578,-1,-1,-1,-1,-1,-1,-1,-1,-1,-1,-1,-1,-1,0.122,1,0.162,-1,-1,-1,-1,-1,-1,-1,-1,-1,-1,-1,-1,-1,-0.49,0.899,-0.394,-1,-1,-1,-1,-1,-1
"54",-1,-1,-1,-1,-1,-1,-0.887,-0.009,0.674,0.427,-0.499,-1,-1,-1,-1,-1,-1,-1,-1,-1,-1,-0.925,0.488,1,1,1,0.936,-0.607,-1,-1,-1,-1,-1,-1,-1,-1,-1,0.001,1,1,1,1,1,0.384,-1,-1,-1,-1,-1,-1,-1,-1,-0.806,0.767,1,1,1,1,1,0.803,-0.843,-1,-1,-1,-1,-1,-1,-1,-0.007,1,1,1,0.451,0.84,1,0.843,-0.857,-1,-1,-1,-1,-1,-1,-1,0.75,1,0.665,-0.462,-0.717,0.965,1,0.837,-1,-1,-1,-1,-1,-1,-1,-0.825,0.868,1,-0.045,-1,-0.851,1,1,0.97,-0.991,-1,-1,-1,-1,-1,-1,-0.78,1,1,-0.454,-1,-0.871,0.995,1,0.915,-0.91,-1,-1,-1,-1,-1,-1,-0.921,1,1,-0.313,-1,-0.453,1,1,0.581,-1,-1,-1,-1,-1,-1,-1,-1,0.937,1,-0.171,-1,-0.594,1,1,0.722,-1,-1,-1,-1,-1,-1,-1,-1,0.723,1,0.506,-1,-0.663,1,1,0.863,-1,-1,-1,-1,-1,-1,-1,-1,-0.026,1,0.863,-0.781,-0.196,1,1,0.714,-0.999,-1,-1,-1,-1,-1,-1,-1,-0.675,1,1,0.162,-0.335,1,1,0.465,-1,-1,-1,-1,-1,-1,-1,-1,-0.983,0.24,1,1,0.624,1,1,0.114,-1,-1,-1,-1,-1,-1,-1,-1,-1,-0.834,0.602,1,1,1,0.995,-0.421,-1,-1,-1,-1,-1,-1,-1,-1,-1,-1,-0.882,0.277,1,1,0.151,-1,-1,-1,-1,-1
"55",-1,-1,-1,-1,-1,-1,-0.205,1,0.204,-1,-1,-1,-1,-1,-1,-1,-1,-1,-1,-1,-1,-1,0.179,1,1,-0.401,-1,-1,-1,-1,-1,-1,-1,-1,-1,-1,-1,-1,-0.105,1,1,0.105,-1,-1,-1,-1,-1,-1,-1,-1,-1,-1,-1,-1,-0.389,1,1,0.167,-1,-1,-1,-1,-1,-1,-1,-1,-1,-1,-1,-1,-0.229,1,1,0.006,-1,-1,-1,-1,-1,-1,-1,-1,-1,-1,-1,-1,-0.29,1,1,-0.154,-1,-1,-1,-1,-1,-1,-1,-1,-1,-1,-1,-1,-0.574,1,1,-0.093,-1,-1,-1,-1,-1,-1,-1,-1,-1,-1,-1,-1,-0.414,1,1,-0.031,-1,-1,-1,-1,-1,-1,-1,-1,-1,-1,-1,-1,-0.475,1,1,-0.191,-1,-1,-1,-1,-1,-1,-1,-1,-1,-1,-1,-1,-0.315,1,1,-0.574,-1,-1,-1,-1,-1,-1,-1,-1,-1,-1,-1,-1,-0.154,1,1,-0.735,-1,-1,-1,-1,-1,-1,-1,-1,-1,-1,-1,-1,0.006,1,1,-0.673,-1,-1,-1,-1,-1,-1,-1,-1,-1,-1,-1,-1,0.167,1,0.931,-0.987,-1,-1,-1,-1,-1,-1,-1,-1,-1,-1,-1,-1,0.105,1,1,-0.55,-1,-1,-1,-1,-1,-1,-1,-1,-1,-1,-1,-1,-0.179,1,1,0.178,-1,-1,-1,-1,-1,-1,-1,-1,-1,-1,-1,-1,-0.789,0.66,1,-0.427,-1,-1,-1,-1,-1,-1
"56",-1,-1,-1,-1,-1,-1,-0.997,-0.761,-0.139,0.241,0.358,-0.644,-1,-1,-1,-1,-1,-1,-1,-1,-0.993,-0.301,0.459,1,1,1,1,0.72,-0.88,-1,-1,-1,-1,-1,-1,-0.907,0.148,1,0.878,0.331,-0.291,-0.078,-0.426,0.719,-0.163,-1,-1,-1,-1,-1,-0.91,0.484,1,0.505,-0.598,-1,-1,-1,-1,-0.634,-0.083,-0.838,-1,-1,-1,-0.989,0.389,1,0.882,-0.845,-1,-1,-1,-1,-1,-0.783,0.528,0.629,-0.968,-1,-1,-0.525,1,0.893,-0.213,-1,-1,-1,-1,-1,-1,-1,-0.777,0.957,-0.23,-1,-0.969,0.668,0.984,-0.508,-1,-1,-1,-1,-1,-1,-1,-1,-1,0.336,0.614,-1,-0.439,1,0.373,-1,-1,-1,-1,-1,-1,-1,-1,-1,-1,-0.302,0.992,-0.558,0.112,1,-0.42,-1,-1,-1,-1,-1,-1,-1,-1,-1,-1,-0.938,0.929,0.14,0.518,0.933,-0.957,-1,-1,-1,-1,-1,-1,-1,-1,-1,-1,-1,0.414,0.46,0.949,0.941,-1,-1,-1,-1,-1,-1,-1,-1,-1,-1,-1,-1,-0.018,0.924,0.882,0.958,-1,-1,-1,-1,-1,-1,-1,-1,-1,-1,-1,-1,0.057,0.986,0.143,0.998,0.494,-0.701,-1,-1,-1,-1,-1,-1,-1,-1,-1,-0.384,0.953,0.559,-0.865,0.41,1,0.957,0.65,0.031,-0.064,-0.476,-0.555,-0.555,-0.555,-0.473,0.149,0.948,0.688,-0.813,-1,-0.988,-0.209,0.651,1,1,1,1,1,1,1,1,1,0.124,-0.951,-1,-1,-1,-1,-0.996,-0.725,-0.494,-0.097,0.281,0.489,0.489,0.181,-0.078,-0.7,-0.999,-1,-1
"57",-1,-1,-1,-1,-1,-1,-1,-1,-1,-1,-1,-1,-1,-1,-1,-1,-1,-1,-1,-0.693,0.444,0.858,-0.137,-0.148,-0.078,-0.758,-1,-1,-1,-1,-1,-1,-1,-1,-0.691,0.78,0.939,0.589,0.985,0.964,0.935,0.957,0.347,-0.814,-1,-1,-1,-1,-1,-0.845,0.78,0.985,-0.656,-1,0.765,-0.132,-0.803,-0.148,0.939,0.873,-0.456,-1,-1,-1,-1,0.313,1,0.093,-1,-1,-0.668,-0.9,-1,-1,-0.765,0.722,0.999,-0.158,-1,-1,-0.656,0.96,0.65,-0.974,-1,-1,-1,-1,-1,-1,-1,-0.336,0.862,0.98,-0.141,-1,0.258,1,-0.313,-1,-1,-1,-1,-1,-1,-1,-1,-1,-0.759,0.932,0.979,-0.496,0.891,0.859,-0.876,-1,-1,-1,-1,-1,-1,-1,-1,-1,-1,0.028,1,0.201,0.991,0.74,-1,-1,-1,-1,-1,-1,-1,-1,-1,-1,-1,-1,0.742,0.989,0.985,0.746,-1,-1,-1,-1,-1,-1,-1,-1,-1,-1,-1,-1,0.309,0.996,0.8,0.901,-0.827,-1,-1,-1,-1,-1,-1,-1,-1,-1,-0.973,-0.228,0.965,0.324,0.152,1,0.007,-1,-1,-1,-1,-1,-1,-1,-0.823,-0.182,0.678,1,0.472,-0.919,-0.805,0.813,0.972,0.196,-0.661,-1,-0.979,-0.459,-0.061,0.288,0.924,1,0.923,0.035,-0.926,-1,-1,-0.654,0.73,1,0.977,0.873,0.879,1,1,1,0.597,-0.084,-0.748,-1,-1,-1,-1,-1,-0.919,-0.053,0.562,0.858,0.55,0.193,-0.305,-0.741,-0.961,-1,-1,-1,-1,-1,-1,-1,-1,-1,-1,-1,-1,-1,-1,-1,-1,-1,-1,-1,-1,-1
"58",-1,-1,-1,-1,-1,-1,-0.504,0.047,0.613,0.879,0.76,-0.067,-1,-1,-1,-1,-1,-1,-1,-1,-1,-0.85,0.864,1,1,1,0.55,0.96,-0.561,-1,-1,-1,-1,-1,-1,-1,-0.995,0.429,1,1,1,1,0.76,0.756,-0.205,-1,-1,-1,-1,-1,-1,-1,-0.371,1,1,0.519,-0.03,0.938,1,1,-0.25,-1,-1,-1,-1,-1,-1,-0.989,0.606,0.834,1,-0.477,-1,-0.06,1,0.884,-0.728,-1,-1,-1,-1,-1,-1,-0.552,1,0.38,1,-0.764,-1,-0.929,0.916,0.627,-1,-1,-1,-1,-1,-1,-1,-0.295,0.889,0.097,0.987,-0.917,-1,-0.686,0.976,0.835,-0.996,-1,-1,-1,-1,-1,-1,-0.189,0.97,0.047,1,-0.794,-0.961,0.264,1,0.997,-0.749,-1,-1,-1,-1,-1,-1,-0.689,0.929,0.94,1,0.44,0.685,0.983,0.728,1,-0.802,-1,-1,-1,-1,-1,-1,-1,-0.645,0.572,1,0.494,-0.629,0.973,0.153,0.989,-0.897,-1,-1,-1,-1,-1,-1,-1,-1,-0.435,1,0.109,-0.65,1,-0.18,0.901,-0.99,-1,-1,-1,-1,-1,-1,-1,-1,-0.601,1,0.548,-0.333,0.997,-0.388,0.593,-1,-1,-1,-1,-1,-1,-1,-1,-1,-0.965,0.899,1,0.819,0.779,0.193,0.271,-1,-1,-1,-1,-1,-1,-1,-1,-1,-1,0.647,1,1,1,1,-0.318,-1,-1,-1,-1,-1,-1,-1,-1,-1,-1,-0.094,1,1,1,0.85,-0.833,-1,-1,-1,-1,-1,-1,-1,-1,-1,-1,-0.971,0.379,1,0.896,-0.346,-1,-1,-1,-1,-1
"59",-1,-1,-1,-1,-1,-1,0.577,0.006,-1,-1,-1,-1,-1,-1,-1,-1,-1,-1,-1,-1,-1,-0.994,0.637,0.997,-0.07,-1,-1,-1,-1,-1,-1,-1,-1,-1,-1,-1,-1,-0.481,0.984,0.222,0.994,-0.478,-1,-1,-1,-1,-1,-1,-1,-1,-1,-1,-1,0.106,0.863,-0.992,0.277,0.75,-0.857,-1,-1,-1,-1,-1,-1,-1,-1,-1,-0.858,0.898,0.233,-1,-0.764,0.88,0.238,-1,-1,-1,-1,-1,-1,-1,-1,-1,-0.187,1,-0.634,-1,-1,-0.191,0.973,-0.498,-1,-1,-1,-1,-1,-1,-1,-0.979,0.645,0.593,-0.987,-1,-1,-0.96,0.706,0.398,-1,-1,-1,-1,-1,-1,-1,-0.586,1,-0.141,-1,-1,-1,-1,-0.213,0.966,-0.726,-1,-1,-1,-1,-1,-1,0.142,1,-0.87,-1,-1,-1,-1,-0.934,0.824,0.137,-1,-1,-1,-1,-1,-1,0.585,0.766,-0.985,-1,-1,-1,-1,-1,0.235,0.769,-1,-1,-1,-1,-1,-0.954,0.996,0.418,-1,-1,-1,-1,-1,-1,-0.337,0.986,-0.774,-1,-1,-1,-1,-0.816,1,0.275,-1,-1,-1,-1,-1,-1,-0.546,1,-0.86,-1,-1,-1,-1,-0.844,0.968,0.627,-1,-1,-1,-1,-1,-1,-0.196,0.97,-0.981,-1,-1,-1,-1,-1,0.449,0.985,-0.214,-1,-1,-1,-1,-0.306,0.912,-0.065,-1,-1,-1,-1,-1,-1,-0.681,0.856,0.998,0.631,0.414,0.131,0.615,0.969,-0.106,-0.996,-1,-1,-1,-1,-1,-1,-1,-0.659,0.193,0.694,1,0.943,0.357,-0.671,-1,-1,-1,-1,-1
"60",-1,-1,-1,-1,-1,-1,-1,-1,-1,-1,-1,-0.014,0.093,-1,-1,-1,-1,-1,-1,-1,-1,-1,-1,-1,-1,-1,-1,0.292,0.348,-1,-1,-1,-1,-1,-1,-1,-1,-1,-1,-1,-1,-1,-0.998,0.675,0.203,-1,-1,-1,-1,-1,-1,-0.676,-0.844,-1,-1,-1,-1,-1,-0.857,1,-0.183,-1,-1,-1,-1,-1,-1,0.008,0.392,-1,-1,-1,-1,-1,-0.631,1,-0.249,-1,-1,-1,-1,-1,-1,-0.006,0.806,-1,-1,-1,-1,-1,-0.246,1,-0.794,-1,-1,-1,-1,-1,-1,0.379,0.581,-1,-1,-1,-1,-1,0.3,0.961,-0.981,-1,-1,-1,-1,-1,-1,0.525,0.582,-0.907,-1,-1,-1,-1,0.845,0.72,-0.165,-1,-1,-1,-1,-1,-1,0.191,1,0.844,0.515,0.04,0.285,0.756,1,0.785,-0.295,-1,-1,-1,-1,-1,-1,-0.959,-0.091,0.428,0.6,0.6,0.212,0.186,1,0.304,-1,-1,-1,-1,-1,-1,-1,-1,-1,-1,-1,-1,-1,-0.478,1,-0.082,-1,-1,-1,-1,-1,-1,-1,-1,-1,-1,-1,-1,-1,-0.253,1,-0.547,-1,-1,-1,-1,-1,-1,-1,-1,-1,-1,-1,-1,-1,-0.027,1,-0.613,-1,-1,-1,-1,-1,-1,-1,-1,-1,-1,-1,-1,-1,-0.122,1,-0.518,-1,-1,-1,-1,-1,-1,-1,-1,-1,-1,-1,-1,-1,-0.136,1,0.056,-1,-1,-1,-1,-1,-1,-1,-1,-1,-1,-1,-1,-1,-0.757,0.779,-0.302,-1,-1,-1,-1
"61",-1,-1,-1,-1,-1,-0.806,0.661,0.041,-0.805,-1,-1,-1,-1,-1,-1,-1,-1,-1,-1,-1,-1,-0.152,0.887,0.979,0.815,-0.553,-1,-1,-1,-1,-1,-1,-1,-1,-1,-1,-0.747,0.863,-0.018,-0.167,1,0.866,-0.598,-1,-1,-1,-1,-1,-1,-1,-1,-1,0.412,0.983,-0.692,-0.999,-0.493,0.912,0.859,-0.634,-1,-1,-1,-1,-1,-1,-1,-0.528,1,0.453,-1,-1,-1,-0.462,0.768,0.821,-0.658,-1,-1,-1,-1,-1,-1,0.524,0.892,-0.706,-1,-1,-1,-1,-0.558,0.946,0.584,-1,-1,-1,-1,-1,-0.523,0.994,0.347,-1,-1,-1,-1,-1,-1,-0.152,0.999,-0.245,-1,-1,-1,-1,0.255,1,-0.437,-1,-1,-1,-1,-1,-1,-0.923,0.713,0.81,-0.891,-1,-1,-1,0.81,0.765,-0.973,-1,-1,-1,-1,-1,-1,-1,0.069,1,-0.553,-1,-1,-0.969,1,0.559,-1,-1,-1,-1,-1,-1,-1,-1,-0.424,1,-0.451,-1,-1,-0.541,1,0.157,-1,-1,-1,-1,-1,-1,-1,-1,-0.553,1,-0.51,-1,-1,-0.578,1,0.288,-1,-1,-1,-1,-1,-1,-1,-1,-0.105,0.99,-0.638,-1,-1,-0.947,0.709,0.964,-0.794,-1,-1,-1,-1,-1,-1,-0.923,0.816,0.682,-1,-1,-1,-1,-0.105,0.998,0.537,-0.706,-1,-1,-1,-0.913,-0.416,0.662,0.997,-0.369,-1,-1,-1,-1,-1,0.062,1,0.941,0.686,0.247,0.446,0.853,1,0.695,-0.35,-1,-1,-1,-1,-1,-1,-0.988,-0.267,0.512,0.905,1,0.668,-0.069,-0.563,-0.952,-1,-1,-1,-1
"62",-1,-1,-1,-1,-1,-1,-0.233,0.631,0.761,-0.73,-1,-1,-1,-1,-1,-1,-1,-1,-1,-1,-0.991,0.128,0.982,1,1,0.645,-0.659,-1,-1,-1,-1,-1,-1,-1,-1,-1,-0.248,1,1,1,1,1,0.926,-0.927,-1,-1,-1,-1,-1,-1,-1,-1,0.579,1,0.649,-0.697,0.898,1,1,-0.566,-1,-1,-1,-1,-1,-1,-1,-0.943,0.894,1,-0.392,-1,-0.378,0.827,1,0.876,-0.277,-1,-1,-1,-1,-1,-1,-0.783,0.999,1,-0.635,-1,-1,0.312,1,1,0.174,-1,-1,-1,-1,-1,-1,-0.482,1,0.986,-0.56,-1,-1,0.356,1,1,0.095,-1,-1,-1,-1,-1,-1,-0.006,1,0.389,-1,-1,-0.998,0.784,1,1,-0.265,-1,-1,-1,-1,-1,-1,0.073,1,-0.029,-1,-1,-1,0.585,1,0.973,-0.749,-1,-1,-1,-1,-1,-1,0.222,1,0.102,-1,-1,-1,0.757,1,0.769,-0.998,-1,-1,-1,-1,-1,-1,-0.003,1,0.327,-1,-1,-0.91,0.933,1,0.598,-1,-1,-1,-1,-1,-1,-1,-0.461,1,0.952,-0.979,-1,-0.337,1,1,0.099,-1,-1,-1,-1,-1,-1,-1,-0.977,0.706,1,-0.499,-0.994,0.531,1,1,-0.378,-1,-1,-1,-1,-1,-1,-1,-1,0.037,1,0.362,0.317,1,1,0.999,-0.783,-1,-1,-1,-1,-1,-1,-1,-1,-0.793,0.775,1,1,0.965,1,0.894,-0.944,-1,-1,-1,-1,-1,-1,-1,-1,-1,-0.77,0.459,0.348,-0.633,0.643,0.31,-1,-1,-1,-1,-1
"63",-1,-1,-1,-0.79,-0.823,-1,-1,-1,-1,-1,-1,-1,-1,-0.689,0.023,-0.866,-1,-1,-0.778,0.775,0.572,-0.599,-1,-1,-1,-1,-1,-1,-0.97,0.758,1,0.256,-1,-0.963,0.285,1,0.835,-0.912,-1,-1,-1,-1,-1,-1,-0.072,1,1,0.728,-1,0.168,1,0.999,-0.275,-1,-1,-1,-1,-1,-1,-1,-0.21,1,1,0.197,-0.514,0.952,1,0.386,-0.986,-1,-1,-1,-1,-1,-1,-1,-0.71,1,0.995,-0.558,0.453,1,0.598,-0.921,-1,-1,-1,-1,-1,-1,-1,-1,0.118,1,0.882,-0.988,0.891,1,0.755,-0.178,-0.838,-1,-1,-1,-1,-1,-1,-0.485,0.984,1,0.171,-1,-0.148,0.907,1,1,0.895,0.124,-0.176,-0.705,-0.973,-1,-1,0.65,1,0.863,-0.88,-1,-1,-0.758,0.158,0.925,1,1,1,1,0.733,0.117,0.254,0.986,1,-0.205,-1,-1,-1,-1,-1,-0.8,-0.144,0.502,0.873,1,1,1,1,1,0.472,-0.989,-1,-1,-1,-1,-1,-1,-1,-1,-0.898,-0.378,0.439,1,1,1,0.82,-1,-1,-1,-1,-1,-1,-1,-1,-1,-1,-1,0.147,1,0.995,0.108,-0.615,-1,-1,-1,-1,-1,-1,-1,-1,-1,-1,-0.836,0.917,1,0.296,-0.994,-1,-1,-1,-1,-1,-1,-1,-1,-1,-1,-1,-0.065,1,0.927,-0.823,-1,-1,-1,-1,-1,-1,-1,-1,-1,-1,-1,-1,0.294,1,0.31,-1,-1,-1,-1,-1,-1,-1,-1,-1,-1,-1,-1,-1,-0.838,-0.056,-0.94,-1,-1,-1,-1,-1,-1
"64",-1,-1,-1,-1,-1,-0.957,0.233,1,0.492,-0.413,-1,-1,-1,-1,-1,-1,-1,-1,-1,-1,-0.895,0.597,1,1,1,0.994,0.634,-0.628,-1,-1,-1,-1,-1,-1,-1,-1,0.203,1,1,1,1,1,1,0.689,-0.819,-1,-1,-1,-1,-1,-1,-0.792,0.835,1,1,1,0.601,0.341,1,1,0.014,-1,-1,-1,-1,-1,-1,-0.117,1,1,0.134,-1,-1,-0.99,0.65,1,0.918,-0.958,-1,-1,-1,-1,-0.904,0.891,1,1,-0.309,-1,-1,-1,-0.351,1,1,-0.558,-1,-1,-1,-1,-0.504,1,1,0.836,-0.72,-1,-1,-1,-0.239,1,1,-0.67,-1,-1,-1,-1,-0.061,1,1,0.143,-1,-1,-1,-1,-0.589,1,1,-0.32,-1,-1,-1,-1,-0.147,1,1,-0.035,-1,-1,-1,-1,-0.609,1,1,-0.036,-1,-1,-1,-1,-0.1,1,1,-0.081,-1,-1,-1,-1,-0.431,1,1,-0.479,-1,-1,-1,-1,-0.583,1,1,0.401,-1,-1,-1,-1,0.079,1,0.904,-0.892,-1,-1,-1,-1,-0.968,0.902,1,0.87,-0.722,-1,-1,-0.699,0.881,1,0.437,-1,-1,-1,-1,-1,-1,-0.011,1,1,0.293,-0.454,-0.454,0.649,1,1,-0.006,-1,-1,-1,-1,-1,-1,-0.83,0.543,1,1,1,1,1,1,0.795,-0.773,-1,-1,-1,-1,-1,-1,-1,-0.909,0.23,0.991,1,1,1,0.893,-0.438,-1,-1,-1,-1,-1,-1,-1,-1,-1,-1,-0.165,0.272,0.801,0.131,-0.752,-1,-1,-1,-1,-1
"65",-1,-1,-1,-1,-1,-0.934,-0.702,-0.179,0.826,0.739,-0.081,-0.984,-1,-1,-1,-1,-1,-1,-1,-1,-0.663,0.778,1,0.994,0.351,-0.096,0.491,0.404,-0.982,-1,-1,-1,-1,-1,-1,-1,0.431,1,1,0.258,-0.997,-1,-0.903,0.783,-0.214,-1,-1,-1,-1,-1,-1,-0.779,0.955,0.841,-0.132,-0.916,-1,-1,-1,0.088,0.753,-0.972,-1,-1,-1,-1,-1,-0.269,1,0.195,-1,-1,-1,-1,-1,-0.378,0.999,-0.674,-1,-1,-1,-1,-1,0.185,1,-0.607,-1,-1,-1,-1,-1,-0.763,1,-0.288,-1,-1,-1,-1,-1,0.53,0.982,-0.869,-1,-1,-1,-1,-1,-0.897,0.986,-0.084,-1,-1,-1,-1,-0.893,0.979,0.543,-1,-1,-1,-1,-1,-1,-0.783,0.994,-0.031,-1,-1,-1,-1,-0.568,1,-0.085,-1,-1,-1,-1,-1,-1,-0.553,1,0.015,-1,-1,-1,-1,-0.23,1,-0.25,-1,-1,-1,-1,-1,-1,-0.388,1,-0.208,-1,-1,-1,-1,0.05,1,-0.704,-1,-1,-1,-1,-1,-1,-0.108,1,-0.278,-1,-1,-1,-1,0.041,0.994,-0.834,-1,-1,-1,-1,-1,-1,0.491,1,-0.544,-1,-1,-1,-1,-0.171,1,-0.707,-1,-1,-1,-1,-1,-0.347,0.98,0.668,-0.941,-1,-1,-1,-1,-0.89,0.767,0.194,-0.993,-1,-1,-0.999,-0.379,0.886,1,-0.162,-1,-1,-1,-1,-1,-1,-0.693,0.635,0.635,0.069,-0.099,0.093,0.985,0.994,0.085,-0.97,-1,-1,-1,-1,-1,-1,-1,-0.937,-0.035,0.631,0.659,0.833,0.272,-0.458,-1,-1,-1,-1,-1
"66",-1,-1,-1,-1,-1,-1,-1,-1,-1,-0.085,-0.271,-1,-1,-1,-1,-1,-1,-1,-1,-1,-1,-1,-1,-1,-1,-0.036,0.881,-0.922,-1,-1,-1,-1,-1,-1,-0.625,0.542,-0.899,-1,-1,-1,-1,0.161,0.954,-0.92,-1,-1,-1,-1,-1,-1,-0.649,1,-0.555,-1,-1,-1,-1,0.306,0.846,-0.994,-1,-1,-1,-1,-1,-1,-0.365,1,-0.589,-1,-1,-1,-0.977,0.875,0.52,-1,-1,-1,-1,-1,-1,-1,0.052,0.8,-0.938,-1,-1,-1,-0.559,1,-0.12,-1,-1,-1,-1,-1,-1,-0.999,0.606,0.403,-1,-1,-1,-1,0.032,0.997,-0.615,-1,-1,-1,-1,-1,-1,-0.827,0.995,0.059,-1,-1,-0.863,-0.57,0.685,0.938,0.094,0.27,0.194,-0.38,-1,-1,-1,-0.939,0.568,0.999,0.845,0.545,0.934,1,1,1,0.978,0.709,0.51,0.39,-0.862,-1,-1,-1,-0.995,-0.672,-0.359,-0.359,-0.359,0.562,0.994,-0.439,-0.981,-1,-1,-1,-1,-1,-1,-1,-1,-1,-1,-1,-1,0.622,0.607,-0.995,-1,-1,-1,-1,-1,-1,-1,-1,-1,-1,-1,-1,-0.955,0.848,0.069,-1,-1,-1,-1,-1,-1,-1,-1,-1,-1,-1,-1,-1,-0.674,0.996,-0.393,-1,-1,-1,-1,-1,-1,-1,-1,-1,-1,-1,-1,-1,-0.747,0.997,-0.653,-1,-1,-1,-1,-1,-1,-1,-1,-1,-1,-1,-1,-1,-0.976,0.783,-0.569,-1,-1,-1,-1,-1,-1,-1,-1,-1,-1,-1,-1,-1,-1,-0.342,0.41,-0.577,-1,-1,-1,-1,-1,-1
"67",-1,-1,-1,-1,-1,-1,-0.833,0.62,-0.466,-1,-1,-1,-1,-1,-1,-1,-1,-1,-1,-1,-1,-1,-0.877,0.981,0.916,-0.902,-1,-1,-1,-1,-1,-1,-1,-1,-1,-1,-1,-1,-0.938,0.899,0.96,-0.929,-1,-1,-1,-1,-1,-1,-1,-1,-1,-1,-1,-1,-0.961,0.934,1,-0.706,-1,-1,-1,-1,-1,-1,-1,-1,-1,-1,-1,-1,-0.959,0.852,0.993,-0.841,-1,-1,-1,-1,-1,-1,-1,-1,-1,-1,-1,-1,-0.995,0.819,0.951,-0.935,-1,-1,-1,-1,-1,-1,-1,-1,-1,-1,-1,-1,-0.974,0.877,0.932,-0.904,-1,-1,-1,-1,-1,-1,-1,-1,-1,-1,-1,-1,-1,0.699,0.992,-0.851,-1,-1,-1,-1,-1,-1,-1,-1,-1,-1,-1,-1,-0.994,0.828,0.945,-0.94,-1,-1,-1,-1,-1,-1,-1,-1,-1,-1,-1,-1,-0.956,0.939,0.851,-0.993,-1,-1,-1,-1,-1,-1,-1,-1,-1,-1,-1,-1,-0.853,0.989,0.704,-1,-1,-1,-1,-1,-1,-1,-1,-1,-1,-1,-1,-1,-0.934,0.911,0.568,-1,-1,-1,-1,-1,-1,-1,-1,-1,-1,-1,-1,-1,-0.954,0.941,0.426,-1,-1,-1,-1,-1,-1,-1,-1,-1,-1,-1,-1,-1,-0.883,0.973,0.688,-1,-1,-1,-1,-1,-1,-1,-1,-1,-1,-1,-1,-1,-0.998,0.735,0.586,-1,-1,-1,-1,-1,-1,-1,-1,-1,-1,-1,-1,-1,-1,-0.052,0.823,-0.995,-1,-1,-1,-1,-1,-1
"68",-1,-1,-1,-1,-1,-1,0.165,0.235,-0.677,-1,-1,-1,-1,-1,-1,-1,-1,-1,-1,-1,-1,-0.99,0.39,1,0.959,-0.26,-0.998,-1,-1,-1,-1,-1,-1,-1,-1,-1,-1,-0.333,0.989,0.758,-0.219,1,-0.19,-1,-1,-1,-1,-1,-1,-1,-1,-1,-1,0.257,1,0.041,-0.974,0.603,0.929,-0.738,-1,-1,-1,-1,-1,-1,-1,-1,-0.988,0.774,1,-0.153,-1,-0.224,1,0.045,-1,-1,-1,-1,-1,-1,-1,-1,-0.668,0.997,0.904,-0.928,-1,-0.819,0.983,0.766,-0.995,-1,-1,-1,-1,-1,-1,-1,-0.135,1,0.433,-1,-1,-0.998,0.728,0.994,-0.754,-1,-1,-1,-1,-1,-1,-1,0.109,1,0.303,-1,-1,-1,0.476,1,-0.348,-1,-1,-1,-1,-1,-1,-0.963,0.487,1,-0.147,-1,-1,-1,0.313,1,-0.186,-1,-1,-1,-1,-1,-1,-0.758,0.996,0.998,-0.674,-1,-1,-1,0.343,1,-0.045,-1,-1,-1,-1,-1,-1,-0.489,1,0.773,-0.985,-1,-1,-0.998,0.614,1,0.146,-1,-1,-1,-1,-1,-1,0.054,1,0.245,-1,-1,-1,-0.819,0.977,1,-0.382,-1,-1,-1,-1,-1,-1,0.141,1,0.108,-1,-1,-1,-0.034,1,0.949,-0.86,-1,-1,-1,-1,-1,-1,-0.52,0.935,0.253,-0.748,-1,-0.489,0.81,1,0.488,-1,-1,-1,-1,-1,-1,-1,-1,-0.526,0.718,0.988,0.606,0.965,1,0.669,-0.715,-1,-1,-1,-1,-1,-1,-1,-1,-1,-0.881,0.078,0.845,0.884,0.415,-0.87,-1,-1,-1,-1,-1
"69",-1,-1,-1,-1,-0.344,0.715,0.051,-0.985,-1,-1,-1,-1,-1,-1,-1,-1,-1,-1,-1,-0.87,0.958,1,1,-0.609,-1,-1,-1,-1,-1,-1,-1,-1,-1,-1,-1,-0.423,0.971,1,1,0.764,0.284,-0.307,-0.911,-1,-1,-1,-1,-1,-1,-1,-1,0.339,1,1,1,1,1,1,0.735,-0.669,-1,-1,-1,-1,-1,-1,-0.606,1,1,1,1,0.851,0.455,0.703,1,0.933,-0.287,-1,-1,-1,-1,-1,0.185,1,0.6,-0.566,0.438,-0.517,-1,-0.922,0.306,1,0.975,-0.211,-1,-1,-1,-0.958,0.868,1,0.115,-1,-1,-1,-1,-1,-0.985,0.515,1,0.627,-1,-1,-1,-0.879,0.918,1,-0.411,-1,-1,-1,-1,-1,-1,0.131,1,0.761,-0.999,-1,-1,-0.567,1,1,-0.541,-1,-1,-1,-1,-1,-1,-0.004,1,1,0.021,-1,-1,-0.437,1,0.921,-0.856,-1,-1,-1,-1,-1,-1,0.39,1,0.722,-0.36,-1,-1,0.023,1,0.662,-0.991,-1,-1,-1,-1,-1,-0.7,0.881,1,0.241,-1,-1,-1,0.021,1,0.541,-1,-1,-1,-1,-1,-0.574,0.736,1,0.888,-0.703,-1,-1,-1,-0.511,1,0.893,-0.556,-1,-1,-0.82,0.087,1,1,1,-0.333,-1,-1,-1,-1,-0.953,0.778,1,0.899,0.818,0.818,0.87,1,1,0.948,-0.144,-0.985,-1,-1,-1,-1,-1,-0.553,0.855,1,1,1,1,0.991,0.541,-0.489,-1,-1,-1,-1,-1,-1,-1,-1,-0.753,0.143,1,0.991,0.281,-0.199,-0.995,-1,-1,-1,-1,-1,-1
"70",-1,-1,-1,-1,-1,-1,-1,-1,-1,-1,-1,-0.729,0.009,-1,-1,-1,-1,-1,-1,-1,-1,-1,-1,-1,-1,-1,-1,-0.178,0.735,-0.998,-1,-1,-1,-1,-1,-1,-1,-1,-1,-1,-1,-1,-1,0.18,0.998,-0.801,-1,-1,-1,-1,-1,-1,-1,-1,-1,-1,-1,-1,-1,0.396,0.953,-0.9,-1,-1,-1,-1,-1,-1,-1,-0.166,0.871,0.241,-1,-1,-1,0.399,0.797,-0.996,-1,-1,-1,-1,-1,-1,-0.854,0.77,0.949,0.006,-1,-1,-1,0.401,0.797,-0.998,-1,-1,-1,-1,-1,-0.993,0.263,1,0.317,-1,-1,-1,-1,0.581,0.794,-0.998,-1,-1,-1,-1,-1,-0.091,0.999,1,-0.255,-1,-1,-1,-0.946,0.743,0.772,-0.978,-1,-1,-1,-1,-0.808,0.998,1,1,1,0.53,-0.658,-1,-0.973,0.88,0.543,-1,-1,-1,-1,-1,-1,0.648,0.499,-0.187,0.039,0.851,0.906,-0.477,-0.522,0.999,0.54,-1,-1,-1,-1,-1,-1,-0.858,-1,-1,-1,-0.856,0.562,0.929,0.573,1,0.782,-0.995,-1,-1,-1,-1,-1,-1,-1,-1,-1,-1,-0.892,0.204,0.979,1,0.002,-1,-1,-1,-1,-1,-1,-1,-1,-1,-1,-1,-1,-0.999,0.764,0.932,-0.821,-1,-1,-1,-1,-1,-1,-1,-1,-1,-1,-1,-1,-0.776,0.97,0.538,-0.998,-1,-1,-1,-1,-1,-1,-1,-1,-1,-1,-1,-1,0.014,1,0.003,-1,-1,-1,-1,-1,-1,-1,-1,-1,-1,-1,-1,-1,-0.491,0.731,-0.788,-1,-1,-1,-1
"71",-1,-1,-1,-1,-1,-1,-1,-0.107,0.494,-1,-1,-1,-1,-1,-1,-1,-1,-1,-1,-1,-1,-1,-0.706,0.947,0.762,-0.968,-1,-1,-1,-1,-1,-1,-1,-1,-1,-1,-1,-0.901,0.774,1,-0.174,-1,-1,-1,-1,-1,-1,-1,-1,-1,-1,-1,-1,-0.914,0.931,1,0.758,-0.722,-1,-1,-1,-1,-1,-1,-1,-1,-1,-1,-1,-0.188,1,0.815,1,0.537,-0.922,-1,-1,-1,-1,-1,-1,-1,-1,-1,-0.998,0.692,1,-0.104,0,1,-0.224,-1,-1,-1,-1,-1,-1,-1,-1,-1,-0.771,0.953,0.968,-0.758,-0.866,0.743,0.727,-0.84,-1,-1,-1,-1,-1,-1,-1,-1,-0.429,1,0.329,-1,-1,0.061,1,-0.297,-1,-1,-1,-1,-1,-1,-1,-1,0.514,1,-0.22,-1,-1,-0.386,1,0.286,-1,-1,-1,-1,-1,-1,-1,-0.982,0.812,1,-0.438,-1,-1,-0.83,0.996,1,-0.775,-1,-1,-1,-1,-1,-1,-0.877,0.924,0.874,-0.935,-1,-1,-1,0.719,0.971,-0.901,-1,-1,-1,-1,-1,-1,-0.728,0.992,0.698,-1,-1,-1,-0.847,0.808,0.948,-0.751,-1,-1,-1,-1,-1,-1,-0.943,0.945,0.48,-1,-1,-0.946,-0.039,1,0.402,-1,-1,-1,-1,-1,-1,-1,-0.883,0.831,0.74,-0.521,-0.424,0.342,1,0.961,-0.416,-1,-1,-1,-1,-1,-1,-1,-1,-0.053,1,1,1,1,1,-0.001,-1,-1,-1,-1,-1,-1,-1,-1,-1,-0.986,-0.162,0.802,1,0.693,-0.447,-0.975,-1,-1,-1,-1,-1
"72",-1,-1,-1,-1,-1,-1,-1,-1,-1,-1,0.03,0.952,-0.362,-1,-1,-1,-1,-1,-0.96,-0.696,-1,-1,-1,-1,-1,-0.889,0.918,0.581,0.481,-0.957,-1,-1,-1,-1,-0.497,0.998,-0.122,-1,-1,-1,-1,-0.655,0.994,0.006,0.42,-0.571,-1,-1,-1,-1,-0.53,1,0.168,-1,-1,-1,-1,-0.075,1,-0.115,0.542,-0.521,-1,-1,-1,-1,-0.792,0.997,0.365,-1,-1,-1,-1,0.098,1,-0.081,0.929,-0.608,-1,-1,-1,-1,-0.9,0.933,0.638,-0.999,-1,-1,-1,0.306,1,0.604,1,-0.557,-1,-1,-1,-1,-1,0.114,0.984,-0.796,-1,-1,-1,0.496,1,1,0.603,-0.987,-1,-1,-1,-1,-1,-0.834,0.9,0.455,-0.638,-0.738,-0.639,0.686,1,0.857,-0.738,-1,-1,-1,-1,-1,-1,-1,-0.352,0.828,1,1,1,1,1,-0.327,-1,-1,-1,-1,-1,-1,-1,-1,-1,-0.851,-0.234,0.33,0.503,1,0.936,-0.918,-1,-1,-1,-1,-1,-1,-1,-1,-1,-1,-1,-1,-0.502,1,0.295,-1,-1,-1,-1,-1,-1,-1,-1,-1,-1,-1,-1,-1,-0.174,1,0.087,-1,-1,-1,-1,-1,-1,-1,-1,-1,-1,-1,-1,-1,0.274,1,-0.077,-1,-1,-1,-1,-1,-1,-1,-1,-1,-1,-1,-1,-0.998,0.669,1,-0.612,-1,-1,-1,-1,-1,-1,-1,-1,-1,-1,-1,-1,-1,0.457,1,-0.372,-1,-1,-1,-1,-1,-1,-1,-1,-1,-1,-1,-1,-1,-0.56,0.779,0.893,-0.942,-1,-1,-1,-1
"73",-1,-1,-1,-1,-1,-1,-0.476,0.75,-0.727,-1,-1,-1,-1,-1,-1,-1,-1,-1,-1,-1,-1,-1,-0.214,1,0.692,-1,-1,-1,-1,-1,-1,-1,-1,-1,-1,-1,-1,-1,-0.599,1,0.95,-0.923,-1,-1,-1,-1,-1,-1,-1,-1,-1,-1,-1,-1,-0.983,0.85,1,-0.738,-1,-1,-1,-1,-1,-1,-1,-1,-1,-1,-1,-1,-0.998,0.78,1,-0.519,-1,-1,-1,-1,-1,-1,-1,-1,-1,-1,-1,-1,-1,0.48,1,-0.218,-1,-1,-1,-1,-1,-1,-1,-1,-1,-1,-1,-1,-1,0.445,1,-0.316,-1,-1,-1,-1,-1,-1,-1,-1,-1,-1,-1,-1,-1,0.543,1,-0.281,-1,-1,-1,-1,-1,-1,-1,-1,-1,-1,-1,-1,-1,0.641,1,-0.379,-1,-1,-1,-1,-1,-1,-1,-1,-1,-1,-1,-1,-0.989,0.828,1,-0.477,-1,-1,-1,-1,-1,-1,-1,-1,-1,-1,-1,-1,-0.959,0.912,1,-0.575,-1,-1,-1,-1,-1,-1,-1,-1,-1,-1,-1,-1,-0.745,0.996,0.998,-0.737,-1,-1,-1,-1,-1,-1,-1,-1,-1,-1,-1,-1,-0.601,1,0.924,-0.944,-1,-1,-1,-1,-1,-1,-1,-1,-1,-1,-1,-1,-0.503,1,0.92,-0.939,-1,-1,-1,-1,-1,-1,-1,-1,-1,-1,-1,-1,-0.405,1,0.797,-0.996,-1,-1,-1,-1,-1,-1,-1,-1,-1,-1,-1,-1,-0.856,0.616,0.436,-1,-1,-1,-1,-1,-1,-1
"74",-1,-1,-1,-1,-1,-1,-1,-1,-0.746,0.844,-0.654,-1,-1,-1,-1,-1,-1,-1,-1,-1,-1,-1,-1,-1,0.169,0.998,-0.821,-1,-1,-1,-1,-1,-1,-1,-1,-1,-1,-1,-1,-0.994,0.827,0.531,-0.993,-1,-1,-1,-1,-1,-1,-1,-1,-0.897,-0.113,-1,-1,-0.876,0.968,0.063,-1,-1,-1,-1,-1,-1,-1,-1,-1,-0.335,0.962,-0.929,-1,-0.549,1,-0.176,-1,-1,-1,-1,-1,-1,-1,-1,-1,-0.038,1,-0.604,-1,-0.252,1,-0.409,-1,-1,-1,-1,-1,-1,-1,-1,-1,0.138,0.917,-0.9,-1,0.025,0.998,-0.665,-1,-1,-1,-1,-1,-1,-1,-1,-1,0.447,0.742,-0.983,-1,0.334,0.956,-0.932,-1,-1,-1,-1,-1,-1,-1,-1,-0.811,0.814,1,0.797,0.341,0.846,0.753,-1,-1,-1,-1,-1,-1,-1,-1,-1,0.277,1,0.348,0.087,0.686,1,0.997,0.439,-0.005,-0.38,-0.726,-0.934,-1,-1,-1,-1,-0.623,0.386,-0.834,-1,-0.764,1,0.685,0.512,0.921,1,1,0.139,-1,-1,-1,-1,-1,-1,-1,-1,-0.671,1,-0.13,-1,-0.936,-0.542,-0.68,-0.967,-1,-1,-1,-1,-1,-1,-1,-1,-0.279,1,-0.217,-1,-1,-1,-1,-1,-1,-1,-1,-1,-1,-1,-1,-1,0.005,1,-0.399,-1,-1,-1,-1,-1,-1,-1,-1,-1,-1,-1,-1,-1,0.047,1,-0.6,-1,-1,-1,-1,-1,-1,-1,-1,-1,-1,-1,-1,-1,-0.48,0.952,-0.826,-1,-1,-1,-1,-1,-1,-1
"75",-1,-1,-1,-1,-1,-1,-0.772,0.697,-0.086,-1,-1,-1,-1,-1,-1,-1,-1,-1,-1,-1,-1,-1,-0.524,1,0.242,-1,-1,-1,-1,-1,-1,-1,-1,-1,-1,-1,-1,-1,-0.612,1,0.739,-0.996,-1,-1,-1,-1,-1,-1,-1,-1,-1,-1,-1,-1,-0.701,1,0.949,-0.85,-1,-1,-1,-1,-1,-1,-1,-1,-1,-1,-1,-1,-0.927,0.925,1,-0.64,-1,-1,-1,-1,-1,-1,-1,-1,-1,-1,-1,-1,-0.965,0.874,1,-0.338,-1,-1,-1,-1,-1,-1,-1,-1,-1,-1,-1,-1,-1,0.608,1,-0.036,-1,-1,-1,-1,-1,-1,-1,-1,-1,-1,-1,-1,-1,0.519,1,0.052,-1,-1,-1,-1,-1,-1,-1,-1,-1,-1,-1,-1,-0.943,0.707,1,-0.073,-1,-1,-1,-1,-1,-1,-1,-1,-1,-1,-1,-1,-0.918,0.914,1,0.016,-1,-1,-1,-1,-1,-1,-1,-1,-1,-1,-1,-1,-0.853,0.973,1,-0.109,-1,-1,-1,-1,-1,-1,-1,-1,-1,-1,-1,-1,-0.751,0.996,1,-0.181,-1,-1,-1,-1,-1,-1,-1,-1,-1,-1,-1,-1,-0.449,0.992,1,-0.372,-1,-1,-1,-1,-1,-1,-1,-1,-1,-1,-1,-1,-0.092,1,0.999,-0.47,-1,-1,-1,-1,-1,-1,-1,-1,-1,-1,-1,-1,0.073,1,0.728,-0.99,-1,-1,-1,-1,-1,-1,-1,-1,-1,-1,-1,-1,-0.721,0.639,0.373,-1,-1,-1,-1,-1,-1,-1
"76",-1,-1,-1,-1,-1,-1,-0.4,1,0.311,-1,-1,-1,-1,-1,-1,-1,-1,-1,-1,-1,-1,-1,-0.735,0.992,0.998,-0.687,-1,-1,-1,-1,-1,-1,-1,-1,-1,-1,-1,-1,-0.237,1,1,-0.259,-1,-1,-1,-1,-1,-1,-1,-1,-1,-1,-1,-0.953,0.585,1,1,0.014,-1,-1,-1,-1,-1,-1,-1,-1,-1,-1,-1,-0.726,0.949,1,1,0.788,-0.652,-1,-1,-1,-1,-1,-1,-1,-1,-1,-1,-0.185,1,1,1,1,0.205,-1,-1,-1,-1,-1,-1,-1,-1,-1,-1,0.459,1,1,0.498,1,0.87,-0.942,-1,-1,-1,-1,-1,-1,-1,-1,-0.915,0.724,1,0.903,-0.685,0.792,1,-0.348,-1,-1,-1,-1,-1,-1,-1,-1,-0.323,1,1,0.605,-1,0.089,1,0.376,-1,-1,-1,-1,-1,-1,-1,-1,0.027,1,1,0.152,-1,-0.115,1,0.58,-1,-1,-1,-1,-1,-1,-1,-0.995,0.666,1,1,-0.284,-1,-0.613,1,0.646,-1,-1,-1,-1,-1,-1,-1,-1,0.57,1,0.997,-0.562,-1,-0.292,0.994,0.707,-0.995,-1,-1,-1,-1,-1,-1,-1,-0.154,1,1,-0.636,-0.329,0.816,1,0.501,-1,-1,-1,-1,-1,-1,-1,-1,-0.287,0.964,1,0.694,0.995,1,1,-0.333,-1,-1,-1,-1,-1,-1,-1,-1,-1,0.313,1,1,1,0.983,0.043,-0.973,-1,-1,-1,-1,-1,-1,-1,-1,-1,-0.949,-0.031,0.803,0.538,-0.227,-0.996,-1,-1,-1,-1,-1
"77",-1,-1,-1,-1,-1,-1,-0.629,0.545,-0.931,-1,-1,-1,-1,-1,-1,-1,-1,-1,-1,-1,-1,-1,-0.97,0.857,0.067,-1,-1,-1,-1,-1,-1,-1,-1,-1,-1,-1,-1,-1,-1,0.668,0.672,-1,-1,-1,-1,-1,-1,-1,-1,-1,-1,-1,-1,-1,-1,0.563,0.869,-0.986,-1,-1,-1,-1,-1,-1,-1,-1,-1,-1,-1,-1,-1,0.617,1,-0.648,-1,-1,-1,-1,-1,-1,-1,-1,-1,-1,-1,-1,-1,0.603,1,-0.664,-1,-1,-1,-1,-1,-1,-1,-1,-1,-1,-1,-1,-1,0.619,0.994,-0.795,-1,-1,-1,-1,-1,-1,-1,-1,-1,-1,-1,-1,-1,0.574,1,-0.696,-1,-1,-1,-1,-1,-1,-1,-1,-1,-1,-1,-1,-1,0.779,0.995,-0.776,-1,-1,-1,-1,-1,-1,-1,-1,-1,-1,-1,-1,-0.997,0.793,1,-0.736,-1,-1,-1,-1,-1,-1,-1,-1,-1,-1,-1,-1,-0.975,0.869,0.973,-0.808,-1,-1,-1,-1,-1,-1,-1,-1,-1,-1,-1,-1,-0.901,0.978,0.855,-0.994,-1,-1,-1,-1,-1,-1,-1,-1,-1,-1,-1,-1,-0.875,0.968,0.745,-0.999,-1,-1,-1,-1,-1,-1,-1,-1,-1,-1,-1,-1,-0.775,0.991,0.7,-1,-1,-1,-1,-1,-1,-1,-1,-1,-1,-1,-1,-1,-0.856,0.989,0.684,-1,-1,-1,-1,-1,-1,-1,-1,-1,-1,-1,-1,-1,-0.994,0.415,0.425,-1,-1,-1,-1,-1,-1,-1
"78",-1,-1,-1,-1,-1,-0.065,0.752,0.41,-0.513,-1,-1,-1,-1,-1,-1,-1,-1,-1,-1,-1,-0.556,0.676,1,1,0.977,0.702,-0.008,-0.967,-1,-1,-1,-1,-1,-1,-1,-0.985,0.707,1,1,1,1,1,1,0.359,-0.995,-1,-1,-1,-1,-1,-1,-0.999,0.706,1,1,1,0.617,-0.302,0.405,0.998,-0.022,-1,-1,-1,-1,-1,-1,-0.231,0.949,1,1,0.794,-0.38,-1,-1,0.46,0.923,-0.806,-1,-1,-1,-1,-0.928,0.848,1,1,1,1,0.305,-1,-1,-0.012,1,0.578,-1,-1,-1,-1,-0.354,1,1,0.818,-0.604,-0.752,-0.973,-1,-1,-0.427,1,0.685,-0.996,-1,-1,-1,0.353,1,1,-0.285,-1,-1,-1,-1,-1,-0.557,1,0.648,-0.829,-1,-1,-0.829,0.947,1,0.87,-0.919,-1,-1,-1,-1,-1,-0.687,1,0.834,-0.981,-1,-1,-0.705,0.997,1,0.244,-1,-1,-1,-1,-1,-1,-0.58,0.991,0.782,-0.99,-1,-1,-0.823,0.986,1,-0.045,-1,-1,-1,-1,-1,-1,0.138,1,0.409,-1,-1,-1,-0.911,0.944,1,0.085,-1,-1,-1,-1,-1,-0.717,0.829,1,0.082,-1,-1,-1,-1,0.427,1,0.234,-1,-1,-1,-1,-0.815,0.623,1,0.972,-0.616,-1,-1,-1,-1,-0.715,0.833,0.983,0.198,-0.508,-0.586,-0.366,0.801,1,1,-0.037,-1,-1,-1,-1,-1,-1,-0.301,0.958,1,1,1,1,1,0.945,-0.254,-0.976,-1,-1,-1,-1,-1,-1,-1,-0.74,0.198,0.909,1,1,0.558,-0.034,-1,-1,-1,-1,-1
"79",-1,-1,-1,-1,-1,-1,-1,-1,-1,-1,-0.906,0.748,0.248,0.242,-0.802,-1,-1,-1,-1,-1,-1,-1,-1,-1,-1,-0.84,0.768,1,0.746,0.916,0.165,-1,-1,-1,-1,-1,-1,-1,-1,-1,-0.606,0.678,1,0.897,-0.437,0.807,0.814,-0.978,-1,-1,-1,-1,-1,-1,-0.906,0.104,0.977,1,0.924,-0.537,-0.971,0.883,0.941,-0.886,-1,-1,-1,-1,-1,-0.545,0.508,1,1,0.46,-0.812,-1,-0.878,0.966,0.813,-0.999,-1,-1,-1,-0.7,0.395,0.984,1,0.9,-0.397,-0.974,-1,-1,-0.583,1,0.645,-0.999,-1,-0.979,0.12,0.922,1,1,0.742,0.128,-0.148,0.302,0.26,-0.206,0.183,1,0.519,-1,-0.899,0.469,1,1,1,1,1,1,1,1,1,1,1,1,0.972,-0.831,-0.833,0.732,1,1,1,1,0.74,-0.223,-0.238,-0.238,-0.238,-0.162,0.902,1,0.71,-0.899,-1,-0.868,-0.206,0.018,-0.044,-0.587,-0.943,-1,-1,-1,-1,-0.569,0.988,0.809,-0.762,-1,-1,-1,-1,-1,-1,-1,-1,-1,-1,-1,-1,0.249,1,-0.016,-1,-1,-1,-1,-1,-1,-1,-1,-1,-1,-1,-1,-0.958,0.874,1,-0.442,-1,-1,-1,-1,-1,-1,-1,-1,-1,-1,-1,-1,-0.592,0.991,1,0.655,-0.999,-1,-1,-1,-1,-1,-1,-1,-1,-1,-1,-1,0.099,1,1,0.504,-1,-1,-1,-1,-1,-1,-1,-1,-1,-1,-1,-1,0.654,1,0.975,-0.566,-1,-1,-1,-1,-1,-1,-1,-1,-1,-1,-1,-1,0.096,1,-0.049,-1,-1,-1
"80",-1,-1,-1,-1,-1,-0.869,0.673,0.908,0.838,-0.45,-1,-1,-1,-1,-1,-1,-1,-1,-1,-1,-1,-1,-0.604,-0.607,0.43,0.578,-1,-1,-1,-1,-1,-1,-1,-1,-1,-1,-1,-1,-1,-1,0.261,0.986,-0.944,-1,-1,-1,-1,-1,-1,-1,-1,-1,-1,-1,-1,-1,0.407,0.983,-0.878,-1,-1,-1,-1,-1,-1,-1,-1,-1,-1,-1,-1,-1,0.477,0.913,-0.954,-1,-1,-1,-1,-1,-1,-1,-1,-1,-1,-1,-1,-1,0.699,0.813,-1,-1,-1,-1,-1,-1,-1,-1,-1,-1,-1,-1,-1,-0.998,0.843,0.667,-1,-1,-1,-1,-1,-1,-1,-1,-1,-1,-1,-1,-1,-0.941,0.932,0.521,-1,-1,-1,-1,-1,-1,-1,-1,-1,-1,-1,-1,-1,-0.909,0.97,0.451,-1,-1,-1,-1,-1,-1,-1,-1,-1,-1,-1,-1,-1,-0.867,0.998,0.457,-1,-1,-1,-1,-1,-1,-1,-1,-1,-1,-1,-1,-1,-0.571,1,0.159,-1,-1,-1,-1,-1,-1,-1,-1,-1,-1,-1,-1,-1,-0.349,1,-0.101,-1,-1,-1,-1,-1,-1,-1,-1,-1,-1,-1,-1,-1,-0.279,1,-0.323,-1,-1,-1,-1,-1,-1,-1,-1,-1,-1,-1,-1,-1,-0.285,1,-0.431,-1,-1,-1,-1,-1,-1,-1,-1,-1,-1,-1,-1,-1,-0.139,1,-0.644,-1,-1,-1,-1,-1,-1,-1,-1,-1,-1,-1,-1,-1,-0.369,0.616,-0.963,-1,-1,-1,-1,-1,-1
"81",-1,-1,-1,-1,-1,-1,0.097,1,0.543,-0.758,-1,-1,-1,-1,-1,-1,-1,-1,-1,-1,-1,-0.193,0.961,1,1,0.886,-0.441,-1,-1,-1,-1,-1,-1,-1,-1,-1,-1,-0.047,0.885,-0.604,-0.447,0.864,0.71,-0.728,-1,-1,-1,-1,-1,-1,-1,-0.99,-0.512,-0.001,-0.01,-0.974,-1,-0.458,1,0.156,-1,-1,-1,-1,-1,-1,-1,-0.52,0.987,1,0.978,-0.54,-1,-1,0.573,0.888,-0.905,-1,-1,-1,-1,-1,-0.967,0.63,1,0.403,-0.615,-1,-1,-1,-0.032,1,-0.191,-1,-1,-1,-1,-1,-0.581,0.998,1,-0.013,-1,-1,-1,-1,-0.369,1,0.634,-0.999,-1,-1,-1,-1,-0.707,0.993,1,-0.23,-1,-1,-1,-1,-0.563,1,0.803,-0.973,-1,-1,-1,-1,-0.83,0.954,1,-0.067,-1,-1,-1,-1,-0.725,0.999,0.993,-0.748,-1,-1,-1,-1,-0.772,0.986,1,0.191,-1,-1,-1,-1,-0.576,0.972,1,-0.592,-1,-1,-1,-1,-0.696,0.999,1,-0.326,-1,-1,-1,-1,-0.103,1,0.998,-0.68,-1,-1,-1,-1,-0.964,0.852,1,-0.163,-1,-1,-1,-0.791,0.631,1,0.577,-0.981,-1,-1,-1,-1,-1,0.583,1,0.394,-1,-1,-0.702,0.497,1,0.963,-0.532,-1,-1,-1,-1,-1,-1,-0.762,0.918,0.978,0.01,0.107,0.868,1,1,0.266,-1,-1,-1,-1,-1,-1,-1,-1,-0.342,0.961,1,1,1,0.989,0.539,-0.775,-1,-1,-1,-1,-1,-1,-1,-1,-1,-0.533,0.289,0.95,0.891,0.111,-0.994,-1,-1,-1,-1,-1
"82",-1,-1,-1,-1,-1,-0.92,0.433,1,0.586,-0.759,-1,-1,-1,-1,-1,-1,-1,-1,-1,-1,-1,-0.75,0.99,1,1,0.865,-0.35,-1,-1,-1,-1,-1,-1,-1,-1,-1,-1,-0.429,1,-0.442,-0.631,0.629,0.96,-0.485,-1,-1,-1,-1,-1,-1,-1,-1,-0.681,0.768,1,-0.078,-1,-0.751,0.931,0.848,-0.761,-1,-1,-1,-1,-1,-1,-0.986,0.511,1,0.911,-0.731,-1,-1,-0.165,1,-0.074,-1,-1,-1,-1,-1,-1,-0.623,1,1,0.537,-0.988,-1,-1,-0.134,1,0.4,-1,-1,-1,-1,-1,-1,0.277,1,1,-0.082,-1,-1,-1,-0.34,1,0.607,-1,-1,-1,-1,-1,-0.79,0.825,1,0.913,-0.88,-1,-1,-1,-0.861,0.951,0.999,-0.696,-1,-1,-1,-1,-0.334,1,1,0.402,-1,-1,-1,-1,-0.688,0.999,1,-0.333,-1,-1,-1,-1,-0.366,1,1,-0.229,-1,-1,-1,-1,-0.718,0.996,0.995,-0.58,-1,-1,-1,-1,-0.636,1,1,-0.386,-1,-1,-1,-1,-0.264,1,0.92,-0.9,-1,-1,-1,-1,-1,0.668,1,-0.133,-1,-1,-1,-1,0.367,1,0.782,-0.982,-1,-1,-1,-1,-1,-0.028,1,0.6,-0.91,-1,-0.993,-0.198,0.98,1,0.042,-1,-1,-1,-1,-1,-1,-0.72,0.996,1,0.25,-0.022,0.639,0.985,1,0.956,-0.608,-1,-1,-1,-1,-1,-1,-1,-0.248,0.926,1,1,1,1,0.969,-0.359,-1,-1,-1,-1,-1,-1,-1,-1,-1,-0.687,0.678,1,1,0.749,-0.351,-1,-1,-1,-1,-1
"83",-1,-1,-1,-1,-1,-1,-1,0.345,0.192,-0.917,-1,-1,-1,-1,-1,-1,-1,-1,-1,-1,-1,-1,-0.944,0.876,1,-0.343,-1,-1,-1,-1,-1,-1,-1,-1,-1,-1,-1,-1,-0.842,0.967,1,-0.229,-1,-1,-1,-1,-1,-1,-1,-1,-1,-1,-1,-1,-0.681,0.999,1,-0.151,-1,-1,-1,-1,-1,-1,-1,-1,-1,-1,-1,-1,-0.292,1,1,-0.061,-1,-1,-1,-1,-1,-1,-1,-1,-1,-1,-1,-1,-0.075,1,1,-0.278,-1,-1,-1,-1,-1,-1,-1,-1,-1,-1,-1,-1,-0.128,1,1,-0.484,-1,-1,-1,-1,-1,-1,-1,-1,-1,-1,-1,-1,-0.009,1,1,-0.48,-1,-1,-1,-1,-1,-1,-1,-1,-1,-1,-1,-1,0.32,1,0.97,-0.839,-1,-1,-1,-1,-1,-1,-1,-1,-1,-1,-1,-0.999,0.708,1,0.881,-0.943,-1,-1,-1,-1,-1,-1,-1,-1,-1,-1,-1,-1,0.496,1,0.738,-0.993,-1,-1,-1,-1,-1,-1,-1,-1,-1,-1,-1,-1,0.074,1,0.967,-0.825,-1,-1,-1,-1,-1,-1,-1,-1,-1,-1,-1,-1,-0.016,1,0.944,-0.909,-1,-1,-1,-1,-1,-1,-1,-1,-1,-1,-1,-1,-0.291,1,0.988,-0.677,-1,-1,-1,-1,-1,-1,-1,-1,-1,-1,-1,-1,-0.972,0.656,1,0.175,-1,-1,-1,-1,-1,-1,-1,-1,-1,-1,-1,-1,-1,-0.661,0.619,0.645,-0.999,-1,-1,-1,-1,-1
"84",-1,-1,-1,-0.996,-0.337,0.569,-0.043,-0.578,-0.88,-1,-1,-1,-1,-1,-1,-1,-1,-1,-1,-0.709,0.999,1,1,1,0.985,-0.38,-1,-1,-1,-1,-1,-1,-1,-1,-1,0.12,1,1,1,1,1,0.902,0.571,-0.428,-1,-1,-1,-1,-1,-1,-0.745,0.687,1,1,1,1,1,1,1,0.992,0.109,-0.927,-1,-1,-1,-0.952,0.762,1,1,1,0.684,0.353,0.354,0.996,1,1,1,0.291,-1,-1,-0.996,0.047,1,1,0.955,0.168,-0.853,-1,-1,-0.653,0.367,1,1,1,0.078,-0.985,-0.347,0.999,1,1,0.171,-1,-1,-1,-1,-1,-0.975,-0.114,0.945,1,1,-0.646,0.126,1,1,0.236,-0.919,-1,-1,-1,-1,-1,-1,-1,0.169,1,1,-0.212,0.347,1,1,-0.53,-1,-1,-1,-1,-1,-1,-1,-1,-0.673,0.952,1,0.397,0.539,1,1,-0.723,-1,-1,-1,-1,-1,-1,-1,-1,-1,0.781,1,0.486,0.747,1,1,-0.088,-1,-1,-1,-1,-1,-1,-1,-1,-0.898,0.963,1,0.751,0.736,1,1,0.677,-0.718,-1,-1,-1,-1,-1,-1,-0.577,0.597,1,1,-0.209,-0.05,0.998,1,1,0.865,0.486,-0.14,-0.14,-0.14,0.627,0.691,0.935,1,0.999,0.413,-0.887,-1,0.224,1,1,1,1,1,1,1,1,1,1,1,0.235,-1,-1,-1,-0.932,0.405,1,1,1,1,1,1,1,1,0.808,-0.034,-0.967,-1,-1,-1,-1,-0.951,-0.358,-0.038,0.784,0.788,0.788,0.788,0.429,-0.853,-0.906,-1,-1,-1,-1
"85",-1,-1,-1,-0.792,-0.379,-0.379,-0.379,-0.379,-0.918,-1,-1,-1,-1,-1,-1,-1,-1,-0.959,-0.067,0.865,1,1,1,1,0.842,0.554,-0.146,-0.829,-1,-1,-1,-1,-1,-0.235,1,1,1,1,1,1,1,1,1,0.982,-0.208,-0.993,-1,-1,-1,0.357,1,1,1,1,0.958,0.877,0.966,1,1,1,1,0.559,-0.89,-1,-1,0.332,1,1,1,0.648,-0.357,-1,-0.53,0.136,0.917,1,1,1,0.375,-0.979,-0.998,0.707,1,1,1,-0.561,-1,-1,-1,-1,-0.751,0.156,1,1,1,-0.382,-0.863,0.988,1,1,0.952,-0.32,-1,-1,-1,-1,-1,-0.981,0.491,1,1,0.116,-0.177,1,1,0.615,-0.635,-1,-1,-1,-1,-1,-1,-1,-0.723,1,1,0.409,0.732,1,1,-0.234,-1,-1,-1,-1,-1,-1,-1,-1,-1,0.739,1,0.616,0.464,1,1,-0.601,-1,-1,-1,-1,-1,-1,-1,-1,-0.869,0.976,1,0.579,0.704,1,1,-0.433,-1,-1,-1,-1,-1,-1,-1,-1,-0.349,1,1,0.034,0.471,1,1,0.859,0.041,-0.31,-0.46,-1,-1,-1,-0.893,-0.102,0.878,1,0.924,-0.951,0.141,1,1,1,1,1,0.978,0.877,0.877,0.877,0.891,1,1,0.806,-0.538,-1,-0.93,0.273,1,1,1,1,1,1,1,1,1,1,0.923,-0.436,-1,-1,-1,-0.991,0.142,0.87,0.981,0.809,0.978,1,1,1,0.921,0.398,-0.825,-1,-1,-1,-1,-1,-1,-0.827,-0.417,-1,-0.477,-0.379,-0.379,-0.379,-0.612,-1,-1,-1,-1,-1
"86",-1,-1,-1,-1,-1,-1,-0.361,0.991,0.897,-0.682,-1,-1,-1,-1,-1,-1,-1,-1,-1,-1,-1,-1,0.378,1,1,-0.32,-1,-1,-1,-1,-1,-1,-1,-1,-1,-1,-1,-0.992,0.822,1,1,-0.15,-1,-1,-1,-1,-1,-1,-1,-1,-1,-1,-1,-1,0.607,1,1,-0.446,-1,-1,-1,-1,-1,-1,-1,-1,-1,-1,-1,-1,0.41,1,1,-0.267,-1,-1,-1,-1,-1,-1,-1,-1,-1,-1,-1,-1,0.5,1,1,-0.113,-1,-1,-1,-1,-1,-1,-1,-1,-1,-1,-1,-1,0.562,1,1,-0.107,-1,-1,-1,-1,-1,-1,-1,-1,-1,-1,-1,-1,0.218,1,1,-0.351,-1,-1,-1,-1,-1,-1,-1,-1,-1,-1,-1,-1,0.03,1,1,-0.163,-1,-1,-1,-1,-1,-1,-1,-1,-1,-1,-1,-1,0.517,1,1,0.423,-1,-1,-1,-1,-1,-1,-1,-1,-1,-1,-1,-1,0.579,1,1,0.43,-1,-1,-1,-1,-1,-1,-1,-1,-1,-1,-1,-0.991,0.729,1,1,0.029,-1,-1,-1,-1,-1,-1,-1,-1,-1,-1,-1,-0.78,0.996,1,1,0.83,-0.808,-1,-1,-1,-1,-1,-1,-1,-1,-1,-1,-0.28,1,1,1,1,-0.063,-1,-1,-1,-1,-1,-1,-1,-1,-1,-1,-0.174,1,1,1,0.711,-0.677,-1,-1,-1,-1,-1,-1,-1,-1,-1,-1,-0.764,0.848,1,-0.05,-0.809,-1,-1,-1,-1,-1,-1
"87",-1,-1,-1,-1,-1,-0.271,0.83,-0.691,-0.931,-1,-1,-1,-1,-1,-1,-1,-1,-1,-1,-1,-0.774,0.773,1,1,0.749,0.007,-0.984,-1,-1,-1,-1,-1,-1,-1,-1,-1,-0.073,1,0.668,-0.17,0.394,1,0.288,-0.935,-1,-1,-1,-1,-1,-1,-1,-1,0.649,0.981,-0.267,-1,-0.99,0.318,1,-0.091,-1,-1,-1,-1,-1,-1,-1,-0.804,0.96,0.917,-0.983,-1,-1,-0.783,1,0.961,-0.952,-1,-1,-1,-1,-1,-1,-0.532,1,0.581,-0.983,-1,-1,-0.997,0.183,1,-0.643,-1,-1,-1,-1,-1,-1,-0.219,1,0.423,-1,-1,-1,-1,-0.47,1,-0.295,-1,-1,-1,-1,-1,-1,-0.544,1,0.315,-1,-1,-1,-1,-0.431,1,-0.402,-1,-1,-1,-1,-1,-1,-0.562,1,0.515,-1,-1,-1,-1,-0.118,0.932,-0.795,-1,-1,-1,-1,-1,-1,-0.637,1,0.476,-1,-1,-1,-0.995,0.486,0.346,-1,-1,-1,-1,-1,-1,-1,-0.541,1,0.608,-1,-1,-1,-0.274,1,-0.183,-1,-1,-1,-1,-1,-1,-1,-0.76,0.894,0.931,-0.976,-1,-0.892,0.751,1,-0.496,-1,-1,-1,-1,-1,-1,-1,-1,0.319,1,-0.32,-1,0.208,1,0.812,-0.826,-1,-1,-1,-1,-1,-1,-1,-1,-0.098,1,0.323,-0.228,0.958,1,-0.215,-1,-1,-1,-1,-1,-1,-1,-1,-1,-0.947,0.84,1,1,1,0.303,-0.98,-1,-1,-1,-1,-1,-1,-1,-1,-1,-1,-0.718,0.691,1,0.42,-0.914,-1,-1,-1,-1,-1,-1
"88",-1,-1,-1,-1,-1,-1,-0.756,0.419,0.07,-1,-1,-1,-1,-1,-1,-1,-1,-1,-1,-1,-1,-0.976,0.696,0.986,-0.395,-1,-1,-1,-1,-1,-1,-1,-1,-1,-1,-1,-1,-0.24,1,0.284,-1,-1,-1,-1,-1,-1,-1,-1,-1,-1,-1,-1,-1,0.24,1,0.835,-0.107,-1,-1,-1,-1,-1,-1,-1,-1,-1,-1,-1,-1,0.508,0.984,0.136,0.927,-0.204,-0.968,-1,-1,-1,-1,-1,-1,-1,-1,-1,-1,0.746,0.694,-0.994,-0.059,0.988,0.085,-1,-1,-1,-1,-1,-1,-1,-1,-1,-0.884,0.959,0.493,-1,-1,0.365,0.937,-0.856,-1,-1,-1,-1,-1,-1,-1,-1,-0.834,0.994,0.164,-1,-1,0.118,1,-0.671,-1,-1,-1,-1,-1,-1,-1,-1,-0.7,1,0.078,-1,-1,-0.054,1,-0.5,-1,-1,-1,-1,-1,-1,-1,-1,-0.432,1,-0.175,-1,-1,-0.028,1,-0.526,-1,-1,-1,-1,-1,-1,-1,-1,-0.55,1,-0.004,-1,-0.998,0.625,0.925,-0.901,-1,-1,-1,-1,-1,-1,-1,-1,-0.721,1,0.168,-1,-0.656,0.989,0.272,-1,-1,-1,-1,-1,-1,-1,-1,-1,-0.431,1,-0.002,-1,0.162,1,-0.496,-1,-1,-1,-1,-1,-1,-1,-1,-1,-0.572,1,0.124,-0.295,0.982,0.463,-0.985,-1,-1,-1,-1,-1,-1,-1,-1,-1,-0.99,0.769,0.988,0.982,0.927,-0.535,-1,-1,-1,-1,-1,-1,-1,-1,-1,-1,-1,-0.51,0.77,0.691,-0.597,-1,-1,-1,-1,-1,-1,-1
"89",-0.32,1,0.471,-0.557,-1,-1,-1,-1,-1,-1,-0.758,-0.776,-1,-1,-1,-1,-0.589,0.667,1,0.986,0.212,-0.816,-1,-1,-1,-0.172,0.967,0.969,-0.07,-1,-1,-1,-1,-0.985,-0.568,0.53,1,0.935,-0.169,-1,-0.23,0.986,1,1,0.997,0.036,-1,-1,-1,-1,-1,-0.867,0.376,1,0.985,-0.475,0.908,1,1,1,1,0.963,-0.626,-1,-1,-1,-1,-1,-0.801,0.218,0.309,0.099,1,0.973,0.469,0.745,0.965,1,0.352,-0.996,-1,-1,-1,-1,-1,-0.856,0.411,1,0.619,-0.413,-1,-1,-0.032,0.95,1,-0.774,-1,-1,-1,-1,-0.831,0.745,1,0.637,-0.891,-1,-1,-1,-1,0.049,1,-0.436,-1,-0.734,-1,-0.948,0.524,1,0.528,-0.943,-1,-1,-1,-1,-1,-0.155,1,-0.366,-1,0.047,-0.765,0.136,1,0.744,-0.836,-1,-1,-1,-1,-1,-1,0.274,1,-0.395,-1,-0.188,0.099,0.935,1,-0.519,-1,-1,-1,-1,-1,-1,-1,0.569,1,-0.69,-1,-0.526,0.967,1,0.181,-0.995,-1,-1,-1,-1,-1,-1,-0.977,0.659,0.784,-0.987,-1,-0.861,0.999,1,-0.509,-1,-1,-1,-1,-1,-1,-1,-0.656,1,0.402,-1,-1,-1,0.8,1,-0.671,-1,-1,-1,-1,-1,-1,-0.997,0.318,1,-0.526,-1,-1,-1,0.13,1,0.459,-0.656,-0.905,-1,-1,-0.978,-0.653,0.249,0.998,0.67,-0.924,-1,-1,-1,-0.956,0.188,0.979,1,0.906,0.613,0.347,0.67,1,1,0.588,-0.919,-1,-1,-1,-1,-1,-1,-0.656,0.111,0.484,0.971,1,0.945,0.423,-0.365,-0.96,-1,-1,-1
"90",-1,-1,-1,-1,-1,-0.098,0.996,1,0.836,0.087,-0.871,-1,-1,-1,-1,-1,-1,-1,-1,-1,-0.445,0.943,1,1,1,1,0.651,-0.583,-1,-1,-1,-1,-1,-1,-1,-0.783,0.872,1,0.974,0.999,-0.257,-0.15,0.989,0.951,-0.171,-1,-1,-1,-1,-1,-1,-0.029,1,1,-0.437,-0.24,-0.63,-1,-0.651,0.776,1,-0.51,-1,-1,-1,-1,-0.953,0.834,1,1,0.225,-1,-1,-1,-1,-0.642,0.964,0.657,-1,-1,-1,-1,-0.495,1,0.985,-0.531,0.191,-0.871,-1,-1,-1,-1,0.403,1,-0.588,-1,-1,-0.983,0.794,1,0.346,-1,-1,-1,-1,-1,-1,-1,-0.332,1,0.405,-1,-1,-0.416,0.999,0.993,-0.547,-1,-1,-1,-1,-1,-1,-1,-0.918,0.923,0.644,-1,-1,0.189,1,0.392,-0.994,-1,-1,-1,-1,-1,-1,-1,-0.953,0.894,0.736,-1,-1,0.685,1,-0.227,-1,-1,-1,-1,-1,-1,-1,-1,-0.636,1,0.931,-0.955,-0.952,0.922,1,-0.631,-1,-1,-1,-1,-1,-1,-1,-1,-0.269,1,0.605,-0.997,-1,0.565,1,-0.557,-1,-1,-1,-1,-1,-1,-1,-0.906,0.721,1,-0.293,-1,-1,-0.17,1,-0.033,-1,-1,-1,-1,-1,-1,-0.833,0.478,1,0.725,-0.918,-1,-1,-0.857,0.712,0.839,-0.357,-0.694,-1,-1,-0.579,-0.004,0.85,1,0.984,-0.464,-1,-1,-1,-1,-0.684,0.774,1,0.99,0.797,0.797,0.975,1,1,0.813,-0.17,-0.999,-1,-1,-1,-1,-1,-0.86,-0.162,0.457,0.811,1,1,0.49,-0.192,-0.919,-1,-1,-1,-1
"91",-1,-1,-1,-1,-1,-1,-1,-0.911,0.861,1,0.371,-0.791,-1,-1,-1,-1,-1,-1,-1,-1,-1,-1,-1,-0.982,0.198,0.953,1,0.718,-0.381,-1,-1,-1,-1,-1,-1,-1,-0.99,-0.352,0.491,0,-0.891,-0.69,0.015,1,0.934,-0.531,-1,-1,-1,-1,-1,-0.702,0.633,0.945,1,1,0.463,-0.957,-0.999,0.16,1,0.749,-0.971,-1,-1,-1,-1,-0.129,1,1,1,1,0.278,-0.976,-1,-0.128,1,1,-0.538,-1,-1,-1,-0.905,0.574,1,1,1,0.694,-0.389,-1,-1,0.077,1,0.978,-0.722,-1,-1,-1,-0.108,0.97,1,1,0.786,-0.76,-1,-1,-1,0.283,1,0.911,-0.861,-1,-1,-0.797,0.852,1,1,1,-0.171,-0.996,-1,-1,-1,-0.302,1,0.796,-0.951,-1,-1,-0.541,1,1,1,0.047,-1,-1,-1,-1,-1,-0.096,1,0.999,-0.569,-1,-1,-0.816,0.888,1,0.999,-0.553,-1,-1,-1,-1,-0.891,0.592,1,0.971,-0.747,-1,-1,-0.961,0.645,1,0.994,-0.456,-1,-1,-1,-1,-0.762,0.966,1,0.896,-0.878,-1,-1,-1,-0.098,1,1,0.317,-0.997,-1,-1,-1,-0.194,0.998,1,0.774,-0.961,-1,-1,-1,-0.996,0.227,1,0.827,-0.725,-0.852,-0.653,0.28,1,1,1,0.509,-1,-1,-1,-1,-1,-0.966,0.257,0.972,0.761,0.647,1,1,1,1,0.828,0.08,-1,-1,-1,-1,-1,-1,-1,-0.268,0.775,1,1,1,1,0.999,0.025,-1,-1,-1,-1,-1,-1,-1,-1,-1,-0.897,-0.069,0.924,1,0.999,0.258,-0.822,-1,-1,-1
"92",-1,-1,-1,-1,-1,-0.857,0.944,0.24,-0.918,-1,-1,-1,-1,-1,-1,-1,-1,-1,-1,-1,-1,-1,0.498,1,0.453,-0.945,-1,-1,-1,-1,-1,-1,-1,-1,-1,-1,-1,-1,-0.058,1,1,-0.137,-1,-1,-1,-1,-1,-1,-1,-1,-1,-1,-1,-1,-0.143,1,1,0.637,-0.964,-1,-1,-1,-1,-1,-1,-1,-1,-1,-1,-1,-0.362,0.99,1,1,-0.444,-1,-1,-1,-1,-1,-1,-1,-1,-1,-1,-1,-0.167,1,1,1,-0.432,-1,-1,-1,-1,-1,-1,-1,-1,-1,-1,-1,-0.708,0.985,1,1,-0.529,-1,-1,-1,-1,-1,-1,-1,-1,-1,-1,-1,-0.804,0.778,1,1,-0.59,-1,-1,-1,-1,-1,-1,-1,-1,-1,-1,-1,-0.384,1,1,0.992,-0.751,-1,-1,-1,-1,-1,-1,-1,-1,-1,-1,-1,-0.251,1,1,0.966,-0.785,-1,-1,-1,-1,-1,-1,-1,-1,-1,-1,-1,0.535,1,1,0.949,-0.866,-1,-1,-1,-1,-1,-1,-1,-1,-1,-1,-1,0.523,1,1,0.873,-0.922,-1,-1,-1,-1,-1,-1,-1,-1,-1,-1,-0.986,0.57,1,1,0.842,-0.953,-1,-1,-1,-1,-1,-1,-1,-1,-1,-1,-0.551,0.921,1,1,0.745,-0.989,-1,-1,-1,-1,-1,-1,-1,-1,-1,-1,-0.671,0.884,1,1,0.257,-0.997,-1,-1,-1,-1,-1,-1,-1,-1,-1,-1,-1,-0.537,0.633,0.941,-0.685,-1,-1,-1,-1,-1,-1
"93",-1,-1,-1,-1,-0.395,0.99,0.854,-0.293,-1,-1,-1,-1,-1,-1,-1,-1,-1,-1,-1,-0.987,0.754,1,1,0.984,-0.553,-1,-1,-1,-1,-1,-1,-1,-1,-1,-1,-0.501,0.976,1,1,1,0.924,-0.015,-0.947,-1,-1,-1,-1,-1,-1,-1,-1,-0.014,1,1,0.781,0.426,1,1,0.58,-0.691,-1,-1,-1,-1,-1,-1,-0.902,0.796,1,1,0.115,-1,-0.509,0.436,1,0.707,-0.551,-1,-1,-1,-1,-1,-0.067,1,1,0.952,-0.612,-1,-1,-0.916,0.709,1,0.834,-0.545,-1,-1,-1,-0.999,0.641,1,1,0.366,-1,-1,-1,-1,-0.721,0.975,1,0.563,-0.999,-1,-1,-0.901,0.921,1,1,-0.012,-1,-1,-1,-1,-0.966,0.805,1,1,-0.492,-1,-1,-0.991,0.728,1,1,-0.655,-1,-1,-1,-1,-0.517,0.999,1,1,-0.474,-1,-1,-0.977,0.564,1,0.934,-0.835,-1,-1,-1,-0.705,0.623,1,1,0.689,-0.938,-1,-1,-0.497,0.991,1,0.899,-0.847,-1,-1,-0.832,0.715,1,1,0.996,0.245,-1,-1,-1,-0.655,0.999,1,0.88,-0.943,-1,-0.419,0.267,1,1,1,0.639,-0.967,-1,-1,-1,-0.941,0.803,1,0.875,0.273,0.795,1,1,1,1,0.568,-0.663,-1,-1,-1,-1,-1,-0.082,1,1,1,1,1,1,0.997,0.354,-0.807,-1,-1,-1,-1,-1,-1,-0.894,0.472,1,1,1,1,0.942,0.206,-0.966,-1,-1,-1,-1,-1,-1,-1,-1,-0.999,-0.154,0.67,1,0.983,-0.428,-1,-1,-1,-1,-1,-1,-1
"94",-1,-1,-1,-1,-1,-1,-1,-1,-1,-1,0.506,0.583,-0.956,-1,-1,-1,-1,-1,-1,-1,-0.53,0.248,-0.915,-1,-1,-0.684,0.97,0.449,-1,-1,-1,-1,-1,-1,-1,-1,-0.309,1,-0.165,-1,-1,-0.052,1,0.271,-1,-1,-1,-1,-1,-1,-1,-1,0.078,1,-0.16,-1,-1,-0.083,1,0.093,-1,-1,-1,-1,-1,-1,-1,-1,0.466,1,-0.456,-1,-1,0.304,1,-0.203,-1,-1,-1,-1,-1,-1,-1,-1,0.54,1,-0.53,-1,-1,0.692,1,-0.46,-1,-1,-1,-1,-1,-1,-1,-1,0.757,1,-0.747,-1,-0.945,0.919,0.99,-0.746,-1,-1,-1,-1,-1,-1,-1,-0.955,0.916,0.962,-0.913,-1,-0.534,1,0.835,-0.978,-1,-1,-1,-1,-1,-1,-1,-0.954,0.95,0.957,0.116,0.086,0.542,1,0.778,-0.995,-1,-1,-1,-1,-1,-1,-1,-1,0.056,0.995,1,1,1,1,0.004,-1,-1,-1,-1,-1,-1,-1,-1,-1,-1,-0.579,-0.005,-0.33,0.71,1,-0.448,-1,-1,-1,-1,-1,-1,-1,-1,-1,-1,-1,-1,-0.999,0.701,1,-0.679,-1,-1,-1,-1,-1,-1,-1,-1,-1,-1,-1,-1,-0.989,0.764,0.984,-0.854,-1,-1,-1,-1,-1,-1,-1,-1,-1,-1,-1,-1,-0.979,0.907,0.836,-0.989,-1,-1,-1,-1,-1,-1,-1,-1,-1,-1,-1,-1,-0.997,0.816,0.734,-1,-1,-1,-1,-1,-1,-1,-1,-1,-1,-1,-1,-1,-1,-0.022,0.616,-0.982,-1,-1,-1,-1,-1
"95",-1,-1,-1,-1,-1,-1,-1,0.293,0.69,-1,-1,-1,-1,-1,-1,-1,-1,-1,-1,-1,-1,-1,-0.942,0.901,0.995,-0.921,-1,-1,-1,-1,-1,-1,-1,-1,-1,-1,-1,-1,-0.877,0.953,1,-0.681,-1,-1,-1,-1,-1,-1,-1,-1,-1,-1,-1,-1,-0.671,1,0.996,-0.878,-1,-1,-1,-1,-1,-1,-1,-1,-1,-1,-1,-1,-0.418,1,0.901,-0.899,-1,-1,-1,-1,-1,-1,-1,-1,-1,-1,-1,-1,0.111,1,0.748,-1,-1,-1,-1,-1,-1,-1,-1,-1,-1,-1,-1,-0.998,0.732,1,0.263,-1,-1,-1,-1,-1,-1,-1,-1,-1,-1,-1,-1,-0.507,0.993,0.997,-0.349,-1,-1,-1,-1,-1,-1,-1,-1,-1,-1,-1,-1,-0.037,1,0.741,-0.982,-1,-1,-1,-1,-1,-1,-1,-1,-1,-1,-1,-1,0.698,1,0.006,-1,-0.988,-0.934,-0.957,-1,-1,-1,-1,-1,-1,-1,-1,-0.924,0.876,1,0.1,0.115,0.618,1,0.43,-1,-1,-1,-1,-1,-1,-1,-1,-0.142,1,1,1,1,1,1,0.675,-1,-1,-1,-1,-1,-1,-1,-1,0.473,1,1,1,0.916,-0.012,0.583,0.917,-0.996,-1,-1,-1,-1,-1,-1,-0.738,0.963,0.969,-0.588,0.606,1,1,1,1,-0.782,-1,-1,-1,-1,-1,-1,-0.461,1,0.219,-1,-0.892,0.317,0.901,0.867,0.033,-0.863,-1,-1,-1,-1,-1,-1,-0.631,0.747,-0.683,-1,-1,-1,-1,-1,-1,-1,-1,-1,-1
"96",-1,-1,-1,-1,-1,-0.806,-0.714,-1,-1,-1,-1,-0.931,0.502,-0.971,-1,-1,-1,-1,-1,-1,-0.969,0.626,-0.177,-1,-1,-1,-1,0.337,0.063,-1,-1,-1,-1,-1,-1,-1,-0.116,0.878,-0.963,-1,-1,-1,-0.878,0.963,-0.685,-1,-1,-1,-1,-1,-1,-0.977,0.609,-0.072,-1,-1,-1,-1,-0.008,0.727,-1,-1,-1,-1,-1,-1,-1,-0.3,0.941,-0.462,-0.819,-1,-1,-1,0.66,0.14,-1,-1,-1,-1,-1,-1,-0.983,0.591,0.571,0.869,0.192,-1,-1,-0.75,0.998,-0.048,-1,-0.83,-0.69,-1,-1,-1,-0.564,1,1,0.92,0.538,-0.974,-1,-0.004,1,-0.636,-0.946,0.257,-0.711,-1,-1,-1,0.344,1,0.212,0.028,1,-0.184,-0.988,0.492,0.864,-0.288,0.732,-0.172,-1,-1,-1,-0.921,0.852,0.544,-0.955,-0.822,0.833,0.965,0.635,1,1,0.521,-0.612,-1,-1,-1,-1,-0.401,1,-0.399,-1,-1,-0.551,0.503,0.767,1,0.161,-1,-1,-1,-1,-1,-1,-0.89,-0.39,-1,-1,-1,-1,-1,0.187,1,-0.507,-1,-1,-1,-1,-1,-1,-1,-1,-1,-1,-1,-1,-1,0.375,0.813,-0.988,-1,-1,-1,-1,-1,-1,-1,-1,-1,-1,-1,-1,-0.944,0.907,0.557,-1,-1,-1,-1,-1,-1,-1,-1,-1,-1,-1,-1,-1,-0.832,0.983,0.209,-1,-1,-1,-1,-1,-1,-1,-1,-1,-1,-1,-1,-1,0.298,1,-0.138,-1,-1,-1,-1,-1,-1,-1,-1,-1,-1,-1,-1,-1,-0.595,0.68,-0.605,-1,-1,-1,-1,-1,-1
"97",-1,-1,-1,-1,-1,-1,-0.969,0.87,-0.692,-1,-1,-1,-1,-1,-1,-1,-1,-1,-1,-1,-1,-1,-0.197,1,0.041,-1,-1,-1,-1,-1,-1,-1,-1,-1,-1,-1,-1,-1,-0.374,1,0.098,-1,-1,-1,-1,-1,-1,-1,-1,-1,-1,-1,-1,-1,-0.594,1,0.403,-1,-1,-1,-1,-1,-1,-1,-1,-1,-1,-1,-1,-1,-0.753,1,0.434,-1,-1,-1,-1,-1,-1,-1,-1,-1,-1,-1,-1,-1,-0.811,0.999,0.845,-0.973,-1,-1,-1,-1,-1,-1,-1,-1,-1,-1,-1,-1,-0.99,0.874,0.935,-0.898,-1,-1,-1,-1,-1,-1,-1,-1,-1,-1,-1,-1,-1,0.716,1,-0.382,-1,-1,-1,-1,-1,-1,-1,-1,-1,-1,-1,-1,-0.951,0.955,1,-0.076,-1,-1,-1,-1,-1,-1,-1,-1,-1,-1,-1,-1,-0.665,1,1,-0.613,-1,-1,-1,-1,-1,-1,-1,-1,-1,-1,-1,-1,-0.332,1,0.979,-0.926,-1,-1,-1,-1,-1,-1,-1,-1,-1,-1,-1,-1,0.004,1,0.717,-1,-1,-1,-1,-1,-1,-1,-1,-1,-1,-1,-1,-1,0.258,1,0.386,-1,-1,-1,-1,-1,-1,-1,-1,-1,-1,-1,-1,-1,-0.323,1,0.52,-1,-1,-1,-1,-1,-1,-1,-1,-1,-1,-1,-1,-1,-0.653,0.998,0.25,-1,-1,-1,-1,-1,-1,-1,-1,-1,-1,-1,-1,-1,-0.935,0.888,-0.219,-1,-1,-1,-1,-1,-1,-1
"98",-1,-1,-1,-1,-1,-1,-1,0.044,0.738,-0.844,-1,-1,-1,-1,-1,-1,-1,-1,-1,-1,-1,-1,-0.863,0.586,1,-0.188,-1,-1,-1,-1,-1,-1,-1,-1,-1,-1,-1,-1,-0.526,1,1,-0.141,-1,-1,-1,-1,-1,-1,-1,-1,-1,-1,-1,-1,-0.137,1,1,-0.095,-1,-1,-1,-1,-1,-1,-1,-1,-1,-1,-1,-1,0.179,1,1,-0.048,-1,-1,-1,-1,-1,-1,-1,-1,-1,-1,-1,-1,0.568,1,1,0.289,-1,-1,-1,-1,-1,-1,-1,-1,-1,-1,-1,-1,0.231,1,1,0.336,-1,-1,-1,-1,-1,-1,-1,-1,-1,-1,-1,-1,0.475,1,1,0.382,-1,-1,-1,-1,-1,-1,-1,-1,-1,-1,-1,-0.951,0.85,1,1,0.428,-1,-1,-1,-1,-1,-1,-1,-1,-1,-1,-1,-1,0.563,1,1,0.403,-1,-1,-1,-1,-1,-1,-1,-1,-1,-1,-1,-1,0.262,1,1,0.59,-0.995,-1,-1,-1,-1,-1,-1,-1,-1,-1,-1,-1,0.433,1,1,0.568,-1,-1,-1,-1,-1,-1,-1,-1,-1,-1,-1,-0.99,0.703,1,1,0.82,-0.951,-1,-1,-1,-1,-1,-1,-1,-1,-1,-1,-1,0.376,1,1,0.481,-1,-1,-1,-1,-1,-1,-1,-1,-1,-1,-1,-1,-0.069,1,1,0.128,-1,-1,-1,-1,-1,-1,-1,-1,-1,-1,-1,-1,-0.932,0.292,1,-0.188,-1,-1,-1,-1,-1,-1
"99",-1,-1,-1,-1,-1,-1,-1,-1,-1,-1,-0.22,-0.468,-1,-1,-1,-1,-1,-1,-1,-1,-1,-1,-1,-1,-1,-1,0.006,0.855,-0.73,-1,-1,-1,-1,-1,-1,-1,-1,-1,-1,-1,-1,-1,-0.083,1,0.526,-1,-1,-1,-1,-1,-1,-1,-1,-1,-1,-1,-1,-1,-0.246,1,0.976,-0.779,-1,-1,-1,-1,-1,-0.918,-0.892,-1,-1,-1,-1,-1,0.131,1,0.994,-0.688,-1,-1,-1,-1,-0.778,0.809,1,0.173,-1,-1,-1,-1,0.243,1,1,-0.594,-1,-1,-1,-0.999,0.349,1,0.996,0.213,-1,-1,-1,-1,0.292,1,1,-0.474,-1,-1,-1,-0.99,0.642,1,0.944,-0.251,-0.709,-0.972,-1,-0.917,0.701,1,0.963,-0.845,-1,-1,-1,-1,-0.862,0.108,0.958,1,1,0.771,0.709,0.758,1,1,0.999,0.079,-0.993,-1,-1,-1,-1,-1,-0.911,-0.217,0.2,0.545,0.782,0.994,1,1,0.958,0.201,-0.996,-1,-1,-1,-1,-1,-1,-1,-1,-1,-1,0.496,1,1,0.115,-1,-1,-1,-1,-1,-1,-1,-1,-1,-1,-1,-0.984,0.761,1,0.975,-0.395,-1,-1,-1,-1,-1,-1,-1,-1,-1,-1,-1,-0.821,0.976,1,0.662,-0.999,-1,-1,-1,-1,-1,-1,-1,-1,-1,-1,-1,-0.48,1,1,0.107,-1,-1,-1,-1,-1,-1,-1,-1,-1,-1,-1,-1,-0.346,1,0.998,-0.68,-1,-1,-1,-1,-1,-1,-1,-1,-1,-1,-1,-1,-0.729,0.902,0.26,-0.964,-1,-1,-1,-1
"100",-1,-1,-1,-1,-1,-1,-1,0.265,0.774,-0.811,-1,-1,-1,-1,-1,-1,-1,-1,-1,-1,-1,-1,-0.613,0.914,1,-0.114,-1,-1,-1,-1,-1,-1,-1,-1,-1,-1,-1,-1,0.084,1,1,0.011,-1,-1,-1,-1,-1,-1,-1,-1,-1,-1,-1,-1,0.032,1,1,0.063,-1,-1,-1,-1,-1,-1,-1,-1,-1,-1,-1,-1,0.379,1,1,0.333,-1,-1,-1,-1,-1,-1,-1,-1,-1,-1,-1,-1,0.255,1,1,0.602,-1,-1,-1,-1,-1,-1,-1,-1,-1,-1,-1,-1,0.094,1,1,0.763,-1,-1,-1,-1,-1,-1,-1,-1,-1,-1,-1,-1,0.477,1,1,0.38,-1,-1,-1,-1,-1,-1,-1,-1,-1,-1,-1,-1,0.679,1,1,0.468,-1,-1,-1,-1,-1,-1,-1,-1,-1,-1,-1,-1,0.7,1,1,0.084,-1,-1,-1,-1,-1,-1,-1,-1,-1,-1,-1,-0.966,0.65,1,1,-0.335,-1,-1,-1,-1,-1,-1,-1,-1,-1,-1,-1,-0.994,0.917,1,1,-0.066,-1,-1,-1,-1,-1,-1,-1,-1,-1,-1,-1,-0.698,0.932,1,1,0.802,-0.981,-1,-1,-1,-1,-1,-1,-1,-1,-1,-1,-1,0.384,1,1,1,-0.765,-1,-1,-1,-1,-1,-1,-1,-1,-1,-1,-1,0.005,1,1,0.79,-0.793,-1,-1,-1,-1,-1,-1,-1,-1,-1,-1,-1,-0.956,0.167,0.927,-0.548,-1,-1,-1,-1,-1,-1
"101",-1,-1,-1,-1,-1,-0.382,0.942,0.763,-0.296,-1,-1,-1,-1,-1,-1,-1,-1,-1,-1,-1,-0.523,0.92,1,1,0.938,-0.394,-1,-1,-1,-1,-1,-1,-1,-1,-1,-1,-0.197,1,1,1,1,0.96,0.163,-0.977,-1,-1,-1,-1,-1,-1,-1,-1,-0.582,1,1,1,1,1,1,-0.627,-1,-1,-1,-1,-1,-1,-1,-1,-0.542,1,1,1,1,1,1,0.516,-0.984,-1,-1,-1,-1,-1,-1,-0.909,0.548,1,1,1,1,1,1,1,-0.629,-1,-1,-1,-1,-1,-1,-0.193,1,1,0.998,0.396,0.155,0.999,1,1,0.139,-1,-1,-1,-1,-1,-1,0.491,1,1,0.388,-1,-0.992,0.828,1,1,0.532,-0.983,-1,-1,-1,-1,-1,0.687,1,1,-0.123,-1,-1,0.379,1,1,0.971,-0.966,-1,-1,-1,-1,-0.993,0.902,1,1,-0.218,-1,-1,-0.199,1,1,0.783,-1,-1,-1,-1,-1,-0.956,0.79,1,1,0.547,-0.724,-1,0.254,1,1,0.584,-1,-1,-1,-1,-1,-1,0.5,1,1,1,0.913,0.846,0.988,1,1,0.287,-1,-1,-1,-1,-1,-1,-0.091,1,1,1,1,1,1,1,1,-0.658,-1,-1,-1,-1,-1,-1,-0.751,0.981,1,1,1,1,1,0.974,-0.009,-0.964,-1,-1,-1,-1,-1,-1,-1,-0.047,1,1,1,1,0.932,-0.189,-1,-1,-1,-1,-1,-1,-1,-1,-1,-0.982,-0.409,0.594,1,0.963,-0.351,-1,-1,-1,-1,-1,-1
"102",-1,-1,-1,-1,-1,-0.809,0.793,1,0.781,-0.886,-1,-1,-1,-1,-1,-1,-1,-1,-1,-1,-1,-0.587,1,1,1,0.062,-1,-1,-1,-1,-1,-1,-1,-1,-1,-1,-1,-0.855,1,1,1,0.499,-0.966,-1,-1,-1,-1,-1,-1,-1,-1,-1,-1,-1,0.471,1,1,1,-0.707,-1,-1,-1,-1,-1,-1,-1,-1,-1,-1,-1,-0.072,1,1,0.996,-0.594,-1,-1,-1,-1,-1,-1,-1,-1,-1,-1,-1,-0.339,1,1,1,-0.852,-1,-1,-1,-1,-1,-1,-1,-1,-1,-1,-1,-0.607,1,1,0.97,-0.685,-1,-1,-1,-1,-1,-1,-1,-1,-1,-1,-1,-0.759,1,1,0.968,-0.965,-1,-1,-1,-1,-1,-1,-1,-1,-1,-1,-1,-0.462,1,1,1,-0.73,-1,-1,-1,-1,-1,-1,-1,-1,-1,-1,-1,-0.411,1,1,0.966,-0.747,-1,-1,-1,-1,-1,-1,-1,-1,-1,-1,-1,-0.012,1,1,1,-0.875,-1,-1,-1,-1,-1,-1,-1,-1,-1,-1,-1,0.386,1,1,0.745,-0.932,-1,-1,-1,-1,-1,-1,-1,-1,-1,-1,-0.884,0.9,1,1,0.255,-1,-1,-1,-1,-1,-1,-1,-1,-1,-1,-1,-0.994,0.917,1,1,-0.114,-1,-1,-1,-1,-1,-1,-1,-1,-1,-1,-1,-1,0.655,1,1,-0.325,-1,-1,-1,-1,-1,-1,-1,-1,-1,-1,-1,-1,-0.287,0.978,0.818,-0.774,-1,-1,-1,-1,-1,-1
"103",-1,-1,-1,-1,-1,-1,-1,-1,-0.15,-0.969,-1,-1,-1,-1,-1,-1,-1,-1,-1,-1,-1,-1,-1,-1,0.065,0.168,-1,-1,-1,-1,-1,-1,-1,-1,-1,-1,-1,-1,-1,-1,-0.615,0.993,-0.147,-1,-1,-1,-1,-1,-1,-1,-1,-1,-1,-1,-1,-1,-0.804,0.966,0.762,-0.987,-1,-1,-1,-1,-1,-1,-1,-0.265,0.271,-0.508,-1,-1,-0.598,1,0.765,-0.994,-1,-1,-1,-1,-1,-1,-0.376,0.918,1,0.92,-0.88,-1,-0.579,1,0.458,-1,-1,-1,-1,-1,-1,-0.99,0.785,1,0.841,-0.495,-0.984,-1,0.056,1,0.145,-1,-1,-1,-1,-1,-1,-0.954,0.738,1,-0.274,-1,-1,-0.928,0.944,0.936,-0.692,-1,-1,-1,-1,-1,-1,-1,-0.774,0.389,0.982,0.364,0.03,0.507,1,0.698,-0.607,-0.968,-1,-1,-1,-1,-1,-1,-1,-1,-0.523,0.161,0.705,1,1,1,1,0.843,0.12,-0.834,-1,-1,-1,-1,-1,-1,-1,-1,-0.18,1,0.475,-0.636,-0.491,-0.09,0.428,0.748,-0.954,-1,-1,-1,-1,-1,-1,-0.999,0.396,0.986,-0.505,-1,-1,-1,-1,-0.787,-0.992,-1,-1,-1,-1,-1,-1,-0.943,0.844,0.531,-0.979,-1,-1,-1,-1,-1,-1,-1,-1,-1,-1,-1,-1,-0.844,0.97,-0.026,-1,-1,-1,-1,-1,-1,-1,-1,-1,-1,-1,-1,-1,-0.943,0.78,-0.412,-1,-1,-1,-1,-1,-1,-1,-1,-1,-1,-1,-1,-1,-1,-0.621,0.574,0.294,-1,-1,-1,-1,-1,-1,-1
"104",-1,-1,-1,-1,-1,-1,-1,-1,-1,-1,-1,-0.87,0.515,-0.66,-1,-1,-1,-1,-1,-1,-1,-1,-1,-1,-1,-1,-0.668,0.733,0.132,-1,-1,-1,-1,-1,-1,-1,-1,-1,-1,-1,-1,-0.999,0.026,0.989,-0.773,-1,-1,-1,-1,-1,-1,-1,-1,-0.95,-0.517,-0.988,-1,-0.941,0.869,0.607,-0.99,-1,-1,-1,-1,-1,-1,-1,-0.805,0.548,0.747,-0.772,-1,-0.224,1,-0.05,-1,-1,-1,-1,-1,-1,-1,-0.791,0.693,0.122,-0.942,-1,-1,0.314,0.985,-0.724,-1,-1,-1,-1,-1,-1,-0.818,0.667,0.665,-0.894,-1,-1,-0.969,0.852,0.771,-0.957,-1,-1,-1,-1,-1,-1,0.432,0.934,-0.67,-1,-1,-1,-0.549,1,0.306,-1,-1,-1,-1,-1,-1,-0.883,0.952,1,0.765,0.754,0.754,0.342,-0.289,1,-0.141,-1,-1,-1,-1,-1,-1,-0.748,0.586,0.692,0.412,0.245,0.768,1,0.947,1,-0.452,-1,-1,-0.512,-0.821,-1,-1,-1,-1,-1,-1,-1,-0.965,0.325,1,1,0.832,0.06,0.315,0.851,-0.708,-1,-1,-1,-1,-1,-1,-1,-1,-0.931,0.875,1,0.818,0.721,0.558,-0.497,-1,-1,-1,-1,-1,-1,-1,-1,-1,-1,0.732,1,-0.52,-0.963,-1,-1,-1,-1,-1,-1,-1,-1,-1,-1,-1,-1,0.679,1,-0.369,-0.788,-1,-1,-1,-1,-1,-1,-1,-1,-1,-1,-1,-1,0.512,1,0.888,-0.493,-1,-1,-1,-1,-1,-1,-1,-1,-1,-1,-1,-1,0.081,0.694,-0.549,-1,-1,-1,-1,-1
"105",-1,-1,-1,-1,-0.452,0.876,0.921,-0.019,-0.362,-0.91,-1,-1,-1,-1,-1,-1,-1,-1,-1,-0.399,0.982,1,1,1,1,0.571,-0.581,-1,-1,-1,-1,-1,-1,-1,-0.413,0.88,1,1,1,1,1,1,0.932,-0.581,-1,-1,-1,-1,-1,-0.534,0.958,1,0.677,-0.202,-0.413,-0.634,0.068,1,1,0.785,-0.798,-1,-1,-1,-1,-0.054,1,0.825,-0.817,-1,-1,-1,-0.992,-0.17,0.956,1,0.549,-0.926,-1,-1,-1,0.019,1,-0.543,-1,-1,-1,-1,-1,-1,0.013,1,1,0.114,-0.595,-0.188,-1,0.382,0.594,-0.934,-1,-1,-1,-1,-1,-1,-0.819,0.501,1,0.879,-0.795,-0.826,-1,0.745,-0.022,-1,-1,-1,-1,-1,-1,-1,-1,-0.604,0.997,1,-0.526,-1,-0.874,0.982,-0.385,-1,-1,-1,-1,-1,-1,-1,-1,-0.981,0.636,1,0.111,-1,-0.529,1,-0.429,-1,-1,-1,-1,-1,-1,-1,-1,-1,0.323,1,0.745,-0.983,-0.166,1,-0.053,-1,-1,-1,-1,-1,-1,-1,-1,-1,0.381,1,0.761,-1,0.197,1,0.94,-0.447,-0.997,-1,-1,-1,-1,-1,-1,-1,0.368,1,0.34,-1,0.241,1,1,1,0.049,-0.7,-1,-1,-1,-1,-1,-0.739,0.789,0.817,-0.738,-1,-0.887,0.173,1,1,1,0.946,0.349,-0.234,-0.234,-0.234,0.038,0.807,0.932,-0.375,-1,-1,-1,-0.982,0.202,0.981,1,1,1,1,1,1,1,0.984,-0.137,-1,-1,-1,-1,-1,-1,-0.671,0.25,0.494,1,0.536,1,1,0.603,-0.582,-1,-1,-1,-1
"106",-1,-1,-1,-1,-1,-1,-1,-1,-1,-1,-1,0.121,-0.451,-1,-1,-1,-1,-1,-1,-1,-1,-1,-1,-1,-1,-1,-0.794,0.879,-0.875,-1,-1,-1,-1,-1,-1,-1,-1,-1,-1,-1,-1,-1,0.038,0.287,-1,-1,-1,-1,-1,-1,-1,-1,-1,-1,-1,-1,-1,-0.869,0.828,-0.164,-1,-1,-1,-1,-1,-1,-1,-1,-0.972,-0.506,-1,-1,-1,-0.38,1,-0.75,-1,-1,-1,-1,-1,-1,-1,-1,-0.056,0.794,-0.931,-1,-1,0.063,0.913,-0.964,-1,-1,-1,-1,-1,-1,-1,-0.574,0.994,-0.065,-0.967,-1,-1,0.499,0.513,-1,-1,-1,-1,-1,-1,-1,-1,-0.666,0.071,0.983,0.843,-0.052,-0.857,0.651,0.43,-1,-1,-1,-1,-1,-1,-1,-1,-1,-0.962,-0.153,0.244,0.938,0.933,1,-0.013,-1,-1,-1,-1,-1,-1,-1,-1,-1,-1,-1,-1,-0.909,0.483,1,0.172,-0.251,-0.512,-1,-1,-1,-1,-1,-1,-1,-1,-1,-1,-1,-0.558,1,0.915,0.508,-0.865,-1,-1,-1,-1,-1,-1,-1,-1,-1,-1,-1,-0.39,1,-0.222,-1,-1,-1,-1,-1,-1,-1,-1,-1,-1,-1,-1,-1,-0.45,1,-0.233,-1,-1,-1,-1,-1,-1,-1,-1,-1,-1,-1,-1,-1,-0.725,1,-0.17,-1,-1,-1,-1,-1,-1,-1,-1,-1,-1,-1,-1,-1,-0.891,0.953,0.255,-1,-1,-1,-1,-1,-1,-1,-1,-1,-1,-1,-1,-1,-1,0.282,0.043,-1,-1,-1,-1,-1
"107",-1,-1,-1,-1,-1,-1,-1,-1,-1,-1,0.194,0.547,-0.999,-1,-1,-1,-1,-1,-1,-1,-1,-1,-1,-1,-1,-1,0.501,0.488,-1,-1,-1,-1,-1,-1,-1,-1,-1,-1,-1,-1,-1,-1,0.78,0.656,-1,-1,-1,-1,-1,-1,-1,-1,-1,-0.656,-0.697,-1,-1,-1,0.801,0.597,-1,-1,-1,-1,-1,-1,-1,-1,-0.859,0.876,0.191,-1,-1,-0.989,0.85,0.461,-1,-1,-1,-1,-1,-1,-1,-1,0.066,1,-0.402,-1,-1,-0.878,0.989,0.249,-1,-1,-1,-1,-1,-1,-1,-1,0.707,0.777,-0.972,-1,-0.799,0.274,1,0.758,-0.979,-1,-1,-1,-1,-1,-1,-0.944,0.958,0.498,-0.564,0.211,0.903,1,1,0.418,-0.965,-1,-1,-1,-1,-1,-1,-1,0.522,1,1,0.996,0.823,0.8,1,-0.644,-1,-1,-1,-1,-1,-1,-1,-1,-0.609,0.398,0.303,-0.38,-1,0.131,0.994,-0.85,-1,-1,-1,-1,-1,-1,-1,-1,-1,-1,-1,-1,-1,0.295,0.949,-0.941,-1,-1,-1,-1,-1,-1,-1,-1,-1,-1,-1,-1,-1,0.412,0.96,-0.936,-1,-1,-1,-1,-1,-1,-1,-1,-1,-1,-1,-1,-1,0.424,0.878,-0.99,-1,-1,-1,-1,-1,-1,-1,-1,-1,-1,-1,-1,-1,0.294,0.974,-0.937,-1,-1,-1,-1,-1,-1,-1,-1,-1,-1,-1,-1,-1,0.134,1,-0.689,-1,-1,-1,-1,-1,-1,-1,-1,-1,-1,-1,-1,-1,-0.41,0.676,-0.905,-1,-1,-1,-1
"108",-1,-1,-1,-1,-0.704,0.3,0.847,1,0.955,0.185,-0.652,-1,-1,-1,-1,-1,-1,-1,-1,-0.739,0.787,1,1,1,1,1,0.908,-0.186,-1,-1,-1,-1,-1,-1,-1,0.227,1,1,1,1,0.595,0.572,1,0.998,-0.315,-1,-1,-1,-1,-1,-0.767,0.887,1,1,0.904,-0.214,-0.877,-0.997,0.434,1,0.706,-0.81,-1,-1,-1,-1,-0.294,1,1,1,0.261,-1,-1,-1,-0.623,1,1,-0.548,-1,-1,-1,-1,-0.714,0.996,1,1,-0.368,-1,-1,-1,-0.986,0.851,1,0.051,-1,-1,-1,-1,-0.505,1,1,0.816,-0.968,-1,-1,-1,-1,0.507,1,-0.052,-1,-1,-1,-1,0.256,1,1,0.087,-1,-1,-1,-1,-1,0.303,1,0.372,-1,-1,-1,-1,0.249,1,0.973,-0.713,-1,-1,-1,-1,-0.99,0.703,1,0.686,-1,-1,-1,-1,0.352,1,0.986,-0.83,-1,-1,-1,-1,-0.814,0.938,1,0.627,-1,-1,-1,-1,0.653,1,0.661,-0.98,-1,-1,-1,-1,0.083,1,1,0.019,-1,-1,-1,-1,0.185,1,0.86,-0.976,-1,-1,-1,-0.838,0.813,1,0.98,-0.766,-1,-1,-1,-1,-0.546,1,0.996,-0.709,-1,-1,-0.758,0.637,1,1,0.298,-0.999,-1,-1,-1,-1,-0.995,0.718,1,0.591,0.334,0.473,0.956,1,0.966,0.097,-0.844,-1,-1,-1,-1,-1,-1,-0.488,0.909,1,1,1,1,1,0.53,-0.971,-1,-1,-1,-1,-1,-1,-1,-1,-0.649,0.496,1,1,0.999,0.319,-0.707,-1,-1,-1,-1,-1
"109",-1,-1,-1,-1,-1,-1,-1,-1,0.32,1,-0.157,-1,-1,-1,-1,-1,-1,-1,-1,-1,-1,-1,-1,-0.856,0.917,1,-0.245,-1,-1,-1,-1,-1,-1,-1,-1,-1,-1,-1,-0.953,0.252,1,0.991,-0.984,-1,-1,-1,-1,-1,-1,-1,-1,-1,-1,-1,0.02,1,1,0.919,-1,-1,-1,-1,-1,-1,-1,-1,-1,-1,-1,-0.089,1,0.538,0.728,0.824,-1,-1,-1,-1,-1,-1,-1,-1,-1,-1,-0.996,0.975,0.51,-0.897,0.693,0.736,-0.677,-0.996,-1,-1,-1,-1,-1,-1,-1,-1,-1,-0.091,-0.93,-1,0.788,0.907,-0.124,-1,-1,-1,-1,-1,-1,-1,-1,-1,-1,-1,-1,-1,0.876,1,0.022,-1,-1,-1,-1,-1,-1,-1,-1,-1,-1,-0.834,-0.714,-0.554,0.971,1,0.172,-1,-1,-1,-1,-1,-1,-1,-1,-1,-1,-0.125,1,1,1,1,0.084,-1,-1,-1,-1,-1,-1,-1,-1,-1,-1,-0.598,0.143,0.466,1,1,-0.012,-1,-1,-1,-1,-1,-1,-1,-1,-1,-1,-1,-1,-0.186,1,1,-0.426,-1,-1,-1,-1,-1,-1,-1,-1,-1,-1,-1,-1,-0.091,1,0.918,-0.766,-1,-1,-1,-1,-1,-1,-1,-1,-1,-1,-1,-1,-0.003,1,0.297,-0.886,-1,-1,-1,-1,-1,-1,-1,-1,-1,-1,-1,-1,0.092,1,-0.092,-1,-1,-1,-1,-1,-1,-1,-1,-1,-1,-1,-1,-1,-0.473,0.898,-0.568,-1,-1,-1,-1,-1,-1
"110",-1,-1,-1,-1,-0.625,-0.618,-0.254,0.726,-0.038,-0.932,-1,-1,-1,-1,-1,-1,-1,-1,-1,-1,0.377,0.274,-0.524,0.695,1,0.747,-0.48,-1,-1,-1,-1,-1,-1,-1,-1,-0.648,0.917,0.044,-1,-0.988,-0.629,0.614,0.917,-0.418,-1,-1,-1,-1,-1,-1,-1,-0.454,1,-0.232,-1,-1,-1,-0.777,0.873,0.454,-1,-1,-1,-1,-1,-1,-1,-0.557,1,-0.414,-1,-1,-1,-1,0.047,0.556,-1,-1,-1,-1,-1,-1,-1,-0.659,1,-0.88,-1,-1,-1,-1,-0.812,0.659,-1,-1,-1,-1,-1,-1,-1,-0.24,0.801,-0.91,-1,-1,-1,-1,-0.915,0.761,-1,-1,-1,-1,-1,-1,-1,-0.248,0.71,-1,-1,-1,-1,-1,-0.998,0.276,-1,-1,-1,-1,-1,-1,-1,-0.35,0.872,-0.124,0.231,-0.942,-1,-1,-1,0.229,-0.999,-1,-1,-1,-1,-1,-1,-0.453,0.993,0.692,0.577,-0.893,-1,-1,-1,0.163,-0.932,-1,-1,-1,-1,-1,-1,-0.555,-0.025,-1,-1,-1,-1,-1,-1,0.392,-0.83,-1,-1,-1,-1,-1,-1,-0.278,-0.112,-1,-1,-1,-1,-1,-0.896,0.848,-0.728,-1,-1,-1,-1,-1,-1,-0.144,0.605,-1,-1,-1,-1,-0.914,0.374,0.985,-0.469,-1,-1,-1,-1,-1,-1,-0.246,0.924,-0.112,-0.692,-0.692,-0.419,0.697,1,0.009,-1,-1,-1,-1,-1,-1,-1,-0.679,0.857,1,1,1,1,0.93,0.04,-0.989,-1,-1,-1,-1,-1,-1,-1,-1,-0.67,0.221,0.874,1,0.39,-0.525,-1,-1,-1,-1,-1,-1
"111",-1,-1,-1,-1,-1,-1,-1,-1,-1,-0.955,0.129,-0.161,-1,-1,-1,-1,-1,-1,-1,-1,-1,-1,-1,-1,-0.999,0.306,1,0.944,-0.994,-1,-1,-1,-1,-1,-1,-1,-1,-1,-1,-0.926,0.29,1,1,0.751,-0.982,-1,-1,-1,-1,-1,-1,-1,-1,-1,-0.815,0.733,1,1,1,0.714,-1,-1,-1,-1,-1,-1,-1,-1,-1,-0.536,0.76,1,0.538,0.96,1,0.534,-1,-1,-1,-1,-1,-1,-1,-0.949,0.015,0.962,1,0.686,-0.962,0.773,1,0.353,-1,-1,-1,-1,-1,-1,-0.607,0.566,1,1,0.332,-0.913,-0.959,0.912,1,-0.076,-1,-1,-1,-1,-1,-0.352,0.99,1,0.581,-0.342,-1,-1,-0.833,0.966,1,-0.381,-1,-1,-1,-1,-0.498,0.942,1,0.249,-0.941,-1,-1,-1,-0.312,1,1,-0.686,-1,-1,-1,-1,0.749,1,0.733,-0.501,-0.607,-1,-1,-1,-0.507,1,1,-0.741,-1,-1,-1,-1,0.431,1,1,1,1,0.999,0.449,-0.002,0.797,1,1,0.656,0.293,-0.002,-0.252,-0.249,-0.954,-0.214,0.003,0.003,0.398,0.884,1,1,1,1,1,1,1,1,1,0.902,-1,-1,-1,-1,-1,-0.998,-0.997,-0.997,-0.464,1,1,0.323,-0.247,-0.354,-0.265,-0.348,-1,-1,-1,-1,-1,-1,-1,-1,-0.787,1,1,-0.711,-1,-1,-1,-1,-1,-1,-1,-1,-1,-1,-1,-1,-0.966,0.984,1,-0.517,-1,-1,-1,-1,-1,-1,-1,-1,-1,-1,-1,-1,-1,-0.36,0.431,-0.808,-1,-1,-1,-1
"112",-1,-1,-1,-1,-1,-1,-0.925,-0.487,-0.778,-1,-1,-1,-1,-1,-1,-1,-1,-1,-1,-1,-0.264,0.289,0.898,1,0.935,-0.172,-1,-1,-1,-1,-1,-1,-1,-1,-0.926,0.528,0.999,1,1,1,1,0.998,0.841,-0.346,-0.929,-1,-1,-1,-1,-0.957,0.365,1,1,0.977,0.282,0.166,0.867,1,1,1,0.867,-0.259,-0.981,-1,-1,0.112,1,1,0.625,-0.226,-1,-1,-0.285,0.886,0.292,0.892,1,1,0.084,-1,-0.666,0.915,1,0.945,-0.684,-1,-1,-1,-1,-0.798,-1,-0.795,0.6,1,0.946,-0.34,-0.378,1,1,-0.075,-1,-1,-1,-1,-1,-1,-1,-1,-0.707,0.524,1,0.366,0.293,1,0.721,-0.932,-1,-1,-1,-1,-1,-1,-1,-1,-1,0.222,1,0.627,0.765,1,0.482,-1,-1,-1,-1,-1,-1,-1,-1,-1,-1,0.461,1,0.354,0.771,1,0.544,-1,-1,-1,-1,-1,-1,-1,-1,-1,-1,0.734,1,0.149,0.578,1,1,-0.899,-1,-1,-1,-1,-1,-1,-1,-1,-0.546,0.955,1,0.342,0.051,1,1,0.24,-0.944,-1,-1,-1,-1,-1,-0.592,0.281,0.921,1,0.94,-0.407,-0.742,0.767,1,1,0.5,0.166,-0.408,-0.455,0.166,0.462,0.907,1,1,1,-0.268,-1,-1,-0.942,0.241,0.999,1,1,1,1,1,1,1,0.999,0.688,-0.37,-0.998,-1,-1,-1,-1,-0.275,0.823,0.956,1,0.951,0.882,0.342,0.25,-0.424,-1,-1,-1,-1,-1,-1,-1,-1,-1,-0.687,-0.487,-0.693,-1,-1,-1,-1,-1,-1,-1,-1
"113",-1,-1,-1,-1,-1,-1,-1,0.029,0.732,-0.887,-1,-1,-1,-1,-1,-1,-1,-1,-1,-1,-1,-1,-0.939,0.818,1,-0.755,-1,-1,-1,-1,-1,-1,-1,-1,-1,-1,-1,-1,-0.77,1,1,-0.73,-1,-1,-1,-1,-1,-1,-1,-1,-1,-1,-1,-1,-0.795,1,0.9,-0.856,-1,-1,-1,-1,-1,-1,-1,-1,-1,-1,-1,-1,-0.819,1,0.819,-1,-1,-1,-1,-1,-1,-1,-1,-1,-1,-1,-1,-1,-0.344,1,0.844,-1,-1,-1,-1,-1,-1,-1,-1,-1,-1,-1,-1,-1,-0.368,1,0.868,-1,-1,-1,-1,-1,-1,-1,-1,-1,-1,-1,-1,-1,-0.393,1,0.893,-1,-1,-1,-1,-1,-1,-1,-1,-1,-1,-1,-1,-1,-0.042,1,0.667,-1,-1,-1,-1,-1,-1,-1,-1,-1,-1,-1,-1,-1,0.058,1,0.692,-1,-1,-1,-1,-1,-1,-1,-1,-1,-1,-1,-1,-1,0.034,1,0.466,-1,-1,-1,-1,-1,-1,-1,-1,-1,-1,-1,-1,-1,-0.116,1,0.741,-1,-1,-1,-1,-1,-1,-1,-1,-1,-1,-1,-1,-1,-0.515,1,1,-0.985,-1,-1,-1,-1,-1,-1,-1,-1,-1,-1,-1,-1,-0.653,0.988,1,-0.71,-1,-1,-1,-1,-1,-1,-1,-1,-1,-1,-1,-1,-0.676,0.986,1,-0.186,-1,-1,-1,-1,-1,-1,-1,-1,-1,-1,-1,-1,-0.895,0.306,1,-0.286,-1,-1,-1,-1,-1,-1
"114",-1,-1,-1,-1,-0.769,-0.596,-1,-1,-1,-1,-1,-1,-1,-1,-1,-1,-1,-1,-1,-1,0.1,0.897,-0.05,-0.697,-1,-1,-1,-1,-1,-1,-1,-1,-1,-1,-1,-1,-0.407,1,1,0.879,-0.169,-0.805,-1,-1,-1,-1,-1,-1,-1,-1,-0.955,-0.896,-0.868,0.16,0.907,1,1,0.869,0.185,-0.201,-0.969,-1,-1,-1,-1,-1,0,1,1,-0.044,-0.977,0.226,1,1,1,1,0.417,-0.861,-1,-1,-1,0.344,0.975,1,1,0.264,-1,-0.991,-0.39,0.347,1,1,1,0.839,-0.466,-1,-0.39,0.953,1,1,0.829,-0.748,-1,-1,-1,-0.97,-0.778,0.376,1,1,0.772,-0.979,-0.1,1,1,1,0.16,-1,-1,-1,-1,-1,-1,-0.94,0.857,1,1,-0.433,0.12,1,1,0.978,-0.242,-1,-1,-1,-1,-1,-1,-1,0.347,1,1,0.341,0.339,1,1,0.956,-0.731,-1,-1,-1,-1,-1,-0.845,0.037,0.895,1,1,0.296,0.528,1,1,0.92,-0.839,-0.943,-0.943,-0.943,-0.943,-0.932,0.609,1,1,1,0.864,-0.781,-0.246,1,1,1,1,1,1,1,1,1,1,1,1,1,-0.187,-1,-0.913,0.453,1,1,1,1,1,1,1,1,1,1,0.988,0.106,-0.965,-1,-1,-0.939,-0.129,0.903,1,1,1,1,1,1,1,0.864,0.028,-0.969,-1,-1,-1,-1,-1,-0.61,0.502,0.915,1,0.937,0.507,0.507,-0.117,-0.617,-1,-1,-1,-1,-1,-1,-1,-1,-1,-0.575,-0.412,-0.429,-0.997,-1,-1,-1,-1,-1,-1,-1
"115",-1,-1,-1,-1,-1,-0.643,-0.041,0.27,0.617,-0.041,-0.581,-1,-1,-1,-1,-1,-1,-1,-1,-0.893,0.204,0.945,1,0.924,0.83,1,0.867,-0.928,-1,-1,-1,-1,-1,-1,-0.771,0.757,1,1,0.846,-0.545,-0.981,-0.481,0.951,-0.891,-1,-1,-1,-1,-1,-0.999,0.297,1,0.999,0.303,-0.884,-1,-1,-1,0.262,0.43,0.257,-0.648,-1,-1,-1,-0.151,1,1,-0.525,-1,-1,-1,-1,-1,-0.567,0.234,1,1,0.078,-1,-1,0.312,1,0.154,-0.99,-1,-1,-1,-1,-1,-1,-0.981,0.148,1,0.992,-0.321,-1,0.928,0.715,-0.861,-1,-1,-1,-1,-1,-1,-1,-1,-0.854,0.791,1,0.235,-0.656,0.987,0.39,-1,-1,-1,-1,-1,-1,-1,-1,-1,-1,0.01,1,0.86,-0.266,1,-0.165,-1,-1,-1,-1,-1,-1,-1,-1,-1,-1,-0.675,1,0.971,0.319,1,0.592,-0.89,-1,-1,-1,-1,-1,-1,-1,-1,-1,-0.756,1,0.931,0.813,1,0.703,-0.92,-1,-1,-1,-1,-1,-1,-1,-1,-0.99,0.393,1,0.286,0.491,1,1,-0.23,-1,-1,-1,-1,-1,-1,-1,-1,-0.044,1,0.963,-0.807,-0.363,0.958,1,1,0.364,-0.64,-1,-1,-1,-1,-0.674,0.058,1,1,0.269,-1,-1,-0.357,0.936,1,1,0.964,0.911,0.911,0.911,0.911,0.959,1,1,0.759,-0.739,-1,-1,-1,-0.723,0.259,1,1,1,1,1,1,1,0.946,0.025,-0.712,-1,-1,-1,-1,-1,-0.967,-0.44,-0.041,0.193,0.655,0.655,0.029,-0.155,-0.769,-1,-1,-1,-1
"116",-1,-1,-1,-1,-1,-1,-0.808,0.868,0.974,-0.562,-1,-1,-1,-1,-1,-1,-1,-1,-1,-1,-1,-1,-0.77,1,1,0.411,-1,-1,-1,-1,-1,-1,-1,-1,-1,-1,-1,-1,-0.237,1,1,0.542,-1,-1,-1,-1,-1,-1,-1,-1,-1,-1,-1,-1,-0.226,1,1,0.626,-1,-1,-1,-1,-1,-1,-1,-1,-1,-1,-1,-1,-0.309,1,1,0.693,-1,-1,-1,-1,-1,-1,-1,-1,-1,-1,-1,-1,-0.392,1,1,0.081,-1,-1,-1,-1,-1,-1,-1,-1,-1,-1,-1,-1,-0.302,1,1,0.164,-1,-1,-1,-1,-1,-1,-1,-1,-1,-1,-1,-1,0.532,1,1,0.247,-1,-1,-1,-1,-1,-1,-1,-1,-1,-1,-1,-1,0.78,1,1,-0.254,-1,-1,-1,-1,-1,-1,-1,-1,-1,-1,-1,-1,0.697,1,1,-0.297,-1,-1,-1,-1,-1,-1,-1,-1,-1,-1,-1,-1,0.614,1,1,-0.214,-1,-1,-1,-1,-1,-1,-1,-1,-1,-1,-1,-1,0.088,1,1,-0.131,-1,-1,-1,-1,-1,-1,-1,-1,-1,-1,-1,-1,-0.264,1,1,-0.047,-1,-1,-1,-1,-1,-1,-1,-1,-1,-1,-1,-1,-0.347,1,1,0.636,-1,-1,-1,-1,-1,-1,-1,-1,-1,-1,-1,-1,-0.866,0.835,1,0.783,-1,-1,-1,-1,-1,-1,-1,-1,-1,-1,-1,-1,-1,-0.189,1,-0.051,-1,-1,-1,-1,-1,-1
"117",-1,-1,-1,-1,-1,-1,-0.657,1,-0.16,-1,-1,-1,-1,-1,-1,-1,-1,-1,-1,-1,-1,-1,-0.539,1,0.814,-0.949,-1,-1,-1,-1,-1,-1,-1,-1,-1,-1,-1,-1,-0.584,1,1,-0.68,-1,-1,-1,-1,-1,-1,-1,-1,-1,-1,-1,-1,-0.891,0.935,1,-0.309,-1,-1,-1,-1,-1,-1,-1,-1,-1,-1,-1,-1,-0.89,0.97,1,-0.181,-1,-1,-1,-1,-1,-1,-1,-1,-1,-1,-1,-1,-1,0.707,1,-0.136,-1,-1,-1,-1,-1,-1,-1,-1,-1,-1,-1,-1,-0.816,0.967,1,-0.172,-1,-1,-1,-1,-1,-1,-1,-1,-1,-1,-1,-1,-0.727,0.996,1,-0.29,-1,-1,-1,-1,-1,-1,-1,-1,-1,-1,-1,-1,-0.368,1,0.996,-0.73,-1,-1,-1,-1,-1,-1,-1,-1,-1,-1,-1,-1,-0.251,1,0.986,-0.837,-1,-1,-1,-1,-1,-1,-1,-1,-1,-1,-1,-1,-0.133,1,0.997,-0.721,-1,-1,-1,-1,-1,-1,-1,-1,-1,-1,-1,-1,-0.179,1,0.987,-0.829,-1,-1,-1,-1,-1,-1,-1,-1,-1,-1,-1,-1,-0.551,1,1,-0.633,-1,-1,-1,-1,-1,-1,-1,-1,-1,-1,-1,-1,-0.597,1,0.989,-0.739,-1,-1,-1,-1,-1,-1,-1,-1,-1,-1,-1,-1,-0.802,0.996,0.999,-0.703,-1,-1,-1,-1,-1,-1,-1,-1,-1,-1,-1,-1,-1,0.009,0.892,-0.882,-1,-1,-1,-1,-1,-1
"118",-1,-1,-1,-0.975,0.545,0.316,-0.149,0.784,1,0.729,0.126,-0.702,-1,-1,-1,-1,-1,-1,-0.961,0.378,1,1,1,0.982,0.84,0.871,1,0.885,-0.308,-0.999,-1,-1,-1,-1,-0.502,1,1,0.91,0.08,-0.551,-1,-0.93,-0.037,0.901,1,-0.379,-1,-1,-1,-1,0.425,1,1,0.487,-1,-1,-1,-1,-1,-0.618,0.998,0.869,-0.768,-1,-1,-0.478,0.958,1,0.276,-0.792,-1,-1,-1,-1,-1,-1,0.514,1,-0.162,-1,-1,0.304,1,0.981,-0.73,-1,-1,-1,-1,-1,-1,-1,-0.607,1,0.447,-1,-0.831,0.858,1,0.322,-0.999,-1,-1,-1,-1,-1,-1,-1,-0.812,0.98,0.982,-0.516,-0.661,1,1,-0.193,-1,-1,-1,-1,-1,-1,-1,-1,-0.988,0.803,1,-0.335,0.035,1,0.999,-0.709,-1,-1,-1,-1,-1,-1,-1,-1,-1,0.436,1,0.044,-0.164,1,0.994,-0.761,-1,-1,-1,-1,-1,-1,-1,-1,-0.981,0.729,1,-0.268,-0.492,1,0.998,-0.745,-1,-1,-1,-1,-1,-1,-1,-1,-0.797,0.986,1,-0.504,-0.741,0.998,1,-0.445,-1,-1,-1,-1,-1,-1,-1,-0.961,-0.077,1,0.561,-0.94,-1,0.52,1,0.426,-0.929,-1,-1,-1,-1,-0.975,-0.6,0.179,1,0.997,-0.636,-1,-1,-0.641,0.887,1,0.772,0.12,0.12,0.12,0.265,0.764,1,1,1,0.091,-0.965,-1,-1,-1,-0.672,0.67,1,1,1,1,1,1,1,0.537,-0.438,-0.974,-1,-1,-1,-1,-1,-0.911,-0.06,0.361,0.968,0.365,0.36,-0.194,-0.512,-0.982,-1,-1,-1,-1
"119",-1,-1,-1,-1,-1,-1,-0.947,0.778,-0.166,-1,-1,-1,-1,-1,-1,-1,-1,-1,-1,-1,-1,-1,-0.994,0.604,0.996,-0.801,-1,-1,-1,-1,-1,-1,-1,-1,-1,-1,-1,-1,-0.996,0.781,1,-0.593,-1,-1,-1,-1,-1,-1,-1,-1,-1,-1,-1,-1,-0.898,0.958,1,-0.574,-1,-1,-1,-1,-1,-1,-1,-1,-1,-1,-1,-1,-0.805,0.994,0.988,-0.838,-1,-1,-1,-1,-1,-1,-1,-1,-1,-1,-1,-1,-0.977,0.853,1,-0.39,-1,-1,-1,-1,-1,-1,-1,-1,-1,-1,-1,-1,-0.833,0.984,1,-0.518,-1,-1,-1,-1,-1,-1,-1,-1,-1,-1,-1,-1,-0.847,0.98,1,-0.5,-1,-1,-1,-1,-1,-1,-1,-1,-1,-1,-1,-1,-0.711,1,0.983,-0.786,-1,-1,-1,-1,-1,-1,-1,-1,-1,-1,-1,-1,-0.362,1,0.701,-1,-1,-1,-1,-1,-1,-1,-1,-1,-1,-1,-1,-1,-0.004,1,0.573,-1,-1,-1,-1,-1,-1,-1,-1,-1,-1,-1,-1,-1,0.143,1,0.444,-1,-1,-1,-1,-1,-1,-1,-1,-1,-1,-1,-1,-1,-0.014,1,0.872,-0.977,-1,-1,-1,-1,-1,-1,-1,-1,-1,-1,-1,-1,-0.572,0.952,1,-0.59,-1,-1,-1,-1,-1,-1,-1,-1,-1,-1,-1,-1,-1,0.414,1,-0.075,-1,-1,-1,-1,-1,-1,-1,-1,-1,-1,-1,-1,-1,-0.672,0.683,-0.144,-1,-1,-1,-1,-1,-1
"120",-1,-1,-1,-1,-1,-1,-0.755,0.633,-0.83,-1,-1,-1,-1,-1,-1,-1,-1,-1,-1,-1,-1,-1,-0.826,0.995,0.278,-1,-1,-1,-1,-1,-1,-1,-1,-1,-1,-1,-1,-1,-0.774,0.999,0.521,-1,-1,-1,-1,-1,-1,-1,-1,-1,-1,-1,-1,-1,-1,0.683,0.889,-0.959,-1,-1,-1,-1,-1,-1,-1,-1,-1,-1,-1,-1,-1,0.291,1,-0.545,-1,-1,-1,-1,-1,-1,-1,-1,-1,-1,-1,-1,-1,0.514,1,-0.602,-1,-1,-1,-1,-1,-1,-1,-1,-1,-1,-1,-1,-1,0.654,1,-0.525,-1,-1,-1,-1,-1,-1,-1,-1,-1,-1,-1,-1,-1,0.578,1,-0.449,-1,-1,-1,-1,-1,-1,-1,-1,-1,-1,-1,-1,-1,0.635,1,-0.373,-1,-1,-1,-1,-1,-1,-1,-1,-1,-1,-1,-1,-1,0.559,1,-0.43,-1,-1,-1,-1,-1,-1,-1,-1,-1,-1,-1,-1,-1,0.616,1,-0.354,-1,-1,-1,-1,-1,-1,-1,-1,-1,-1,-1,-1,-0.845,0.918,0.998,-0.742,-1,-1,-1,-1,-1,-1,-1,-1,-1,-1,-1,-1,-0.371,1,0.804,-0.971,-1,-1,-1,-1,-1,-1,-1,-1,-1,-1,-1,-1,-0.447,1,0.709,-1,-1,-1,-1,-1,-1,-1,-1,-1,-1,-1,-1,-1,-0.523,1,0.652,-1,-1,-1,-1,-1,-1,-1,-1,-1,-1,-1,-1,-1,-0.95,0.151,0.595,-1,-1,-1,-1,-1,-1,-1
"121",-1,-1,-1,-1,-1,-1,-1,0.122,-0.148,-1,-1,-1,-1,-1,-1,-1,-1,-1,-1,-1,-1,-1,-0.96,0.915,0.387,-1,-1,-1,-1,-1,-1,-1,-1,-1,-1,-1,-1,-1,-1,0.763,0.58,-1,-1,-1,-1,-1,-1,-1,-1,-1,-1,-1,-1,-1,-0.925,0.952,0.545,-1,-1,-1,-1,-1,-1,-1,-1,-1,-1,-1,-1,-1,-0.798,0.967,0.396,-1,-1,-1,-1,-1,-1,-1,-1,-1,-1,-1,-1,-1,-0.654,1,0.36,-1,-1,-1,-1,-1,-1,-1,-1,-1,-1,-1,-1,-1,-0.504,1,0.211,-1,-1,-1,-1,-1,-1,-1,-1,-1,-1,-1,-1,-1,-0.298,1,0.005,-1,-1,-1,-1,-1,-1,-1,-1,-1,-1,-1,-1,-1,-0.184,1,-0.223,-1,-1,-1,-1,-1,-1,-1,-1,-1,-1,-1,-1,-1,0.179,1,-0.472,-1,-1,-1,-1,-1,-1,-1,-1,-1,-1,-1,-1,-1,0.478,1,-0.657,-1,-1,-1,-1,-1,-1,-1,-1,-1,-1,-1,-1,-1,0.627,0.998,-0.805,-1,-1,-1,-1,-1,-1,-1,-1,-1,-1,-1,-1,-1,0.27,1,-0.45,-1,-1,-1,-1,-1,-1,-1,-1,-1,-1,-1,-1,-1,-0.193,1,0.014,-1,-1,-1,-1,-1,-1,-1,-1,-1,-1,-1,-1,-1,-0.836,0.766,0.761,-0.456,-1,-1,-1,-1,-1,-1,-1,-1,-1,-1,-1,-1,-1,-0.574,0.699,0.395,-1,-1,-1,-1,-1,-1
"122",-1,-1,-1,-1,-1,-0.416,0.464,0.889,0.507,-0.114,-0.985,-1,-1,-1,-1,-1,-1,-1,-1,-1,-0.569,0.97,1,1,1,1,0.747,-0.621,-1,-1,-1,-1,-1,-1,-1,-0.795,0.822,1,1,-0.134,-0.448,0.69,1,0.852,-0.618,-1,-1,-1,-1,-1,-0.981,0.27,1,0.672,0.995,0.36,-0.962,-0.895,0.18,1,0.814,-0.858,-1,-1,-1,-1,-0.206,1,0.839,-0.831,-0.309,0.354,-0.773,-1,-0.987,0.217,1,0.17,-1,-1,-1,-0.901,0.866,1,-0.209,-1,-1,-1,-1,-1,-1,-0.82,0.965,0.848,-0.97,-1,-1,-0.409,1,0.873,-0.912,-1,-1,-1,-1,-1,-1,-1,0.324,1,-0.507,-1,-1,-0.207,1,0.638,-1,-1,-1,-1,-1,-1,-1,-1,0.132,1,-0.193,-1,-1,-0.202,1,0.633,-1,-1,-1,-1,-1,-1,-1,-1,0.137,1,-0.198,-1,-1,-0.197,1,0.869,-0.923,-1,-1,-1,-1,-1,-1,-1,0.339,1,-0.203,-1,-1,-0.192,1,1,-0.885,-1,-1,-1,-1,-1,-1,-0.977,0.7,1,-0.655,-1,-1,-0.701,0.969,1,-0.678,-1,-1,-1,-1,-1,-1,-0.439,1,0.605,-0.977,-1,-1,-1,0.614,1,0.363,-0.986,-1,-1,-1,-1,-0.977,0.543,1,-0.135,-1,-1,-1,-1,-0.429,0.972,1,0.8,0.175,-0.446,-0.569,-0.548,0.348,1,0.604,-0.985,-1,-1,-1,-1,-1,-0.626,0.842,1,1,1,1,1,1,0.814,-0.67,-1,-1,-1,-1,-1,-1,-1,-0.872,-0.363,0.137,0.758,1,0.976,0.355,-0.677,-1,-1,-1,-1
"123",-1,-1,-1,-1,-1,-0.911,-1,-1,-1,-0.939,0.785,-0.57,-1,-1,-1,-1,-1,-1,-1,-1,-0.287,0.918,-0.805,-1,-1,-0.706,0.968,-0.773,-1,-1,-1,-1,-1,-1,-1,-0.516,0.946,-0.319,-1,-1,-1,-0.382,0.961,-0.966,-1,-1,-1,-1,-1,-1,-0.879,0.782,-0.005,-1,-1,-1,-1,-0.04,0.794,-0.999,-1,-1,-1,-1,-1,-1,-0.097,0.813,-0.978,-0.898,-0.924,-1,-1,0.463,0.364,-1,-1,-1,-1,-1,-1,-1,0.352,0.636,0.491,0.966,0.945,0.598,0.213,0.911,0.377,-0.418,-0.051,0.171,-1,-1,-1,-1,-0.017,0.945,0.235,-0.465,-0.733,-0.468,0.264,1,0.726,0.828,0.389,-0.5,-1,-1,-1,-1,-0.995,-0.916,-1,-1,-1,-1,0.077,0.764,-0.996,-1,-1,-1,-1,-1,-1,-1,-1,-1,-1,-1,-1,-0.972,0.764,0.088,-1,-1,-1,-1,-1,-1,-1,-1,-1,-1,-1,-1,-1,-0.722,0.999,-0.468,-1,-1,-1,-1,-1,-1,-1,-1,-1,-1,-1,-1,-1,-0.434,0.994,-0.839,-1,-1,-1,-1,-1,-1,-1,-1,-1,-1,-1,-1,-1,0.086,0.734,-0.993,-1,-1,-1,-1,-1,-1,-1,-1,-1,-1,-1,-1,-0.981,0.711,-0.011,-1,-1,-1,-1,-1,-1,-1,-1,-1,-1,-1,-1,-1,-0.429,0.981,-0.654,-1,-1,-1,-1,-1,-1,-1,-1,-1,-1,-1,-1,-1,0.233,0.54,-1,-1,-1,-1,-1,-1,-1,-1,-1,-1,-1,-1,-1,-1,0.184,0.091,-1,-1,-1,-1,-1,-1,-1,-1
"124",-1,-1,-1,-1,-1,-1,-1,-0.062,0.852,-0.663,-1,-1,-1,-1,-1,-1,-1,-1,-1,-1,-1,-1,-1,0.421,0.992,-0.692,-1,-1,-1,-1,-1,-1,-1,-1,-1,-1,-1,-1,-1,0.474,0.999,-0.806,-1,-1,-1,-1,-1,-1,-1,-1,-1,-1,-1,-1,-1,0.505,0.987,-0.869,-1,-1,-1,-1,-1,-1,-1,-1,-1,-1,-1,-1,-0.97,0.86,0.89,-0.945,-1,-1,-1,-1,-1,-1,-1,-1,-1,-1,-1,-1,-0.786,1,0.551,-1,-1,-1,-1,-1,-1,-1,-1,-1,-1,-1,-1,-1,-0.645,1,0.338,-1,-1,-1,-1,-1,-1,-1,-1,-1,-1,-1,-1,-1,-0.507,1,0.414,-1,-1,-1,-1,-1,-1,-1,-1,-1,-1,-1,-1,-1,-0.321,1,0.356,-1,-1,-1,-1,-1,-1,-1,-1,-1,-1,-1,-1,-1,-0.228,1,0.148,-1,-1,-1,-1,-1,-1,-1,-1,-1,-1,-1,-1,-1,-0.556,1,0.321,-1,-1,-1,-1,-1,-1,-1,-1,-1,-1,-1,-1,-1,-0.702,1,0.467,-1,-1,-1,-1,-1,-1,-1,-1,-1,-1,-1,-1,-1,-0.95,0.946,0.693,-1,-1,-1,-1,-1,-1,-1,-1,-1,-1,-1,-1,-1,-1,0.656,0.919,-0.876,-1,-1,-1,-1,-1,-1,-1,-1,-1,-1,-1,-1,-1,0.031,1,-0.337,-1,-1,-1,-1,-1,-1,-1,-1,-1,-1,-1,-1,-1,-0.678,0.73,-0.209,-1,-1,-1,-1,-1,-1
"125",-1,-1,-1,-1,-1,-1,-1,-0.704,0.521,0.486,-0.77,-1,-1,-1,-1,-1,-1,-1,-1,-1,-1,-1,-0.433,0.819,1,1,0.44,-1,-1,-1,-1,-1,-1,-1,-1,-1,-1,-0.619,0.669,1,1,0.987,-0.391,-1,-1,-1,-1,-1,-1,-1,-1,-1,-1,0.399,1,1,1,0.999,-0.531,-1,-1,-1,-1,-1,-1,-1,-1,-0.999,0.162,0.963,1,1,0.525,0.949,0.605,-0.73,-1,-1,-1,-1,-1,-1,-1,-0.165,0.934,1,1,0.301,-0.865,-0.202,1,0.386,-0.872,-1,-1,-1,-1,-1,-0.855,0.847,1,1,0.387,-0.868,-1,-0.957,0.748,1,0.132,-1,-1,-1,-1,-1,0.045,1,1,0.785,-0.614,-1,-1,-1,-0.217,1,0.934,-0.794,-1,-1,-1,-0.863,0.836,1,1,0.243,-1,-1,-1,-1,-0.961,0.736,1,0.689,-0.889,-1,-1,-0.729,0.956,1,0.955,-0.598,-1,-1,-1,-1,-0.996,0.689,1,0.948,-0.772,-1,-1,-0.455,1,1,0.407,-0.999,-1,-1,-1,-1,-0.658,0.942,1,1,-0.447,-1,-1,-0.495,1,1,0.573,-0.998,-1,-1,-1,-0.827,0.292,1,1,1,-0.491,-1,-1,-0.92,0.586,1,0.785,-0.434,-0.436,-0.436,-0.125,0.839,1,1,1,0.566,-0.88,-1,-1,-1,-0.837,0.864,1,1,1,1,1,1,1,1,0.53,-0.781,-1,-1,-1,-1,-1,-0.725,0.776,1,1,1,1,1,0.833,-0.039,-0.761,-1,-1,-1,-1,-1,-1,-1,-0.852,0.059,0.858,1,0.993,0.22,-0.676,-1,-1,-1,-1,-1
"126",-1,-1,-1,-1,-0.67,0.86,1,0.288,-0.362,-0.398,-0.998,-1,-1,-1,-1,-1,-1,-1,-1,-0.795,0.626,1,1,1,1,1,0.827,-0.289,-1,-1,-1,-1,-1,-1,-0.88,0.582,1,0.998,-0.368,-0.47,0.857,1,1,0.993,0.147,-0.982,-1,-1,-1,-1,-0.063,1,1,0.38,-0.914,-1,-0.774,-0.191,-0.537,0.389,1,-0.295,-1,-1,-1,-0.894,0.805,1,0.591,-0.765,-1,-1,-1,-1,-1,-0.633,0.988,0.701,-0.971,-1,-1,-0.26,1,0.998,-0.436,-1,-1,-1,-1,-1,-1,-0.998,0.704,1,-0.621,-1,-1,-0.185,1,0.875,-0.924,-1,-1,-1,-1,-1,-1,-1,0.347,1,-0.03,-1,-1,-0.109,1,0.643,-1,-1,-1,-1,-1,-1,-1,-1,0.104,1,-0.135,-1,-1,0.097,1,0.837,-0.936,-1,-1,-1,-1,-1,-1,-1,0.31,1,-0.109,-1,-1,-0.494,1,0.942,-0.914,-1,-1,-1,-1,-1,-1,-0.591,0.817,0.982,-0.485,-1,-1,-0.8,0.947,1,-0.613,-1,-1,-1,-1,-1,-0.887,0.811,1,0.513,-0.99,-1,-1,-0.971,0.701,1,0.036,-1,-1,-1,-1,-0.86,0.163,1,0.802,-0.542,-1,-1,-1,-1,-0.295,1,0.901,-0.84,-1,-0.837,0.22,0.865,1,0.718,-0.562,-1,-1,-1,-1,-1,-0.982,0.632,1,0.645,0.132,0.63,1,1,0.991,-0.012,-1,-1,-1,-1,-1,-1,-1,-0.901,0.381,1,1,1,1,1,0.1,-0.993,-1,-1,-1,-1,-1,-1,-1,-1,-0.995,-0.074,0.959,1,0.618,-0.167,-0.912,-1,-1,-1,-1,-1
"127",-1,-1,-1,-1,-1,-0.89,-0.664,-1,-1,-1,-1,-1,-1,-1,-1,-1,-1,-1,-1,-0.962,0.045,0.674,0.993,0.609,0.605,0.212,-0.865,-1,-1,-1,-1,-1,-1,-1,-0.627,0.749,1,1,1,1,1,1,1,0.147,-0.852,-1,-1,-1,-1,-0.868,0.745,1,0.898,0.041,-0.718,-0.718,-0.468,0.307,0.903,1,0.791,-0.435,-1,-1,-1,-0.164,1,1,-0.395,-1,-1,-1,-1,-1,-0.821,0.463,1,0.874,-0.835,-1,-0.622,0.716,1,0.99,-0.521,-1,-1,-1,-1,-1,-1,-0.934,0.466,1,0.199,-1,-0.012,1,1,0.107,-0.961,-1,-1,-1,-1,-1,-1,-1,-0.415,1,0.979,-0.619,0.382,1,0.977,-0.766,-1,-1,-1,-1,-1,-1,-1,-1,-0.891,0.813,1,0.369,0.518,1,0.995,-0.618,-1,-1,-1,-1,-1,-1,-1,-1,-0.964,0.698,1,0.557,0.308,1,1,-0.564,-1,-1,-1,-1,-1,-1,-1,-1,-0.57,1,1,-0.183,0.098,1,0.986,-0.641,-1,-1,-1,-1,-1,-0.998,-0.545,0.279,0.731,1,0.499,-0.857,-0.414,1,1,0.397,-1,-1,-1,-1,-0.493,-0.32,0.935,1,0.902,-0.069,-0.768,-1,-0.975,0.527,1,1,0.48,0.06,0.764,0.837,0.953,1,1,1,0.01,-1,-1,-1,-1,-0.96,-0.111,0.927,1,1,1,1,1,1,1,0.993,-0.099,-1,-1,-1,-1,-1,-1,-0.744,0.344,0.888,1,1,0.76,0.605,0.259,-0.564,-0.992,-1,-1,-1,-1,-1,-1,-1,-1,-0.769,-0.618,-0.618,-0.807,-1,-1,-1,-1,-1,-1,-1
"128",-1,-1,-1,-0.573,-0.154,-1,-1,-1,-1,-1,-1,-0.932,0.707,0.435,-1,-1,-1,-1,-1,0.306,0.996,-0.815,-1,-1,-1,-1,-1,-0.385,1,0.039,-1,-1,-1,-1,-0.946,0.732,0.948,-0.886,-1,-1,-1,-1,-1,0.232,1,-0.468,-1,-1,-1,-1,-0.541,1,0.555,-1,-1,-1,-1,-1,-0.93,0.779,0.943,-0.917,-1,-1,-1,-1,-0.256,1,0.048,-1,-1,-1,-1,-1,-0.505,1,0.491,-1,-1,-1,-1,-1,0.362,1,-0.237,-1,-1,-1,-1,-1,0.057,1,-0.127,-1,-1,-1,-1,-0.77,0.944,0.917,-0.854,-1,-1,-1,-1,-0.981,0.739,1,-0.523,-1,-1,-1,-1,-0.043,1,0.711,0.49,0.882,0.882,0.882,0.882,0.885,1,0.974,-0.672,-1,-1,-1,-1,0.491,1,1,0.918,0.14,-0.059,-0.059,-0.059,0.634,1,1,1,0.67,-0.169,-1,-1,0.611,0.869,-0.178,-0.873,-1,-1,-1,-1,0.445,1,-0.088,-0.37,0.212,-0.252,-1,-1,-0.806,-0.696,-1,-1,-1,-1,-1,-0.645,0.984,0.909,-0.93,-1,-1,-1,-1,-1,-1,-1,-1,-1,-1,-1,-1,0.455,1,0.25,-1,-1,-1,-1,-1,-1,-1,-1,-1,-1,-1,-1,-0.852,0.98,0.928,-0.821,-1,-1,-1,-1,-1,-1,-1,-1,-1,-1,-1,-1,-0.254,1,-0.009,-1,-1,-1,-1,-1,-1,-1,-1,-1,-1,-1,-1,-1,0.474,0.835,-0.849,-1,-1,-1,-1,-1,-1,-1,-1,-1,-1,-1,-1,-1,0.206,0.202,-1,-1,-1,-1,-1,-1,-1
"129",-1,-1,-1,-1,-1,-1,-0.916,0.717,-0.399,-1,-1,-1,-1,-1,-1,-1,-1,-1,-1,-1,-1,-1,-0.986,0.73,0.78,-0.976,-1,-1,-1,-1,-1,-1,-1,-1,-1,-1,-1,-1,-1,0.556,0.984,-0.622,-1,-1,-1,-1,-1,-1,-1,-1,-1,-1,-1,-1,-0.993,0.757,1,-0.346,-1,-1,-1,-1,-1,-1,-1,-1,-1,-1,-1,-1,-0.937,0.868,1,-0.271,-1,-1,-1,-1,-1,-1,-1,-1,-1,-1,-1,-1,-0.813,0.984,1,-0.431,-1,-1,-1,-1,-1,-1,-1,-1,-1,-1,-1,-1,-0.621,1,1,-0.606,-1,-1,-1,-1,-1,-1,-1,-1,-1,-1,-1,-1,-0.671,0.999,0.999,-0.571,-1,-1,-1,-1,-1,-1,-1,-1,-1,-1,-1,-1,-0.463,1,0.995,-0.702,-1,-1,-1,-1,-1,-1,-1,-1,-1,-1,-1,-1,-0.385,1,0.986,-0.772,-1,-1,-1,-1,-1,-1,-1,-1,-1,-1,-1,-1,-0.306,1,0.851,-0.973,-1,-1,-1,-1,-1,-1,-1,-1,-1,-1,-1,-1,-0.227,1,0.888,-0.961,-1,-1,-1,-1,-1,-1,-1,-1,-1,-1,-1,-1,-0.56,1,0.832,-0.983,-1,-1,-1,-1,-1,-1,-1,-1,-1,-1,-1,-1,-0.9,0.919,0.932,-0.887,-1,-1,-1,-1,-1,-1,-1,-1,-1,-1,-1,-1,-1,0.461,1,-0.664,-1,-1,-1,-1,-1,-1,-1,-1,-1,-1,-1,-1,-1,-0.747,0.641,-0.372,-1,-1,-1,-1,-1,-1
"130",-1,-1,-1,-1,-1,-1,-0.933,0.827,-0.552,-1,-1,-1,-1,-1,-1,-1,-1,-1,-1,-1,-1,-1,-0.856,0.974,0.329,-1,-1,-1,-1,-1,-1,-1,-1,-1,-1,-1,-1,-1,-0.947,0.926,0.752,-0.992,-1,-1,-1,-1,-1,-1,-1,-1,-1,-1,-1,-1,-0.952,0.9,0.902,-0.972,-1,-1,-1,-1,-1,-1,-1,-1,-1,-1,-1,-1,-0.995,0.823,0.949,-0.949,-1,-1,-1,-1,-1,-1,-1,-1,-1,-1,-1,-1,-1,0.682,0.972,-0.903,-1,-1,-1,-1,-1,-1,-1,-1,-1,-1,-1,-1,-0.97,0.894,0.986,-0.853,-1,-1,-1,-1,-1,-1,-1,-1,-1,-1,-1,-1,-0.985,0.878,0.997,-0.833,-1,-1,-1,-1,-1,-1,-1,-1,-1,-1,-1,-1,-0.998,0.822,1,-0.767,-1,-1,-1,-1,-1,-1,-1,-1,-1,-1,-1,-1,-0.968,0.861,0.967,-0.905,-1,-1,-1,-1,-1,-1,-1,-1,-1,-1,-1,-1,-0.92,0.954,0.824,-0.985,-1,-1,-1,-1,-1,-1,-1,-1,-1,-1,-1,-1,-0.884,0.975,0.743,-1,-1,-1,-1,-1,-1,-1,-1,-1,-1,-1,-1,-1,-0.841,0.983,0.539,-1,-1,-1,-1,-1,-1,-1,-1,-1,-1,-1,-1,-1,-0.811,0.998,0.418,-1,-1,-1,-1,-1,-1,-1,-1,-1,-1,-1,-1,-1,-0.875,0.968,0.456,-1,-1,-1,-1,-1,-1,-1,-1,-1,-1,-1,-1,-1,-1,0.121,0.322,-1,-1,-1,-1,-1,-1,-1
"131",-1,-1,-1,-1,-0.958,-0.064,0.779,-0.487,-1,-1,-1,-1,-1,-0.256,0.919,-0.307,-1,-1,-1,-0.942,-0.077,1,0.936,-0.327,-1,-1,-1,-1,-0.179,0.962,0.988,-0.648,-1,-1,-1,-0.09,1,1,0.044,-1,-1,-1,-1,-0.999,0.498,1,0.7,-0.991,-1,-1,-0.41,0.929,1,0.656,-0.945,-1,-1,-1,-1,-0.801,0.976,1,0.034,-1,-1,-0.399,0.893,1,0.64,-0.903,-1,-1,-1,-1,-1,0.492,1,0.997,-0.605,-1,-0.702,0.831,1,0.705,-0.811,-1,-1,-1,-1,-1,-0.775,0.967,1,0.739,-0.977,-1,-0.277,1,1,1,0.592,0.15,-0.395,-0.395,-0.876,-1,0.358,1,1,0.098,-1,-1,-0.972,0.583,1,1,1,1,1,1,0.898,0.86,0.982,1,0.874,-0.568,-1,-1,-1,-0.836,-0.275,0.195,0.86,0.97,1,1,0.896,1,1,1,0.07,-1,-1,-1,-1,-1,-1,-1,-1,-0.56,-0.395,-0.395,-0.563,0.994,1,1,-0.583,-1,-1,-1,-1,-1,-1,-1,-1,-1,-1,-1,-0.055,1,1,0.737,-0.984,-1,-1,-1,-1,-1,-1,-1,-1,-1,-1,-0.995,0.57,1,1,0.122,-1,-1,-1,-1,-1,-1,-1,-1,-1,-1,-1,-0.505,0.981,1,0.731,-0.787,-1,-1,-1,-1,-1,-1,-1,-1,-1,-1,-0.999,0.636,1,1,0.234,-1,-1,-1,-1,-1,-1,-1,-1,-1,-1,-1,-0.794,0.975,1,0.911,-0.186,-1,-1,-1,-1,-1,-1,-1,-1,-1,-1,-1,-1,0.322,0.479,-0.531,-1,-1,-1,-1,-1,-1
"132",-1,-1,-1,-1,-1,-1,-1,-0.52,0.981,-0.462,-1,-1,-1,-1,-1,-1,-1,-1,-1,-1,-1,-1,-0.644,0.909,1,0.234,-1,-1,-1,-1,-1,-1,-1,-1,-1,-1,-1,-1,0.551,1,1,0.448,-1,-1,-1,-1,-1,-1,-1,-1,-1,-1,-1,-0.858,0.695,1,1,0.662,-1,-1,-1,-1,-1,-1,-1,-1,-1,-1,-1,-0.876,1,1,1,0.876,-1,-1,-1,-1,-1,-1,-1,-1,-1,-1,-1,-0.999,0.909,1,1,0.999,-0.909,-1,-1,-1,-1,-1,-1,-1,-1,-1,-1,-1,0.695,1,1,1,-0.696,-1,-1,-1,-1,-1,-1,-1,-1,-1,-1,-0.786,0.767,1,1,1,-0.482,-1,-1,-1,-1,-1,-1,-1,-1,-1,-1,-0.733,1,1,1,1,-0.268,-1,-1,-1,-1,-1,-1,-1,-1,-1,-1,-0.94,0.993,1,1,0.94,-0.993,-1,-1,-1,-1,-1,-1,-1,-1,-1,-1,-0.607,0.946,1,1,1,-0.84,-1,-1,-1,-1,-1,-1,-1,-1,-1,-1,-0.375,1,1,1,1,-0.626,-1,-1,-1,-1,-1,-1,-1,-1,-1,-1,-0.589,1,1,1,1,-0.412,-1,-1,-1,-1,-1,-1,-1,-1,-1,-1,-0.803,1,1,1,0.928,-0.626,-1,-1,-1,-1,-1,-1,-1,-1,-1,-1,-0.981,0.464,1,1,0.981,-0.964,-1,-1,-1,-1,-1,-1,-1,-1,-1,-1,-1,-0.589,0.857,0.999,0.642,-0.912,-1,-1,-1,-1,-1
"133",-1,-1,-1,-1,-1,-1,-1,-1,-1,-1,-1,-1,-1,-0.963,-0.205,-0.725,-1,-1,-1,-1,-1,-1,-1,-1,-1,-1,-1,-1,-1,-0.068,1,0.776,-1,-1,-1,-1,-1,-1,-1,-1,-1,-1,-1,-1,-1,0.793,1,0.997,-1,-1,-1,-1,-1,-0.391,0.072,-0.934,-1,-1,-1,-1,-0.847,0.949,1,0.47,-1,-1,-1,-1,-0.791,0.777,1,-0.777,-1,-1,-1,-1,-0.477,1,1,0.159,-0.952,-0.558,-0.01,-0.053,0.196,1,0.391,-0.959,-1,-1,-1,-1,-0.474,1,1,-0.677,0.337,1,1,1,1,1,-0.514,-1,-1,-1,-1,-1,0.076,1,0.873,-0.859,0.911,1,1,1,1,1,0.197,-0.968,-1,-1,-1,-1,0.561,1,0.616,-1,0.255,1,1,1,0.692,1,1,0.201,-1,-1,-1,-0.736,0.958,1,0.613,-1,-0.903,0.149,0.234,-0.6,-0.97,-0.085,0.968,1,0.682,-0.288,-0.85,-0.561,1,1,0.566,-1,-1,-1,-1,-1,-1,-1,-0.365,0.789,1,1,1,1,1,1,-0.094,-1,-1,-1,-1,-1,-1,-1,-1,-0.864,0.233,0.404,0.958,0.998,1,1,-0.578,-1,-1,-1,-1,-1,-1,-1,-1,-1,-1,-1,-1,-0.021,1,1,-0.581,-1,-1,-1,-1,-1,-1,-1,-1,-1,-1,-1,-1,0.506,1,0.856,-0.924,-1,-1,-1,-1,-1,-1,-1,-1,-1,-1,-1,-1,0.11,1,0.423,-1,-1,-1,-1,-1,-1,-1,-1,-1,-1,-1,-1,-1,-0.917,0.025,-0.825,-1,-1
"134",-1,-1,-1,-1,-1,-1,-0.632,0.886,-0.272,-1,-1,-1,-1,-1,-1,-1,-1,-1,-1,-1,-1,-1,-0.195,1,0.897,-0.827,-1,-1,-1,-1,-1,-1,-1,-1,-1,-1,-1,-1,-0.117,1,1,-0.676,-1,-1,-1,-1,-1,-1,-1,-1,-1,-1,-1,-1,-0.513,1,1,-0.564,-1,-1,-1,-1,-1,-1,-1,-1,-1,-1,-1,-1,-0.199,1,1,-0.452,-1,-1,-1,-1,-1,-1,-1,-1,-1,-1,-1,-1,-0.216,1,1,-0.34,-1,-1,-1,-1,-1,-1,-1,-1,-1,-1,-1,-1,-0.849,1,1,0.292,-1,-1,-1,-1,-1,-1,-1,-1,-1,-1,-1,-1,-0.582,1,1,0.12,-1,-1,-1,-1,-1,-1,-1,-1,-1,-1,-1,-1,-0.409,1,1,-0.005,-1,-1,-1,-1,-1,-1,-1,-1,-1,-1,-1,-1,0.047,1,1,-0.366,-1,-1,-1,-1,-1,-1,-1,-1,-1,-1,-1,-1,-0.065,1,1,-0.397,-1,-1,-1,-1,-1,-1,-1,-1,-1,-1,-1,-1,0.391,1,1,-0.285,-1,-1,-1,-1,-1,-1,-1,-1,-1,-1,-1,-1,-0.099,1,1,-0.22,-1,-1,-1,-1,-1,-1,-1,-1,-1,-1,-1,-1,0.073,1,1,-0.677,-1,-1,-1,-1,-1,-1,-1,-1,-1,-1,-1,-1,0.103,1,1,-0.186,-1,-1,-1,-1,-1,-1,-1,-1,-1,-1,-1,-1,-0.491,0.914,0.592,-0.803,-1,-1,-1,-1,-1,-1
"135",-1,-1,-1,-1,-1,-1,-0.809,0.408,-0.414,-1,-1,-1,-1,-1,-1,-1,-1,-1,-1,-1,-1,-1,0.432,0.894,0.674,-0.921,-1,-1,-1,-1,-1,-1,-1,-1,-1,-1,-1,-0.749,0.977,-0.406,0.646,-0.153,-1,-1,-1,-1,-1,-1,-1,-1,-1,-1,-1,0.003,0.689,-0.977,-0.263,0.762,-0.919,-1,-1,-1,-1,-1,-1,-1,-1,-1,-1,0.572,0.094,-1,-0.961,0.584,-0.302,-1,-1,-1,-1,-1,-1,-1,-1,-1,-0.754,0.983,-0.487,-1,-1,-0.244,0.737,-1,-1,-1,-1,-1,-1,-1,-1,-1,0.057,0.775,-0.982,-1,-1,-0.943,0.983,-0.4,-1,-1,-1,-1,-1,-1,-1,-1,0.41,0.169,-1,-1,-1,-1,0.413,0.151,-1,-1,-1,-1,-1,-1,-1,-0.997,0.778,-0.114,-1,-1,-1,-1,-0.13,0.753,-1,-1,-1,-1,-1,-1,-1,-0.929,0.922,-0.414,-1,-1,-1,-1,-0.488,0.962,-0.98,-1,-1,-1,-1,-1,-1,-0.835,0.999,-0.843,-1,-1,-1,-1,-0.718,1,-0.789,-1,-1,-1,-1,-1,-1,-0.817,0.968,-0.895,-1,-1,-1,-1,-0.881,0.999,-0.797,-1,-1,-1,-1,-1,-1,-0.739,1,-0.876,-1,-1,-1,-1,-0.626,0.768,-0.956,-1,-1,-1,-1,-1,-1,-0.934,0.783,-0.527,-1,-1,-1,-0.966,0.417,0.037,-1,-1,-1,-1,-1,-1,-1,-1,0.203,0.484,-0.506,-0.665,-0.607,0.412,0.572,-0.898,-1,-1,-1,-1,-1,-1,-1,-1,-0.896,0.239,0.969,1,0.82,0.035,-0.954,-1,-1,-1,-1,-1
"136",-1,-1,-1,-1,-1,-1,-1,-1,-1,-1,-0.981,0.476,-1,-1,-1,-1,-1,-1,-1,-1,-1,-1,-1,-1,-1,-1,-0.799,0.524,-1,-1,-1,-1,-1,-1,-1,-1,-0.931,-0.183,-1,-1,-1,-1,-0.4,0.355,-1,-1,-1,-1,-1,-1,-1,-1,-0.42,0.203,-1,-1,-1,-1,-0.046,-0.182,-1,-1,-1,-1,-1,-1,-1,-1,0.232,-0.415,-1,-1,-1,-1,0.618,-0.616,-1,-1,-1,-1,-1,-1,-1,-0.97,0.801,-0.876,-1,-1,-1,-1,0.86,-0.951,-1,-1,-1,-1,-1,-1,-1,-0.41,0.469,-1,-1,-1,-1,-0.768,0.77,-1,-0.301,-0.825,-1,-1,-1,-1,-1,0.312,0.621,-0.884,-1,-1,-1,-0.511,0.558,-1,-0.03,-0.497,-1,-1,-1,-1,-0.787,0.962,0.083,0.794,-0.519,-1,-1,-0.376,0.285,-0.289,0.371,-0.965,-1,-1,-1,-1,-0.698,0.067,-1,-0.421,0.487,0.75,0.708,0.871,1,0.379,-0.894,-1,-1,-1,-1,-1,-1,-1,-1,-1,-1,-0.941,-0.693,0.448,-0.065,-1,-1,-1,-1,-1,-1,-1,-1,-1,-1,-1,-1,-1,-1,0.362,-0.28,-1,-1,-1,-1,-1,-1,-1,-1,-1,-1,-1,-1,-1,-1,0.589,-0.496,-1,-1,-1,-1,-1,-1,-1,-1,-1,-1,-1,-1,-1,-1,0.833,-0.831,-1,-1,-1,-1,-1,-1,-1,-1,-1,-1,-1,-1,-1,-0.956,0.681,-1,-1,-1,-1,-1,-1,-1,-1,-1,-1,-1,-1,-1,-1,-0.677,0.173,-1,-1,-1,-1,-1,-1
"137",-1,-1,-1,-1,-1,-1,-1,-0.1,0.998,0.621,-0.924,-1,-1,-1,-1,-1,-1,-1,-1,-1,-1,-1,-0.105,0.988,0.906,1,-0.498,-1,-1,-1,-1,-1,-1,-1,-1,-1,-1,-0.444,0.921,-0.43,0.354,1,-0.225,-1,-1,-1,-1,-1,-1,-1,-1,-1,-1,-0.636,-0.315,-1,0.414,1,-0.285,-1,-1,-1,-1,-1,-1,-1,-1,-1,-1,-1,-1,-1,0.374,1,-0.644,-1,-1,-1,-1,-1,-1,-1,-1,-1,-1,-1,-1,-1,0.567,1,-0.738,-1,-1,-1,-1,-1,-1,-1,-1,-1,-1,-1,-1,-1,0.577,0.926,-0.89,-1,-1,-1,-1,-1,-1,-1,-1,-1,-1,-1,-1,-0.97,0.907,0.993,-0.918,-1,-1,-1,-1,-1,-1,-1,-1,-1,-1,-1,-1,-0.587,1,0.716,-1,-1,-1,-1,-1,-1,-1,-1,-1,-1,-1,-1,-1,-0.361,1,0.223,-1,-1,-1,-1,-1,-1,-1,-1,-1,-1,-1,-1,-1,-0.134,1,-0.003,-1,-1,-1,-1,-1,-1,-1,-1,-1,-1,-1,-1,-1,0.226,1,-0.23,-1,-1,-1,-1,-1,-1,-1,-1,-1,-1,-1,-1,-1,0.269,1,-0.59,-1,-1,-1,-1,-1,-1,-1,-1,-1,-1,-1,-1,-1,0.296,1,-0.683,-1,-1,-1,-1,-1,-1,-1,-1,-1,-1,-1,-1,-1,0.089,1,0.217,-0.994,-1,-1,-1,-1,-1,-1,-1,-1,-1,-1,-1,-1,-0.748,0.798,0.602,-0.94,-1,-1,-1,-1,-1
"138",-1,-1,-1,-1,-1,-1,-1,-0.694,-0.392,-0.645,-1,-1,-1,-1,-1,-1,-1,-1,-1,-1,-0.974,-0.479,-0.214,0.79,1,0.967,0.471,-0.611,-1,-1,-1,-1,-1,-1,-1,-0.171,0.821,1,1,1,0.999,0.698,1,0.922,-0.334,-1,-1,-1,-1,-0.981,0.23,0.964,1,0.92,0.652,0.944,1,-0.265,-0.34,0.883,0.968,0.038,-0.959,-1,-1,-0.162,1,1,0.836,-0.596,-1,0.405,1,-0.201,-1,-0.633,0.692,1,-0.16,-1,-0.853,0.922,1,0.797,-0.696,-1,-0.989,0.537,0.926,-0.753,-1,-1,-0.656,0.862,0.888,-0.678,-0.093,1,1,0.081,-1,-1,-0.989,0.83,0.062,-1,-1,-1,-1,0.35,1,0.096,0.11,1,0.895,-0.682,-1,-1,-1,-0.734,-0.843,-1,-1,-1,-1,-0.112,1,0.498,0.313,1,0.556,-1,-1,-1,-1,-1,-1,-1,-1,-1,-1,-0.121,1,0.748,0.758,1,0.776,-1,-1,-1,-1,-1,-1,-1,-1,-1,-1,0.082,1,0.364,-0.067,1,1,-0.761,-1,-1,-1,-1,-1,-1,-1,-1,-0.745,0.817,1,-0.111,-0.862,0.667,1,0.064,-1,-1,-1,-1,-1,-1,-1,-0.928,0.534,1,0.758,-0.798,-1,-0.323,1,0.942,-0.104,-0.89,-1,-1,-1,-0.894,-0.449,0.572,1,0.94,-0.514,-1,-1,-0.992,-0.024,0.961,1,0.766,0.565,0.565,0.565,0.724,1,1,0.811,-0.524,-1,-1,-1,-1,-1,-0.394,0.595,0.983,1,1,1,0.976,0.913,0.041,-0.84,-1,-1,-1,-1,-1,-1,-1,-1,-0.537,-0.392,-0.392,-0.392,-0.538,-1,-1,-1,-1,-1,-1
"139",-1,-1,-1,-1,-1,-1,-1,-1,-1,-1,-1,-1,-1,-1,-1,-1,-1,-1,-1,-1,-1,-0.698,-0.08,0.264,0.264,0.264,0.213,-0.846,-1,-1,-1,-1,-1,-1,-1,-0.694,0.142,0.857,1,1,1,1,1,0.89,-0.057,-1,-1,-1,-1,-1,-0.133,0.876,1,1,1,0.584,-0.05,0.406,1,1,0.995,0.368,-0.843,-1,-1,0.043,0.987,1,0.901,0.047,-0.822,-0.969,-1,-0.981,-0.822,-0.496,0.72,1,0.166,-1,-0.669,0.961,1,0.593,-0.527,-1,-1,-1,-1,-1,-1,-1,-0.878,0.688,0.998,-0.278,0.201,1,0.718,-0.839,-1,-1,-1,-1,-1,-1,-1,-1,-1,-0.048,1,0.68,0.879,1,0.114,-1,-1,-1,-1,-1,-1,-1,-1,-1,-1,-0.907,1,0.988,0.992,1,-0.231,-1,-1,-1,-1,-1,-1,-1,-1,-1,-1,-0.896,1,0.977,0.452,1,-0.154,-1,-1,-1,-1,-1,-1,-1,-1,-1,-1,-0.884,1,0.965,-0.044,0.998,0.881,-0.537,-1,-1,-1,-1,-1,-1,-1,-1,-1,-0.03,1,0.648,-1,0.633,1,0.876,-0.267,-0.985,-1,-1,-1,-1,-1,-0.859,-0.237,0.883,0.896,-0.509,-1,-0.842,0.644,1,1,0.541,-0.112,-0.182,-0.182,-0.182,0.141,0.896,1,0.891,-0.514,-1,-1,-1,-0.837,0.392,0.929,1,1,1,1,1,1,0.988,0.534,-0.684,-1,-1,-1,-1,-1,-1,-0.845,-0.017,0.264,0.264,0.264,0.264,0.264,-0.358,-1,-1,-1,-1,-1,-1,-1,-1,-1,-1,-1,-1,-1,-1,-1,-1,-1,-1,-1,-1
"140",-1,-1,-1,-1,-1,-1,-1,-1,-1,-1,-1,-1,-1,-1,-1,-1,-1,-1,-1,-1,-0.874,-0.21,0.442,0.602,0.602,0.434,-0.873,-1,-1,-1,-1,-1,-1,-1,-0.994,-0.121,0.812,1,1,1,0.582,0.863,-0.414,-1,-1,-1,-1,-1,-1,-0.988,-0.005,1,1,0.706,-0.252,-0.806,-0.989,-0.869,-0.947,-0.76,0.174,-0.387,-1,-1,-1,-0.073,1,0.998,-0.419,-0.957,-1,-1,-1,-1,-1,-0.832,0.73,0.972,0.131,-1,-0.647,0.835,1,0.073,-1,-1,-1,-1,-1,-1,-1,-1,-0.706,0.976,0.917,-0.759,0.178,1,0.629,-0.946,-1,-1,-1,-1,-1,-1,-1,-1,-1,0.068,1,0.293,0.671,1,-0.11,-1,-1,-1,-1,-1,-1,-1,-1,-1,-1,-0.233,1,0.83,0.799,1,-0.37,-1,-1,-1,-1,-1,-1,-1,-1,-1,-1,-0.305,1,0.834,0.927,1,-0.498,-1,-1,-1,-1,-1,-1,-1,-1,-1,-0.989,0.441,1,0.341,0.261,1,0.168,-1,-1,-1,-1,-1,-1,-1,-1,-0.981,0.288,1,0.886,-0.735,-0.308,1,0.998,-0.374,-1,-1,-1,-1,-1,-0.998,-0.47,0.789,1,0.828,-0.597,-1,-0.902,0.276,0.997,0.99,0.201,-0.174,-0.174,-0.174,0.013,0.463,1,1,0.504,-0.661,-1,-1,-1,-1,0.105,0.841,1,1,1,1,1,1,0.748,-0.251,-0.936,-1,-1,-1,-1,-1,-1,-0.745,-0.03,0.35,0.602,0.558,-0.03,-0.127,-0.83,-1,-1,-1,-1,-1,-1,-1,-1,-1,-1,-1,-1,-1,-1,-1,-1,-1,-1,-1,-1,-1
"141",-1,-1,-1,-1,-1,-1,-0.74,0.807,0.067,-1,-1,-1,-1,-1,-1,-1,-1,-1,-1,-1,-1,-1,-0.954,0.417,0.827,-0.998,-1,-1,-1,-1,-1,-1,-1,-1,-1,-1,-1,-1,-1,0.151,0.995,-0.82,-1,-1,-1,-1,-1,-1,-1,-1,-1,-1,-1,-1,-1,0.279,1,-0.556,-1,-1,-1,-1,-1,-1,-1,-1,-1,-1,-1,-1,-1,0.413,0.985,-0.819,-1,-1,-1,-1,-1,-1,-1,-1,-1,-1,-1,-1,-0.994,0.834,0.941,-0.95,-1,-1,-1,-1,-1,-1,-1,-1,-1,-1,-1,-1,-1,0.77,0.998,-0.823,-1,-1,-1,-1,-1,-1,-1,-1,-1,-1,-1,-1,-0.989,0.862,0.946,-0.922,-1,-1,-1,-1,-1,-1,-1,-1,-1,-1,-1,-1,-1,0.785,0.945,-0.935,-1,-1,-1,-1,-1,-1,-1,-1,-1,-1,-1,-1,-0.999,0.792,0.967,-0.904,-1,-1,-1,-1,-1,-1,-1,-1,-1,-1,-1,-1,-1,0.608,0.987,-0.86,-1,-1,-1,-1,-1,-1,-1,-1,-1,-1,-1,-1,-1,0.615,0.979,-0.895,-1,-1,-1,-1,-1,-1,-1,-1,-1,-1,-1,-1,-1,0.623,0.939,-0.959,-1,-1,-1,-1,-1,-1,-1,-1,-1,-1,-1,-1,-1,0.715,0.853,-0.965,-1,-1,-1,-1,-1,-1,-1,-1,-1,-1,-1,-1,-1,0.65,0.581,-1,-1,-1,-1,-1,-1,-1,-1,-1,-1,-1,-1,-1,-1,-0.123,0.655,-0.998,-1,-1,-1,-1,-1,-1
"142",-1,-1,-1,-1,-1,-1,-0.879,0.8,0.425,-0.99,-1,-1,-1,-1,-1,-1,-1,-1,-1,-1,-1,-1,-0.695,0.997,0.838,-0.952,-1,-1,-1,-1,-1,-1,-1,-1,-1,-1,-1,-1,-0.578,1,1,-0.369,-1,-1,-1,-1,-1,-1,-1,-1,-1,-1,-1,-1,-0.301,1,1,-0.022,-1,-1,-1,-1,-1,-1,-1,-1,-1,-1,-1,-1,0.2,1,1,-0.523,-1,-1,-1,-1,-1,-1,-1,-1,-1,-1,-1,-1,0.095,1,1,-0.419,-1,-1,-1,-1,-1,-1,-1,-1,-1,-1,-1,-1,0.199,1,1,-0.522,-1,-1,-1,-1,-1,-1,-1,-1,-1,-1,-1,-1,0.302,1,1,-0.348,-1,-1,-1,-1,-1,-1,-1,-1,-1,-1,-1,-1,0.128,1,1,-0.503,-1,-1,-1,-1,-1,-1,-1,-1,-1,-1,-1,-1,-0.046,1,1,-0.503,-1,-1,-1,-1,-1,-1,-1,-1,-1,-1,-1,-1,0.057,1,1,-0.537,-1,-1,-1,-1,-1,-1,-1,-1,-1,-1,-1,-1,0.23,1,1,-0.328,-1,-1,-1,-1,-1,-1,-1,-1,-1,-1,-1,-1,0.454,1,1,0.503,-1,-1,-1,-1,-1,-1,-1,-1,-1,-1,-1,-1,0.557,1,1,0.435,-1,-1,-1,-1,-1,-1,-1,-1,-1,-1,-1,-1,0.02,1,0.978,-0.391,-1,-1,-1,-1,-1,-1,-1,-1,-1,-1,-1,-1,-0.873,0.23,0.442,-0.997,-1,-1,-1,-1,-1,-1
"143",-1,-1,-1,-1,-1,-0.8,0.91,1,0.724,-0.083,-0.99,-1,-1,-1,-1,-1,-1,-1,-1,-1,-1,-0.664,1,1,1,1,0.549,-0.709,-1,-1,-1,-1,-1,-1,-1,-1,-1,-0.764,0.788,1,1,1,1,0.672,-0.987,-1,-1,-1,-1,-1,-1,-0.999,-0.392,0.852,1,1,1,1,1,1,-0.37,-1,-1,-1,-1,-1,-1,-0.659,0.957,1,1,0.986,0.463,0.69,0.708,1,0.573,-0.999,-1,-1,-1,-1,-1,0.377,1,1,0.475,-0.488,-1,-1,-0.974,0.723,1,-0.261,-1,-1,-1,-1,-0.543,0.982,1,0.655,-0.868,-1,-1,-1,-1,-0.305,0.936,0.953,-0.779,-1,-1,-0.724,0.842,1,1,-0.165,-1,-1,-1,-1,-1,-1,-0.357,1,-0.514,-1,-1,0.244,1,1,0.765,-0.898,-1,-1,-1,-1,-1,-1,-0.703,0.986,0.511,-0.907,-0.98,0.734,1,0.898,-0.615,-1,-1,-1,-1,-1,-1,-1,-0.886,0.888,0.929,-0.918,-0.921,0.836,1,0.536,-1,-1,-1,-1,-1,-1,-1,-1,-0.531,0.996,0.931,-0.892,-0.991,0.657,1,0.564,-1,-1,-1,-1,-1,-1,-1,-0.257,0.939,1,0.831,-0.954,-1,-0.552,0.895,0.983,0.292,-0.85,-1,-1,-0.972,-0.252,0.278,0.934,1,1,0.099,-1,-1,-1,-0.26,0.9,1,0.832,0.689,0.689,0.69,0.994,1,1,0.993,0.427,-0.811,-1,-1,-1,-1,-0.722,0.536,1,1,1,1,1,1,0.91,-0.002,-0.974,-1,-1,-1,-1,-1,-1,-0.994,-0.096,0.463,1,0.92,0.289,0.185,-0.762,-1,-1,-1,-1
"144",-1,-1,-1,-1,-1,-1,-0.935,0.772,0.404,-0.782,-1,-1,-1,-1,-1,-1,-1,-1,-1,-1,-1,-1,-0.754,0.967,1,0.929,0.234,-0.996,-1,-1,-1,-1,-1,-1,-1,-1,-1,-0.518,0.318,0.955,1,1,1,0.442,-0.852,-1,-1,-1,-1,-1,-1,-0.917,0.295,0.912,1,1,1,0.113,0.434,0.999,0.349,-0.952,-1,-1,-1,-1,-0.652,0.608,1,1,1,0.999,0.985,0.997,-0.288,0.426,1,-0.16,-1,-1,-1,-0.703,0.739,1,1,0.966,0.012,-0.333,-0.298,0.909,0.95,-0.362,0.99,0.414,-1,-1,-0.902,0.308,1,1,1,-0.382,-0.996,-1,-1,-0.93,-0.242,-0.879,0.33,0.791,-0.992,-1,-0.494,1,1,0.94,0.166,-0.964,-1,-1,-1,-1,-1,-1,-0.69,0.824,-0.922,-1,-0.546,1,1,0.282,-1,-1,-1,-1,-1,-1,-1,-1,-0.979,0.613,-0.674,-1,-0.646,1,0.973,-0.634,-1,-1,-1,-1,-1,-1,-1,-1,-0.992,0.631,0.416,-0.895,-0.604,1,0.833,-0.962,-1,-1,-1,-1,-1,-1,-1,-1,-0.886,0.63,1,-0.494,-0.735,0.999,0.923,-0.92,-1,-1,-1,-1,-1,-1,-1,-1,-0.471,1,1,-0.552,-0.843,0.581,1,0.849,0.35,-0.434,-0.822,-1,-1,-1,-0.686,0.111,0.045,0.884,0.212,-0.94,-1,-0.646,0.565,0.98,1,1,0.856,0.689,0.551,0.322,0.86,1,0.165,-0.783,-0.996,-1,-1,-1,-1,-0.623,0.177,0.899,1,1,1,1,1,1,0.186,-1,-1,-1,-1,-1,-1,-1,-1,-0.91,-0.422,0.232,0.764,1,1,0.667,-0.361,-1,-1,-1
"145",-1,-1,-1,-1,-1,-1,-0.281,0.981,-0.128,-0.939,-1,-1,-1,-1,-1,-1,-1,-1,-1,-1,-1,-1,-0.273,1,1,-0.32,-1,-1,-1,-1,-1,-1,-1,-1,-1,-1,-1,-1,-0.222,1,1,0.027,-1,-1,-1,-1,-1,-1,-1,-1,-1,-1,-1,-1,-0.125,1,1,0.197,-1,-1,-1,-1,-1,-1,-1,-1,-1,-1,-1,-1,-0.118,1,1,0.81,-0.956,-1,-1,-1,-1,-1,-1,-1,-1,-1,-1,-0.987,0.675,1,1,0.811,-0.964,-1,-1,-1,-1,-1,-1,-1,-1,-1,-1,-1,0.384,1,1,0.809,-0.969,-1,-1,-1,-1,-1,-1,-1,-1,-1,-1,-0.977,0.724,1,1,0.457,-0.979,-1,-1,-1,-1,-1,-1,-1,-1,-1,-1,-0.941,0.828,1,1,-0.15,-1,-1,-1,-1,-1,-1,-1,-1,-1,-1,-1,-0.949,0.844,1,1,-0.158,-1,-1,-1,-1,-1,-1,-1,-1,-1,-1,-1,-1,0.547,1,1,-0.165,-1,-1,-1,-1,-1,-1,-1,-1,-1,-1,-1,-1,0.555,1,1,0.36,-1,-1,-1,-1,-1,-1,-1,-1,-1,-1,-1,-1,0.562,1,1,0.351,-0.999,-1,-1,-1,-1,-1,-1,-1,-1,-1,-1,-1,0.569,1,1,0.167,-1,-1,-1,-1,-1,-1,-1,-1,-1,-1,-1,-1,0,1,1,0.16,-1,-1,-1,-1,-1,-1,-1,-1,-1,-1,-1,-1,-0.931,-0.091,0.99,-0.202,-1,-1,-1,-1,-1,-1
"146",-1,-1,-1,-1,-1,-1,-0.742,0.884,0.054,-1,-1,-1,-1,-1,-1,-1,-1,-1,-1,-1,-1,-1,-0.584,1,0.982,-0.77,-1,-1,-1,-1,-1,-1,-1,-1,-1,-1,-1,-1,-0.76,1,1,-0.462,-1,-1,-1,-1,-1,-1,-1,-1,-1,-1,-1,-1,-0.959,0.906,0.887,-0.922,-1,-1,-1,-1,-1,-1,-1,-1,-1,-1,-1,-1,-0.968,0.89,0.904,-0.963,-1,-1,-1,-1,-1,-1,-1,-1,-1,-1,-1,-1,-0.977,0.872,1,-0.766,-1,-1,-1,-1,-1,-1,-1,-1,-1,-1,-1,-1,-0.934,0.937,0.984,-0.858,-1,-1,-1,-1,-1,-1,-1,-1,-1,-1,-1,-1,-0.869,0.979,0.946,-0.927,-1,-1,-1,-1,-1,-1,-1,-1,-1,-1,-1,-1,-0.887,0.971,0.957,-0.912,-1,-1,-1,-1,-1,-1,-1,-1,-1,-1,-1,-1,-0.705,0.996,0.901,-0.963,-1,-1,-1,-1,-1,-1,-1,-1,-1,-1,-1,-1,-0.668,1,0.743,-0.996,-1,-1,-1,-1,-1,-1,-1,-1,-1,-1,-1,-1,-0.661,1,0.802,-0.995,-1,-1,-1,-1,-1,-1,-1,-1,-1,-1,-1,-1,-0.687,1,0.863,-0.981,-1,-1,-1,-1,-1,-1,-1,-1,-1,-1,-1,-1,-0.779,0.999,0.994,-0.819,-1,-1,-1,-1,-1,-1,-1,-1,-1,-1,-1,-1,-0.802,0.996,0.997,-0.796,-1,-1,-1,-1,-1,-1,-1,-1,-1,-1,-1,-1,-0.999,0.235,0.525,-0.965,-1,-1,-1,-1,-1,-1
"147",-1,-1,-1,-1,-1,0.475,1,0.345,-0.685,-1,-1,-1,-1,-1,-1,-1,-1,-1,-1,-1,-1,-0.921,-0.319,0.226,0.944,-0.067,-0.948,-1,-1,-1,-1,-1,-1,-1,-0.946,-0.689,-0.689,-0.689,-0.882,-1,-0.437,0.753,0.567,-0.617,-1,-1,-1,-1,-1,-1,-0.675,0.937,1,1,0.76,-0.52,-1,-0.869,0.545,0.882,-0.545,-1,-1,-1,-1,-1,-0.992,0.273,1,1,1,0.521,-1,-1,-0.494,1,0.724,-0.948,-1,-1,-1,-1,-0.471,1,1,1,0.648,-0.628,-1,-1,-1,0.478,1,0.025,-1,-1,-1,-1,0.081,1,1,0.333,-0.951,-1,-1,-1,-1,0.557,1,-0.037,-1,-1,-1,-1,0.002,1,1,-0.234,-1,-1,-1,-1,-0.857,0.84,1,0.042,-1,-1,-1,-1,-0.031,1,1,-0.281,-1,-1,-1,-1,-0.303,0.997,1,-0.257,-1,-1,-1,-1,-0.016,1,1,-0.043,-1,-1,-1,-0.9,0.809,1,0.93,-0.866,-1,-1,-1,-1,-0.38,1,1,0.305,-1,-1,-1,-0.112,1,1,0.51,-0.999,-1,-1,-1,-1,-0.836,0.903,1,0.629,-0.991,-1,-0.502,0.828,1,0.751,-0.677,-1,-1,-1,-1,-1,-1,0.039,1,0.886,-0.884,-0.538,0.886,1,1,-0.158,-1,-1,-1,-1,-1,-1,-1,-0.866,0.877,1,0.772,0.896,1,1,0.779,-0.9,-1,-1,-1,-1,-1,-1,-1,-1,-0.05,0.986,1,1,1,0.936,-0.574,-1,-1,-1,-1,-1,-1,-1,-1,-1,-1,-0.333,0.819,1,0.757,-0.528,-1,-1,-1,-1,-1,-1
"148",-1,-1,-1,-1,-1,-1,-1,-1,-1,-1,-0.999,0.68,-0.343,-1,-1,-1,-1,-1,-1,-1,-1,-0.874,-0.81,-1,-1,-1,-1,0.469,0.375,-1,-1,-1,-1,-1,-1,-0.413,0.416,0.792,0.864,0.481,-0.345,-0.689,-0.89,0.115,0.951,-0.858,-1,-1,-1,-1,-0.793,0.841,1,1,1,1,1,1,0.676,0.391,1,-0.19,-1,-1,-1,-1,-0.2,1,1,0.974,0.533,-0.222,0.205,-0.38,0.11,0.439,1,0.007,-1,-1,-1,-0.998,0.693,1,1,-0.295,-1,-1,-1,-1,-1,-0.749,0.991,0.535,-1,-1,-1,-0.956,0.849,1,0.771,-0.865,-1,-1,-1,-1,-1,-0.903,0.917,0.803,-0.977,-1,-1,-1,0.587,1,0.759,-0.988,-1,-1,-1,-1,-1,-0.867,0.922,0.841,-0.962,-1,-1,-0.952,0.816,1,0.856,-0.953,-1,-1,-1,-1,-1,-0.667,1,0.875,-0.942,-1,-1,-0.951,0.857,1,0.889,-0.931,-1,-1,-1,-1,-1,-0.437,1,0.905,-0.918,-1,-1,-1,0.187,1,1,-0.499,-1,-1,-1,-1,-1,0.426,1,0.774,-0.986,-1,-1,-1,-0.53,1,1,0.219,-1,-1,-1,-1,-0.514,0.993,1,-0.042,-1,-1,-1,-1,-0.991,0.348,1,0.876,-0.797,-1,-0.982,-0.292,0.817,1,0.805,-0.615,-1,-1,-1,-1,-1,-0.745,0.721,1,0.854,0.689,0.689,0.994,1,1,0.011,-1,-1,-1,-1,-1,-1,-1,-0.637,0.931,1,1,1,1,1,0.191,-0.896,-1,-1,-1,-1,-1,-1,-1,-1,-0.708,0.06,0.633,1,0.75,-0.004,-0.894,-1,-1,-1,-1
"149",-1,-1,-1,-1,-0.956,0.543,-0.111,0.209,-0.034,-0.988,-1,-1,-1,-1,-1,-1,-1,-1,-1,-0.246,0.922,1,0.428,-0.242,0.975,0.457,-0.579,-1,-1,-1,-1,-1,-1,-1,-1,0.125,1,0.999,-0.287,-1,-0.629,0.733,0.979,-0.325,-1,-1,-1,-1,-1,-1,-0.932,0.64,1,0.546,-0.976,-1,-1,-0.807,0.774,0.954,-0.617,-1,-1,-1,-1,-1,-0.47,1,1,-0.146,-1,-1,-1,-1,-0.595,0.892,0.76,-0.859,-1,-1,-1,-1,0.086,1,0.988,-0.636,-1,-1,-1,-1,-1,0.307,1,0.265,-1,-1,-1,-1,0.495,1,0.633,-0.996,-1,-1,-1,-1,-1,-0.31,1,0.852,-0.971,-1,-1,-0.99,0.641,1,0.24,-1,-1,-1,-1,-1,-1,-0.806,0.985,0.982,-0.803,-1,-1,-0.981,0.801,1,0.191,-1,-1,-1,-1,-1,-1,-0.438,1,1,-0.657,-1,-1,-0.869,0.951,1,0.142,-1,-1,-1,-1,-1,-0.988,0.692,1,0.951,-0.871,-1,-1,-0.655,1,1,0.093,-1,-1,-1,-1,-1,-0.044,0.97,1,0.297,-0.985,-1,-1,-0.989,0.797,1,0.043,-1,-1,-1,-1,-0.001,0.975,1,0.769,-0.839,-1,-1,-1,-1,0.191,1,0.672,-0.905,-1,-0.673,0.275,0.98,1,0.752,-0.591,-1,-1,-1,-1,-1,-0.918,0.878,1,0.617,0.308,0.943,1,1,0.735,-0.623,-1,-1,-1,-1,-1,-1,-1,-0.243,0.934,1,1,1,1,0.718,-0.868,-1,-1,-1,-1,-1,-1,-1,-1,-1,-0.642,0.742,1,0.79,0.271,-0.899,-1,-1,-1,-1,-1,-1
"150",-1,-1,-1,-1,-1,-1,0.132,0.293,-0.96,-1,-1,-1,-1,-1,-1,-1,-1,-1,-1,-1,-1,-1,-0.73,1,-0.147,-1,-1,-1,-1,-1,-1,-1,-1,-1,-1,-1,-1,-1,-0.606,0.999,0.596,-1,-1,-1,-1,-1,-1,-1,-1,-1,-1,-1,-1,-1,-0.848,0.932,0.896,-0.957,-1,-1,-1,-1,-1,-1,-1,-1,-1,-1,-1,-1,-0.973,0.825,0.999,-0.344,-1,-1,-1,-1,-1,-1,-1,-1,-1,-1,-1,-1,-1,0.353,1,-0.26,-1,-1,-1,-1,-1,-1,-1,-1,-1,-1,-1,-1,-1,0.121,1,-0.029,-1,-1,-1,-1,-1,-1,-1,-1,-1,-1,-1,-1,-1,0.02,1,0.211,-1,-1,-1,-1,-1,-1,-1,-1,-1,-1,-1,-1,-1,0.134,1,0.123,-1,-1,-1,-1,-1,-1,-1,-1,-1,-1,-1,-1,-0.999,0.62,1,0.103,-1,-1,-1,-1,-1,-1,-1,-1,-1,-1,-1,-1,-0.971,0.81,1,-0.418,-1,-1,-1,-1,-1,-1,-1,-1,-1,-1,-1,-1,-0.622,1,1,-0.611,-1,-1,-1,-1,-1,-1,-1,-1,-1,-1,-1,-1,-0.464,1,0.926,-0.893,-1,-1,-1,-1,-1,-1,-1,-1,-1,-1,-1,-1,-0.133,0.999,0.681,-0.997,-1,-1,-1,-1,-1,-1,-1,-1,-1,-1,-1,-1,-0.044,1,0.517,-1,-1,-1,-1,-1,-1,-1,-1,-1,-1,-1,-1,-1,-0.869,0.495,0.359,-1,-1,-1,-1,-1,-1,-1
"151",-1,-1,-1,-1,-0.649,0.807,1,0.828,-0.105,-0.916,-1,-1,-1,-1,-1,-1,-1,-1,-1,-0.527,0.932,1,1,1,1,0.795,-0.369,-1,-1,-1,-1,-1,-1,-1,-1,-0.258,1,1,0.875,0.771,0.886,0.076,0.933,0.053,-1,-1,-1,-1,-1,-1,-0.998,0.301,1,1,-0.008,-1,-0.828,-0.862,-0.292,0.992,-0.166,-1,-1,-1,-1,-1,-0.986,0.841,1,0.968,-0.665,-1,-1,-1,-0.987,0.537,0.912,-0.79,-1,-1,-1,-1,-0.86,0.915,1,0.861,-0.896,-1,-1,-1,-1,-0.248,1,-0.08,-1,-1,-1,-1,-0.471,1,1,0.531,-0.998,-1,-1,-1,-1,-0.537,0.998,0.486,-1,-1,-1,-1,-0.202,1,1,0.179,-1,-1,-1,-1,-1,-0.767,0.998,0.786,-0.933,-1,-1,-1,0.178,1,1,-0.064,-1,-1,-1,-1,-1,-0.664,1,1,-0.572,-1,-1,-0.998,0.393,1,1,-0.47,-1,-1,-1,-1,-1,-0.12,1,0.986,-0.637,-1,-1,-0.896,0.86,1,0.816,-0.752,-1,-1,-1,-1,-0.842,0.592,1,0.641,-0.999,-1,-1,-0.561,1,1,0.597,-0.991,-1,-1,-1,-0.949,0.137,1,1,-0.211,-1,-1,-1,-0.926,0.937,1,-0.083,-1,-1,-1,-0.93,0.03,0.999,1,0.69,-0.892,-1,-1,-1,-0.958,0.756,1,-0.128,-0.964,-0.803,-0.261,0.51,1,1,0.745,-0.747,-1,-1,-1,-1,-1,-0.413,0.948,0.795,0.5,0.999,1,1,0.944,0.34,-0.867,-1,-1,-1,-1,-1,-1,-1,-0.785,0.181,0.968,1,0.827,0.179,-0.746,-1,-1,-1,-1,-1,-1
"152",-1,-1,-1,-1,-1,-0.805,0.258,0.725,0.584,-0.296,-0.989,-1,-1,-1,-1,-1,-1,-1,-1,-1,-0.667,0.64,1,1,1,1,0.663,-0.657,-1,-1,-1,-1,-1,-1,-1,-0.894,0.579,1,1,0.83,-0.756,-0.328,0.823,0.802,-0.724,-1,-1,-1,-1,-1,-1,-0.068,1,1,0.982,0.205,-0.932,-1,-0.632,0.868,0.6,-0.983,-1,-1,-1,-1,-0.938,0.834,1,1,0.855,-0.985,-1,-1,-1,0.066,0.994,-0.345,-1,-1,-1,-1,-0.602,0.988,1,1,0.087,-1,-1,-1,-1,-0.441,1,0.762,-0.987,-1,-1,-1,-0.132,1,1,0.762,-0.656,-1,-1,-1,-1,-0.976,0.881,1,-0.477,-1,-1,-0.974,0.59,1,1,0.41,-1,-1,-1,-1,-1,-1,0.519,1,0.203,-1,-1,-0.604,0.969,1,0.999,-0.062,-1,-1,-1,-1,-1,-1,0.588,1,0.452,-1,-0.999,0.129,1,1,0.755,-0.911,-1,-1,-1,-1,-1,-1,0.7,1,0.795,-0.956,-0.988,0.841,1,1,0.225,-1,-1,-1,-1,-1,-1,-0.897,0.846,1,0.656,-0.981,-0.945,0.927,1,0.938,-0.445,-1,-1,-1,-1,-1,-1,-0.044,1,1,0.196,-0.994,-0.976,0.64,1,0.461,-1,-1,-1,-1,-1,-1,-0.051,0.959,1,0.985,-0.678,-1,-1,-0.388,0.977,0.681,-0.885,-1,-1,-0.923,-0.411,0.611,0.96,1,0.971,-0.144,-0.975,-1,-1,-1,-0.405,0.844,0.864,0.672,0.473,0.684,1,1,0.968,0.815,-0.419,-0.997,-1,-1,-1,-1,-1,-0.877,0,0.748,1,1,0.666,0.176,-0.403,-1,-1,-1,-1,-1
"153",-1,-1,-1,-1,-1,-1,0.162,0.719,0.339,-0.599,-1,-1,-1,-1,-1,-1,-1,-1,-1,-1,-1,-1,0.498,1,0.976,0.196,-1,-1,-1,-1,-1,-1,-1,-1,-1,-1,-1,-1,0.447,1,0.845,-0.95,-1,-1,-1,-1,-1,-1,-1,-1,-1,-1,-1,-1,0.008,1,0.991,-0.712,-1,-1,-1,-1,-1,-1,-1,-1,-1,-1,-1,-1,-0.126,1,0.999,0.133,-1,-1,-1,-1,-1,-1,-1,-1,-1,-1,-1,-1,-0.564,0.999,1,0.239,-1,-1,-1,-1,-1,-1,-1,-1,-1,-1,-1,-1,-0.896,0.975,1,0.402,-1,-1,-1,-1,-1,-1,-1,-1,-1,-1,-1,-1,-0.63,0.989,1,0.729,-1,-1,-1,-1,-1,-1,-1,-1,-1,-1,-1,-1,-0.276,1,1,0.603,-0.988,-1,-1,-1,-1,-1,-1,-1,-1,-1,-1,-1,-0.438,1,1,0.39,-1,-1,-1,-1,-1,-1,-1,-1,-1,-1,-1,-1,-0.517,1,1,0.247,-1,-1,-1,-1,-1,-1,-1,-1,-1,-1,-1,-1,0.04,1,1,0.299,-1,-1,-1,-1,-1,-1,-1,-1,-1,-1,-1,-0.988,0.641,1,1,-0.065,-1,-1,-1,-1,-1,-1,-1,-1,-1,-1,-1,-0.996,0.819,1,0.939,-0.728,-1,-1,-1,-1,-1,-1,-1,-1,-1,-1,-1,-1,0.273,1,0.564,-0.994,-1,-1,-1,-1,-1,-1,-1,-1,-1,-1,-1,-1,-0.935,0.127,0.903,-0.747,-1,-1,-1,-1,-1,-1
"154",-1,-1,-1,-1,-1,-1,-0.956,0.799,0.34,-0.991,-1,-1,-1,-1,-1,-1,-1,-1,-1,-1,-1,-1,-0.357,1,0.984,-0.002,-1,-1,-1,-1,-1,-1,-1,-1,-1,-1,-1,-1,0.017,1,-0.027,0.99,-0.644,-1,-1,-1,-1,-1,-1,-1,-1,-1,-1,-1,-0.067,0.993,-0.415,1,-0.458,-1,-1,-1,-1,-1,-1,-1,-1,-1,-1,-0.473,0.767,0.869,-0.157,1,-0.342,-1,-1,-1,-1,-1,-1,-1,-1,-1,-1,-0.894,0.977,0.702,0.279,1,-0.542,-1,-1,-1,-1,-1,-1,-1,-1,-1,-1,-1,0.58,0.905,0.873,0.803,-0.908,-1,-1,-1,-1,-1,-1,-1,-1,-1,-1,-1,0.321,1,1,0.094,-1,-1,-1,-1,-1,-1,-1,-1,-1,-1,-1,-1,-0.332,1,0.397,-0.893,-1,-1,-1,-1,-1,-1,-1,-1,-1,-1,-1,-1,-0.448,1,-0.249,-1,-1,-1,-1,-1,-1,-1,-1,-1,-1,-1,-1,-1,-0.675,0.999,0.001,-1,-1,-1,-1,-1,-1,-1,-1,-1,-1,-1,-1,-1,-0.963,0.919,0.118,-1,-1,-1,-1,-1,-1,-1,-1,-1,-1,-1,-1,-1,-0.977,0.881,0.431,-1,-1,-1,-1,-1,-1,-1,-1,-1,-1,-1,-1,-1,-0.977,0.89,0.704,-0.999,-1,-1,-1,-1,-1,-1,-1,-1,-1,-1,-1,-1,-1,0.536,0.998,0.127,-1,-1,-1,-1,-1,-1,-1,-1,-1,-1,-1,-1,-1,-0.436,0.828,0.257,-1,-1,-1,-1,-1,-1
"155",-1,-1,-1,-1,-0.967,0.822,0.251,-1,-1,-1,-1,-1,-1,-1,-1,-1,-1,-1,-1,-1,-1,0.13,1,0.823,0.095,-0.901,-1,-1,-1,-1,-1,-1,-1,-1,-1,-1,-1,-0.863,0.54,1,1,0.768,-0.095,-0.955,-1,-1,-1,-1,-1,-1,-1,-1,-1,-0.329,1,1,1,1,1,-0.233,-1,-1,-1,-1,-1,-1,-1,-1,-0.955,0.686,1,0.665,0.409,1,0.956,-0.852,-1,-1,-1,-1,-1,-1,-1,-0.992,0.114,0.998,1,0.969,-0.528,0.973,1,-0.171,-1,-1,-1,-1,-1,-1,-1,-0.834,0.949,1,1,0.463,-0.974,0.272,1,0.769,-0.95,-1,-1,-1,-1,-1,-1,-0.289,1,1,0.76,-0.926,-1,-0.695,0.977,1,-0.191,-1,-1,-1,-1,-1,-1,0.044,1,1,0.237,-1,-1,-0.988,0.743,1,0.336,-1,-1,-1,-1,-1,-1,0.641,1,1,-0.36,-1,-1,-1,0.162,1,0.4,-1,-1,-1,-1,-1,-0.908,0.881,1,0.939,-0.697,-1,-1,-0.939,0.698,1,0.858,-0.931,-1,-1,-1,-1,-0.894,0.935,1,0.761,-0.984,-1,-1,0.017,1,1,0.595,-1,-1,-1,-1,-1,-1,0.514,1,0.844,-0.44,-0.185,0.343,1,1,1,0.461,-1,-1,-1,-1,-1,-1,-0.079,1,1,1,1,1,1,1,0.704,-0.634,-1,-1,-1,-1,-1,-1,-0.735,0.599,1,1,1,1,1,0.788,-0.703,-1,-1,-1,-1,-1,-1,-1,-1,-0.952,-0.042,0.488,1,0.387,0.272,-0.684,-1,-1,-1,-1,-1
"156",-1,-1,-1,-1,-0.679,0.852,-0.264,-0.641,0.032,-0.841,-1,-1,-1,-1,-1,-1,-1,-1,-1,-1,-0.484,1,1,1,1,0.776,-0.815,-1,-1,-1,-1,-1,-1,-1,-1,-1,-0.955,0.82,1,1,1,1,-0.199,-1,-1,-1,-1,-1,-1,-1,-1,-1,-0.334,1,1,1,1,1,0.093,-0.999,-1,-1,-1,-1,-1,-1,-1,-0.86,0.77,1,1,1,1,1,1,-0.183,-1,-1,-1,-1,-1,-1,-1,0.174,1,1,1,0.186,-0.333,0.749,1,0.902,-0.698,-1,-1,-1,-1,-1,-0.982,0.662,1,1,0.729,-0.899,-1,-0.006,1,1,0.57,-1,-1,-1,-1,-1,-0.308,1,1,0.971,-0.447,-1,-1,-0.748,0.987,1,0.998,-0.673,-1,-1,-1,-1,-0.096,1,1,0.891,-0.895,-1,-1,-1,0.483,1,1,0.081,-1,-1,-1,-1,0.579,1,1,0.321,-1,-1,-1,-1,-0.146,1,1,0.806,-0.97,-1,-1,-0.972,0.784,1,1,0.088,-1,-1,-1,-0.939,0.616,1,1,0.887,-0.906,-1,-1,-0.89,0.915,1,1,-0.124,-1,-1,-0.852,-0.039,1,1,1,0.251,-0.986,-1,-1,-1,0.332,1,1,0.372,-0.436,-0.166,0.781,1,1,1,1,-0.411,-1,-1,-1,-1,-0.434,0.969,1,1,1,1,1,1,1,0.43,-0.338,-0.945,-1,-1,-1,-1,-1,-0.163,0.975,1,1,1,1,1,0.559,-0.876,-1,-1,-1,-1,-1,-1,-1,-1,-0.405,0.82,1,1,0.254,-0.504,-0.897,-1,-1,-1,-1,-1
"157",-1,-1,-1,-1,-1,0.079,1,0.244,-0.818,-1,-1,-1,-1,-1,-1,-1,-1,-1,-1,-1,-1,-0.063,1,1,0.454,-0.83,-1,-1,-1,-1,-1,-1,-1,-1,-1,-1,-1,-0.984,0.577,1,1,0.172,-1,-1,-1,-1,-1,-1,-1,-1,-1,-1,-1,-0.152,0.963,1,1,1,-0.7,-1,-1,-1,-1,-1,-1,-1,-1,-1,-0.512,0.963,1,0.937,0.744,1,0.59,-0.874,-1,-1,-1,-1,-1,-1,-1,-0.53,0.723,1,1,-0.008,-0.909,0.672,1,0.539,-1,-1,-1,-1,-1,-1,-0.873,0.735,1,1,0.21,-0.944,-1,-0.53,0.92,0.996,-0.388,-1,-1,-1,-1,-1,0.11,1,1,0.298,-0.947,-1,-1,-1,0.205,1,0.894,-0.754,-1,-1,-1,-0.998,0.574,1,0.902,-0.684,-1,-1,-1,-1,-0.63,0.866,1,-0.123,-1,-1,-1,-0.93,0.886,1,0.172,-1,-1,-1,-1,-1,-1,0.254,1,0.511,-1,-1,-1,-0.767,0.986,1,-0.222,-1,-1,-1,-1,-1,-0.96,0.492,1,0.977,-0.831,-1,-1,-0.741,0.992,1,-0.485,-1,-1,-1,-1,-0.844,0.147,1,1,0.769,-0.857,-1,-1,-0.714,0.996,1,-0.01,-1,-1,-0.876,-0.342,0.927,1,1,1,0.054,-1,-1,-1,-0.985,0.546,1,0.833,0.447,0.447,0.955,1,1,1,0.952,0.708,-0.884,-1,-1,-1,-1,-0.783,0.797,1,1,1,1,1,0.988,0.504,-0.542,-1,-1,-1,-1,-1,-1,-1,-0.768,0.031,0.856,1,1,0.506,-0.152,-1,-1,-1,-1,-1,-1
"158",-1,-1,-1,-1,-1,-1,-0.919,0.875,-0.006,-1,-1,-1,-1,-1,-1,-1,-1,-1,-1,-1,-1,-1,-0.422,1,0.992,-0.57,-1,-1,-1,-1,-1,-1,-1,-1,-1,-1,-1,-1,-0.34,1,1,-0.409,-1,-1,-1,-1,-1,-1,-1,-1,-1,-1,-1,-1,-0.566,1,1,0,-1,-1,-1,-1,-1,-1,-1,-1,-1,-1,-1,-1,-0.325,1,1,0.043,-1,-1,-1,-1,-1,-1,-1,-1,-1,-1,-1,-1,-0.231,1,1,0.087,-1,-1,-1,-1,-1,-1,-1,-1,-1,-1,-1,-1,-0.059,1,1,-0.302,-1,-1,-1,-1,-1,-1,-1,-1,-1,-1,-1,-1,0.285,1,0.998,-0.667,-1,-1,-1,-1,-1,-1,-1,-1,-1,-1,-1,-1,0.39,1,0.999,-0.625,-1,-1,-1,-1,-1,-1,-1,-1,-1,-1,-1,-1,0.437,1,0.984,-0.771,-1,-1,-1,-1,-1,-1,-1,-1,-1,-1,-1,-1,0.473,1,0.938,-0.898,-1,-1,-1,-1,-1,-1,-1,-1,-1,-1,-1,-1,0.452,1,0.992,-0.726,-1,-1,-1,-1,-1,-1,-1,-1,-1,-1,-1,-1,0.5,1,0.993,-0.695,-1,-1,-1,-1,-1,-1,-1,-1,-1,-1,-1,-1,0.502,1,0.998,-0.633,-1,-1,-1,-1,-1,-1,-1,-1,-1,-1,-1,-1,-0.364,0.9,1,0.251,-1,-1,-1,-1,-1,-1,-1,-1,-1,-1,-1,-1,-1,-0.543,0.688,0.591,-1,-1,-1,-1,-1,-1
"159",-1,-1,-1,-1,-1,-1,-0.236,0.834,-0.163,-1,-1,-1,-1,-1,-1,-1,-1,-1,-1,-1,-1,-1,-0.929,0.816,0.951,-0.628,-1,-1,-1,-1,-1,-1,-1,-1,-1,-1,-1,-1,-0.825,0.927,1,0.428,-1,-1,-1,-1,-1,-1,-1,-1,-1,-1,-1,-1,-0.573,0.987,0.998,0.843,-0.952,-1,-1,-1,-1,-1,-1,-1,-1,-1,-1,-1,0.204,0.998,0.998,0.692,-0.939,-1,-1,-1,-1,-1,-1,-1,-1,-1,-1,-0.995,0.599,0.998,0.998,0.217,-1,-1,-1,-1,-1,-1,-1,-1,-1,-1,-1,-0.956,0.811,0.995,1,0.147,-1,-1,-1,-1,-1,-1,-1,-1,-1,-1,-1,-0.967,0.699,0.999,0.998,-0.276,-1,-1,-1,-1,-1,-1,-1,-1,-1,-1,-1,-0.802,0.935,0.998,0.996,-0.493,-1,-1,-1,-1,-1,-1,-1,-1,-1,-1,-1,-0.975,0.779,0.997,0.995,-0.368,-1,-1,-1,-1,-1,-1,-1,-1,-1,-1,-1,-0.95,0.791,0.996,0.961,-0.767,-1,-1,-1,-1,-1,-1,-1,-1,-1,-1,-1,-0.878,0.799,0.998,0.977,-0.639,-1,-1,-1,-1,-1,-1,-1,-1,-1,-1,-1,-1,0.127,0.998,0.981,-0.69,-1,-1,-1,-1,-1,-1,-1,-1,-1,-1,-1,-1,-0.269,0.997,0.955,-0.608,-1,-1,-1,-1,-1,-1,-1,-1,-1,-1,-1,-1,-0.752,0.914,0.998,0.143,-1,-1,-1,-1,-1,-1,-1,-1,-1,-1,-1,-1,-1,-0.651,0.267,0.916,-0.8,-1,-1,-1,-1,-1
"160",-1,-1,-1,-1,-1,-0.909,0.097,0.118,-0.499,-0.602,-0.932,-1,-1,-1,-1,-1,-1,-1,-1,-1,-0.891,-0.236,0.995,1,1,1,0.78,0.067,-0.887,-1,-1,-1,-1,-1,-1,-0.787,0.255,1,1,1,1,1,1,1,0.705,-0.842,-1,-1,-1,-1,-0.622,0.749,1,1,1,1,1,0.804,-0.002,0.301,1,0.879,-0.691,-1,-1,-0.531,0.882,1,1,1,1,1,1,0.962,-0.671,-1,0.217,1,0.39,-1,-0.982,0.638,1,1,1,1,1,1,0.709,-0.404,-0.921,-1,-0.409,1,0.998,-0.637,-0.786,0.94,1,1,1,1,0.917,-0.002,-0.88,-1,-1,-1,-0.713,0.996,1,0.016,0.17,1,1,1,1,0.816,-0.266,-1,-1,-1,-1,-1,-0.926,0.9,1,0.324,0.581,1,1,1,1,-0.244,-1,-1,-1,-1,-1,-1,-0.614,0.999,1,0.374,0.273,1,1,1,0.289,-0.952,-1,-1,-1,-1,-1,-1,-0.261,1,1,0.423,0.482,1,1,0.993,-0.643,-1,-1,-1,-1,-1,-1,-0.964,0.402,1,1,-0.219,-0.581,0.948,1,0.975,-0.691,-1,-1,-1,-1,-1,-0.966,-0.239,0.977,1,0.989,-0.676,-0.982,0.407,1,1,-0.435,-0.464,-0.359,-0.359,-0.359,-0.299,0.528,1,1,1,0.645,-0.946,-1,-0.887,0.245,1,0.968,0.976,1,1,1,1,1,1,1,0.396,-0.607,-1,-1,-1,-0.981,-0.385,0.679,1,1,1,1,1,0.711,0.678,-0.125,-0.914,-1,-1,-1,-1,-1,-1,-0.941,-0.602,-0.514,0.117,-0.114,-0.602,-0.901,-1,-1,-1,-1,-1
"161",-1,-1,-1,-1,-1,-1,-0.629,0.829,0.421,-0.791,-1,-1,-1,-1,-1,-1,-1,-1,-1,-1,-1,-0.985,0.067,1,0.999,0.736,-0.959,-1,-1,-1,-1,-1,-1,-1,-1,-1,-1,-0.994,0.724,0.998,0.996,0.233,-0.958,-1,-1,-1,-1,-1,-1,-1,-1,-1,-1,-1,0.381,1,0.996,-0.418,-1,-1,-1,-1,-1,-1,-1,-1,-1,-1,-1,-0.994,0.692,0.998,0.996,-0.544,-1,-1,-1,-1,-1,-1,-1,-1,-1,-1,-1,-1,0.351,0.998,0.988,-0.66,-1,-1,-1,-1,-1,-1,-1,-1,-1,-1,-1,-1,0.334,0.998,0.998,-0.466,-1,-1,-1,-1,-1,-1,-1,-1,-1,-1,-1,-0.982,0.631,0.998,0.988,-0.676,-1,-1,-1,-1,-1,-1,-1,-1,-1,-1,-1,-0.936,0.758,0.998,0.936,-0.797,-1,-1,-1,-1,-1,-1,-1,-1,-1,-1,-1,-0.976,0.829,0.998,0.869,-0.855,-1,-1,-1,-1,-1,-1,-1,-1,-1,-1,-1,-0.974,0.622,0.998,0.933,-0.904,-1,-1,-1,-1,-1,-1,-1,-1,-1,-1,-1,-0.983,0.757,0.998,0.944,-0.756,-1,-1,-1,-1,-1,-1,-1,-1,-1,-1,-1,-1,0.474,0.997,0.939,-0.876,-1,-1,-1,-1,-1,-1,-1,-1,-1,-1,-1,-1,-0.157,0.998,0.87,-0.84,-1,-1,-1,-1,-1,-1,-1,-1,-1,-1,-1,-1,-0.848,0.868,1,-0.242,-1,-1,-1,-1,-1,-1,-1,-1,-1,-1,-1,-1,-1,-0.328,0.77,0.105,-1,-1,-1,-1,-1,-1
"162",-1,-1,-1,-1,-1,-1,-1,-1,-1,-1,-1,-1,-1,-1,-1,-1,-1,-1,-1,-1,-0.932,-0.35,0.436,0.746,-0.084,-0.67,-1,-1,-1,-1,-1,-1,-1,-1,-1,-0.532,0.531,1,1,1,1,0.967,0.747,-0.009,-0.872,-1,-1,-1,-1,-1,-0.332,0.953,1,1,1,1,0.945,0.064,0.562,1,0.758,-0.549,-1,-1,-1,-0.957,0.521,1,1,1,1,1,-0.294,-1,-0.993,-0.456,0.636,0.925,-0.269,-1,-1,-0.527,0.999,1,1,1,0.575,-0.659,-0.975,-1,-1,-1,-0.677,0.774,0.898,-0.817,-1,-0.108,1,1,1,0.229,-0.79,-1,-1,-1,-1,-1,-1,0.148,1,0.196,-0.614,0.819,1,1,0.207,-0.985,-1,-1,-1,-1,-1,-1,-1,-0.3,1,0.454,0.315,1,1,0.375,-0.728,-1,-1,-1,-1,-1,-1,-1,-1,-0.083,1,0.665,0.533,1,0.677,-0.795,-1,-1,-1,-1,-1,-1,-1,-1,-0.997,0.37,1,0.209,0.536,1,0.296,-1,-1,-1,-1,-1,-1,-1,-1,-0.951,-0.012,0.97,0.976,-0.651,0.231,1,0.53,-1,-1,-1,-1,-1,-1,-0.925,-0.43,0.554,1,1,0.441,-1,-0.797,0.853,0.996,0.507,0.49,0.49,0.49,0.49,0.49,0.709,1,1,1,0.772,-0.548,-1,-1,-0.668,0.657,1,1,1,1,1,1,1,0.981,0.783,0.128,-0.812,-1,-1,-1,-1,-0.922,-0.53,0.088,0.092,0.092,0.69,0.136,-0.437,-0.569,-0.992,-1,-1,-1,-1,-1,-1,-1,-1,-1,-1,-1,-1,-1,-1,-1,-1,-1,-1,-1,-1
"163",-1,-1,-1,-1,-1,-1,-0.962,0.466,0.252,-1,-1,-1,-1,-1,-1,-1,-1,-1,-1,-1,-1,-1,-0.858,0.926,0.999,-0.671,-1,-1,-1,-1,-1,-1,-1,-1,-1,-1,-1,-1,-0.694,0.991,1,-0.374,-1,-1,-1,-1,-1,-1,-1,-1,-1,-1,-1,-1,-0.474,1,1,-0.014,-1,-1,-1,-1,-1,-1,-1,-1,-1,-1,-1,-1,-0.246,1,1,-0.011,-1,-1,-1,-1,-1,-1,-1,-1,-1,-1,-1,-1,-0.686,0.996,1,0.097,-1,-1,-1,-1,-1,-1,-1,-1,-1,-1,-1,-1,-0.796,0.976,1,-0.152,-1,-1,-1,-1,-1,-1,-1,-1,-1,-1,-1,-1,-0.919,0.865,1,-0.338,-1,-1,-1,-1,-1,-1,-1,-1,-1,-1,-1,-1,-0.472,0.962,1,-0.251,-1,-1,-1,-1,-1,-1,-1,-1,-1,-1,-1,-1,-0.113,1,1,-0.48,-1,-1,-1,-1,-1,-1,-1,-1,-1,-1,-1,-1,0.115,1,1,-0.372,-1,-1,-1,-1,-1,-1,-1,-1,-1,-1,-1,-1,0.344,1,0.984,-0.669,-1,-1,-1,-1,-1,-1,-1,-1,-1,-1,-1,-1,-0.101,1,0.907,-0.883,-1,-1,-1,-1,-1,-1,-1,-1,-1,-1,-1,-1,-0.252,1,0.974,-0.8,-1,-1,-1,-1,-1,-1,-1,-1,-1,-1,-1,-1,-0.903,0.723,1,-0.086,-1,-1,-1,-1,-1,-1,-1,-1,-1,-1,-1,-1,-1,-0.646,0.758,0.316,-1,-1,-1,-1,-1,-1
"164",-1,-1,-1,-1,-0.84,0.352,1,-0.218,-0.73,-0.73,-0.833,-1,-1,-1,-1,-1,-1,-1,-1,-0.916,0.453,1,1,1,1,1,0.792,0.036,-0.967,-1,-1,-1,-1,-1,-1,0.188,1,1,1,1,1,1,1,1,0.701,-0.582,-1,-1,-1,-1,-0.732,0.823,1,1,0.241,-0.497,-0.787,-0.081,0.253,0.887,1,0.97,-0.808,-1,-1,-1,0.531,1,1,0.801,-0.758,-1,-1,-1,-1,-0.377,0.952,1,0.729,-0.875,-1,-0.402,0.929,1,0.92,-0.528,-1,-1,-1,-1,-1,-1,-0.094,1,1,-0.553,-1,0.359,1,0.964,-0.292,-1,-1,-1,-1,-1,-1,-1,-0.571,1,1,-0.24,-0.82,0.848,1,0.535,-1,-1,-1,-1,-1,-1,-1,-1,-0.881,0.997,1,0.073,-0.303,1,1,-0.134,-1,-1,-1,-1,-1,-1,-1,-1,-0.801,0.908,1,-0.292,-0.382,1,1,-0.382,-1,-1,-1,-1,-1,-1,-1,-1,-0.224,1,0.999,-0.586,0.123,1,1,-0.069,-1,-1,-1,-1,-1,-1,-1,-0.903,0.512,1,1,-0.719,-0.773,0.929,1,0.455,-0.931,-1,-1,-1,-1,-1,-0.736,0.276,1,1,0.946,-0.633,-1,-0.155,0.993,1,0.814,-0.039,-0.215,-0.946,-0.578,-0.081,0.66,1,1,0.989,-0.139,-1,-1,-1,-0.021,0.956,1,1,1,1,1,1,1,1,1,0.106,-1,-1,-1,-1,-1,-0.254,0.656,1,1,1,1,1,1,0.701,-0.196,-0.938,-1,-1,-1,-1,-1,-1,-0.895,0.058,0.607,1,0.667,0.135,-0.49,-0.857,-1,-1,-1,-1
"165",-1,-1,-1,-1,-1,-1,-0.769,0.905,-0.073,-1,-1,-1,-1,-1,-1,-1,-1,-1,-1,-1,-1,-1,-0.602,0.991,0.995,0.209,-1,-1,-1,-1,-1,-1,-1,-1,-1,-1,-1,-1,-0.357,1,1,0.898,-0.915,-1,-1,-1,-1,-1,-1,-1,-1,-1,-1,-1,-0.503,1,1,0.755,-0.959,-1,-1,-1,-1,-1,-1,-1,-1,-1,-1,-1,-0.35,1,1,0.528,-0.985,-1,-1,-1,-1,-1,-1,-1,-1,-1,-1,-1,0.237,1,1,0.968,-0.813,-1,-1,-1,-1,-1,-1,-1,-1,-1,-1,-0.964,0.62,1,1,0.652,-0.883,-1,-1,-1,-1,-1,-1,-1,-1,-1,-1,-0.897,0.807,1,1,0.316,-1,-1,-1,-1,-1,-1,-1,-1,-1,-1,-1,-0.786,0.95,1,1,0.062,-1,-1,-1,-1,-1,-1,-1,-1,-1,-1,-1,-0.767,0.984,1,1,-0.191,-1,-1,-1,-1,-1,-1,-1,-1,-1,-1,-1,-0.969,0.607,1,1,-0.278,-1,-1,-1,-1,-1,-1,-1,-1,-1,-1,-1,-0.989,0.746,1,1,-0.198,-1,-1,-1,-1,-1,-1,-1,-1,-1,-1,-1,-1,0.112,1,1,0.081,-1,-1,-1,-1,-1,-1,-1,-1,-1,-1,-1,-1,0.299,1,1,-0.106,-1,-1,-1,-1,-1,-1,-1,-1,-1,-1,-1,-1,-0.658,0.645,1,0.64,-1,-1,-1,-1,-1,-1,-1,-1,-1,-1,-1,-1,-1,-0.532,0.774,0.999,-0.615,-1,-1,-1,-1,-1
"166",-1,-1,-1,-1,-0.804,0.061,0.74,1,0.534,-0.002,-0.795,-1,-1,-1,-1,-1,-1,-1,-1,-0.131,0.812,1,1,1,1,1,0.883,0.178,-0.872,-1,-1,-1,-1,-1,-0.921,0.715,1,1,1,1,1,1,1,1,0.566,-0.772,-1,-1,-1,-1,-0.982,0.907,1,1,0.878,-0.301,-0.946,-0.946,-0.229,1,1,0.673,-1,-1,-1,-1,-0.558,0.893,1,0.739,-0.366,-1,-1,-1,-0.967,0.356,1,0.984,-0.319,-1,-1,-1,0.588,1,1,-0.16,-1,-1,-1,-1,-1,-0.833,0.857,1,0.329,-1,-1,-0.345,0.976,1,0.77,-0.973,-1,-1,-1,-1,-1,-1,0.477,1,0.712,-1,-1,0.275,1,0.948,-0.356,-1,-1,-1,-1,-1,-1,-1,0.28,1,0.988,-0.892,-1,0.499,1,0.949,-0.955,-1,-1,-1,-1,-1,-1,-1,0.574,1,0.73,-0.929,-0.981,0.704,1,0.566,-0.984,-1,-1,-1,-1,-1,-1,-0.899,0.931,1,0.203,-1,-0.842,0.837,1,0.886,-0.99,-1,-1,-1,-1,-1,-1,-0.299,1,1,-0.021,-1,-1,-0.09,1,1,-0.721,-1,-1,-1,-1,-1,-0.799,0.753,1,1,-0.245,-1,-1,-0.483,0.986,1,0.604,-0.359,-0.946,-0.946,-0.946,-0.13,0.842,1,1,0.718,-0.959,-1,-1,-1,-0.278,0.901,1,1,1,1,1,1,1,1,0.801,-0.388,-1,-1,-1,-1,-1,-0.516,0.792,1,1,1,1,1,1,0.565,-0.713,-1,-1,-1,-1,-1,-1,-1,-0.731,0.285,1,1,1,0.382,-0.298,-0.916,-1,-1,-1,-1
"167",-1,-1,-1,-1,-1,-1,-0.861,0.802,0.622,-0.75,-1,-1,-1,-1,-1,-1,-1,-1,-1,-1,-1,-1,-0.55,1,1,0.035,-1,-1,-1,-1,-1,-1,-1,-1,-1,-1,-1,-1,-0.996,0.701,1,0.128,-1,-1,-1,-1,-1,-1,-1,-1,-1,-1,-1,-1,-0.807,0.812,1,0.611,-1,-1,-1,-1,-1,-1,-1,-1,-1,-1,-1,-1,-0.147,1,1,0.852,-0.887,-1,-1,-1,-1,-1,-1,-1,-1,-1,-1,-1,0.153,1,1,0.696,-0.979,-1,-1,-1,-1,-1,-1,-1,-1,-1,-1,-1,0.426,1,1,0.833,-0.946,-1,-1,-1,-1,-1,-1,-1,-1,-1,-1,-0.979,0.653,1,1,0.222,-1,-1,-1,-1,-1,-1,-1,-1,-1,-1,-1,-0.908,0.829,1,1,-0.025,-1,-1,-1,-1,-1,-1,-1,-1,-1,-1,-1,-0.979,0.782,1,1,-0.273,-1,-1,-1,-1,-1,-1,-1,-1,-1,-1,-1,-1,0.502,1,1,-0.52,-1,-1,-1,-1,-1,-1,-1,-1,-1,-1,-1,-1,0.227,1,1,-0.35,-1,-1,-1,-1,-1,-1,-1,-1,-1,-1,-1,-1,-0.335,1,1,-0.179,-1,-1,-1,-1,-1,-1,-1,-1,-1,-1,-1,-1,-0.349,1,1,-0.166,-1,-1,-1,-1,-1,-1,-1,-1,-1,-1,-1,-1,-0.948,0.854,1,0.58,-1,-1,-1,-1,-1,-1,-1,-1,-1,-1,-1,-1,-1,-0.696,0.602,0.821,-0.915,-1,-1,-1,-1,-1
"168",-1,-1,-1,-1,-1,-1,-0.959,0.759,-0.429,-1,-1,-1,-1,-1,-1,-1,-1,-1,-1,-1,-1,-1,-0.535,1,0.635,-1,-1,-1,-1,-1,-1,-1,-1,-1,-1,-1,-1,-1,-0.519,1,0.408,-1,-1,-1,-1,-1,-1,-1,-1,-1,-1,-1,-1,-1,-0.291,1,0.492,-1,-1,-1,-1,-1,-1,-1,-1,-1,-1,-1,-1,-1,-0.33,1,0.605,-1,-1,-1,-1,-1,-1,-1,-1,-1,-1,-1,-1,-1,-0.195,1,-0.009,-1,-1,-1,-1,-1,-1,-1,-1,-1,-1,-1,-1,-1,0.272,1,-0.062,-1,-1,-1,-1,-1,-1,-1,-1,-1,-1,-1,-1,-1,0.445,1,-0.253,-1,-1,-1,-1,-1,-1,-1,-1,-1,-1,-1,-1,-0.896,0.955,1,-0.573,-1,-1,-1,-1,-1,-1,-1,-1,-1,-1,-1,-1,-0.622,1,0.941,-0.834,-1,-1,-1,-1,-1,-1,-1,-1,-1,-1,-1,-1,-0.679,1,0.986,-0.968,-1,-1,-1,-1,-1,-1,-1,-1,-1,-1,-1,-1,-0.856,1,1,-0.805,-1,-1,-1,-1,-1,-1,-1,-1,-1,-1,-1,-1,-0.991,0.959,1,-0.628,-1,-1,-1,-1,-1,-1,-1,-1,-1,-1,-1,-1,-1,0.791,1,-0.128,-0.163,-0.929,-1,-1,-1,-1,-1,-1,-1,-1,-1,-1,-0.923,0.877,1,1,0.959,-0.677,-1,-1,-1,-1,-1,-1,-1,-1,-1,-1,-0.99,0.087,1,0.718,-0.429,-1,-1,-1,-1,-1,-1
"169",-1,-1,-1,-1,-1,-1,-0.526,0.777,-0.586,-1,-1,-1,-1,-1,-1,-1,-1,-1,-1,-1,-1,-0.409,0.933,1,0.844,0.333,0.333,-0.259,-1,-1,-1,-1,-1,-1,-1,-1,-0.292,0.992,1,1,1,1,1,1,-0.367,-1,-1,-1,-1,-1,-1,-0.124,1,1,1,1,1,1,1,1,0.95,-0.715,-1,-1,-1,-1,-0.615,1,1,1,1,0.502,-0.886,-0.891,-0.205,0.926,1,-0.052,-1,-1,-1,-1,0.005,1,1,1,0.607,-0.945,-1,-1,-1,0.45,1,0.217,-1,-1,-1,-1,0.403,1,1,0.934,-0.781,-1,-1,-1,-1,-0.041,1,0.263,-1,-1,-1,-1,0.579,1,1,0.31,-1,-1,-1,-1,-1,-0.532,1,0.754,-1,-1,-1,-1,0.754,1,1,0.357,-1,-1,-1,-1,-1,-0.579,1,0.579,-1,-1,-1,-1,0.263,1,1,0.181,-1,-1,-1,-1,-1,-0.403,1,0.403,-1,-1,-1,-1,0.439,1,1,-0.439,-1,-1,-1,-1,-0.945,0.607,1,0.227,-1,-1,-1,-1,-0.497,1,1,0.274,-1,-1,-1,-1,-0.496,1,1,-0.393,-1,-1,-1,-1,-1,0.568,1,1,-0.124,-1,-1,-0.453,0.911,1,0.675,-0.911,-1,-1,-1,-1,-1,-0.8,0.989,1,1,0.809,0.334,0.969,1,1,0.144,-1,-1,-1,-1,-1,-1,-1,-0.259,0.844,1,1,1,1,1,0.191,-1,-1,-1,-1,-1,-1,-1,-1,-1,-0.692,-0.006,0.681,1,0.874,-0.081,-1,-1,-1,-1,-1
"170",-1,-1,-1,-1,-1,-1,-0.737,0.009,1,0.947,0.304,-0.775,-1,-1,-1,-1,-1,-1,-1,-1,-1,-0.313,0.974,1,1,1,1,0.789,-0.645,-1,-1,-1,-1,-1,-1,-1,-0.672,0.953,1,0.898,0.082,0.116,0.702,1,0.783,-0.855,-1,-1,-1,-1,-1,-0.043,0.902,1,0.947,-0.404,-1,-1,-0.887,0.637,1,0.059,-1,-1,-1,-1,-0.231,0.971,1,1,0.14,-1,-1,-1,-1,-0.506,0.95,0.779,-0.849,-1,-1,-0.557,0.946,1,1,1,-0.611,-1,-1,-1,-1,-1,0.66,1,-0.575,-1,-1,0.156,1,1,1,0.817,-0.89,-1,-1,-1,-1,-1,0.094,1,-0.371,-1,-1,0.038,1,1,1,0.959,-0.451,-1,-1,-1,-1,-1,0.15,1,-0.166,-1,-1,-0.166,1,0.989,0.677,1,0.458,-0.978,-1,-1,-1,-1,0.047,1,0.038,-1,-1,-0.371,1,1,-0.035,0.717,1,0.283,-0.425,-1,-1,-1,-0.071,1,0.156,-1,-1,-0.611,0.963,1,0.703,-0.929,0.026,0.94,0.952,-0.616,-1,-1,0.623,1,-0.234,-1,-1,-1,0.481,1,0.922,-0.725,-1,-0.671,-0.534,-0.999,-1,-0.306,0.97,0.975,-0.583,-1,-1,-1,-0.586,0.921,1,0.672,-0.522,-0.981,-1,-1,-0.467,0.926,1,0.538,-1,-1,-1,-1,-1,-0.418,0.984,1,1,0.538,-0.086,0.285,0.874,1,0.974,-0.419,-1,-1,-1,-1,-1,-1,-0.469,0.773,1,1,1,1,1,0.813,-0.53,-1,-1,-1,-1,-1,-1,-1,-1,-0.788,0.058,0.933,1,1,0.299,-0.709,-1,-1,-1,-1
"171",-1,-1,-1,-1,-1,-0.917,-0.403,0.795,0.279,0.272,0.272,0.022,-0.786,-1,-1,-1,-1,-1,-0.83,0.589,0.386,0.483,1,1,1,1,1,1,0.723,-0.708,-1,-1,-1,-0.915,0.59,1,1,1,1,0.819,0.818,0.818,0.95,1,1,0.749,-0.689,-1,-1,-0.329,1,1,1,0.955,0.022,-0.995,-1,-1,-0.608,-0.269,0.913,1,0.555,-0.979,-0.84,0.838,1,1,1,-0.006,-1,-1,-1,-1,-1,-1,-0.472,1,1,-0.9,-0.138,1,1,1,0.687,-0.955,-1,-1,-1,-1,-1,-1,-0.798,1,1,-0.706,-0.133,1,1,1,0.133,-1,-1,-1,-1,-1,-1,-1,-0.97,0.515,1,-0.38,-0.195,1,1,1,0.459,-1,-1,-1,-1,-1,-1,-1,-0.949,0.829,1,-0.715,-0.256,1,1,1,1,-0.289,-1,-1,-1,-1,-1,-1,-0.981,0.998,1,-0.654,-0.318,1,1,0.668,-0.091,-0.921,-1,-1,-1,-1,-1,-1,-0.88,0.968,0.947,-0.671,-0.883,0.842,1,0.951,-0.63,-1,-1,-1,-1,-1,-1,-1,-0.048,1,0.742,-1,-1,-0.16,1,1,0.441,-1,-1,-1,-1,-1,-1,-0.731,0.812,1,0.539,-1,-1,-0.878,0.731,1,1,-0.029,-0.882,-1,-1,-1,-0.204,1,1,1,-0.589,-1,-1,-1,-0.002,1,1,1,0.827,0.091,0.255,0.818,0.96,1,1,0.242,-0.96,-1,-1,-1,-0.993,0.031,0.916,1,1,1,1,1,1,0.886,0.283,-0.941,-1,-1,-1,-1,-1,-1,-0.595,0.313,1,1,1,0.646,-0.455,-0.794,-1,-1,-1,-1
"172",-1,-1,-1,-1,-1,-1,-0.855,0.71,-0.058,-1,-1,-1,-1,-1,-1,-1,-1,-1,-1,-1,-1,-1,-0.457,1,0.989,-0.904,-1,-1,-1,-1,-1,-1,-1,-1,-1,-1,-1,-1,-0.785,1,1,-0.57,-1,-1,-1,-1,-1,-1,-1,-1,-1,-1,-1,-1,-0.888,0.959,1,-0.559,-1,-1,-1,-1,-1,-1,-1,-1,-1,-1,-1,-1,-0.933,0.976,1,-0.398,-1,-1,-1,-1,-1,-1,-1,-1,-1,-1,-1,-1,-0.884,0.915,1,-0.353,-1,-1,-1,-1,-1,-1,-1,-1,-1,-1,-1,-1,-0.331,1,1,-0.508,-1,-1,-1,-1,-1,-1,-1,-1,-1,-1,-1,-1,-0.706,0.998,1,-0.53,-1,-1,-1,-1,-1,-1,-1,-1,-1,-1,-1,-1,-0.786,1,1,-0.685,-1,-1,-1,-1,-1,-1,-1,-1,-1,-1,-1,-1,-0.531,1,1,-0.74,-1,-1,-1,-1,-1,-1,-1,-1,-1,-1,-1,-1,-0.443,1,0.994,-0.873,-1,-1,-1,-1,-1,-1,-1,-1,-1,-1,-1,-1,-0.72,1,1,-0.634,-1,-1,-1,-1,-1,-1,-1,-1,-1,-1,-1,-1,-0.565,1,1,-0.74,-1,-1,-1,-1,-1,-1,-1,-1,-1,-1,-1,-1,-0.444,1,1,-0.429,-1,-1,-1,-1,-1,-1,-1,-1,-1,-1,-1,-1,-0.788,1,1,-0.584,-1,-1,-1,-1,-1,-1,-1,-1,-1,-1,-1,-1,-0.998,0.466,0.3,-0.971,-1,-1,-1,-1,-1,-1
"173",-1,-1,-1,-1,-1,-1,-0.37,1,-0.528,-1,-1,-1,-1,-1,-1,-1,-1,-1,-1,-1,-1,-1,-0.276,1,0.195,-1,-1,-1,-1,-1,-1,-1,-1,-1,-1,-1,-1,-1,-0.918,1,0.754,-1,-1,-1,-1,-1,-1,-1,-1,-1,-1,-1,-1,-1,-0.984,0.996,0.984,-0.996,-1,-1,-1,-1,-1,-1,-1,-1,-1,-1,-1,-1,-1,0.943,1,-0.535,-1,-1,-1,-1,-1,-1,-1,-1,-1,-1,-1,-1,-1,0.873,1,-0.301,-1,-1,-1,-1,-1,-1,-1,-1,-1,-1,-1,-1,-1,0.803,1,-0.232,-1,-1,-1,-1,-1,-1,-1,-1,-1,-1,-1,-1,-1,0.733,1,-0.162,-1,-1,-1,-1,-1,-1,-1,-1,-1,-1,-1,-1,-1,0.663,1,-0.092,-1,-1,-1,-1,-1,-1,-1,-1,-1,-1,-1,-1,-1,0.593,1,-0.348,-1,-1,-1,-1,-1,-1,-1,-1,-1,-1,-1,-1,-1,0.523,1,-0.523,-1,-1,-1,-1,-1,-1,-1,-1,-1,-1,-1,-1,-0.994,0.774,0.982,-0.926,-1,-1,-1,-1,-1,-1,-1,-1,-1,-1,-1,-1,-0.929,0.966,1,-0.955,-1,-1,-1,-1,-1,-1,-1,-1,-1,-1,-1,-1,-0.543,1,0.748,-0.959,-1,-1,-1,-1,-1,-1,-1,-1,-1,-1,-1,-1,-0.205,1,0.532,-1,-1,-1,-1,-1,-1,-1,-1,-1,-1,-1,-1,-1,-0.522,0.918,-0.376,-1,-1,-1,-1,-1,-1,-1
"174",-1,-1,-1,-1,-1,-1,-0.68,-0.529,0.653,0.158,-0.951,-1,-1,-1,-1,-1,-1,-1,-1,-1,-1,-0.702,0.836,0.913,1,1,-0.447,-1,-1,-1,-1,-1,-1,-1,-1,-1,-0.93,0.609,1,0.979,0.986,1,0.609,-0.987,-1,-1,-1,-1,-1,-1,-1,-1,-0.622,0.997,1,-0.166,-0.015,1,1,-0.239,-1,-1,-1,-1,-1,-1,-1,-0.954,0.371,1,0.946,-0.756,-0.928,0.965,1,0.552,-0.982,-1,-1,-1,-1,-1,-1,-0.056,1,1,0.564,-1,-1,0.314,1,1,-0.672,-1,-1,-1,-1,-1,-1,0.622,1,1,-0.392,-1,-1,-0.53,1,0.993,-0.755,-1,-1,-1,-1,-1,-0.994,0.586,1,0.986,-0.624,-1,-1,-0.916,0.973,1,-0.454,-1,-1,-1,-1,-1,-0.976,0.814,1,0.971,-0.855,-1,-1,-1,0.646,1,0.563,-1,-1,-1,-1,-1,-0.873,0.991,1,0.833,-0.998,-1,-1,-1,0.477,1,0.935,-0.961,-1,-1,-1,-1,-1,0.706,1,0.93,-0.839,-1,-1,-0.969,0.692,1,0.842,-0.888,-1,-1,-1,-1,-1,0.295,1,0.897,-0.982,-1,-1,-0.669,0.984,1,0.702,-0.994,-1,-1,-1,-1,-1,-0.117,1,1,-0.414,-1,-0.447,0.756,1,1,0.184,-1,-1,-1,-1,-1,-1,-0.601,0.9,1,0.983,0.954,0.977,1,1,0.816,-0.777,-1,-1,-1,-1,-1,-1,-1,-0.093,0.959,1,1,1,1,0.944,-0.467,-1,-1,-1,-1,-1,-1,-1,-1,-1,-0.34,0.648,1,1,0.313,-0.505,-1,-1,-1,-1,-1
"175",-1,-1,-1,-1,-1,-1,-0.149,1,-0.296,-1,-1,-1,-1,-1,-1,-1,-1,-1,-1,-1,-1,-1,-0.721,1,0.893,-0.727,-1,-1,-1,-1,-1,-1,-1,-1,-1,-1,-1,-1,-0.85,1,0.628,-1,-1,-1,-1,-1,-1,-1,-1,-1,-1,-1,-1,-1,-0.534,1,1,-0.355,-1,-1,-1,-1,-1,-1,-1,-1,-1,-1,-1,-1,-0.613,0.95,1,-0.226,-1,-1,-1,-1,-1,-1,-1,-1,-1,-1,-1,-1,-0.727,0.936,1,-0.098,-1,-1,-1,-1,-1,-1,-1,-1,-1,-1,-1,-1,-0.698,1,1,0.031,-1,-1,-1,-1,-1,-1,-1,-1,-1,-1,-1,-1,-0.826,1,1,-0.507,-1,-1,-1,-1,-1,-1,-1,-1,-1,-1,-1,-1,-0.288,1,1,-0.379,-1,-1,-1,-1,-1,-1,-1,-1,-1,-1,-1,-1,-0.416,1,1,-0.25,-1,-1,-1,-1,-1,-1,-1,-1,-1,-1,-1,-1,-0.545,1,1,-0.122,-1,-1,-1,-1,-1,-1,-1,-1,-1,-1,-1,-1,-0.229,1,1,-0.66,-1,-1,-1,-1,-1,-1,-1,-1,-1,-1,-1,-1,-0.135,1,1,-0.531,-1,-1,-1,-1,-1,-1,-1,-1,-1,-1,-1,-1,-0.264,1,1,-0.403,-1,-1,-1,-1,-1,-1,-1,-1,-1,-1,-1,-1,-0.392,1,1,-0.719,-1,-1,-1,-1,-1,-1,-1,-1,-1,-1,-1,-1,-0.666,0.923,0.472,-0.952,-1,-1,-1,-1,-1,-1
"176",-1,-1,-1,-1,-1,-1,-0.671,0.788,-0.608,-1,-1,-1,-1,-1,-1,-1,-1,-1,-1,-1,-1,-1,-0.183,1,0.327,-1,-1,-1,-1,-1,-1,-1,-1,-1,-1,-1,-1,-1,-0.587,0.998,0.37,-1,-1,-1,-1,-1,-1,-1,-1,-1,-1,-1,-1,-1,-0.805,0.992,0.655,-1,-1,-1,-1,-1,-1,-1,-1,-1,-1,-1,-1,-1,-0.747,0.981,0.97,-0.698,-1,-1,-1,-1,-1,-1,-1,-1,-1,-1,-1,-1,-0.748,1,1,-0.382,-1,-1,-1,-1,-1,-1,-1,-1,-1,-1,-1,-1,-0.852,0.97,1,-0.491,-1,-1,-1,-1,-1,-1,-1,-1,-1,-1,-1,-1,-0.683,1,1,-0.206,-1,-1,-1,-1,-1,-1,-1,-1,-1,-1,-1,-1,-0.943,0.956,1,-0.144,-1,-1,-1,-1,-1,-1,-1,-1,-1,-1,-1,-1,-0.996,0.725,1,0.141,-1,-1,-1,-1,-1,-1,-1,-1,-1,-1,-1,-1,-0.895,0.974,1,-0.21,-1,-1,-1,-1,-1,-1,-1,-1,-1,-1,-1,-1,-0.541,1,1,-0.59,-1,-1,-1,-1,-1,-1,-1,-1,-1,-1,-1,-1,-0.16,1,0.955,-0.925,-1,-1,-1,-1,-1,-1,-1,-1,-1,-1,-1,-1,-0.082,1,0.967,-0.773,-1,-1,-1,-1,-1,-1,-1,-1,-1,-1,-1,-1,-0.095,1,0.925,-0.961,-1,-1,-1,-1,-1,-1,-1,-1,-1,-1,-1,-1,0.044,1,0.341,-1,-1,-1,-1,-1,-1,-1
"177",-1,-1,-1,-1,-0.073,-0.021,0.799,0.365,-0.741,-1,-1,-1,-1,-1,-1,-1,-1,-1,-1,-0.565,0.956,1,1,1,0.886,0.489,-0.895,-1,-1,-1,-1,-1,-1,-1,-0.934,0.628,0.991,-0.005,-0.279,0.653,0.993,1,0.71,-0.499,-1,-1,-1,-1,-1,-1,0.065,1,0.123,-1,-1,-1,-0.33,0.849,1,0.91,-0.471,-1,-1,-1,-1,-0.824,0.81,0.901,-0.821,-1,-1,-1,-1,-0.865,0.445,1,0.926,-0.483,-1,-1,-1,-0.646,1,0.402,-1,-1,-1,-1,-1,-1,-0.903,0.428,1,0.893,-0.776,-1,-1,0.05,1,-0.087,-1,-1,-1,-1,-1,-1,-1,-0.929,0.641,1,0.498,-1,-1,0.452,0.99,-0.444,-1,-1,-1,-1,-1,-1,-1,-1,0.041,1,0.753,-1,-1,0.768,0.953,-1,-1,-1,-1,-1,-1,-1,-1,-1,0.304,1,0.766,-1,-1,0.755,0.966,-1,-1,-1,-1,-1,-1,-1,-1,-0.638,0.829,1,0.537,-1,-1,0.741,0.99,-0.422,-1,-1,-1,-1,-1,-1,-0.919,0.412,1,0.909,-0.449,-1,-1,0.105,1,0.721,-0.824,-1,-1,-1,-1,-1,0.072,1,1,-0.119,-1,-1,-1,-0.566,1,1,0.613,-0.574,-1,-1,-1,-0.31,0.961,1,0.276,-0.974,-1,-1,-1,-0.995,-0.136,0.994,1,0.982,0.752,0.21,0.792,0.985,1,0.755,-0.755,-1,-1,-1,-1,-1,-1,-0.092,0.882,1,1,1,1,1,0.749,-0.691,-1,-1,-1,-1,-1,-1,-1,-1,-0.749,0.066,0.255,0.912,0.707,0.047,-0.764,-1,-1,-1,-1,-1
"178",-1,-1,-1,-1,-0.835,0.672,0.686,-0.844,-1,-1,-1,-1,-1,-1,-1,-1,-1,-1,-1,-1,0.157,1,1,0.263,-0.2,-0.381,-1,-1,-1,-1,-1,-1,-1,-1,-1,-0.544,0.868,0.738,0.28,0.862,1,1,0.617,-0.862,-1,-1,-1,-1,-1,-1,-0.944,0.589,0.944,-0.589,-1,-0.531,0.576,1,1,0.531,-0.896,-1,-1,-1,-1,-1,-0.349,1,0.349,-1,-1,-1,-1,-0.457,0.709,1,0.508,-1,-1,-1,-1,-1,0.651,1,-0.011,-1,-1,-1,-1,-1,-0.308,1,0.963,-0.214,-1,-1,-1,-0.599,0.937,1,-0.858,-1,-1,-1,-1,-1,-0.903,0.521,1,0.742,-0.921,-1,-1,-0.302,1,0.437,-0.975,-1,-1,-1,-1,-1,-1,-0.301,1,1,-0.259,-1,-1,-0.255,1,0.255,-1,-1,-1,-1,-1,-1,-1,-0.708,0.973,1,-0.146,-1,-1,-0.215,1,0.215,-1,-1,-1,-1,-1,-1,-1,-0.367,0.992,1,-0.186,-1,-1,-0.168,1,0.328,-1,-1,-1,-1,-1,-1,-0.909,0.381,1,0.975,-0.687,-1,-1,-0.128,1,0.963,-0.715,-1,-1,-1,-1,-1,-0.208,1,1,0.607,-1,-1,-1,-0.59,0.869,1,0.798,-0.488,-0.869,-0.811,-0.6,0.131,1,1,0.682,-0.882,-1,-1,-1,-1,0.039,1,1,1,0.733,0.787,1,1,1,0.93,-0.45,-1,-1,-1,-1,-1,-1,0.119,0.886,1,1,1,1,1,0.714,-0.52,-1,-1,-1,-1,-1,-1,-1,-1,-0.459,0.2,0.464,1,0.415,-0.218,-0.884,-1,-1,-1,-1,-1
"179",-1,-1,-1,-1,-1,-0.942,0.597,0.329,-0.574,-1,-1,-1,-1,-1,-1,-1,-1,-1,-1,-1,-1,-0.803,0.958,1,0.921,-0.295,-1,-1,-1,-1,-1,-1,-1,-1,-1,-1,-1,-0.94,0.84,1,1,0.927,-0.495,-1,-1,-1,-1,-1,-1,-1,-1,-1,-1,-1,0.246,1,1,1,0.175,-1,-1,-1,-1,-1,-1,-1,-1,-1,-1,-1,0.389,1,1,1,0.031,-1,-1,-1,-1,-1,-1,-1,-1,-1,-1,-1,0.533,1,1,1,-0.112,-1,-1,-1,-1,-1,-1,-1,-1,-1,-1,-0.994,0.671,1,1,1,0.098,-1,-1,-1,-1,-1,-1,-1,-1,-1,-1,-0.966,0.787,1,1,1,-0.045,-1,-1,-1,-1,-1,-1,-1,-1,-1,-1,-0.999,0.609,1,1,1,0.165,-1,-1,-1,-1,-1,-1,-1,-1,-1,-1,-1,0.399,1,1,1,0.288,-1,-1,-1,-1,-1,-1,-1,-1,-1,-1,-0.873,0.86,1,1,0.999,-0.077,-1,-1,-1,-1,-1,-1,-1,-1,-1,-1,0.371,1,1,1,0.981,-0.735,-1,-1,-1,-1,-1,-1,-1,-1,-1,-1,-0.15,1,1,1,0.939,-0.836,-1,-1,-1,-1,-1,-1,-1,-1,-1,-1,-0.887,0.905,1,1,0.872,-0.913,-1,-1,-1,-1,-1,-1,-1,-1,-1,-1,-1,0.187,1,1,0.781,-0.966,-1,-1,-1,-1,-1,-1,-1,-1,-1,-1,-1,-0.889,0.181,0.685,-0.084,-0.994,-1,-1,-1,-1,-1
"180",-1,-1,-1,-1,-0.538,0.667,0.712,0.157,-0.281,-0.736,-1,-1,-1,-1,-1,-1,-1,-1,-1,-1,0.161,1,1,1,1,0.95,0.355,-0.747,-1,-1,-1,-1,-1,-1,-1,-0.95,0.832,1,1,1,1,1,1,0.23,-1,-1,-1,-1,-1,-1,-1,-0.174,1,1,1,1,1,1,1,0.881,-0.466,-1,-1,-1,-1,-1,-1,0.149,1,1,1,0.808,-0.198,-0.225,1,1,0.377,-1,-1,-1,-1,-1,-0.893,0.719,1,1,0.967,-0.372,-1,-0.991,0.058,1,0.933,-0.903,-1,-1,-1,-1,-0.408,1,1,1,0.942,-0.891,-1,-1,-0.408,1,1,-0.318,-1,-1,-1,-1,-0.44,1,1,1,0.994,-0.645,-1,-1,-0.44,1,1,0.335,-1,-1,-1,-1,0.237,1,1,1,0.992,-0.611,-1,-1,0.237,1,1,0.499,-1,-1,-1,-1,0.559,1,1,1,0.907,-0.849,-1,-0.874,0.699,1,1,-0.089,-1,-1,-1,-1,-0.624,0.999,1,1,0.718,-0.982,-0.99,0.158,1,1,0.965,-0.643,-1,-1,-1,-1,-1,0.634,1,1,0.888,-0.742,0.066,0.996,1,1,0.202,-1,-1,-1,-1,-1,-1,-0.018,1,1,1,0.823,1,1,1,0.998,-0.429,-1,-1,-1,-1,-1,-1,-0.671,1,1,1,1,1,1,1,0.172,-0.989,-1,-1,-1,-1,-1,-1,-1,0.455,1,1,1,1,0.871,0.04,-0.869,-1,-1,-1,-1,-1,-1,-1,-1,-0.928,0.046,1,1,0.18,-0.74,-1,-1,-1,-1,-1,-1
"181",-1,-1,-1,-1,-1,-0.155,0.937,1,1,0.531,-0.361,-1,-1,-1,-1,-1,-1,-1,-1,-1,0.148,0.952,1,1,1,1,0.99,-0.175,-1,-1,-1,-1,-1,-1,-1,-0.268,0.977,1,1,1,1,1,1,0.648,-0.959,-1,-1,-1,-1,-1,-0.897,0.86,1,1,1,1,0.771,0.697,1,1,0.094,-1,-1,-1,-1,-1,-0.339,0.98,1,1,1,0.922,-0.616,-0.797,0.99,1,0.701,-1,-1,-1,-1,-1,0.187,1,1,1,1,0.317,-1,-1,0.143,1,1,-0.248,-1,-1,-1,-1,0.2,1,1,1,0.912,-0.583,-1,-1,-0.287,1,1,0.536,-1,-1,-1,-1,0.568,1,1,1,0.341,-1,-1,-1,0.081,1,1,0.523,-1,-1,-1,-0.994,0.575,1,1,1,0.803,-0.988,-1,-0.994,0.576,1,1,0.637,-0.994,-1,-1,-1,0.683,1,1,1,0.483,-0.948,-1,-0.9,0.849,1,1,0.629,-1,-1,-1,-1,0.076,1,1,0.997,-0.45,-1,-0.992,0.107,1,1,1,-0.492,-1,-1,-1,-1,0,1,1,0.999,-0.731,-0.974,0.058,0.994,1,1,0.906,-0.854,-1,-1,-1,-1,-0.297,1,1,1,0.713,0.582,0.996,1,1,1,0.351,-0.977,-1,-1,-1,-1,-0.98,0.278,1,1,1,1,1,1,1,0.77,-0.828,-1,-1,-1,-1,-1,-1,-0.73,0.579,1,1,1,1,1,0.972,-0.417,-1,-1,-1,-1,-1,-1,-1,-1,-0.904,-0.014,0.854,1,1,0.259,-0.115,-0.996,-1,-1,-1,-1
"182",-1,-1,-1,-1,-1,-1,-0.178,0.954,0.34,-0.862,-1,-1,-1,-1,-1,-1,-1,-1,-1,-1,-1,-0.633,0.919,1,1,0.336,-1,-1,-1,-1,-1,-1,-1,-1,-1,-1,-1,-0.703,0.993,1,1,0.955,-0.824,-1,-1,-1,-1,-1,-1,-1,-1,-1,-1,-1,0.495,1,1,1,-0.251,-1,-1,-1,-1,-1,-1,-1,-1,-1,-1,-1,0.365,1,1,0.976,-0.763,-1,-1,-1,-1,-1,-1,-1,-1,-1,-1,-0.992,0.272,1,1,0.999,-0.612,-1,-1,-1,-1,-1,-1,-1,-1,-1,-1,-0.999,0.637,1,1,0.974,-0.766,-1,-1,-1,-1,-1,-1,-1,-1,-1,-1,-1,0.552,1,1,0.91,-0.883,-1,-1,-1,-1,-1,-1,-1,-1,-1,-1,-0.952,0.817,1,1,0.971,-0.77,-1,-1,-1,-1,-1,-1,-1,-1,-1,-1,-0.87,0.915,1,1,0.905,-0.884,-1,-1,-1,-1,-1,-1,-1,-1,-1,-1,-0.706,0.976,1,1,0.801,-0.961,-1,-1,-1,-1,-1,-1,-1,-1,-1,-1,-0.283,1,1,1,0.899,-0.885,-1,-1,-1,-1,-1,-1,-1,-1,-1,-1,-0.936,0.858,1,1,0.964,-0.776,-1,-1,-1,-1,-1,-1,-1,-1,-1,-1,-1,0.571,1,1,0.206,-0.996,-1,-1,-1,-1,-1,-1,-1,-1,-1,-1,-1,0.175,1,1,0.34,-1,-1,-1,-1,-1,-1,-1,-1,-1,-1,-1,-1,-0.887,0.007,0.834,-0.542,-1,-1,-1,-1,-1,-1
"183",-1,-1,-1,-1,-1,-1,-0.783,0.747,0.527,-0.981,-1,-1,-1,-1,-1,-1,-1,-1,-1,-1,-1,-1,-0.383,1,1,-0.876,-1,-1,-1,-1,-1,-1,-1,-1,-1,-1,-1,-1,-0.453,1,0.997,-0.803,-1,-1,-1,-1,-1,-1,-1,-1,-1,-1,-1,-1,-0.718,1,1,-0.541,-1,-1,-1,-1,-1,-1,-1,-1,-1,-1,-1,-1,-0.837,0.915,1,-0.666,-1,-1,-1,-1,-1,-1,-1,-1,-1,-1,-1,-1,-0.998,0.942,1,-0.753,-1,-1,-1,-1,-1,-1,-1,-1,-1,-1,-1,-1,-0.928,1,1,-0.332,-1,-1,-1,-1,-1,-1,-1,-1,-1,-1,-1,-1,-0.803,1,1,-0.456,-1,-1,-1,-1,-1,-1,-1,-1,-1,-1,-1,-1,-0.67,1,1,-0.59,-1,-1,-1,-1,-1,-1,-1,-1,-1,-1,-1,-1,-0.545,1,1,-0.714,-1,-1,-1,-1,-1,-1,-1,-1,-1,-1,-1,-1,-0.439,1,1,-0.469,-1,-1,-1,-1,-1,-1,-1,-1,-1,-1,-1,-1,-0.88,1,1,-0.38,-1,-1,-1,-1,-1,-1,-1,-1,-1,-1,-1,-1,-0.755,1,1,-0.504,-1,-1,-1,-1,-1,-1,-1,-1,-1,-1,-1,-1,-0.624,1,1,-0.635,-1,-1,-1,-1,-1,-1,-1,-1,-1,-1,-1,-1,-0.497,1,0.922,-0.794,-1,-1,-1,-1,-1,-1,-1,-1,-1,-1,-1,-1,-0.748,0.673,-0.007,-1,-1,-1,-1,-1,-1,-1
"184",-1,-1,-1,-1,-0.798,0.716,1,0.35,-0.751,-0.988,-1,-1,-1,-1,-1,-1,-1,-1,-1,-1,0.436,1,1,1,1,0.327,-0.768,-1,-1,-1,-1,-1,-1,-1,-1,-0.969,0.857,1,0.506,0.655,1,1,0.688,-0.968,-1,-1,-1,-1,-1,-1,-1,-0.502,1,1,-0.754,-0.997,-0.224,0.951,1,0.055,-1,-1,-1,-1,-1,-1,-1,-0.224,1,0.941,-0.933,-1,-1,-0.378,1,0.903,-0.793,-1,-1,-1,-1,-1,-1,0.147,1,0.424,-1,-1,-1,-0.952,0.745,1,-0.009,-1,-1,-1,-1,-1,-1,0.665,1,-0.094,-1,-1,-1,-1,0.431,1,0.447,-1,-1,-1,-1,-1,-1,0.796,1,-0.225,-1,-1,-1,-1,-0.104,1,0.795,-1,-1,-1,-1,-1,-1,0.794,1,-0.103,-1,-1,-1,-1,-0.226,1,0.797,-1,-1,-1,-1,-1,-1,0.792,1,0.432,-1,-1,-1,-1,0.118,1,0.106,-1,-1,-1,-1,-1,-1,0.79,1,0.435,-1,-1,-1,-0.983,0.553,1,-0.504,-1,-1,-1,-1,-1,-1,0.628,1,0.437,-1,-1,-1,-0.393,1,0.861,-0.949,-1,-1,-1,-1,-1,-1,-0.041,1,0.954,-0.742,-1,-0.799,0.949,1,0.074,-1,-1,-1,-1,-1,-1,-1,-0.815,0.892,1,0.514,0.434,0.919,1,0.71,-0.967,-1,-1,-1,-1,-1,-1,-1,-1,-0.375,0.958,1,1,1,0.344,-0.759,-1,-1,-1,-1,-1,-1,-1,-1,-1,-1,-0.386,0.754,0.579,0.117,-0.987,-1,-1,-1,-1,-1,-1
"185",-1,-1,-1,-1,-1,-1,-0.601,0.635,-0.028,-1,-1,-1,-1,-1,-1,-1,-1,-1,-1,-1,-1,-0.867,0.748,1,0.177,-1,-1,-1,-1,-1,-1,-1,-1,-1,-1,-1,-1,-0.002,1,1,0.971,-0.337,-1,-1,-1,-1,-1,-1,-1,-1,-1,-1,-0.98,0.925,1,0.909,1,0.926,-0.779,-1,-1,-1,-1,-1,-1,-1,-1,-1,-0.766,1,0.955,-0.763,0.746,1,0.385,-1,-1,-1,-1,-1,-1,-1,-1,-1,-0.491,1,0.718,-1,-0.42,1,0.965,-0.715,-1,-1,-1,-1,-1,-1,-1,-1,0.191,1,0.434,-1,-0.995,0.503,1,0.106,-1,-1,-1,-1,-1,-1,-1,-1,0.677,1,-0.302,-1,-1,-0.464,1,0.691,-1,-1,-1,-1,-1,-1,-1,-0.981,0.931,1,-0.394,-1,-1,-0.95,0.916,0.925,-0.848,-1,-1,-1,-1,-1,-1,-0.785,0.994,1,-0.378,-1,-1,-0.977,0.746,0.988,-0.918,-1,-1,-1,-1,-1,-1,-0.99,0.901,1,-0.081,-1,-1,-0.999,0.835,0.787,-1,-1,-1,-1,-1,-1,-1,-0.953,0.819,1,-0.036,-1,-1,-0.382,0.993,0.376,-1,-1,-1,-1,-1,-1,-1,-1,0.096,1,0.698,-0.975,-0.646,0.765,0.976,-0.538,-1,-1,-1,-1,-1,-1,-1,-1,-0.723,0.989,0.972,-0.167,0.612,1,0.422,-1,-1,-1,-1,-1,-1,-1,-1,-1,-1,0.572,1,1,1,0.568,-0.924,-1,-1,-1,-1,-1,-1,-1,-1,-1,-1,-0.794,0.772,1,0.046,-0.91,-1,-1,-1,-1,-1,-1
"186",-1,-1,-1,-1,-1,-1,-1,-1,-1,0.016,0.824,-0.84,-1,-1,-1,-1,-1,-1,-1,-1,-1,-1,-1,-1,-1,0.297,1,-0.797,-1,-1,-1,-1,-1,-1,-1,-1,-0.872,-0.01,-0.993,-1,-1,0.452,1,-0.703,-1,-1,-1,-1,-1,-1,-1,-1,-0.017,0.892,-1,-1,-1,0.608,1,-0.608,-1,-1,-1,-1,-1,-1,-1,-1,0.514,0.736,-1,-1,-1,0.764,1,-0.764,-1,-1,-1,-1,-1,-1,-1,-0.456,1,0.456,-1,-1,-1,0.919,1,-0.919,-1,-1,-1,-1,-1,-1,-1,0.075,1,-0.2,-1,-1,-0.925,1,0.925,-0.967,-0.658,-1,-1,-1,-1,-1,-1,0.73,1,0.154,0,0,0.221,1,0.957,0.793,0.644,-1,-1,-1,-1,-1,-1,-0.201,0.587,1,1,1,1,1,0.764,0.274,-0.799,-1,-1,-1,-1,-1,-1,-1,-1,-0.879,-0.119,-0.006,0.671,1,-0.042,-1,-1,-1,-1,-1,-1,-1,-1,-1,-1,-1,-1,-1,0.697,1,-0.573,-1,-1,-1,-1,-1,-1,-1,-1,-1,-1,-1,-1,-1,0.853,1,-0.853,-1,-1,-1,-1,-1,-1,-1,-1,-1,-1,-1,-1,-0.976,0.985,0.976,-0.985,-1,-1,-1,-1,-1,-1,-1,-1,-1,-1,-1,-1,-0.836,1,0.836,-1,-1,-1,-1,-1,-1,-1,-1,-1,-1,-1,-1,-1,-0.68,1,0.305,-1,-1,-1,-1,-1,-1,-1,-1,-1,-1,-1,-1,-1,-0.999,0.841,-0.467,-1,-1,-1,-1,-1,-1
"187",-1,-1,-1,-1,-1,-1,0.489,0.179,-0.991,-1,-1,-1,-1,-1,-1,-1,-1,-1,-1,-1,-1,-0.828,0.828,0.991,-0.338,-1,-1,-1,-1,-1,-1,-1,-1,-1,-1,-1,-1,-0.992,0.751,1,0.7,-0.928,-1,-1,-1,-1,-1,-1,-1,-1,-1,-1,-1,-1,0.21,1,1,-0.285,-1,-1,-1,-1,-1,-1,-1,-1,-1,-1,-1,-1,-0.272,1,1,-0.307,-1,-1,-1,-1,-1,-1,-1,-1,-1,-1,-1,-1,-0.838,0.974,1,0.241,-1,-1,-1,-1,-1,-1,-1,-1,-1,-1,-1,-1,-0.931,0.804,1,0.831,-0.953,-1,-1,-1,-1,-1,-1,-1,-1,-1,-1,-1,-1,0.588,1,1,-0.662,-1,-1,-1,-1,-1,-1,-1,-1,-1,-1,-1,-1,0.676,1,1,-0.398,-1,-1,-1,-1,-1,-1,-1,-1,-1,-1,-1,-0.608,0.921,1,0.996,-0.768,-1,-1,-1,-1,-1,-1,-1,-1,-1,-1,-1,-0.073,1,1,0.964,-0.803,-1,-1,-1,-1,-1,-1,-1,-1,-1,-1,-1,0.432,1,1,0.437,-1,-1,-1,-1,-1,-1,-1,-1,-1,-1,-1,-0.931,0.693,1,1,-0.244,-1,-1,-1,-1,-1,-1,-1,-1,-1,-1,-1,-0.38,0.999,1,0.81,-0.822,-1,-1,-1,-1,-1,-1,-1,-1,-1,-1,-1,-0.77,0.971,1,0.022,-1,-1,-1,-1,-1,-1,-1,-1,-1,-1,-1,-1,-1,-0.465,0.625,-0.001,-1,-1,-1,-1,-1,-1,-1
"188",-1,-1,-1,-1,-1,-0.828,0.935,0.873,-0.253,-1,-1,-1,-1,-1,-1,-1,-1,-1,-1,-1,-1,-0.866,0.758,1,0.983,0.092,-0.992,-1,-1,-1,-1,-1,-1,-1,-1,-1,-1,-0.841,0.386,1,1,1,-0.108,-1,-1,-1,-1,-1,-1,-1,-1,-1,-0.985,0.456,1,1,1,1,0.619,-0.989,-1,-1,-1,-1,-1,-1,-1,-1,-0.77,0.939,1,1,1,1,1,-0.082,-1,-1,-1,-1,-1,-1,-1,-1,-0.263,1,1,1,1,1,1,0.029,-1,-1,-1,-1,-1,-1,-1,-0.786,0.613,1,1,1,1,1,1,0.48,-1,-1,-1,-1,-1,-1,-1,-0.292,1,1,1,1,0.791,1,1,0.714,-0.965,-1,-1,-1,-1,-1,-1,-0.063,1,1,1,1,-0.167,0.548,1,0.912,-0.686,-1,-1,-1,-1,-1,-1,-0.175,1,1,1,0.984,-0.609,0.796,1,1,0.329,-1,-1,-1,-1,-1,-1,0.341,1,1,1,0.763,-0.524,0.985,1,1,-0.082,-1,-1,-1,-1,-1,-1,0.02,1,1,1,1,1,1,1,0.977,-0.626,-1,-1,-1,-1,-1,-1,-0.248,1,1,1,1,1,1,1,0.995,-0.559,-1,-1,-1,-1,-1,-1,-0.896,0.857,1,1,1,1,1,1,0.958,-0.724,-1,-1,-1,-1,-1,-1,-1,-0.273,1,1,1,1,1,0.859,-0.273,-0.965,-1,-1,-1,-1,-1,-1,-1,-1,-0.554,0.556,1,1,0.294,-0.592,-1,-1,-1,-1,-1
"189",-1,-1,-1,-1,-0.78,0.907,0.09,0.058,0.058,-0.374,-0.983,-1,-1,-1,-1,-1,-1,-1,-1,-1,0.124,1,1,1,1,1,0.347,-0.849,-1,-1,-1,-1,-1,-1,-0.25,0.294,0.876,1,1,1,1,1,1,0.708,-0.803,-1,-1,-1,-1,-0.872,0.76,1,1,1,1,1,1,1,1,1,0.68,-0.978,-1,-1,-1,-0.418,1,1,1,1,1,1,1,1,1,1,1,0.43,-0.985,-1,-1,-0.444,1,1,1,1,1,0.945,0.295,0.288,-0.554,0.817,1,1,-0.311,-1,-1,-0.083,1,1,1,1,0.618,-0.528,-0.99,-1,-1,-0.124,1,1,0.688,-0.976,-1,0.002,1,1,1,0.502,-0.923,-1,-1,-1,-1,-0.688,0.985,1,0.788,-0.94,-0.877,0.85,1,1,0.609,-0.997,-1,-1,-1,-1,-1,-0.655,0.981,1,0.988,-0.671,-0.695,0.973,1,1,0.915,-0.834,-1,-1,-1,-1,-0.882,0.289,1,1,0.991,-0.647,-0.941,0.806,1,1,0.657,-0.993,-1,-1,-1,-0.686,0.227,1,1,1,0.994,-0.624,-1,0.396,1,1,0.942,-0.809,-0.899,-0.508,0.376,0.863,1,1,1,1,0.673,-0.72,-1,0.093,1,1,0.997,0.543,0.574,1,1,1,1,1,1,0.646,-0.66,-1,-1,-0.835,0.905,1,1,1,1,1,1,1,1,1,0.393,-0.817,-1,-1,-1,-1,-0.703,0.92,1,1,1,1,1,1,0.692,-0.443,-0.858,-1,-1,-1,-1,-1,-1,-0.742,0.496,1,1,0.838,0.03,-0.855,-0.912,-1,-1,-1,-1,-1
"190",-1,-1,-1,-1,-1,-0.456,0.846,-0.049,-0.886,-1,-1,-1,-1,-1,-1,-1,-1,-1,-1,-1,-1,-0.298,1,1,0.809,-0.696,-1,-1,-1,-1,-1,-1,-1,-1,-1,-1,-1,-1,0.342,1,1,0.368,-0.994,-1,-1,-1,-1,-1,-1,-1,-1,-1,-1,-1,-0.616,0.993,1,0.931,-0.592,-1,-1,-1,-1,-1,-1,-1,-1,-1,-1,-1,-0.499,0.997,1,1,0.204,-0.999,-1,-1,-1,-1,-1,-1,-1,-1,-1,-1,0.312,1,1,1,0.577,-0.999,-1,-1,-1,-1,-1,-1,-1,-1,-1,-1,0.334,1,1,1,0.554,-1,-1,-1,-1,-1,-1,-1,-1,-1,-1,-0.735,0.882,1,1,1,0.531,-1,-1,-1,-1,-1,-1,-1,-1,-1,-1,-0.626,0.994,1,1,1,0.506,-0.998,-1,-1,-1,-1,-1,-1,-1,-1,-1,-0.607,0.998,1,1,1,0.807,-0.729,-1,-1,-1,-1,-1,-1,-1,-1,-1,0.105,1,1,1,1,0.364,-1,-1,-1,-1,-1,-1,-1,-1,-1,-0.875,0.596,1,1,1,1,0.341,-1,-1,-1,-1,-1,-1,-1,-1,-1,-0.727,0.964,1,1,1,0.996,-0.665,-1,-1,-1,-1,-1,-1,-1,-1,-1,-1,0.272,1,1,1,0.992,-0.684,-1,-1,-1,-1,-1,-1,-1,-1,-1,-1,-0.91,0.526,1,1,0.985,-0.7,-1,-1,-1,-1,-1,-1,-1,-1,-1,-1,-1,-0.941,-0.289,0.313,0.688,-0.822,-1,-1,-1,-1,-1
"191",-1,-1,-1,-1,-1,-1,-1,-1,-1,-1,-1,-1,-1,-1,-1,-1,-1,-1,-1,-1,-1,-1,-1,-1,-1,-1,-1,-1,-1,-1,-1,-1,-1,-1,-1,-0.909,-0.433,0.362,0.672,0.672,0.672,0.337,-0.179,-0.834,-0.981,-1,-1,-1,-1,-1,-0.799,0.676,1,1,1,1,1,1,1,1,0.341,-0.805,-1,-1,-1,-0.893,0.47,1,1,1,1,1,1,1,1,1,1,0.558,-0.877,-1,-1,-0.121,1,1,1,1,0.973,0.449,-0.346,-0.648,-0.108,0.133,0.925,1,0.577,-0.973,-0.657,0.802,1,1,1,1,-0.132,-1,-1,-1,-1,-1,-0.449,1,1,-0.279,0.268,1,1,1,1,0.576,-0.974,-1,-1,-1,-1,-1,-0.797,0.931,1,0.279,0.551,1,1,1,1,-0.052,-1,-1,-1,-1,-1,-0.877,0.321,1,1,0.564,-0.403,0.652,1,1,0.972,-0.635,-1,-1,-1,-0.91,-0.249,0.747,1,1,1,-0.33,-1,-0.744,0.962,1,1,0.234,0.105,0.105,0.728,0.866,1,1,1,1,0.609,-0.965,-1,-1,0.234,1,1,1,1,1,1,1,1,1,0.945,0.463,-0.737,-1,-1,-1,-0.721,0.75,1,1,1,1,1,1,0.753,0.353,-0.67,-1,-1,-1,-1,-1,-1,-0.905,-0.057,0.669,0.672,0.636,-0.075,-0.624,-0.888,-1,-1,-1,-1,-1,-1,-1,-1,-1,-1,-1,-1,-1,-1,-1,-1,-1,-1,-1,-1,-1,-1,-1,-1,-1,-1,-1,-1,-1,-1,-1,-1,-1,-1,-1,-1,-1
"192",-1,-1,-1,-1,-1,-1,-1,-0.419,0.38,-0.998,-1,-1,-1,-1,-1,-1,-1,-1,-1,-1,-1,-1,-0.924,0.677,1,-0.453,-1,-1,-1,-1,-1,-1,-1,-1,-1,-1,-1,-1,-0.267,1,1,0.531,-1,-1,-1,-1,-1,-1,-1,-1,-1,-1,-1,-0.924,0.73,1,1,0.746,-0.885,-1,-1,-1,-1,-1,-1,-1,-1,-1,-1,-0.402,1,1,0.991,-0.67,-1,-1,-1,-1,-1,-1,-1,-1,-1,-1,-1,-0.752,0.974,1,0.989,-0.666,-1,-1,-1,-1,-1,-1,-1,-1,-1,-1,-1,-0.337,1,1,0.809,-0.928,-1,-1,-1,-1,-1,-1,-1,-1,-1,-1,-1,0.269,1,1,0.618,-0.968,-1,-1,-1,-1,-1,-1,-1,-1,-1,-1,-0.914,0.859,1,1,-0.33,-1,-1,-1,-1,-1,-1,-1,-1,-1,-1,-1,-0.605,0.968,1,0.911,-0.846,-1,-1,-1,-1,-1,-1,-1,-1,-1,-1,-1,-0.569,1,1,0.887,-0.889,-1,-1,-1,-1,-1,-1,-1,-1,-1,-1,-1,-0.291,1,1,0.895,-0.896,-1,-1,-1,-1,-1,-1,-1,-1,-1,-1,-1,-0.481,1,1,0.996,0.41,0.784,0.087,-0.997,-1,-1,-1,-1,-1,-1,-1,-1,-0.876,0.926,1,1,1,1,1,-0.427,-1,-1,-1,-1,-1,-1,-1,-1,-1,-0.215,1,1,1,1,0.456,-0.676,-1,-1,-1,-1,-1,-1,-1,-1,-1,-0.998,-0.366,0.435,1,0.122,-0.912,-1,-1,-1,-1,-1
"193",-1,-1,-1,-1,-1,-0.568,0.986,0.999,0.835,-0.364,-1,-1,-1,-1,-1,-1,-1,-1,-1,-1,-1,0.078,1,1,1,0.986,0.398,-0.972,-1,-1,-1,-1,-1,-1,-1,-1,-0.939,0.677,1,1,1,1,1,0.443,-0.794,-1,-1,-1,-1,-1,-1,-0.953,0.052,1,1,1,1,1,1,1,0.488,-0.6,-1,-1,-1,-1,-0.941,0.458,0.953,1,1,0.715,-0.669,0.331,0.99,1,1,0.737,-0.919,-1,-1,-1,-0.643,0.949,1,1,1,0.176,-1,-1,0.294,1,1,0.963,-0.663,-1,-1,-1,0.097,1,1,1,0.983,-0.599,-1,-1,0.119,1,1,1,-0.394,-1,-1,-0.887,0.731,1,1,1,0.579,-0.942,-1,-1,0.252,1,1,0.932,-0.722,-1,-1,-0.48,0.984,1,1,0.815,-0.54,-1,-1,-1,0.077,1,1,0.997,-0.48,-1,-1,-0.364,1,1,1,0.948,-0.718,-1,-1,-0.521,0.609,1,1,1,-0.178,-1,-1,-0.532,0.994,1,1,0.414,-0.975,-1,-0.637,0.482,1,1,1,0.843,-0.812,-1,-1,-0.768,0.923,1,1,0.747,-0.672,-0.703,0.284,1,1,1,1,0.366,-0.994,-1,-1,-1,0.19,1,1,1,1,1,1,1,1,1,1,-0.331,-1,-1,-1,-1,-0.879,0.358,1,1,1,1,1,1,1,1,1,-0.025,-1,-1,-1,-1,-1,-0.996,-0.413,0.729,1,1,1,1,1,0.866,0.128,-0.777,-1,-1,-1,-1,-1,-1,-1,-0.919,-0.187,0.52,0.999,0.999,0.25,-0.326,-1,-1,-1,-1
"194",-1,-1,-1,-1,-1,-1,-0.612,0.977,-0.102,-0.999,-1,-1,-1,-1,-1,-1,-1,-1,-1,-1,-1,-0.451,0.78,1,1,0.501,-0.668,-1,-1,-1,-1,-1,-1,-1,-1,-1,-1,-0.506,1,1,1,1,0.751,-0.797,-1,-1,-1,-1,-1,-1,-1,-1,-1,-1,0.515,1,1,1,1,0.843,-0.277,-1,-1,-1,-1,-1,-1,-0.983,-0.172,-0.129,0.922,1,1,1,1,1,1,0.177,-1,-1,-1,-1,-0.9,-0.152,0.956,1,1,1,0.736,0.611,1,1,1,0.176,-1,-1,-1,-1,-0.296,0.998,1,1,0.773,-0.23,-0.612,-0.873,0.882,1,1,0.175,-1,-1,-1,-0.97,0.653,1,1,0.97,-0.653,-1,-1,-1,0.03,1,1,0.776,-0.949,-1,-1,-0.173,1,1,1,1,-0.194,-1,-1,-1,0.194,1,1,0.651,-0.988,-1,-1,-0.499,1,1,1,0.957,-0.478,-1,-1,-0.957,0.479,1,1,1,-0.359,-1,-1,-0.965,0.651,1,1,0.965,-0.651,-1,-1,-0.801,0.651,1,1,0.965,-0.325,-1,-1,-0.984,0.671,1,1,0.984,-0.671,-1,-0.482,0.619,1,1,1,0.984,-0.672,-1,-1,-1,-0.292,1,1,1,1,1,1,1,1,1,1,0.634,-0.976,-1,-1,-1,-0.975,0.379,1,1,1,1,1,1,1,1,1,0.638,-0.981,-1,-1,-1,-1,-0.995,-0.22,0.843,1,1,1,1,1,1,0.603,-0.58,-1,-1,-1,-1,-1,-1,-1,-0.733,0.424,0.999,0.999,0.269,-0.143,-0.143,-0.533,-1,-1,-1
"195",-1,-1,-1,-1,-1,-0.64,0.397,0.706,0.113,-0.53,-1,-1,-1,-1,-1,-1,-1,-1,-1,-0.904,-0.192,0.742,1,1,1,0.951,0.54,-0.393,-1,-1,-1,-1,-1,-0.841,0.345,0.418,1,1,1,1,1,1,1,0.999,0.208,-0.845,-1,-1,-1,-0.103,1,1,1,0.993,0.29,0.929,1,1,1,1,1,0.74,-0.432,-1,-0.914,0.793,1,1,1,0.787,-0.917,-0.72,-0.041,-0.041,-0.041,0.213,1,1,0.759,-0.431,-0.093,0.997,1,1,1,-0.156,-1,-1,-1,-1,-1,-0.976,0.683,1,1,0.402,0.48,1,1,1,0.759,-0.873,-1,-1,-1,-1,-1,-0.986,0.636,1,1,0.436,0.445,1,1,1,0.22,-1,-1,-1,-1,-1,-1,-0.053,0.841,1,1,0.471,-0.379,1,1,1,0.254,-1,-1,-1,-1,-1,-0.83,0.781,1,1,1,-0.082,-0.972,0.679,1,1,0.866,-0.877,-1,-0.986,-0.791,-0.708,0.433,1,1,1,0.881,-0.155,-0.987,0.613,1,1,1,0.016,-0.97,-0.717,0.934,1,1,1,1,0.995,-0.197,-1,-1,-0.999,0.537,1,1,0.892,0.544,1,1,1,1,1,1,0.725,-0.952,-1,-1,-1,-0.059,1,1,1,1,1,1,1,1,1,0.721,-0.36,-1,-1,-1,-1,-0.5,0.728,1,1,1,1,1,1,1,0.723,-0.314,-1,-1,-1,-1,-1,-1,-0.558,0.765,1,1,1,1,0.967,0.337,-0.681,-1,-1,-1,-1,-1,-1,-1,-1,-0.782,0.261,0.706,0.706,0.706,0.429,-0.958,-1,-1,-1,-1,-1
"196",-1,-1,-1,-1,-1,-1,0.039,1,0.214,-0.907,-1,-1,-1,-1,-1,-1,-1,-1,-1,-1,-1,-1,-0.101,1,1,0.027,-1,-1,-1,-1,-1,-1,-1,-1,-1,-1,-1,-1,-0.571,1,1,0.146,-1,-1,-1,-1,-1,-1,-1,-1,-1,-1,-1,-1,-0.317,1,1,0.506,-1,-1,-1,-1,-1,-1,-1,-1,-1,-1,-1,-1,0.004,1,1,0.339,-1,-1,-1,-1,-1,-1,-1,-1,-1,-1,-1,-1,-0.356,1,1,0.304,-1,-1,-1,-1,-1,-1,-1,-1,-1,-1,-1,-1,-0.189,1,1,0.291,-1,-1,-1,-1,-1,-1,-1,-1,-1,-1,-1,-1,-0.198,1,1,0.475,-1,-1,-1,-1,-1,-1,-1,-1,-1,-1,-1,-1,-0.317,1,1,0.308,-1,-1,-1,-1,-1,-1,-1,-1,-1,-1,-1,-1,0.026,1,1,0.667,-0.999,-1,-1,-1,-1,-1,-1,-1,-1,-1,-1,-1,0.236,1,1,0.282,-1,-1,-1,-1,-1,-1,-1,-1,-1,-1,-1,-1,0.491,1,1,-0.148,-1,-1,-1,-1,-1,-1,-1,-1,-1,-1,-1,-0.999,0.657,1,1,-0.139,-1,-1,-1,-1,-1,-1,-1,-1,-1,-1,-1,-1,0.254,1,1,0.001,-1,-1,-1,-1,-1,-1,-1,-1,-1,-1,-1,-1,-0.589,1,1,-0.188,-1,-1,-1,-1,-1,-1,-1,-1,-1,-1,-1,-1,-0.999,-0.234,0.738,-0.345,-1,-1,-1,-1,-1,-1
"197",-1,-1,-1,-1,-1,-0.808,0.236,0.262,0.982,0.137,-0.861,-1,-1,-1,-1,-1,-1,-1,-1,-1,-1,-0.068,1,1,1,1,0.316,-0.945,-1,-1,-1,-1,-1,-1,-1,-1,-0.706,0.447,1,1,1,1,1,0.625,-0.869,-1,-1,-1,-1,-1,-1,-0.868,0.432,1,0.771,0.879,0.77,1,1,1,0.124,-1,-1,-1,-1,-1,-0.976,0.002,1,1,1,0.391,-0.891,0.38,1,1,0.89,-0.941,-1,-1,-1,-1,-0.585,1,1,1,0.818,-0.525,-1,-0.588,0.999,1,0.964,-0.807,-1,-1,-1,-1,-0.394,1,1,1,-0.096,-1,-1,-0.937,0.741,1,1,-0.346,-1,-1,-1,-1,-0.239,1,1,0.996,-0.61,-1,-1,-1,0.233,1,1,0.152,-1,-1,-1,-1,0.207,1,1,1,-0.588,-1,-1,-1,0.497,1,1,0.36,-1,-1,-1,-1,0.362,1,1,0.87,-0.903,-1,-1,-0.954,0.679,1,1,0.132,-1,-1,-1,-1,0.009,1,1,1,-0.644,-1,-1,-0.684,0.999,1,1,-0.168,-1,-1,-1,-1,-0.918,0.776,1,1,-0.437,-1,-1,-0.453,0.997,1,1,-0.396,-1,-1,-1,-1,-1,0.034,1,1,-0.19,-0.879,0.489,0.661,1,1,0.883,-0.797,-1,-1,-1,-1,-1,-0.653,0.971,1,1,1,1,1,1,0.998,-0.518,-1,-1,-1,-1,-1,-1,-1,-0.219,0.878,1,1,1,1,1,0.495,-0.97,-1,-1,-1,-1,-1,-1,-1,-1,-0.778,0.166,0.362,1,0.728,-0.524,-0.882,-1,-1,-1,-1
"198",-1,-1,-1,-1,-0.818,0.464,0.555,-0.548,-0.857,-1,-1,-1,-1,-1,-1,-1,-1,-1,-1,-0.897,0.878,1,1,1,0.888,0.135,-0.921,-1,-1,-1,-1,-1,-1,-1,-1,-0.615,0.998,1,1,0.536,0.301,1,0.64,-0.889,-1,-1,-1,-1,-1,-1,-1,-0.127,1,1,0.603,-0.804,-0.927,0.497,1,0.377,-0.966,-1,-1,-1,-1,-1,-1,0.452,1,0.972,-0.563,-1,-1,-0.772,0.946,1,-0.345,-1,-1,-1,-1,-1,-0.967,0.777,1,0.567,-1,-1,-1,-1,-0.224,1,0.413,-0.976,-1,-1,-1,-1,-0.414,1,1,0.164,-1,-1,-1,-1,-0.523,1,1,-0.275,-1,-1,-1,-1,-0.011,1,1,-0.414,-1,-1,-1,-1,-0.961,0.831,1,0.113,-1,-1,-1,-1,0.15,1,0.993,-0.81,-1,-1,-1,-1,-0.999,0.613,1,0.193,-1,-1,-1,-1,0.069,1,0.884,-0.927,-1,-1,-1,-1,-0.478,0.977,1,-0.034,-1,-1,-1,-1,0.187,1,0.751,-0.999,-1,-1,-1,-0.929,0.686,1,0.904,-0.736,-1,-1,-1,-1,0.063,1,0.94,-0.933,-1,-1,-1,0.038,1,1,-0.112,-1,-1,-1,-1,-1,-0.347,1,0.968,-0.881,-1,-0.996,-0.371,0.774,1,0.603,-0.952,-1,-1,-1,-1,-1,-0.797,0.931,1,0.615,0.543,0.926,0.995,1,0.92,-0.593,-1,-1,-1,-1,-1,-1,-1,-0.254,0.991,1,1,1,1,0.788,-0.73,-1,-1,-1,-1,-1,-1,-1,-1,-1,-0.469,0.317,0.911,0.957,0.4,-0.545,-1,-1,-1,-1,-1,-1
"199",-1,-1,-1,-1,-1,-1,-1,0.767,-0.446,-1,-1,-1,-1,-1,-1,-1,-1,-1,-1,-1,-1,-1,-1,0.738,0.37,-1,-1,-1,-1,-1,-1,-1,-1,-1,-1,-1,-1,-1,-1,0.7,0.556,-1,-1,-1,-1,-1,-1,-1,-1,-1,-1,-1,-1,-1,-1,0.578,0.575,-1,-1,-1,-1,-1,-1,-1,-1,-1,-1,-1,-1,-1,-1,0.52,0.788,-1,-1,-1,-1,-1,-1,-1,-1,-1,-1,-1,-1,-1,-1,0.411,1,-1,-1,-1,-1,-1,-1,-1,-1,-1,-1,-1,-1,-1,-1,0.399,0.864,-1,-1,-1,-1,-1,-1,-1,-1,-1,-1,-1,-1,-1,-1,0.457,0.69,-1,-1,-1,-1,-1,-1,-1,-1,-1,-1,-1,-1,-1,-1,0.567,0.689,-1,-1,-1,-1,-1,-1,-1,-1,-1,-1,-1,-1,-1,-1,0.742,0.463,-1,-1,-1,-1,-1,-1,-1,-1,-1,-1,-1,-1,-1,-1,0.929,0.256,-1,-1,-1,-1,-1,-1,-1,-1,-1,-1,-1,-1,-1,-1,0.923,0.275,-1,-1,-1,-1,-1,-1,-1,-1,-1,-1,-1,-1,-1,-1,0.692,0.539,-1,-1,-1,-1,-1,-1,-1,-1,-1,-1,-1,-1,-1,-1,0.711,0.506,-1,-1,-1,-1,-1,-1,-1,-1,-1,-1,-1,-1,-1,-1,0.647,0.441,-1,-1,-1,-1,-1,-1,-1,-1,-1,-1,-1,-1,-1,-1,0.138,0.344,-1,-1,-1,-1,-1,-1,-1
"200",-1,-1,-1,-1,-1,-1,-1,-0.201,-0.175,-1,-1,-1,-1,-1,-1,-1,-1,-1,-1,-1,-1,-1,-1,0.641,-0.139,-1,-1,-1,-1,-1,-1,-1,-1,-1,-1,-1,-1,-1,-0.839,0.972,-0.663,-1,-1,-1,-1,-1,-1,-1,-1,-1,-1,-1,-1,-1,-0.42,0.961,-0.918,-1,-1,-1,-1,-1,-1,-1,-1,-1,-1,-1,-1,-1,-0.006,0.629,-1,-1,-1,-1,-1,-1,-1,-1,-1,-1,-1,-1,-1,-1,0.573,0.05,-1,-1,-1,-1,-1,-1,-1,-1,-1,-1,-1,-1,-1,-0.924,0.933,-0.354,-1,-1,-1,-1,-1,-1,-1,-1,-1,-1,-1,-1,-1,-0.522,1,-0.845,-1,-1,-1,-1,-1,-1,-1,-1,-1,-1,-1,-1,-1,-0.151,0.816,-0.998,-1,-1,-1,-1,-1,-1,-1,-1,-1,-1,-1,-1,-1,0.186,0.502,-1,-1,-1,-1,-1,-1,-1,-1,-1,-1,-1,-1,-1,-1,0.535,0.121,-1,-1,-1,-1,-1,-1,-1,-1,-1,-1,-1,-1,-1,-0.981,0.875,-0.151,-1,-1,-1,-1,-1,-1,-1,-1,-1,-1,-1,-1,-1,-0.724,1,-0.477,-1,-1,-1,-1,-1,-1,-1,-1,-1,-1,-1,-1,-1,-0.606,1,0.469,-0.539,-0.989,-1,-1,-1,-1,-1,-1,-1,-1,-1,-1,-1,-0.412,0.932,-0.483,0.56,0.725,0.289,-0.215,-0.881,-1,-1,-1,-1,-1,-1,-1,-1,-0.727,0.465,-0.993,-1,-0.596,0.145,0.617,-0.489,-1,-1,-1,-1
"201",-1,-1,-1,-1,-1,-1,-0.83,0.753,-0.338,-1,-1,-1,-1,-1,-1,-1,-1,-1,-1,-1,-1,-1,-0.26,1,0.904,-0.939,-1,-1,-1,-1,-1,-1,-1,-1,-1,-1,-1,-1,-0.543,1,1,-0.457,-1,-1,-1,-1,-1,-1,-1,-1,-1,-1,-1,-1,-0.642,1,1,-0.334,-1,-1,-1,-1,-1,-1,-1,-1,-1,-1,-1,-1,-0.826,0.98,1,-0.325,-1,-1,-1,-1,-1,-1,-1,-1,-1,-1,-1,-1,-0.707,0.967,1,-0.27,-1,-1,-1,-1,-1,-1,-1,-1,-1,-1,-1,-1,-0.578,1,1,-0.387,-1,-1,-1,-1,-1,-1,-1,-1,-1,-1,-1,-1,-0.496,1,1,-0.31,-1,-1,-1,-1,-1,-1,-1,-1,-1,-1,-1,-1,-0.414,1,1,-0.244,-1,-1,-1,-1,-1,-1,-1,-1,-1,-1,-1,-1,-0.514,1,1,-0.44,-1,-1,-1,-1,-1,-1,-1,-1,-1,-1,-1,-1,-0.613,1,1,-0.374,-1,-1,-1,-1,-1,-1,-1,-1,-1,-1,-1,-1,-0.531,1,1,-0.137,-1,-1,-1,-1,-1,-1,-1,-1,-1,-1,-1,-1,-0.255,1,1,-0.311,-1,-1,-1,-1,-1,-1,-1,-1,-1,-1,-1,-1,-0.128,1,0.997,-0.504,-1,-1,-1,-1,-1,-1,-1,-1,-1,-1,-1,-1,-0.228,1,0.988,-0.748,-1,-1,-1,-1,-1,-1,-1,-1,-1,-1,-1,-1,-0.802,0.38,0.597,-0.986,-1,-1,-1,-1,-1,-1
"202",-1,-1,-1,-1,-0.998,0.53,0.84,-0.373,-1,-1,-1,-1,-1,-1,-1,-1,-1,-1,-1,-1,-0.862,0.667,1,1,-0.138,-1,-1,-1,-1,-1,-1,-1,-1,-1,-1,-1,-0.035,1,1,1,1,0.337,-0.858,-1,-1,-1,-1,-1,-1,-1,-1,-1,-0.207,1,1,1,1,1,0.426,-0.997,-1,-1,-1,-1,-1,-1,-1,-1,-0.158,1,1,0.999,-0.075,0.743,1,-0.287,-1,-1,-1,-1,-1,-1,-1,-1,-0.331,1,1,0.108,-1,-0.33,1,0.893,-0.897,-1,-1,-1,-1,-1,-1,-1,-0.059,1,0.928,-0.758,-1,-0.963,0.793,1,-0.164,-1,-1,-1,-1,-1,-1,-0.98,0.637,1,0.651,-0.976,-1,-0.976,0.856,1,0.453,-1,-1,-1,-1,-1,-1,-0.626,1,1,0.182,-1,-1,-1,0.707,1,0.404,-1,-1,-1,-1,-1,-1,-0.132,1,1,-0.312,-1,-1,-0.783,0.985,1,0.354,-1,-1,-1,-1,-1,-1,-0.082,1,1,-0.584,-1,-1,-0.525,0.998,1,-0.14,-1,-1,-1,-1,-1,-1,0.412,1,0.883,-0.961,-1,-0.985,0.619,1,0.985,-0.619,-1,-1,-1,-1,-1,-1,0.461,1,0.957,-0.863,-0.119,0.469,1,1,0.205,-1,-1,-1,-1,-1,-1,-1,0.066,1,1,0.778,1,1,1,0.88,-0.836,-1,-1,-1,-1,-1,-1,-1,-0.976,0.536,1,1,1,1,0.943,-0.282,-1,-1,-1,-1,-1,-1,-1,-1,-1,-0.999,-0.056,0.776,0.989,0.253,-0.741,-1,-1,-1,-1,-1,-1
"203",-1,-1,-1,-1,-1,-1,0.136,0.941,0.02,-1,-1,-1,-1,-1,-1,-1,-1,-1,-1,-1,-1,-0.483,0.977,1,0.961,-0.313,-1,-1,-1,-1,-1,-1,-1,-1,-1,-1,-0.883,0.736,1,1,1,0.977,-0.09,-1,-1,-1,-1,-1,-1,-1,-1,-1,-0.232,1,0.977,-0.386,-0.477,0.011,0.973,-0.399,-1,-1,-1,-1,-1,-1,-1,-0.979,0.608,1,0.05,-1,-1,-1,0.338,0.706,-1,-1,-1,-1,-1,-1,-1,-0.774,0.986,0.99,-0.746,-1,-1,-1,-0.518,1,-0.659,-1,-1,-1,-1,-1,-1,-0.315,1,0.467,-0.999,-1,-1,-1,-0.845,0.997,-0.024,-1,-1,-1,-1,-1,-1,-0.507,1,0.271,-1,-1,-1,-1,-0.936,0.952,0.389,-1,-1,-1,-1,-1,-1,-0.145,1,0.02,-1,-1,-1,-1,-1,0.769,0.497,-1,-1,-1,-1,-1,-1,0.217,1,-0.397,-1,-1,-1,-1,-0.912,0.766,0.412,-1,-1,-1,-1,-1,-1,0.496,1,-0.676,-1,-1,-1,-1,-0.175,1,0.133,-1,-1,-1,-1,-1,-1,0.36,1,-0.263,-1,-1,-1,-0.817,0.834,1,-0.561,-1,-1,-1,-1,-1,-1,0.085,1,-0.099,-1,-1,-0.987,0.281,1,0.302,-1,-1,-1,-1,-1,-1,-1,-0.765,0.938,0.627,-0.815,-0.951,0.045,1,0.79,-0.846,-1,-1,-1,-1,-1,-1,-1,-1,-0.36,0.903,0.918,0.805,1,0.91,-0.408,-1,-1,-1,-1,-1,-1,-1,-1,-1,-1,-0.683,0.324,0.997,0.72,-0.408,-1,-1,-1,-1,-1,-1
"204",-1,-1,-1,-1,-0.999,0.457,0.636,0.055,-0.181,-1,-1,-1,-1,-1,-1,-1,-1,-1,-1,-1,-1,0.518,1,1,1,-0.277,-1,-1,-1,-1,-1,-1,-1,-1,-1,-1,-1,-0.324,1,1,1,0.488,-1,-1,-1,-1,-1,-1,-1,-1,-1,-1,-1,0.175,1,0.708,-0.131,0.976,-0.411,-1,-1,-1,-1,-1,-1,-1,-1,-1,-0.854,0.961,0.978,-0.691,-1,0.351,0.91,-0.731,-1,-1,-1,-1,-1,-1,-1,-1,-0.258,1,0.439,-1,-1,-0.901,0.934,0.33,-1,-1,-1,-1,-1,-1,-1,-1,0.347,1,-0.235,-1,-1,-1,0.206,0.948,-0.882,-1,-1,-1,-1,-1,-1,-0.836,0.97,1,-0.582,-1,-1,-1,-0.582,1,-0.282,-1,-1,-1,-1,-1,-1,-0.207,1,0.896,-0.947,-1,-1,-1,-0.613,1,0.18,-1,-1,-1,-1,-1,-1,-0.041,1,0.404,-1,-1,-1,-1,-0.794,0.983,0.211,-1,-1,-1,-1,-1,-1,0.102,1,-0.118,-1,-1,-1,-1,-0.137,1,0.038,-1,-1,-1,-1,-1,-1,0.071,1,-0.375,-1,-1,-1,-0.728,0.893,0.932,-0.666,-1,-1,-1,-1,-1,-1,-0.301,1,0.239,-1,-1,-0.821,0.675,1,0.38,-1,-1,-1,-1,-1,-1,-1,-0.893,0.94,0.496,-0.887,-0.432,0.476,1,0.748,-0.791,-1,-1,-1,-1,-1,-1,-1,-1,0.281,1,0.955,1,1,0.811,-0.702,-1,-1,-1,-1,-1,-1,-1,-1,-1,-0.871,0.144,0.887,1,0.532,-0.755,-1,-1,-1,-1,-1,-1
"205",-1,-1,-1,-1,-1,-1,-0.946,0.818,-0.547,-1,-1,-1,-1,-1,-1,-1,-1,-1,-1,-1,-1,-1,-1,0.527,-0.113,-1,-1,-1,-1,-1,-1,-1,-1,-1,-1,-1,-1,-1,-1,0.763,0.388,-1,-1,-1,-1,-1,-1,-1,-1,-1,-1,-1,-1,-1,-1,0.82,0.785,-1,-1,-1,-1,-1,-1,-1,-1,-1,-1,-1,-1,-1,-1,0.572,1,-0.966,-1,-1,-1,-1,-1,-1,-1,-1,-1,-1,-1,-1,-1,0.323,0.917,-0.98,-1,-1,-1,-1,-1,-1,-1,-1,-1,-1,-1,-1,-1,0.346,0.852,-0.993,-1,-1,-1,-1,-1,-1,-1,-1,-1,-1,-1,-1,-1,0.344,0.935,-0.995,-1,-1,-1,-1,-1,-1,-1,-1,-1,-1,-1,-1,-1,0.58,0.828,-1,-1,-1,-1,-1,-1,-1,-1,-1,-1,-1,-1,-1,-1,0.737,0.79,-1,-1,-1,-1,-1,-1,-1,-1,-1,-1,-1,-1,-1,-1,0.681,0.499,-1,-1,-1,-1,-1,-1,-1,-1,-1,-1,-1,-1,-1,-1,0.808,0.372,-1,-1,-1,-1,-1,-1,-1,-1,-1,-1,-1,-1,-1,-1,0.584,0.621,-1,-1,-1,-1,-1,-1,-1,-1,-1,-1,-1,-1,-1,-1,0.721,0.415,-1,-1,-1,-1,-1,-1,-1,-1,-1,-1,-1,-1,-1,-1,0.878,0.318,-1,-1,-1,-1,-1,-1,-1,-1,-1,-1,-1,-1,-1,-1,0.401,0.012,-1,-1,-1,-1,-1,-1,-1
"206",-1,-1,-1,-1,-1,-1,-1,0.225,0.014,-1,-1,-1,-1,-1,-1,-1,-1,-1,-1,-1,-1,-1,-1,0.191,0.536,-1,-1,-1,-1,-1,-1,-1,-1,-1,-1,-1,-1,-1,-1,0.223,0.921,-0.999,-1,-1,-1,-1,-1,-1,-1,-1,-1,-1,-1,-1,-1,0.388,0.625,-1,-1,-1,-1,-1,-1,-1,-1,-1,-1,-1,-1,-1,-1,0.685,0.394,-1,-1,-1,-1,-1,-1,-1,-1,-1,-1,-1,-1,-1,-1,0.916,0.436,-1,-1,-1,-1,-1,-1,-1,-1,-1,-1,-1,-1,-1,-1,0.75,0.375,-1,-1,-1,-1,-1,-1,-1,-1,-1,-1,-1,-1,-1,-1,0.815,0.409,-1,-1,-1,-1,-1,-1,-1,-1,-1,-1,-1,-1,-1,-1,0.835,0.099,-1,-1,-1,-1,-1,-1,-1,-1,-1,-1,-1,-1,-1,-1,1,-0.041,-1,-1,-1,-1,-1,-1,-1,-1,-1,-1,-1,-1,-1,-0.999,0.965,0.217,-1,-1,-1,-1,-1,-1,-1,-1,-1,-1,-1,-1,-1,-1,0.916,0.192,-1,-1,-1,-1,-1,-1,-1,-1,-1,-1,-1,-1,-1,-1,0.658,0.553,-1,-1,-1,-1,-1,-1,-1,-1,-1,-1,-1,-1,-1,-1,0.293,0.612,-1,-1,-1,-1,-1,-1,-1,-1,-1,-1,-1,-1,-1,-1,-0.014,0.783,-1,-1,-1,-1,-1,-1,-1,-1,-1,-1,-1,-1,-1,-1,-0.114,0.485,-1,-1,-1,-1,-1,-1,-1
"207",-1,-1,-1,-1,-1,-0.959,-0.356,0.891,0.554,-0.634,-0.958,-1,-1,-1,-1,-1,-1,-1,-1,-1,-0.948,0.262,1,1,1,1,0.58,-0.712,-1,-1,-1,-1,-1,-1,-1,-0.976,-0.299,0.999,1,1,1,1,1,0.656,-0.488,-1,-1,-1,-1,-1,-0.812,0.091,0.961,1,1,1,1,1,1,1,0.989,-0.577,-1,-1,-1,-1,0.093,1,1,1,0.951,0.074,-0.529,-0.08,0.412,0.911,1,0.543,-0.994,-1,-1,-0.154,0.878,1,1,0.997,-0.327,-0.982,-1,-1,-1,-0.039,1,1,-0.314,-1,-0.958,0.704,1,1,1,-0.21,-0.955,-1,-1,-1,-1,-0.755,0.966,1,0.436,-1,-0.985,0.702,1,1,0.792,-0.924,-1,-1,-1,-1,-1,-0.857,0.928,1,0.867,-0.848,-0.823,0.898,1,1,-0.044,-1,-1,-1,-1,-1,-1,-0.073,1,1,0.647,-0.985,-0.932,0.756,1,0.966,-0.755,-1,-1,-1,-1,-1,-0.989,0.661,1,1,-0.194,-1,-1,0.295,1,1,-0.206,-1,-1,-1,-1,-1,-0.774,0.638,1,0.814,-0.864,-1,-1,-0.507,0.997,1,0.156,-1,-1,-1,-1,-0.984,0.479,1,1,0.093,-1,-1,-1,-1,0.353,1,0.967,0.154,-0.411,-0.411,-0.311,0.528,0.95,1,0.927,-0.69,-1,-1,-1,-1,-0.879,0.012,0.976,1,1,1,1,1,1,1,0.375,-0.994,-1,-1,-1,-1,-1,-1,-0.601,0.58,1,1,1,1,1,0.161,-0.854,-1,-1,-1,-1,-1,-1,-1,-1,-0.958,-0.191,0.554,0.891,0.059,-0.412,-0.966,-1,-1,-1,-1
"208",-1,-1,-1,-1,-1,-1,-0.788,0.468,0.999,0.994,-0.02,-0.995,-1,-1,-1,-1,-1,-1,-1,-1,-1,-0.842,0.858,1,1,1,1,-0.295,-1,-1,-1,-1,-1,-1,-1,-1,-0.48,0.733,1,1,1,1,0.643,-0.575,-1,-1,-1,-1,-1,-1,-1,-0.241,0.896,1,1,1,1,1,0.848,-0.854,-1,-1,-1,-1,-1,-1,-0.985,0.546,1,1,1,1,1,1,1,0.807,-0.721,-1,-1,-1,-1,-1,-0.581,0.946,1,1,1,0.471,-0.145,0.809,1,1,0.413,-1,-1,-1,-1,-1,0.17,1,1,1,0.578,-0.758,-1,-0.787,0.574,1,1,-0.394,-1,-1,-1,-0.832,0.808,1,1,0.929,-0.647,-1,-1,-1,-0.589,0.983,1,0.734,-0.934,-1,-1,-0.22,1,1,1,0.463,-0.985,-1,-1,-1,-0.886,0.853,1,1,-0.008,-1,-1,0.385,1,1,1,-0.127,-1,-1,-1,-1,-0.956,0.729,1,1,0.253,-1,-1,-0.342,1,1,1,-0.1,-1,-1,-1,-1,-0.324,0.769,1,0.96,-0.512,-1,-1,-0.64,0.97,1,1,-0.105,-1,-1,-0.949,-0.374,0.705,1,1,0.746,-0.97,-1,-1,-1,0.138,1,1,0.892,0.226,0.226,0.268,0.991,1,1,1,0.677,-0.907,-1,-1,-1,-0.877,0.822,1,1,1,1,1,1,1,1,0.804,-0.837,-1,-1,-1,-1,-1,-0.513,0.698,1,1,1,1,1,1,0.418,-0.788,-1,-1,-1,-1,-1,-1,-1,-0.596,0.59,0.999,0.999,0.999,0.979,0.032,-0.717,-1,-1,-1,-1
"209",-1,-1,-1,-1,-1,-1,-1,-1,-1,-1,-0.765,0.979,0.214,-1,-1,-1,-1,-1,-1,-1,-1,-1,-1,-1,-1,-1,-0.687,0.996,1,-0.575,-1,-1,-1,-1,-1,-1,-1,-1,-1,-1,-1,-1,-0.867,0.933,1,0.193,-1,-1,-1,-1,-1,-1,-1,-1,-1,-1,-1,-1,-0.806,0.966,1,0.351,-1,-1,-1,-0.228,0.751,-0.452,-1,-1,-1,-1,-1,-1,-0.673,0.99,1,0.489,-1,-1,-1,0.157,1,0.742,-0.976,-1,-1,-1,-1,-1,-0.167,1,1,0.721,-0.99,-1,-0.992,0.348,1,0.976,-0.715,-1,-1,-1,-1,-1,-0.073,1,1,0.867,-0.914,-1,-0.455,1,1,0.367,-1,-1,-1,-1,-1,-1,-0.147,1,1,0.582,-0.682,-1,-0.046,1,1,0.913,0.59,0.59,0.422,-0.231,-0.231,-0.23,0.792,1,1,1,0.945,-0.214,-0.637,0.634,1,1,1,1,1,1,1,1,1,1,1,1,1,-0.153,-1,-0.899,-0.487,0.187,0.619,1,1,1,1,1,1,1,1,0.99,0.073,-0.826,-1,-1,-1,-1,-0.948,-0.846,-0.846,-0.843,-0.07,0.506,1,1,0.642,-0.837,-0.985,-1,-1,-1,-1,-1,-1,-1,-1,-1,-1,0.175,1,1,0.137,-1,-1,-1,-1,-1,-1,-1,-1,-1,-1,-1,-1,0.521,1,1,0.043,-1,-1,-1,-1,-1,-1,-1,-1,-1,-1,-1,-1,0.089,1,1,0.474,-1,-1,-1,-1,-1,-1,-1,-1,-1,-1,-1,-1,-0.767,0.646,1,0.335,-0.997,-1,-1
"210",-1,-1,-1,-1,-1,-0.88,-0.736,-0.757,-1,-1,-1,-1,-1,-1,-1,-1,-1,-1,-1,-1,-0.743,0.586,1,0.987,0.622,0.014,-0.626,-1,-1,-1,-1,-1,-1,-1,-1,-0.639,0.685,0.99,0.961,-0.25,-0.094,0.581,0.911,0.286,-0.822,-1,-1,-1,-1,-1,-0.86,0.731,0.935,-0.171,-1,-1,-1,-1,-0.663,0.457,0.778,-0.605,-1,-1,-1,-1,0.218,0.986,-0.486,-1,-1,-1,-1,-1,-1,-0.981,0.076,0.914,-0.401,-1,-1,-0.478,0.962,0.204,-0.991,-1,-1,-1,-1,-1,-1,-1,-1,-0.126,0.866,-0.909,-0.967,0.708,0.582,-0.934,-1,-1,-1,-1,-1,-1,-1,-1,-1,-1,0.397,-0.094,-0.191,0.998,-0.498,-1,-1,-1,-1,-1,-1,-1,-1,-1,-1,-1,-0.749,0.334,0.517,0.832,-0.9,-1,-1,-1,-1,-1,-1,-1,-1,-1,-1,-1,-0.539,0.762,0.727,0.303,-1,-1,-1,-1,-1,-1,-1,-1,-1,-1,-1,-1,-0.249,0.691,0.608,0.562,-1,-1,-1,-1,-1,-1,-1,-1,-1,-1,-1,-0.949,0.598,0.381,-0.136,0.94,-0.634,-1,-1,-1,-1,-1,-1,-1,-1,-1,-0.76,0.373,0.803,-0.788,-1,0.566,0.828,-0.417,-1,-1,-1,-1,-1,-1,-0.744,-0.069,0.807,0.827,-0.517,-1,-1,-0.887,0.39,0.996,0.955,0.436,0.239,0.071,0.434,0.709,0.981,1,0.349,-0.741,-1,-1,-1,-1,-0.97,-0.349,0.452,0.875,0.817,1,1,0.893,0.016,-0.696,-0.993,-1,-1,-1,-1,-1,-1,-1,-1,-0.861,-0.926,-0.736,-0.736,-0.835,-1,-1,-1,-1,-1,-1
"211",-1,-1,-1,-1,-1,-1,-1,-0.21,0.904,0.115,-0.566,-1,-1,-1,-1,-1,-1,-1,-1,-1,-1,-0.805,0.585,0.955,1,1,0.881,-0.495,-1,-1,-1,-1,-1,-1,-0.841,0.406,0.428,0.578,1,1,1,1,1,0.1,-1,-1,-1,-1,-1,-1,0.287,1,1,1,1,1,1,1,1,0.783,-0.479,-1,-1,-1,-1,-0.631,1,1,1,1,1,1,1,1,1,1,0.558,-0.724,-1,-1,-1,-0.992,0.811,1,1,1,0.537,0.429,0.429,0.974,1,1,1,0.037,-1,-1,-1,-0.599,0.847,1,1,0.975,-0.407,-1,-1,-0.262,1,1,1,0.588,-1,-1,-1,0.004,1,1,1,0.983,-0.844,-1,-1,-0.983,0.844,1,1,0.983,-0.845,-1,-1,-0.547,1,1,1,1,-0.31,-1,-1,-0.873,0.674,1,1,1,-0.311,-1,-1,-0.971,0.874,1,1,1,0.24,-1,-0.995,0.205,1,1,1,1,-0.087,-1,-1,-1,0.352,1,1,1,0.787,-0.996,-0.335,0.953,1,1,1,0.702,-0.871,-1,-1,-1,-0.199,1,1,1,1,0.222,0.799,1,1,1,1,0.401,-1,-1,-1,-1,-0.749,0.999,1,1,1,1,1,1,1,1,0.225,-0.885,-1,-1,-1,-1,-1,0.374,1,1,1,1,1,1,1,0.228,-0.95,-1,-1,-1,-1,-1,-1,-0.928,0.771,1,1,1,1,0.951,-0.084,-0.814,-1,-1,-1,-1,-1,-1,-1,-1,-0.798,-0.143,0.295,0.999,0.999,0.318,-1,-1,-1,-1,-1,-1
"212",-1,-1,-1,-1,-1,-1,-1,-0.725,-0.88,-1,-1,-1,-1,-1,-1,-1,-1,-1,-1,-0.903,-1,-0.656,0.563,0.993,0.757,0.563,0.008,-0.905,-1,-1,-1,-1,-1,-1,0.014,0.834,-0.647,-0.558,0.969,1,1,1,1,0.835,-0.604,-1,-1,-1,-1,0.058,0.999,0.534,-0.799,-1,-0.994,-0.994,-0.994,-0.477,0.426,0.943,0.997,0.1,-1,-1,-0.771,0.891,0.719,-0.962,-1,-1,-1,-1,-1,-1,-1,-0.396,0.902,0.979,-0.436,-1,-0.078,1,-0.098,-1,-1,-1,-1,-1,-1,-1,-1,-1,-0.242,0.999,0.925,-0.685,-0.04,1,-0.341,-1,-1,-1,-1,-1,-1,-1,-1,-1,-1,0.365,1,0.071,0.508,1,-0.48,-1,-1,-1,-1,-1,-1,-1,-1,-1,-1,0.096,1,0.696,0.393,0.858,-0.886,-1,-1,-1,-1,-1,-1,-1,-1,-1,-1,-0.019,1,0.557,0.686,-0.494,-1,-1,-1,-1,-1,-1,-1,-1,-1,-1,-0.947,0.629,1,0.264,0.518,0.631,-0.678,-1,-1,-1,-1,-1,-1,-1,-1,-1,-0.361,1,0.919,-0.561,-0.645,0.769,0.828,0.094,-0.894,-1,-1,-1,-1,-1,-0.978,-0.458,0.901,1,0.147,-1,-1,-0.736,0.755,1,0.683,0.098,-0.28,-0.755,-0.314,-0.28,0.39,1,1,0.38,-0.957,-1,-1,-1,-0.798,0.457,1,1,1,1,1,1,1,1,0.248,-0.953,-1,-1,-1,-1,-1,-0.978,-0.806,0.097,0.563,0.646,1,0.823,0.313,-0.62,-0.994,-1,-1,-1,-1,-1,-1,-1,-1,-1,-1,-0.95,-0.723,-0.832,-1,-1,-1,-1,-1,-1
"213",-1,-1,-1,-1,-1,-1,-1,-1,-1,-1,-0.736,0.831,-0.527,-1,-1,-1,-1,-1,-1,-1,-1,-1,-1,-1,-1,-0.912,0.226,0.994,-0.456,-1,-1,-1,-1,-1,-1,-1,-1,-1,-1,-0.783,-0.639,-0.243,0.987,1,-0.298,-1,-1,-1,-1,-1,-1,-1,-1,-1,0.105,0.979,1,1,1,1,-0.232,-1,-1,-1,-1,-1,-1,-1,-0.827,0.511,1,1,1,1,1,1,0.13,-1,-1,-1,-1,-1,-0.994,-0.452,0.731,1,1,1,1,1,1,1,0.968,-0.784,-1,-1,-1,-1,0.182,1,1,1,0.789,0.078,-0.552,0.673,1,1,1,-0.405,-1,-1,-1,-0.95,0.856,1,1,1,-0.215,-1,-0.828,0.957,1,1,1,0.155,-1,-1,-1,-0.715,1,1,1,0.828,-0.965,-1,-0.344,1,0.819,0.194,1,0.616,-1,-1,-1,-1,0.627,1,1,0.534,-1,-1,-0.015,1,0.41,-0.287,1,0.959,-0.882,-1,-1,-1,-0.229,1,1,0.155,-1,-0.994,0.654,1,-0.215,-0.007,1,0.994,-0.753,-1,-1,-1,-0.986,0.506,1,0.418,-0.999,-0.703,0.988,1,-0.446,0.322,1,0.971,-0.862,-1,-1,-1,-1,-0.758,0.681,1,0.363,0.057,1,0.921,-0.495,0.995,1,0.484,-1,-1,-1,-1,-1,-1,-0.815,0.696,1,1,1,1,1,1,1,-0.142,-1,-1,-1,-1,-1,-1,-1,-0.851,0.445,1,1,1,1,1,0.832,-0.797,-1,-1,-1,-1,-1,-1,-1,-1,-0.994,-0.569,0.056,0.384,0.811,0.595,-0.568,-1,-1,-1
"214",-1,-1,-1,-1,-0.576,0.905,0.186,-0.786,-1,-1,-1,-1,-1,-1,-1,-1,-1,-1,-1,-0.325,0.971,1,1,0.886,0.259,-0.339,-0.952,-1,-1,-1,-1,-1,-1,-1,-1,0.613,1,0.354,0.193,0.78,1,1,0.718,-0.56,-1,-1,-1,-1,-1,-1,-0.538,0.947,0.866,-0.785,-1,-0.964,-0.561,0.177,0.972,0.973,0.118,-0.963,-1,-1,-1,-0.979,0.545,1,0.399,-1,-1,-1,-1,-1,0.116,0.994,1,0.255,-0.991,-1,-1,-0.71,0.995,1,-0.32,-1,-1,-1,-1,-1,-1,0.242,1,1,-0.592,-1,-1,-0.375,1,1,-0.659,-1,-1,-1,-1,-1,-1,-0.56,1,1,-0.284,-1,-1,-0.34,1,0.997,-0.844,-1,-1,-1,-1,-1,-1,-0.602,1,1,0.024,-1,-1,-0.001,1,0.814,-1,-1,-1,-1,-1,-1,-1,-0.567,1,1,0.084,-1,-1,0.034,1,0.628,-1,-1,-1,-1,-1,-1,-1,0.305,1,1,0.049,-1,-1,0.087,1,0.441,-1,-1,-1,-1,-1,-1,-0.735,0.931,1,1,-0.442,-1,-1,-0.22,1,0.634,-1,-1,-1,-1,-1,-0.867,0.657,1,1,0.949,-0.806,-1,-1,-0.528,1,0.927,-0.985,-1,-1,-1,-0.803,0.436,1,1,0.889,-0.55,-1,-1,-1,-0.877,0.774,1,0.209,-0.295,-0.586,0.034,0.768,1,1,0.418,-0.702,-1,-1,-1,-1,-1,-0.273,0.949,1,1,1,1,1,0.972,0.246,-0.876,-1,-1,-1,-1,-1,-1,-1,-0.513,0.202,0.825,0.679,0.448,0.37,-0.491,-1,-1,-1,-1,-1,-1
"215",-1,-1,-1,-1,-1,-1,-0.981,0.796,-0.016,-1,-1,-1,-1,-1,-1,-1,-1,-1,-1,-1,-1,-1,-1,0.718,0.899,-0.976,-1,-1,-1,-1,-1,-1,-1,-1,-1,-1,-1,-1,-1,0.694,0.977,-0.901,-1,-1,-1,-1,-1,-1,-1,-1,-1,-1,-1,-1,-1,0.377,1,-0.901,-1,-1,-1,-1,-1,-1,-1,-1,-1,-1,-1,-1,-1,0.426,0.931,-0.973,-1,-1,-1,-1,-1,-1,-1,-1,-1,-1,-1,-1,-0.997,0.802,0.899,-0.99,-1,-1,-1,-1,-1,-1,-1,-1,-1,-1,-1,-1,-0.99,0.899,0.857,-0.997,-1,-1,-1,-1,-1,-1,-1,-1,-1,-1,-1,-1,-0.913,0.944,0.878,-0.994,-1,-1,-1,-1,-1,-1,-1,-1,-1,-1,-1,-1,-0.973,0.926,0.949,-0.968,-1,-1,-1,-1,-1,-1,-1,-1,-1,-1,-1,-1,-0.901,0.977,0.96,-0.955,-1,-1,-1,-1,-1,-1,-1,-1,-1,-1,-1,-1,-0.97,0.948,0.937,-0.963,-1,-1,-1,-1,-1,-1,-1,-1,-1,-1,-1,-1,-0.947,0.975,0.881,-0.993,-1,-1,-1,-1,-1,-1,-1,-1,-1,-1,-1,-1,-0.984,0.914,0.951,-0.966,-1,-1,-1,-1,-1,-1,-1,-1,-1,-1,-1,-1,-1,0.687,0.966,-0.957,-1,-1,-1,-1,-1,-1,-1,-1,-1,-1,-1,-1,-1,0.663,0.754,-0.996,-1,-1,-1,-1,-1,-1,-1,-1,-1,-1,-1,-1,-1,0.127,0.599,-1,-1,-1,-1,-1,-1,-1
"216",-1,-0.996,-0.368,0.866,0.738,-0.923,-1,-1,-1,-1,-1,-1,-1,-0.075,0.462,-0.886,-1,-0.237,1,1,0.965,-0.814,-1,-1,-1,-1,-1,-1,-0.529,0.966,1,-0.324,-0.721,0.915,1,0.815,-0.458,-1,-1,-1,-1,-1,-1,-0.993,0.585,1,1,-0.214,-0.308,1,0.97,-0.531,-1,-1,-1,-1,-1,-1,-1,-0.425,1,1,0.607,-0.995,-0.141,1,0.667,-1,-1,-1,-1,-1,-1,-1,-0.972,0.648,1,1,0.048,-1,-0.283,1,0.945,-0.808,-1,-1,-1,-1,-1,-1,-0.134,1,1,1,-0.139,-1,-0.929,0.836,1,0.753,-0.097,-0.688,-0.927,-1,-0.784,-0.351,0.848,1,1,0.62,-0.939,-1,-1,-0.482,0.946,1,1,1,0.905,0.86,0.975,1,1,1,0.668,-0.746,-1,-1,-1,-1,-0.494,0.732,1,1,1,1,1,1,1,0.514,-0.935,-1,-1,-1,-1,-1,-1,-0.98,-0.633,-0.229,-0.023,-0.023,0.869,1,0.942,-0.654,-1,-1,-1,-1,-1,-1,-1,-1,-1,-1,-1,-0.721,0.953,1,0.064,-1,-1,-1,-1,-1,-1,-1,-1,-1,-1,-1,-1,0.024,1,0.796,-0.888,-1,-1,-1,-1,-1,-1,-1,-1,-1,-1,-1,-0.957,0.745,1,-0.115,-1,-1,-1,-1,-1,-1,-1,-1,-1,-1,-1,-1,-0.541,1,0.787,-0.937,-1,-1,-1,-1,-1,-1,-1,-1,-1,-1,-1,-1,-0.269,1,-0.114,-1,-1,-1,-1,-1,-1,-1,-1,-1,-1,-1,-1,-1,-0.619,0.766,-0.793,-1,-1,-1,-1,-1,-1,-1
"217",-1,-1,-1,-1,-0.742,0.663,1,0.479,-0.579,-1,-1,-1,-1,-1,-1,-1,-1,-1,-1,-0.961,0.785,1,1,1,0.944,0.062,-0.692,-0.693,-0.693,-0.693,-0.991,-1,-1,-1,-1,-0.079,1,1,1,1,1,1,1,1,1,0.994,-0.755,-1,-1,-1,-0.6,0.949,1,1,1,1,1,1,1,1,1,1,-0.676,-1,-1,-1,0.163,1,1,1,1,0.767,0.475,1,1,1,1,1,-0.542,-1,-1,-0.975,0.714,1,1,1,0.951,-0.513,-0.893,0.668,1,1,1,1,-0.456,-1,-1,-0.809,0.984,1,1,1,0.341,-1,-1,0.405,1,1,0.905,-0.077,-0.713,-1,-1,-0.533,1,1,1,1,-0.615,-1,-1,0.508,1,1,0.687,-1,-1,-1,-1,-0.43,1,1,1,0.798,-0.989,-1,-0.988,0.647,1,1,0.9,-0.938,-1,-1,-1,-0.925,0.935,1,1,0.705,-1,-1,-0.74,0.976,1,1,0.983,-0.84,-1,-1,-1,-1,0.451,1,1,0.893,-0.959,-0.963,0.485,1,1,1,1,-0.629,-1,-1,-1,-1,-0.298,1,1,1,-0.103,0.304,1,1,1,1,1,-0.543,-1,-1,-1,-1,-1,0.669,1,1,1,1,1,1,1,1,0.804,-0.876,-1,-1,-1,-1,-1,-0.639,0.896,1,1,1,1,1,1,1,0.067,-1,-1,-1,-1,-1,-1,-1,-0.278,0.982,1,1,1,1,1,0.436,-0.939,-1,-1,-1,-1,-1,-1,-1,-1,-0.706,0.105,0.904,1,1,0.177,-0.961,-1,-1,-1,-1
"218",-1,-1,-1,-1,-0.933,-0.488,0.183,0.531,-0.656,-1,-1,-1,-1,-1,-1,-1,-0.911,0.075,0.373,0.729,0.775,1,1,1,0.932,-0.714,-1,-1,-1,-1,-1,-1,-0.497,1,1,1,1,1,1,1,1,0.222,-1,-0.699,-1,-1,-1,-1,-0.242,1,1,1,1,1,1,1,1,0.955,-0.817,0.358,0.806,0.177,-0.058,-0.506,0.326,1,1,1,1,1,1,1,1,0.579,-0.909,0.803,1,1,1,0.224,0.744,1,1,1,1,1,1,1,0.904,-0.532,-0.415,0.987,1,1,1,-0.27,-0.279,-0.269,0.392,1,1,1,1,1,0.075,-1,0.242,1,1,1,1,-0.649,-1,-0.999,0.776,1,1,1,1,0.636,-0.859,-0.052,0.994,1,1,1,0.672,-0.953,-1,-0.378,1,1,1,1,0.935,-0.679,-0.085,1,1,1,1,1,-0.352,-1,-1,-0.174,1,1,1,1,0.198,-0.121,1,1,1,1,1,0.833,-0.842,-1,-1,0.206,1,1,1,1,0.623,1,1,1,1,1,1,-0.269,-1,-1,-1,0.171,1,1,1,1,1,1,1,1,1,1,0.476,-0.906,-1,-1,-1,-0.141,1,1,1,1,1,1,1,1,1,0.786,-0.752,-1,-1,-1,-1,-0.746,0.904,1,1,1,1,1,1,1,0.528,-0.886,-1,-1,-1,-1,-1,-1,-0.119,0.971,1,1,1,1,0.998,0.257,-0.88,-1,-1,-1,-1,-1,-1,-1,-1,-0.51,0.409,0.69,0.69,0.279,-0.393,-1,-1,-1,-1,-1,-1,-1
"219",-1,-1,-1,-1,-1,-1,-1,-1,-1,-1,-1,-1,-1,-1,-1,-1,-1,-1,-1,-1,-1,-1,-1,-1,-1,-1,-1,-0.836,-0.903,-1,-1,-1,-1,-1,-1,-1,-1,-1,-1,-1,-1,-0.911,0.03,0.915,0.929,-0.193,-1,-1,-1,-1,-1,-1,-1,-1,-1,-0.744,-0.109,0.712,1,1,1,0.966,-0.396,-1,-0.116,0.644,-0.091,-0.163,-0.044,0.329,0.78,0.961,1,1,1,1,1,1,0.732,-0.853,0.74,1,1,1,1,1,1,1,1,1,1,0.774,0.55,1,1,-0.113,0.731,1,1,1,1,1,1,1,1,1,0.846,-0.535,-0.784,1,1,0.72,-0.789,-0.202,0.293,0.704,0.993,1,1,1,1,0.966,-0.468,-0.956,0.27,1,1,0.787,-1,-1,-1,-1,-0.641,0.116,1,1,1,-0.069,-0.994,0.291,1,1,1,0.106,-1,-1,-1,-1,-1,0.238,1,1,0.677,-0.453,0.548,1,1,1,0.783,-0.769,-1,-1,-1,-1,-1,0.76,1,1,0.998,0.998,1,1,1,0.88,-0.522,-1,-1,-1,-1,-1,-0.969,0.943,1,1,1,1,1,1,0.865,-0.371,-1,-1,-1,-1,-1,-1,-1,0.439,1,1,1,1,1,0.526,-0.789,-1,-1,-1,-1,-1,-1,-1,-1,-0.752,0.586,1,0.855,0.276,-0.369,-0.977,-1,-1,-1,-1,-1,-1,-1,-1,-1,-1,-0.99,-0.643,-0.984,-1,-1,-1,-1,-1,-1,-1,-1,-1,-1,-1,-1,-1,-1,-1,-1,-1,-1,-1,-1,-1,-1,-1
"220",-1,-1,-1,-0.755,0.81,-0.034,-1,-1,-1,-1,-0.996,0.002,0.886,-0.331,-1,-1,-1,-1,-0.879,0.651,1,0.929,-0.866,-1,-1,-1,-0.097,1,1,0.049,-1,-1,-1,-1,-0.069,1,1,0.266,-1,-1,-1,-0.544,0.978,1,0.474,-0.953,-1,-1,-1,-1,0.257,1,0.611,-0.938,-1,-1,-0.98,0.55,1,1,-0.361,-1,-1,-1,-1,-1,0.26,1,0.306,-0.697,-0.697,-0.697,0.007,1,1,1,0.979,-0.71,-1,-1,-1,-1,-0.508,0.997,1,1,1,1,1,1,1,0.998,0.204,-0.998,-1,-1,-1,-1,-1,-0.241,0.899,1,1,1,1,1,0.783,-0.22,-1,-1,-1,-1,-1,-1,-1,-1,-0.841,-0.247,0.184,0.711,1,0.978,-0.753,-1,-1,-1,-1,-1,-1,-1,-1,-1,-1,-1,-1,0.524,1,0.56,-1,-1,-1,-1,-1,-1,-1,-1,-1,-1,-1,-1,-0.997,0.801,1,0.044,-1,-1,-1,-1,-1,-1,-1,-1,-1,-1,-1,-1,-0.936,0.969,1,-0.185,-1,-1,-1,-1,-1,-1,-1,-1,-1,-1,-1,-1,-0.804,1,1,-0.557,-1,-1,-1,-1,-1,-1,-1,-1,-1,-1,-1,-1,-0.752,1,1,-0.684,-1,-1,-1,-1,-1,-1,-1,-1,-1,-1,-1,-1,-0.732,1,1,-0.743,-1,-1,-1,-1,-1,-1,-1,-1,-1,-1,-1,-1,-0.971,0.958,1,-0.765,-1,-1,-1,-1,-1,-1,-1,-1,-1,-1,-1,-1,-1,-0.073,0.873,-0.747,-1,-1,-1,-1,-1,-1
"221",-1,-1,-1,-1,-1,-1,-1,-1,-1,-1,0.657,-0.533,-1,-1,-1,-1,-1,-1,-1,-1,-1,-1,-1,-1,-1,-1,0.801,-0.339,-1,-1,-1,-1,-1,-1,-1,-1,-1,-1,-1,-1,-1,-1,0.657,-0.28,-1,-1,-1,-1,-1,-1,-1,-1,-1,-1,-1,-1,-1,-1,0.724,-0.052,-1,-1,-1,-1,-1,-1,-1,-0.14,-0.577,-1,-1,-1,-1,-1,0.549,-0.014,-1,-1,-1,-1,-1,-1,-1,-0.078,0.56,-1,-1,-1,-1,-1,0.468,0.235,-1,-1,-1,-1,-1,-1,-1,-0.284,0.878,-0.975,-1,-1,-1,-1,0.262,0.6,-1,-1,-1,-1,-1,-1,-1,-0.323,0.873,-0.931,-1,-1,-1,-1,0.139,0.491,-1,-1,-1,-1,-1,-1,-1,0.196,0.756,-0.996,-1,-1,-1,-1,0.006,0.613,-1,-1,-1,-1,-1,-1,-1,0.705,0.501,-0.444,0.328,0.925,0.91,0.538,0.582,0.886,-0.729,-1,-1,-1,-1,-1,-0.821,0.951,1,0.958,0.742,0.072,-0.447,-0.212,0.479,0.997,0.549,-0.805,-1,-1,-1,-1,-0.862,0.911,0.545,-0.586,-1,-1,-1,-1,-0.162,0.909,-0.959,-1,-1,-1,-1,-1,-1,-0.867,-0.965,-1,-1,-1,-1,-1,-0.137,0.85,-0.978,-1,-1,-1,-1,-1,-1,-1,-1,-1,-1,-1,-1,-1,-0.218,1,-0.753,-1,-1,-1,-1,-1,-1,-1,-1,-1,-1,-1,-1,-1,-0.161,1,-0.388,-1,-1,-1,-1,-1,-1,-1,-1,-1,-1,-1,-1,-1,-0.542,0.836,-0.854,-1,-1,-1
"222",-1,-1,-1,-1,-1,-1,-1,-1,-1,-1,-1,0.146,0.055,-1,-1,-1,-1,-1,-1,-1,-0.832,-0.934,-1,-1,-1,-1,-1,0.319,0.84,-0.996,-1,-1,-1,-1,-1,-0.957,0.649,0.407,-1,-1,-1,-1,-1,0.128,0.94,-0.954,-1,-1,-1,-1,-1,-0.81,0.998,0.864,-0.871,-1,-1,-1,-1,0.172,0.991,-0.862,-1,-1,-1,-1,-1,-0.494,0.883,1,-0.521,-1,-1,-1,-1,0.223,1,-0.741,-1,-1,-1,-1,-1,-0.425,0.251,1,-0.532,-1,-1,-1,-1,0.016,1,-0.703,-1,-1,-1,-1,-1,-1,-0.019,0.99,-0.84,-1,-1,-1,-1,0.128,1,-0.767,-1,-1,-1,-1,-1,-1,0.63,0.762,-0.994,-1,-1,-1,-1,0.252,1,-0.851,-1,-1,-1,-1,-1,-0.835,0.985,0.312,-1,-1,-1,-0.926,-0.618,0.486,0.907,-0.947,-1,-1,-1,-1,-1,-0.136,1,-0.435,-0.789,-0.178,0.483,0.998,1,1,0.771,-1,-1,-1,-1,-1,-0.982,0.637,0.939,0.235,0.881,1,0.764,0.05,-0.435,0.765,0.724,-1,-1,-1,-1,-1,-0.76,0.992,1,0.925,0.351,-0.503,-0.99,-1,-1,0.729,0.737,-1,-1,-1,-1,-1,-1,-0.154,0.088,-0.623,-1,-1,-1,-1,-1,0.801,0.516,-1,-1,-1,-1,-1,-1,-1,-1,-1,-1,-1,-1,-1,-0.986,0.919,0.182,-1,-1,-1,-1,-1,-1,-1,-1,-1,-1,-1,-1,-1,-0.853,0.996,-0.136,-1,-1,-1,-1,-1,-1,-1,-1,-1,-1,-1,-1,-1,-0.868,0.811,-0.455,-1,-1,-1
"223",-1,-1,-1,-1,-1,-1,-0.952,-0.52,0.501,0.784,-0.716,-1,-1,-1,-1,-1,-1,-1,-1,-1,-1,-0.932,0.543,1,1,0.124,-0.97,-1,-1,-1,-1,-1,-1,-1,-1,-1,-0.935,0.3,1,0.669,0.936,0.312,-0.985,-1,-1,-1,-1,-1,-1,-1,-1,-1,0.069,1,0.386,-0.912,-0.128,1,0.177,-1,-1,-1,-1,-1,-1,-1,-1,-0.655,0.984,0.655,-0.984,-1,-1,0.07,1,-0.416,-1,-1,-1,-1,-1,-1,-1,0.54,1,-0.441,-1,-1,-1,-0.948,0.661,0.681,-0.937,-1,-1,-1,-1,-1,-0.761,0.968,0.447,-1,-1,-1,-1,-1,-0.101,1,-0.195,-1,-1,-1,-1,-1,-0.174,1,-0.073,-1,-1,-1,-1,-1,-0.881,0.719,0.825,-0.861,-1,-1,-1,-1,0.098,1,-0.444,-1,-1,-1,-1,-1,-1,-0.025,1,-0.419,-1,-1,-1,-1,-0.074,1,-0.667,-1,-1,-1,-1,-1,-1,-0.395,1,-0.05,-1,-1,-1,-1,-0.098,1,-0.346,-1,-1,-1,-1,-1,-1,-0.468,1,0.073,-1,-1,-1,-1,-0.468,1,0.023,-1,-1,-1,-1,-1,-1,0.446,1,-0.446,-1,-1,-1,-1,-0.85,0.865,0.837,-0.95,-1,-1,-1,-0.926,-0.022,1,0.51,-0.969,-1,-1,-1,-1,-1,-0.046,1,0.117,-0.971,-1,-0.347,0.585,1,0.831,-0.6,-1,-1,-1,-1,-1,-1,-0.948,0.495,1,0.8,0.805,1,0.959,0.172,-0.888,-1,-1,-1,-1,-1,-1,-1,-1,-0.929,0.126,0.807,0.994,0.385,-0.619,-1,-1,-1,-1,-1,-1
"224",-1,-1,-1,-1,-1,-1,-0.973,0.689,-0.32,-1,-1,-1,-1,-1,-1,-1,-1,-1,-1,-1,-1,-1,-0.773,0.995,0.243,-1,-1,-1,-1,-1,-1,-1,-1,-1,-1,-1,-1,-1,-0.757,1,0.522,-1,-1,-1,-1,-1,-1,-1,-1,-1,-1,-1,-1,-1,-0.856,1,0.777,-1,-1,-1,-1,-1,-1,-1,-1,-1,-1,-1,-1,-1,-0.966,0.909,0.642,-1,-1,-1,-1,-1,-1,-1,-1,-1,-1,-1,-1,-1,-0.952,0.976,0.915,-0.993,-1,-1,-1,-1,-1,-1,-1,-1,-1,-1,-1,-1,-1,0.745,1,-0.8,-1,-1,-1,-1,-1,-1,-1,-1,-1,-1,-1,-1,-0.997,0.895,1,-0.568,-1,-1,-1,-1,-1,-1,-1,-1,-1,-1,-1,-1,-0.996,0.818,1,-0.685,-1,-1,-1,-1,-1,-1,-1,-1,-1,-1,-1,-1,-0.953,0.893,1,-0.838,-1,-1,-1,-1,-1,-1,-1,-1,-1,-1,-1,-1,-0.978,0.938,0.988,-0.775,-1,-1,-1,-1,-1,-1,-1,-1,-1,-1,-1,-1,-0.826,1,0.843,-1,-1,-1,-1,-1,-1,-1,-1,-1,-1,-1,-1,-1,-0.739,1,0.678,-1,-1,-1,-1,-1,-1,-1,-1,-1,-1,-1,-1,-1,-0.646,1,0.525,-1,-1,-1,-1,-1,-1,-1,-1,-1,-1,-1,-1,-1,-0.625,1,0.378,-1,-1,-1,-1,-1,-1,-1,-1,-1,-1,-1,-1,-1,-0.948,0.575,-0.027,-1,-1,-1,-1,-1,-1,-1
"225",-1,-1,-1,-1,-1,-0.989,-0.695,0.155,0.687,1,0.879,-0.924,-1,-1,-1,-1,-1,-1,-1,-1,-0.9,0.328,1,1,1,0.628,-0.507,-1,-1,-1,-1,-1,-1,-1,-1,-0.864,0.624,1,0.835,0.667,1,0.888,-0.358,-1,-1,-1,-1,-1,-1,-1,-1,0.484,1,0.506,-0.786,-0.995,-0.582,0.712,0.974,-0.136,-0.99,-1,-1,-1,-1,-1,-0.152,1,0.498,-1,-1,-1,-1,-0.825,0.753,1,0.022,-0.994,-1,-1,-1,-0.875,0.893,0.958,-0.74,-1,-1,-1,-1,-1,-0.669,0.942,1,-0.208,-1,-1,-1,-0.366,1,0.491,-1,-1,-1,-1,-1,-1,-1,-0.587,0.902,0.895,-0.837,-1,-1,0.25,1,-0.014,-1,-1,-1,-1,-1,-1,-1,-1,0.16,1,0.047,-1,-1,0.7,0.999,-0.713,-1,-1,-1,-1,-1,-1,-1,-1,-0.497,1,0.509,-0.998,-0.947,0.876,1,-0.887,-1,-1,-1,-1,-1,-1,-1,-1,-0.878,1,0.892,-0.945,-0.994,0.764,1,-0.506,-1,-1,-1,-1,-1,-1,-1,-1,-0.731,0.999,0.801,-1,-1,0.334,1,-0.126,-1,-1,-1,-1,-1,-1,-1,-1,-0.282,1,0.406,-1,-1,-0.545,1,0.653,-0.955,-1,-1,-1,-1,-1,-1,-0.846,0.9,0.92,-0.628,-1,-1,-0.975,0.441,1,0.207,-0.856,-1,-1,-1,-0.659,-0.139,0.739,1,-0.044,-1,-1,-1,-1,-0.795,0.718,1,0.891,0.415,0.516,0.589,0.985,1,0.902,0.011,-0.985,-1,-1,-1,-1,-1,-0.931,0.08,0.79,1,1,0.877,0.481,-0.026,-0.786,-1,-1,-1,-1
"226",-1,-1,-1,-1,-1,-1,-1,-1,0.329,-0.931,-1,-1,-1,-1,-1,-1,-1,-1,-1,-1,-1,-1,-1,-1,0.849,-0.407,-1,-1,-1,-1,-1,-1,-1,-1,-1,-1,-1,-1,-1,-0.971,0.958,-0.308,-1,-1,-1,-1,-1,-1,-1,-1,-1,-1,-1,-1,-1,-0.937,0.935,-0.351,-1,-1,-1,-1,-1,-1,-1,-1,-1,-1,-0.533,-0.914,-1,-0.969,0.979,-0.481,-1,-1,-1,-1,-1,-1,-1,-1,-1,-0.915,0.774,-0.252,-1,-0.663,1,-0.319,-1,-1,-1,-1,-1,-1,-1,-1,-1,-0.639,1,-0.58,-1,-0.675,1,-0.426,-1,-1,-1,-1,-1,-1,-1,-1,-1,-0.375,1,-0.781,-1,-0.553,1,-0.706,-1,-1,-1,-1,-1,-1,-1,-1,-1,-0.529,1,-0.392,-0.778,-0.192,0.974,-0.881,-1,-0.663,-0.808,-1,-1,-1,-1,-1,-1,-0.914,0.67,1,1,1,0.996,0.821,0.659,0.567,-0.739,-1,-1,-1,-1,-1,-1,-1,-0.948,-0.607,-0.401,0.271,0.933,-0.378,-0.552,-0.993,-1,-1,-1,-1,-1,-1,-1,-1,-1,-1,-1,0.221,0.687,-1,-1,-1,-1,-1,-1,-1,-1,-1,-1,-1,-1,-1,-1,0.303,0.415,-1,-1,-1,-1,-1,-1,-1,-1,-1,-1,-1,-1,-1,-1,0.631,0.15,-1,-1,-1,-1,-1,-1,-1,-1,-1,-1,-1,-1,-1,-1,0.619,0.012,-1,-1,-1,-1,-1,-1,-1,-1,-1,-1,-1,-1,-1,-1,0.172,0.127,-1,-1,-1,-1,-1,-1,-1
"227",-1,-1,-1,-1,-0.799,-0.935,-1,-1,-1,-1,-1,-1,-1,-1,-0.382,0.553,-1,-1,-1,-0.469,0.903,0.023,-1,-1,-1,-1,-1,-1,-1,-0.977,0.58,0.1,-1,-1,-1,0.508,0.978,-0.519,-1,-1,-1,-1,-1,-1,-1,-0.212,0.936,-0.732,-1,-1,-1,0.695,0.429,-1,-1,-1,-1,-1,-1,-1,-1,0.64,0.13,-1,-1,-1,0.017,0.996,-0.667,-1,-1,-1,-1,-1,-1,-1,-0.784,0.949,-0.372,-1,-1,-0.556,0.957,-0.011,-1,-1,-1,-1,-1,-1,-1,-1,-0.161,0.998,-0.912,-1,-0.926,0.689,0.582,-0.976,-1,-1,-1,-1,-1,-1,-1,-0.999,0.27,0.543,-1,-1,-0.074,0.923,-0.569,-1,-1,-1,-1,-1,-1,-0.351,0.47,0.684,0.998,0.968,-0.903,-1,0.428,0.254,-1,-1,-1,-1,-0.794,-0.206,0.558,1,0.993,0.652,1,0.12,-1,-1,0.482,0.844,0.095,0.055,0.474,0.689,0.962,0.985,0.449,-0.188,-0.757,-0.498,0.996,-0.64,-1,-1,-0.564,0.609,0.895,0.895,0.679,0.465,-0.014,-0.594,-1,-1,-1,0.066,0.881,-1,-1,-1,-1,-1,-1,-1,-1,-1,-1,-1,-1,-1,-1,0.52,0.428,-1,-1,-1,-1,-1,-1,-1,-1,-1,-1,-1,-1,-1,-1,0.866,0.081,-1,-1,-1,-1,-1,-1,-1,-1,-1,-1,-1,-1,-1,-0.94,0.994,-0.106,-1,-1,-1,-1,-1,-1,-1,-1,-1,-1,-1,-1,-1,0.106,1,-0.316,-1,-1,-1,-1,-1,-1,-1,-1,-1,-1,-1,-1,-1,0.337,0.507,-0.941,-1,-1,-1
"228",-1,-1,-1,-1,-1,-1,-1,-1,-1,-0.972,0.269,-0.172,-1,-1,-1,-1,-1,-1,-1,-1,-1,-1,-0.625,-1,-0.745,0.587,0.745,-0.837,-1,-1,-1,-1,-1,-1,-1,-1,-1,-0.725,0.988,0.544,0.831,0.66,-0.797,-1,-1,-1,-1,-1,-1,-1,-1,-1,-1,-1,0.183,1,1,0.192,-1,-1,-1,-1,-1,-1,-1,-1,-1,-1,-1,-0.022,1,0.365,0.51,1,0.022,-1,-1,-1,-1,-1,-1,-1,-1,-1,0.148,1,0.31,-0.959,-0.916,0.565,1,-0.524,-1,-1,-1,-1,-1,-1,-1,-0.181,1,0.556,-0.999,-1,-1,-0.714,0.908,0.714,-0.908,-1,-1,-1,-1,-1,-0.805,0.919,0.555,-0.919,-1,-1,-1,-1,-0.261,1,0.136,-1,-1,-1,-1,-1,0.034,1,-0.659,-1,-1,-1,-1,-1,-1,0.409,0.914,-0.823,-1,-1,-1,-1,0.58,0.42,-1,-1,-1,-1,-1,-1,-1,-0.42,1,-0.205,-1,-1,-1,-1,0.375,0.75,-1,-1,-1,-1,-1,-1,-1,-0.953,0.829,0.375,-1,-1,-1,-1,-0.08,1,-0.67,-1,-1,-1,-1,-1,-1,-1,0.795,0.579,-1,-1,-1,-1,-0.535,1,0.573,-0.788,-1,-1,-1,-1,-1,-0.791,0.882,0.284,-1,-1,-1,-1,-1,0.011,1,0.951,-0.255,-0.956,-1,-1,-0.669,0.555,1,-0.386,-1,-1,-1,-1,-1,-1,-0.192,0.998,1,1,0.75,1,1,0.999,-0.181,-1,-1,-1,-1,-1,-1,-1,-1,-0.741,0.051,0.5,0.5,0.625,0.469,-0.53,-1,-1,-1,-1
"229",-1,-1,-1,-1,-1,-1,-0.999,0.321,-0.225,-1,-1,-1,-1,-1,-1,-1,-1,-1,-1,-1,-1,-1,-1,1,-0.456,-1,-1,-1,-1,-1,-1,-1,-1,-1,-1,-1,-1,-1,-1,0.963,-0.129,-1,-1,-1,-1,-1,-1,-1,-1,-1,-1,-1,-1,-1,-1,0.659,0.22,-1,-1,-1,-1,-1,-1,-1,-1,-1,-1,-1,-1,-1,-1,0.22,0.503,-1,-1,-1,-1,-1,-1,-1,-1,-1,-1,-1,-1,-1,-1,0.005,0.763,-1,-1,-1,-1,-1,-1,-1,-1,-1,-1,-1,-1,-1,-1,-0.032,1,-1,-1,-1,-1,-1,-1,-1,-1,-1,-1,-1,-1,-1,-1,-0.068,0.679,-0.999,-1,-1,-1,-1,-1,-1,-1,-1,-1,-1,-1,-1,-1,0.14,0.65,-1,-1,-1,-1,-1,-1,-1,-1,-1,-1,-1,-1,-1,-1,0.282,0.686,-1,-1,-1,-1,-1,-1,-1,-1,-1,-1,-1,-1,-1,-1,0.245,0.723,-1,-1,-1,-1,-1,-1,-1,-1,-1,-1,-1,-1,-1,-1,0.566,0.671,-1,-1,-1,-1,-1,-1,-1,-1,-1,-1,-1,-1,-1,-0.999,0.841,0.373,-1,-1,-1,-1,-1,-1,-1,-1,-1,-1,-1,-1,-1,-1,0.983,0.409,-1,-1,-1,-1,-1,-1,-1,-1,-1,-1,-1,-1,-1,-1,0.947,-0.045,-1,-1,-1,-1,-1,-1,-1,-1,-1,-1,-1,-1,-1,-1,0.642,-0.276,-1,-1,-1,-1,-1,-1,-1
"230",-1,-1,-1,-1,-1,-1,-1,0.097,-0.03,-1,-1,-1,-1,-1,-1,-1,-1,-1,-1,-1,-1,-1,-1,-0.132,0.494,-1,-1,-1,-1,-1,-1,-1,-1,-1,-1,-1,-1,-1,-1,0.049,0.575,-1,-1,-1,-1,-1,-1,-1,-1,-1,-1,-1,-1,-1,-1,0.332,0.599,-1,-1,-1,-1,-1,-1,-1,-1,-1,-1,-1,-1,-1,-1,0.513,0.54,-1,-1,-1,-1,-1,-1,-1,-1,-1,-1,-1,-1,-1,-1,0.489,0.59,-1,-1,-1,-1,-1,-1,-1,-1,-1,-1,-1,-1,-1,-1,0.772,0.198,-1,-1,-1,-1,-1,-1,-1,-1,-1,-1,-1,-1,-1,-0.976,0.928,-0.022,-1,-1,-1,-1,-1,-1,-1,-1,-1,-1,-1,-1,-1,-0.867,1,-0.202,-1,-1,-1,-1,-1,-1,-1,-1,-1,-1,-1,-1,-1,-0.877,0.986,-0.14,-1,-1,-1,-1,-1,-1,-1,-1,-1,-1,-1,-1,-1,-0.967,0.969,-0.212,-1,-1,-1,-1,-1,-1,-1,-1,-1,-1,-1,-1,-1,-0.94,0.956,0.043,-1,-1,-1,-1,-1,-1,-1,-1,-1,-1,-1,-1,-1,-1,0.82,0.361,-1,-1,-1,-1,-1,-1,-1,-1,-1,-1,-1,-1,-1,-1,0.501,0.679,-1,-1,-1,-1,-1,-1,-1,-1,-1,-1,-1,-1,-1,-1,0.183,0.967,-0.969,-1,-1,-1,-1,-1,-1,-1,-1,-1,-1,-1,-1,-1,-0.405,0.846,-0.875,-1,-1,-1,-1,-1,-1
"231",-1,-1,-1,-1,-1,-1,-1,-0.099,0.879,-0.991,-1,-1,-1,-1,-1,-1,-1,-1,-1,-1,-1,-1,-1,0.585,0.962,-1,-1,-1,-1,-1,-1,-1,-1,-1,-1,-1,-1,-1,-0.847,0.988,0.415,-1,-1,-1,-1,-1,-1,-1,-1,-1,-1,-1,-1,-1,-0.788,1,0.343,-1,-1,-1,-1,-1,-1,-1,-1,-1,-1,-1,-1,-1,-0.732,1,0.376,-1,-1,-1,-1,-1,-1,-1,-1,-1,-1,-1,-1,-1,-0.677,1,0.74,-1,-1,-1,-1,-1,-1,-1,-1,-1,-1,-1,-1,-1,-0.621,1,0.684,-1,-1,-1,-1,-1,-1,-1,-1,-1,-1,-1,-1,-1,-0.566,1,0.629,-1,-1,-1,-1,-1,-1,-1,-1,-1,-1,-1,-1,-1,-0.51,1,0.573,-1,-1,-1,-1,-1,-1,-1,-1,-1,-1,-1,-1,-1,-0.455,1,0.26,-1,-1,-1,-1,-1,-1,-1,-1,-1,-1,-1,-1,-1,-0.399,1,0.293,-1,-1,-1,-1,-1,-1,-1,-1,-1,-1,-1,-1,-1,-0.344,1,-0.101,-1,-1,-1,-1,-1,-1,-1,-1,-1,-1,-1,-1,-1,-0.288,1,0.126,-1,-1,-1,-1,-1,-1,-1,-1,-1,-1,-1,-1,-1,-0.636,1,0.761,-0.917,-1,-1,-1,-1,-1,-1,-1,-1,-1,-1,-1,-1,-0.935,0.589,1,-0.607,-1,-1,-1,-1,-1,-1,-1,-1,-1,-1,-1,-1,-1,-0.161,0.916,-0.595,-1,-1,-1,-1,-1,-1
"232",-1,-1,-1,-1,-0.773,-0.404,0.441,0.922,1,0.485,-0.848,-1,-1,-1,-1,-1,-1,-1,-1,-0.68,0.854,0.976,0.368,-0.046,0.313,0.997,0.517,-0.945,-1,-1,-1,-1,-1,-1,-0.977,0.57,1,0.269,-1,-1,-1,-0.088,0.987,0.001,-1,-1,-1,-1,-1,-1,-0.101,1,0.58,-0.419,-1,-1,-1,-1,0.251,0.951,-0.514,-1,-1,-1,-1,-0.743,0.91,0.82,-0.928,-1,-1,-1,-1,-1,-0.714,0.893,0.504,-0.994,-1,-1,-1,-0.315,1,-0.201,-1,-1,-1,-1,-1,-1,-1,-0.136,1,-0.418,-1,-1,-1,-0.009,0.588,-0.974,-1,-1,-1,-1,-1,-1,-1,-0.915,0.707,0.721,-0.945,-1,-1,-0.006,-0.388,-1,-1,-1,-1,-1,-1,-1,-1,-1,-0.22,1,-0.334,-1,-1,-0.021,-0.994,-1,-1,-1,-1,-1,-1,-1,-1,-1,-0.964,0.808,0.481,-1,-1,-0.455,-1,-1,-1,-1,-1,-1,-1,-1,-1,-1,-1,0.15,0.918,-0.94,-1,-0.75,-1,-1,-1,-1,-1,-1,-1,-1,-1,-1,-1,-0.339,1,-0.707,-0.974,-0.412,-1,-1,-1,-1,-1,-1,-1,-1,-1,-1,-1,-0.078,0.972,-0.94,-1,0.499,-0.886,-1,-1,-1,-1,-1,-1,-1,-1,-1,-0.4,0.848,0.287,-1,-0.849,0.997,0.905,0.12,-0.52,-0.981,-1,-1,-1,-0.88,-0.323,0.496,0.99,0.244,-0.96,-1,-0.802,0.446,1,1,1,0.943,0.939,0.939,0.939,0.955,1,0.788,-0.17,-0.989,-1,-1,-1,-0.999,-0.6,0.015,0.485,0.507,0.89,0.852,0.371,0.01,-0.477,-0.976,-1,-1,-1,-1
"233",-1,-1,-1,-1,-1,-0.987,-0.488,0.866,-0.466,-1,-1,-1,-1,-1,-1,-1,-1,-1,-1,-1,-0.88,0.325,1,1,0.114,-1,-1,-1,-1,-1,-1,-1,-1,-1,-1,-1,-0.381,1,1,1,0.921,0.343,-0.956,-1,-1,-1,-1,-1,-1,-1,-1,-0.914,0.442,1,1,1,1,1,-0.029,-1,-1,-1,-1,-1,-1,-1,-1,-0.431,1,1,1,1,1,1,0.814,-0.624,-1,-1,-1,-1,-1,-1,-0.955,0.343,1,1,1,1,1,1,1,0.949,0.233,-1,-1,-1,-1,-1,-0.482,1,1,1,1,1,1,1,0.557,1,0.946,-0.457,-1,-1,-1,-1,0.249,1,1,1,1,1,0.085,-0.684,-0.912,0.99,1,0.354,-1,-1,-1,-0.963,0.589,1,1,1,1,1,0.138,-1,-1,0.809,1,0.997,-0.912,-1,-1,-0.907,0.998,1,1,0.379,1,1,0.382,-1,-0.724,0.909,1,1,-0.671,-1,-1,-0.97,0.861,1,0.959,-0.599,1,1,0.626,-1,-0.837,1,1,0.903,-0.729,-1,-1,-0.555,1,1,0.545,-0.185,1,1,0.924,-0.522,-0.367,0.995,1,0.266,-1,-1,-1,-0.799,1,1,1,1,1,1,1,0.76,0.885,1,0.915,-0.69,-1,-1,-1,-0.996,0.066,1,1,1,1,1,1,1,1,0.949,-0.342,-1,-1,-1,-1,-1,-0.965,0.128,0.845,1,1,1,1,1,0.572,-0.159,-1,-1,-1,-1,-1,-1,-1,-1,-0.596,0.157,0.157,0.702,0.677,0.013,-0.933,-1,-1,-1,-1,-1
"234",-1,-1,-1,-1,-1,-1,-0.879,0.4,0.603,-0.793,-1,-1,-1,-1,-1,-1,-1,-1,-1,-1,-1,-0.982,0.264,1,1,0.801,-0.944,-1,-1,-1,-1,-1,-1,-1,-1,-1,-1,-0.681,1,1,1,1,-0.525,-1,-1,-1,-1,-1,-1,-1,-1,-1,-1,-0.614,0.942,1,1,1,-0.724,-1,-1,-1,-1,-1,-1,-1,-1,-1,-1,-1,-0.413,1,1,0.952,-0.838,-1,-1,-1,-1,-1,-1,-1,-1,-1,-1,-1,0.014,1,1,0.523,-0.989,-1,-1,-1,-1,-1,-1,-1,-1,-1,-1,-1,0.233,1,1,0.296,-1,-1,-1,-1,-1,-1,-1,-1,-1,-1,-1,-0.815,0.971,1,1,-0.132,-1,-1,-1,-1,-1,-1,-1,-1,-1,-1,-1,-0.682,1,1,1,-0.313,-1,-1,-1,-1,-1,-1,-1,-1,-1,-1,-1,-0.889,0.912,1,0.955,-0.734,-1,-1,-1,-1,-1,-1,-1,-1,-1,-1,-1,-0.809,0.993,1,0.984,-0.867,-1,-1,-1,-1,-1,-1,-1,-1,-1,-1,-1,-0.578,1,1,1,-0.398,-1,-1,-1,-1,-1,-1,-1,-1,-1,-1,-1,-0.967,0.903,1,1,0.173,-0.99,-1,-1,-1,-1,-1,-1,-1,-1,-1,-1,-1,0.184,1,1,0.909,-0.822,-1,-1,-1,-1,-1,-1,-1,-1,-1,-1,-1,-0.859,0.606,1,0.876,-0.951,-1,-1,-1,-1,-1,-1,-1,-1,-1,-1,-1,-1,-0.679,0.988,0.459,-1,-1,-1,-1,-1,-1
"235",-1,-1,-1,-1,-1,-0.08,0.796,0.999,0.77,-0.828,-1,-1,-1,-1,-1,-1,-1,-1,-1,-0.809,0.498,0.993,1,1,1,0.039,-1,-1,-1,-1,-1,-1,-1,-1,-1,0.682,1,1,1,1,1,0.81,-0.342,-1,-1,-1,-1,-1,-1,-1,-0.796,0.981,0.907,0.225,-0.765,-0.379,0.619,1,0.969,0.512,-0.919,-1,-1,-1,-1,-1,-0.381,1,0.143,-1,-1,-1,-0.79,0.79,1,1,0.226,-1,-1,-1,-1,-1,-0.027,-0.137,-0.938,-1,-1,-1,-1,-0.499,0.936,1,0.989,-0.533,-1,-1,-1,-1,-0.8,-1,-1,-1,-1,-1,-1,-0.989,0.696,1,1,0.02,-1,-1,-1,-1,-1,-1,-1,-1,-1,-1,-1,-1,0.142,1,1,-0.215,-1,-1,-1,-1,-1,-1,-1,-1,-1,-1,-1,-1,-0.188,1,1,-0.65,-1,-1,-1,-1,-1,-1,-1,-1,-1,-1,-1,-0.729,0.708,1,0.866,-0.952,-1,-1,-1,-1,-1,-1,-1,-1,-1,-1,-0.986,-0.133,1,1,0.313,-1,-1,-1,-1,-1,-1,-1,-1,-1,-1,-0.922,-0.086,0.988,1,0.795,-0.916,-1,-1,-1,-1,-1,-1,-0.972,-0.806,-0.806,0.146,0.418,1,1,0.916,-0.471,-1,-1,-1,-1,-1,-1,-1,-0.659,1,1,1,1,1,0.884,-0.473,-1,-1,-1,-1,-1,-1,-1,-1,-0.224,1,1,1,0.969,0.118,-0.675,-1,-1,-1,-1,-1,-1,-1,-1,-1,0.211,0.999,0.999,0.416,-0.436,-1,-1,-1,-1,-1,-1,-1,-1
"236",-1,-1,-1,-1,-0.981,0.409,1,0.453,-0.449,-0.997,-1,-1,-1,-1,-1,-1,-1,-1,-1,-0.931,0.002,1,1,1,1,0.177,-0.252,-0.919,-1,-1,-1,-1,-1,-1,-0.468,0.592,1,1,1,1,1,1,1,0.765,-0.554,-1,-1,-1,-1,-0.7,0.818,1,1,0.946,0.758,0.423,-0.212,-0.212,0.772,1,0.919,-0.3,-0.995,-1,-1,-0.061,1,1,0.805,-0.397,-1,-1,-1,-1,-0.765,0.516,1,1,-0.11,-1,-1,0.17,1,1,-0.352,-1,-1,-1,-1,-1,-1,-0.9,0.415,1,0.657,-1,-1,0.079,1,0.677,-0.82,-1,-1,-1,-1,-1,-1,-1,-0.721,0.822,0.978,-0.906,-1,0.37,1,-0.021,-1,-1,-1,-1,-1,-1,-1,-1,-1,0.393,0.689,-0.909,-0.989,0.473,0.956,-0.562,-1,-1,-1,-1,-1,-1,-1,-1,-0.787,0.765,0.908,-0.977,-1,0.775,0.768,-0.959,-1,-1,-1,-1,-1,-1,-1,-1,-0.203,1,1,-0.655,-0.761,0.915,0.548,-1,-1,-1,-1,-1,-1,-1,-1,-0.683,0.858,1,0.859,-0.893,-0.982,0.897,0.928,-0.612,-1,-1,-1,-1,-1,-0.88,-0.273,0.617,1,1,0.025,-0.996,-0.608,0.962,1,0.899,-0.086,-0.212,-0.212,-0.212,-0.187,0.782,1,1,1,0.935,-0.638,-1,-0.917,0.562,1,1,1,1,1,1,1,1,1,1,0.718,-0.298,-1,-1,-1,-0.948,0.268,1,1,1,1,1,1,1,0.497,-0.099,-0.913,-1,-1,-1,-1,-1,-0.984,-0.94,-0.211,0.03,0.03,0.75,0.25,-0.376,-0.97,-1,-1,-1,-1,-1
"237",-1,-1,-1,-1,-0.462,0.707,-0.734,-1,-1,-1,-0.947,0.264,-0.436,-1,-1,-1,-1,-1,-1,-1,0.106,1,-0.019,-1,-1,-1,-0.136,1,0.716,-1,-1,-1,-1,-1,-1,-1,0.317,1,-0.279,-1,-1,-1,0.419,1,-0.351,-1,-1,-1,-1,-1,-1,-0.952,0.864,0.923,-0.856,-1,-1,-0.842,0.914,0.936,-0.882,-1,-1,-1,-1,-1,-1,-0.051,1,0.424,-1,-1,-1,-0.411,1,0.616,-0.999,-1,-1,-1,-1,-1,-0.869,0.905,0.981,-0.527,-1,-1,-1,0.124,1,0.096,-0.79,-0.871,-1,-1,-1,-0.995,0.591,1,0.515,-1,-0.92,-0.416,0.088,0.819,1,0.901,1,0.871,-0.879,-1,-1,-0.47,0.996,1,0.651,0.671,0.969,1,1,1,1,0.842,1,1,-0.362,-1,-1,-0.368,0.997,1,1,0.991,0.965,0.464,0.703,1,0.287,-0.877,-0.719,-0.719,-0.867,-1,-1,-1,-0.258,0.56,0.086,-0.577,-1,-1,0.434,1,-0.199,-1,-1,-1,-1,-1,-1,-1,-1,-1,-1,-1,-1,-0.956,0.837,0.993,-0.63,-1,-1,-1,-1,-1,-1,-1,-1,-1,-1,-1,-1,-0.517,0.994,0.861,-0.974,-1,-1,-1,-1,-1,-1,-1,-1,-1,-1,-1,-1,-0.244,1,0.42,-1,-1,-1,-1,-1,-1,-1,-1,-1,-1,-1,-1,-1,0.37,1,0.279,-1,-1,-1,-1,-1,-1,-1,-1,-1,-1,-1,-1,-1,-0.069,1,0.56,-1,-1,-1,-1,-1,-1,-1,-1,-1,-1,-1,-1,-1,-0.903,0.655,0.478,-1,-1,-1,-1,-1,-1
"238",-1,-1,-1,-1,-1,-1,-0.809,0.992,0.402,-0.808,-1,-1,-1,-1,-1,-1,-1,-1,-1,-1,-1,-1,-0.654,0.999,1,0.654,-0.999,-1,-1,-1,-1,-1,-1,-1,-1,-1,-1,-1,-0.049,1,0.936,-0.554,-1,-1,-1,-1,-1,-1,-1,-1,-1,-1,-1,-1,0.114,1,0.733,-0.958,-1,-1,-1,-1,-1,-1,-1,-1,-1,-1,-1,-1,0.276,1,0.391,-1,-1,-1,-1,-1,-1,-1,-1,-1,-1,-1,-1,-1,0.216,1,0.229,-1,-1,-1,-1,-1,-1,-1,-1,-1,-1,-1,-1,-1,0.155,1,0.289,-1,-1,-1,-1,-1,-1,-1,-1,-1,-1,-1,-1,-1,0.54,1,0.127,-1,-1,-1,-1,-1,-1,-1,-1,-1,-1,-1,-1,-0.951,0.875,1,-0.258,-1,-1,-1,-1,-1,-1,-1,-1,-1,-1,-1,-1,-0.928,0.792,1,-0.197,-1,-1,-1,-1,-1,-1,-1,-1,-1,-1,-1,-1,-0.911,0.937,1,-0.36,-1,-1,-1,-1,-1,-1,-1,-1,-1,-1,-1,-1,-0.59,1,1,-0.416,-0.661,-1,-1,-1,-1,-1,-1,-1,-1,-1,-1,-1,-0.967,0.873,1,1,0.987,-0.671,-1,-1,-1,-1,-1,-1,-1,-1,-1,-1,-0.973,0.819,1,1,0.833,-0.902,-1,-1,-1,-1,-1,-1,-1,-1,-1,-1,-0.964,0.75,1,1,0.103,-1,-1,-1,-1,-1,-1,-1,-1,-1,-1,-1,-1,-0.838,0.341,0.826,-0.552,-1,-1,-1,-1,-1,-1
"239",-1,-1,-1,-1,-1,-1,-0.998,0.613,0.375,-0.896,-1,-1,-1,-1,-1,-1,-1,-1,-1,-1,-1,-1,-0.948,0.867,1,-0.156,-1,-1,-1,-1,-1,-1,-1,-1,-1,-1,-1,-1,-0.744,0.966,1,-0.064,-1,-1,-1,-1,-1,-1,-1,-1,-1,-1,-1,-1,-0.563,1,1,-0.368,-1,-1,-1,-1,-1,-1,-1,-1,-1,-1,-1,-1,-0.589,1,1,-0.671,-1,-1,-1,-1,-1,-1,-1,-1,-1,-1,-1,-1,-0.68,1,0.891,-0.865,-1,-1,-1,-1,-1,-1,-1,-1,-1,-1,-1,-1,-0.684,1,0.943,-0.935,-1,-1,-1,-1,-1,-1,-1,-1,-1,-1,-1,-1,-0.686,0.997,0.81,-0.973,-1,-1,-1,-1,-1,-1,-1,-1,-1,-1,-1,-1,-0.561,1,0.907,-0.957,-1,-1,-1,-1,-1,-1,-1,-1,-1,-1,-1,-1,-0.688,0.992,0.895,-0.941,-1,-1,-1,-1,-1,-1,-1,-1,-1,-1,-1,-1,-0.773,0.985,0.883,-0.947,-1,-1,-1,-1,-1,-1,-1,-1,-1,-1,-1,-1,-0.66,1,0.969,-0.897,-1,-1,-1,-1,-1,-1,-1,-1,-1,-1,-1,-1,-0.511,1,0.944,-0.868,-1,-1,-1,-1,-1,-1,-1,-1,-1,-1,-1,-0.978,0.824,1,1,-0.174,-1,-1,-1,-1,-1,-1,-1,-1,-1,-1,-1,-1,0.066,0.875,1,0.66,-0.996,-1,-1,-1,-1,-1,-1,-1,-1,-1,-1,-1,-1,-0.736,0.513,0.258,-0.986,-1,-1,-1,-1,-1
"240",-1,-1,-1,-1,0.104,0.517,-0.996,-1,-1,-1,-0.989,-0.386,-1,-1,-1,-1,-1,-1,-1,-0.839,0.953,1,0.261,-1,-1,-1,-0.511,0.897,-0.886,-1,-1,-1,-1,-1,-1,-0.127,1,1,0.627,-1,-1,-1,0.248,1,-0.123,-1,-1,-1,-1,-1,-1,0.632,1,1,-0.007,-1,-1,-0.854,0.862,1,0.725,-0.982,-1,-1,-1,-1,-0.976,0.867,1,0.905,-0.921,-1,-0.781,0.672,1,1,0.358,-1,-1,-1,-1,-1,-1,0.776,1,0.224,-1,-1,-0.099,1,1,1,-0.026,-1,-1,-1,-1,-1,-0.995,0.655,1,0.174,-0.5,0.201,1,1,1,0.706,-0.991,-1,-1,-1,-1,-1,-1,-0.206,1,1,1,1,1,1,1,0.97,-0.765,-1,-1,-1,-1,-1,-1,-0.924,0.728,1,1,1,1,1,1,0.256,-0.936,-1,-1,-1,-1,-1,-1,-1,-0.903,0.216,1,1,1,1,0.534,-0.972,-1,-1,-1,-1,-1,-1,-1,-1,-1,-0.798,0.995,1,1,1,-0.573,-1,-1,-1,-1,-1,-1,-1,-1,-1,-1,-0.543,1,1,1,0.543,-1,-1,-1,-1,-1,-1,-1,-1,-1,-1,-1,-0.534,1,1,1,-0.341,-1,-1,-1,-1,-1,-1,-1,-1,-1,-1,-1,-0.275,1,1,0.755,-0.981,-1,-1,-1,-1,-1,-1,-1,-1,-1,-1,-1,-0.516,1,1,0.639,-0.999,-1,-1,-1,-1,-1,-1,-1,-1,-1,-1,-1,-1,-0.004,0.984,-0.231,-1,-1,-1,-1,-1,-1,-1
"241",-1,-1,-1,-1,-1,-0.974,-0.389,0.75,0.406,-0.187,-0.984,-1,-1,-1,-1,-1,-1,-1,-1,-1,-1,-0.195,1,1,1,1,0.124,-0.996,-1,-1,-1,-1,-1,-1,-1,-1,-0.752,0.874,1,1,1,1,1,0.297,-1,-1,-1,-1,-1,-1,-1,-0.736,0.678,1,1,1,0.417,0.107,0.973,0.998,-0.262,-1,-1,-1,-1,-1,-0.983,0.721,1,1,1,1,0.313,-1,-0.186,1,0.976,-0.823,-1,-1,-1,-1,-0.262,0.999,1,1,0.782,-0.497,-0.885,-1,-0.91,0.923,1,-0.183,-1,-1,-1,-0.958,0.829,1,1,0.499,-0.715,-1,-1,-1,-1,0.565,1,0.482,-1,-1,-1,-0.866,0.961,1,1,-0.306,-1,-1,-1,-1,-0.965,0.8,1,0.974,-0.828,-1,-1,-0.726,1,1,0.641,-0.934,-1,-1,-1,-1,-0.509,1,1,1,-0.701,-1,-1,-0.959,0.864,1,-0.041,-1,-1,-1,-1,-0.924,0.847,1,1,0.86,-0.946,-1,-1,-0.982,0.804,1,0.008,-1,-1,-1,-0.506,0.384,1,1,1,0.44,-0.978,-1,-1,-1,0.157,1,0.689,-0.547,-0.536,0.052,0.832,1,1,1,0.914,-0.792,-1,-1,-1,-1,-0.593,0.892,1,1,1,1,1,1,1,1,0.465,-1,-1,-1,-1,-1,-1,-0.208,1,1,1,1,1,1,1,0.629,-0.39,-1,-1,-1,-1,-1,-1,-0.957,0.015,0.975,1,1,1,1,0.785,-0.696,-1,-1,-1,-1,-1,-1,-1,-1,-1,-0.516,0.287,0.396,0.76,0.095,-0.712,-1,-1,-1,-1,-1
"242",-1,-1,-1,-1,-1,-1,-1,-1,-1,-1,0.017,-0.295,-1,-1,-1,-1,-1,-1,-1,-1,-1,-1,-1,-1,-1,-1,0.199,0.323,-1,-1,-1,-1,-1,-1,-1,-1,-1,-1,-1,-1,-1,-1,-0.028,0.751,-0.991,-1,-1,-1,-1,-1,-1,-1,-1,-1,-0.886,-1,-1,-1,-0.398,0.969,-0.802,-1,-1,-1,-1,-1,-1,-1,-1,-0.441,0.135,-1,-1,-1,-0.54,1,-0.538,-1,-1,-1,-1,-1,-1,-1,-1,0.416,0.477,-1,-1,-1,-0.7,1,-0.34,-1,-1,-1,-1,-1,-1,-1,-0.378,0.995,0.114,-1,-1,-1,-0.671,1,-0.226,-1,-1,-1,-1,-1,-1,-0.71,0.784,1,0.498,0.159,-0.219,-0.449,-0.233,1,-0.313,-1,-1,-1,-1,-1,-1,-0.412,0.938,0.288,0.378,0.672,0.964,1,1,1,-0.438,-1,-1,-1,-1,-1,-1,-1,-1,-1,-1,-1,-0.922,-0.659,0.417,0.948,-0.891,-1,-1,-1,-1,-1,-1,-1,-1,-1,-1,-1,-1,-0.964,0.849,0.627,-1,-1,-1,-1,-1,-1,-1,-1,-1,-1,-1,-1,-1,-0.457,1,0.121,-1,-1,-1,-1,-1,-1,-1,-1,-1,-1,-1,-1,-1,0.096,1,-0.584,-1,-1,-1,-1,-1,-1,-1,-1,-1,-1,-1,-1,-0.998,0.714,0.857,-0.985,-1,-1,-1,-1,-1,-1,-1,-1,-1,-1,-1,-1,-0.841,0.987,0.224,-1,-1,-1,-1,-1,-1,-1,-1,-1,-1,-1,-1,-1,-0.87,0.759,-0.225,-1,-1,-1,-1,-1
"243",-1,-1,-1,-1,-1,-1,-0.36,0.848,-0.512,-1,-1,-1,-1,-1,-1,-1,-1,-1,-1,-1,-1,-1,-0.779,0.95,0.254,-0.98,-1,-1,-1,-1,-1,-1,-1,-1,-1,-1,-1,-1,-0.596,0.998,1,-0.505,-1,-1,-1,-1,-1,-1,-1,-1,-1,-1,-1,-1,-0.725,0.977,1,-0.38,-1,-1,-1,-1,-1,-1,-1,-1,-1,-1,-1,-1,-0.809,0.972,1,-0.193,-1,-1,-1,-1,-1,-1,-1,-1,-1,-1,-1,-1,-0.792,0.977,1,-0.165,-1,-1,-1,-1,-1,-1,-1,-1,-1,-1,-1,-1,-0.67,1,1,-0.311,-1,-1,-1,-1,-1,-1,-1,-1,-1,-1,-1,-1,-0.642,0.994,1,-0.136,-1,-1,-1,-1,-1,-1,-1,-1,-1,-1,-1,-1,-0.65,1,1,0.002,-1,-1,-1,-1,-1,-1,-1,-1,-1,-1,-1,-1,-0.456,1,1,0.103,-1,-1,-1,-1,-1,-1,-1,-1,-1,-1,-1,-1,-0.459,1,1,0.093,-1,-1,-1,-1,-1,-1,-1,-1,-1,-1,-1,-1,-0.264,1,1,-0.323,-1,-1,-1,-1,-1,-1,-1,-1,-1,-1,-1,-1,-0.07,1,1,-0.431,-1,-1,-1,-1,-1,-1,-1,-1,-1,-1,-1,-1,0.124,1,1,-0.477,-1,-1,-1,-1,-1,-1,-1,-1,-1,-1,-1,-1,-0.038,1,0.996,-0.668,-1,-1,-1,-1,-1,-1,-1,-1,-1,-1,-1,-1,-0.903,0.607,0.847,-0.91,-1,-1,-1,-1,-1,-1
"244",-1,-1,-1,-1,-1,-1,-0.304,-0.432,-1,-1,-0.413,0.518,-1,-1,-1,-1,-1,-1,-1,-1,-1,-0.77,0.896,0.563,-1,-0.95,0.722,0.819,-1,-1,-1,-1,-1,-1,-1,-1,-1,-0.013,1,-0.276,-1,-0.541,1,0.48,-1,-1,-1,-1,-1,-1,-1,-1,-0.802,0.854,0.889,-0.882,-1,-0.082,1,0.141,-1,-1,-1,-1,-1,-1,-1,-0.973,0.304,1,0.168,-1,-1,0.378,1,-0.319,-1,-1,-1,-1,-1,-1,-0.895,0.23,1,0.62,-0.865,-1,-1,0.717,1,-0.658,-1,-1,-1,-1,-1,-0.999,0.446,1,0.714,-0.798,-1,-1,-0.868,0.924,0.974,-0.849,-1,-1,-1,-1,-1,-0.729,0.968,1,0.501,-0.494,-0.87,-1,-0.606,1,0.665,-1,-1,-0.857,-0.961,-1,-1,-1,-0.41,0.815,1,1,0.886,0.405,0.558,1,0.802,0.277,0.754,0.744,-0.768,-1,-1,-1,-1,-0.838,-0.015,0.475,0.94,1,1,1,1,0.805,0.147,-0.874,-1,-1,-1,-1,-1,-1,-1,-1,-0.853,-0.759,1,0.989,-0.311,-0.931,-1,-1,-1,-1,-1,-1,-1,-1,-1,-1,-1,-0.424,0.999,0.813,-0.995,-1,-1,-1,-1,-1,-1,-1,-1,-1,-1,-1,-1,-0.049,1,0.358,-1,-1,-1,-1,-1,-1,-1,-1,-1,-1,-1,-1,-1,0.517,1,-0.208,-1,-1,-1,-1,-1,-1,-1,-1,-1,-1,-1,-1,-0.927,0.927,1,-0.69,-1,-1,-1,-1,-1,-1,-1,-1,-1,-1,-1,-1,-0.869,0.602,-0.001,-0.998,-1,-1,-1,-1,-1,-1
"245",-1,-1,-1,-1,-1,-1,-1,-1,-1,-0.354,0.924,-0.889,-1,-1,-1,-1,-1,-1,-1,-1,-1,-1,-1,-1,-1,0.249,0.976,-0.923,-1,-1,-1,-1,-1,-1,-1,-1,-1,-1,-1,-1,-0.509,0.983,0.226,-1,-1,-1,-1,-1,-1,-1,-1,-1,-1,-1,-1,-0.827,0.705,0.994,-0.728,-1,-1,-1,-1,-1,-1,-1,-1,-1,-1,-1,-0.815,0.746,0.919,-0.197,-1,-1,-1,-1,-1,-1,-1,-1,-1,-1,-1,-0.696,0.695,0.8,-0.589,-1,-1,-1,-1,-1,-1,-1,-1,-1,-1,-1,-0.506,0.839,0.637,-0.76,-1,-1,-1,-1,-1,-1,-1,-1,-1,-1,-1,-0.628,0.94,0.814,-0.738,-1,-1,-1,-1,-1,-1,-1,-1,-1,-1,-1,-1,-0.297,0.979,1,0.98,0.477,-0.025,-0.263,-0.634,-1,-1,-1,-1,-1,-1,-1,-1,-1,-0.764,-0.163,0.392,0.903,1,1,0.952,-0.104,-0.98,-1,-1,-1,-1,-1,-1,-1,-1,-1,-1,-0.891,-0.574,-0.098,1,0.585,-0.771,-1,-1,-1,-1,-1,-1,-1,-1,-1,-1,-1,-1,0.467,0.962,-0.64,-1,-1,-1,-1,-1,-1,-1,-1,-1,-1,-1,-1,-0.144,1,0.178,-1,-1,-1,-1,-1,-1,-1,-1,-1,-1,-1,-1,-0.722,0.892,0.823,-0.871,-1,-1,-1,-1,-1,-1,-1,-1,-1,-1,-1,-1,0.485,1,0.69,-0.878,-1,-1,-1,-1,-1,-1,-1,-1,-1,-1,-1,-0.979,0.803,0.325,-0.848,-1,-1,-1,-1,-1,-1
"246",-1,-1,-1,-1,-1,-1,-1,-1,-1,-1,-1,-1,-1,-1,-1,-1,-1,-1,-1,-0.679,0.551,-0.973,-1,-1,-0.715,0.203,0.888,0.802,-0.674,-1,-1,-1,-1,-1,-0.999,0.475,0.004,-1,-0.976,-0.121,0.888,0.276,0.482,0.702,0.019,-1,-1,-1,-1,-1,-0.652,1,-0.493,-0.932,0.405,0.695,-0.672,-1,-0.387,0.994,-0.237,-1,-1,-1,-1,-1,0.271,0.617,-0.954,0.378,0.572,-0.907,-1,-1,-0.819,0.967,0.761,-0.711,-1,-1,-1,-0.573,0.965,-0.232,0.026,0.814,-0.756,-1,-1,-0.999,0.073,-0.59,0.648,0.694,-0.703,-1,-0.985,0.458,0.717,-0.55,0.961,-0.329,-1,-1,-1,-1,-0.96,-1,-0.553,0.94,0.465,-0.99,-0.334,1,-0.454,0.441,0.283,-0.997,-1,-1,-1,-1,-1,-1,-1,0.321,1,-0.333,-0.168,0.885,0.873,0.891,-0.767,-1,-1,-1,-1,-1,-1,-1,-1,-0.975,0.73,0.456,-1,-0.767,0.611,0.276,-1,-1,-1,-1,-1,-1,-1,-1,-1,-1,0.086,0.794,-1,-1,0.767,-0.027,-1,-1,-1,-1,-1,-1,-1,-1,-1,-0.946,0.569,0.348,-1,-1,0.571,0.22,-1,-1,-1,-1,-1,-1,-1,-1,-0.919,0.329,0.747,-0.764,-1,-1,-0.101,0.966,0.102,-0.955,-1,-1,-1,-1,-0.991,-0.333,0.695,0.675,-0.73,-1,-1,-1,-0.98,0.2,0.951,0.867,0.34,0.125,-0.061,0.298,0.912,0.866,0.061,-0.871,-1,-1,-1,-1,-1,-1,-0.694,0.129,0.624,0.915,0.749,0.364,-0.37,-0.929,-1,-1,-1,-1,-1,-1,-1,-1,-1,-1,-1,-1,-1,-1,-1,-1,-1,-1,-1,-1
"247",-1,-1,-1,-1,-1,-1,-0.75,-0.806,-0.984,-0.863,-1,-1,-1,-1,-1,-1,-1,-1,-1,-1,-1,-1,0.482,0.848,0.738,0.906,0.225,-0.957,-1,-1,-1,-1,-1,-1,-1,-1,-0.737,0.57,0.991,1,1,1,1,-0.291,-1,-1,-1,-1,-1,-1,-1,-0.215,0.926,0.959,0.355,-0.27,0.55,1,1,0.059,-1,-1,-1,-1,-1,-1,-0.3,0.97,0.762,-0.584,-1,-1,-0.971,0.51,1,0.961,-0.321,-1,-1,-1,-1,-0.714,0.953,0.669,-0.839,-1,-1,-1,-1,-0.682,-0.598,0.588,0.974,-0.344,-1,-1,-0.939,0.587,1,-0.499,-1,-1,-1,-1,-1,-1,-1,-0.897,0.367,0.874,-0.545,-1,-0.302,1,0.229,-0.997,-1,-1,-1,-1,-1,-1,-1,-1,-0.871,0.732,0.83,-0.772,0.357,1,-0.438,-1,-1,-1,-1,-1,-1,-1,-1,-1,-1,-0.481,0.992,0.398,0.767,0.948,-0.915,-1,-1,-1,-1,-1,-1,-1,-1,-1,-1,-1,0.442,0.848,0.637,0.994,-0.952,-1,-1,-1,-1,-1,-1,-1,-1,-1,-1,-1,0.031,0.938,0.167,1,-0.089,-1,-1,-1,-1,-1,-1,-1,-1,-1,-1,-0.846,0.726,0.629,-0.741,0.86,0.938,-0.118,-0.852,-1,-1,-1,-1,-1,-1,-0.884,-0.136,0.806,0.971,-0.26,-1,-0.597,0.827,1,0.876,0.256,0.222,0.222,0.222,0.222,0.486,0.876,1,0.698,-0.375,-1,-1,-1,-0.81,0.31,0.815,1,1,1,1,1,1,0.792,-0.052,-0.892,-1,-1,-1,-1,-1,-1,-0.93,-0.792,-0.37,-0.302,-0.302,-0.394,-0.792,-0.943,-1,-1,-1,-1
"248",-1,-1,-1,-1,-1,-1,-0.912,-0.72,-0.196,-0.279,-0.822,-1,-1,-1,-1,-1,-1,-1,-1,-1,-0.877,0.199,0.825,1,1,1,0.847,-0.801,-1,-1,-1,-1,-1,-1,-1,-0.549,0.704,1,0.979,0.368,-0.103,0.806,1,0.599,-0.942,-1,-1,-1,-1,-1,-0.423,0.948,1,0.547,-0.721,-1,-1,-0.733,0.255,0.962,0.147,-1,-1,-1,-1,-0.806,0.71,1,-0.128,-0.981,-1,-1,-1,-1,-1,0.302,0.996,-0.317,-1,-1,-0.975,0.537,1,0.054,-0.998,-1,-1,-1,-1,-1,-1,-0.751,0.94,0.81,-0.817,-1,-0.229,1,0.868,-0.88,-1,-1,-1,-1,-1,-1,-1,-1,-0.361,0.987,0.602,-0.859,0.372,1,0.107,-1,-1,-1,-1,-1,-1,-1,-1,-1,-1,0.574,1,-0.205,0.614,1,-0.664,-1,-1,-1,-1,-1,-1,-1,-1,-1,-1,-0.32,1,0.689,0.918,0.866,-0.912,-1,-1,-1,-1,-1,-1,-1,-1,-1,-1,-0.972,0.898,0.805,0.801,0.904,-0.956,-1,-1,-1,-1,-1,-1,-1,-1,-1,-1,-0.855,0.871,0.922,0.387,1,0.012,-0.975,-1,-1,-1,-1,-1,-1,-1,-1,-0.744,0.535,1,0.424,-0.611,0.849,1,0.52,-0.675,-1,-1,-1,-1,-1,-0.526,0.204,0.838,1,0.511,-0.874,-1,-0.667,0.777,1,0.976,0.572,-0.058,-0.103,0.32,0.827,0.999,1,0.995,0.096,-0.987,-1,-1,-1,-0.885,0.207,0.985,1,1,1,1,1,0.739,0.058,-0.729,-1,-1,-1,-1,-1,-1,-1,-0.534,-0.196,-0.343,-0.328,-0.196,-0.672,-0.96,-1,-1,-1,-1,-1
"249",-1,-1,-1,-1,-1,-0.672,-0.017,0.16,0.619,0.194,-0.925,-1,-1,-1,-1,-1,-1,-1,-1,-0.998,-0.1,0.948,1,0.979,0.8,1,0.481,-0.889,-1,-1,-1,-1,-1,-1,-0.953,0.312,1,0.931,-0.166,-0.76,-0.971,-0.077,1,0.243,-0.969,-1,-1,-1,-1,-1,0.237,1,0.589,-0.546,-1,-1,-1,-0.983,0.382,1,0.271,-0.954,-1,-1,-1,-0.672,0.974,0.774,-0.881,-1,-1,-1,-1,-1,-0.931,0.069,1,0.218,-1,-1,-1,0.193,1,-0.28,-1,-1,-1,-1,-1,-1,-1,-0.995,0.32,0.992,-0.047,-1,-0.843,0.926,0.801,-0.972,-1,-1,-1,-1,-1,-1,-1,-1,-0.98,0.339,0.964,-0.987,-0.145,1,-0.062,-1,-1,-1,-1,-1,-1,-1,-1,-1,-1,-0.803,0.913,-0.534,0.377,0.997,-0.472,-1,-1,-1,-1,-1,-1,-1,-1,-1,-1,-1,0.002,-0.165,0.768,0.895,-1,-1,-1,-1,-1,-1,-1,-1,-1,-1,-1,-1,-0.346,0.302,0.888,0.536,-1,-1,-1,-1,-1,-1,-1,-1,-1,-1,-1,-1,0.12,0.682,0.779,0.928,-0.84,-1,-1,-1,-1,-1,-1,-1,-1,-1,-1,-0.198,0.991,0.683,0.324,1,0.527,-0.757,-1,-1,-1,-1,-1,-1,-1,-0.93,-0.128,0.968,0.842,-0.636,-0.885,0.494,1,0.963,0.419,-0.145,-0.737,-0.737,-0.634,-0.247,0.258,0.814,1,0.818,-0.566,-1,-1,-0.921,0.104,0.854,1,1,1,1,1,1,1,0.86,-0.044,-0.898,-1,-1,-1,-1,-1,-0.906,-0.305,0.178,0.649,0.649,0.649,0.229,-0.362,-0.9,-1,-1,-1,-1
"250",-1,-1,-1,-1,-0.974,-0.257,0.484,0.995,1,0.788,-0.479,-1,-1,-1,-1,-1,-1,-1,-1,-0.534,0.72,1,1,0.614,0.248,0.74,0.911,-0.48,-1,-1,-1,-1,-1,-1,-0.522,0.883,0.86,0.011,-0.754,-1,-1,-0.863,0.573,0.721,-0.784,-1,-1,-1,-1,-0.716,0.885,0.852,-0.576,-1,-1,-1,-1,-1,-0.652,0.84,0.681,-0.79,-1,-1,-1,0.361,1,-0.232,-1,-1,-1,-1,-1,-1,-1,-0.384,1,0.522,-0.959,-1,-0.755,0.958,0.722,-0.963,-1,-1,-1,-1,-1,-1,-1,-0.964,0.425,1,-0.115,-1,-0.155,1,0.034,-1,-1,-1,-1,-1,-1,-1,-1,-1,-0.734,0.989,0.726,-0.985,0.355,1,-0.342,-1,-1,-1,-1,-1,-1,-1,-1,-1,-1,0.399,1,-0.003,0.747,1,-0.735,-1,-1,-1,-1,-1,-1,-1,-1,-1,-1,-0.224,1,0.603,0.491,1,-0.878,-1,-1,-1,-1,-1,-1,-1,-1,-1,-1,-0.714,1,0.993,0.151,1,-0.888,-1,-1,-1,-1,-1,-1,-1,-1,-1,-1,-0.637,1,0.633,-0.006,1,-0.698,-1,-1,-1,-1,-1,-1,-1,-1,-1,-0.847,0.584,1,-0.209,-0.446,1,0.144,-0.985,-1,-1,-1,-1,-1,-1,-1,-0.744,0.59,1,0.545,-0.946,-0.793,0.957,1,0.279,-0.355,-0.8,-0.871,-0.871,-0.871,-0.247,0.389,0.975,1,0.697,-0.773,-1,-1,-0.354,0.797,1,1,1,1,1,1,1,1,0.741,0.024,-0.848,-1,-1,-1,-1,-0.913,-0.115,0.484,0.934,1,1,0.865,0.233,-0.399,-0.854,-1,-1,-1,-1
"251",-1,-1,-1,-1,-1,-1,-0.855,0.839,0.411,-0.986,-1,-1,-1,-1,-1,-1,-1,-1,-1,-1,-1,-1,-0.669,0.998,1,-0.396,-1,-1,-1,-1,-1,-1,-1,-1,-1,-1,-1,-1,-0.362,1,1,-0.051,-1,-1,-1,-1,-1,-1,-1,-1,-1,-1,-1,-1,-0.09,1,1,0.04,-1,-1,-1,-1,-1,-1,-1,-1,-1,-1,-1,-1,-0.325,1,1,-0.051,-1,-1,-1,-1,-1,-1,-1,-1,-1,-1,-1,-1,-0.271,1,1,-0.106,-1,-1,-1,-1,-1,-1,-1,-1,-1,-1,-1,-1,0.183,1,1,-0.16,-1,-1,-1,-1,-1,-1,-1,-1,-1,-1,-1,-0.988,0.588,1,0.998,-0.504,-1,-1,-1,-1,-1,-1,-1,-1,-1,-1,-1,-1,0.546,1,0.989,-0.731,-1,-1,-1,-1,-1,-1,-1,-1,-1,-1,-1,-1,0.601,1,0.947,-0.815,-1,-1,-1,-1,-1,-1,-1,-1,-1,-1,-1,-0.998,0.653,1,0.891,-0.923,-1,-1,-1,-1,-1,-1,-1,-1,-1,-1,-1,-1,0.419,1,0.867,-0.954,-1,-1,-1,-1,-1,-1,-1,-1,-1,-1,-1,-1,0.184,1,0.823,-0.964,-1,-1,-1,-1,-1,-1,-1,-1,-1,-1,-1,-1,-0.27,1,0.947,-0.852,-1,-1,-1,-1,-1,-1,-1,-1,-1,-1,-1,-1,-0.954,0.796,1,0.129,-1,-1,-1,-1,-1,-1,-1,-1,-1,-1,-1,-1,-1,-0.596,0.677,0.497,-0.988,-1,-1,-1,-1,-1
"252",-1,-1,-1,-1,-1,-0.957,-0.812,-0.841,0.684,-0.205,-1,-1,-1,-1,-1,-1,-1,-1,-1,-1,-1,-0.087,1,0.142,0.605,1,0.375,-0.877,-1,-1,-1,-1,-1,-1,-1,-1,-0.745,0.914,1,-0.225,-0.887,0.467,1,0.651,-0.797,-1,-1,-1,-1,-1,-1,-0.958,0.474,1,0.715,-0.991,-1,-0.987,-0.26,0.958,0.788,-0.931,-1,-1,-1,-1,-1,-0.49,1,1,-0.076,-1,-1,-1,-1,-0.256,0.999,-0.691,-1,-1,-1,-1,-1,0.105,1,0.881,-0.894,-1,-1,-1,-1,-1,0.174,-0.443,-1,-1,-1,-1,-0.911,0.828,1,0.278,-1,-1,-1,-1,-1,-1,-0.819,-0.919,-1,-1,-1,-1,-0.83,1,1,-0.34,-1,-1,-1,-1,-1,-1,-0.846,-0.551,-1,-1,-1,-1,-0.418,1,0.972,-0.724,-1,-1,-1,-1,-1,-1,-0.581,-0.303,-1,-1,-1,-1,-0.005,1,0.986,-0.946,-1,-1,-1,-1,-1,-1,-0.738,-0.055,-1,-1,-1,-1,0.146,1,0.792,-0.948,-1,-1,-1,-1,-1,-1,-0.724,0.113,-1,-1,-1,-1,-0.102,1,0.926,-0.994,-1,-1,-1,-1,-1,-1,0.008,-0.163,-1,-1,-1,-1,-0.36,0.999,1,-0.615,-1,-1,-1,-1,-0.996,-0.3,0.776,0.085,-1,-1,-1,-1,-1,0.548,1,0.872,0.262,-0.17,-0.17,-0.17,0.466,1,1,0.014,-1,-1,-1,-1,-1,-0.687,0.711,1,1,1,1,1,1,1,0.274,-0.949,-1,-1,-1,-1,-1,-1,-0.801,0.114,0.752,0.769,0.396,0.392,-0.206,-0.711,-0.991,-1,-1,-1
"253",-1,-1,-1,-1,-1,-0.987,0.196,1,0.484,-0.702,-1,-1,-1,-1,-1,-1,-1,-1,-1,-1,-0.981,-0.171,1,1,1,0.404,-0.988,-1,-1,-1,-1,-1,-1,-1,-1,-1,-0.238,1,0.994,0.966,0.984,1,-0.391,-1,-1,-1,-1,-1,-1,-1,-1,-0.877,0.727,1,-0.373,-1,-0.452,0.989,0.544,-1,-1,-1,-1,-1,-1,-1,-1,-0.358,1,0.607,-0.994,-1,-1,0.492,0.99,-0.392,-1,-1,-1,-1,-1,-1,-1,0.711,1,0.17,-1,-1,-1,-0.542,0.989,0.346,-0.996,-1,-1,-1,-1,-1,-1,0.742,1,-0.274,-1,-1,-1,-1,0.374,1,-0.844,-1,-1,-1,-1,-1,-0.849,0.906,0.944,-0.882,-1,-1,-1,-1,-0.668,0.978,-0.203,-1,-1,-1,-1,-1,-0.821,1,0.443,-1,-1,-1,-1,-1,-1,0.586,0.668,-1,-1,-1,-1,-1,-0.874,1,0.128,-1,-1,-1,-1,-1,-1,0.313,0.941,-1,-1,-1,-1,-1,-0.927,1,-0.049,-1,-1,-1,-1,-1,-1,0.26,0.999,-0.564,-1,-1,-1,-1,-0.795,1,-0.309,-1,-1,-1,-1,-1,-1,0.391,0.704,-0.988,-1,-1,-1,-1,-0.489,1,0.176,-1,-1,-1,-1,-1,-0.944,0.779,0.557,-1,-1,-1,-1,-1,-0.542,1,0.951,-0.282,-0.804,-0.978,-0.661,-0.567,0.287,1,-0.402,-1,-1,-1,-1,-1,-0.956,0.488,1,1,0.915,0.809,1,1,0.991,-0.023,-0.999,-1,-1,-1,-1,-1,-1,-0.861,-0.03,0.557,1,1,0.891,0.391,-0.423,-1,-1,-1,-1,-1
"254",-1,-1,-1,-1,-1,-1,-1,-1,-1,-1,-0.176,-0.567,-1,-1,-1,-1,-1,-1,-1,-0.985,0.617,-0.407,-1,-1,-1,-1,0.22,0.533,-0.996,-1,-1,-1,-1,-1,-1,-0.953,0.882,0.353,-1,-1,-1,-0.995,0.604,0.995,-0.815,-1,-1,-1,-1,-1,-1,-0.554,1,0.464,-1,-1,-1,-0.737,0.993,0.795,-0.987,-1,-1,-1,-1,-1,-1,-0.424,1,0.318,-1,-1,-1,-0.227,1,0.419,-1,-1,-1,-1,-1,-1,-1,-0.035,1,0.479,-0.683,-0.683,-0.878,0.242,1,0.031,-1,-1,-1,-1,-1,-1,-1,0.612,1,1,1,1,0.896,0.959,1,-0.487,-1,-1,-1,-1,-1,-1,-0.753,0.947,1,1,0.789,0.238,0.489,1,1,0.539,-0.212,-0.383,-0.981,-1,-1,-0.986,0.512,1,0.986,-0.485,-0.867,-1,-0.108,1,0.764,0.696,1,0.911,-0.75,-1,-1,-0.743,0.996,0.916,-0.363,-0.985,-1,-1,0.297,1,-0.209,-0.975,-0.604,-0.656,-1,-1,-1,-1,-0.319,-0.084,-1,-1,-1,-0.823,0.735,0.986,-0.657,-1,-1,-1,-1,-1,-1,-1,-1,-1,-1,-1,-1,-0.747,0.999,0.552,-0.998,-1,-1,-1,-1,-1,-1,-1,-1,-1,-1,-1,-1,-0.078,1,0.141,-1,-1,-1,-1,-1,-1,-1,-1,-1,-1,-1,-1,-1,0.408,1,-0.344,-1,-1,-1,-1,-1,-1,-1,-1,-1,-1,-1,-1,-0.99,0.779,0.984,-0.846,-1,-1,-1,-1,-1,-1,-1,-1,-1,-1,-1,-1,-1,0.161,0.749,-1,-1,-1,-1,-1,-1,-1
"255",-1,-1,-1,-1,-1,-1,-1,-0.643,0.794,-0.046,-0.898,-1,-1,-1,-1,-1,-1,-1,-1,-1,-1,-1,-1,-0.157,1,1,-0.044,-1,-1,-1,-1,-1,-1,-1,-1,-1,-1,-0.996,-0.244,0.901,1,0.865,-0.257,-1,-1,-1,-1,-1,-1,-1,-1,-1,-1,-0.678,0.874,1,1,0.232,-1,-1,-1,-1,-1,-1,-1,-1,-1,-1,-1,0.034,1,1,1,0.34,-0.999,-1,-1,-1,-1,-1,-1,-1,-1,-1,-0.486,0.864,1,1,1,1,-0.032,-1,-1,-1,-1,-1,-1,-1,-1,-0.957,0.426,1,1,1,-0.4,0.44,0.996,-0.211,-1,-1,-1,-1,-1,-1,-1,-0.414,0.974,1,1,0.644,-0.924,-0.857,0.902,0.974,-0.5,-1,-1,-1,-1,-1,-0.981,0.632,1,1,0.94,-0.39,-1,-1,0.224,1,0.374,-1,-1,-1,-1,-1,-0.426,0.948,1,1,0.282,-0.982,-1,-1,-0.517,1,0.997,-0.218,-1,-1,-1,-1,0.565,1,1,0.994,-0.737,-1,-1,-1,-0.264,1,1,0.663,-0.983,-1,-1,-0.991,0.763,1,1,0.344,-0.989,-1,-1,-0.929,0.535,1,1,0.247,-0.995,-1,-1,-0.987,0.538,1,1,-0.341,-1,-1,-0.994,0.345,0.995,1,0.974,-0.308,-1,-1,-1,-1,-0.552,0.824,1,0.789,0.28,0.689,0.689,0.941,1,1,0.291,-0.969,-1,-1,-1,-1,-1,-0.846,0.367,0.971,1,1,1,1,1,0.744,-0.355,-1,-1,-1,-1,-1,-1,-1,-1,-0.619,0.262,0.946,1,1,0.444,-0.727,-1,-1,-1,-1
"256",-1,-1,-1,-1,-1,-1,-1,-1,-0.999,0.568,-0.116,-1,-1,-1,-1,-1,-1,-1,-1,-0.136,-0.779,-1,-1,-1,-0.948,0.912,-0.001,-1,-1,-1,-1,-1,-1,-1,-1,-0.153,0.084,-1,-1,-1,-0.645,1,-0.381,-1,-1,-1,-1,-1,-1,-1,-1,-0.178,0.574,-1,-1,-1,-0.179,0.934,-0.843,-1,-1,-1,-1,-1,-1,-1,-1,-0.002,0.414,-1,-1,-1,0.308,0.672,-1,-1,-1,-1,-1,-1,-1,-1,-0.999,0.525,0.171,-1,-1,-0.99,0.826,0.295,-1,-1,-1,-1,-1,-1,-1,-1,-0.967,0.949,-0.295,-1,-1,-0.761,0.999,0.052,-1,-1,-1,-1,-1,-1,-1,-1,-0.99,0.84,-0.053,-0.971,-1,-0.385,1,-0.616,-1,-1,-1,-1,-1,-1,-1,-1,-1,-0.468,0.789,0.768,0.339,0.596,0.994,0.196,0.252,0.261,0.543,-0.984,-1,-1,-1,-1,-1,-1,-0.95,-0.247,0.14,0.948,0.965,0.44,0.253,-0.108,-0.672,-1,-1,-1,-1,-1,-1,-1,-1,-1,-0.787,0.998,-0.069,-1,-1,-1,-1,-1,-1,-1,-1,-1,-1,-1,-1,-1,-0.501,1,-0.508,-1,-1,-1,-1,-1,-1,-1,-1,-1,-1,-1,-1,-1,-0.258,1,-0.754,-1,-1,-1,-1,-1,-1,-1,-1,-1,-1,-1,-1,-1,0.002,0.888,-0.969,-1,-1,-1,-1,-1,-1,-1,-1,-1,-1,-1,-1,-1,0.004,0.643,-1,-1,-1,-1,-1,-1,-1,-1,-1,-1,-1,-1,-1,-1,-0.422,0.532,-1,-1,-1,-1,-1,-1,-1,-1
"257",-1,-1,-1,-1,-1,-1,-0.867,0.743,-0.315,-1,-1,-1,-1,-1,-1,-1,-1,-1,-1,-1,-1,-1,-1,0.288,0.715,-0.974,-1,-1,-1,-1,-1,-1,-1,-1,-1,-1,-1,-1,-1,0.651,0.888,-0.974,-1,-1,-1,-1,-1,-1,-1,-1,-1,-1,-1,-1,-0.988,0.856,0.995,-0.623,-1,-1,-1,-1,-1,-1,-1,-1,-1,-1,-1,-1,-0.976,0.878,0.999,-0.748,-1,-1,-1,-1,-1,-1,-1,-1,-1,-1,-1,-1,-0.942,0.94,0.989,-0.677,-1,-1,-1,-1,-1,-1,-1,-1,-1,-1,-1,-1,-0.699,1,0.932,-0.958,-1,-1,-1,-1,-1,-1,-1,-1,-1,-1,-1,-1,-0.465,1,0.716,-0.993,-1,-1,-1,-1,-1,-1,-1,-1,-1,-1,-1,-1,-0.561,1,0.394,-1,-1,-1,-1,-1,-1,-1,-1,-1,-1,-1,-1,-1,-0.725,1,0.472,-1,-1,-1,-1,-1,-1,-1,-1,-1,-1,-1,-1,-1,-0.741,0.999,0.671,-1,-1,-1,-1,-1,-1,-1,-1,-1,-1,-1,-1,-1,-0.837,0.982,0.541,-1,-1,-1,-1,-1,-1,-1,-1,-1,-1,-1,-1,-1,-0.998,0.78,0.878,-0.974,-1,-1,-1,-1,-1,-1,-1,-1,-1,-1,-1,-1,-1,0.618,0.999,-0.758,-1,-1,-1,-1,-1,-1,-1,-1,-1,-1,-1,-1,-1,0.636,0.862,-0.889,-1,-1,-1,-1,-1,-1,-1,-1,-1,-1,-1,-1,-1,0.177,0.341,-1,-1,-1,-1,-1,-1,-1
"258",-1,-1,-1,-1,-0.761,0.088,0.624,0.992,1,0.333,-0.707,-1,-1,-1,-1,-1,-1,-1,-0.935,0.042,0.953,0.623,0.615,1,0.795,0.178,0.903,-0.449,-1,-1,-1,-1,-1,-1,-0.445,-0.268,-0.707,-0.415,0.93,0.795,-0.681,-1,-0.283,0.928,-0.704,-1,-1,-1,-1,-1,-1,-1,-0.7,0.934,0.859,-0.522,-1,-1,-0.998,0.384,0.395,-1,-1,-1,-1,-1,-1,-0.986,0.476,0.943,-0.402,-1,-1,-1,-1,-0.505,0.994,-0.641,-1,-1,-1,-1,-1,-0.263,1,0.232,-1,-1,-1,-1,-1,-0.996,0.801,0.043,-1,-1,-1,-1,-0.971,0.671,0.903,-0.758,-1,-1,-1,-1,-1,-1,0.386,0.462,-1,-1,-1,-1,-0.62,1,0.243,-1,-1,-1,-1,-1,-1,-1,0.074,0.597,-1,-1,-1,-1,0.17,1,-0.547,-1,-1,-1,-1,-1,-1,-1,-0.004,0.961,-0.945,-1,-1,-1,0.584,0.854,-0.966,-1,-1,-1,-1,-1,-1,-1,0.091,0.84,-0.991,-1,-1,-0.962,0.894,0.527,-1,-1,-1,-1,-1,-1,-1,-1,0.43,0.683,-1,-1,-1,-0.984,0.896,0.476,-1,-1,-1,-1,-1,-1,-1,-0.71,0.989,0.181,-1,-1,-1,-1,0.529,0.823,-0.964,-1,-1,-1,-1,-1,-0.851,0.562,0.955,-0.839,-1,-1,-1,-1,-0.461,0.978,0.249,-0.846,-1,-1,-0.999,-0.439,0.786,1,-0.228,-1,-1,-1,-1,-1,-1,-0.256,0.919,0.916,0.416,0.388,0.569,0.993,0.959,-0.152,-0.99,-1,-1,-1,-1,-1,-1,-1,-0.741,0.125,0.663,0.999,0.633,0.261,-0.725,-1,-1,-1,-1,-1
"259",-1,-1,-1,-1,-1,-1,-1,-1,-1,-0.977,0.622,-0.407,-1,-1,-1,-1,-1,-1,-1,-1,-1,-1,-1,-1,-1,-1,0.028,0.582,-1,-1,-1,-1,-1,-1,-1,-1,-0.916,-1,-1,-1,-1,-1,0.01,0.789,-0.998,-1,-1,-1,-1,-1,-1,-1,0.297,-0.263,-1,-1,-1,-1,0.182,0.859,-0.989,-1,-1,-1,-1,-1,-1,-1,0.194,0.823,-0.901,-1,-1,-1,0.554,0.605,-1,-1,-1,-1,-1,-1,-1,-1,0.329,0.974,-0.824,-1,-1,-0.984,0.822,0.458,-0.701,-1,-1,-1,-1,-1,-1,-0.681,0.949,0.692,-0.984,-1,-1,-0.493,1,1,0.081,-1,-1,-1,-1,-1,-1,0.323,1,0.5,-0.825,-1,-0.886,0.169,1,0.807,-0.929,-1,-1,-1,-1,-1,-1,-0.716,0.454,0.978,0.984,0.807,0.912,1,0.901,-0.538,-1,-1,-1,-1,-1,-1,-1,-1,-1,-0.737,-0.494,-0.199,0.119,1,-0.045,-1,-1,-1,-1,-1,-1,-1,-1,-1,-1,-1,-1,-1,-0.193,1,-0.491,-1,-1,-1,-1,-1,-1,-1,-1,-1,-1,-1,-1,-1,-0.234,0.996,-0.845,-1,-1,-1,-1,-1,-1,-1,-1,-1,-1,-1,-1,-1,-0.336,0.983,-0.841,-1,-1,-1,-1,-1,-1,-1,-1,-1,-1,-1,-1,-1,-0.61,0.996,-0.766,-1,-1,-1,-1,-1,-1,-1,-1,-1,-1,-1,-1,-1,-0.999,0.498,-0.186,-1,-1,-1,-1,-1,-1,-1,-1,-1,-1,-1,-1,-1,-1,-0.76,0.612,-0.241,-1,-1,-1,-1
"260",-1,-1,-1,-1,-1,-1,-0.81,0.513,-0.997,-1,-1,-1,-1,-1,-1,-1,-1,-1,-1,-1,-1,-1,-0.704,0.998,-0.378,-1,-1,-1,-1,-1,-1,-1,-1,-1,-1,-1,-1,-1,-0.331,1,0.676,-0.972,-1,-1,-1,-1,-1,-1,-1,-1,-1,-1,-1,-1,-0.418,1,0.841,-0.907,-1,-1,-1,-1,-1,-1,-1,-1,-1,-1,-1,-1,-0.505,1,0.488,-1,-1,-1,-1,-1,-1,-1,-1,-1,-1,-1,-1,-1,-0.45,1,0.575,-1,-1,-1,-1,-1,-1,-1,-1,-1,-1,-1,-1,-1,-0.36,1,0.626,-1,-1,-1,-1,-1,-1,-1,-1,-1,-1,-1,-1,-1,-0.233,1,0.642,-0.999,-1,-1,-1,-1,-1,-1,-1,-1,-1,-1,-1,-1,0.106,1,0.445,-1,-1,-1,-1,-1,-1,-1,-1,-1,-1,-1,-1,-1,0.232,1,0.034,-1,-1,-1,-1,-1,-1,-1,-1,-1,-1,-1,-1,-1,0.465,1,-0.199,-1,-1,-1,-1,-1,-1,-1,-1,-1,-1,-1,-1,-0.999,0.661,1,-0.254,-1,-1,-1,-1,-1,-1,-1,-1,-1,-1,-1,-1,-0.95,0.916,1,-0.451,-1,-1,-1,-1,-1,-1,-1,-1,-1,-1,-1,-1,-1,0.666,1,-0.435,-1,-1,-1,-1,-1,-1,-1,-1,-1,-1,-1,-1,-1,0.081,1,0.402,0.027,-0.999,-1,-1,-1,-1,-1,-1,-1,-1,-1,-1,-1,-0.833,0.333,1,-0.015,-0.971,-1,-1,-1,-1,-1
"261",-1,-1,-1,-1,-1,-1,0.083,0.933,-0.703,-1,-1,-1,-1,-1,-1,-1,-1,-1,-1,-1,-1,-0.604,0.927,0.922,-0.789,-1,-1,-1,-1,-1,-1,-1,-1,-1,-1,-1,-0.95,0.735,1,-0.248,-1,-1,-1,-1,-0.739,0.52,-0.994,-1,-1,-1,-1,-1,0.011,1,0.51,-0.998,-1,-1,-1,-0.991,0.456,1,-0.741,-1,-1,-1,-1,-0.73,0.927,0.965,-0.74,-1,-1,-1,-1,-0.248,1,0.625,-0.987,-1,-1,-1,-0.93,0.609,1,0.161,-1,-1,-1,-1,-0.978,0.687,1,-0.428,-1,-1,-1,-0.991,0.252,1,0.701,-0.968,-1,-1,-1,-1,0.009,1,0.504,-0.997,-1,-1,-1,-0.755,1,1,0.273,-0.305,-0.762,-0.844,-1,-0.716,0.857,1,-0.343,-1,-1,-1,-1,-0.947,0.292,0.996,1,1,1,0.93,0.261,0.626,1,0.569,-0.976,-1,-1,-1,-1,-1,-1,-0.803,-0.326,0.148,0.478,0.549,0.967,1,0.994,-0.587,-1,-1,-1,-1,-1,-1,-1,-1,-1,-1,-1,-1,0.209,1,0.429,-1,-1,-1,-1,-1,-1,-1,-1,-1,-1,-1,-1,-0.591,0.972,0.907,-0.759,-1,-1,-1,-1,-1,-1,-1,-1,-1,-1,-1,-1,0.231,1,0.185,-1,-1,-1,-1,-1,-1,-1,-1,-1,-1,-1,-1,-0.885,0.926,0.992,-0.752,-1,-1,-1,-1,-1,-1,-1,-1,-1,-1,-1,-1,-0.284,1,0.491,-1,-1,-1,-1,-1,-1,-1,-1,-1,-1,-1,-1,-1,-0.659,0.714,-0.743,-1,-1,-1,-1,-1,-1,-1
"262",-1,-1,-1,-1,-1,-1,0.58,0.369,-0.889,-1,-1,-1,-1,-1,-1,-1,-1,-1,-1,-1,-1,-1,-0.545,0.983,0.358,-1,-1,-1,-1,-1,-1,-1,-1,-1,-1,-1,-1,-1,-0.995,0.602,1,-0.508,-1,-1,-1,-1,-1,-1,-1,-1,-1,-1,-1,-1,-1,0.31,1,-0.119,-1,-1,-1,-1,-1,-1,-1,-1,-1,-1,-1,-1,-1,0.601,1,0.179,-1,-1,-1,-1,-1,-1,-1,-1,-1,-1,-1,-1,-1,0.47,1,0.476,-1,-1,-1,-1,-1,-1,-1,-1,-1,-1,-1,-1,-1,0.402,1,0.626,-1,-1,-1,-1,-1,-1,-1,-1,-1,-1,-1,-1,-0.951,0.792,1,0.041,-1,-1,-1,-1,-1,-1,-1,-1,-1,-1,-1,-1,-0.639,1,1,-0.011,-1,-1,-1,-1,-1,-1,-1,-1,-1,-1,-1,-1,-0.421,1,1,-0.008,-1,-1,-1,-1,-1,-1,-1,-1,-1,-1,-1,-1,-0.341,1,1,-0.088,-1,-1,-1,-1,-1,-1,-1,-1,-1,-1,-1,-1,-0.142,1,1,-0.287,-1,-1,-1,-1,-1,-1,-1,-1,-1,-1,-1,-1,-0.081,1,1,-0.348,-1,-1,-1,-1,-1,-1,-1,-1,-1,-1,-1,-1,-0.231,1,1,-0.437,-1,-1,-1,-1,-1,-1,-1,-1,-1,-1,-1,-1,-0.381,1,1,-0.443,-1,-1,-1,-1,-1,-1,-1,-1,-1,-1,-1,-1,-0.952,0.097,0.987,-0.722,-1,-1,-1,-1,-1,-1
"263",-1,-1,-1,-1,-1,-1,-1,0.792,-0.309,-1,-1,-1,-1,-1,-1,-1,-1,-1,-1,-1,-1,-1,-1,0.821,0.866,-1,-1,-1,-1,-1,-1,-1,-1,-1,-1,-1,-1,-1,-1,0.301,0.514,-1,-1,-1,-1,-1,-1,-1,-1,-1,-1,-1,-1,-1,-1,0.083,0.686,-1,-1,-1,-1,-1,-1,-1,-1,-1,-1,-1,-1,-1,-1,-0.136,0.905,-1,-1,-1,-1,-1,-1,-1,-1,-1,-1,-1,-1,-1,-1,-0.123,1,-1,-1,-1,-1,-1,-1,-1,-1,-1,-1,-1,-1,-1,-1,-0.134,0.979,-1,-1,-1,-1,-1,-1,-1,-1,-1,-1,-1,-1,-1,-1,-0.106,0.874,-1,-1,-1,-1,-1,-1,-1,-1,-1,-1,-1,-1,-1,-1,0,0.707,-1,-1,-1,-1,-1,-1,-1,-1,-1,-1,-1,-1,-1,-1,-0.019,0.726,-1,-1,-1,-1,-1,-1,-1,-1,-1,-1,-1,-1,-1,-1,-0.06,0.705,-1,-1,-1,-1,-1,-1,-1,-1,-1,-1,-1,-1,-1,-1,-0.063,0.831,-1,-1,-1,-1,-1,-1,-1,-1,-1,-1,-1,-1,-1,-1,0.166,0.479,-1,-1,-1,-1,-1,-1,-1,-1,-1,-1,-1,-1,-1,-1,0.271,0.204,-1,-1,-1,-1,-1,-1,-1,-1,-1,-1,-1,-1,-1,-1,0.438,-0.109,-1,-1,-1,-1,-1,-1,-1,-1,-1,-1,-1,-1,-1,-1,0.173,-0.215,-1,-1,-1,-1,-1,-1,-1
"264",-1,-1,-1,-1,-1,-1,-1,-1,-1,-1,-0.854,0.809,-0.865,-1,-1,-1,-1,-1,-1,-1,-1,-1,-1,-1,-1,-1,-0.642,1,-0.674,-1,-1,-1,-1,-1,-1,-1,-1,-1,-1,-1,-1,-1,-0.669,1,-0.63,-1,-1,-1,-1,-1,-1,-1,-1,-1,-1,-1,-1,-1,-0.536,1,-0.665,-1,-1,-1,-1,-1,-0.94,0.44,-0.662,-1,-1,-1,-1,-1,-0.346,1,-0.572,-1,-1,-1,-1,-1,-0.997,0.652,-0.232,-1,-1,-1,-1,-1,0.035,0.903,-0.934,-1,-1,-1,-1,-1,-1,-0.482,0.821,0.622,0.576,0.576,0.69,0.953,0.984,1,0.306,-1,-1,-1,-1,-1,-1,-1,-0.807,-0.049,0.391,0.435,0.13,-0.136,0.967,0.109,-0.317,-0.938,-1,-1,-1,-1,-1,-1,-1,-1,-1,-1,-1,-0.804,0.985,-0.346,-1,-1,-1,-1,-1,-1,-1,-1,-1,-1,-1,-1,-1,-0.518,1,-0.691,-1,-1,-1,-1,-1,-1,-1,-1,-1,-1,-1,-1,-1,-0.359,0.967,-0.902,-1,-1,-1,-1,-1,-1,-1,-1,-1,-1,-1,-1,-1,-0.182,0.866,-0.977,-1,-1,-1,-1,-1,-1,-1,-1,-1,-1,-1,-1,-1,0.079,0.481,-1,-1,-1,-1,-1,-1,-1,-1,-1,-1,-1,-1,-1,-1,-0.072,0.331,-1,-1,-1,-1,-1,-1,-1,-1,-1,-1,-1,-1,-1,-1,-0.289,0.429,-1,-1,-1,-1,-1,-1,-1,-1,-1,-1,-1,-1,-1,-1,-0.813,0.412,-1,-1,-1,-1,-1
"265",-1,-1,-1,-1,-1,-1,-0.49,0.332,-0.868,-1,-1,-1,-1,-1,-1,-1,-1,-1,-1,-1,-1,-1,-0.625,1,0.125,-1,-1,-1,-1,-1,-1,-1,-1,-1,-1,-1,-1,-1,-0.871,0.932,0.643,-0.998,-1,-1,-1,-1,-1,-1,-1,-1,-1,-1,-1,-1,-0.984,0.839,0.98,-0.729,-1,-1,-1,-1,-1,-1,-1,-1,-1,-1,-1,-1,-1,0.612,1,-0.285,-1,-1,-1,-1,-1,-1,-1,-1,-1,-1,-1,-1,-0.999,0.69,1,-0.278,-1,-1,-1,-1,-1,-1,-1,-1,-1,-1,-1,-1,-0.977,0.803,1,-0.264,-1,-1,-1,-1,-1,-1,-1,-1,-1,-1,-1,-1,-0.693,0.997,1,-0.527,-1,-1,-1,-1,-1,-1,-1,-1,-1,-1,-1,-1,-0.219,1,0.914,-0.919,-1,-1,-1,-1,-1,-1,-1,-1,-1,-1,-1,-1,0.159,1,0.91,-0.951,-1,-1,-1,-1,-1,-1,-1,-1,-1,-1,-1,-0.993,0.494,1,0.51,-1,-1,-1,-1,-1,-1,-1,-1,-1,-1,-1,-1,-0.786,0.993,1,0.047,-1,-1,-1,-1,-1,-1,-1,-1,-1,-1,-1,-1,-0.951,0.908,1,0.019,-1,-1,-1,-1,-1,-1,-1,-1,-1,-1,-1,-1,-1,0.451,1,0.031,-0.834,-1,-1,-1,-1,-1,-1,-1,-1,-1,-1,-1,-1,-0.453,0.999,1,0.928,-0.808,-1,-1,-1,-1,-1,-1,-1,-1,-1,-1,-1,-1,-0.294,0.793,0.509,-0.967,-1,-1,-1,-1,-1
"266",-1,-1,-1,-1,-1,-1,-0.683,0.547,0.752,-0.432,-1,-1,-1,-1,-1,-1,-1,-1,-1,-1,-1,-0.976,0.236,1,0.943,0.972,0.296,-0.987,-1,-1,-1,-1,-1,-1,-1,-1,-1,-0.021,1,0.813,-0.712,0.065,1,-0.203,-1,-1,-1,-1,-1,-1,-1,-1,-0.608,0.869,1,-0.143,-1,-0.611,0.979,0.857,-0.906,-1,-1,-1,-1,-1,-1,-0.977,0.633,1,0.403,-0.961,-1,-1,-0.166,1,-0.295,-1,-1,-1,-1,-1,-1,-0.481,1,0.986,-0.825,-1,-1,-1,-1,0.489,0.516,-1,-1,-1,-1,-1,-1,0.287,1,0.148,-0.983,-1,-1,-1,-1,-0.246,0.993,-0.742,-1,-1,-1,-1,-0.872,0.907,0.997,-0.618,-1,-1,-1,-1,-1,-0.676,0.999,-0.317,-1,-1,-1,-1,-0.159,1,0.572,-0.999,-1,-1,-1,-1,-1,-0.93,0.917,-0.077,-1,-1,-1,-1,0.209,1,0.319,-1,-1,-1,-1,-1,-1,-0.947,0.884,-0.027,-1,-1,-1,-1,0.121,1,-0.107,-1,-1,-1,-1,-1,-1,-0.889,0.947,-0.166,-1,-1,-1,-1,0.032,1,-0.17,-1,-1,-1,-1,-1,-1,-0.193,1,0.112,-1,-1,-1,-1,-0.765,0.91,0.241,-1,-1,-1,-1,-0.989,-0.37,0.904,0.991,-0.608,-1,-1,-1,-1,-1,-0.085,0.98,-0.058,-0.995,-0.854,-0.215,0.103,1,1,0.175,-0.998,-1,-1,-1,-1,-1,-0.963,0.23,1,0.873,0.899,1,1,1,0.451,-0.802,-1,-1,-1,-1,-1,-1,-1,-1,-0.355,0.641,1,0.921,0.448,0.085,-0.952,-1,-1,-1,-1
"267",-1,-1,-1,-1,-1,-1,-0.462,0.731,1,0.733,-0.12,-0.957,-1,-1,-1,-1,-1,-1,-1,-1,-1,-0.901,0.481,1,1,0.886,1,-0.328,-1,-1,-1,-1,-1,-1,-1,-1,-1,0.074,1,1,1,0.595,0.831,-0.895,-1,-1,-1,-1,-1,-1,-1,-1,-0.775,0.978,1,0.229,-0.88,0.781,0.132,-1,-1,-1,-1,-1,-1,-1,-1,-0.937,0.451,1,0.496,-0.861,-1,0,0.667,-0.967,-1,-1,-1,-1,-1,-1,-1,-0.334,1,0.944,-0.78,-1,-1,-0.785,0.613,-0.151,-1,-1,-1,-1,-1,-1,-0.99,0.523,1,0.297,-1,-1,-1,-1,-0.573,0.845,-0.641,-1,-1,-1,-1,-1,-0.854,0.969,0.778,-0.792,-1,-1,-1,-1,-1,0.358,0.478,-1,-1,-1,-1,-1,-0.382,1,0.517,-1,-1,-1,-1,-1,-1,-0.131,0.967,-0.669,-1,-1,-1,-1,0.268,1,0.14,-1,-1,-1,-1,-1,-1,-0.619,1,-0.123,-1,-1,-1,-1,0.475,1,-0.066,-1,-1,-1,-1,-1,-1,-0.926,0.898,0.286,-1,-1,-1,-1,0.51,1,-0.101,-1,-1,-1,-1,-1,-1,-0.355,1,0.433,-1,-1,-1,-1,0.021,1,0.205,-1,-1,-1,-1,-1,-0.44,0.875,1,0.147,-1,-1,-1,-1,-0.895,0.812,0.969,0.085,-0.473,-0.413,-0.166,0.406,0.954,0.943,0.467,-0.939,-1,-1,-1,-1,-1,-0.662,0.507,1,1,1,1,1,1,0.572,-0.993,-1,-1,-1,-1,-1,-1,-1,-0.969,-0.354,0.373,0.752,0.769,0.396,-0.071,-0.9,-1,-1,-1,-1
"268",-1,-1,-0.964,-0.426,1,0.391,0.058,-0.565,-0.883,-0.967,-1,-1,-1,-1,-1,-1,-1,-1,-0.055,1,1,1,1,1,1,0.447,-0.421,-0.913,-1,-1,-1,-1,-1,-1,-0.229,0.961,1,1,1,1,1,1,1,0.569,-0.811,-1,-1,-1,-1,-1,-1,-0.141,1,1,1,1,1,1,1,1,0.3,-1,-1,-1,-1,-1,-1,0.144,1,1,1,1,1,1,1,1,0.767,-0.756,-1,-1,-1,-0.902,-0.024,0.96,1,1,1,0.216,-0.647,-0.647,0.207,1,1,0.374,-0.933,-1,-1,-0.185,1,1,1,1,0.129,-0.979,-1,-1,-0.887,0.602,1,1,-0.515,-1,-1,0.378,1,1,1,0.549,-0.958,-1,-1,-1,-1,-0.272,1,1,0.816,-0.569,-0.559,0.997,1,1,0.836,-0.805,-1,-1,-1,-1,-1,-0.651,1,1,1,-0.263,-0.442,1,1,1,0.469,-1,-1,-1,-1,-1,-1,-0.088,1,1,0.927,-0.753,-0.046,1,1,1,-0.093,-1,-1,-1,-1,-1,-0.722,0.805,1,1,0.584,-0.971,-0.48,1,1,1,0.009,-1,-1,-0.944,-0.529,0.208,0.679,1,1,1,0.05,-1,-0.894,0.98,1,1,0.83,0.53,0.53,0.561,1,1,1,1,1,0.846,-0.636,-1,-1,-0.123,1,1,1,1,1,1,1,1,1,1,0.598,-0.721,-1,-1,-1,-0.945,0.003,1,1,1,1,1,1,1,0.89,-0.095,-0.862,-1,-1,-1,-1,-1,-0.99,-0.356,0.977,1,1,1,0.297,0.057,-0.859,-1,-1,-1,-1,-1
"269",-1,-1,-1,-1,-0.968,-0.381,-1,-1,-1,-1,-1,-1,0.044,0.761,-0.865,-1,-1,-1,-1,-1,0.11,1,-0.3,-1,-1,-1,-1,-0.182,0.98,0.468,-0.992,-1,-1,-1,-0.999,0.329,0.984,0.812,-0.968,-1,-1,-1,-0.916,0.86,1,0.242,-1,-1,-1,-1,-0.273,0.993,1,0.19,-1,-1,-1,-1,0.234,1,1,-0.614,-1,-1,-1,-1,0.605,1,1,-0.767,-1,-1,-1,-0.727,0.89,1,0.475,-0.974,-1,-1,-1,-0.854,0.967,1,0.939,-0.924,-1,-1,-1,-0.097,1,1,-0.094,-1,-1,-1,-1,-1,0.738,1,1,-0.105,-0.617,-0.617,-0.597,0.707,1,1,0.981,-0.339,-1,-1,-1,-1,0.175,1,1,1,1,1,1,1,1,1,1,0.061,-1,-1,-1,-1,-0.941,0.114,0.989,1,1,1,1,1,1,0.96,0.587,-0.806,-1,-1,-1,-1,-1,-1,-0.645,-0.273,0.064,0.095,0.998,1,0.929,-0.448,-1,-1,-1,-1,-1,-1,-1,-1,-1,-1,-1,-0.638,0.981,1,0.335,-1,-1,-1,-1,-1,-1,-1,-1,-1,-1,-1,-1,0.229,1,1,-0.26,-1,-1,-1,-1,-1,-1,-1,-1,-1,-1,-1,-0.955,0.794,1,0.943,-0.886,-1,-1,-1,-1,-1,-1,-1,-1,-1,-1,-1,-0.988,0.814,1,1,-0.205,-1,-1,-1,-1,-1,-1,-1,-1,-1,-1,-1,-0.503,0.996,1,0.826,-0.786,-1,-1,-1,-1,-1,-1,-1,-1,-1,-1,-1,-1,0.35,0.758,-0.501,-1,-1,-1,-1,-1,-1
"270",-1,-1,-1,-1,-1,-0.736,0.992,0.952,-0.139,-1,-1,-1,-1,-1,-1,-1,-1,-1,-1,-1,-1,-1,0.205,1,0.991,-0.453,-1,-1,-1,-1,-1,-1,-1,-1,-1,-1,-1,-1,-0.405,0.999,1,0.044,-1,-1,-1,-1,-1,-1,-1,-1,-1,-1,-1,-1,-0.825,0.914,1,0.423,-1,-1,-1,-1,-1,-1,-1,-1,-1,-1,-1,-1,-0.676,0.974,1,0.815,-0.97,-1,-1,-1,-1,-1,-1,-1,-1,-1,-1,-1,-0.491,1,1,0.899,-0.844,-1,-1,-1,-1,-1,-1,-1,-1,-1,-1,-1,-0.615,0.997,1,0.786,-0.94,-1,-1,-1,-1,-1,-1,-1,-1,-1,-1,-1,-0.568,0.991,1,0.943,-0.802,-1,-1,-1,-1,-1,-1,-1,-1,-1,-1,-1,-0.346,1,1,0.826,-0.916,-1,-1,-1,-1,-1,-1,-1,-1,-1,-1,-1,0.327,1,1,0.363,-1,-1,-1,-1,-1,-1,-1,-1,-1,-1,-1,-0.99,0.611,1,1,0.489,-1,-1,-1,-1,-1,-1,-1,-1,-1,-1,-1,-0.967,0.673,1,1,-0.141,-1,-1,-1,-1,-1,-1,-1,-1,-1,-1,-1,-0.984,0.73,1,1,-0.183,-1,-1,-1,-1,-1,-1,-1,-1,-1,-1,-1,-0.971,0.675,1,1,0.196,-1,-1,-1,-1,-1,-1,-1,-1,-1,-1,-1,-1,0.198,1,1,0.176,-1,-1,-1,-1,-1,-1,-1,-1,-1,-1,-1,-1,-0.932,-0.169,0.842,-0.354,-1,-1,-1,-1,-1,-1
"271",-1,-1,-1,-1,-1,-1,-1,-1,-1,-1,-1,-1,-1,-1,-0.321,-0.99,-0.988,0.303,0.508,-0.912,-1,-1,-1,-1,-1,-1,-1,-1,-1,-0.757,0.874,-0.475,-0.88,0.829,1,-0.225,-1,-1,-1,-1,-1,-1,-1,-1,-0.658,0.846,1,0.325,-0.094,1,1,-0.177,-1,-1,-1,-1,-1,-1,-1,-0.67,0.916,1,1,0.372,0.41,1,0.997,-0.642,-1,-1,-1,-1,-1,-1,-1,0.4,1,1,0.916,-0.697,0.291,1,0.963,-0.785,-1,-1,-1,-1,-1,-1,-0.336,0.988,1,0.885,-0.375,-1,0.078,1,1,-0.412,-1,-1,-1,-1,-1,-0.657,0.722,1,1,-0.064,-1,-1,-0.865,0.687,1,0.854,0.693,0.693,-0.002,-0.153,-0.153,0.742,1,1,1,0.243,-0.669,-1,-1,-0.883,0.312,0.999,1,1,1,1,1,1,1,1,1,1,0.926,-0.86,-1,-1,-1,-0.502,-0.025,0.447,1,1,1,1,1,0.894,0.386,0.215,-0.499,-1,-1,-1,-1,-1,-1,-0.997,-0.768,-0.133,1,1,0.901,-0.641,-1,-1,-1,-1,-1,-1,-1,-1,-1,-1,-0.991,0.692,1,1,-0.09,-1,-1,-1,-1,-1,-1,-1,-1,-1,-1,-1,-0.721,0.89,1,0.665,-0.909,-1,-1,-1,-1,-1,-1,-1,-1,-1,-1,-1,0.323,1,1,0.32,-1,-1,-1,-1,-1,-1,-1,-1,-1,-1,-1,-1,0.015,1,1,-0.283,-1,-1,-1,-1,-1,-1,-1,-1,-1,-1,-1,-1,-0.895,0.002,0.205,-0.886,-1,-1,-1,-1,-1,-1
"272",-1,-1,-1,-1,-1,-1,-0.439,0.999,0.137,-1,-1,-1,-1,-1,-1,-1,-1,-1,-1,-1,-1,-1,0.247,1,0.983,-0.542,-1,-1,-1,-1,-1,-1,-1,-1,-1,-1,-1,-0.985,0.563,1,1,0.685,-0.939,-1,-1,-1,-1,-1,-1,-1,-1,-1,-1,-0.977,0.531,1,1,0.775,-0.862,-1,-1,-1,-1,-1,-1,-1,-1,-1,-1,-1,0.458,1,1,0.44,-1,-1,-1,-1,-1,-1,-1,-1,-1,-1,-1,-0.968,0.685,1,1,0.725,-0.977,-1,-1,-1,-1,-1,-1,-1,-1,-1,-1,-0.98,0.46,1,1,0.904,-0.847,-1,-1,-1,-1,-1,-1,-1,-1,-1,-1,-0.976,0.574,1,1,0.988,-0.622,-1,-1,-1,-1,-1,-1,-1,-1,-1,-1,-0.944,0.801,1,1,0.6,-0.991,-1,-1,-1,-1,-1,-1,-1,-1,-1,-1,-0.782,0.9,1,1,0.831,-0.914,-1,-1,-1,-1,-1,-1,-1,-1,-1,-1,-0.929,0.738,1,1,0.643,-0.985,-1,-1,-1,-1,-1,-1,-1,-1,-1,-1,-0.916,0.699,1,1,0.844,-0.877,-1,-1,-1,-1,-1,-1,-1,-1,-1,-1,-0.72,0.977,1,1,0.852,-0.789,-1,-1,-1,-1,-1,-1,-1,-1,-1,-1,-0.788,0.879,1,1,0.376,-1,-1,-1,-1,-1,-1,-1,-1,-1,-1,-1,-0.803,0.797,1,1,0.33,-1,-1,-1,-1,-1,-1,-1,-1,-1,-1,-1,-1,-0.954,0.079,0.888,-0.388,-1,-1,-1,-1,-1,-1
"273",-1,-1,-1,-1,-1,-0.946,-0.856,-0.153,-0.325,-0.856,-0.856,-0.926,-1,-1,-1,-1,-1,-1,-1,-0.991,-0.162,0.553,1,1,1,1,1,0.736,-0.541,-1,-1,-1,-1,-1,-0.881,0.382,0.985,1,1,1,1,1,1,1,0.753,-0.986,-1,-1,-1,-0.99,0.494,1,1,1,1,1,1,1,1,1,1,-0.221,-1,-1,-1,0.394,0.99,1,1,1,1,0.75,0.396,-0.072,0.679,1,1,0.937,-0.333,-1,-0.843,0.814,1,1,1,0.924,-0.079,-0.9,-1,-1,-0.477,1,1,1,1,-0.599,-0.496,0.999,1,1,0.897,-0.392,-1,-1,-1,-1,-0.792,0.612,1,1,1,0.16,0.344,1,1,1,0.608,-1,-1,-1,-1,-1,-1,-0.275,1,1,1,0.61,0.231,1,1,0.964,-0.505,-1,-1,-1,-1,-1,-0.992,0.081,1,1,1,0.414,0.454,1,1,0.995,-0.656,-0.936,-1,-1,-0.975,-0.731,0.032,0.978,1,1,0.995,-0.141,0.593,1,1,1,1,0.977,0.29,0.285,0.482,1,1,1,1,1,0.933,-0.863,-0.166,1,1,1,1,1,1,1,1,1,1,1,1,1,0.828,-0.953,-0.864,0.424,0.618,1,1,1,1,1,1,1,1,1,1,1,0.227,-0.996,-1,-1,-0.798,0.972,1,1,1,1,1,1,1,1,1,0.788,-0.96,-1,-1,-1,-1,-0.265,0.615,1,0.86,-0.203,-0.428,-0.428,0.402,1,-0.133,-0.562,-1,-1,-1,-1,-1,-1,-0.953,-0.193,-0.07,-0.536,-1,-1,-0.668,-0.509,-0.98,-1,-1,-1
"274",-1,-1,-1,-1,-1,-1,-1,-1,-1,-1,-1,-1,-1,-1,-1,-1,-1,-1,-1,-1,-1,-0.661,0.361,0.68,0.68,0.68,0.152,-0.23,-0.873,-1,-1,-1,-1,-1,-1,-0.931,0.407,0.902,1,1,1,1,1,1,0.687,-0.329,-1,-1,-1,-1,-0.528,0.57,1,1,1,1,1,1,1,1,1,1,0.08,-1,-1,-0.439,0.858,1,1,1,1,0.575,0.16,0.16,0.181,0.944,1,1,0.963,-0.925,-0.915,0.793,1,1,1,0.748,-0.012,-0.847,-1,-1,-1,-0.451,1,1,1,-0.529,-0.224,1,1,0.996,0.315,-0.735,-1,-1,-1,-1,-1,-0.973,0.909,1,1,-0.095,0.441,1,1,0.381,-1,-1,-1,-1,-1,-1,-1,-1,0.268,1,1,0.338,0.692,1,0.977,-0.496,-1,-1,-1,-1,-1,-1,-1,-1,-0.616,1,1,0.772,0.691,1,1,-0.588,-1,-1,-1,-1,-1,-1,-1,-1,0.248,1,1,0.341,-0.313,0.993,1,0.919,0.011,-0.94,-1,-1,-1,-1,-0.6,0.201,0.988,1,1,-0.144,-1,0.148,1,1,1,0.868,0.546,0.16,0.16,0.639,0.956,1,1,1,0.688,-0.858,-1,-0.99,-0.174,0.933,1,1,1,1,1,1,1,1,1,1,-0.122,-1,-1,-1,-1,-0.505,0.714,1,1,1,1,1,1,1,0.855,0.003,-0.964,-1,-1,-1,-1,-1,-0.932,-0.36,0.255,0.68,0.68,0.68,0.258,-0.225,-0.798,-1,-1,-1,-1,-1,-1,-1,-1,-1,-1,-1,-1,-1,-1,-1,-1,-1,-1,-1
"275",-1,-1,-1,-1,-0.536,-0.608,-1,-1,-1,-0.691,0.96,0.607,-0.949,-1,-1,-1,-1,-1,-1,-0.709,0.908,0.9,-0.863,-1,-1,0.05,1,1,-0.541,-1,-1,-1,-1,-1,-0.955,0.131,1,0.996,-0.642,-1,-0.993,0.494,1,0.904,-0.874,-1,-1,-1,-1,-0.462,0.788,1,1,0.906,-0.981,-1,-0.851,0.999,1,0.338,-1,-1,-1,-1,-1,0.567,1,1,1,0.816,-0.228,-0.665,-0.247,1,1,-0.42,-1,-1,-1,-1,-0.955,0.776,1,1,1,1,1,0.975,0.959,1,0.965,0.349,0.333,0.121,-0.754,-1,-0.988,0.382,1,0.791,0.88,1,1,1,1,1,1,1,1,1,0.58,-1,-1,-0.923,-0.186,-0.793,-0.828,-0.185,0.303,0.941,1,1,1,1,1,1,0.883,-0.942,-1,-1,-1,-1,-1,-1,-1,0.653,1,0.976,0.282,0.185,0.185,-0.001,-0.68,-1,-1,-1,-1,-1,-1,-1,-0.868,0.906,1,0.603,-1,-1,-1,-1,-1,-1,-1,-1,-1,-1,-1,-1,-0.226,1,1,0.174,-1,-1,-1,-1,-1,-1,-1,-1,-1,-1,-1,-0.938,0.799,1,1,-0.518,-1,-1,-1,-1,-1,-1,-1,-1,-1,-1,-1,-0.381,1,1,0.704,-0.981,-1,-1,-1,-1,-1,-1,-1,-1,-1,-1,-1,0.443,1,1,0.076,-1,-1,-1,-1,-1,-1,-1,-1,-1,-1,-1,-1,0.608,1,0.966,-0.627,-1,-1,-1,-1,-1,-1,-1,-1,-1,-1,-1,-1,-0.182,0.857,-0.099,-1,-1,-1,-1,-1,-1,-1,-1
"276",-1,-1,-1,-1,-1,-1,-0.572,0.998,-0.274,-1,-1,-1,-1,-1,-1,-1,-1,-1,-1,-1,-1,-1,-0.481,1,0.607,-1,-1,-1,-1,-1,-1,-1,-1,-1,-1,-1,-1,-1,-0.443,1,0.977,-0.879,-1,-1,-1,-1,-1,-1,-1,-1,-1,-1,-1,-1,-0.67,1,1,-0.676,-1,-1,-1,-1,-1,-1,-1,-1,-1,-1,-1,-1,-0.871,0.943,1,-0.418,-1,-1,-1,-1,-1,-1,-1,-1,-1,-1,-1,-1,-1,0.634,1,-0.149,-1,-1,-1,-1,-1,-1,-1,-1,-1,-1,-1,-1,-0.949,0.876,1,-0.272,-1,-1,-1,-1,-1,-1,-1,-1,-1,-1,-1,-1,-0.796,0.982,1,-0.278,-1,-1,-1,-1,-1,-1,-1,-1,-1,-1,-1,-1,-0.542,1,1,-0.549,-1,-1,-1,-1,-1,-1,-1,-1,-1,-1,-1,-1,-0.198,1,0.979,-0.62,-1,-1,-1,-1,-1,-1,-1,-1,-1,-1,-1,-1,0.063,1,0.874,-0.976,-1,-1,-1,-1,-1,-1,-1,-1,-1,-1,-1,-1,0.281,1,0.575,-1,-1,-1,-1,-1,-1,-1,-1,-1,-1,-1,-1,-1,0.224,1,0.6,-1,-1,-1,-1,-1,-1,-1,-1,-1,-1,-1,-1,-1,-0.172,1,0.488,-1,-1,-1,-1,-1,-1,-1,-1,-1,-1,-1,-1,-1,-0.494,1,0.97,-0.557,-1,-1,-1,-1,-1,-1,-1,-1,-1,-1,-1,-1,-0.984,0.27,1,0.273,-1,-1,-1,-1,-1,-1
"277",-1,-1,-1,-1,-1,-1,-0.991,0.539,-0.134,-1,-1,-1,-1,-1,-1,-1,-1,-1,-1,-1,-1,-1,-0.681,0.997,0.431,-1,-1,-1,-1,-1,-1,-1,-1,-1,-1,-1,-1,-1,-0.538,0.999,0.718,-1,-1,-1,-1,-1,-1,-1,-1,-1,-1,-1,-1,-1,-0.644,1,0.895,-0.939,-1,-1,-1,-1,-1,-1,-1,-1,-1,-1,-1,-1,-0.876,0.978,0.997,-0.787,-1,-1,-1,-1,-1,-1,-1,-1,-1,-1,-1,-1,-0.857,0.987,0.998,-0.784,-1,-1,-1,-1,-1,-1,-1,-1,-1,-1,-1,-1,-0.927,0.92,0.928,-0.908,-1,-1,-1,-1,-1,-1,-1,-1,-1,-1,-1,-1,-0.823,0.978,0.97,-0.88,-1,-1,-1,-1,-1,-1,-1,-1,-1,-1,-1,-1,-0.633,1,0.849,-0.953,-1,-1,-1,-1,-1,-1,-1,-1,-1,-1,-1,-1,-0.571,1,0.7,-1,-1,-1,-1,-1,-1,-1,-1,-1,-1,-1,-1,-1,-0.293,1,0.422,-1,-1,-1,-1,-1,-1,-1,-1,-1,-1,-1,-1,-1,-0.198,1,0.06,-1,-1,-1,-1,-1,-1,-1,-1,-1,-1,-1,-1,-1,-0.136,1,0.265,-1,-1,-1,-1,-1,-1,-1,-1,-1,-1,-1,-1,-1,-0.24,1,0.369,-1,-1,-1,-1,-1,-1,-1,-1,-1,-1,-1,-1,-1,-0.781,0.953,0.918,-0.546,-1,-1,-1,-1,-1,-1,-1,-1,-1,-1,-1,-1,-1,-0.127,0.75,-0.444,-1,-1,-1,-1,-1,-1
"278",-1,-1,-1,-1,-1,-1,-0.911,0.816,-0.418,-1,-1,-1,-1,-1,-1,-1,-1,-1,-1,-1,-1,-1,-0.844,0.656,0.476,-1,-1,-1,-1,-1,-1,-1,-1,-1,-1,-1,-1,-1,-1,0.029,0.977,-0.864,-1,-1,-1,-1,-1,-1,-1,-1,-1,-1,-1,-1,-1,0.336,1,-0.758,-1,-1,-1,-1,-1,-1,-1,-1,-1,-1,-1,-1,-1,0.516,0.947,-0.958,-1,-1,-1,-1,-1,-1,-1,-1,-1,-1,-1,-1,-1,0.677,0.881,-0.981,-1,-1,-1,-1,-1,-1,-1,-1,-1,-1,-1,-1,-0.945,0.911,0.666,-1,-1,-1,-1,-1,-1,-1,-1,-1,-1,-1,-1,-1,-0.899,0.991,0.504,-1,-1,-1,-1,-1,-1,-1,-1,-1,-1,-1,-1,-1,-0.88,0.988,0.342,-1,-1,-1,-1,-1,-1,-1,-1,-1,-1,-1,-1,-1,-0.888,0.976,0.471,-1,-1,-1,-1,-1,-1,-1,-1,-1,-1,-1,-1,-1,-0.905,0.973,0.364,-1,-1,-1,-1,-1,-1,-1,-1,-1,-1,-1,-1,-1,-0.974,0.877,0.384,-1,-1,-1,-1,-1,-1,-1,-1,-1,-1,-1,-1,-1,-0.985,0.887,0.295,-1,-1,-1,-1,-1,-1,-1,-1,-1,-1,-1,-1,-1,-1,0.519,0.605,-1,-1,-1,-1,-1,-1,-1,-1,-1,-1,-1,-1,-1,-1,0.281,0.625,-1,-1,-1,-1,-1,-1,-1,-1,-1,-1,-1,-1,-1,-1,-0.102,0.905,-0.97,-1,-1,-1,-1,-1,-1
"279",-1,-1,-0.576,0.655,0.099,-0.842,-1,-1,-1,-1,-1,-1,-1,-1,-1,-1,-1,-0.966,0.787,1,1,0.319,-0.63,-0.965,-1,-1,-1,-1,-1,-1,-1,-1,-1,-0.794,0.973,1,1,1,1,0.72,0.243,-0.646,-1,-1,-1,-1,-1,-1,-1,-0.283,1,1,0.197,0.096,0.661,1,1,0.893,-0.062,-0.757,-1,-1,-1,-1,-1,0.2,1,0.749,-0.905,-1,-0.979,-0.87,-0.009,0.755,0.995,0.932,-0.179,-0.978,-1,-1,-1,0.525,1,0.271,-1,-1,-1,-1,-1,-1,-0.096,0.999,1,0.252,-0.971,-1,-0.931,0.939,1,0.052,-1,-1,-1,-1,-1,-1,-1,-0.582,0.525,1,0.384,-0.984,-0.649,0.982,1,-0.273,-1,-1,-1,-1,-1,-1,-1,-1,-0.957,0.412,1,0.043,-0.095,1,0.979,-0.666,-1,-1,-1,-1,-1,-1,-1,-1,-1,-0.029,1,0.615,0.23,1,0.513,-0.999,-1,-1,-1,-1,-1,-1,-1,-0.822,0.133,0.972,1,0.289,0.555,1,0.505,-1,-1,-1,-1,-1,-1,-1,-0.52,0.642,1,1,0.83,-0.552,0.686,1,0.18,-1,-1,-1,-1,-0.979,-0.872,-0.066,0.95,1,1,0.707,-0.479,-1,0.643,1,-0.021,-1,-1,-0.983,-0.233,0.53,1,1,1,0.816,-0.107,-0.899,-1,-1,0.386,1,0.385,0.097,0.317,0.742,0.998,1,1,0.83,0.079,-0.839,-1,-1,-1,-1,-0.431,1,1,1,1,1,1,0.663,0.444,-0.859,-1,-1,-1,-1,-1,-1,-0.996,-0.346,0.392,0.743,0.743,0.584,-0.289,-0.88,-1,-1,-1,-1,-1,-1,-1,-1
"280",-1,-1,-0.491,0.751,0.808,0.215,-0.577,-1,-1,-0.576,0.148,-0.163,-1,-1,-1,-1,-1,-1,-0.419,0.998,1,1,0.989,0.608,0.305,0.926,1,0.998,0.3,-1,-1,-1,-1,-1,-1,-0.528,0.064,0.667,1,1,1,1,1,0.96,0.866,-0.918,-1,-1,-1,-1,-1,-1,-1,-0.68,0.994,1,1,1,1,0.286,-0.999,-1,-1,-1,-1,-1,-1,-1,-0.754,0.844,1,1,0.91,0.834,0.986,1,0.126,-0.946,-1,-1,-1,-1,-1,-0.824,0.81,1,1,0.732,-0.563,-1,-0.51,0.631,1,0.577,-0.771,-1,-1,-1,-0.995,0.282,1,1,0.746,-0.543,-1,-1,-1,-0.824,0.69,1,0.115,-1,-1,-0.867,0.101,0.985,1,0.869,-0.423,-1,-1,-1,-1,-1,-0.475,0.977,1,-0.625,-1,-0.146,1,1,0.988,-0.386,-1,-1,-1,-1,-1,-1,-1,0.471,1,0.073,-0.892,0.73,1,1,0.294,-0.993,-1,-1,-1,-1,-1,-1,-1,-0.088,1,0.631,-0.228,1,1,0.818,-0.818,-1,-1,-1,-1,-1,-1,-1,-1,0.248,1,0.663,0.443,1,1,-0.126,-1,-1,-1,-1,-1,-1,-1,-1,-0.901,0.783,1,0.31,-0.412,1,1,-0.021,-0.956,-1,-1,-1,-1,-1,-1,-0.537,0.661,1,1,-0.325,-0.993,0.046,1,1,0.845,0.034,-0.358,-0.358,-0.261,0.292,0.916,0.984,1,1,0.401,-0.99,-1,-0.999,-0.317,0.873,1,1,1,1,1,1,1,1,0.967,0.223,-0.996,-1,-1,-1,-1,-0.941,-0.382,0.622,0.902,0.902,0.902,0.669,0.253,-0.298,-0.795,-1,-1,-1
"281",-1,-1,-1,-1,-1,-1,-0.58,0.773,0.595,-0.728,-1,-1,-1,-1,-1,-1,-1,-1,-1,-1,-1,-1,0.213,1,1,0.453,-0.997,-1,-1,-1,-1,-1,-1,-1,-1,-1,-1,-1,0.223,1,1,0.769,-0.944,-1,-1,-1,-1,-1,-1,-1,-1,-1,-1,-0.99,0.645,1,1,0.935,-0.869,-1,-1,-1,-1,-1,-1,-1,-1,-1,-1,-0.973,0.743,1,1,0.595,-0.981,-1,-1,-1,-1,-1,-1,-1,-1,-1,-1,-1,0.234,1,1,0.794,-0.98,-1,-1,-1,-1,-1,-1,-1,-1,-1,-1,-0.979,0.644,1,1,0.678,-0.958,-1,-1,-1,-1,-1,-1,-1,-1,-1,-1,-0.902,0.871,1,1,0.415,-1,-1,-1,-1,-1,-1,-1,-1,-1,-1,-1,-0.875,0.897,1,1,0.047,-1,-1,-1,-1,-1,-1,-1,-1,-1,-1,-1,-0.991,0.519,1,1,0.498,-0.999,-1,-1,-1,-1,-1,-1,-1,-1,-1,-1,-0.918,0.856,1,1,0.173,-1,-1,-1,-1,-1,-1,-1,-1,-1,-1,-1,-1,0.317,1,1,0.247,-1,-1,-1,-1,-1,-1,-1,-1,-1,-1,-1,-1,-0.304,1,1,0.3,-1,-1,-1,-1,-1,-1,-1,-1,-1,-1,-1,-1,-0.588,1,1,-0.047,-1,-1,-1,-1,-1,-1,-1,-1,-1,-1,-1,-1,-0.836,0.964,1,-0.394,-1,-1,-1,-1,-1,-1,-1,-1,-1,-1,-1,-1,-1,0.17,0.827,-0.905,-1,-1,-1,-1,-1,-1
"282",-1,-1,-1,-1,-0.999,-0.653,-0.76,-1,-0.175,1,0.811,-0.756,-1,-1,-1,-1,-1,-1,-1,-1,-0.428,0.933,0.9,-0.273,-0.279,1,1,0.865,-0.391,-1,-1,-1,-1,-1,-1,-0.877,0.835,1,1,0.824,-0.886,-0.897,0.162,1,0.727,-0.95,-1,-1,-1,-1,-0.977,0.387,1,1,1,0.683,-0.731,-1,-0.701,0.985,0.987,-0.684,-1,-1,-1,-1,-0.809,0.935,1,1,0.304,-0.877,-1,-1,-0.958,0.758,1,0.122,-1,-1,-1,-1,-0.389,1,1,1,-0.226,-1,-1,-1,-1,0.654,1,0.269,-1,-1,-1,-1,-0.241,1,1,0.82,-0.889,-1,-1,-1,-0.994,0.522,1,0.415,-1,-1,-1,-1,0.075,1,1,0.489,-1,-1,-1,-1,-0.963,0.808,1,0.562,-1,-1,-1,-0.993,0.574,1,1,0.298,-1,-1,-1,-1,-0.614,0.964,1,0.704,-0.995,-1,-1,-1,0.266,1,1,0.319,-1,-1,-1,-1,0.298,1,1,0.389,-0.997,-1,-1,-1,0.456,1,1,0.108,-1,-1,-1,-0.77,0.91,1,1,0.244,-1,-1,-1,-1,-0.448,1,1,0.254,-1,-1,-0.858,0.072,1,1,0.962,-0.623,-1,-1,-1,-1,-1,0.438,1,0.972,-0.666,-0.37,0.741,1,1,1,0.453,-0.999,-1,-1,-1,-1,-1,-0.687,0.632,1,0.863,0.926,1,1,1,0.989,-0.399,-1,-1,-1,-1,-1,-1,-1,-0.732,0.406,1,1,1,1,0.865,-0.275,-0.978,-1,-1,-1,-1,-1,-1,-1,-1,-0.984,-0.255,0.525,1,0.359,-0.167,-1,-1,-1,-1,-1
"283",-1,-1,-1,-1,-1,-1,-1,0.222,0.352,-0.962,-1,-1,-1,-1,-1,-1,-1,-1,-1,-1,-1,-1,-0.551,0.832,1,0.505,-0.988,-1,-1,-1,-1,-1,-1,-1,-1,-1,-1,-0.965,0.322,1,1,0.941,-0.684,-1,-1,-1,-1,-1,-1,-1,-1,-1,-0.709,0.751,1,1,1,1,0.068,-1,-1,-1,-1,-1,-1,-1,-1,-1,-0.002,1,1,0.87,0.887,1,0.886,-0.783,-1,-1,-1,-1,-1,-1,-1,-0.715,0.703,1,1,0.022,0.144,1,1,0.397,-0.999,-1,-1,-1,-1,-1,-1,-0.352,1,1,0.982,-0.69,-0.856,-0.136,0.993,0.97,-0.779,-1,-1,-1,-1,-1,-1,0.118,1,1,0.564,-0.984,-1,-1,0.36,1,-0.172,-1,-1,-1,-1,-1,-0.95,0.746,1,1,-0.099,-1,-1,-1,0.051,1,0.695,-0.952,-1,-1,-1,-1,-0.491,1,1,1,-0.292,-1,-1,-1,0.106,1,0.953,-0.85,-1,-1,-1,-1,-0.627,1,1,0.951,-0.748,-1,-1,-0.989,0.6,1,1,-0.537,-1,-1,-1,-1,-0.846,0.929,1,0.588,-0.994,-1,-0.895,-0.02,0.966,1,0.982,-0.573,-1,-1,-1,-1,-0.979,0.563,1,0.802,-0.806,-0.042,0.69,1,1,1,0.694,-0.981,-1,-1,-1,-1,-1,0.015,1,1,0.966,1,1,1,1,0.962,-0.169,-1,-1,-1,-1,-1,-1,-0.943,0.268,0.962,1,1,1,0.913,0.458,-0.379,-0.989,-1,-1,-1,-1,-1,-1,-1,-1,-0.526,0.65,0.692,0.255,-0.465,-1,-1,-1,-1,-1,-1
"284",-1,-1,-1,-1,-1,-1,-1,-0.781,-0.537,0.85,-0.217,-0.971,-1,-1,-1,-1,-1,-1,-1,-1,-1,-0.867,-0.282,0.562,1,1,1,-0.219,-1,-1,-1,-1,-1,-1,-1,-0.984,-0.43,0.722,1,1,0.964,0.93,1,0.388,-1,-1,-1,-1,-1,-1,-1,-0.599,0.973,1,1,1,0.217,-0.131,1,0.896,-0.839,-1,-1,-1,-1,-1,-0.992,0.316,1,1,1,0.653,-0.952,-0.944,0.762,1,0.745,-0.903,-1,-1,-1,-1,-0.118,0.961,1,1,0.799,-0.616,-1,-1,-0.231,1,1,-0.026,-1,-1,-1,-0.989,0.656,1,1,0.933,-0.626,-1,-1,-1,-0.864,0.943,1,0.328,-1,-1,-1,-0.729,0.946,1,1,-0.169,-1,-1,-1,-1,-1,0.661,1,0.964,-0.714,-1,-1,0.105,1,1,0.965,-0.685,-1,-1,-1,-1,-1,0.265,1,1,-0.354,-1,-1,0.192,1,1,0.389,-0.996,-1,-1,-1,-1,-1,0.143,1,1,0.063,-1,-1,0.386,1,1,0.178,-1,-1,-1,-1,-1,-1,0.084,1,1,0.48,-1,-1,0.179,1,1,0.049,-1,-1,-1,-1,-0.894,-0.264,0.928,1,1,0.477,-1,-1,-0.133,1,1,0.674,-0.977,-1,-0.485,-0.064,0.637,1,1,1,1,-0.41,-1,-1,-0.944,0.384,1,1,0.781,0.744,0.95,1,1,1,1,1,0.616,-0.956,-1,-1,-1,-0.897,0.154,0.978,1,1,1,1,1,1,1,0.576,-0.624,-1,-1,-1,-1,-1,-1,-0.467,0.717,1,1,1,0.883,0.179,-0.409,-0.871,-1,-1,-1
"285",-1,-1,-1,-1,-1,-1,-0.305,0.971,0.091,-0.839,-1,-1,-1,-1,-1,-1,-1,-1,-1,-1,-1,-1,-0.065,1,1,0.417,-1,-1,-1,-1,-1,-1,-1,-1,-1,-1,-1,-1,-0.315,1,1,0.887,-0.919,-1,-1,-1,-1,-1,-1,-1,-1,-1,-1,-1,-0.25,1,1,0.87,-0.904,-1,-1,-1,-1,-1,-1,-1,-1,-1,-1,-1,-0.358,1,1,0.881,-0.933,-1,-1,-1,-1,-1,-1,-1,-1,-1,-1,-1,-0.325,1,1,0.875,-0.898,-1,-1,-1,-1,-1,-1,-1,-1,-1,-1,-1,-0.386,1,1,0.874,-0.915,-1,-1,-1,-1,-1,-1,-1,-1,-1,-1,-1,0.027,1,1,0.93,-0.846,-1,-1,-1,-1,-1,-1,-1,-1,-1,-1,-1,0.44,1,1,0.742,-0.992,-1,-1,-1,-1,-1,-1,-1,-1,-1,-1,-0.957,0.81,1,1,0.886,-0.917,-1,-1,-1,-1,-1,-1,-1,-1,-1,-1,-0.712,0.993,1,1,0.54,-1,-1,-1,-1,-1,-1,-1,-1,-1,-1,-1,-0.895,0.926,1,1,0.286,-1,-1,-1,-1,-1,-1,-1,-1,-1,-1,-1,-0.999,0.637,1,1,0.394,-1,-1,-1,-1,-1,-1,-1,-1,-1,-1,-1,-1,0.071,1,1,-0.019,-1,-1,-1,-1,-1,-1,-1,-1,-1,-1,-1,-1,-0.681,0.6,1,0.448,-0.979,-1,-1,-1,-1,-1,-1,-1,-1,-1,-1,-1,-1,-0.858,0.055,0.968,-0.705,-1,-1,-1,-1,-1
"286",-1,-1,-1,-1,-1,-0.592,0.654,0.825,0.678,-0.066,-1,-1,-1,-1,-1,-1,-1,-1,-1,-1,-1,0.589,-0.966,-1,-1,-0.011,-0.119,-1,-1,-1,-1,-1,-1,-1,-1,-1,-0.92,0.479,-1,-1,-1,-1,0.457,-0.806,-1,-1,-1,-1,-1,-1,-1,-1,-0.327,-0.041,-1,-1,-1,-1,-0.677,0.018,-1,-1,-1,-1,-1,-1,-1,-1,0.036,-0.426,-1,-1,-1,-1,-0.996,0.353,-1,-1,-1,-1,-1,-1,-1,-1,0.473,-0.846,-1,-1,-1,-1,-1,0.323,-1,-1,-1,-1,-1,-1,-1,-1,0.661,-1,-1,-1,-1,-1,-1,0.293,-1,-1,-1,-1,-1,-1,-1,-1,0.546,-1,-1,-1,-1,-1,-1,0.481,-1,-1,-1,-1,-1,-1,-1,-1,0.391,-1,-1,-1,-1,-1,-1,0.26,-1,-1,-1,-1,-1,-1,-1,-1,0.381,-1,-1,-1,-1,-1,-1,0.331,-1,-1,-1,-1,-1,-1,-1,-1,0.461,-1,-1,-1,-1,-1,-1,0.386,-1,-1,-1,-1,-1,-1,-1,-1,0.476,-1,-1,-1,-1,-1,-1,0.446,-1,-1,-1,-1,-1,-1,-1,-1,0.426,-0.988,-1,-1,-1,-1,-0.674,0.09,-1,-1,-1,-1,-1,-1,-1,-1,-0.049,-0.147,-1,-1,-1,-1,0.299,-0.684,-1,-1,-1,-1,-1,-1,-1,-1,-0.98,1,-0.886,-1,-1,-0.473,0.595,-1,-1,-1,-1,-1,-1,-1,-1,-1,-1,-0.528,0.782,0.631,0.508,0.376,-0.979,-1,-1,-1,-1,-1
"287",-1,-1,-1,-1,-1,-0.112,0.453,0.933,0.851,-0.26,-1,-1,-1,-1,-1,-1,-1,-1,-1,-1,-0.486,0.09,-1,-1,-0.952,0.145,0.167,-1,-1,-1,-1,-1,-1,-1,-1,-1,0.435,-0.954,-1,-1,-1,-1,0.049,-0.522,-1,-1,-1,-1,-1,-1,-1,-1,0.481,-1,-1,-1,-1,-1,-0.899,0.272,-1,-1,-1,-1,-1,-1,-1,-1,0.527,-1,-1,-1,-1,-1,-1,0.327,-1,-1,-1,-1,-1,-1,-1,-1,0.604,-1,-1,-1,-1,-1,-1,0.45,-1,-1,-1,-1,-1,-1,-1,-0.881,0.64,-1,-1,-1,-1,-1,-1,0.335,-0.869,-1,-1,-1,-1,-1,-1,-0.895,0.7,-1,-1,-1,-1,-1,-1,0.173,-0.8,-1,-1,-1,-1,-1,-1,-1,0.712,-1,-1,-1,-1,-1,-1,0.268,-0.864,-1,-1,-1,-1,-1,-1,-1,0.635,-1,-1,-1,-1,-1,-1,0.397,-0.901,-1,-1,-1,-1,-1,-1,-1,0.712,-1,-1,-1,-1,-1,-1,0.481,-1,-1,-1,-1,-1,-1,-1,-1,0.851,-1,-1,-1,-1,-1,-1,0.466,-1,-1,-1,-1,-1,-1,-1,-1,0.683,-0.832,-1,-1,-1,-1,-0.84,0.352,-1,-1,-1,-1,-1,-1,-1,-1,-0.12,-0.029,-1,-1,-1,-1,0.144,-0.555,-1,-1,-1,-1,-1,-1,-1,-1,-0.96,1,-0.726,-1,-1,-0.702,0.415,-1,-1,-1,-1,-1,-1,-1,-1,-1,-1,-0.645,0.933,0.74,0.489,0.428,-0.941,-1,-1,-1,-1,-1
"288",-1,-1,-1,-0.986,0.345,1,1,1,0.449,-0.751,-1,-1,-1,-1,-1,-1,-1,-1,-1,-0.462,1,1,1,1,1,0.79,-0.182,-0.99,-1,-1,-1,-1,-1,-1,-1,-0.672,1,1,1,1,0.868,1,1,0.161,-0.952,-1,-1,-1,-1,-1,-1,-0.684,1,1,1,0.725,-0.843,0.077,1,1,0.204,-1,-1,-1,-1,-1,-1,0.692,1,1,1,-0.428,-1,-1,-0.051,1,0.739,-0.862,-1,-1,-1,-1,-0.244,0.982,1,0.913,-0.198,-0.982,-1,-1,-0.645,0.922,1,-0.318,-1,-1,-1,-1,0.454,1,1,0.29,-1,-1,-1,-1,-1,0.405,1,-0.041,-1,-1,-1,-1,0.31,1,1,-0.492,-1,-1,-1,-1,-1,0.129,1,0.235,-1,-1,-1,-1,0.034,1,0.988,-0.931,-1,-1,-1,-1,-1,0.58,1,0.511,-1,-1,-1,-1,0.287,1,1,-0.27,-1,-1,-1,-1,-0.845,0.942,1,-0.006,-1,-1,-1,-1,-0.452,1,1,0.337,-1,-1,-1,-1,-0.188,1,0.98,-0.701,-1,-1,-1,-1,-0.068,1,1,0.613,-1,-1,-1,-0.891,0.617,1,0.613,-0.984,-1,-1,-1,-1,-0.344,1,1,0.888,-0.999,-1,-0.449,0.61,1,1,0.046,-1,-1,-1,-1,-1,-0.954,0.541,1,1,0.822,0.818,0.963,1,1,0.302,-0.963,-1,-1,-1,-1,-1,-1,-0.612,0.864,1,1,1,1,0.838,-0.225,-0.907,-1,-1,-1,-1,-1,-1,-1,-1,-0.722,0.082,0.971,0.896,0.198,-0.683,-1,-1,-1,-1,-1,-1
"289",-1,-1,-1,-1,-1,-1,-1,-0.372,-0.337,-0.337,-0.732,-1,-1,-1,-1,-1,-1,-1,-1,-0.862,-0.254,0.085,0.825,0.984,1,1,0.903,0.12,-0.956,-1,-1,-1,-1,-0.996,-0.337,0.919,1,1,1,1,1,1,1,1,0.542,-0.45,-1,-1,-1,-0.196,0.987,1,1,1,1,1,1,1,1,1,1,0.915,-0.206,-1,-0.621,0.978,1,1,1,1,1,1,0.586,-0.122,-0.781,-0.49,0.993,1,0.76,-0.894,-0.034,1,1,1,0.191,-0.446,0.171,0.896,0.305,-1,-1,-1,0.131,1,1,-0.034,-0.144,1,1,0.987,-0.653,-1,-1,-0.819,-0.893,-1,-1,-1,-0.482,1,1,0.348,0.448,1,1,0.687,-0.945,-1,-1,-1,-1,-1,-1,-1,-0.86,0.996,1,0.729,0.729,1,1,0.812,-1,-1,-1,-1,-1,-1,-1,-1,-0.563,0.98,1,0.448,0.348,1,1,0.395,-0.999,-1,-1,-1,-1,-1,-1,-1,0.106,1,1,0.111,-0.034,1,1,0.772,-0.803,-1,-1,-1,-1,-1,-1,-0.569,0.89,1,0.906,-0.778,-0.625,0.825,1,1,0.719,-0.122,-0.788,-0.96,-0.96,-0.938,0.1,0.853,1,1,0.519,-1,-1,-0.744,0.615,1,1,1,1,1,1,1,1,1,1,0.755,-0.803,-1,-1,-1,-0.854,-0.185,0.942,1,1,1,1,1,1,1,0.182,-0.723,-1,-1,-1,-1,-1,-1,-0.526,0.399,0.825,0.959,0.368,-0.013,-0.469,-0.851,-0.987,-1,-1,-1,-1,-1,-1,-1,-1,-1,-1,-0.517,-0.927,-1,-1,-1,-1,-1,-1,-1
"290",-1,-1,-1,-1,-0.486,0.635,1,1,1,0.564,-0.475,-1,-1,-1,-1,-1,-1,-1,-1,-1,0.233,1,1,1,1,1,0.898,-0.062,-0.989,-1,-1,-1,-1,-1,-1,-0.729,0.565,1,1,1,1,1,1,1,0.475,-0.872,-1,-1,-1,-1,-0.664,0.864,1,1,1,1,1,0.848,0.512,1,1,0.552,-0.832,-1,-1,-1,0.122,1,1,1,0.727,0.511,-0.2,-0.641,-1,0.363,1,1,-0.283,-1,-1,-0.972,0.858,1,1,0.659,-0.865,-1,-1,-1,-1,-0.467,0.993,1,0.554,-1,-1,0.129,1,1,0.874,-0.803,-1,-1,-1,-1,-1,-1,0.69,1,0.75,-1,-0.969,0.861,1,1,0.628,-1,-1,-1,-1,-1,-1,-1,-0.147,1,0.942,-0.995,-1,0.855,1,1,-0.136,-1,-1,-1,-1,-1,-1,-1,-0.184,1,1,-0.856,-0.649,0.947,1,0.996,-0.575,-1,-1,-1,-1,-1,-1,-1,0.259,1,1,-0.659,-0.775,0.877,1,1,-0.382,-1,-1,-1,-1,-1,-1,-1,0.543,1,0.866,-0.809,-1,0.265,1,1,0.772,-0.997,-1,-1,-1,-1,-1,-0.643,0.949,1,-0.026,-1,-1,-0.77,0.878,1,1,0.449,-0.6,-0.958,-0.882,-0.6,-0.34,0.651,1,0.962,-0.591,-1,-1,-1,-0.048,1,1,1,1,0.65,0.71,1,1,1,1,0.288,-1,-1,-1,-1,-1,-0.707,0.741,1,1,1,1,1,1,1,0.698,-0.814,-1,-1,-1,-1,-1,-1,-0.77,0.367,1,1,0.991,0.201,0.2,-0.32,-0.792,-1,-1,-1
"291",-1,-1,-1,-1,-1,-1,-0.894,0.636,-0.048,-1,-1,-1,-1,-1,-1,-1,-1,-1,-1,-1,-1,-1,-0.871,0.999,0.937,-0.777,-1,-1,-1,-1,-1,-1,-1,-1,-1,-1,-1,-1,-0.529,0.999,1,-0.052,-1,-1,-1,-1,-1,-1,-1,-1,-1,-1,-1,-1,0,1,1,-0.38,-1,-1,-1,-1,-1,-1,-1,-1,-1,-1,-1,-1,0.4,1,1,-0.736,-1,-1,-1,-1,-1,-1,-1,-1,-1,-1,-1,-0.964,0.721,1,0.991,-0.62,-1,-1,-1,-1,-1,-1,-1,-1,-1,-1,-1,-0.969,0.952,1,1,-0.855,-1,-1,-1,-1,-1,-1,-1,-1,-1,-1,-1,-1,0.673,1,0.827,-0.952,-1,-1,-1,-1,-1,-1,-1,-1,-1,-1,-1,-0.965,0.894,1,0.922,-0.941,-1,-1,-1,-1,-1,-1,-1,-1,-1,-1,-1,-0.964,0.786,1,0.712,-1,-1,-1,-1,-1,-1,-1,-1,-1,-1,-1,-1,-0.89,0.996,1,0.715,-0.998,-1,-1,-1,-1,-1,-1,-1,-1,-1,-1,-1,-0.662,0.98,1,0.592,-1,-1,-1,-1,-1,-1,-1,-1,-1,-1,-1,-1,-0.833,1,1,0.279,-1,-1,-1,-1,-1,-1,-1,-1,-1,-1,-1,-1,-1,0.857,1,0.855,0.316,-0.844,-1,-1,-1,-1,-1,-1,-1,-1,-1,-1,-1,0.302,1,1,0.964,-0.834,-1,-1,-1,-1,-1,-1,-1,-1,-1,-1,-1,-0.789,0.65,1,-0.125,-1,-1,-1,-1,-1,-1
"292",-1,-1,-1,-0.971,0.222,1,1,0.428,-0.209,-0.846,-0.997,-1,-1,-1,-1,-1,-1,-1,-1,-0.183,1,1,1,1,1,1,-0.013,-0.976,-1,-1,-1,-1,-1,-1,-1,-0.806,0.692,0.023,0.599,1,1,1,1,0.173,-1,-1,-1,-1,-1,-1,-1,-1,-0.231,1,1,1,0.679,0.048,0.944,0.969,-0.187,-1,-1,-1,-1,-1,-1,-0.95,0.792,1,1,0.665,-0.72,-1,-0.174,1,0.939,-0.93,-1,-1,-1,-1,-1,0.113,1,1,0.933,-0.75,-1,-1,-0.951,0.587,1,-0.022,-1,-1,-1,-1,-0.644,0.88,1,0.791,-0.58,-1,-1,-1,-1,-0.308,1,0.872,-1,-1,-1,-0.969,0.425,1,1,-0.182,-1,-1,-1,-1,-1,-0.76,1,1,-0.848,-1,-1,-0.63,1,1,0.356,-0.981,-1,-1,-1,-1,-1,-0.982,0.942,1,-0.568,-1,-1,-0.614,1,1,-0.305,-1,-1,-1,-1,-1,-1,-0.853,0.902,1,-0.461,-1,-1,-0.488,1,1,-0.087,-1,-1,-1,-1,-1,-1,-0.762,0.999,0.998,-0.646,-1,-1,-0.546,1,1,0.193,-1,-1,-1,-1,-1,-1,-0.132,1,0.766,-0.996,-1,-1,-0.934,0.628,1,0.676,-0.834,-1,-1,-1,-1,-0.584,0.87,0.987,-0.168,-1,-1,-1,-1,-0.353,0.98,1,0.805,0.481,0.02,0.063,0.647,0.946,1,0.616,-0.993,-1,-1,-1,-1,-1,0.12,0.935,1,1,1,1,1,1,0.621,-0.761,-1,-1,-1,-1,-1,-1,-1,-0.579,0.181,1,1,0.342,-0.255,-0.404,-0.957,-1,-1,-1,-1
"293",-1,-1,-1,-1,-1,-0.039,0.936,-0.061,-0.615,-1,-1,-1,-1,-1,-1,-1,-1,-1,-1,-1,-0.946,0.886,1,1,1,0.111,-0.941,-1,-1,-1,-1,-1,-1,-1,-1,-1,0.142,1,1,1,1,1,0.523,-0.999,-1,-1,-1,-1,-1,-1,-1,-0.85,0.75,1,1,0.586,-0.735,0.926,1,-0.456,-1,-1,-1,-1,-1,-1,-1,0.102,1,1,0.563,-0.998,-1,-0.562,0.997,0.562,-0.997,-1,-1,-1,-1,-1,-0.969,0.828,1,1,-0.415,-1,-1,-1,0.415,1,-0.415,-1,-1,-1,-1,-1,-0.816,0.988,1,0.601,-0.995,-1,-1,-1,-0.383,1,0.623,-0.796,-1,-1,-1,-1,-0.293,1,1,-0.374,-1,-1,-1,-1,-0.729,0.992,1,-0.152,-1,-1,-1,-1,-0.202,1,1,-0.465,-1,-1,-1,-1,-0.846,0.978,1,-0.021,-1,-1,-1,-1,-0.111,1,0.877,-0.877,-1,-1,-1,-1,-0.872,0.873,1,-0.111,-1,-1,-1,-1,0.202,1,0.874,-0.964,-1,-1,-1,-1,-0.226,0.983,0.99,-0.636,-1,-1,-1,-1,0.07,1,0.797,-0.978,-1,-1,-1,-0.374,1,1,0.374,-1,-1,-1,-1,-1,-0.284,1,0.898,-0.947,-1,-0.995,-0.041,0.975,1,0.995,-0.601,-1,-1,-1,-1,-1,-0.91,0.828,1,0.052,-0.329,0.611,1,1,0.914,-0.389,-1,-1,-1,-1,-1,-1,-1,-0.286,0.962,1,1,1,1,1,0.102,-1,-1,-1,-1,-1,-1,-1,-1,-1,-0.302,0.623,1,1,0.486,-0.586,-1,-1,-1,-1,-1,-1
"294",-1,-1,-1,-1,-1,-1,-0.561,0.91,0.908,-0.449,-1,-1,-1,-1,-1,-1,-1,-1,-1,-1,-1,-0.294,0.962,1,1,0.948,-0.754,-1,-1,-1,-1,-1,-1,-1,-1,-1,-0.892,0.758,1,1,1,1,-0.583,-1,-1,-1,-1,-1,-1,-1,-1,-1,-0.57,0.999,1,0.784,0.128,1,0.495,-0.948,-1,-1,-1,-1,-1,-1,-1,-1,-0.158,1,0.999,-0.246,-0.8,0.961,1,-0.292,-1,-1,-1,-1,-1,-1,-1,-0.993,0.276,1,0.84,-0.952,-1,0.333,1,0.536,-1,-1,-1,-1,-1,-1,-1,-0.802,0.982,1,0.627,-1,-1,-0.495,1,0.998,-0.634,-1,-1,-1,-1,-1,-1,-0.559,1,1,-0.36,-1,-1,-0.822,0.983,1,0.192,-1,-1,-1,-1,-1,-1,0.428,1,0.908,-0.771,-1,-1,-0.919,0.918,1,0.324,-1,-1,-1,-1,-1,-0.993,0.741,1,0.621,-0.986,-1,-1,-0.846,0.864,1,0.897,-0.926,-1,-1,-1,-1,-0.911,0.891,1,0.283,-1,-1,-1,-0.48,1,1,0.256,-1,-1,-1,-1,-1,-0.963,0.841,1,0.446,-1,-1,-1,0.023,1,1,-0.005,-1,-1,-1,-1,-1,-0.999,0.29,1,0.865,-0.924,-0.88,-0.379,0.874,1,0.898,-0.738,-1,-1,-1,-1,-1,-1,-0.84,0.941,1,0.662,0.733,1,1,1,-0.008,-1,-1,-1,-1,-1,-1,-1,-1,-0.369,0.824,1,1,1,1,0.705,-0.912,-1,-1,-1,-1,-1,-1,-1,-1,-1,-0.804,0.435,1,1,0.113,-0.879,-1,-1,-1,-1,-1
"295",-1,-1,-1,-1,-1,-1,0.276,1,0.285,-0.895,-1,-1,-1,-1,-1,-1,-1,-1,-1,-1,-1,-0.968,0.58,1,1,0.278,-1,-1,-1,-1,-1,-1,-1,-1,-1,-1,-1,-1,-0.956,0.236,1,0.992,-0.716,-1,-1,-1,-1,-1,-1,-1,-1,-1,-1,-1,-0.052,1,1,1,0.052,-1,-1,-1,-1,-1,-1,-1,-1,-1,-1,-0.749,0.921,1,1,1,0.798,-0.97,-1,-1,-1,-1,-1,-1,-1,-1,-1,0.174,1,1,0.778,1,0.869,-0.932,-1,-1,-1,-1,-1,-1,-1,-1,-0.875,0.829,1,0.996,-0.652,0.879,0.925,-0.879,-1,-1,-1,-1,-1,-1,-1,-1,-0.488,1,1,0.488,-1,0.4,1,-0.623,-1,-1,-1,-1,-1,-1,-1,-1,-0.153,1,1,-0.291,-1,0.069,1,-0.069,-1,-1,-1,-1,-1,-1,-1,-1,0.404,1,0.668,-0.962,-1,0.182,1,0.701,-0.994,-1,-1,-1,-1,-1,-1,-0.998,0.737,1,0.149,-1,-1,0.073,1,0.789,-0.973,-1,-1,-1,-1,-1,-1,-0.862,0.937,1,0.036,-1,-1,0.408,1,0.973,-0.826,-1,-1,-1,-1,-1,-1,-0.994,0.737,1,0.368,-1,-0.87,0.835,1,0.59,-1,-1,-1,-1,-1,-1,-1,-1,-0.033,1,1,0.517,0.594,1,1,0.032,-1,-1,-1,-1,-1,-1,-1,-1,-0.988,0.068,1,1,1,1,0.948,-0.696,-1,-1,-1,-1,-1,-1,-1,-1,-1,-1,-0.045,0.353,0.995,0.762,-0.401,-1,-1,-1,-1,-1
"296",-1,-1,-1,-1,-1,-0.964,-0.979,-1,-1,-1,-1,-1,-1,-1,-1,-1,-1,-1,-1,-1,-0.572,0.794,0.599,-0.289,-0.946,-1,-1,-1,-1,-1,-1,-1,-1,-1,-0.734,0.626,0.931,1,1,1,0.41,-0.235,-0.854,-0.944,-1,-1,-1,-1,-1,-0.857,0.645,1,1,1,1,1,1,1,1,0.628,-0.224,-0.957,-1,-1,-1,0.409,1,1,1,1,1,1,1,1,1,1,1,0.759,-0.621,-1,-0.762,0.916,1,1,0.352,-0.027,1,1,1,1,1,1,1,1,0.583,-0.793,-0.043,1,1,0.418,-0.961,-0.997,-0.902,-0.902,-0.385,-0.122,-0.122,-0.122,0.522,1,1,-0.071,0.36,1,1,0.055,-1,-1,-1,-1,-1,-1,-1,-1,-0.31,1,1,0.858,0.858,1,0.937,-0.723,-1,-1,-1,-1,-1,-1,-1,-1,0.359,1,1,0.189,0.576,1,0.886,-0.999,-1,-1,-1,-1,-1,-1,-0.944,-0.18,0.914,1,0.972,-0.491,0.294,1,1,-0.621,-1,-1,-1,-1,-1,-0.452,0.691,1,1,1,0.374,-1,-0.064,1,1,0.891,0.265,-0.024,-0.024,0.067,0.756,0.901,1,1,1,0.803,-0.784,-1,-0.986,0.687,1,1,1,1,1,1,1,1,1,1,1,0.007,-1,-1,-1,-0.859,0.488,1,1,1,1,1,1,1,0.995,0.707,-0.412,-0.971,-1,-1,-1,-1,-0.91,0.073,0.938,1,1,1,1,0.383,-0.299,-0.995,-1,-1,-1,-1,-1,-1,-1,-1,-0.957,-0.952,-0.952,-0.952,-0.952,-0.991,-1,-1,-1,-1,-1,-1
"297",-1,-1,-1,-1,-1,-1,-0.832,-0.805,-1,-1,-1,-1,-1,-1,-1,-1,-1,-1,-1,-1,-0.562,0.372,0.851,0.946,0.381,0.054,-0.456,-0.834,-1,-1,-1,-1,-1,-1,-0.983,0.377,0.939,1,1,1,1,1,1,0.801,-0.302,-0.983,-1,-1,-1,-0.935,0.326,1,1,1,1,1,1,1,1,1,1,0.526,-0.867,-1,-1,-0.433,1,1,1,1,0.931,0.31,0.605,1,1,1,1,1,0.449,-1,-0.946,0.78,1,1,0.827,0.22,-0.788,-1,-0.94,0.411,0.819,0.972,1,1,0.979,-0.426,-0.263,1,1,0.564,-0.96,-1,-1,-1,-1,-1,-1,-0.456,0.735,1,1,-0.254,0.229,1,1,-0.238,-1,-1,-1,-1,-1,-1,-1,-1,-0.023,1,1,0.227,0.934,1,1,-0.243,-1,-1,-1,-1,-1,-1,-1,-1,-0.155,1,1,0.845,0.802,1,1,-0.112,-1,-1,-1,-1,-1,-1,-1,-1,0.337,1,1,0.703,0.61,1,1,0.436,-0.854,-0.969,-1,-1,-1,-1,-0.949,-0.293,0.953,1,1,0.211,-0.452,0.957,1,1,1,0.466,0.31,0.31,0.31,0.31,0.543,1,1,1,1,-0.433,-1,0.4,1,1,1,1,1,1,1,1,1,1,1,1,0.563,-0.883,-1,-0.985,0.308,0.907,1,1,1,1,1,1,1,1,0.737,0.501,-0.861,-1,-1,-1,-1,-0.636,0.222,0.451,1,1,1,0.783,0.381,0.144,-0.939,-1,-1,-1,-1,-1,-1,-1,-1,-0.978,-0.783,-0.783,-0.783,-0.856,-1,-1,-1,-1,-1,-1
"298",-1,-1,-1,-1,-1,-1,-0.554,0.55,1,0.321,-0.948,-1,-1,-1,-1,-1,-1,-1,-1,-1,-1,-0.741,0.794,1,1,1,0.575,-0.941,-1,-1,-1,-1,-1,-1,-1,-1,-1,0.059,1,1,1,1,0.694,-0.902,-1,-1,-1,-1,-1,-1,-1,-1,-0.941,0.617,1,1,1,0.581,-0.071,-1,-1,-1,-1,-1,-1,-1,-1,-1,-0.944,0.961,1,1,1,-0.547,-1,-1,-1,-1,-1,-1,-1,-1,-1,-1,-1,0.638,1,1,0.929,-0.872,-1,-1,-1,-1,-1,-1,-1,-1,-1,-1,-0.843,0.933,1,1,1,-0.73,-1,-1,-1,-1,-1,-1,-1,-1,-1,-1,-1,0.822,1,1,0.735,-0.972,-1,-1,-1,-1,-1,-1,-1,-1,-1,-1,-1,0.443,1,1,0.986,-0.844,-1,-1,-1,-1,-1,-1,-1,-1,-1,-1,-1,0.064,1,1,1,0.406,-1,-1,-1,-1,-1,-1,-1,-1,-1,-1,-1,-0.149,1,1,1,0.785,-1,-1,-1,-1,-1,-1,-1,-1,-1,-1,-1,0.248,1,1,1,0.999,-0.835,-1,-1,-1,-1,-1,-1,-1,-1,-1,-1,-0.131,1,1,1,1,-0.457,-1,-1,-1,-1,-1,-1,-1,-1,-1,-1,-0.886,0.601,1,1,0.973,-0.827,-1,-1,-1,-1,-1,-1,-1,-1,-1,-1,-1,-0.661,1,1,0.506,-0.977,-1,-1,-1,-1,-1,-1,-1,-1,-1,-1,-1,-0.998,0.405,0.564,-0.539,-1,-1,-1,-1,-1,-1
"299",-1,-1,-1,-1,-1,-1,-0.904,0.599,0.479,-0.898,-1,-1,-1,-1,-1,-1,-1,-1,-1,-1,-1,-0.997,-0.673,1,1,0.228,-0.977,-1,-1,-1,-1,-1,-1,-1,-1,-1,-1,-0.552,1,1,1,1,-0.36,-1,-1,-1,-1,-1,-1,-1,-1,-1,-1,0.082,1,1,0.898,1,0.439,-1,-1,-1,-1,-1,-1,-1,-1,-1,-0.668,0.947,1,0.632,-0.374,0.976,0.976,-0.532,-1,-1,-1,-1,-1,-1,-1,-1,0.117,1,0.945,-0.661,-1,0.441,1,0.039,-1,-1,-1,-1,-1,-1,-1,-0.689,0.927,1,0.471,-1,-1,-0.154,1,0.455,-1,-1,-1,-1,-1,-1,-1,-0.18,1,1,-0.265,-1,-1,-0.815,0.861,0.981,-0.368,-1,-1,-1,-1,-1,-1,0.351,1,0.985,-0.807,-1,-1,-1,0.477,1,0.439,-1,-1,-1,-1,-1,-0.991,0.669,1,0.698,-1,-1,-1,-1,0.342,1,0.778,-1,-1,-1,-1,-1,-1,0.928,1,0.832,-1,-1,-1,-1,-0.278,1,0.912,-1,-1,-1,-1,-1,-1,0.691,1,0.962,-0.996,-1,-1,-1,-0.054,1,0.73,-0.991,-1,-1,-1,-1,-1,0.019,1,1,-0.567,-1,-1,-0.774,0.713,1,0.207,-1,-1,-1,-1,-1,-1,-0.725,0.893,1,0.693,0.12,0.131,0.854,1,0.953,-0.636,-1,-1,-1,-1,-1,-1,-1,-0.542,0.861,1,1,1,1,1,-0.264,-1,-1,-1,-1,-1,-1,-1,-1,-1,-0.679,0.253,1,0.689,0.214,-0.465,-0.998,-1,-1,-1,-1
"300",-1,-1,-1,-1,-1,-1,-1,-1,-1,-1,0.151,0.81,-0.751,-1,-1,-1,-1,-1,-0.99,0.373,-0.323,-1,-1,-1,-1,-0.474,0.957,0.563,-0.971,-1,-1,-1,-1,-1,-0.697,1,0.78,-1,-1,-1,-0.931,0.699,1,-0.458,-1,-1,-1,-1,-1,-1,-0.502,1,0.774,-0.992,-1,-1,-0.265,1,0.793,-0.946,-1,-1,-1,-1,-1,-1,0.253,1,0.367,-1,-1,-0.97,0.741,1,0.031,-1,-1,-1,-1,-1,-1,-0.876,0.915,1,-0.191,-1,-1,-0.367,1,0.972,-0.56,-1,-1,-1,-1,-1,-1,0.029,1,1,0.697,-0.045,-0.647,0.299,1,0.512,-1,-1,-1,-1,-1,-1,-0.958,0.879,1,0.393,0.759,1,1,1,1,-0.001,-1,-1,-1,-1,-1,-1,-1,-0.557,-0.057,-0.993,-0.999,-0.518,0.711,1,1,0.981,0.722,0.24,-0.231,-0.231,-0.573,-1,-1,-1,-1,-1,-1,-1,0.419,1,0.693,0.235,0.709,1,1,1,0.762,-0.958,-1,-1,-1,-1,-1,-0.924,0.864,1,-0.267,-1,-0.993,-0.815,-0.815,-0.573,-0.879,-1,-1,-1,-1,-1,-1,-0.486,1,0.988,-0.859,-1,-1,-1,-1,-1,-1,-1,-1,-1,-1,-1,-1,-0.132,1,0.585,-0.992,-1,-1,-1,-1,-1,-1,-1,-1,-1,-1,-1,-1,0.29,1,0.141,-1,-1,-1,-1,-1,-1,-1,-1,-1,-1,-1,-1,-1,0.75,0.994,-0.669,-1,-1,-1,-1,-1,-1,-1,-1,-1,-1,-1,-1,-1,0.339,0.79,-0.918,-1,-1,-1,-1,-1,-1,-1,-1
"301",-1,-1,-1,-1,-1,-0.373,0.887,0.104,-0.899,-1,-1,-1,-1,-1,-1,-1,-1,-1,-1,-1,-1,-0.998,-0.124,0.901,0.865,-0.237,-0.992,-1,-1,-1,-1,-1,-1,-1,-1,-1,-1,-1,-1,-0.759,0.467,0.989,0.251,-0.941,-1,-1,-1,-1,-1,-1,-1,-1,-1,-0.654,-0.953,-1,-1,0.085,0.991,0.556,-0.807,-1,-1,-1,-1,-1,-1,-0.622,0.511,0.912,0.349,-1,-1,-1,-0.101,0.995,0.589,-0.962,-1,-1,-1,-1,-0.856,0.724,1,0.465,-0.833,-1,-1,-1,-1,0.122,1,0.021,-1,-1,-1,-0.972,0.399,1,0.791,-0.803,-1,-1,-1,-1,-1,-0.929,0.733,0.813,-0.8,-1,-1,-0.315,1,0.953,-0.525,-1,-1,-1,-1,-1,-1,-1,-0.454,1,-0.214,-1,-0.942,0.808,1,0.178,-1,-1,-1,-1,-1,-1,-1,-1,-0.979,0.586,0.468,-1,-0.513,1,1,-0.564,-1,-1,-1,-1,-1,-1,-1,-1,-1,-0.014,0.928,-0.763,-0.278,1,0.625,-0.992,-1,-1,-1,-1,-1,-1,-1,-1,-1,-0.249,1,-0.426,-0.309,1,0.739,-1,-1,-1,-1,-1,-1,-1,-1,-1,-1,0.024,1,-0.244,-0.972,0.762,0.998,-0.501,-1,-1,-1,-1,-1,-1,-1,-1,-0.42,0.905,0.996,-0.52,-1,-0.134,1,0.838,0.059,-0.415,-0.743,-0.607,-0.569,-0.322,0.083,0.61,0.971,1,0.54,-0.973,-1,-0.985,0.119,0.944,1,1,0.977,0.993,1,1,1,1,1,0.39,-0.83,-1,-1,-1,-1,-0.69,-0.091,0.382,0.507,0.742,0.758,0.473,0.015,-0.182,-0.587,-0.993,-1,-1
"302",-1,-1,-1,-1,-1,-1,0.119,1,0.661,-0.518,-0.998,-1,-1,-1,-1,-1,-1,-1,-1,-1,-1,-0.916,-0.122,0.296,0.947,1,0.033,-1,-1,-1,-1,-1,-1,-1,-1,-0.928,0.086,0.941,1,-0.275,-0.675,0.818,0.988,-0.386,-1,-1,-1,-1,-1,-1,-1,0.142,1,0.979,-0.112,-0.839,-1,-0.771,0.88,0.726,-0.916,-1,-1,-1,-1,-1,-0.969,0.743,1,0.238,-1,-1,-1,-1,-0.217,0.997,0.138,-1,-1,-1,-1,-1,-0.676,1,1,-0.393,-1,-1,-1,-1,-1,0.705,0.999,-0.785,-1,-1,-1,-1,-0.192,1,0.819,-0.963,-1,-1,-1,-1,-1,0.216,1,-0.298,-1,-1,-1,-1,0.012,1,0.676,-0.997,-1,-1,-1,-1,-1,0.26,1,0.085,-1,-1,-1,-1,0.07,1,0.501,-1,-1,-1,-1,-1,-1,0.224,1,0.027,-1,-1,-1,-1,0.034,1,0.324,-1,-1,-1,-1,-1,-1,0.615,1,-0.177,-1,-1,-1,-1,-0.148,1,0.719,-1,-1,-1,-1,-1,-0.921,0.861,1,-0.661,-1,-1,-1,-1,-0.637,1,0.999,-0.791,-1,-1,-1,-1,-0.003,1,0.542,-0.968,-1,-1,-1,-1,-0.986,0.687,1,-0.303,-1,-1,-1,-0.231,0.805,1,-0.269,-1,-1,-1,-1,-1,-1,-0.427,0.973,0.84,0.225,0.225,0.575,0.991,1,0.622,-0.923,-1,-1,-1,-1,-1,-1,-1,-0.022,1,1,1,1,1,0.522,-0.745,-1,-1,-1,-1,-1,-1,-1,-1,-0.999,-0.536,0.292,0.906,0.427,-0.129,-0.978,-1,-1,-1,-1,-1
"303",-1,-1,-1,-1,-1,-1,-0.356,0.724,1,0.415,-0.701,-1,-1,-1,-1,-1,-1,-1,-1,-1,-0.675,0.695,0.965,1,1,1,0.903,-0.46,-1,-1,-1,-1,-1,-1,-1,-0.762,0.845,1,1,1,1,1,0.934,0.855,-0.806,-1,-1,-1,-1,-1,-0.999,0.453,1,1,0.449,-0.454,0.097,0.963,0.045,1,0.323,-1,-1,-1,-1,-1,-0.727,0.89,1,0.81,-0.956,-1,-1,-1,-1,0.502,0.976,-0.643,-1,-1,-1,-1,-0.261,1,1,0.013,-1,-1,-1,-1,-1,0.55,1,0.078,-1,-1,-1,-1,0.382,1,0.997,-0.693,-1,-1,-1,-1,-1,0.333,1,0.361,-1,-1,-1,-0.978,0.805,1,0.646,-0.919,-1,-1,-1,-1,-1,0.116,1,0.91,-0.936,-1,-1,-0.96,0.834,1,0.216,-1,-1,-1,-1,-1,-1,0.23,1,0.662,-1,-1,-1,-0.936,0.858,1,0.168,-1,-1,-1,-1,-1,-1,0.411,1,0.614,-1,-1,-1,-1,0.64,1,0.385,-1,-1,-1,-1,-1,-0.98,0.769,1,0.236,-1,-1,-1,-1,0.027,1,0.507,-0.906,-1,-1,-1,-1,-0.578,0.944,0.995,-0.733,-1,-1,-1,-1,-0.587,1,1,-0.322,-1,-1,-1,-0.7,0.436,1,0.745,-0.994,-1,-1,-1,-1,-0.993,-0.001,1,0.866,0.091,0.091,0.201,0.908,1,0.983,-0.337,-1,-1,-1,-1,-1,-1,-0.999,0.334,0.934,1,1,1,1,0.967,0.238,-0.996,-1,-1,-1,-1,-1,-1,-1,-1,-0.597,0.476,1,0.928,0.272,-0.345,-1,-1,-1,-1,-1
"304",-1,-1,-1,-1,-1,-1,-0.883,0.557,0.774,-0.509,-1,-1,-1,-1,-1,-1,-1,-1,-1,-1,-1,-1,-0.289,1,1,0.698,-0.956,-1,-1,-1,-1,-1,-1,-1,-1,-1,-1,-1,0.329,1,1,0.277,-1,-1,-1,-1,-1,-1,-1,-1,-1,-1,-1,-0.982,0.51,1,1,-0.379,-1,-1,-1,-1,-1,-1,-1,-1,-1,-1,-1,-0.991,0.756,1,1,-0.521,-1,-1,-1,-1,-1,-1,-1,-1,-1,-1,-1,-0.981,0.601,1,1,-0.377,-1,-1,-1,-1,-1,-1,-1,-1,-1,-1,-1,-0.998,0.722,1,1,-0.48,-1,-1,-1,-1,-1,-1,-1,-1,-1,-1,-1,-1,0.466,1,1,-0.222,-1,-1,-1,-1,-1,-1,-1,-1,-1,-1,-1,-1,0.227,1,1,-0.287,-1,-1,-1,-1,-1,-1,-1,-1,-1,-1,-1,-0.986,0.602,1,1,-0.182,-1,-1,-1,-1,-1,-1,-1,-1,-1,-1,-1,-0.979,0.68,1,0.997,-0.34,-1,-1,-1,-1,-1,-1,-1,-1,-1,-1,-1,-0.966,0.827,1,1,-0.617,-1,-1,-1,-1,-1,-1,-1,-1,-1,-1,-1,-1,0.603,1,0.86,-0.924,-1,-1,-1,-1,-1,-1,-1,-1,-1,-1,-1,-1,0.04,1,1,-0.577,-1,-1,-1,-1,-1,-1,-1,-1,-1,-1,-1,-1,-0.628,0.972,1,0.119,-1,-1,-1,-1,-1,-1,-1,-1,-1,-1,-1,-1,-1,-0.469,0.689,0.415,-1,-1,-1,-1,-1,-1
"305",-1,-1,-1,-1,-1,-1,-1,-1,-1,-1,-1,-1,-1,-1,-1,-1,-1,-1,-1,-1,-1,-1,-1,-1,-1,-1,-1,-1,-1,-1,-1,-1,-1,-1,-1,-1,-0.962,-0.541,-0.967,-0.631,-0.24,-0.22,-0.615,-0.997,-1,-1,-1,-1,-1,-1,-0.93,0.013,0.893,1,1,1,1,1,1,0.883,0.122,-0.859,-1,-1,-1,-0.857,0.579,1,1,1,0.639,0.354,-0.139,-0.276,-0.276,0.062,0.619,0.762,-0.665,-1,-0.997,0.415,1,0.854,0.716,-0.717,-0.998,-1,-1,-1,-1,-1,-0.986,-0.013,0.97,-0.105,-0.424,1,0.172,-0.334,-0.703,-1,-1,-1,-1,-1,-1,-1,-1,-0.982,0.23,0.976,0.404,0.937,-0.847,-1,-1,-1,-1,-1,-1,-1,-1,-1,-1,-1,-0.897,0.757,0.53,0.695,-1,-1,-1,-1,-1,-1,-1,-1,-1,-1,-1,-1,-1,0.364,0.904,0.8,-0.962,-1,-1,-1,-1,-1,-1,-1,-1,-1,-1,-1,-0.919,0.655,0.121,1,-0.132,-1,-1,-1,-1,-1,-1,-1,-1,-1,-0.974,-0.569,0.744,0.784,-0.818,0.826,0.974,0.351,-0.165,-0.731,-0.792,-1,-0.586,-0.276,-0.014,0.377,0.741,1,0.673,-0.561,-1,-0.66,0.605,1,1,1,0.958,0.814,0.974,1,1,0.993,0.504,-0.093,-0.927,-1,-1,-1,-0.998,-0.592,-0.541,-0.156,-0.086,-0.449,-0.541,-0.541,-0.541,-0.963,-1,-1,-1,-1,-1,-1,-1,-1,-1,-1,-1,-1,-1,-1,-1,-1,-1,-1,-1,-1,-1,-1,-1,-1,-1,-1,-1,-1,-1,-1,-1,-1,-1,-1,-1,-1
"306",-1,-1,-1,-1,-1,-1,-1,-1,-1,-1,-1,-1,-1,-1,-1,-1,-1,-1,-1,-1,-1,-1,-0.906,-0.883,-0.88,-1,-1,-1,-1,-1,-1,-1,-1,-1,-0.938,-0.26,0.115,0.603,0.854,0.882,0.892,0.719,0.005,-0.553,-1,-1,-1,-1,-1,-0.703,0.583,1,1,1,1,1,1,1,1,0.977,0.27,-0.915,-1,-1,-0.613,0.828,1,1,0.029,-0.414,-0.396,0.226,-0.893,-0.594,-0.313,0.675,1,0.487,-0.568,-1,0.187,1,-0.134,-0.75,-0.999,-1,-1,-1,-1,-1,-1,-0.994,0.004,0.999,0.891,-0.633,0.366,0.701,-0.984,-1,-1,-1,-1,-1,-1,-1,-1,-1,-1,-0.161,1,0.512,0.545,0.325,-1,-1,-1,-1,-1,-1,-1,-1,-1,-1,-1,-0.969,0.563,0.718,0.724,0.224,-1,-1,-1,-1,-1,-1,-1,-1,-1,-1,-1,-1,0.502,0.425,0.903,0.831,-0.845,-1,-1,-1,-1,-1,-1,-1,-1,-1,-1,-0.745,0.967,-0.253,0.153,1,0.37,-0.974,-1,-1,-1,-1,-1,-1,-1,-1,-0.795,0.667,0.644,-0.82,-0.75,0.535,1,0.742,-0.401,-0.992,-1,-1,-0.989,-0.893,-0.473,0.092,0.844,0.991,-0.582,-1,-1,-0.877,0.428,0.986,1,0.552,0.151,0.151,0.583,1,1,0.985,0.647,-0.369,-1,-1,-1,-1,-1,-0.286,0.504,0.759,0.948,0.719,0.719,0.467,0.207,-0.529,-1,-1,-1,-1,-1,-1,-1,-1,-1,-0.974,-0.837,-1,-1,-1,-1,-1,-1,-1,-1,-1,-1,-1,-1,-1,-1,-1,-1,-1,-1,-1,-1,-1,-1,-1,-1,-1
"307",-1,-1,-1,-1,-1,-1,-1,-1,-1,-1,-1,-1,-1,-1,-1,-1,-1,-1,-1,-1,-1,-1,-1,-0.852,-0.706,-1,-1,-1,-1,-1,-1,-1,-1,-1,-1,-0.981,-0.241,0.395,0.964,0.976,0.988,0.964,0.443,-0.578,-0.997,-1,-1,-1,-1,-1,-0.804,0.435,1,1,1,1,0.96,0.956,0.958,1,0.504,-0.861,-1,-1,-1,-0.931,0.502,1,0.72,-0.025,0.244,0.968,-0.442,-0.903,-0.885,-0.431,0.533,0.822,-0.677,-1,-1,0.24,1,0.442,-0.955,-1,-1,-0.396,-0.991,-1,-1,-1,-0.312,0.89,0.779,-0.723,-0.505,0.951,0.874,-0.806,-1,-1,-1,-1,-1,-1,-1,-1,-1,-0.49,0.919,0.512,-0.003,1,-0.019,-1,-1,-1,-1,-1,-1,-1,-1,-1,-1,-1,0.412,0.947,0.585,0.996,-0.794,-1,-1,-1,-1,-1,-1,-1,-1,-1,-1,-1,0.071,0.859,0.888,0.954,-0.936,-1,-1,-1,-1,-1,-1,-1,-1,-1,-1,-1,0.36,0.771,0.238,1,0.022,-0.952,-1,-1,-1,-1,-1,-1,-1,-1,-1,-0.483,0.976,0.019,-0.687,0.944,1,0.313,-0.764,-1,-1,-1,-1,-1,-1,-0.84,-0.081,0.898,0.915,-0.745,-1,-0.681,0.817,1,0.974,0.582,-0.055,-0.371,-0.034,0.135,0.454,0.9,1,0.68,-0.542,-1,-1,-1,-0.888,0.224,0.858,0.994,0.983,0.978,0.987,1,0.993,0.741,0.142,-0.855,-1,-1,-1,-1,-1,-1,-1,-0.631,-0.768,-0.827,-0.71,-0.547,-0.638,-1,-1,-1,-1,-1,-1,-1,-1,-1,-1,-1,-1,-1,-1,-1,-1,-1,-1,-1,-1,-1
"308",-1,-1,-1,-1,-1,-1,-0.651,0.87,-0.109,-1,-1,-1,-1,-1,-1,-1,-1,-1,-1,-1,-1,-1,0.601,1,0.876,-0.922,-1,-1,-1,-1,-1,-1,-1,-1,-1,-1,-1,-1,-0.018,1,1,-0.204,-1,-1,-1,-1,-1,-1,-1,-1,-1,-1,-1,-1,-0.193,1,1,-0.029,-1,-1,-1,-1,-1,-1,-1,-1,-1,-1,-1,-1,-0.368,1,1,0.368,-1,-1,-1,-1,-1,-1,-1,-1,-1,-1,-1,-1,-0.765,1,1,0.542,-1,-1,-1,-1,-1,-1,-1,-1,-1,-1,-1,-1,-0.905,0.965,1,0.273,-1,-1,-1,-1,-1,-1,-1,-1,-1,-1,-1,-1,-0.448,1,1,0.225,-1,-1,-1,-1,-1,-1,-1,-1,-1,-1,-1,-1,0.044,1,1,-0.044,-1,-1,-1,-1,-1,-1,-1,-1,-1,-1,-1,-1,0.092,1,1,-0.536,-1,-1,-1,-1,-1,-1,-1,-1,-1,-1,-1,-1,0.362,1,1,-0.362,-1,-1,-1,-1,-1,-1,-1,-1,-1,-1,-1,-1,0.187,1,1,-0.409,-1,-1,-1,-1,-1,-1,-1,-1,-1,-1,-1,-1,0.234,1,1,-0.679,-1,-1,-1,-1,-1,-1,-1,-1,-1,-1,-1,-1,0.06,1,1,-0.504,-1,-1,-1,-1,-1,-1,-1,-1,-1,-1,-1,-1,-0.115,1,1,0.115,-1,-1,-1,-1,-1,-1,-1,-1,-1,-1,-1,-1,-0.892,0.713,0.782,-0.604,-1,-1,-1,-1,-1,-1
"309",-1,-1,-1,-1,-1,-1,-1,-1,-1,-1,-0.71,0.887,-0.201,-1,-1,-1,-1,-1,-1,-1,-1,-1,-1,-1,-1,-0.925,0.615,0.982,-0.637,-1,-1,-1,-1,-1,-1,-1,-1,-1,-1,-1,-1,0.092,1,0.79,-0.986,-1,-1,-1,-1,-1,-1,-0.961,0.368,0.053,-1,-1,-0.889,0.83,1,0.276,-1,-1,-1,-1,-1,-1,-1,-0.369,1,0.877,-0.981,-1,-0.775,0.985,1,-0.376,-1,-1,-1,-1,-1,-1,-1,0.282,1,0.862,-0.928,-1,0.034,1,0.979,-0.785,-1,-1,-1,-1,-1,-1,-0.976,0.848,1,0.147,-1,-1,0.44,1,0.788,-0.974,-1,-1,-1,-1,-1,-1,-0.967,0.827,1,-0.037,-1,-0.98,0.8,1,0.63,-1,-1,-1,-1,-1,-1,-1,-1,0.182,1,0.608,-0.968,-0.779,0.98,1,0.546,-0.149,-0.216,-1,-1,-1,-1,-1,-1,-0.693,0.927,1,0.487,0.554,1,1,1,1,0.646,-0.967,-1,-1,-1,-1,-1,-1,-0.317,0.988,1,1,1,1,0.986,0.676,-0.68,-1,-1,-1,-1,-1,-1,-1,-1,-0.617,-0.012,0.941,1,0.921,-0.519,-0.901,-1,-1,-1,-1,-1,-1,-1,-1,-1,-1,-0.985,0.783,1,0.692,-0.725,0.391,-0.995,-1,-1,-1,-1,-1,-1,-1,-1,-1,-1,0.662,1,1,1,0.122,-1,-1,-1,-1,-1,-1,-1,-1,-1,-1,-1,0.181,1,1,0.974,-0.442,-1,-1,-1,-1,-1,-1,-1,-1,-1,-1,-1,-0.664,0.774,0.468,-0.63,-1,-1,-1,-1,-1
"310",-1,-1,-1,-1,-1,-1,-1,-0.139,1,0.013,-1,-1,-1,-1,-1,-1,-1,-1,-1,-1,-1,-1,-0.783,0.849,1,0.986,-0.741,-1,-1,-1,-1,-1,-1,-1,-1,-1,-1,-1,0.104,1,1,1,-0.132,-1,-1,-1,-1,-1,-1,-1,-1,-1,-1,-0.946,0.48,1,1,1,-0.34,-1,-1,-1,-1,-1,-1,-1,-1,-1,-1,-0.869,0.888,1,1,0.888,-0.878,-1,-1,-1,-1,-1,-1,-1,-1,-1,-1,-0.331,1,1,1,0.756,-0.955,-1,-1,-1,-1,-1,-1,-1,-1,-1,-1,-0.123,1,1,1,0.197,-0.991,-1,-1,-1,-1,-1,-1,-1,-1,-1,-1,-0.358,1,1,1,0.33,-1,-1,-1,-1,-1,-1,-1,-1,-1,-1,-1,-0.647,0.999,1,1,0.615,-0.994,-1,-1,-1,-1,-1,-1,-1,-1,-1,-1,-0.799,0.916,1,1,0.81,-0.955,-1,-1,-1,-1,-1,-1,-1,-1,-1,-1,-0.992,0.708,1,1,0.786,-0.973,-1,-1,-1,-1,-1,-1,-1,-1,-1,-1,-0.999,0.591,1,1,0.841,-0.903,-1,-1,-1,-1,-1,-1,-1,-1,-1,-1,-1,0.356,1,1,0.937,-0.764,-1,-1,-1,-1,-1,-1,-1,-1,-1,-1,-1,0.232,1,1,0.857,-0.892,-1,-1,-1,-1,-1,-1,-1,-1,-1,-1,-1,-0.557,1,1,0.961,-0.816,-1,-1,-1,-1,-1,-1,-1,-1,-1,-1,-1,-0.999,-0.471,0.794,0.571,-0.967,-1,-1,-1,-1,-1
"311",-1,-1,-1,-1,-1,-1,-0.938,0.502,0.392,-0.993,-1,-1,-1,-1,-1,-1,-1,-1,-1,-1,-1,-1,-0.564,1,1,-0.416,-1,-1,-1,-1,-1,-1,-1,-1,-1,-1,-1,-1,-0.569,1,1,0.376,-1,-1,-1,-1,-1,-1,-1,-1,-1,-1,-1,-1,-0.242,1,1,0.291,-1,-1,-1,-1,-1,-1,-1,-1,-1,-1,-1,-1,0.145,1,1,-0.006,-1,-1,-1,-1,-1,-1,-1,-1,-1,-1,-1,-1,0.291,1,1,-0.03,-1,-1,-1,-1,-1,-1,-1,-1,-1,-1,-1,-0.997,0.433,1,1,0.096,-1,-1,-1,-1,-1,-1,-1,-1,-1,-1,-1,-0.998,0.581,1,1,0.132,-1,-1,-1,-1,-1,-1,-1,-1,-1,-1,-1,-1,-0.149,1,1,0.168,-1,-1,-1,-1,-1,-1,-1,-1,-1,-1,-1,-1,-0.185,1,1,0.683,-0.995,-1,-1,-1,-1,-1,-1,-1,-1,-1,-1,-1,-0.07,1,1,0.331,-1,-1,-1,-1,-1,-1,-1,-1,-1,-1,-1,-1,-0.045,1,1,0.306,-1,-1,-1,-1,-1,-1,-1,-1,-1,-1,-1,-1,-0.081,1,1,0.584,-1,-1,-1,-1,-1,-1,-1,-1,-1,-1,-1,-1,-0.056,1,1,0.317,-1,-1,-1,-1,-1,-1,-1,-1,-1,-1,-1,-1,0.059,1,1,-0.101,-1,-1,-1,-1,-1,-1,-1,-1,-1,-1,-1,-1,-0.699,0.754,0.53,-0.925,-1,-1,-1,-1,-1,-1
"312",-1,-1,-1,-1,-1,-0.948,0.78,-0.575,-1,-1,-1,-1,-1,-1,-1,-1,-1,-1,-1,-1,-1,-0.101,0.995,-0.561,-1,-1,-1,-1,-0.536,-0.383,-1,-1,-1,-1,-1,-1,-0.948,0.818,0.389,-0.999,-1,-1,-1,-1,0.18,0.376,-1,-1,-1,-1,-1,-1,0.077,0.949,-0.686,-1,-1,-1,-1,-0.962,0.809,-0.187,-1,-1,-1,-1,-1,-0.62,0.979,0.05,-1,-1,-1,-1,-1,-0.575,0.998,-0.734,-1,-1,-1,-1,-0.925,0.657,0.653,-0.924,-1,-1,-1,-1,-1,-0.085,0.703,-0.996,-1,-1,-1,-1,-0.043,0.987,-0.483,-0.942,-0.941,-1,-1,-1,-1,0.545,0.066,-1,-1,-1,-1,-1,0.338,0.676,-0.844,0.187,0.273,-1,-1,-1,-0.91,0.956,-0.492,-1,-1,-1,-1,-1,-0.656,0.667,0.966,0.97,0.948,0.048,-0.009,-0.216,0.346,0.985,-0.592,-1,-1,-1,-1,-1,-1,-1,-0.349,0.674,0.264,0.441,0.609,0.604,0.883,0.897,0.066,-1,-1,-1,-1,-1,-1,-1,-1,0.699,0.325,-1,-1,-0.925,0.906,-0.18,-1,-1,-1,-1,-1,-1,-1,-1,-0.464,0.95,0.655,0.378,-0.954,-0.104,0.942,-0.84,-1,-1,-1,-1,-1,-1,-1,-1,-0.077,1,0.544,-0.292,-0.926,0.652,0.092,-1,-1,-1,-1,-1,-1,-1,-1,-1,-0.901,0.676,-0.926,-1,-0.16,0.906,-0.823,-1,-1,-1,-1,-1,-1,-1,-1,-1,-1,-1,-1,-0.983,0.708,0.406,-1,-1,-1,-1,-1,-1,-1,-1,-1,-1,-1,-1,-1,-0.894,0.781,-0.505,-1,-1,-1,-1,-1,-1
"313",-1,-1,-1,-1,-1,-0.968,0.337,0.386,-1,-1,-1,-1,-1,-1,-1,-0.961,-1,-1,-1,-1,-0.979,0.248,1,0.42,-1,-1,-1,-1,-1,-1,-0.8,0.119,-1,-1,-1,-1,0.167,1,0.889,-0.61,-1,-1,-1,-1,-1,-1,0.08,0.415,-1,-1,-1,-0.321,0.969,0.987,-0.241,-1,-1,-1,-1,-1,-1,-0.765,0.881,0.345,-1,-1,-0.714,0.857,1,0.434,-1,-1,-1,-1,-1,-1,-1,0.219,1,-0.366,-1,-1,0.075,1,0.716,-0.789,-1,-1,-1,-1,-1,-1,-0.652,0.96,0.59,-0.993,-1,-0.898,0.723,1,-0.541,-1,-1,-1,-1,-1,-1,-1,0.437,1,-0.427,-1,-1,0.332,1,0.341,-0.997,-1,-1,-1,-1,-1,-1,-0.445,0.997,0.721,-0.95,-1,-0.474,1,1,0.507,0.851,0.444,0.543,-0.021,-0.963,-1,-0.993,0.49,1,-0.383,-1,-1,0.249,1,1,1,0.941,0.824,1,1,0.598,-0.528,-0.492,1,0.692,-0.982,-1,-1,0.307,0.804,-0.119,-0.777,-0.905,-0.945,-0.734,0.045,0.952,0.984,0.833,0.998,-0.416,-1,-1,-1,-0.906,-0.911,-1,-1,-1,-1,-1,-1,-0.619,0.56,1,0.545,-1,-1,-1,-1,-1,-1,-1,-1,-1,-1,-1,-1,-1,0.58,1,0.044,-1,-1,-1,-1,-1,-1,-1,-1,-1,-1,-1,-1,-0.353,0.996,0.777,-0.849,-1,-1,-1,-1,-1,-1,-1,-1,-1,-1,-1,-0.999,0.822,0.955,-0.443,-1,-1,-1,-1,-1,-1,-1,-1,-1,-1,-1,-1,-1,0.593,0.019,-1,-1,-1,-1,-1,-1
"314",-1,-1,-1,-1,-1,-1,-1,-1,-1,-1,-1,-1,-1,-1,-1,-1,-1,-1,-1,-1,-0.999,-0.732,-0.288,-0.288,-0.288,-0.288,-0.693,-1,-1,-1,-1,-1,-1,-1,-1,-0.817,0.066,0.984,1,1,1,1,0.988,0.524,-0.689,-1,-1,-1,-1,-1,-0.729,0.855,1,1,0.954,0.938,1,0.92,0.917,1,0.781,-0.566,-1,-1,-1,-1,-0.097,1,1,0.823,-0.451,-0.161,1,-0.238,-0.712,0.596,1,0.812,-0.922,-1,-1,-0.694,0.674,1,0.701,-0.852,-1,-0.256,1,-0.035,-1,-0.948,0.398,1,0.182,-1,-0.953,0.603,1,0.819,-0.82,-1,-1,-0.564,1,-0.206,-1,-1,-0.87,0.671,0.821,-0.827,-0.196,1,0.986,-0.379,-1,-1,-1,-0.314,1,-0.456,-1,-1,-1,0.148,1,0.366,0.632,1,0.286,-0.999,-1,-1,-1,-0.441,0.612,-0.936,-1,-1,-1,0.165,1,0.68,0.311,1,-0.203,-1,-1,-1,-1,-1,-1,-1,-1,-1,-0.784,0.863,1,0.417,-0.33,1,0.441,-0.978,-1,-1,-1,-1,-1,-1,-0.999,-0.651,0.439,1,0.996,-0.26,-0.933,0.538,1,0.438,-0.384,-0.763,-1,-1,-1,-0.847,-0.015,0.983,1,1,0.315,-0.997,-1,-0.772,0.511,1,1,0.939,0.808,0.808,0.722,0.485,1,1,0.96,-0.02,-0.97,-1,-1,-1,-0.961,-0.103,0.759,1,1,1,1,1,0.913,0.193,-0.638,-1,-1,-1,-1,-1,-1,-1,-0.945,-0.586,-0.288,-0.288,-0.288,-0.422,-0.877,-1,-1,-1,-1,-1,-1,-1,-1,-1,-1,-1,-1,-1,-1,-1,-1,-1,-1,-1,-1,-1
"315",-1,-1,-1,-1,-1,-1,-1,-1,-1,-1,-1,-0.172,0.799,-0.901,-1,-1,-1,-1,-1,-0.91,0.228,-0.5,-1,-1,-1,-1,-0.987,0.931,0.947,-0.968,-1,-1,-1,-1,-1,-0.533,1,0.834,-0.999,-1,-1,-1,-0.522,1,0.21,-1,-1,-1,-1,-1,-1,-0.734,1,0.672,-1,-1,-1,-1,0.126,1,-0.528,-1,-1,-1,-1,-1,-1,-0.465,1,0.244,-1,-0.936,-0.657,-0.354,0.788,0.741,-0.939,-1,-1,-1,-1,-1,-1,-0.151,1,-0.107,0.107,0.796,1,1,1,0.276,-1,-1,-1,-1,-1,-1,-1,0.565,1,1,1,0.732,0.292,0.772,1,0.272,-1,-1,-1,-1,-1,-1,-1,0.833,1,0.75,-0.429,-0.974,-1,0.526,1,0.804,-0.559,-1,-1,-1,-1,-1,-0.892,0.994,0.833,-0.701,-1,-1,-0.94,0.803,1,1,0.408,-1,-1,-1,-1,-1,-0.977,0,-0.682,-1,-1,-1,-0.445,1,0.566,0.692,-0.224,-1,-1,-1,-1,-1,-1,-1,-1,-1,-1,-1,0.15,1,-0.378,-1,-1,-1,-1,-1,-1,-1,-1,-1,-1,-1,-1,-0.962,0.638,0.904,-0.763,-1,-1,-1,-1,-1,-1,-1,-1,-1,-1,-1,-1,-0.654,1,0.592,-1,-1,-1,-1,-1,-1,-1,-1,-1,-1,-1,-1,-1,-0.385,1,0.566,-1,-1,-1,-1,-1,-1,-1,-1,-1,-1,-1,-1,-1,0.361,1,0.055,-1,-1,-1,-1,-1,-1,-1,-1,-1,-1,-1,-1,-1,0.281,0.747,-0.809,-1,-1,-1,-1,-1,-1
"316",-1,-1,-1,-0.823,0.784,1,1,0.946,-0.194,-0.921,-1,-1,-1,-1,-1,-1,-1,-1,-1,0.044,1,1,1,1,1,0.85,0.13,-0.943,-1,-1,-1,-1,-1,-1,-0.998,0.132,1,1,1,1,1,1,1,0.706,0.151,0.438,-0.793,-1,-1,-1,-0.844,0.928,1,1,1,1,1,1,1,1,1,1,-0.274,-1,-1,-1,0.099,1,1,0.94,0.455,0.455,0.851,0.455,0.465,1,1,0.94,-0.502,-1,-1,-1,0.652,1,1,-0.041,-1,-1,-0.868,-1,-1,0.405,1,0.961,-0.945,-1,-1,-0.421,0.957,1,0.968,-0.694,-1,-1,-1,-1,-1,0.032,1,1,-0.611,-1,-1,-0.308,1,1,0.589,-1,-1,-1,-1,-1,-1,0.056,1,1,-0.238,-1,-1,-0.482,1,1,0.3,-1,-1,-1,-1,-1,-1,0.146,1,1,-0.593,-1,-1,-0.326,1,1,0.144,-1,-1,-1,-1,-1,-0.938,0.505,1,0.987,-0.868,-1,-1,-0.699,1,1,0.517,-1,-1,-1,-1,-1,-0.483,1,1,0.45,-0.95,-1,-1,-0.982,0.382,1,0.933,-0.515,-1,-1,-1,-0.804,0.799,1,0.995,-0.445,-1,-1,-1,-1,-0.624,0.99,1,0.188,-1,-1,-0.712,0.582,1,1,0.548,-0.948,-1,-1,-1,-1,-1,0.2,1,0.993,0.357,0.091,0.774,1,1,0.764,-0.775,-1,-1,-1,-1,-1,-1,-0.99,-0.034,1,1,1,1,1,0.611,-0.563,-1,-1,-1,-1,-1,-1,-1,-1,-0.943,0.041,0.918,1,0.999,0.289,-0.777,-1,-1,-1,-1,-1
"317",-1,-1,-1,-1,-1,-0.992,0.613,-0.209,-1,-1,-1,-1,-1,-0.972,-0.988,-1,-1,-1,-1,-1,-1,-0.674,1,-0.034,-1,-1,-1,-1,-0.98,0.739,-0.32,-1,-1,-1,-1,-1,-1,0.071,1,0.101,-1,-1,-1,-1,-0.336,1,-0.185,-1,-1,-1,-1,-1,-0.284,0.993,0.951,-0.822,-1,-1,-1,-0.991,0.413,0.984,-0.661,-1,-1,-1,-1,-0.754,0.941,1,-0.242,-1,-1,-1,-1,-0.7,1,0.831,-1,-1,-1,-1,-1,-0.028,1,0.525,-0.926,-1,-1,-1,-1,0.085,1,0.126,-1,-1,-1,-1,-0.129,0.872,0.909,-0.561,-1,-1,-1,-1,-0.795,0.826,0.959,-0.417,-1,-1,-1,-0.691,0.966,1,-0.05,-1,-1,-1,-1,-1,0.082,1,0.703,-1,-1,-1,-1,-0.354,1,1,0.704,-0.096,-0.633,-0.945,-1,-0.913,0.819,1,-0.335,-1,-1,-1,-1,-0.983,-0.015,0.87,1,1,1,0.761,0.714,0.778,1,0.781,-0.928,-1,-1,-1,-1,-1,-1,-0.836,0.098,0.69,1,1,1,1,1,0.853,-0.479,-1,-1,-1,-1,-1,-1,-1,-1,-0.94,-0.796,-0.376,0.945,1,1,1,0.977,-0.162,-1,-1,-1,-1,-1,-1,-1,-1,-1,-0.773,0.925,1,0.1,0.607,1,-0.224,-1,-1,-1,-1,-1,-1,-1,-1,-0.96,0.404,1,0.299,-0.985,-0.97,-0.878,-0.993,-1,-1,-1,-1,-1,-1,-1,-1,-0.145,1,0.75,-0.794,-1,-1,-1,-1,-1,-1,-1,-1,-1,-1,-1,-1,-0.053,1,-0.442,-1,-1,-1,-1,-1,-1,-1
"318",-1,-1,-1,-1,-0.926,-1,-1,-1,-1,-1,-0.286,0.868,-0.139,-1,-1,-1,-1,-1,-1,-0.934,0.806,-0.338,-1,-1,-1,-1,0.583,1,-0.031,-1,-1,-1,-1,-1,-1,-1,0.249,0.958,-0.529,-1,-1,-1,0.205,1,-0.12,-1,-1,-1,-1,-1,-1,-1,-0.252,1,0.497,-1,-1,-1,0.368,1,-0.603,-1,-1,-1,-1,-1,-1,-1,0.132,1,0.211,-1,-1,-0.66,0.879,1,-0.495,-1,-1,-1,-1,-1,-1,-0.838,0.945,1,-0.494,-1,-1,-0.396,1,0.917,-0.895,-1,-1,-1,-1,-1,-1,0.008,1,0.796,-0.768,-0.804,-0.98,-0.11,1,0.659,-0.985,-1,-1,-1,-1,-1,-1,-0.493,1,1,1,1,0.626,0.833,1,0.314,-1,-1,-1,-1,-1,-1,-1,-0.976,-0.019,0.721,1,1,1,1,1,0.808,-0.783,-1,-1,-1,-1,-1,-1,-1,-1,-0.936,-0.804,-0.354,0.463,1,1,1,-0.474,-1,-1,-1,-1,-1,-1,-1,-1,-1,-1,-1,0.068,1,0.972,-0.367,-0.99,-1,-1,-1,-1,-1,-1,-1,-1,-1,-1,-0.968,0.592,1,0.001,-1,-1,-1,-1,-1,-1,-1,-1,-1,-1,-1,-1,-0.031,1,1,-0.666,-1,-1,-1,-1,-1,-1,-1,-1,-1,-1,-1,-1,0.206,1,0.656,-0.928,-1,-1,-1,-1,-1,-1,-1,-1,-1,-1,-1,-1,0.689,1,-0.026,-1,-1,-1,-1,-1,-1,-1,-1,-1,-1,-1,-1,-1,-0.01,0.901,-0.681,-1,-1,-1,-1,-1,-1
"319",-1,-1,-1,-1,-1,-1,-1,0.475,0.503,-0.939,-1,-1,-1,-1,-1,-1,-1,-1,-1,-1,-1,-1,-0.726,0.915,1,-0.548,-1,-1,-1,-1,-1,-1,-1,-1,-1,-1,-1,-1,-0.579,1,1,-0.301,-1,-1,-1,-1,-1,-1,-1,-1,-1,-1,-1,-1,-0.507,1,1,-0.373,-1,-1,-1,-1,-1,-1,-1,-1,-1,-1,-1,-1,-0.274,1,1,-0.126,-1,-1,-1,-1,-1,-1,-1,-1,-1,-1,-1,-1,-0.202,1,1,-0.198,-1,-1,-1,-1,-1,-1,-1,-1,-1,-1,-1,-1,-0.449,1,1,-0.271,-1,-1,-1,-1,-1,-1,-1,-1,-1,-1,-1,-1,-0.057,1,1,-0.344,-1,-1,-1,-1,-1,-1,-1,-1,-1,-1,-1,-1,-0.755,0.971,1,0.224,-1,-1,-1,-1,-1,-1,-1,-1,-1,-1,-1,-1,-0.912,0.881,1,0.471,-1,-1,-1,-1,-1,-1,-1,-1,-1,-1,-1,-1,-0.479,1,1,0.559,-1,-1,-1,-1,-1,-1,-1,-1,-1,-1,-1,-1,-0.406,1,1,0.468,-0.982,-1,-1,-1,-1,-1,-1,-1,-1,-1,-1,-1,-0.174,1,1,0.574,-1,-1,-1,-1,-1,-1,-1,-1,-1,-1,-1,-0.995,0.534,1,1,0.501,-1,-1,-1,-1,-1,-1,-1,-1,-1,-1,-1,-0.982,0.753,1,1,0.429,-1,-1,-1,-1,-1,-1,-1,-1,-1,-1,-1,-1,-0.116,0.999,0.944,-0.228,-1,-1,-1,-1,-1,-1
"320",-1,-1,-1,0.691,0.494,-0.104,-0.959,-1,-1,-1,-1,-1,-1,-1,-1,-1,-1,-1,-1,-0.576,0.634,1,0.198,-0.982,-1,-1,-1,-1,-1,-1,-1,-1,-1,-1,-1,-0.972,0.326,1,1,0.006,-0.247,-0.978,-1,-1,-1,-1,-1,-1,-1,-1,-1,0.001,1,1,1,1,1,0.424,0.263,0.07,-0.734,-1,-1,-1,-1,-1,-0.015,0.839,1,1,1,1,1,1,1,1,0.851,0.13,-1,-1,-1,-0.792,0.819,1,0.736,0.294,0.79,0.79,0.79,0.79,0.862,1,1,0.997,0.239,-1,-1,-0.125,1,1,0.019,-1,-1,-1,-1,-1,-0.792,0.022,0.568,1,0.925,-0.322,-1,0.724,1,1,-0.829,-1,-1,-1,-1,-1,-1,-1,-0.823,0.747,1,0.616,-0.295,1,1,0.322,-1,-1,-1,-1,-1,-1,-1,-1,-1,0.31,1,0.743,0.287,1,1,-0.171,-1,-1,-1,-1,-1,-1,-1,-1,-1,0.449,1,0.604,0.161,1,0.964,-0.63,-1,-1,-1,-1,-1,-1,-1,-1,-0.299,0.995,1,0.154,0.566,1,0.992,-0.974,-1,-1,-1,-1,-1,-1,-0.66,-0.458,0.814,1,1,-0.251,0.085,1,1,0.168,-0.263,-0.854,-0.603,-0.263,-0.263,0.257,0.914,1,1,1,0.482,-0.892,-0.614,0.863,1,1,1,0.917,0.95,1,1,1,1,1,0.968,0.514,-0.893,-1,-1,-0.252,1,1,1,1,1,1,1,1,1,1,-0.032,-1,-1,-1,-1,-0.991,-0.544,0.763,1,1,0.35,0.157,0.157,0.15,-0.684,-0.685,-0.975,-1,-1,-1
"321",-1,-1,-1,-1,-1,-1,0.545,0.806,0,-0.993,-1,-1,-1,-1,-1,-1,-1,-1,-1,-1,-1,-1,-0.901,0.223,1,0.01,-1,-1,-1,-1,-1,-1,-1,-1,-1,-1,-1,-1,-1,-0.961,0.779,0.938,-0.371,-1,-1,-1,-1,-1,-1,-1,-1,-1,-1,-1,-1,-1,0.408,1,0.164,-1,-1,-1,-1,-1,-1,-1,-1,-1,-1,-1,-1,-1,0.25,1,0.321,-1,-1,-1,-1,-1,-1,-1,-1,-1,-1,-1,-1,-0.997,0.476,1,0.092,-1,-1,-1,-1,-1,-1,-1,-1,-1,-1,-1,-1,-0.988,0.816,1,-0.47,-1,-1,-1,-1,-1,-1,-1,-1,-1,-1,-1,-1,-0.795,0.932,1,-0.566,-1,-1,-1,-1,-1,-1,-1,-1,-1,-1,-1,-1,-0.633,1,1,-0.462,-1,-1,-1,-1,-1,-1,-1,-1,-1,-1,-1,-1,-0.404,1,1,-0.371,-1,-1,-1,-1,-1,-1,-1,-1,-1,-1,-1,-1,-0.468,1,0.89,-0.917,-1,-1,-1,-1,-1,-1,-1,-1,-1,-1,-0.71,-0.81,-0.612,1,0.876,-0.972,-1,-1,-1,-1,-1,-1,-1,-1,-1,-1,0.055,0.912,0.662,1,0.853,-0.939,-1,-1,-1,-1,-1,-1,-1,-1,-1,-1,-0.99,-0.657,0.572,1,0.952,-0.813,-1,-1,-1,-1,-1,-1,-1,-1,-1,-1,-1,-1,-0.973,0.582,1,-0.011,-1,-1,-1,-1,-1,-1,-1,-1,-1,-1,-1,-1,-1,-0.436,0.914,0.026,-1,-1,-1,-1,-1
"322",-1,-1,-1,-1,-1,-0.582,-0.199,-1,-1,-1,-1,-1,-1,-1,-1,-1,-1,-1,-1,-1,-0.82,0.664,0.251,-1,-1,-1,-1,-1,-1,-1,-1,-0.306,-1,-1,-1,-0.536,0.843,-0.024,-0.973,-1,-1,-1,-1,-1,-1,-1,-0.641,0.966,-1,-1,-0.534,0.876,1,-0.272,-1,-1,-1,-1,-1,-1,-1,-0.716,0.811,0.929,-1,-0.536,0.746,1,0.471,-0.873,-1,-1,-1,-1,-1,-1,-0.881,0.526,0.975,-0.444,-0.576,0.886,1,0.289,-0.957,-1,-1,-1,-1,-1,-1,-1,0.181,1,0.163,-1,0.529,1,0.701,-0.383,-0.87,-0.77,-0.421,-0.421,-0.421,-0.655,-0.963,-0.337,0.951,0.758,-0.829,-1,0.998,1,1,1,1,1,1,1,1,1,0.808,0.958,1,-0.041,-1,-1,0.148,0.986,1,0.94,0.781,0.548,0.548,0.548,0.548,0.871,1,1,1,0.739,-1,-1,-1,-0.939,-0.937,-0.945,-0.967,-1,-1,-1,-0.91,0.542,1,0.206,-0.421,-0.745,-1,-1,-1,-1,-1,-1,-1,-1,-1,-1,-0.1,1,0.552,-0.91,-1,-1,-1,-1,-1,-1,-1,-1,-1,-1,-1,-0.789,0.823,0.947,-0.672,-1,-1,-1,-1,-1,-1,-1,-1,-1,-1,-1,-0.97,0.457,0.953,-0.364,-1,-1,-1,-1,-1,-1,-1,-1,-1,-1,-1,-1,-0.146,0.993,-0.369,-1,-1,-1,-1,-1,-1,-1,-1,-1,-1,-1,-1,-1,0.634,0.256,-1,-1,-1,-1,-1,-1,-1,-1,-1,-1,-1,-1,-1,-1,-0.371,-0.905,-1,-1,-1,-1,-1,-1,-1,-1
"323",-1,-1,-1,-1,0.144,0.162,-1,-1,-1,-1,-1,-1,-1,-1,-0.565,-0.557,-1,-1,-1,-0.703,0.977,0.84,-0.989,-1,-1,-1,-1,-1,-1,-0.521,0.918,0.633,-1,-1,-0.938,0.589,0.997,-0.502,-1,-1,-1,-1,-1,-1,-1,0.426,1,-0.332,-1,-1,-0.144,1,0.199,-0.992,-1,-1,-1,-1,-1,-1,-0.68,0.887,0.859,-0.823,-1,-0.931,0.848,0.952,-0.838,-1,-1,-1,-1,-1,-1,-1,-0.018,1,0.059,-1,-1,0.109,1,-0.037,-1,-1,-1,-1,-1,-1,-1,-0.903,0.655,0.938,-0.923,-1,-0.895,0.96,0.757,-0.929,-1,-1,-1,-0.981,-0.963,-0.398,-0.382,0.271,1,0.535,-1,-1,-0.346,1,0.118,-0.709,-0.22,-0.113,0.454,0.725,1,1,1,1,1,-0.224,-1,-1,0.625,1,1,1,1,1,1,1,0.9,0.455,0.524,1,0.918,-0.944,-1,-1,0.188,0.782,0.782,0.753,0.2,-0.105,-0.382,-0.793,-0.969,-1,0.186,1,-0.102,-1,-1,-1,-1,-1,-1,-1,-1,-1,-1,-1,-1,-0.89,0.693,0.908,-0.637,-1,-1,-1,-1,-1,-1,-1,-1,-1,-1,-1,-1,-0.216,1,0.331,-1,-1,-1,-1,-1,-1,-1,-1,-1,-1,-1,-1,-0.99,0.802,0.999,-0.443,-1,-1,-1,-1,-1,-1,-1,-1,-1,-1,-1,-1,-0.701,0.998,0.767,-0.992,-1,-1,-1,-1,-1,-1,-1,-1,-1,-1,-1,-1,-0.203,1,0.371,-1,-1,-1,-1,-1,-1,-1,-1,-1,-1,-1,-1,-1,-0.66,0.756,-0.135,-1,-1,-1,-1,-1
"324",-1,-1,-1,-1,-1,-1,-1,0.327,0.411,-1,-1,-1,-1,-1,-1,-1,-1,-1,-1,-1,-1,-1,-1,0.811,0.242,-1,-1,-1,-1,-1,-1,-1,-1,-1,-1,-1,-1,-1,-0.925,0.857,0.545,-1,-1,-1,-1,-1,-1,-1,-1,-1,-1,-1,-1,-1,-0.631,0.989,0.533,-1,-1,-1,-1,-1,-1,-1,-1,-1,-1,-1,-1,-1,-1,0.848,0.9,-0.936,-1,-1,-1,-1,-1,-1,-1,-1,-1,-1,-1,-1,-1,0.86,1,-0.93,-1,-1,-1,-1,-1,-1,-1,-1,-1,-1,-1,-1,-1,0.872,1,-0.942,-1,-1,-1,-1,-1,-1,-1,-1,-1,-1,-1,-1,-1,0.884,1,-0.955,-1,-1,-1,-1,-1,-1,-1,-1,-1,-1,-1,-1,-1,0.896,1,-0.966,-1,-1,-1,-1,-1,-1,-1,-1,-1,-1,-1,-1,-0.652,0.975,1,-0.979,-1,-1,-1,-1,-1,-1,-1,-1,-1,-1,-1,-1,-0.518,1,1,-0.991,-1,-1,-1,-1,-1,-1,-1,-1,-1,-1,-1,-1,-0.506,1,0.997,-0.999,-1,-1,-1,-1,-1,-1,-1,-1,-1,-1,-1,-1,-0.494,1,0.985,-1,-1,-1,-1,-1,-1,-1,-1,-1,-1,-1,-1,-1,-0.482,1,0.989,-0.72,-1,-1,-1,-1,-1,-1,-1,-1,-1,-1,-1,-1,-0.536,0.997,0.994,-0.541,-1,-1,-1,-1,-1,-1,-1,-1,-1,-1,-1,-1,-1,0.508,0.476,-1,-1,-1,-1,-1,-1,-1
"325",-1,-1,-0.964,-0.685,0.078,0.157,0.898,1,1,0.214,0.015,-0.771,-1,-1,-1,-1,-1,-0.87,0.39,1,1,1,1,1,1,1,1,0.877,0.198,-0.897,-1,-1,-1,-0.436,1,1,1,1,1,1,1,1,1,1,1,-0.008,-0.977,-1,-1,-0.368,1,1,1,1,1,0.676,0.579,0.579,0.579,0.991,1,1,-0.37,-1,-1,-0.742,1,1,1,1,0.6,-0.886,-1,-1,-1,0.067,1,1,0.005,-1,-1,-0.993,0.877,1,1,0.798,-0.748,-1,-1,-1,-1,-0.485,1,1,0.379,-1,-1,-0.8,0.885,1,1,0.006,-1,-1,-1,-1,-1,-0.856,0.997,1,0.754,-1,-1,0.04,1,1,0.601,-0.905,-1,-1,-1,-1,-1,-0.512,0.988,1,0.74,-0.967,-0.967,0.74,1,1,-0.037,-1,-1,-1,-1,-1,-1,-0.278,1,1,0.173,-1,-1,0.754,1,1,-0.637,-1,-1,-1,-1,-1,-0.919,0.507,1,1,-0.427,-1,-1,0.379,1,1,-0.44,-1,-1,-1,-1,-1,-0.545,1,1,0.865,-0.938,-1,-1,0.005,1,1,0.757,-0.848,-1,-1,-1,-0.586,0.793,1,1,0.238,-1,-1,-1,-0.836,0.801,1,1,0.647,-0.723,-0.057,0.579,0.92,1,1,1,-0.362,-1,-1,-1,-1,-0.427,0.954,1,1,0.939,0.973,1,1,1,1,-0.22,-0.984,-1,-1,-1,-1,-1,-0.32,0.655,1,1,1,1,1,0.763,-0.093,-0.937,-1,-1,-1,-1,-1,-1,-1,-0.904,0.015,0.569,1,0.677,-0.365,-0.814,-1,-1,-1,-1,-1
"326",-1,-1,-1,-0.712,0.444,1,1,1,1,0.248,-0.698,-1,-1,-1,-1,-1,-1,-1,-1,0.526,1,1,1,1,1,1,0.827,-0.419,-1,-1,-1,-1,-1,-1,-0.578,0.878,1,1,1,0.504,0.791,1,1,0.942,-0.096,-1,-1,-1,-1,-0.84,0.672,1,1,1,0.276,-0.965,-0.766,0.624,1,1,1,-0.028,-1,-1,-1,-0.833,0.995,1,1,0.679,-0.9,-1,-1,-0.906,0.325,1,1,0.932,-0.514,-1,-1,-0.349,0.998,1,0.999,-0.335,-1,-1,-1,-1,-0.779,0.647,1,1,0.022,-0.994,-1,0.215,1,1,0.93,-0.831,-1,-1,-1,-1,-1,-0.141,0.98,1,1,-0.656,-0.935,0.689,1,1,-0.067,-1,-1,-1,-1,-1,-1,-1,0.602,1,1,-0.203,-0.7,0.993,1,0.885,-0.778,-1,-1,-1,-1,-1,-1,-1,0.436,1,1,-0.036,-0.168,1,1,0.905,-0.972,-1,-1,-1,-1,-1,-1,-0.845,0.82,1,1,-0.21,-0.073,1,1,1,-0.613,-1,-1,-1,-1,-1,-0.983,0.386,1,1,0.746,-0.835,-0.558,0.927,1,1,-0.055,-1,-1,-1,-1,-0.843,0.353,1,1,0.923,-0.596,-1,-1,-0.076,0.999,1,1,-0.051,-0.6,-0.6,-0.396,0.588,1,1,1,0.397,-1,-1,-1,-1,0.476,1,1,1,1,1,1,1,1,1,0.255,-0.756,-1,-1,-1,-1,-0.904,0.177,1,1,1,1,1,1,1,-0.135,-0.89,-1,-1,-1,-1,-1,-1,-0.975,-0.254,0.644,1,1,1,0.545,-0.542,-0.972,-1,-1,-1,-1
"327",-1,-1,-1,-1,-1,-1,-0.983,0.34,1,-0.455,-1,-1,-1,-1,-1,-1,-1,-1,-1,-1,-1,-1,-0.988,0.992,1,-0.134,-1,-1,-1,-1,-1,-1,-1,-1,-1,-1,-1,-1,-1,0.924,1,-0.055,-1,-1,-1,-1,-1,-1,-1,-1,-1,-1,-1,-1,-0.172,0.984,1,-0.58,-1,-1,-1,-1,-1,-1,-1,-1,-1,-1,-1,-1,0.157,1,1,-0.592,-1,-1,-1,-1,-1,-1,-1,-1,-1,-1,-1,-1,0.077,1,1,-0.512,-1,-1,-1,-1,-1,-1,-1,-1,-1,-1,-1,-1,-0.002,1,1,-0.433,-1,-1,-1,-1,-1,-1,-1,-1,-1,-1,-1,-1,-0.081,1,1,-0.354,-1,-1,-1,-1,-1,-1,-1,-1,-1,-1,-1,-1,-0.161,1,1,-0.274,-1,-1,-1,-1,-1,-1,-1,-1,-1,-1,-1,-1,-0.24,1,1,-0.195,-1,-1,-1,-1,-1,-1,-1,-1,-1,-1,-1,-1,-0.319,1,1,-0.116,-1,-1,-1,-1,-1,-1,-1,-1,-1,-1,-1,-1,-0.398,1,1,-0.036,-1,-1,-1,-1,-1,-1,-1,-1,-1,-1,-1,-1,-0.387,1,1,0.043,-1,-1,-1,-1,-1,-1,-1,-1,-1,-1,-1,-1,0.139,1,1,0.122,-1,-1,-1,-1,-1,-1,-1,-1,-1,-1,-1,-1,-0.455,1,1,0.171,-1,-1,-1,-1,-1,-1,-1,-1,-1,-1,-1,-1,-0.905,0.221,0.689,-0.83,-1,-1,-1,-1,-1,-1
"328",-1,-0.565,-0.025,0.252,0.831,0.831,0.831,0.831,0.831,0.179,-0.378,-0.943,-1,-1,-1,-1,-0.688,0.821,1,1,1,1,1,1,1,1,1,0.641,-0.265,-1,-1,-1,0.491,1,1,1,1,1,1,1,1,1,1,1,0.971,-0.019,-1,-1,0.324,0.957,0.069,0.71,1,1,0.974,0.871,0.871,0.871,0.916,1,1,0.989,0.224,-1,-0.885,-0.494,-0.334,1,1,1,0.215,-1,-1,-1,-0.769,0.07,0.969,1,0.972,-0.408,-1,-0.865,0.884,1,1,0.856,-0.62,-1,-1,-1,-1,-1,0,1,1,0.177,-0.977,0.157,1,1,0.956,-0.435,-1,-1,-1,-1,-1,-1,-0.49,1,1,0.48,-0.284,1,1,1,-0.015,-1,-1,-1,-1,-1,-1,-1,-0.61,1,1,0.783,0.393,1,1,0.773,-0.771,-1,-1,-1,-1,-1,-1,-1,0.066,1,1,0.414,0.337,1,1,-0.287,-1,-1,-1,-1,-1,-1,-1,-0.423,0.962,1,0.948,-0.641,0.825,1,1,-0.835,-1,-1,-1,-1,-1,-1,-0.931,0.393,1,1,0.561,-0.989,0.523,1,1,-0.532,-1,-1,-1,-1,-1,-1,-0.56,1,1,0.984,-0.4,-1,0.151,1,1,0.357,0.015,-0.731,-0.841,-0.841,-0.457,0.212,0.924,1,1,0.294,-0.999,-1,-0.926,0.986,1,1,1,1,1,1,1,1,1,1,0.777,-0.771,-1,-1,-1,-0.22,0.982,1,1,1,1,1,1,1,1,0.901,-0.55,-1,-1,-1,-1,-1,-0.844,-0.025,0.576,0.831,0.831,0.831,0.826,-0.016,-0.323,-0.893,-1,-1,-1,-1
"329",-1,-1,-1,-1,-1,-1,0.182,0.107,-0.983,-1,-1,-1,-1,-1,-1,-1,-1,-1,-1,-1,-1,-1,-0.27,1,0.078,-1,-1,-1,-1,-1,-1,-1,-1,-1,-1,-1,-1,-1,-0.755,0.964,0.996,-0.519,-1,-1,-1,-1,-1,-1,-1,-1,-1,-1,-1,-1,-0.963,0.884,1,0.019,-1,-1,-1,-1,-1,-1,-1,-1,-1,-1,-1,-1,-1,0.475,1,0.011,-1,-1,-1,-1,-1,-1,-1,-1,-1,-1,-1,-1,-1,0.377,1,0.277,-1,-1,-1,-1,-1,-1,-1,-1,-1,-1,-1,-1,-1,0.259,1,0.237,-1,-1,-1,-1,-1,-1,-1,-1,-1,-1,-1,-1,-1,0.246,1,0.567,-1,-1,-1,-1,-1,-1,-1,-1,-1,-1,-1,-1,-1,0.434,1,0.22,-1,-1,-1,-1,-1,-1,-1,-1,-1,-1,-1,-1,-1,0.442,1,0.043,-1,-1,-1,-1,-1,-1,-1,-1,-1,-1,-1,-1,-1,0.281,1,0.066,-1,-1,-1,-1,-1,-1,-1,-1,-1,-1,-1,-1,-1,-0.049,1,-0.217,-1,-1,-1,-1,-1,-1,-1,-1,-1,-1,-1,-1,-1,0.129,1,-0.226,-1,-1,-1,-1,-1,-1,-1,-1,-1,-1,-1,-1,-0.938,0.795,0.916,-0.87,-1,-1,-1,-1,-1,-1,-1,-1,-1,-1,-1,-1,0.008,1,0.33,-1,-1,-1,-1,-1,-1,-1,-1,-1,-1,-1,-1,-1,-0.242,0.709,-0.675,-1,-1,-1,-1,-1,-1,-1
"330",-1,-1,-1,-1,-1,-1,-1,-1,-1,-1,-0.572,0.519,-0.855,-1,-1,-1,-1,-1,-1,-1,-1,-1,-1,-1,-1,-1,-0.13,1,-0.076,-1,-1,-1,-1,-1,-1,-1,-1,-1,-1,-1,-1,-1,0.542,1,-0.343,-1,-1,-1,-1,-1,-1,-0.827,0.199,-0.69,-1,-1,-1,-0.931,0.925,0.729,-0.965,-1,-1,-1,-1,-1,-1,-0.202,1,0.943,-0.896,-1,-1,-0.621,1,0.128,-1,-1,-1,-1,-1,-1,-1,-0.963,0.214,0.988,-0.209,-0.984,-1,-0.394,1,-0.15,-1,-1,-1,-1,-1,-1,-1,-1,-0.985,-0.259,0.777,0.794,0.443,0.655,1,-0.592,-1,-1,-1,-1,-1,-1,-1,-1,-1,-1,-0.953,-0.416,0.027,0.718,0.994,-0.822,-1,-1,-1,-1,-1,-1,-1,-1,-1,-1,-1,-1,-1,-0.054,0.881,-0.904,-1,-1,-1,-1,-1,-1,-1,-1,-1,-1,-1,-1,-1,0.019,0.607,-1,-1,-1,-1,-1,-1,-1,-1,-1,-1,-1,-1,-1,-1,0.024,0.621,-1,-1,-1,-1,-1,-1,-1,-1,-1,-1,-1,-1,-1,-1,0.251,0.282,-1,-1,-1,-1,-1,-1,-1,-1,-1,-1,-1,-1,-1,-1,0.528,-0.021,-1,-1,-1,-1,-1,-1,-1,-1,-1,-1,-1,-1,-1,-0.976,0.853,-0.134,-1,-1,-1,-1,-1,-1,-1,-1,-1,-1,-1,-1,-1,-0.452,0.955,-0.729,-1,-1,-1,-1,-1,-1,-1,-1,-1,-1,-1,-1,-1,-0.153,0.431,-0.945,-1,-1,-1,-1,-1
"331",-1,-1,-1,-1,-1,-1,-0.971,0.448,0.976,-0.118,-1,-1,-1,-1,-1,-1,-1,-1,-1,-1,-1,-0.987,0.279,1,1,0.24,-1,-1,-1,-1,-1,-1,-1,-1,-1,-1,-1,-0.33,0.999,1,1,0.937,-0.649,-1,-1,-1,-1,-1,-1,-1,-1,-1,-0.843,0.857,1,1,1,1,0.57,-0.999,-1,-1,-1,-1,-1,-1,-1,-1,-0.365,1,1,1,0.747,0.568,1,-0.051,-1,-1,-1,-1,-1,-1,-1,-1,0.294,1,0.995,0.388,-0.758,-0.421,1,0.842,-0.914,-1,-1,-1,-1,-1,-1,-0.691,0.943,1,0.048,-0.993,-1,-0.993,0.829,1,-0.43,-1,-1,-1,-1,-1,-0.997,0.454,1,0.836,-0.885,-1,-1,-1,0.378,1,0.231,-1,-1,-1,-1,-1,-0.936,0.925,1,0.323,-1,-1,-0.936,0.249,0.892,1,0.689,-1,-1,-1,-1,-1,-0.729,0.997,1,-0.069,-1,-0.711,0.671,1,1,1,0.991,-0.845,-1,-1,-1,-1,-0.688,1,1,0.096,-1,0.031,1,0.717,0.914,1,1,-0.58,-1,-1,-1,-1,-0.524,1,1,0.364,-0.738,0.962,0.632,-0.762,0.908,1,0.955,-0.725,-1,-1,-1,-1,-0.537,1,1,0.756,0.457,1,-0.64,0.107,1,1,0.577,-1,-1,-1,-1,-1,-0.986,0.334,0.996,1,1,1,0.876,0.966,1,0.931,-0.534,-1,-1,-1,-1,-1,-1,-1,-0.3,0.845,1,1,1,1,0.956,0.033,-1,-1,-1,-1,-1,-1,-1,-1,-1,-0.89,-0.008,0.549,0.551,0.852,-0.504,-1,-1,-1,-1,-1
"332",-1,-1,-1,-1,-1,-0.696,0.985,0.612,-0.549,-1,-1,-1,-1,-1,-1,-1,-1,-1,-1,-1,-1,-0.763,0.976,1,0.961,0.27,-0.898,-1,-1,-1,-1,-1,-1,-1,-1,-1,-1,-0.792,0.965,1,1,0.998,-0.572,-1,-1,-1,-1,-1,-1,-1,-1,-1,-1,-0.54,0.998,1,1,0.739,-0.962,-1,-1,-1,-1,-1,-1,-1,-1,-1,-1,-0.837,0.928,1,1,0.789,-0.971,-1,-1,-1,-1,-1,-1,-1,-1,-1,-1,-0.856,0.942,1,1,0.314,-1,-1,-1,-1,-1,-1,-1,-1,-1,-1,-1,-0.783,0.938,1,1,0.5,-1,-1,-1,-1,-1,-1,-1,-1,-1,-1,-1,-0.814,0.965,1,1,0.35,-0.991,-1,-1,-1,-1,-1,-1,-1,-1,-1,-1,-0.527,1,1,1,0.436,-1,-1,-1,-1,-1,-1,-1,-1,-1,-1,-1,-0.598,0.994,1,1,0.513,-1,-1,-1,-1,-1,-1,-1,-1,-1,-1,-1,-0.862,0.927,1,1,0.3,-1,-1,-1,-1,-1,-1,-1,-1,-1,-1,-1,-0.97,0.741,1,1,-0.349,-1,-1,-1,-1,-1,-1,-1,-1,-1,-1,-1,-1,0.403,1,1,-0.308,-1,-1,-1,-1,-1,-1,-1,-1,-1,-1,-1,-1,0.399,1,0.962,-0.774,-1,-1,-1,-1,-1,-1,-1,-1,-1,-1,-1,-0.995,0.644,1,0.977,-0.712,-1,-1,-1,-1,-1,-1,-1,-1,-1,-1,-1,-1,-0.675,0.505,0.734,-0.973,-1,-1,-1,-1,-1,-1
"333",-1,-1,-1,-1,-1,-1,-1,-1,-1,-0.508,0.882,-0.081,-1,-1,-1,-1,-1,-1,-1,-1,-1,-1,-1,-1,-1,0.191,1,0.891,-0.971,-1,-1,-1,-1,-1,-1,-1,-1,-1,-1,-1,-0.996,0.704,1,-0.054,-1,-1,-1,-1,-1,-1,-1,-1,-1,-1,-1,-1,-0.934,0.962,1,-0.567,-1,-1,-1,-1,-1,-1,-1,-0.971,0.737,0.599,-0.603,-1,-0.657,0.999,0.911,-0.92,-1,-1,-1,-1,-1,-1,-1,-1,0.065,1,0.495,-0.843,-0.305,1,0.546,-1,-1,-1,-1,-1,-1,-1,-1,-1,-0.999,-0.414,0.55,0.958,0.983,1,0.388,-1,-1,-1,-1,-1,-1,-1,-1,-1,-1,-1,-1,-0.805,0.036,1,0.128,-1,-1,-1,-1,-1,-1,-1,-1,-1,-1,-1,-1,-1,-0.779,0.997,0.16,-1,-1,-1,-1,-1,-1,-1,-1,-1,-1,-1,-1,-1,-0.758,0.999,0.205,-1,-1,-1,-1,-1,-1,-1,-1,-1,-1,-1,-1,-1,-0.974,0.79,-0.101,-1,-1,-1,-1,-1,-1,-1,-1,-1,-1,-1,-1,-1,-0.913,0.904,-0.082,-1,-1,-1,-1,-1,-1,-1,-1,-1,-1,-1,-1,-1,-1,0.219,-0.397,-1,-1,-1,-1,-1,-1,-1,-1,-1,-1,-1,-1,-1,-1,0.064,-0.36,-1,-1,-1,-1,-1,-1,-1,-1,-1,-1,-1,-1,-1,-1,0.096,-0.257,-1,-1,-1,-1,-1,-1,-1,-1,-1,-1,-1,-1,-1,-1,-0.413,-0.289,-1,-1,-1,-1,-1
"334",-1,-1,-1,-1,-1,-1,-1,-1,-0.496,-0.679,-1,-1,-1,-1,-1,-1,-1,-1,-1,-1,-1,-1,-1,-1,-0.243,0.575,-0.972,-1,-1,-1,-1,-1,-1,-1,-1,-1,-0.979,-0.007,-0.979,-1,0.031,0.914,-0.902,-1,-1,-1,-1,-1,-1,-1,-1,-1,-0.749,0.989,-0.407,-0.998,0.639,0.686,-0.999,-1,-1,-1,-1,-1,-1,-1,-1,-1,-0.914,0.957,-0.169,-0.941,0.919,0.122,-1,-1,-1,-1,-1,-1,-1,-1,-1,-1,-0.863,0.969,-0.21,-0.685,1,-0.51,-1,-1,-1,-1,-1,-1,-1,-1,-1,-1,-0.284,1,-0.564,-0.348,0.987,-0.743,-1,-1,-1,-1,-1,-1,-1,-1,-1,-1,0.371,0.788,-0.883,-0.148,0.915,-0.754,-0.444,-0.074,0.22,-0.997,-1,-1,-1,-1,-1,-0.897,0.912,0.932,0.787,0.871,0.989,0.92,0.702,0.424,-0.395,-1,-1,-1,-1,-1,-1,0.103,0.924,0.244,-0.227,0.385,0.794,-0.963,-1,-1,-1,-1,-1,-1,-1,-1,-0.997,0.008,-0.281,-1,-1,0.032,0.528,-1,-1,-1,-1,-1,-1,-1,-1,-1,-1,-1,-1,-1,-1,-0.212,0.829,-0.989,-1,-1,-1,-1,-1,-1,-1,-1,-1,-1,-1,-1,-1,-0.364,0.764,-0.999,-1,-1,-1,-1,-1,-1,-1,-1,-1,-1,-1,-1,-1,-0.426,0.876,-0.981,-1,-1,-1,-1,-1,-1,-1,-1,-1,-1,-1,-1,-1,-0.92,0.828,-0.74,-1,-1,-1,-1,-1,-1,-1,-1,-1,-1,-1,-1,-1,-1,-0.13,-0.283,-1,-1,-1,-1,-1,-1
"335",-1,-1,-1,-1,-1,-1,-0.575,0.185,0.971,0.885,-0.385,-1,-1,-1,-1,-1,-1,-1,-1,-1,-0.992,-0.317,0.88,1,1,1,0.792,-0.917,-1,-1,-1,-1,-1,-1,-1,-1,-0.005,0.969,1,1,1,1,1,0.284,-0.968,-1,-1,-1,-1,-1,-1,-0.888,0.858,1,1,1,1,0.502,0.705,1,-0.177,-1,-1,-1,-1,-1,-1,-0.091,1,1,1,1,0.425,-0.888,-0.563,0.993,0.826,-0.893,-1,-1,-1,-1,-0.938,0.72,1,1,1,0.682,-0.68,-1,-1,0.32,0.991,-0.609,-1,-1,-1,-1,-0.673,0.998,1,0.811,0.091,-0.69,-1,-1,-1,-0.195,1,-0.499,-1,-1,-1,-1,-0.199,1,0.978,-0.226,-1,-1,-1,-1,-1,-0.934,0.49,-0.704,-1,-1,-1,-1,0.278,1,0.782,-0.969,-1,-1,-1,-1,-1,-0.628,0.872,-0.402,-1,-1,-1,-1,0.49,1,0.204,-1,-1,-1,-1,-1,-1,-0.419,1,0.452,-1,-1,-1,-1,0.371,1,0.257,-1,-1,-1,-1,-1,-1,0.124,1,0.306,-1,-1,-1,-1,0.187,1,0.441,-1,-1,-1,-1,-1,-0.874,0.871,1,0.094,-1,-1,-1,-1,0.002,1,0.626,-1,-1,-1,-1,-0.981,0.116,1,1,-0.383,-1,-1,-1,-1,-0.91,0.802,0.997,-0.33,-0.636,-0.636,-0.069,0.474,0.986,1,0.677,-0.933,-1,-1,-1,-1,-1,-0.701,0.556,1,1,1,1,1,0.958,0.625,-0.507,-1,-1,-1,-1,-1,-1,-1,-0.831,0.105,0.619,1,0.998,0.324,-0.292,-1,-1,-1,-1,-1
"336",-1,-1,-1,-1,-1,-1,-1,-1,-0.996,0.514,0.49,-0.943,-1,-1,-1,-1,-1,-1,-1,-1,-1,-1,-1,-1,-0.751,0.981,0.975,-0.621,-1,-1,-1,-1,-1,-1,-1,-1,-1,-1,-1,-1,-0.862,0.952,1,-0.265,-1,-1,-1,-1,-1,-1,-1,-1,-1,-1,-1,-1,-0.812,0.974,1,-0.151,-1,-1,-1,-1,-1,-1,0.212,-0.152,-0.955,-1,-1,-1,-0.898,0.92,1,-0.01,-1,-1,-1,-1,-1,-1,0.581,1,-0.157,-1,-1,-1,-0.689,0.996,1,0.21,-1,-1,-1,-1,-1,-0.996,0.65,1,0.437,-1,-1,-1,-0.804,0.97,1,0.498,-1,-1,-1,-1,-1,-1,0.513,1,0.866,-0.941,-1,-1,-0.639,0.984,1,0.542,-0.69,-1,-1,-1,-1,-1,0.585,1,0.907,-0.718,-0.342,0.044,0.832,1,1,1,1,0.178,-1,-1,-1,-1,-0.035,1,1,0.907,1,1,1,1,1,1,1,0.369,-0.996,-1,-1,-1,-0.956,0.513,1,1,1,1,1,1,1,-0.075,-0.755,-0.922,-1,-1,-1,-1,-1,-0.964,-0.541,-0.143,-0.143,-0.651,0.475,1,0.989,-0.719,-1,-1,-1,-1,-1,-1,-1,-1,-1,-1,-1,-1,0.467,1,0.977,-0.78,-1,-1,-1,-1,-1,-1,-1,-1,-1,-1,-1,-0.986,0.739,1,0.854,-0.916,-1,-1,-1,-1,-1,-1,-1,-1,-1,-1,-1,-1,0.412,1,0.612,-1,-1,-1,-1,-1,-1,-1,-1,-1,-1,-1,-1,-1,-0.741,0.705,0.737,-0.984,-1,-1,-1,-1
"337",-1,-1,-1,-0.779,-0.872,-1,-1,-1,-1,-1,-0.714,0.883,-0.855,-1,-1,-1,-1,-1,-1,0.676,0.45,-0.98,-1,-1,-1,-1,0.092,0.93,-0.942,-1,-1,-1,-1,-1,-1,0.218,0.994,-0.815,-1,-1,-1,-1,0.332,0.92,-0.756,-1,-1,-1,-1,-1,-1,0.258,0.992,-0.755,-1,-1,-1,-0.983,0.822,0.746,-0.955,-1,-1,-1,-1,-1,-0.993,0.758,1,-0.636,-1,-1,-1,-0.927,0.874,0.774,-0.991,-1,-1,-1,-1,-1,-0.428,0.999,0.538,-0.98,-1,-1,-1,-0.28,1,-0.157,-1,-1,-1,-1,-1,-0.992,0.703,1,-0.166,-1,-1,-1,-1,0.36,1,-0.33,-1,-1,-1,-1,-1,-0.416,1,0.807,-0.879,-1,-1,-1,-0.985,0.851,1,-0.737,-1,-0.669,-0.666,-1,-0.983,0.715,1,0.835,-0.032,0.234,0.484,0.484,0.533,1,0.984,0.749,1,1,0.738,-0.983,-1,0.772,1,1,1,1,1,1,1,1,1,1,1,0.576,-0.526,-1,-1,-0.292,0.677,0.677,0.986,0.951,0.677,0.788,1,1,0.429,-0.361,-0.868,-0.952,-1,-1,-1,-1,-1,-1,-0.821,-0.829,-1,-0.066,1,0.992,-0.582,-1,-1,-1,-1,-1,-1,-1,-1,-1,-1,-1,-1,0.441,1,0.719,-0.998,-1,-1,-1,-1,-1,-1,-1,-1,-1,-1,-1,-0.953,0.901,1,-0.22,-1,-1,-1,-1,-1,-1,-1,-1,-1,-1,-1,-1,-0.562,1,0.992,-0.802,-1,-1,-1,-1,-1,-1,-1,-1,-1,-1,-1,-1,-0.847,0.878,-0.101,-1,-1,-1,-1,-1,-1,-1
"338",-1,-1,-1,-1,-1,-1,-0.996,-0.028,0.43,-1,-1,-1,-1,-1,-1,-1,-1,-1,-1,-1,-1,-1,-0.979,0.966,0.853,-1,-1,-1,-1,-1,-1,-1,-1,-1,-1,-1,-1,-1,-0.847,0.898,0.997,-0.644,-1,-1,-1,-1,-1,-1,-1,-1,-1,-1,-1,-1,-0.297,1,1,-0.071,-1,-1,-1,-1,-1,-1,-1,-1,-1,-1,-1,-1,-0.387,1,1,-0.186,-1,-1,-1,-1,-1,-1,-1,-1,-1,-1,-1,-1,-0.042,1,1,0.083,-1,-1,-1,-1,-1,-1,-1,-1,-1,-1,-1,-1,0.201,1,1,0.404,-1,-1,-1,-1,-1,-1,-1,-1,-1,-1,-1,-1,0.239,1,1,0.161,-1,-1,-1,-1,-1,-1,-1,-1,-1,-1,-1,-1,0.252,1,1,-0.057,-1,-1,-1,-1,-1,-1,-1,-1,-1,-1,-1,-1,0.443,1,1,-0.043,-1,-1,-1,-1,-1,-1,-1,-1,-1,-1,-1,-1,0.225,1,1,-0.107,-1,-1,-1,-1,-1,-1,-1,-1,-1,-1,-1,-1,0.007,1,1,-0.35,-1,-1,-1,-1,-1,-1,-1,-1,-1,-1,-1,-1,-0.211,1,1,-0.336,-1,-1,-1,-1,-1,-1,-1,-1,-1,-1,-1,-1,-0.429,1,1,-0.375,-1,-1,-1,-1,-1,-1,-1,-1,-1,-1,-1,-1,-0.647,1,1,-0.233,-1,-1,-1,-1,-1,-1,-1,-1,-1,-1,-1,-1,-0.926,0.197,0.564,-0.354,-1,-1,-1,-1,-1,-1
"339",-1,-1,-1,-1,-1,-1,-1,-1,-1,-1,-0.6,0.475,-1,-1,-1,-1,-1,-1,-1,-1,0.064,-0.315,-1,-1,-1,-0.944,0.461,0.845,-0.987,-1,-1,-1,-1,-1,-1,-0.892,0.961,0.555,-1,-1,-1,-0.18,1,0.43,-1,-1,-1,-1,-1,-1,-1,-0.002,1,0.127,-1,-1,-1,0.623,1,-0.248,-1,-1,-1,-1,-1,-1,-1,0.676,1,-0.426,-1,-1,-0.815,0.991,0.911,-0.962,-1,-1,-1,-1,-1,-1,-0.271,1,0.644,-0.998,-1,-1,-0.271,1,0.394,-0.998,-1,-1,-1,-1,-1,-0.997,0.529,1,0.093,-1,-1,-1,0.282,1,-0.657,-1,-1,-1,-1,-1,-1,-0.665,1,1,0.152,-0.226,-0.5,-0.3,1,1,-0.075,-0.886,-1,-0.614,-0.886,-1,-1,-0.487,1,1,1,1,1,1,1,1,1,1,1,0.975,-0.614,-1,-1,-1,-0.349,0.54,1,1,1,1,1,1,1,0.588,0.029,-0.684,-1,-1,-1,-1,-1,-1,-1,-1,-0.787,0.907,1,0.202,-0.822,-1,-1,-1,-1,-1,-1,-1,-1,-1,-1,-1,-0.663,0.96,0.905,-0.24,0.412,-1,-1,-1,-1,-1,-1,-1,-1,-1,-1,-1,-0.399,1,0.902,0.72,-0.847,-1,-1,-1,-1,-1,-1,-1,-1,-1,-1,-1,0.404,1,0.979,-0.882,-1,-1,-1,-1,-1,-1,-1,-1,-1,-1,-1,-0.996,0.827,1,0.043,-1,-1,-1,-1,-1,-1,-1,-1,-1,-1,-1,-1,-1,-0.231,0.619,-0.888,-1,-1,-1,-1,-1,-1,-1
"340",-1,-1,-0.55,1,-0.339,-1,-1,-1,-1,-1,-1,-1,-1,-1,-1,-1,-1,-1,0.225,1,0.603,0.333,0.333,-0.075,-0.532,-1,-1,-1,-1,-1,-1,-1,-1,-0.544,0.988,1,1,1,1,1,1,0.79,0.111,-0.79,-1,-1,-1,-1,-1,-0.67,1,1,1,1,1,1,1,1,1,1,0.495,-0.826,-1,-1,-1,0.549,1,0.34,-1,-0.718,-0.039,0.64,1,1,1,1,1,0.94,-0.045,-1,-1,0.657,1,-0.657,-1,-1,-1,-1,-0.459,-0.003,0.676,1,1,1,1,-0.214,-0.7,0.91,1,-0.766,-1,-1,-1,-1,-1,-1,-1,0.099,1,1,1,0.345,-0.46,1,0.808,-0.904,-1,-1,-1,-1,-1,-1,-1,-0.832,0.928,1,1,0.459,0.093,1,-0.093,-1,-1,-1,-1,-1,-1,-1,-1,-1,0.315,1,1,0.351,-0.244,1,0.021,-1,-1,-1,-1,-1,-1,-1,-1,-0.958,0.604,1,1,-0.424,0.531,1,0.802,-1,-1,-1,-1,-1,-1,-1,-1,0.087,1,1,0.856,-0.832,-0.027,1,0.808,-0.892,-1,-1,-1,-1,-1,-0.663,0.526,1,1,1,0.027,-1,-0.514,0.928,1,0.874,-0.249,-0.333,-0.333,0.027,0.682,1,1,1,1,0.489,-0.904,-1,-1,0.411,1,1,1,1,1,1,1,1,1,1,-0.19,-1,-1,-1,-1,-0.802,0.765,1,1,1,1,1,1,1,0.345,-0.532,-1,-1,-1,-1,-1,-1,-0.988,-0.334,-0.31,0.369,0.964,0.333,-0.135,-0.568,-1,-1,-1,-1,-1,-1
"341",-1,-1,-1,-1,-0.385,0.435,-0.893,-1,-1,-1,-1,-1,-0.329,0.929,0.157,-1,-1,-1,-1,-0.923,0.786,1,-0.331,-1,-1,-1,-1,-0.981,0.797,1,-0.318,-1,-1,-1,-1,-0.498,1,0.797,-0.913,-1,-1,-1,-1,-0.835,0.885,1,-0.656,-1,-1,-1,-1,0.287,1,0.185,-1,-1,-1,-1,-1,-0.01,1,0.663,-0.966,-1,-1,-1,-0.702,0.963,0.835,-0.899,-1,-1,-1,-1,-0.997,0.471,1,0.152,-1,-1,-1,-1,0.252,1,0.065,-1,-1,-1,-1,-1,-0.534,0.999,1,-0.219,-1,-1,-1,-0.723,0.957,1,-0.155,-0.222,0.072,0.41,0.41,0.163,0.285,1,0.841,-0.948,-1,-1,-1,0.002,1,1,1,1,1,1,1,1,1,1,0.348,-1,-1,-1,-1,0.116,1,0.999,0.837,0.43,0.136,-0.064,0.685,1,1,1,-0.17,-1,-1,-1,-1,-0.801,-0.115,-0.569,-0.975,-1,-1,-1,-0.924,0.374,1,0.826,-0.901,-1,-1,-1,-1,-1,-1,-1,-1,-1,-1,-1,-1,0.649,1,0.346,-1,-1,-1,-1,-1,-1,-1,-1,-1,-1,-1,-1,-0.718,0.963,0.998,-0.522,-1,-1,-1,-1,-1,-1,-1,-1,-1,-1,-1,-1,-0.133,1,0.707,-0.99,-1,-1,-1,-1,-1,-1,-1,-1,-1,-1,-1,-1,0.342,1,0.568,-1,-1,-1,-1,-1,-1,-1,-1,-1,-1,-1,-1,-0.986,0.666,1,0.127,-1,-1,-1,-1,-1,-1,-1,-1,-1,-1,-1,-1,-0.969,0.628,0.348,-0.8,-1,-1,-1,-1,-1
"342",-1,-1,-1,-1,-1,-1,-0.995,0.294,0.758,-0.848,-1,-1,-1,-1,-1,-1,-1,-1,-1,-1,-1,-1,-0.371,1,1,-0.769,-1,-1,-1,-1,-1,-1,-1,-1,-1,-1,-1,-1,0.06,1,1,-0.536,-1,-1,-1,-1,-1,-1,-1,-1,-1,-1,-1,-1,0.331,1,1,-0.685,-1,-1,-1,-1,-1,-1,-1,-1,-1,-1,-1,-1,0.603,1,0.982,-0.937,-1,-1,-1,-1,-1,-1,-1,-1,-1,-1,-1,-0.997,0.877,1,0.766,-1,-1,-1,-1,-1,-1,-1,-1,-1,-1,-1,-1,-0.845,1,1,0.885,-0.939,-1,-1,-1,-1,-1,-1,-1,-1,-1,-1,-1,-0.815,0.946,1,0.848,-1,-1,-1,-1,-1,-1,-1,-1,-1,-1,-1,-1,-0.915,0.985,1,0.577,-1,-1,-1,-1,-1,-1,-1,-1,-1,-1,-1,-1,-0.659,1,1,0.868,-0.997,-1,-1,-1,-1,-1,-1,-1,-1,-1,-1,-1,-0.953,0.966,1,0.658,-1,-1,-1,-1,-1,-1,-1,-1,-1,-1,-1,-1,-0.769,0.986,1,0.849,0.383,-0.833,-1,-1,-1,-1,-1,-1,-1,-1,-1,-1,-1,0.824,1,1,0.592,-0.912,-1,-1,-1,-1,-1,-1,-1,-1,-1,-1,-1,0.554,1,1,-0.28,-1,-1,-1,-1,-1,-1,-1,-1,-1,-1,-1,-1,0.469,1,1,-0.551,-1,-1,-1,-1,-1,-1,-1,-1,-1,-1,-1,-1,-0.613,0.901,0.486,-0.899,-1,-1,-1,-1,-1,-1
"343",-1,-1,-1,-1,-1,-1,-1,-0.277,0.899,-0.313,-1,-1,-1,-1,-1,-1,-1,-1,-1,-1,-1,-1,-1,0.505,1,0.183,-1,-1,-1,-1,-1,-1,-1,-1,-1,-1,-1,-1,-0.994,0.863,1,-0.144,-1,-1,-1,-1,-1,-1,-1,-1,-1,-1,-1,-1,-0.754,1,0.984,-0.892,-1,-1,-1,-1,-1,-1,-1,-1,-1,-1,-1,-1,-0.029,1,0.726,-1,-1,-1,-1,-1,-1,-1,-1,-1,-1,-1,-1,-1,0.519,1,0.528,-1,-1,-1,-1,-1,-1,-1,-1,-1,-1,-1,-1,-1,0.626,1,0.531,-1,-1,-1,-1,-1,-1,-1,-1,-1,-1,-1,-1,-1,0.72,1,0.161,-1,-1,-1,-1,-1,-1,-1,-1,-1,-1,-1,-1,-0.996,0.759,1,0.266,-1,-1,-1,-1,-1,-1,-1,-1,-1,-1,-1,-1,-1,0.636,1,0.392,-1,-1,-1,-1,-1,-1,-1,-1,-1,-1,-1,-1,-1,0.513,1,0.368,-1,-1,-1,-1,-1,-1,-1,-1,-1,-1,-1,-1,-1,0.381,1,0.821,-0.99,-1,-1,-1,-1,-1,-1,-1,-1,-1,-1,-1,-1,0.104,1,1,-0.68,-1,-1,-1,-1,-1,-1,-1,-1,-1,-1,-1,-1,-0.254,1,1,-0.083,-1,-1,-1,-1,-1,-1,-1,-1,-1,-1,-1,-1,-0.862,0.831,1,0.754,-0.996,-1,-1,-1,-1,-1,-1,-1,-1,-1,-1,-1,-1,-0.181,0.785,0.1,-1,-1,-1,-1,-1,-1
"344",-1,-1,-1,-1,-1,-1,-0.105,0.974,-0.565,-1,-1,-1,-1,-1,-1,-1,-1,-1,-1,-1,-1,-0.836,0.972,1,0.328,-1,-1,-1,-1,-1,-1,-1,-1,-1,-1,-1,-1,-0.51,1,1,0.601,-1,-1,-1,-1,-1,-1,-1,-1,-1,-1,-1,-1,-0.774,0.992,1,0.234,-1,-1,-1,-1,-1,-1,-1,-1,-1,-1,-1,-1,-0.821,0.979,1,0.293,-1,-1,-1,-1,-1,-1,-1,-1,-1,-1,-1,-1,-0.475,1,1,0.353,-1,-1,-1,-1,-1,-1,-1,-1,-1,-1,-1,-1,-0.442,1,1,0.319,-1,-1,-1,-1,-1,-1,-1,-1,-1,-1,-1,-1,-0.155,1,1,0.245,-1,-1,-1,-1,-1,-1,-1,-1,-1,-1,-1,-1,0.119,1,1,-0.242,-1,-1,-1,-1,-1,-1,-1,-1,-1,-1,-1,-0.991,0.717,1,1,-0.502,-0.816,-0.784,-1,-1,-1,-1,-1,-1,-1,-1,-1,-1,0.613,1,1,0.281,0.76,0.693,-0.991,-1,-1,-1,-1,-1,-1,-1,-1,-1,0.474,1,1,1,0.811,-0.462,-1,-1,-1,-1,-1,-1,-1,-1,-1,-1,0.201,1,1,0.993,-0.264,-1,-1,-1,-1,-1,-1,-1,-1,-1,-1,-1,0.355,1,1,0.936,-0.894,-1,-1,-1,-1,-1,-1,-1,-1,-1,-1,-1,0.082,1,1,0.269,-0.994,-1,-1,-1,-1,-1,-1,-1,-1,-1,-1,-1,-0.191,1,0.569,-0.78,-1,-1,-1,-1,-1,-1,-1
"345",-1,-1,-1,-1,-1,-1,-0.765,0.827,0.573,-0.976,-1,-1,-1,-1,-1,-1,-1,-1,-1,-1,-1,-1,-0.26,1,0.981,-0.73,-1,-1,-1,-1,-1,-1,-1,-1,-1,-1,-1,-1,0.213,1,1,-0.453,-1,-1,-1,-1,-1,-1,-1,-1,-1,-1,-1,-1,0.173,1,0.992,-0.815,-1,-1,-1,-1,-1,-1,-1,-1,-1,-1,-1,-1,0.185,1,1,-0.63,-1,-1,-1,-1,-1,-1,-1,-1,-1,-1,-1,-1,0.197,1,1,-0.437,-1,-1,-1,-1,-1,-1,-1,-1,-1,-1,-1,-1,0.183,1,1,-0.423,-1,-1,-1,-1,-1,-1,-1,-1,-1,-1,-1,-1,0.246,1,1,-0.281,-1,-1,-1,-1,-1,-1,-1,-1,-1,-1,-1,-1,0.039,1,1,-0.1,-1,-1,-1,-1,-1,-1,-1,-1,-1,-1,-1,-1,-0.308,1,1,-0.111,-1,-1,-1,-1,-1,-1,-1,-1,-1,-1,-1,-1,-0.322,1,1,0.082,-1,-1,-1,-1,-1,-1,-1,-1,-1,-1,-1,-1,-0.003,1,1,0.377,-1,-1,-1,-1,-1,-1,-1,-1,-1,-1,-1,-1,0.47,1,1,0.442,-1,-1,-1,-1,-1,-1,-1,-1,-1,-1,-1,-1,0.379,1,1,-0.542,-1,-1,-1,-1,-1,-1,-1,-1,-1,-1,-1,-1,0.595,1,1,-0.426,-1,-1,-1,-1,-1,-1,-1,-1,-1,-1,-1,-1,-0.008,1,-0.096,-0.98,-1,-1,-1,-1,-1,-1
"346",-1,-1,-1,-1,-1,-1,-0.279,-0.877,-1,-1,-1,-1,-1,-1,-1,-1,-1,-1,-1,-1,-1,-1,-0.293,0.405,-0.986,-1,-1,-1,-1,-1,-1,-1,-1,-1,-1,-1,-1,-1,-0.698,0.998,0.007,-1,-1,-1,-1,-1,-1,-1,-1,-1,-1,-1,-1,-1,-0.965,0.882,0.937,-0.798,-1,-1,-1,-1,-1,-1,-1,-1,-1,-1,-1,-1,-1,0.44,1,-0.384,-1,-1,-1,-1,-1,-1,-1,-1,-1,-1,-1,-1,-1,0.071,1,-0.014,-1,-1,-1,-1,-1,-1,-1,-1,-1,-1,-1,-1,-1,-0.419,1,0.575,-0.998,-1,-1,-1,-1,-1,-1,-1,-1,-1,-1,-1,-1,-0.842,0.964,0.774,-0.992,-1,-1,-1,-1,-1,-1,-1,-1,-1,-1,-1,-1,-0.998,0.719,0.944,-0.862,-1,-1,-1,-1,-1,-1,-1,-1,-0.302,-0.047,-1,-1,-1,0.415,1,-0.562,-1,-1,-1,-1,-1,-1,-1,-1,-0.141,1,-0.298,-1,-1,-0.075,1,-0.053,-1,-1,-1,-1,-1,-1,-1,-0.994,0.5,1,0.008,-0.9,-0.798,0.066,1,0.62,-0.232,-0.661,-1,-1,-1,-1,-1,-0.897,0.967,1,0.839,0.933,1,1,1,1,0.875,0.483,-0.914,-1,-1,-1,-1,-1,-0.194,0.84,0.939,0.511,0.134,0.17,0.997,0.692,-0.903,-1,-1,-1,-1,-1,-1,-1,-1,-1,-1,-1,-1,-0.959,0.888,0.763,-0.999,-1,-1,-1,-1,-1,-1,-1,-1,-1,-1,-1,-1,-1,-0.324,0.601,-0.993,-1,-1,-1,-1
"347",-1,-1,-1,-0.774,0.433,0.414,-1,-1,-0.993,0.157,0.305,-0.465,-1,-1,-1,-1,-1,-1,-0.995,0.335,0.989,0.1,-1,-1,-0.586,1,0.645,-0.301,-1,-1,-1,-1,-1,-1,-0.258,1,0.232,-1,-1,-1,0.148,1,-0.688,-1,-1,-1,-1,-1,-1,-0.978,0.793,0.824,-0.783,-1,-1,-0.99,0.697,0.559,-0.994,-1,-1,-1,-1,-1,-1,-0.263,1,-0.091,-1,-1,-1,-0.667,0.993,0.029,-1,-1,-1,-1,-1,-1,-1,0.717,0.882,-0.953,-1,-1,-1,-0.185,1,-0.717,-1,-1,-1,-1,-1,-1,-0.632,0.99,0.101,-1,-1,-1,-0.989,0.62,0.687,-0.794,-0.405,-0.405,-0.428,-0.933,-1,-1,-0.012,0.982,-0.605,-1,-1,-0.936,-0.334,0.998,1,1,1,1,1,0.704,-0.683,-1,-0.354,0.966,0.573,0.568,0.926,1,1,1,0.682,0.065,-0.167,-0.568,-0.512,0.399,0.82,-0.858,-1,-0.602,0.259,0.459,0.179,0.207,0.943,0.613,-0.989,-1,-1,-1,-1,-0.918,0.788,-0.101,-1,-1,-1,-1,-1,-0.523,1,-0.193,-1,-1,-1,-1,-1,-1,-0.795,-0.737,-1,-1,-1,-1,-1,0.036,0.948,-0.771,-1,-1,-1,-1,-1,-1,-1,-1,-1,-1,-1,-1,-1,0.467,0.466,-1,-1,-1,-1,-1,-1,-1,-1,-1,-1,-1,-1,-1,-0.893,0.873,-0.023,-1,-1,-1,-1,-1,-1,-1,-1,-1,-1,-1,-1,-1,-0.822,0.98,-0.88,-1,-1,-1,-1,-1,-1,-1,-1,-1,-1,-1,-1,-1,-0.837,0.526,-0.994,-1,-1,-1,-1,-1,-1,-1,-1,-1
"348",-1,-1,-1,-1,-0.866,-0.038,-0.958,-1,-1,-1,-0.744,0.813,-0.64,-1,-1,-1,-1,-1,-1,-1,-0.365,1,-0.76,-1,-1,-1,0.036,0.881,-0.475,-1,-1,-1,-1,-1,-1,-1,0.176,0.882,-0.899,-1,-1,-1,0.656,0.428,-1,-1,-1,-1,-1,-1,-1,-1,0.145,0.79,-1,-1,-1,-0.768,0.978,-0.126,-1,-1,-1,-1,-1,-1,-1,-1,0.384,0.7,-1,-1,-1,-0.555,1,-0.361,-1,-1,-1,-1,-1,-1,-1,-0.846,0.907,0.255,-1,-1,-1,-0.045,0.993,-0.789,-1,-1,-1,-1,-1,-1,-1,-0.582,1,-0.12,-1,-1,-0.992,0.573,0.527,-1,-1,-1,-1,-1,-1,-1,-1,-0.381,1,-0.376,-0.807,-0.546,-0.295,1,0.119,-0.933,-1,-1,-1,-1,-1,-1,-1,-0.179,1,1,1,1,1,1,1,0.841,-0.722,-1,-1,-1,-1,-1,-1,-0.793,0.253,0.277,0.111,-0.108,0.676,0.755,-0.494,-0.494,-0.971,-1,-1,-1,-1,-1,-1,-1,-1,-1,-1,-0.986,0.959,0.121,-1,-1,-1,-1,-1,-1,-1,-1,-1,-1,-1,-1,-1,-0.824,1,-0.092,-1,-1,-1,-1,-1,-1,-1,-1,-1,-1,-1,-1,-1,-0.622,1,-0.294,-1,-1,-1,-1,-1,-1,-1,-1,-1,-1,-1,-1,-1,-0.42,1,-0.496,-1,-1,-1,-1,-1,-1,-1,-1,-1,-1,-1,-1,-1,-0.353,1,-0.368,-1,-1,-1,-1,-1,-1,-1,-1,-1,-1,-1,-1,-1,-0.848,0.628,-0.189,-1,-1,-1,-1,-1,-1
"349",-1,-1,-1,-1,-0.124,0.932,-0.767,-1,-1,-1,-1,-1,-0.322,0.545,-0.982,-1,-1,-1,-1,-1,0.607,1,-0.55,-1,-1,-1,-1,-0.995,0.669,0.468,-0.999,-1,-1,-1,-1,-0.917,0.963,0.915,-0.937,-1,-1,-1,-1,-0.391,0.999,0.334,-1,-1,-1,-1,-1,-0.141,1,-0.152,-1,-1,-1,-1,-1,0.154,1,-0.174,-1,-1,-1,-1,-0.976,0.682,0.839,-0.819,-1,-1,-1,-1,-0.986,0.594,0.95,-0.933,-1,-1,-1,-1,-0.134,1,0.19,-1,-1,-1,-1,-1,-0.359,1,0.314,-1,-1,-1,-1,-1,0.581,1,-0.524,-1,-1,-1,-1,-0.998,0.36,0.999,-0.508,-1,-1,-1,-1,-0.991,0.862,0.98,-0.896,-1,-1,-1,-1,-0.751,1,0.552,-0.999,-1,-1,-1,-1,-0.981,0.884,1,0.572,-0.127,-0.367,-0.496,-0.127,0.298,1,0.906,0.018,-1,-1,-1,-1,-1,-0.012,0.999,1,1,1,1,1,1,1,0.927,-0.191,-1,-1,-1,-1,-1,-1,-0.567,-0.042,0.183,0.183,0.183,0.118,1,0.633,-0.833,-1,-1,-1,-1,-1,-1,-1,-1,-1,-1,-1,-1,-0.141,1,-0.031,-1,-1,-1,-1,-1,-1,-1,-1,-1,-1,-1,-1,-1,0.141,1,-0.262,-1,-1,-1,-1,-1,-1,-1,-1,-1,-1,-1,-1,-0.999,0.749,0.857,-0.958,-1,-1,-1,-1,-1,-1,-1,-1,-1,-1,-1,-1,-0.974,0.904,1,-0.772,-1,-1,-1,-1,-1,-1,-1,-1,-1,-1,-1,-1,-0.99,0.444,0.264,-0.982,-1,-1,-1,-1,-1
"350",-1,-1,-1,-1,-1,-0.333,0.731,0.89,0.27,-0.72,-1,-1,-1,-1,-1,-1,-1,-1,-1,-1,-0.682,0.922,0.608,0.668,0.967,0.888,-0.442,-1,-1,-1,-1,-1,-1,-1,-1,-1,0.309,0.985,-0.848,-1,-0.695,0.795,0.999,-0.585,-1,-1,-1,-1,-1,-1,-1,-0.895,0.834,0.659,-1,-1,-1,-0.599,0.95,0.677,-0.969,-1,-1,-1,-1,-1,-1,-0.242,1,0.218,-1,-1,-1,-1,0.11,1,-0.209,-1,-1,-1,-1,-1,-1,0.357,1,-0.048,-1,-1,-1,-1,-0.822,0.956,0.477,-0.998,-1,-1,-1,-1,-0.91,0.867,1,-0.526,-1,-1,-1,-1,-1,0.734,1,-0.795,-1,-1,-1,-1,-0.444,1,0.834,-0.96,-1,-1,-1,-1,-1,0.212,1,-0.456,-1,-1,-1,-1,-0.397,1,0.828,-1,-1,-1,-1,-1,-1,-0.12,1,-0.002,-1,-1,-1,-1,0.021,1,0.41,-1,-1,-1,-1,-1,-1,-0.142,1,-0.117,-1,-1,-1,-1,-0.031,1,0.704,-1,-1,-1,-1,-1,-1,0.284,1,-0.391,-1,-1,-1,-1,-0.674,1,0.936,-0.832,-1,-1,-1,-1,-1,0.52,0.936,-0.851,-1,-1,-1,-1,-0.984,0.788,1,-0.374,-1,-1,-1,-1,-0.088,0.987,0.35,-1,-1,-1,-1,-1,-1,0.056,1,0.925,0.112,-0.569,-0.281,0.154,0.988,0.942,-0.691,-1,-1,-1,-1,-1,-1,-0.979,0.302,1,1,1,1,1,0.949,-0.389,-1,-1,-1,-1,-1,-1,-1,-1,-0.992,-0.457,0.659,0.974,0.507,0.058,-0.775,-1,-1,-1,-1,-1
"351",-1,-1,-1,-1,-1,-1,-0.915,0.73,-0.218,-1,-1,-1,-1,-1,-1,-1,-1,-1,-1,-1,-1,-1,-0.988,0.702,0.551,-1,-1,-1,-1,-1,-1,-1,-1,-1,-1,-1,-1,-1,-1,0.35,0.772,-1,-1,-1,-1,-1,-1,-1,-1,-1,-1,-1,-1,-1,-1,0.318,0.94,-0.984,-1,-1,-1,-1,-1,-1,-1,-1,-1,-1,-1,-1,-1,0.496,0.826,-1,-1,-1,-1,-1,-1,-1,-1,-1,-1,-1,-1,-1,-1,0.598,0.991,-0.943,-1,-1,-1,-1,-1,-1,-1,-1,-1,-1,-1,-1,-1,0.633,0.959,-0.909,-1,-1,-1,-1,-1,-1,-1,-1,-1,-1,-1,-1,-1,0.792,0.793,-0.997,-1,-1,-1,-1,-1,-1,-1,-1,-1,-1,-1,-1,-0.994,0.821,0.533,-1,-1,-1,-1,-1,-1,-1,-1,-1,-1,-1,-1,-1,-0.861,1,0.374,-1,-1,-1,-1,-1,-1,-1,-1,-1,-1,-1,-1,-1,-0.938,0.959,0.567,-1,-1,-1,-1,-1,-1,-1,-1,-1,-1,-1,-1,-1,-0.913,0.999,0.427,-1,-1,-1,-1,-1,-1,-1,-1,-1,-1,-1,-1,-1,-1,0.864,0.525,-1,-1,-1,-1,-1,-1,-1,-1,-1,-1,-1,-1,-1,-1,0.642,0.69,-1,-1,-1,-1,-1,-1,-1,-1,-1,-1,-1,-1,-1,-1,0.42,0.794,-0.997,-1,-1,-1,-1,-1,-1,-1,-1,-1,-1,-1,-1,-1,-0.03,0.695,-1,-1,-1,-1,-1,-1,-1
"352",-1,-1,-1,-1,-1,-1,-0.467,0.662,-1,-1,-1,-1,-1,-1,-1,-1,-1,-1,-1,-1,-1,-1,0.499,0.406,-1,-1,-1,-1,-0.957,-1,-1,-1,-1,-1,-1,-1,-1,-0.159,0.977,-0.617,-1,-1,-1,-0.98,0.045,-1,-1,-1,-1,-1,-1,-1,-0.917,0.819,0.473,-1,-1,-1,-1,-0.374,0.627,-1,-1,-1,-1,-1,-1,-1,-0.041,0.89,-0.785,-1,-1,-1,-0.989,0.498,0.352,-1,-1,-1,-1,-1,-1,-0.786,0.896,0.084,-1,-1,-1,-1,-0.485,1,-0.567,-1,-1,-1,-1,-1,-1,0.217,0.828,-0.88,-1,-1,-1,-1,0.434,0.867,-0.983,-1,-1,-1,-1,-1,-1,0.673,0.62,-0.304,-0.574,-0.644,-0.131,0.11,0.97,0.858,-0.894,-1,-1,-1,-1,-1,-1,-0.553,0.805,1,1,1,1,1,0.788,-0.583,-1,-1,-1,-1,-1,-1,-1,-1,-0.929,-0.58,-0.277,-0.357,-0.392,1,-0.236,-1,-1,-1,-1,-1,-1,-1,-1,-1,-1,-1,-1,-1,0.219,0.802,-0.935,-1,-1,-1,-1,-1,-1,-1,-1,-1,-1,-1,-1,-0.828,0.879,-0.067,-1,-1,-1,-1,-1,-1,-1,-1,-1,-1,-1,-1,-1,-0.066,0.807,-0.851,-1,-1,-1,-1,-1,-1,-1,-1,-1,-1,-1,-1,-0.938,0.733,0.399,-1,-1,-1,-1,-1,-1,-1,-1,-1,-1,-1,-1,-1,-0.221,0.999,-0.433,-1,-1,-1,-1,-1,-1,-1,-1,-1,-1,-1,-1,-1,0.162,0.314,-1,-1,-1,-1,-1,-1,-1,-1
"353",-1,-1,-1,-1,-1,-1,-1,-1,-1,-0.31,0.394,-0.993,-1,-1,-1,-1,-1,-1,-1,-1,-1,-1,-1,-1,-1,-0.215,0.669,-0.965,-1,-1,-1,-1,-1,-1,-1,-1,-1,-1,-1,-1,-1,-0.182,1,-0.407,-1,-1,-1,-1,-1,-0.938,-1,-1,-1,-1,-1,-1,-1,-0.236,1,-0.128,-1,-1,-1,-1,-0.68,0.836,-0.663,-1,-1,-1,-1,-1,-1,-0.29,1,-0.136,-1,-1,-1,-1,-0.202,1,0.131,-1,-1,-1,-1,-1,-1,-0.083,1,-0.319,-1,-1,-1,-1,0.504,1,-0.388,-1,-1,-1,-1,-1,-1,0.362,1,-0.277,-1,-1,-1,-1,0.631,0.988,-0.772,-1,-1,-1,-1,-1,-1,0.315,1,-0.529,-1,-1,-1,-1,0.664,0.927,-0.943,-1,-1,-1,-1,-1,-0.905,0.889,0.998,-0.76,-1,-1,-0.601,-0.526,0.698,0.894,-0.981,-1,-0.972,-0.583,-0.552,-0.414,0,0.998,0.988,0.311,0.284,0.412,0.935,0.666,0.157,1,0.639,0.613,0.939,1,1,1,1,1,1,0.754,0.721,0.786,0.451,-0.153,-0.977,0.158,0.919,1,0.999,0.632,0.089,-0.361,0.238,1,0.33,-0.978,-0.991,-0.973,-1,-1,-1,-1,-0.905,-0.852,-0.852,-0.989,-1,-1,-0.247,1,0.095,-1,-1,-1,-1,-1,-1,-1,-1,-1,-1,-1,-1,-1,-0.214,1,-0.113,-1,-1,-1,-1,-1,-1,-1,-1,-1,-1,-1,-1,-1,-0.356,1,-0.146,-1,-1,-1,-1,-1,-1,-1,-1,-1,-1,-1,-1,-1,-0.98,0.337,-0.004,-1,-1,-1,-1,-1
"354",-1,-1,-1,-1,-1,-1,-0.728,0.895,-0.025,-1,-1,-1,-1,-1,-1,-1,-1,-1,-1,-1,-1,-0.995,0.43,1,-0.328,-1,-1,-1,-1,-0.985,-0.457,-0.987,-1,-1,-1,-1,-1,-0.29,1,0.533,-0.91,-1,-1,-1,-0.96,0.217,1,-0.653,-1,-1,-1,-1,-0.749,0.928,0.989,-0.322,-1,-1,-1,-1,-0.334,1,0.483,-0.973,-1,-1,-1,-0.667,0.768,1,0.237,-1,-1,-1,-1,-0.938,0.749,1,-0.477,-1,-1,-1,-0.212,0.828,1,0.329,-0.956,-1,-1,-1,-1,-0.191,1,0.733,-0.893,-1,-1,-0.225,0.987,1,0.9,0.131,-0.358,-0.474,-0.92,-1,-0.966,0.74,1,-0.124,-1,-1,-0.786,0.903,1,1,1,1,1,1,0.971,0.706,0.595,1,0.884,-0.792,-1,-1,-1,-0.128,0.083,0.251,0.403,0.403,0.616,0.965,0.99,1,1,1,0.96,0.139,-1,-1,-1,-1,-1,-1,-1,-1,-1,-1,-0.625,0.131,1,0.957,0.649,-0.016,-1,-1,-1,-1,-1,-1,-1,-1,-1,-1,-0.824,0.713,1,0.321,-1,-1,-1,-1,-1,-1,-1,-1,-1,-1,-1,-1,-0.113,1,0.776,-0.886,-1,-1,-1,-1,-1,-1,-1,-1,-1,-1,-1,-0.955,0.672,1,-0.018,-1,-1,-1,-1,-1,-1,-1,-1,-1,-1,-1,-1,-0.013,1,0.799,-0.892,-1,-1,-1,-1,-1,-1,-1,-1,-1,-1,-1,-0.028,0.99,0.936,-0.688,-1,-1,-1,-1,-1,-1,-1,-1,-1,-1,-1,-1,0.462,0.684,-0.512,-1,-1,-1,-1,-1,-1,-1
"355",-1,-1,-1,-1,-1,-1,-0.564,-0.054,-1,-1,-1,-0.364,-0.774,-1,-1,-1,-1,-1,-1,-1,-1,-1,-0.277,0.992,-0.807,-1,-1,0.235,-0.218,-1,-1,-1,-1,-1,-1,-1,-1,-1,0.07,1,-0.662,-1,-0.964,0.845,0.277,-1,-1,-1,-1,-1,-1,-1,-1,-0.802,0.824,0.692,-0.894,-1,-0.566,1,0.023,-1,-1,-1,-1,-1,-1,-1,-0.99,0.45,1,-0.189,-1,-1,0.095,1,-0.644,-1,-1,-1,-1,-1,-1,-1,-0.089,1,0.98,0.032,0.015,0.015,0.786,0.987,-0.829,-1,-1,-1,-1,-1,-1,-0.592,0.948,1,1,1,1,1,1,0.912,-0.687,-1,-1,-1,-1,-1,-1,0.222,1,0.663,-0.383,-0.672,-0.672,0.133,1,-0.269,-1,-1,-1,-1,-1,-1,-1,-0.929,-0.422,-0.964,-1,-1,-0.99,0.541,0.956,-0.857,-1,-1,-1,-1,-1,-1,-1,-1,-1,-1,-1,-1,-0.971,0.917,0.332,-1,-1,-1,-1,-1,-1,-1,-1,-1,-1,-1,-1,-1,-0.526,0.998,-0.142,-1,-1,-1,-1,-1,-1,-1,-1,-1,-1,-1,-1,-1,0.039,1,-0.468,-1,-1,-1,-1,-1,-1,-1,-1,-1,-1,-1,-1,-1,0.364,0.83,-0.965,-1,-1,-1,-1,-1,-1,-1,-1,-1,-1,-1,-1,-0.96,0.877,0.355,-1,-1,-1,-1,-1,-1,-1,-1,-1,-1,-1,-1,-1,-0.84,0.968,-0.17,-1,-1,-1,-1,-1,-1,-1,-1,-1,-1,-1,-1,-1,-0.863,0.86,-0.11,-1,-1,-1,-1,-1,-1
"356",-1,-1,-1,-1,-1,-1,-1,-1,-1,-1,-0.156,0.75,-0.387,-1,-1,-1,-1,-1,-1,-1,-1,-1,-1,-1,-1,-0.987,0.693,1,0.015,-1,-1,-1,-1,-1,-1,-1,-0.503,0.082,-0.92,-1,-1,-0.632,0.99,0.992,-0.628,-1,-1,-1,-1,-1,-1,-1,0.467,0.984,-0.503,-1,-1,0.01,1,0.696,-0.985,-1,-1,-1,-1,-1,-1,-0.999,0.619,0.985,-0.795,-1,-1,0.24,1,0.344,-1,-1,-1,-1,-1,-1,-1,-0.983,0.756,1,-0.705,-1,-1,0.548,1,-0.085,-1,-1,-1,-1,-1,-1,-1,-0.662,0.957,0.976,-0.84,-0.333,-0.007,0.905,1,-0.418,-1,-1,-1,-1,-1,-1,-1,-0.397,1,1,0.846,0.982,1,1,0.947,-0.501,-1,-1,-1,-1,-1,-1,-1,0.169,1,1,0.865,0.317,-0.256,0.993,0.785,-0.991,-1,-1,-1,-1,-1,-1,-1,-0.261,0.964,0.537,-0.846,-1,-0.915,0.946,0.786,-0.99,-1,-1,-1,-1,-1,-1,-1,-1,-0.749,-0.89,-1,-1,-0.798,0.991,0.937,-0.933,-1,-1,-1,-1,-1,-1,-1,-1,-1,-1,-1,-1,-0.986,0.833,0.694,-0.997,-1,-1,-1,-1,-1,-1,-1,-1,-1,-1,-1,-1,-1,0.501,0.949,-0.916,-1,-1,-1,-1,-1,-1,-1,-1,-1,-1,-1,-1,-1,0.155,0.947,-0.894,-1,-1,-1,-1,-1,-1,-1,-1,-1,-1,-1,-1,-1,-0.504,0.987,-0.498,-1,-1,-1,-1,-1,-1,-1,-1,-1,-1,-1,-1,-1,-1,-0.167,0.24,-1,-1,-1,-1
"357",-1,-1,-1,-1,-1,-1,-1,-1,-1,-1,0.164,0.904,-0.319,-1,-1,-1,-1,-1,-1,-1,-1,-0.621,0.308,-0.938,-1,-0.617,0.988,0.621,-0.741,-1,-1,-1,-1,-1,-1,-1,-1,0.452,1,-0.702,-1,0.202,1,-0.077,-1,-1,-1,-1,-1,-1,-1,-1,-0.848,0.881,0.592,-1,-0.998,0.782,0.998,-0.782,-1,-1,-1,-1,-1,-1,-1,-1,-0.51,1,0.01,-1,-0.51,1,0.635,-1,-1,-1,-1,-1,-1,-1,-1,-1,0.196,1,-0.446,-0.725,-0.079,1,0.054,-1,-1,-1,-1,-1,-1,-1,-1,-0.954,0.856,1,1,1,1,1,0.621,-0.524,-1,-1,-1,-1,-1,-1,-1,-0.266,1,1,0.934,0.376,0.69,1,0.684,-0.043,-1,-1,-1,-1,-1,-1,-1,0.065,1,0.181,-0.997,-1,0.44,1,-0.69,-1,-1,-1,-1,-1,-1,-1,-1,-0.971,-0.529,-1,-1,-1,0.397,0.96,-0.857,-1,-1,-1,-1,-1,-1,-1,-1,-1,-1,-1,-1,-1,0.603,0.766,-0.994,-1,-1,-1,-1,-1,-1,-1,-1,-1,-1,-1,-1,-1,0.559,0.813,-0.997,-1,-1,-1,-1,-1,-1,-1,-1,-1,-1,-1,-1,-1,0.641,0.734,-1,-1,-1,-1,-1,-1,-1,-1,-1,-1,-1,-1,-1,-1,0.347,0.768,-0.99,-1,-1,-1,-1,-1,-1,-1,-1,-1,-1,-1,-1,-1,0.053,0.899,-0.952,-1,-1,-1,-1,-1,-1,-1,-1,-1,-1,-1,-1,-1,-0.849,0.609,0.49,-1,-1,-1,-1,-1
"358",-1,-1,-1,-1,-0.876,-0.67,-0.67,0.123,-0.043,-0.915,-1,-1,-1,-1,-1,-1,-1,-1,-1,-1,0.278,1,1,1,1,0.534,-0.744,-1,-1,-1,-1,-1,-1,-1,-1,0.375,0.971,1,1,1,1,1,0.864,-0.436,-0.997,-1,-1,-1,-1,-1,-1,0.493,1,1,1,1,0.797,0.841,1,1,0.036,-0.93,-1,-1,-1,-1,-0.457,0.952,1,1,1,-0.12,-0.754,-0.732,0.619,1,1,0.03,-1,-1,-1,-0.861,0.755,1,1,1,0.002,-0.98,-1,-1,-0.665,0.671,1,0.989,-0.342,-1,-1,0.246,1,1,1,0.257,-0.809,-1,-1,-1,-1,-0.78,0.772,1,0.686,-1,-0.407,0.962,1,1,0.752,-0.878,-1,-1,-1,-1,-1,-1,-0.27,1,1,-0.673,0.154,1,1,1,-0.435,-1,-1,-1,-1,-1,-1,-1,-0.068,1,1,-0.031,0.578,1,1,0.791,-0.825,-1,-1,-1,-1,-1,-1,-1,0.175,1,1,0.61,0.334,1,1,0.41,-1,-1,-1,-1,-1,-1,-0.98,0.3,0.959,1,1,0.06,0.138,1,1,0.778,-0.469,-1,-1,-1,-1,-0.755,-0.127,1,1,1,0.6,-0.94,-0.839,0.674,1,1,0.931,0.571,0.571,0.571,0.571,0.796,1,1,1,0.153,-0.771,-1,-1,-0.79,0.485,1,1,1,1,1,1,1,1,1,0.255,-0.983,-1,-1,-1,-1,-0.979,0.055,0.979,1,1,1,1,1,0.889,0.081,-0.844,-1,-1,-1,-1,-1,-1,-1,-0.705,0.133,0.173,0.173,0.173,-0.451,-0.719,-1,-1,-1,-1,-1
"359",-1,-1,-1,-1,-0.805,0.348,1,0.836,-0.303,-0.995,-1,-1,-1,-1,-1,-1,-1,-1,-1,-1,0.117,1,1,1,1,0.348,-0.755,-1,-1,-1,-1,-1,-1,-1,-1,-1,-0.226,1,0.715,-0.157,0.657,1,0.895,-0.38,-1,-1,-1,-1,-1,-1,-1,-1,-0.371,1,1,0.454,-0.721,0.821,1,0.81,-0.828,-1,-1,-1,-1,-1,-1,-0.805,0.611,1,0.845,-0.634,-1,-0.771,0.808,1,0.704,-0.924,-1,-1,-1,-1,-0.697,0.87,1,0.985,-0.349,-1,-1,-1,-0.033,1,1,0.116,-1,-1,-1,-1,-0.859,0.622,1,0.63,-0.972,-1,-1,-1,-0.928,0.56,1,0.895,-0.709,-1,-1,-1,0.337,1,1,0.01,-1,-1,-1,-1,-1,-0.175,1,1,-0.272,-1,-1,-0.846,0.898,1,0.73,-0.964,-1,-1,-1,-1,-1,-0.97,0.923,1,-0.061,-1,-1,-0.3,1,1,0.382,-1,-1,-1,-1,-1,-1,-0.771,0.975,1,-0.577,-1,-1,-0.048,1,1,-0.134,-1,-1,-1,-1,-1,-1,-0.712,0.97,0.846,-0.939,-1,-1,-0.458,1,1,0.276,-1,-1,-1,-1,-1,-1,0.171,1,0.85,-0.929,-1,-1,-0.904,0.574,1,0.838,-0.491,-1,-1,-0.955,-0.454,0.344,1,1,0.206,-1,-1,-1,-1,-0.684,0.886,1,0.942,0.818,0.818,0.827,1,1,1,0.435,-0.935,-1,-1,-1,-1,-1,-0.597,0.402,0.937,1,1,1,1,0.964,0.273,-0.972,-1,-1,-1,-1,-1,-1,-1,-1,-0.526,0.272,0.272,0.801,0.272,-0.416,-1,-1,-1,-1,-1
"360",-1,-1,-1,-1,-1,-1,-1,-1,-1,-0.198,-0.994,-1,-1,-1,-1,-1,-1,-1,-1,-1,-1,-1,-1,-1,-1,0.267,-0.12,-1,-1,-1,-1,-1,-1,-1,-1,-1,-1,-1,-1,-1,-1,0.366,0.954,-0.578,-1,-1,-1,-1,-1,-1,-1,-1,-1,-1,-1,-1,-1,0.524,1,0.479,-1,-1,-1,-1,-1,-1,-0.783,-0.1,-0.876,-1,-1,-1,-1,0.535,1,0.518,-1,-1,-1,-1,-1,-1,-0.129,1,0.448,-0.985,-1,-1,-0.997,0.611,1,0.498,-1,-1,-1,-1,-1,-1,-0.454,1,0.789,-0.903,-1,-1,-1,0.486,1,0.804,-0.982,-1,-1,-1,-1,-1,-0.099,1,0.857,-0.952,-1,-1,-1,0.428,1,0.878,-0.938,-1,-1,-1,-1,-1,-0.108,1,0.963,-0.881,-1,-1,-1,0.418,1,0.98,-0.853,-1,-1,-1,-1,-1,0.424,1,0.936,-0.894,-1,-1,-0.835,0.884,1,1,0.571,-0.494,-1,-1,-1,-0.948,0.697,1,0.951,0.239,0.228,0.228,0.694,1,1,1,1,0.841,-0.914,-1,-1,-0.928,0.914,1,1,1,1,1,1,1,1,0.998,-0.328,-0.679,-1,-1,-1,-0.94,0.631,1,0.996,0.825,0.982,0.65,-0.335,0.242,1,0.985,-0.722,-1,-1,-1,-1,-1,-0.937,-0.216,0.239,-0.959,-0.693,-0.873,-1,-0.456,1,1,0.361,-0.996,-1,-1,-1,-1,-1,-1,-1,-1,-1,-1,-1,-0.89,0.745,1,0.98,-0.482,-1,-1,-1,-1,-1,-1,-1,-1,-1,-1,-1,-1,-0.577,0.797,0.247,-0.991,-1,-1
"361",-1,-1,-1,-1,-1,-1,-1,-1,-1,-1,-1,0.15,-0.52,-1,-1,-1,-1,-1,-1,-1,-1,-0.344,-0.835,-1,-1,-1,-0.718,0.925,-0.924,-1,-1,-1,-1,-1,-1,-1,-0.711,0.952,-0.307,-1,-1,-1,-0.056,0.79,-0.999,-1,-1,-1,-1,-1,-1,-1,0.202,0.818,-0.79,-1,-1,-1,0.42,0.23,-1,-1,-1,-1,-1,-1,-1,-0.428,0.969,0.025,-1,-1,-1,-0.883,0.927,0.112,-1,-1,-1,-1,-1,-1,-0.884,0.722,0.751,-0.959,-1,-1,-1,-0.416,1,-0.301,-1,-1,-1,-1,-1,-1,-0.002,1,-0.327,-1,-1,-1,-1,0.133,0.997,-0.586,-1,-1,-1,-1,-1,-0.633,0.906,0.652,-0.309,-0.179,-0.418,-0.971,-1,0.736,0.776,-0.988,-1,-1,-1,-1,-0.959,0.656,1,1,1,1,1,0.97,0.525,1,0.164,-1,-1,-0.931,-0.054,-0.826,-0.776,0.906,0.646,-0.179,-0.865,-0.949,-0.896,-0.427,0.686,1,0.977,0.865,0.538,0.863,0.721,-0.955,-1,-0.725,-0.917,-1,-1,-1,-1,-0.989,0.754,0.729,-0.227,0.175,-0.077,-0.39,-0.928,-1,-1,-1,-1,-1,-1,-1,-1,-0.482,0.997,0.062,-1,-1,-1,-1,-1,-1,-1,-1,-1,-1,-1,-1,-1,0.285,0.94,-0.649,-1,-1,-1,-1,-1,-1,-1,-1,-1,-1,-1,-1,-0.93,0.881,0.415,-1,-1,-1,-1,-1,-1,-1,-1,-1,-1,-1,-1,-1,-0.689,1,0.234,-1,-1,-1,-1,-1,-1,-1,-1,-1,-1,-1,-1,-1,-0.881,0.827,-0.264,-1,-1,-1,-1,-1,-1,-1
"362",-1,-1,-1,-1,-1,-1,-0.606,-0.906,-1,-0.701,0.155,-0.744,-1,-1,-1,-1,-1,-1,-1,-1,-1,-1,-0.094,0.479,-0.938,-0.982,0.664,0.817,-0.705,-1,-1,-1,-1,-1,-1,0.097,0.962,0.062,-0.72,0.794,-0.834,-1,-0.225,1,0.755,-0.877,-1,-1,-1,-1,-1,0.537,1,1,0.612,0.897,-0.009,-1,-0.835,0.946,1,-0.214,-1,-1,-1,-1,-0.192,0.902,1,1,1,0.524,-0.46,-1,-1,0.448,1,0.678,-0.984,-1,-1,-0.754,0.761,1,1,1,0.945,-0.3,-1,-1,-1,0.519,1,1,-0.398,-1,-0.902,0.205,1,1,1,1,0.204,-0.978,-1,-1,-1,-0.021,1,1,0.792,-0.915,-0.75,0.981,1,1,1,0.952,-0.41,-1,-1,-1,-1,-0.523,0.961,1,0.962,-0.544,-0.084,0.999,1,1,0.979,-0.1,-1,-1,-1,-1,-1,-0.868,0.888,1,1,0.203,0.354,1,1,1,0.933,-0.86,-1,-1,-1,-1,-1,-0.785,0.755,1,1,0.499,0.426,1,1,1,0.553,-0.919,-1,-1,-1,-1,-1,-0.705,0.992,1,1,0.427,0.497,1,1,1,-0.05,-1,-1,-1,-1,-0.848,-0.713,-0.65,0.57,1,0.889,-0.269,-0.408,0.997,1,1,0.614,-0.186,0.071,-0.427,-0.425,0.482,1,0.895,0.072,-0.29,-0.535,-1,-1,-0.054,0.999,1,1,1,1,1,1,1,1,1,1,0.716,-0.808,-1,-1,-1,-0.683,-0.042,0.706,0.992,1,1,1,1,1,1,0.923,0.712,0.054,-1,-1,-1,-1,-1,-1,-0.556,-0.293,0.424,0.426,0.426,0.426,0.045,-0.474,-0.995,-1,-1
"363",-1,-1,-1,-1,-1,-1,-1,-1,-1,-1,-1,-1,-1,-1,-1,-1,-1,-1,-1,-1,-1,-1,-1,-1,-1,-1,-1,-1,-1,-1,-1,-1,-1,-1,-1,-1,-1,-1,-1,-1,-1,-1,-1,-1,-1,-1,-1,-1,-1,-1,-1,-1,-1,-1,-1,-1,-1,-1,-1,-1,-1,-1,-1,-1,-1,-0.837,-0.557,-1,-1,-1,-1,-1,-1,-1,-1,-0.699,-0.07,-0.217,-1,-1,-0.939,0.253,0.929,-0.92,-1,-1,-1,-1,-1,-0.687,0.284,0.964,0.374,-0.73,-1,-1,-0.035,1,-0.24,-1,-1,-1,-1,-0.902,0.061,0.929,0.934,-0.313,-0.973,-1,-1,-1,0.696,0.441,-0.986,-1,-1,-1,-0.905,0.602,0.995,0.152,-0.855,-1,-1,-1,-1,-1,0.27,0.582,-0.209,-0.386,-0.386,-0.749,0.392,1,0.482,-0.146,-0.086,-0.086,-0.326,-0.386,-0.754,-0.907,-0.954,-0.117,0.667,0.865,1,0.973,1,0.845,0.811,0.811,0.811,0.811,0.811,0.81,0.625,0.195,-1,-1,-1,-0.963,-0.477,0.889,-0.263,-0.963,-1,-1,-1,-1,-1,-1,-1,-1,-1,-1,-1,-1,-0.709,-0.245,-1,-1,-1,-1,-1,-1,-1,-1,-1,-1,-1,-1,-1,-1,-1,-1,-1,-1,-1,-1,-1,-1,-1,-1,-1,-1,-1,-1,-1,-1,-1,-1,-1,-1,-1,-1,-1,-1,-1,-1,-1,-1,-1,-1,-1,-1,-1,-1,-1,-1,-1,-1,-1,-1,-1,-1,-1,-1,-1,-1,-1,-1,-1,-1,-1,-1,-1,-1,-1,-1,-1,-1,-1,-1
"364",-1,-1,-1,-1,-1,-0.986,0.549,0.79,-0.59,-1,-1,-1,-1,-1,-1,-1,-1,-1,-1,-1,-1,0.02,1,1,0.915,0.07,-0.978,-1,-1,-1,-1,-1,-1,-1,-1,-1,-0.929,0.907,1,1,0.493,0.87,0.459,-0.839,-1,-1,-1,-1,-1,-1,-1,-1,-0.23,1,0.831,0.036,-0.934,-0.724,0.782,0.375,-1,-1,-1,-1,-1,-1,-1,-0.918,0.785,1,-0.023,-1,-1,-1,-0.143,1,-0.562,-1,-1,-1,-1,-1,-1,-0.23,1,0.947,-0.706,-1,-1,-1,-0.877,0.976,-0.026,-1,-1,-1,-1,-1,-1,0.23,1,0.255,-1,-1,-1,-1,-1,0.562,0.511,-1,-1,-1,-1,-1,-1,0.579,1,-0.316,-1,-1,-1,-1,-1,0.468,0.963,-0.916,-1,-1,-1,-1,-0.934,0.945,1,-0.775,-1,-1,-1,-1,-1,0.541,1,-0.776,-1,-1,-1,-1,-0.735,0.984,0.908,-0.922,-1,-1,-1,-1,-1,0.502,0.995,-0.732,-1,-1,-1,-1,-0.678,1,0.826,-0.995,-1,-1,-1,-1,-0.815,0.888,0.848,-0.962,-1,-1,-1,-1,-0.858,0.976,0.738,-0.98,-1,-1,-1,-0.989,0.463,1,0.093,-1,-1,-1,-1,-1,-0.999,0.58,0.958,-0.774,-1,-1,-1,-0.263,1,0.859,-0.862,-1,-1,-1,-1,-1,-1,-0.373,0.974,0.163,-0.999,-0.859,0.098,0.951,0.985,-0.223,-1,-1,-1,-1,-1,-1,-1,-1,-0.115,0.989,0.588,0.859,1,0.907,-0.322,-0.999,-1,-1,-1,-1,-1,-1,-1,-1,-1,-0.181,0.802,1,0.622,-0.711,-1,-1,-1,-1,-1,-1
"365",-1,-1,-1,-1,-1,-0.231,0.986,0.619,-0.412,-0.939,-1,-1,-1,-1,-1,-1,-1,-1,-1,-1,-1,0.125,1,1,1,0.582,-0.705,-1,-1,-1,-1,-1,-1,-1,-1,-1,-0.961,0.613,1,0.283,-0.325,0.694,0.902,-0.653,-1,-1,-1,-1,-1,-1,-1,-1,-0.154,1,0.966,-0.29,-1,-0.748,0.931,0.482,-0.931,-1,-1,-1,-1,-1,-1,-0.476,0.864,1,0.186,-1,-1,-1,0.271,1,-0.199,-1,-1,-1,-1,-1,-1,0.265,1,0.925,-0.848,-1,-1,-1,-0.524,1,0.596,-1,-1,-1,-1,-1,-0.853,0.952,1,0.362,-0.992,-1,-1,-1,-0.996,0.677,1,-0.609,-1,-1,-1,-1,-0.406,1,1,-0.612,-1,-1,-1,-1,-1,0.14,1,-0.068,-1,-1,-1,-1,-0.217,1,0.834,-0.963,-1,-1,-1,-1,-1,0.329,1,-0.098,-1,-1,-1,-1,-0.102,1,0.756,-1,-1,-1,-1,-1,-0.99,0.667,0.998,-0.592,-1,-1,-1,-1,-0.104,1,0.749,-0.991,-1,-1,-1,-1,-0.621,0.952,0.981,-0.795,-1,-1,-1,-1,-0.349,1,0.902,-0.899,-1,-1,-1,-0.977,0.522,1,0.645,-0.954,-1,-1,-1,-1,-0.959,0.816,1,-0.202,-1,-1,-0.787,0.225,1,0.983,-0.158,-1,-1,-1,-1,-1,-1,-0.129,1,0.751,-0.288,-0.081,0.89,1,0.995,0.273,-0.997,-1,-1,-1,-1,-1,-1,-0.996,0.151,1,1,1,1,1,0.216,-0.996,-1,-1,-1,-1,-1,-1,-1,-1,-0.991,-0.53,0.384,1,0.696,-0.201,-0.949,-1,-1,-1,-1,-1
"366",-1,-1,-1,-1,-1,-0.797,0.519,1,1,0.826,-0.654,-1,-1,-1,-1,-1,-1,-1,-1,-1,-0.502,0.781,1,0.877,0.181,0.712,0.648,-1,-1,-1,-1,-1,-1,-1,-1,-0.577,0.878,1,0.428,-0.794,-0.956,0.458,1,-0.413,-0.521,-1,-1,-1,-1,-1,-0.845,0.86,1,0.183,-0.992,-1,-0.9,1,1,1,0.994,0.505,-0.882,-1,-1,-1,0.262,1,0.259,-0.976,-1,-1,-0.982,0.609,0.602,-0.369,0.591,1,0.139,-1,-1,-0.14,0.98,0.679,-0.951,-1,-1,-1,-1,-0.9,-0.861,-1,-0.659,1,0.791,-0.906,-0.43,0.984,1,-0.508,-1,-1,-1,-1,-1,-1,-1,-1,-0.993,0.553,1,-0.152,0.54,1,0.588,-0.967,-1,-1,-1,-1,-1,-1,-1,-1,-1,-0.391,1,0.526,0.784,1,-0.285,-1,-1,-1,-1,-1,-1,-1,-1,-1,-1,-0.983,0.994,0.611,0.699,1,-0.449,-1,-1,-1,-1,-1,-1,-1,-1,-1,-1,-1,0.926,0.332,0.351,1,0.297,-1,-1,-1,-1,-1,-1,-1,-1,-1,-1,-0.602,0.966,0.783,-0.395,1,0.945,-0.583,-1,-1,-1,-1,-1,-1,-1,-1,-1,0.281,1,0.549,-0.979,0.086,1,0.87,-0.16,-0.984,-1,-1,-1,-1,-1,-0.98,0.023,0.964,0.861,-0.639,-1,-0.896,0.426,0.987,1,0.682,0.03,-0.773,-0.773,-0.222,-0.17,0.618,1,0.864,-0.243,-1,-1,-1,-1,-0.085,0.873,1,1,1,1,1,1,1,0.622,-0.558,-1,-1,-1,-1,-1,-1,-0.825,-0.208,0.308,0.597,1,0.867,0.381,-0.47,-0.913,-1,-1,-1
"367",-1,-1,-1,-1,-1,-1,-1,-1,-1,-1,0.519,-0.119,-1,-1,-1,-1,-1,-1,-1,-1,-1,-1,-1,-1,-1,-0.987,0.808,0.219,-1,-1,-1,-1,-1,-1,-1,-1,-1,-1,-1,-1,-1,-0.793,0.997,0.236,-1,-1,-1,-1,-1,-1,-1,-1,-1,-1,-1,-1,-1,-0.734,1,0.254,-1,-1,-1,-1,-1,-1,-1,-1,-1,-1,-1,-1,-1,-0.671,1,0.431,-1,-1,-1,-1,-1,-1,-1,-1,-0.995,-0.242,-0.642,-1,-1,-0.529,1,0.369,-1,-1,-1,-1,-1,-1,-1,-1,-0.547,1,0.067,-1,-1,-0.547,1,0.307,-1,-1,-1,-1,-1,-1,-1,-1,0.236,0.882,-0.757,-1,-1,-0.721,0.997,0.404,-1,-1,-1,-1,-1,-1,-1,-1,0.538,0.884,-0.902,-1,-0.934,-0.168,1,0.502,-1,-1,-1,-1,-1,-1,-1,-1,-0.774,0.534,1,1,1,1,1,0.599,-1,-1,-1,-1,-1,-1,-1,-1,-1,-0.985,-0.396,-0.196,-0.045,0.044,1,0.377,-1,-1,-1,-1,-1,-1,-1,-1,-1,-1,-1,-1,-1,-0.155,1,0.235,-1,-1,-1,-1,-1,-1,-1,-1,-1,-1,-1,-1,-1,-0.252,1,0.012,-1,-1,-1,-1,-1,-1,-1,-1,-1,-1,-1,-1,-1,-0.19,1,0.11,-1,-1,-1,-1,-1,-1,-1,-1,-1,-1,-1,-1,-1,-0.448,1,0.287,-1,-1,-1,-1,-1,-1,-1,-1,-1,-1,-1,-1,-1,-0.996,0.25,0.545,-1,-1,-1,-1
"368",-1,-1,-1,-1,-1,-1,-1,-1,-1,-1,-1,-1,-0.622,0.65,-0.45,-1,-1,-1,-0.36,0.091,-0.483,-1,-1,-1,-1,-1,-1,-0.978,0.699,1,-0.16,-1,-1,-0.902,0.895,1,0.92,-0.633,-1,-1,-1,-1,-1,-0.354,0.976,0.998,-0.661,-1,-1,-0.636,1,0.989,-0.403,-0.991,-1,-1,-1,-1,-1,0.257,1,0.916,-0.818,-1,-1,-0.595,1,0.694,-1,-1,-1,-1,-1,-1,-0.909,0.868,1,0.595,-1,-1,-1,-0.621,1,0.989,-0.873,-1,-1,-1,-1,-1,-0.538,1,1,0.091,-1,-1,-1,-0.382,1,0.966,-0.758,-1,-1,-0.934,-0.818,-0.652,0.164,1,1,-0.478,-1,-1,-1,-0.143,1,1,0.476,0.455,0.455,0.631,1,1,1,1,0.55,-0.929,-1,-1,-1,-0.565,1,1,1,1,1,1,0.874,0.73,1,1,-0.543,-1,-1,-1,-1,-0.981,-0.134,0.938,0.864,0.636,0.19,-0.527,-0.849,0.529,1,0.715,-0.893,-1,-1,-1,-1,-1,-1,-0.713,-0.759,-1,-1,-1,-0.825,0.928,1,-0.343,-1,-1,-1,-1,-1,-1,-1,-1,-1,-1,-1,-1,-0.129,1,0.888,-0.867,-1,-1,-1,-1,-1,-1,-1,-1,-1,-1,-1,-1,0.572,1,0.056,-1,-1,-1,-1,-1,-1,-1,-1,-1,-1,-1,-1,-0.756,0.964,1,-0.448,-1,-1,-1,-1,-1,-1,-1,-1,-1,-1,-1,-1,-0.553,1,1,0.752,-0.984,-1,-1,-1,-1,-1,-1,-1,-1,-1,-1,-1,-0.934,0.694,0.907,-0.172,-1,-1,-1,-1,-1
"369",-1,-1,-1,-1,-1,-1,-1,-0.306,0.719,-0.765,-1,-1,-1,-1,-1,-1,-1,-1,-1,-1,-1,-1,-1,0.509,1,-0.046,-1,-1,-1,-1,-1,-1,-1,-1,-1,-1,-1,-1,-1,0.453,1,0.118,-1,-1,-1,-1,-1,-1,-1,-1,-1,-1,-1,-1,-0.808,0.931,1,0.174,-1,-1,-1,-1,-1,-1,-1,-1,-1,-1,-1,-1,-0.57,1,1,0.23,-1,-1,-1,-1,-1,-1,-1,-1,-1,-1,-1,-1,-0.191,1,1,0.286,-1,-1,-1,-1,-1,-1,-1,-1,-1,-1,-1,-1,0.044,1,1,-0.058,-1,-1,-1,-1,-1,-1,-1,-1,-1,-1,-1,-1,0.278,1,0.678,-0.913,-1,-1,-1,-1,-1,-1,-1,-1,-1,-1,-1,-1,0.223,1,0.639,-1,-1,-1,-1,-1,-1,-1,-1,-1,-1,-1,-1,-1,0.457,1,0.693,-0.998,-1,-1,-1,-1,-1,-1,-1,-1,-1,-1,-1,-1,-0.143,1,0.711,-0.997,-1,-1,-1,-1,-1,-1,-1,-1,-1,-1,-1,-1,-0.126,1,0.693,-0.996,-1,-1,-1,-1,-1,-1,-1,-1,-1,-1,-1,-1,-0.782,0.983,1,-0.63,-1,-1,-1,-1,-1,-1,-1,-1,-1,-1,-1,-1,-1,0.492,1,0.079,-1,-1,-1,-1,-1,-1,-1,-1,-1,-1,-1,-1,-1,-0.828,0.922,0.389,-1,-1,-1,-1,-1,-1,-1,-1,-1,-1,-1,-1,-1,-1,0.022,0.444,-1,-1,-1,-1,-1,-1
"370",-1,-1,-1,-1,-1,-0.986,0.274,1,1,1,1,0.577,-0.758,-1,-1,-1,-1,-1,-1,-1,-1,-0.9,0.95,1,1,1,1,1,0.385,-1,-1,-1,-1,-1,-1,-1,-0.974,-0.264,0.923,1,0.934,0.179,-0.229,1,1,-0.389,-1,-1,-1,-1,-1,-0.987,0.253,1,1,0.706,-0.536,-1,-1,0.695,1,-0.051,-1,-1,-1,-1,-0.988,0.18,0.99,1,0.662,-0.862,-1,-1,-1,-0.215,1,-0.22,-1,-1,-1,-0.7,0.532,0.995,1,0.891,-0.572,-1,-1,-1,-1,-0.787,0.896,0.689,-1,-1,-0.86,0.846,1,1,0.927,-0.376,-1,-1,-1,-1,-1,-1,0.231,1,-0.402,-1,0.192,1,1,0.33,-0.72,-1,-1,-1,-1,-1,-1,-1,-0.705,0.942,0.253,-1,0.436,1,0.689,-0.793,-1,-1,-1,-1,-1,-1,-1,-1,-1,0.339,0.98,-0.828,0.013,1,0.697,-0.992,-1,-1,-1,-1,-1,-1,-1,-1,-1,0.339,1,-0.277,-0.071,1,0.899,-0.93,-1,-1,-1,-1,-1,-1,-1,-1,-1,-0.253,1,0.293,0.564,1,0.92,-0.909,-1,-1,-1,-1,-1,-1,-1,-1,-0.999,0.086,1,0.61,-0.06,1,0.959,-0.663,-1,-1,-1,-1,-1,-1,-1,-0.932,0.026,0.961,1,0.493,-0.975,-0.029,0.977,0.842,-0.136,-0.36,-0.916,-0.927,-0.927,-0.796,0.207,0.833,1,1,0.977,-0.478,-1,-1,-0.613,0.561,1,1,1,1,1,1,1,1,1,0.885,-0.027,-1,-1,-1,-1,-0.961,-0.313,0.396,0.954,1,1,1,0.844,0.418,0.01,-0.647,-1,-1
"371",-1,-1,-1,-1,-1,-1,0.188,0.816,-0.227,-1,-1,-1,-1,-1,-1,-1,-1,-1,-1,-1,-1,-1,-0.119,1,1,0.118,-1,-1,-1,-1,-1,-1,-1,-1,-1,-1,-1,-1,0.241,1,1,0.825,-0.956,-1,-1,-1,-1,-1,-1,-1,-1,-1,-1,-1,0.157,1,0.9,-0.723,-1,-1,-1,-1,-1,-1,-1,-1,-1,-1,-1,-1,0.294,1,1,0.372,-1,-1,-1,-1,-1,-1,-1,-1,-1,-1,-1,-1,0.21,1,1,0.457,-1,-1,-1,-1,-1,-1,-1,-1,-1,-1,-1,-1,0.347,1,1,0.541,-1,-1,-1,-1,-1,-1,-1,-1,-1,-1,-1,-1,0.263,1,1,0.404,-1,-1,-1,-1,-1,-1,-1,-1,-1,-1,-1,-1,0.4,1,1,0.266,-1,-1,-1,-1,-1,-1,-1,-1,-1,-1,-1,-1,0.538,1,1,-0.094,-1,-1,-1,-1,-1,-1,-1,-1,-1,-1,-1,-0.956,0.854,1,1,0.213,-1,-1,-1,-1,-1,-1,-1,-1,-1,-1,-1,-0.978,0.792,1,1,0.297,-1,-1,-1,-1,-1,-1,-1,-1,-1,-1,-1,-1,0.507,1,1,-0.062,-1,-1,-1,-1,-1,-1,-1,-1,-1,-1,-1,-0.998,0.642,1,1,0.022,-1,-1,-1,-1,-1,-1,-1,-1,-1,-1,-1,-0.975,0.534,1,1,0.107,-1,-1,-1,-1,-1,-1,-1,-1,-1,-1,-1,-1,-0.795,0.27,0.888,-0.141,-1,-1,-1,-1,-1,-1
"372",-1,-1,-1,-1,-1,-1,-0.827,-0.673,-1,-1,-1,-1,-1,-1,-1,-1,-1,-0.711,-0.586,-0.586,0.157,0.449,0.597,0.871,-0.152,-0.974,-1,-1,-1,-1,-1,-1,-0.854,0.724,1,1,1,1,1,1,1,0.473,-0.328,-1,-1,-1,-1,-1,-0.643,1,1,1,1,1,1,1,1,1,1,0.348,-0.516,-1,-1,-1,-1,-0.008,0.819,1,1,1,1,1,1,1,1,1,0.965,-0.142,-0.948,-1,-1,-1,-0.924,0.871,1,1,1,1,0.917,0.869,1,1,1,1,-0.115,-1,-1,-1,-0.737,0.993,1,1,1,0.98,-0.427,-0.995,0.148,0.977,1,1,0.724,-0.579,-1,-1,0.1,1,1,1,1,0.769,-0.989,-1,-1,-0.022,1,1,1,0.298,-1,-0.553,0.997,1,1,1,1,-0.064,-1,-1,-1,0.323,1,1,1,0.488,-0.925,0.676,1,1,1,1,0.067,-0.974,-1,-1,-0.307,0.866,1,1,1,0.179,-0.793,0.889,1,1,1,1,-0.252,-0.981,-0.184,-0.069,0.956,1,1,1,0.999,-0.665,0.333,1,1,1,1,1,0.902,0.793,0.983,1,1,1,1,1,0.566,-0.933,0.393,1,1,1,1,1,1,1,1,1,1,1,1,0.907,-0.582,-1,-0.296,1,1,1,1,1,1,1,1,1,1,1,0.463,-0.623,-1,-1,-0.94,-0.067,0.916,1,1,1,1,1,0.647,0.449,0.449,-0.248,-0.902,-1,-1,-1,-1,-1,-0.633,-0.517,-0.517,-0.517,-0.517,-0.517,-0.783,-1,-1,-1,-1,-1,-1,-1
"373",-1,-1,-1,-1,-1,-1,-1,-1,-1,-1,-1,-1,-1,-1,-1,-1,-1,-1,-1,-1,-1,-1,-1,-1,-1,-1,-1,-1,-1,-1,-1,-1,-1,-1,-1,-1,-1,-1,-0.727,0.24,-0.378,-1,-1,-1,-1,-1,-1,-1,-1,-1,-0.998,-0.5,0.305,0.518,0.981,1,0.106,-0.999,-0.86,-0.887,-1,-1,-1,-1,-1,-0.954,0.198,0.995,1,0.597,0.367,0.712,-0.639,0.509,0.993,0.948,0.386,-0.535,-1,-1,-0.999,0.099,1,0.623,-0.484,-0.966,-0.983,-0.891,0.733,0.97,0.682,0.06,0.414,0.984,-0.133,-1,-0.529,0.994,0.586,-0.895,-1,-1,-1,-1,0.333,0.666,-0.715,-1,-0.997,0.117,1,-0.475,0.264,1,-0.399,-1,-1,-1,-1,-1,-0.931,0.091,0.803,-0.916,-1,-0.954,0.923,0.299,0.772,0.915,-0.967,-1,-1,-1,-1,-1,-1,-1,-1,-1,-1,-0.984,0.76,0.739,0.494,0.907,-0.972,-1,-1,-1,-1,-1,-1,-1,-1,-1,-1,-0.133,1,0.129,-0.016,0.992,-0.476,-1,-1,-1,-1,-1,-1,-1,-1,-0.778,0.117,0.981,0.867,-0.738,-0.913,0.541,0.891,0.147,-0.401,-0.688,-0.829,-0.688,-0.688,-0.408,0.48,0.838,1,0.629,-0.533,-1,-1,-0.848,0.292,0.937,1,1,0.937,1,1,1,0.968,0.708,-0.249,-0.907,-1,-1,-1,-1,-1,-0.701,-0.146,0.069,0.306,0.306,0.064,-0.252,-0.842,-1,-1,-1,-1,-1,-1,-1,-1,-1,-1,-1,-1,-1,-1,-1,-1,-1,-1,-1,-1,-1,-1,-1,-1,-1,-1,-1,-1,-1,-1,-1,-1,-1,-1,-1,-1,-1
"374",-1,-1,-1,-1,-1,-1,-1,-1,-1,-1,-1,-1,-1,-1,-1,-1,-1,-1,-1,-1,-1,-0.488,0.06,0.384,0.328,-0.802,-1,-1,-1,-1,-1,-1,-1,-1,-1,-0.766,0.524,0.985,1,1,1,0.642,-0.955,-1,-1,-1,-1,-1,-1,-1,-0.402,0.904,1,0.26,-0.883,-0.81,0.829,0.888,-0.972,-0.539,-0.077,-0.077,-0.702,-1,-1,-0.434,0.957,0.882,-0.298,-0.997,-1,-0.217,0.974,-0.257,-0.429,0.984,1,1,0.765,-0.863,-0.964,0.738,0.971,-0.521,-1,-1,-0.881,0.881,0.221,-1,-0.267,1,0.561,0.236,1,-0.192,-0.358,1,0.327,-1,-1,-1,-0.943,0.282,-0.568,-1,-0.996,-0.105,-0.111,-0.714,0.982,0.456,0.253,1,-0.537,-1,-1,-1,-1,-1,-1,-1,-1,-1,-1,-0.99,0.982,0.846,0.864,1,-0.898,-1,-1,-1,-1,-1,-1,-1,-1,-1,-1,-0.998,0.61,0.862,0.843,1,-0.745,-1,-1,-1,-1,-1,-1,-1,-1,-1,-1,-0.786,1,0.743,0.072,1,0.395,-0.993,-1,-1,-1,-1,-1,-1,-1,-1,-1,-0.282,1,0.01,-0.805,0.707,1,0.124,-0.912,-1,-1,-1,-1,-1,-1,-1,-0.468,0.839,0.861,-0.724,-1,-0.752,0.621,1,0.821,-0.119,-0.656,-0.914,-0.914,-0.541,-0.171,0.322,0.993,0.931,-0.336,-1,-1,-1,-0.914,0.268,0.927,1,1,1,1,1,1,0.964,0.324,-0.724,-1,-1,-1,-1,-1,-1,-0.89,-0.456,-0.072,0.384,0.384,0.087,-0.283,-0.741,-1,-1,-1,-1,-1,-1,-1,-1,-1,-1,-1,-1,-1,-1,-1,-1,-1,-1,-1,-1
"375",-1,-1,-1,-1,-1,-1,-1,-1,-1,-1,-1,-1,-1,-1,-1,-1,-1,-1,-1,-1,-1,-0.494,0.569,-0.801,-1,-1,-1,-1,-1,-1,-1,-1,-1,-1,-1,-1,-0.668,0.952,0.956,-0.824,-1,-1,-1,-1,-1,0.271,-0.271,-1,-1,-1,-1,-0.933,0.46,0.992,-0.12,-0.996,-1,-1,-1,-1,-0.682,0.976,0.25,-1,-1,-1,-0.927,0.269,1,0.092,-1,-1,-1,-1,-1,-1,0.054,1,-0.374,-1,-1,-0.884,0.357,0.977,0.011,-0.978,-1,-1,-1,-1,-1,-0.903,0.835,0.789,-0.914,-1,-0.894,0.395,1,-0.052,-1,-1,-1,-1,-1,-1,-1,0.167,1,-0.146,-1,-1,0.459,1,0.264,-0.924,-0.919,-0.782,-0.591,-0.346,-0.217,0.091,0.443,0.981,1,0.97,0.963,0.371,0.694,1,1,0.856,0.858,1,1,1,1,0.984,1,0.989,0.166,0.091,0.182,0.031,-0.768,-0.104,0.272,0.272,0.234,-0.18,-0.601,-0.601,-0.601,0.079,1,-0.05,-1,-1,-1,-1,-1,-1,-1,-1,-1,-1,-1,-1,-0.984,0.822,0.766,-0.924,-1,-1,-1,-1,-1,-1,-1,-1,-1,-1,-1,-1,-0.331,1,-0.179,-1,-1,-1,-1,-1,-1,-1,-1,-1,-1,-1,-1,-1,0.459,0.691,-0.986,-1,-1,-1,-1,-1,-1,-1,-1,-1,-1,-1,-1,-0.867,0.95,-0.126,-1,-1,-1,-1,-1,-1,-1,-1,-1,-1,-1,-1,-1,-0.946,0.401,-0.749,-1,-1,-1,-1,-1,-1,-1,-1,-1,-1,-1,-1,-1,-1,-1,-1,-1,-1,-1,-1,-1,-1
"376",-1,-1,-1,-1,-1,-1,-0.465,0.842,0.954,-0.147,-1,-1,-1,-1,-1,-1,-1,-1,-1,-1,-1,-0.565,0.775,1,1,0.998,0.004,-1,-1,-1,-1,-1,-1,-1,-1,-1,-1,0.433,1,0.995,0.817,1,0.808,-0.957,-1,-1,-1,-1,-1,-1,-1,-1,-0.999,0.699,1,0.732,-0.05,1,1,-0.315,-1,-1,-1,-1,-1,-1,-1,-1,-0.393,0.983,0.909,-0.675,-0.639,0.856,1,0.519,-1,-1,-1,-1,-1,-1,-1,-0.927,0.682,1,0.011,-1,-1,0.094,1,0.998,-0.645,-1,-1,-1,-1,-1,-1,-0.08,1,0.873,-0.897,-1,-1,-0.378,1,1,0.187,-1,-1,-1,-1,-1,-0.782,0.867,1,0.701,-0.993,-1,-1,-0.76,0.983,1,0.441,-1,-1,-1,-1,-1,-0.646,0.999,1,0.442,-1,-1,-1,-0.918,0.871,1,0.942,-0.87,-1,-1,-1,-1,-0.583,1,1,-0.057,-1,-1,-1,-0.998,0.668,1,0.995,-0.668,-1,-1,-1,-1,-0.446,1,1,-0.252,-1,-1,-1,-1,0.039,1,1,-0.448,-1,-1,-1,-1,-0.527,1,1,-0.084,-1,-1,-1,-1,-0.128,1,1,-0.425,-1,-1,-1,-1,-0.998,0.637,1,0.127,-1,-1,-1,-0.893,0.467,1,0.988,-0.521,-1,-1,-1,-1,-1,-0.195,1,0.906,0.447,0.447,0.447,0.871,1,1,0.473,-0.997,-1,-1,-1,-1,-1,-0.921,0.164,0.99,1,1,1,1,1,0.592,-0.775,-1,-1,-1,-1,-1,-1,-1,-1,-0.416,0.815,1,1,0.547,0.015,-0.938,-1,-1,-1,-1
"377",-1,-1,-1,-1,-1,-1,0.56,0.71,-0.94,-1,-1,-1,-1,-1,-1,-1,-1,-1,-1,-1,-1,-1,0.683,1,-0.253,-1,-1,-1,-1,-1,-1,-1,-1,-1,-1,-1,-1,-0.262,0.71,1,0.641,-1,-1,-1,-1,-1,-1,-1,-1,-1,-1,-1,-0.696,0.961,-0.109,0.204,0.986,-0.86,-1,-1,-1,-1,-1,-1,-1,-1,-1,-1,0.065,0.998,-0.511,-0.641,0.951,0.657,-0.666,-1,-1,-1,-1,-1,-1,-1,-1,-1,0.609,0.957,-0.942,-1,-0.292,0.621,0.904,-0.185,-1,-1,-1,-1,-1,-1,-1,-0.851,0.956,0.471,-1,-1,-1,-0.933,0.088,0.894,-0.765,-1,-1,-1,-1,-1,-1,-0.398,1,0.045,-1,-1,-1,-1,-0.944,0.773,-0.082,-1,-1,-1,-1,-1,-1,0.25,0.993,-0.691,-1,-1,-1,-1,-1,-0.054,0.903,-0.822,-1,-1,-1,-1,-1,0.653,0.959,-0.942,-1,-1,-1,-1,-1,-0.305,1,-0.457,-1,-1,-1,-1,-0.936,0.898,0.73,-0.988,-1,-1,-1,-1,-1,0.016,1,-0.638,-1,-1,-1,-1,-0.541,1,0.339,-1,-1,-1,-1,-1,-0.869,0.732,0.782,-0.964,-1,-1,-1,-1,-0.629,1,0.135,-1,-1,-1,-1,-0.992,0.263,1,-0.368,-1,-1,-1,-1,-1,-0.983,0.799,0.767,-0.866,-1,-0.902,-0.236,0.361,1,0.42,-0.985,-1,-1,-1,-1,-1,-1,-0.456,0.945,0.848,0.693,0.922,1,0.948,0.038,-0.954,-1,-1,-1,-1,-1,-1,-1,-1,-0.361,0.705,1,0.983,0.256,-0.765,-1,-1,-1,-1,-1,-1
"378",-1,-1,-1,-1,-1,-1,-1,-1,-1,-1,-0.28,-0.728,-1,-1,-1,-1,-1,-1,-1,-1,-1,-1,-1,-1,-1,-1,0.329,-0.031,-1,-1,-1,-1,-1,-1,-1,-1,-1,-1,-1,-1,-1,-0.997,0.735,0.214,-1,-1,-1,-1,-1,-1,-1,-1,-0.902,-0.889,-1,-1,-1,-0.911,0.965,-0.416,-1,-1,-1,-1,-1,-1,-1,-0.995,0.454,0.806,-0.74,-1,-1,-0.446,1,-0.602,-1,-1,-1,-1,-1,-1,-1,-0.699,0.998,-0.035,-0.92,-1,-1,-0.13,0.974,-0.866,-1,-1,-1,-1,-1,-1,-1,-0.463,1,-0.442,-1,-1,-1,0.383,0.634,-0.987,-1,-1,-1,-1,-1,-1,-1,-0.903,0.921,0.412,-0.812,-1,-0.994,0.772,0.495,-0.25,-0.712,-1,-1,-1,-1,-1,-1,-1,-0.44,0.828,1,1,1,1,1,0.779,-0.879,-1,-1,-1,-1,-1,-1,-1,-1,-0.9,-0.142,0.2,0.453,1,0.047,-0.814,-1,-1,-1,-1,-1,-1,-1,-1,-1,-1,-1,-1,-0.089,0.986,-0.801,-1,-1,-1,-1,-1,-1,-1,-1,-1,-1,-1,-1,-1,0.123,0.845,-0.977,-1,-1,-1,-1,-1,-1,-1,-1,-1,-1,-1,-1,-1,0.113,0.783,-0.997,-1,-1,-1,-1,-1,-1,-1,-1,-1,-1,-1,-1,-1,0.482,0.6,-1,-1,-1,-1,-1,-1,-1,-1,-1,-1,-1,-1,-1,-1,0.446,0.746,-0.992,-1,-1,-1,-1,-1,-1,-1,-1,-1,-1,-1,-1,-1,-0.469,0.752,-0.815,-1,-1,-1,-1,-1
"379",-1,-1,-1,-1,-1,-1,-0.908,0.118,1,-0.211,-1,-1,-1,-1,-1,-1,-1,-1,-1,-1,-1,-1,-0.105,1,1,0.658,-0.994,-1,-1,-1,-1,-1,-1,-1,-1,-1,-1,-1,0.141,1,1,0.259,-1,-1,-1,-1,-1,-1,-1,-1,-1,-1,-1,-1,0.226,1,1,0.493,-1,-1,-1,-1,-1,-1,-1,-1,-1,-1,-1,-1,0.152,1,1,0.408,-1,-1,-1,-1,-1,-1,-1,-1,-1,-1,-1,-1,0.237,1,1,0.323,-1,-1,-1,-1,-1,-1,-1,-1,-1,-1,-1,-1,0.323,1,1,0.077,-1,-1,-1,-1,-1,-1,-1,-1,-1,-1,-1,-1,0.408,1,1,0.312,-1,-1,-1,-1,-1,-1,-1,-1,-1,-1,-1,-1,0.493,1,1,0.226,-1,-1,-1,-1,-1,-1,-1,-1,-1,-1,-1,-1,0.579,1,1,-0.179,-1,-1,-1,-1,-1,-1,-1,-1,-1,-1,-1,-0.994,0.658,1,1,-0.424,-1,-1,-1,-1,-1,-1,-1,-1,-1,-1,-1,-1,0.43,1,1,-0.19,-1,-1,-1,-1,-1,-1,-1,-1,-1,-1,-1,-1,-0.125,1,1,-0.115,-1,-1,-1,-1,-1,-1,-1,-1,-1,-1,-1,-1,-0.36,1,1,0.119,-1,-1,-1,-1,-1,-1,-1,-1,-1,-1,-1,-1,-0.976,0.742,1,0.354,-1,-1,-1,-1,-1,-1,-1,-1,-1,-1,-1,-1,-1,-0.36,0.931,-0.052,-1,-1,-1,-1,-1,-1
"380",-1,-1,-1,-1,-0.413,0.669,1,0.893,0.102,-0.813,-1,-1,-1,-1,-1,-1,-1,-1,-1,-0.991,0.724,1,1,0.937,0.987,0.899,-0.399,-1,-1,-1,-1,-1,-1,-1,-1,-0.999,0.59,1,1,0.81,-0.577,0.522,0.963,-0.762,-1,-1,-1,-1,-1,-1,-1,-1,0.508,0.991,0.474,-0.476,-0.998,-0.772,0.96,0.122,-1,-1,-1,-1,-1,-1,-1,-0.75,0.973,0.984,-0.85,-1,-1,-1,0.591,0.846,-0.974,-1,-1,-1,-1,-1,-1,-0.595,1,1,-0.706,-1,-1,-1,0.316,0.999,-0.7,-1,-1,-1,-1,-1,-1,-0.507,1,0.827,-0.963,-1,-1,-1,0.309,1,-0.637,-1,-1,-1,-1,-1,-1,-0.743,1,0.75,-0.993,-1,-1,-1,0.567,1,-0.705,-1,-1,-1,-1,-1,-1,-0.618,1,0.955,-0.923,-1,-1,-0.75,0.938,0.996,-0.674,-1,-1,-1,-1,-1,-1,-0.698,0.997,0.908,-0.945,-1,-1,0.055,1,0.861,-0.95,-1,-1,-1,-1,-1,-1,-0.766,0.999,0.994,-0.814,-1,-0.946,0.716,1,0.329,-1,-1,-1,-1,-1,-1,-1,-0.79,0.978,0.989,-0.762,-0.997,0.091,1,1,-0.348,-1,-1,-1,-1,-1,-1,-1,-0.73,0.986,1,-0.675,-0.029,0.984,1,0.568,-0.974,-1,-1,-1,-1,-1,-1,-1,-0.911,0.855,1,0.296,1,1,0.996,-0.497,-1,-1,-1,-1,-1,-1,-1,-1,-1,0.023,1,1,1,1,0.203,-0.991,-1,-1,-1,-1,-1,-1,-1,-1,-1,-0.917,0.074,0.879,0.623,-0.24,-0.941,-1,-1,-1,-1,-1,-1
"381",-1,-1,-1,-1,-1,-1,-0.391,0.653,-0.675,-1,-1,-1,-1,-1,-1,-1,-1,-1,-1,-1,-1,-1,0.426,1,0.482,-1,-1,-1,-1,-1,-1,-1,-1,-1,-1,-1,-1,-1,0.654,1,-0.126,-1,-1,-1,-1,-1,-1,-1,-1,-1,-1,-1,-1,-1,0.52,1,-0.259,-1,-1,-1,-1,-1,-1,-1,-1,-1,-1,-1,-1,-1,0.539,1,0.198,-1,-1,-1,-1,-1,-1,-1,-1,-1,-1,-1,-1,-1,0.405,1,0.408,-1,-1,-1,-1,-1,-1,-1,-1,-1,-1,-1,-1,-0.994,0.626,1,0.542,-1,-1,-1,-1,-1,-1,-1,-1,-1,-1,-1,-1,-0.988,0.83,1,0.524,-1,-1,-1,-1,-1,-1,-1,-1,-1,-1,-1,-1,-1,0.708,1,0.163,-1,-1,-1,-1,-1,-1,-1,-1,-1,-1,-1,-1,-0.973,0.851,1,-0.312,-1,-1,-1,-1,-1,-1,-1,-1,-1,-1,-1,-1,-0.957,0.835,1,0.053,0.339,-0.573,-1,-1,-1,-1,-1,-1,-1,-1,-1,-1,-0.83,0.992,1,0.981,0.953,-0.269,-1,-1,-1,-1,-1,-1,-1,-1,-1,-1,-0.625,0.996,1,1,0.486,-1,-1,-1,-1,-1,-1,-1,-1,-1,-1,-1,-0.002,1,1,0.707,-0.951,-1,-1,-1,-1,-1,-1,-1,-1,-1,-1,-1,0.169,1,1,-0.177,-1,-1,-1,-1,-1,-1,-1,-1,-1,-1,-1,-1,-0.815,0.48,0.299,-0.978,-1,-1,-1,-1,-1,-1,-1
"382",-1,-1,-1,-1,0.032,1,0.752,-0.333,-0.899,-1,-1,-1,-1,-1,-1,-1,-1,-1,-1,-1,0.409,1,1,1,0.804,-0.49,-1,-1,-1,-1,-1,-1,-1,-1,-1,-1,-0.96,0.112,1,1,1,0.696,-0.871,-1,-1,-1,-1,-1,-1,-1,-1,-1,-0.987,0.339,1,1,1,1,0.631,-0.856,-1,-1,-1,-1,-1,-1,-1,-1,-0.394,1,1,0.513,-0.617,0.624,1,0.155,-1,-1,-1,-1,-1,-1,-1,-1,-0.105,1,0.924,-0.858,-1,-0.806,0.837,0.993,-0.459,-1,-1,-1,-1,-1,-1,-1,0.227,1,0.782,-0.984,-1,-1,-0.063,1,0.447,-0.994,-1,-1,-1,-1,-1,-0.912,0.867,1,0.203,-1,-1,-1,-0.433,1,1,-0.827,-1,-1,-1,-1,-1,-0.208,1,1,-0.284,-1,-1,-1,-0.895,0.873,1,-0.588,-1,-1,-1,-1,-0.999,0.343,1,0.944,-0.824,-1,-1,-1,-0.602,1,0.999,-0.832,-1,-1,-1,-1,-0.747,0.973,1,0.827,-0.973,-1,-1,-1,-0.159,1,0.819,-0.918,-1,-1,-1,-1,-0.793,1,1,-0.137,-1,-1,-1,-1,0.656,1,-0.091,-1,-1,-1,-1,-1,-0.701,0.999,1,-0.228,-1,-0.896,-0.102,0.402,0.978,1,-0.511,-1,-1,-1,-1,-1,-0.692,0.972,1,0.819,0.364,0.94,1,1,1,0.991,-0.923,-1,-1,-1,-1,-1,-1,0.097,1,1,1,1,1,1,0.892,0.274,-0.957,-1,-1,-1,-1,-1,-1,-0.981,-0.499,0.314,0.6,0.565,0.061,-0.618,-0.839,-1,-1,-1,-1,-1
"383",-1,-1,-1,-1,-1,-0.536,0.774,-0.561,-1,-1,-1,-1,-1,-1,-1,-1,-1,-1,-1,-1,-1,-0.994,0.598,0.859,-0.907,-1,-1,-1,-1,-1,-1,-1,-1,-1,-1,-1,-1,-1,-0.41,1,-0.385,-1,-1,-1,-1,-1,-1,-1,-1,-1,-1,-1,-1,-1,-0.906,0.855,0.602,-0.995,-1,-1,-1,-1,-1,-1,-1,-1,-1,-1,-1,-1,-1,0.242,0.986,-0.673,-1,-1,-1,-1,-1,-1,-1,-1,-1,-1,-1,-1,-1,-0.485,0.999,0.042,-1,-1,-1,-1,-1,-1,-1,-0.907,-0.874,-1,-1,-1,-1,-0.819,0.956,0.782,-0.902,-1,-1,-1,-1,-1,-1,-0.805,0.671,-0.276,-1,-1,-1,-1,0.583,0.992,-0.603,-1,-1,-1,-1,-1,-1,-1,0.474,0.539,-0.985,-1,-1,-1,0.03,1,-0.299,-1,-1,-1,-1,-1,-1,-1,0.272,0.984,-0.481,-1,-1,-1,-0.347,1,0.078,-1,-1,-1,-1,-1,-1,-1,-0.412,1,-0.603,-1,-0.976,-0.926,-0.12,1,0.637,0.035,-0.657,-1,-1,-1,-1,-0.923,0.626,0.997,0.01,-0.111,0.492,1,1,1,1,1,0.992,0.126,-0.996,-1,-1,-0.685,0.998,1,1,1,1,1,0.693,1,0.648,-0.321,0.192,0.986,-0.674,-1,-1,-0.809,0.745,1,1,0.858,-0.027,-0.536,-0.751,0.933,0.14,-1,-0.968,-0.421,-0.975,-1,-1,-1,-0.917,-0.158,-0.427,-0.918,-1,-1,-0.914,0.799,-0.163,-1,-1,-1,-1,-1,-1,-1,-1,-1,-1,-1,-1,-1,-0.892,0.675,-0.589,-1,-1,-1,-1,-1
"384",-1,-1,-1,-0.159,0.7,0.058,-0.158,-0.883,-0.965,-1,-1,-1,-1,-1,-1,-1,-1,-1,-0.944,0.793,1,1,1,1,0.502,-0.892,-1,-1,-1,-1,-1,-1,-1,-1,-1,0.363,1,1,1,1,1,0.007,-0.97,-1,-1,-1,-1,-1,-1,-1,-1,-0.765,0.59,1,1,1,1,1,-0.094,-0.998,-1,-1,-1,-1,-1,-1,-1,-1,-0.326,1,1,1,1,1,1,0.222,-1,-1,-1,-1,-1,-1,-1,-1,-0.474,0.938,1,1,0.066,0.384,1,0.992,-0.342,-1,-1,-1,-1,-1,-1,-0.818,0.844,1,1,0.628,-0.571,-0.901,0.526,1,0.947,-0.814,-1,-1,-1,-1,-1,0.145,1,1,0.988,-0.604,-1,-1,-0.934,0.688,1,0.007,-1,-1,-1,-1,-0.711,0.975,1,1,0.21,-1,-1,-1,-1,-0.175,1,0.823,-0.942,-1,-1,-1,-0.498,0.995,1,0.873,-0.782,-1,-1,-1,-0.954,-0.32,1,0.96,-0.759,-1,-1,-0.936,0.552,1,1,-0.028,-1,-1,-0.957,-0.343,0.359,1,1,0.769,-0.857,-1,-1,-0.846,0.917,1,1,-0.483,-1,-0.948,0.235,0.996,1,1,1,-0.207,-1,-1,-1,-0.767,0.96,1,0.861,-0.332,-0.162,0.538,0.996,1,1,1,0.318,-0.921,-1,-1,-1,-0.899,0.882,1,1,1,1,1,1,1,0.732,-0.289,-0.936,-1,-1,-1,-1,-1,-0.237,0.959,1,1,1,1,1,0.697,-0.472,-1,-1,-1,-1,-1,-1,-1,-1,-0.649,0.614,1,0.776,0.058,-0.027,-0.913,-1,-1,-1,-1,-1,-1
"385",-1,-1,-1,-1,-1,-1,-0.937,0.521,0.556,-0.89,-1,-1,-1,-1,-1,-1,-1,-1,-1,-1,-1,-1,-0.879,1,1,-0.641,-1,-1,-1,-1,-1,-1,-1,-1,-1,-1,-1,-1,-0.675,1,1,-0.563,-1,-1,-1,-1,-1,-1,-1,-1,-1,-1,-1,-1,-0.394,1,1,-0.486,-1,-1,-1,-1,-1,-1,-1,-1,-1,-1,-1,-1,-0.344,1,1,-0.408,-1,-1,-1,-1,-1,-1,-1,-1,-1,-1,-1,-1,0.09,1,1,-0.893,-1,-1,-1,-1,-1,-1,-1,-1,-1,-1,-1,-1,0.012,1,1,-0.892,-1,-1,-1,-1,-1,-1,-1,-1,-1,-1,-1,-1,-0.065,1,1,-0.815,-1,-1,-1,-1,-1,-1,-1,-1,-1,-1,-1,-1,-0.143,1,0.873,-0.841,-1,-1,-1,-1,-1,-1,-1,-1,-1,-1,-1,-1,0.24,1,0.701,-1,-1,-1,-1,-1,-1,-1,-1,-1,-1,-1,-1,-1,0.341,1,0.778,-1,-1,-1,-1,-1,-1,-1,-1,-1,-1,-1,-1,-1,0.264,1,0.965,-0.597,-1,-1,-1,-1,-1,-1,-1,-1,-1,-1,-1,-1,0.186,1,1,-0.426,-1,-1,-1,-1,-1,-1,-1,-1,-1,-1,-1,-1,0.108,1,1,-0.348,-1,-1,-1,-1,-1,-1,-1,-1,-1,-1,-1,-1,-0.354,1,1,0.113,-1,-1,-1,-1,-1,-1,-1,-1,-1,-1,-1,-1,-0.878,0.577,1,-0.167,-1,-1,-1,-1,-1,-1
"386",-1,-1,-1,-1,-1,-1,-0.269,0.623,-0.882,-1,-1,-1,-1,-1,-1,-1,-1,-1,-1,-1,-1,-1,0.12,1,0.026,-1,-1,-1,-1,-1,-1,-1,-1,-1,-1,-1,-1,-1,-0.226,1,0.862,-0.994,-1,-1,-1,-1,-1,-1,-1,-1,-1,-1,-1,-1,-0.856,0.995,1,-0.663,-1,-1,-1,-1,-1,-1,-1,-1,-1,-1,-1,-1,-0.997,0.644,1,-0.456,-1,-1,-1,-1,-1,-1,-1,-1,-1,-1,-1,-1,-1,0.449,1,-0.11,-1,-1,-1,-1,-1,-1,-1,-1,-1,-1,-1,-1,-1,-0.04,1,-0.035,-1,-1,-1,-1,-1,-1,-1,-1,-1,-1,-1,-1,-1,-0.016,1,0.033,-1,-1,-1,-1,-1,-1,-1,-1,-1,-1,-1,-1,-1,0.135,1,0.204,-1,-1,-1,-1,-1,-1,-1,-1,-1,-1,-1,-1,-1,0.288,1,-0.077,-1,-1,-1,-1,-1,-1,-1,-1,-1,-1,-1,-1,-1,0.442,1,-0.646,-1,-1,-1,-1,-1,-1,-1,-1,-1,-1,-1,-1,-1,0.593,0.866,-0.846,-1,-1,-1,-1,-1,-1,-1,-1,-1,-1,-1,-1,-1,0.744,0.51,-1,-1,-1,-1,-1,-1,-1,-1,-1,-1,-1,-1,-1,-0.563,0.996,-0.032,-1,-1,-1,-1,-1,-1,-1,-1,-1,-1,-1,-1,-1,-0.407,1,-0.532,-1,-1,-1,-1,-1,-1,-1,-1,-1,-1,-1,-1,-1,-0.404,0.372,-0.992,-1,-1,-1,-1,-1,-1,-1
"387",-1,-1,-1,-1,-1,-1,0.077,0.521,-0.665,-1,-1,-1,-1,-1,-1,-1,-1,-1,-1,-1,-1,-0.97,0.624,1,0.652,-0.937,-1,-1,-1,-1,-1,-1,-1,-1,-1,-1,-1,-0.727,0.959,1,1,-0.035,-1,-1,-1,-1,-1,-1,-1,-1,-1,-1,-1,-0.859,0.782,1,1,0.385,-1,-1,-1,-1,-1,-1,-1,-1,-1,-1,-1,-0.997,0.5,1,1,0.755,-0.951,-1,-1,-1,-1,-1,-1,-1,-1,-1,-1,-1,0.306,1,1,0.981,-0.757,-1,-1,-1,-1,-1,-1,-1,-1,-1,-1,-1,0.329,1,1,0.928,-0.728,-1,-1,-1,-1,-1,-1,-1,-1,-1,-1,-1,0.352,1,1,0.959,-0.782,-1,-1,-1,-1,-1,-1,-1,-1,-1,-1,-0.933,0.862,1,1,0.858,-0.816,-1,-1,-1,-1,-1,-1,-1,-1,-1,-1,-0.975,0.595,1,1,0.827,-0.919,-1,-1,-1,-1,-1,-1,-1,-1,-1,-1,-0.994,0.583,1,1,0.331,-1,-1,-1,-1,-1,-1,-1,-1,-1,-1,-1,-0.921,0.754,1,1,0.419,-1,-1,-1,-1,-1,-1,-1,-1,-1,-1,-1,-0.807,0.94,1,1,0.118,-1,-1,-1,-1,-1,-1,-1,-1,-1,-1,-1,-0.831,0.878,1,1,-0.458,-1,-1,-1,-1,-1,-1,-1,-1,-1,-1,-1,-0.995,0.401,1,0.851,-0.887,-1,-1,-1,-1,-1,-1,-1,-1,-1,-1,-1,-1,-0.828,0.374,0.384,-0.997,-1,-1,-1,-1,-1,-1
"388",-1,-1,-1,-1,-1,-1,-1,-1,-1,-1,-1,-0.831,-0.626,-1,-1,-1,-1,-1,-0.858,-0.924,-1,-1,-1,-1,-1,-1,-1,0.204,0.949,-0.78,-1,-1,-1,-0.945,0.706,0.7,-0.834,-1,-1,-1,-1,-1,-0.914,0.898,1,-0.122,-1,-1,-1,-0.729,0.98,1,-0.098,-1,-1,-1,-1,-1,-0.44,0.986,1,-0.103,-1,-1,-1,-0.981,0.668,1,-0.116,-1,-1,-1,-1,-0.981,0.524,1,0.986,-0.433,-1,-1,-1,-0.606,1,0.971,-0.793,-1,-1,-1,-1,-0.843,0.947,1,0.7,-0.999,-1,-1,-1,-0.226,1,1,-0.513,-1,-1,-1,-1,-0.516,1,1,0.321,-1,-1,-1,-1,-0.172,1,1,-0.494,-1,-1,-1,-1,0.118,1,1,0.267,-0.584,-0.265,-0.99,-0.014,1,1,1,1,0.433,0.238,0.587,1,1,1,1,1,1,1,0.381,0.547,1,1,1,1,1,1,1,1,1,1,1,1,1,0.902,0.208,-0.694,0.306,0.333,0.333,0.333,0.333,0.333,0.335,0.964,1,1,0.652,-0.374,-0.429,-0.671,-1,-1,-1,-1,-1,-1,-1,-1,-0.996,0.687,1,0.944,-0.649,-1,-1,-1,-1,-1,-1,-1,-1,-1,-1,-1,-0.987,0.696,1,0.298,-1,-1,-1,-1,-1,-1,-1,-1,-1,-1,-1,-1,-0.767,0.82,0.935,-0.707,-1,-1,-1,-1,-1,-1,-1,-1,-1,-1,-1,-1,-0.208,0.967,0.814,-0.929,-1,-1,-1,-1,-1,-1,-1,-1,-1,-1,-1,-1,-1,-0.623,-0.652,-1,-1,-1,-1,-1,-1
"389",-1,-1,-1,-1,-1,-1,-1,-1,-1,-1,-1,-1,-1,-1,-1,-1,-1,-1,-1,-1,-1,-0.742,0.233,-0.651,-1,-1,-1,-1,-0.806,0.214,-0.812,-1,-1,-1,-1,-1,-0.856,0.702,1,0.951,-0.181,-1,-1,-1,-0.169,1,0.518,-0.963,-1,-1,-1,-1,0.01,1,1,1,0.142,-1,-1,-1,0.238,1,1,0.125,-1,-1,-1,-0.713,0.929,1,1,0.996,0.085,-1,-1,-0.983,0.683,1,1,0.397,-1,-1,-1,0.245,1,1,1,0.627,-0.887,-1,-1,-0.849,0.935,1,1,0.012,-1,-0.882,-0.033,0.889,1,1,0.988,-0.399,-1,-1,-1,-0.429,0.999,1,1,-0.472,-0.845,0.425,1,1,1,1,1,0.893,0.088,-0.623,-1,-0.068,1,1,0.962,-0.797,0.52,1,1,1,1,0.832,-0.09,0.328,0.997,1,0.666,0.712,1,1,0.926,-0.623,0.216,1,1,1,0.968,-0.478,-1,-1,-0.679,0.044,0.456,1,1,1,0.941,-0.091,-0.75,0.662,1,0.991,-0.084,-1,-1,-1,-1,-1,-0.702,0.988,1,1,0.098,-0.998,-1,-0.937,-0.224,-0.226,-0.95,-1,-1,-1,-1,-1,-0.329,1,1,0.631,-0.872,-1,-1,-1,-1,-1,-1,-1,-1,-1,-1,-1,-0.079,1,0.997,-0.033,-1,-1,-1,-1,-1,-1,-1,-1,-1,-1,-1,-1,-0.648,0.954,0.806,-0.894,-1,-1,-1,-1,-1,-1,-1,-1,-1,-1,-1,-1,-1,-0.249,-0.088,-1,-1,-1,-1,-1,-1,-1,-1,-1,-1,-1,-1,-1,-1,-1,-1,-1,-1,-1
"390",-1,-1,-1,-1,-1,-1,-1,-1,-1,-1,-0.87,0.593,0.069,-1,-1,-1,-1,-1,-1,-1,-1,-1,-1,-1,-1,-1,-0.578,0.998,0.995,-0.318,-1,-1,-1,-1,-1,-0.999,-0.245,-0.482,-0.989,-1,-1,-1,-0.867,0.92,1,0.916,-0.676,-1,-1,-1,-1,-0.477,0.877,1,0.05,-1,-1,-1,-0.924,0.788,1,1,-0.127,-1,-1,-1,-1,0.053,1,1,0.993,-0.645,-1,-1,-0.936,0.832,1,1,0.151,-1,-1,-1,-0.753,0.681,1,1,0.925,-0.831,-1,-1,-0.656,0.983,1,1,0.252,-1,-1,-1,-0.287,1,1,1,0.972,-0.253,-0.993,-1,-0.286,1,1,1,0.086,-1,-0.998,0.037,0.79,1,1,1,1,1,0.728,0.377,0.388,1,1,1,0.365,-1,-0.861,0.918,1,1,1,1,1,0.847,0.887,1,1,1,1,1,0.479,-0.969,-0.8,0.934,1,1,1,0.085,-0.474,-0.64,-0.75,-0.129,0.995,1,1,1,0.725,-0.76,-1,-0.406,0.711,1,0.223,-0.899,-1,-1,-1,-0.71,0.971,1,1,0.597,-0.748,-1,-1,-1,-0.979,-0.298,-0.793,-1,-1,-1,-1,-0.308,1,1,1,-0.113,-1,-1,-1,-1,-1,-1,-1,-1,-1,-1,-1,0.035,1,1,1,-0.456,-1,-1,-1,-1,-1,-1,-1,-1,-1,-1,-1,0.466,1,0.994,0.196,-0.964,-1,-1,-1,-1,-1,-1,-1,-1,-1,-1,-1,0.054,1,0.906,-0.864,-1,-1,-1,-1,-1,-1,-1,-1,-1,-1,-1,-1,-0.77,0.571,0.33,-0.985,-1,-1,-1
"391",-1,-1,-1,-1,-1,-1,-1,-1,-1,-1,-1,-1,-1,-1,-1,-1,-1,-1,-1,-1,-1,-0.845,-0.53,-0.53,-0.53,-0.542,-0.994,-1,-1,-1,-1,-1,-1,-1,-1,-1,-0.658,0.043,1,1,1,1,0.58,-0.131,-0.968,-1,-1,-1,-1,-1,-0.753,0.291,0.782,1,1,1,1,1,1,1,0.582,-0.588,-1,-1,-1,-0.482,0.708,1,1,1,1,1,1,1,1,1,1,0.933,-0.003,-1,-0.97,0.684,1,1,1,1,1,0.382,0.204,0.204,-0.468,-0.026,0.966,1,0.971,-0.603,-0.548,0.977,1,1,1,0.933,-0.255,-0.938,-1,-1,-1,-0.878,0.823,1,1,-0.23,0.143,1,1,1,0.657,-0.636,-0.993,-1,-1,-1,-1,-1,-0.259,1,1,0.513,0.398,1,1,0.999,-0.262,-1,-1,-1,-1,-1,-1,-1,-0.082,1,1,-0.201,0.036,1,1,0.938,-0.838,-1,-1,-1,-1,-1,-1,-0.89,-0.625,0.924,0.904,-0.82,-0.939,0.693,1,1,0.019,-0.941,-1,-1,-1,-0.892,-0.755,0.344,1,1,0.369,-1,-1,-0.517,0.989,1,1,0.568,0.285,0.285,0.285,0.491,1,1,1,1,0.271,-1,-1,-1,0.051,0.943,1,1,1,1,1,1,1,1,1,0.615,-0.567,-1,-1,-1,-1,-0.581,0.466,0.511,0.684,0.807,0.511,0.511,0.511,0.213,-0.448,-0.798,-1,-1,-1,-1,-1,-1,-1,-1,-0.906,-0.643,-1,-1,-1,-1,-1,-1,-1,-1,-1,-1,-1,-1,-1,-1,-1,-1,-1,-1,-1,-1,-1,-1,-1,-1
"392",-1,-1,-1,-1,-1,-0.904,0.707,0.793,-0.759,-1,-1,-1,-1,-1,-1,-1,-1,-1,-1,-1,-1,-0.963,0.88,1,0.131,-0.033,0.098,-1,-1,-1,-1,-1,-1,-1,-1,-1,-1,-1,-0.128,1,1,1,0.917,-0.908,-1,-1,-1,-1,-1,-1,-1,-1,-1,-0.827,0.797,1,1,1,-0.119,-1,-1,-1,-1,-1,-1,-1,-1,-1,-0.991,0.379,1,1,1,1,-0.364,-1,-1,-1,-1,-1,-1,-1,-1,-1,-0.188,0.993,1,0.424,0.533,1,0.336,-0.973,-1,-1,-1,-1,-1,-1,-1,-0.949,0.809,1,0.745,-0.84,-0.794,0.717,1,-0.519,-1,-1,-1,-1,-1,-1,-1,-0.157,1,1,0.067,-1,-1,-0.325,1,0.062,-1,-1,-1,-1,-1,-1,-0.998,0.592,1,0.933,-0.849,-1,-1,-0.998,0.758,0.644,-1,-1,-1,-1,-1,-1,-0.828,0.942,1,0.333,-1,-1,-1,-1,0.178,0.996,-0.683,-1,-1,-1,-1,-1,-0.44,1,1,-0.418,-1,-1,-1,-1,-0.403,1,0.489,-1,-1,-1,-1,-1,-0.645,1,1,-0.589,-1,-1,-1,-1,-0.92,0.934,0.958,-0.888,-1,-1,-1,-1,-0.996,0.77,1,0.036,-1,-1,-1,-1,-0.652,0.911,1,-0.392,-1,-1,-1,-1,-1,0.191,1,0.999,-0.144,-0.234,-0.278,-0.884,0.618,1,0.647,-0.905,-1,-1,-1,-1,-1,-0.756,0.626,1,1,1,1,1,1,-0.085,-0.938,-1,-1,-1,-1,-1,-1,-1,-0.941,0.231,1,1,1,1,0.693,-0.67,-1,-1,-1,-1
"393",-1,-1,-1,-1,-1,-1,-1,-0.927,0.461,-0.5,-1,-1,-1,-1,-1,-1,-1,-1,-1,-1,-1,-1,-1,0.119,0.87,-0.904,-1,-1,-1,-1,-1,-1,-1,-1,-1,-1,-1,-1,-0.907,0.876,0.14,-1,-1,-1,-1,-1,-1,-1,-1,-1,-1,-1,-1,-1,-0.638,1,-0.089,-1,-1,-1,-1,-1,-1,-1,-1,-1,-1,-1,-1,-1,-0.514,1,-0.027,-1,-1,-1,-1,-1,-1,-1,-1,-1,-1,-1,-1,-1,-0.588,1,-0.046,-1,-1,-1,-1,-1,-1,-1,-1,-1,-1,-1,-1,-1,-0.918,0.94,0.402,-1,-1,-1,-1,-1,-1,-1,-1,-1,-1,-1,-1,-1,-1,0.645,0.569,-1,-1,-1,-1,-1,-1,-1,-1,-1,-1,-1,-1,-1,-1,0.477,0.94,-0.958,-1,-1,-1,-1,-1,-1,-1,-1,-1,-1,-1,-1,-1,0.309,0.93,-0.967,-1,-1,-1,-1,-1,-1,-1,-1,-1,-1,-1,-1,-1,0.329,1,-0.776,-1,-1,-1,-1,-1,-1,-1,-1,-1,-1,-1,-1,-1,0.301,0.989,-0.831,-1,-1,-1,-1,-1,-1,-1,-1,-1,-1,-1,-1,-1,0.426,0.995,-0.868,-1,-1,-1,-1,-1,-1,-1,-1,-1,-1,-1,-1,-1,0.515,0.944,-0.907,-1,-1,-1,-1,-1,-1,-1,-1,-1,-1,-1,-1,-0.818,0.821,0.586,-1,-1,-1,-1,-1,-1,-1,-1,-1,-1,-1,-1,-1,-0.514,0.941,-0.564,-1,-1,-1,-1,-1,-1,-1
"394",-1,-1,-1,-1,-1,-1,-1,-1,-1,-0.416,-0.273,-1,-1,-1,-1,-1,-1,-1,-1,-1,-1,-1,-1,-1,-1,-0.981,0.725,-0.949,-1,-1,-1,-1,-1,-1,-1,-1,-1,-1,-1,-1,-1,-1,0.691,-0.666,-1,-1,-1,-1,-1,-1,-1,-1,-1,-1,-1,-1,-1,-1,0.568,-0.393,-1,-1,-1,-1,-1,-1,-1,-1,-1,-1,-1,-1,-1,-1,0.682,-0.318,-1,-1,-1,-1,-1,-1,-1,-1,-1,-1,-1,-1,-1,-1,0.699,-0.292,-1,-1,-1,-1,-1,-1,-1,-1,-1,-1,-1,-1,0.03,-0.305,0.571,-0.293,-1,-1,-1,-1,-1,-1,-1,-1,-1,-1,-0.953,-0.23,0.935,-0.104,0.684,-0.363,-1,-1,-1,-1,-1,-1,-1,-1,-0.121,0.525,0.889,0.77,-0.385,-1,0.76,-0.439,-1,-1,-1,-1,-1,-1,-1,-1,-0.628,0.033,0.756,0.268,-0.695,-0.971,0.962,-0.542,-1,-1,-1,-1,-1,-1,-1,-1,-1,-1,-0.956,-0.132,0.623,0.223,1,0.048,-1,-1,-1,-1,-1,-1,-1,-1,-1,-1,-1,-1,-0.986,-0.477,0.973,-0.151,-1,-1,-1,-1,-1,-1,-1,-1,-1,-1,-1,-1,-1,-1,0.86,-0.453,-1,-1,-1,-1,-1,-1,-1,-1,-1,-1,-1,-1,-1,-1,0.726,-0.233,-1,-1,-1,-1,-1,-1,-1,-1,-1,-1,-1,-1,-1,-1,0.421,-0.1,-1,-1,-1,-1,-1,-1,-1,-1,-1,-1,-1,-1,-1,-1,-0.282,0.345,-1,-1,-1,-1
"395",-1,-1,-1,-1,-1,-1,-0.033,0.172,-0.954,-1,-1,-1,-1,-1,-1,-1,-1,-1,-1,-1,-1,-1,-0.593,0.951,0.334,-0.987,-1,-1,-1,-1,-1,-1,-1,-1,-1,-1,-1,-1,-0.983,0.665,0.922,-0.969,-1,-1,-1,-1,-1,-1,-1,-1,-1,-1,-1,-1,-1,0.624,1,-0.592,-1,-1,-1,-1,-1,-1,-1,-1,-1,-1,-1,-1,-1,0.602,1,-0.172,-1,-1,-1,-1,-1,-1,-1,-1,-1,-1,-1,-1,-1,0.731,1,0.119,-1,-1,-1,-1,-1,-1,-1,-1,-1,-1,-1,-1,-1,0.463,1,0.293,-1,-1,-1,-1,-1,-1,-1,-1,-1,-1,-1,-1,-0.957,0.877,1,0.21,-1,-1,-1,-1,-1,-1,-1,-1,-1,-1,-1,-1,-0.828,0.983,1,0.093,-1,-1,-1,-1,-1,-1,-1,-1,-1,-1,-1,-1,-0.388,1,1,-0.201,-1,-1,-1,-1,-1,-1,-1,-1,-1,-1,-1,-1,-0.387,1,1,-0.517,-1,-1,-1,-1,-1,-1,-1,-1,-1,-1,-1,-1,-0.187,1,0.939,-0.797,-1,-1,-1,-1,-1,-1,-1,-1,-1,-1,-1,-1,0.269,1,0.854,-0.993,-1,-1,-1,-1,-1,-1,-1,-1,-1,-1,-1,-1,-0.162,1,0.755,-1,-1,-1,-1,-1,-1,-1,-1,-1,-1,-1,-1,-1,-0.933,0.708,0.848,-0.93,-1,-1,-1,-1,-1,-1,-1,-1,-1,-1,-1,-1,-1,-0.754,0.282,0.09,-1,-1,-1,-1,-1,-1
"396",-1,-1,-1,-1,-1,-1,-1,0.412,0.3,-1,-1,-1,-1,-1,-1,-1,-1,-1,-1,-1,-1,-1,-1,0.695,0.753,-0.96,-1,-1,-1,-1,-1,-1,-1,-1,-1,-1,-1,-1,-0.979,0.846,0.998,-0.796,-1,-1,-1,-1,-1,-1,-1,-1,-1,-1,-1,-1,-0.908,0.947,0.977,-0.781,-1,-1,-1,-1,-1,-1,-1,-1,-1,-1,-1,-1,-0.902,0.975,0.941,-0.917,-1,-1,-1,-1,-1,-1,-1,-1,-1,-1,-1,-1,-0.965,0.878,0.887,-0.98,-1,-1,-1,-1,-1,-1,-1,-1,-1,-1,-1,-1,-0.984,0.875,0.947,-0.907,-1,-1,-1,-1,-1,-1,-1,-1,-1,-1,-1,-1,-0.992,0.778,0.98,-0.891,-1,-1,-1,-1,-1,-1,-1,-1,-1,-1,-1,-1,-0.972,0.903,0.985,-0.819,-1,-1,-1,-1,-1,-1,-1,-1,-1,-1,-1,-1,-0.977,0.858,0.929,-0.935,-1,-1,-1,-1,-1,-1,-1,-1,-1,-1,-1,-1,-0.964,0.824,0.958,-0.859,-1,-1,-1,-1,-1,-1,-1,-1,-1,-1,-1,-1,-0.983,0.848,0.999,-0.63,-1,-1,-1,-1,-1,-1,-1,-1,-1,-1,-1,-1,-0.887,0.925,0.98,-0.783,-1,-1,-1,-1,-1,-1,-1,-1,-1,-1,-1,-1,-0.784,0.994,1,-0.587,-1,-1,-1,-1,-1,-1,-1,-1,-1,-1,-1,-1,-0.59,1,0.896,-0.877,-1,-1,-1,-1,-1,-1,-1,-1,-1,-1,-1,-1,-1,0.093,0.563,-1,-1,-1,-1,-1,-1,-1
"397",-1,-1,-1,-1,-1,-1,-1,-0.953,-0.905,-1,-1,-1,-1,-1,-1,-1,-1,-1,-1,-1,-1,-1,-0.118,0.701,0.83,-0.011,-0.837,-1,-1,-1,-1,-1,-1,-1,-1,-1,-1,-0.188,0.954,1,1,1,0.909,0.352,-0.842,-1,-1,-1,-1,-1,-1,-1,-0.345,0.88,1,0.523,0.039,0.417,0.801,1,0.764,-0.456,-1,-1,-1,-1,-0.817,0.259,0.967,0.998,0.092,-0.932,-1,-1,-0.485,0.988,1,0.943,-0.377,-1,-0.944,-0.287,0.887,1,1,0.485,-1,-1,-1,-1,-1,-0.291,0.912,1,0.97,-0.507,-0.14,0.398,0.793,1,0.967,-0.485,-1,-1,-1,-1,-1,-1,-0.294,0.803,1,0.572,-1,-1,0.473,1,0.48,-1,-1,-1,-1,-1,-1,-1,-1,-0.165,1,0.866,-1,-1,0.66,1,-0.035,-1,-1,-1,-1,-1,-1,-1,-1,-0.914,0.954,0.512,-1,-0.947,0.87,1,0.036,-1,-1,-1,-1,-1,-1,-1,-1,-1,0.816,0.415,-1,-0.997,0.955,1,-0.018,-1,-1,-1,-1,-1,-1,-1,-1,-0.949,0.772,0.214,-1,-1,0.426,1,0.44,-0.941,-1,-1,-1,-1,-1,-1,-0.739,0.361,1,-0.203,-1,-1,-0.622,0.953,1,0.684,-0.079,-0.819,-0.925,-0.539,-0.448,0.219,0.904,1,0.627,-0.744,-1,-1,-1,-0.33,0.957,1,1,0.93,0.901,1,1,1,0.951,0.123,-0.924,-1,-1,-1,-1,-1,-0.637,0.134,0.605,1,1,0.697,0.586,0.068,-0.708,-1,-1,-1,-1,-1,-1,-1,-1,-1,-0.994,-0.836,-0.836,-0.955,-1,-1,-1,-1,-1,-1
"398",-1,-1,-1,-1,-0.932,0.069,0.914,0.743,-0.628,-0.966,-1,-1,-1,-1,-1,-1,-1,-1,-1,-0.945,0.381,1,1,1,1,0.69,0.427,-0.451,-1,-1,-1,-1,-1,-1,-0.982,0.298,1,1,0.265,0.184,0.95,1,1,0.983,0.432,-0.922,-1,-1,-1,-1,-0.221,1,1,0.376,-0.988,-1,-0.839,-0.188,0.704,0.968,1,0.015,-1,-1,-1,-0.966,0.79,1,0.771,-0.735,-1,-1,-1,-1,-1,-0.243,0.973,0.936,-0.662,-1,-1,-0.459,1,1,-0.252,-1,-1,-1,-1,-1,-1,-1,0.603,1,-0.082,-1,-1,-0.093,1,0.871,-0.862,-1,-1,-1,-1,-1,-1,-1,0.003,1,0.321,-1,-1,-0.079,1,0.644,-1,-1,-1,-1,-1,-1,-1,-1,-0.597,1,0.745,-1,-1,0.396,1,0.345,-1,-1,-1,-1,-1,-1,-1,-1,-0.715,1,0.621,-1,-1,0.586,1,0.462,-1,-1,-1,-1,-1,-1,-1,-1,-0.525,1,0.387,-1,-1,0.205,1,0.593,-0.992,-1,-1,-1,-1,-1,-1,-1,-0.137,1,0.307,-1,-1,-0.219,1,1,-0.623,-1,-1,-1,-1,-1,-1,-0.962,0.761,1,-0.234,-1,-1,-0.837,0.842,1,0.716,-0.576,-1,-1,-1,-1,-0.867,0.37,1,0.821,-0.925,-1,-1,-1,-0.019,0.985,1,0.979,0.303,-0.259,-0.259,-0.194,0.668,1,0.862,-0.605,-1,-1,-1,-1,-1,-0.265,0.742,1,1,1,1,1,1,0.643,-0.551,-1,-1,-1,-1,-1,-1,-1,-0.897,0.071,0.543,1,1,0.666,-0.003,-0.79,-1,-1,-1,-1
"399",-1,-1,-1,-1,-1,-1,-1,-1,0.102,0.695,-0.934,-1,-1,-1,-1,-1,-1,-1,-1,-1,-1,-1,-1,-0.53,0.973,0.98,-0.899,-1,-1,-1,-1,-1,-1,-1,-1,-1,-1,-1,-0.839,0.809,1,0.826,-0.976,-1,-1,-1,-1,-1,-1,-1,-1,-1,-1,-0.969,0.419,1,1,0.538,-1,-1,-1,-1,-1,-1,-1,-1,-1,-1,-0.997,0.092,1,0.696,1,0.39,-1,-1,-1,-1,-1,-1,-1,-1,-1,-1,-0.331,1,0.79,-0.426,1,0.078,-1,-1,-1,-1,-1,-1,-1,-1,-1,-0.522,0.94,0.99,-0.43,-0.482,1,-0.152,-1,-1,-1,-1,-1,-1,-1,-1,-0.762,0.825,1,0.126,-1,-0.334,1,-0.394,-1,-1,-1,-1,-1,-1,-1,-0.743,0.637,1,0.365,-0.977,-1,0.002,1,-0.694,-1,-1,-1,-1,-1,-1,-0.995,0.674,1,1,0.495,0.405,0.405,0.731,1,0.119,-0.027,-0.027,-0.359,-0.256,-0.454,-1,-1,0.64,1,1,1,1,1,1,1,1,1,1,1,1,0.866,-0.995,-1,-0.925,-0.794,-0.514,-0.827,-0.946,-0.703,0.417,1,0.063,-0.449,-0.514,-0.403,-0.437,-0.672,-1,-1,-1,-1,-1,-1,-1,-1,0.128,1,-0.668,-1,-1,-1,-1,-1,-1,-1,-1,-1,-1,-1,-1,-1,0.276,0.954,-0.84,-1,-1,-1,-1,-1,-1,-1,-1,-1,-1,-1,-1,-1,0.74,0.79,-1,-1,-1,-1,-1,-1,-1,-1,-1,-1,-1,-1,-1,-1,0.35,0.361,-1,-1,-1,-1,-1,-1,-1
"400",-1,-1,-1,-1,-1,0.012,0.747,0.829,0.203,0.889,-0.213,-1,-1,-1,-1,-1,-1,-1,-1,-1,-0.626,0.873,1,1,1,1,0.981,-0.404,-1,-1,-1,-1,-1,-1,-1,-1,0.493,1,1,1,0.827,-0.007,1,0.893,-0.659,-1,-1,-1,-1,-1,-1,-0.441,0.938,1,1,1,0.151,-0.924,0.597,1,0.714,-0.943,-1,-1,-1,-1,-1,-0.073,1,1,1,0.945,-0.708,-1,-0.319,1,1,-0.237,-1,-1,-1,-1,-0.967,0.292,1,1,1,0.7,-0.983,-1,-0.865,0.917,1,0.679,-0.925,-1,-1,-1,-0.424,0.996,1,1,0.981,-0.268,-1,-1,-1,0.574,1,0.969,-0.706,-1,-1,-0.909,0.727,1,1,1,0.706,-0.996,-1,-1,-1,0.247,1,1,0.255,-1,-1,0.094,1,1,1,1,-0.355,-1,-1,-1,-1,0.616,1,1,0.34,-1,-1,0.433,1,1,1,0.705,-0.823,-1,-1,-1,-0.752,0.888,1,1,0.664,-0.997,-0.997,0.618,1,1,1,-0.364,-1,-1,-1,-0.861,0.395,1,1,1,0.358,-1,-1,0.052,1,1,0.982,-0.745,-1,-1,-0.926,0.13,1,1,1,1,0.02,-1,-1,-0.606,0.998,1,0.965,-0.502,-0.739,-0.285,0.601,1,1,1,1,0.569,-0.796,-1,-1,-1,-0.15,0.945,1,1,1,1,1,1,1,1,0.92,-0.333,-1,-1,-1,-1,-1,-0.35,0.791,1,1,1,1,1,1,0.603,-0.441,-1,-1,-1,-1,-1,-1,-1,-0.917,-0.03,0.917,1,1,1,0.738,-0.668,-1,-1,-1,-1
"401",-1,-1,-1,-1,-1,-1,-0.098,0.67,-0.516,-1,-1,-1,-1,-1,-1,-1,-1,-1,-1,-1,-1,-1,-0.712,0.996,0.908,-0.654,-1,-1,-1,-1,-1,-1,-1,-1,-1,-1,-1,-0.745,0.421,1,1,0.716,-0.871,-1,-1,-1,-1,-1,-1,-1,-1,-1,-0.95,0.59,1,1,1,1,-0.03,-1,-1,-1,-1,-1,-1,-1,-1,-1,-0.629,0.995,1,1,0.135,0.892,0.961,-0.517,-1,-1,-1,-1,-1,-1,-1,-1,0.335,1,1,0.988,-0.759,0.169,1,0.739,-0.979,-1,-1,-1,-1,-1,-1,-0.853,0.755,1,1,0.464,-0.971,-0.459,1,1,-0.146,-1,-1,-1,-1,-1,-1,-0.256,1,1,1,-0.18,-1,-0.976,0.836,1,0.218,-1,-1,-1,-1,-1,-0.997,0.614,1,1,0.912,-0.628,-1,-1,0.411,1,0.924,-0.929,-1,-1,-1,-1,-0.431,0.975,1,1,0.188,-1,-1,-1,0.195,1,1,-0.557,-1,-1,-1,-1,-0.365,1,1,1,-0.548,-1,-1,-0.929,0.639,1,1,-0.278,-1,-1,-1,-1,-0.263,1,1,0.929,-0.896,-1,-0.96,0,0.998,1,1,-0.422,-1,-1,-1,-1,-0.51,1,1,0.624,-1,-0.889,0.134,1,1,1,0.73,-0.845,-1,-1,-1,-1,-0.974,0.656,1,0.931,0.513,0.848,1,1,1,1,-0.17,-1,-1,-1,-1,-1,-1,-0.7,0.653,1,1,1,1,1,1,-0.05,-0.903,-1,-1,-1,-1,-1,-1,-1,-0.946,-0.303,0.379,0.735,0.778,0.326,-0.296,-0.952,-1,-1,-1,-1
"402",-1,-1,-1,-1,-1,-0.78,0.844,0.758,-0.178,-0.951,-1,-1,-1,-1,-1,-1,-1,-1,-1,-1,-1,-0.457,1,1,1,0.275,-0.951,-1,-1,-1,-1,-1,-1,-1,-1,-1,-0.614,0.827,1,1,1,1,0.193,-0.968,-1,-1,-1,-1,-1,-1,-1,-0.913,0.662,1,1,0.043,0.371,1,1,0.126,-1,-1,-1,-1,-1,-1,-1,0.49,1,1,-0.143,-1,-0.967,-0.031,0.992,1,0.088,-1,-1,-1,-1,-0.988,0.035,0.98,0.955,-0.167,-0.996,-1,-1,-1,-0.151,0.979,0.987,-0.13,-1,-1,-1,-0.833,1,1,0.387,-1,-1,-1,-1,-1,-1,0.324,1,0.517,-0.949,-1,-1,-0.09,1,1,-0.621,-1,-1,-1,-1,-1,-1,-0.464,0.945,1,-0.456,-1,-1,0.196,1,0.366,-1,-1,-1,-1,-1,-1,-1,-1,0.444,1,0.382,-1,-1,0.807,1,0.284,-1,-1,-1,-1,-1,-1,-1,-1,-0.399,1,0.829,-1,-1,0.559,1,0.201,-1,-1,-1,-1,-1,-1,-1,-1,-0.383,1,0.746,-1,-1,0.244,1,0.648,-1,-1,-1,-1,-1,-1,-1,-1,0.228,1,0.4,-1,-1,-0.306,0.976,1,0.173,-0.828,-1,-1,-1,-1,-1,-0.174,0.813,0.825,-0.637,-1,-1,-1,0.431,1,1,0.877,0.377,0.091,0.091,0.091,0.797,0.974,0.965,-0.182,-1,-1,-1,-1,-0.902,0.455,0.976,1,1,1,1,1,1,0.736,-0.548,-1,-1,-1,-1,-1,-1,-1,-0.53,0.119,0.791,1,0.471,0.679,0.029,-0.776,-1,-1,-1,-1
"403",-1,-1,-1,-1,-0.626,0.317,-0.33,-0.988,-1,-1,-1,-1,-1,-1,-1,-1,-1,-1,-1,-1,-1,-0.606,0.93,0.479,-0.448,-1,-1,-1,-1,-1,-1,-1,-1,-1,-1,-1,-1,-1,0.041,0.976,0.994,-0.2,-1,-1,-1,-1,-1,-1,-1,-1,-1,-1,-1,-1,-0.885,0.683,0.982,0.975,-0.309,-1,-1,-1,-1,-1,-1,-1,-1,-1,-1,-1,-0.91,0.833,0.978,0.998,0.708,-0.937,-1,-1,-1,-1,-1,-1,-1,-1,-1,-1,-0.338,0.984,0.981,0.995,0.932,-0.612,-1,-1,-1,-1,-1,-1,-1,-1,-1,-0.929,0.576,0.992,0.98,0.994,0.97,-0.515,-1,-1,-1,-1,-1,-1,-1,-1,-1,-0.786,0.912,0.993,0.979,0.996,0.868,-0.649,-1,-1,-1,-1,-1,-1,-1,-1,-1,-0.22,0.983,0.993,0.978,0.996,0.386,-1,-1,-1,-1,-1,-1,-1,-1,-1,-0.993,0.383,0.998,0.994,0.974,0.996,-0.284,-1,-1,-1,-1,-1,-1,-1,-1,-1,-1,0.273,0.975,1,0.978,0.932,-0.628,-1,-1,-1,-1,-1,-1,-1,-1,-1,-1,0.214,0.981,0.995,0.976,0.141,-1,-1,-1,-1,-1,-1,-1,-1,-1,-1,-1,-0.041,0.98,0.995,0.975,-0.081,-1,-1,-1,-1,-1,-1,-1,-1,-1,-1,-1,-0.891,0.816,0.996,0.991,0.563,-0.989,-1,-1,-1,-1,-1,-1,-1,-1,-1,-1,-1,-0.431,0.824,0.992,0.871,-0.675,-1,-1,-1,-1,-1,-1,-1,-1,-1,-1,-1,-1,-0.846,-0.024,0.725,0.033,-1,-1,-1,-1,-1
"404",-1,-1,-1,-1,-1,-1,-0.131,0.592,0.989,0.153,-0.991,-1,-1,-1,-1,-1,-1,-1,-1,-1,-1,-1,-0.015,1,0.986,0.422,-0.966,-1,-1,-1,-1,-1,-1,-1,-1,-1,-1,-1,0.191,0.99,0.996,0.572,-0.997,-1,-1,-1,-1,-1,-1,-1,-1,-1,-1,-1,0.225,0.995,0.991,0.909,-0.88,-1,-1,-1,-1,-1,-1,-1,-1,-1,-1,-0.998,0.499,0.997,0.989,0.85,-0.935,-1,-1,-1,-1,-1,-1,-1,-1,-1,-1,-1,0.054,0.989,0.997,0.954,-0.754,-1,-1,-1,-1,-1,-1,-1,-1,-1,-1,-1,0.087,0.996,0.99,0.877,-0.873,-1,-1,-1,-1,-1,-1,-1,-1,-1,-1,-0.999,0.452,0.99,0.996,0.974,-0.685,-1,-1,-1,-1,-1,-1,-1,-1,-1,-1,-0.712,0.767,0.988,0.998,0.952,-0.778,-1,-1,-1,-1,-1,-1,-1,-1,-1,-1,-0.916,0.841,0.997,0.989,0.738,-0.921,-1,-1,-1,-1,-1,-1,-1,-1,-1,-1,-0.99,0.632,0.987,0.999,-0.039,-1,-1,-1,-1,-1,-1,-1,-1,-1,-1,-1,-1,0.348,0.998,0.988,-0.233,-1,-1,-1,-1,-1,-1,-1,-1,-1,-1,-1,-1,-0.017,0.991,0.995,-0.112,-1,-1,-1,-1,-1,-1,-1,-1,-1,-1,-1,-1,-0.308,0.994,0.992,0.016,-1,-1,-1,-1,-1,-1,-1,-1,-1,-1,-1,-1,-0.891,0.799,0.99,0.145,-1,-1,-1,-1,-1,-1,-1,-1,-1,-1,-1,-1,-1,-0.615,0.762,0.431,-1,-1,-1,-1,-1,-1
"405",-1,-1,-1,-1,-1,-1,-1,-1,-1,-1,0.313,0.3,-0.909,-1,-1,-1,-1,-1,-1,-1,-1,-1,-1,-1,-1,-0.941,0.873,0.883,-0.936,-1,-1,-1,-1,-1,-1,-1,-1,-1,-1,-1,-1,-0.487,1,0.366,-1,-1,-1,-1,-1,-1,-1,-1,-0.565,-0.965,-1,-1,-1,0.447,1,0.196,-1,-1,-1,-1,-1,-1,-1,-1,0.005,-0.257,-1,-1,-1,0.602,1,-0.312,-1,-1,-1,-1,-1,-1,-1,-0.929,0.721,-0.044,-1,-1,-0.984,0.756,1,-0.57,-1,-1,-1,-1,-1,-1,-1,-0.127,1,0.315,-1,-1,-0.923,0.938,0.916,-0.906,-1,-1,-1,-1,-1,-1,-1,0.013,1,0.233,-1,-1,-0.919,0.898,0.429,-1,-1,-1,-1,-1,-1,-1,-1,-0.516,0.979,0.77,-0.437,-0.741,-0.058,1,-0.117,-0.969,-0.993,-1,-1,-1,-1,-1,-1,-1,-0.239,0.697,1,1,1,1,1,0.794,-0.194,-1,-1,-1,-1,-1,-1,-1,-1,-0.951,-0.353,0.333,0.618,1,0.631,0.324,-0.479,-1,-1,-1,-1,-1,-1,-1,-1,-1,-1,-1,-0.326,1,0.014,-1,-1,-1,-1,-1,-1,-1,-1,-1,-1,-1,-1,-1,-0.553,1,0.241,-1,-1,-1,-1,-1,-1,-1,-1,-1,-1,-1,-1,-1,-0.967,0.791,0.365,-1,-1,-1,-1,-1,-1,-1,-1,-1,-1,-1,-1,-1,-1,0.024,0.952,-0.612,-1,-1,-1,-1,-1,-1,-1,-1,-1,-1,-1,-1,-1,-0.99,-0.11,0.659,-0.87,-1,-1,-1
"406",-1,-1,-1,-1,-1,-1,-0.953,0.876,0.546,-0.978,-1,-1,-1,-1,-1,-1,-1,-1,-1,-1,-1,-1,-0.98,0.778,0.973,-0.825,-1,-1,-1,-1,-1,-1,-1,-1,-1,-1,-1,-1,-0.851,0.95,1,-0.487,-1,-1,-1,-1,-1,-1,-1,-1,-1,-1,-1,-1,-0.653,0.998,1,-0.335,-1,-1,-1,-1,-1,-1,-1,-1,-1,-1,-1,-1,-0.593,1,1,-0.396,-1,-1,-1,-1,-1,-1,-1,-1,-1,-1,-1,-1,-0.742,0.996,1,-0.323,-1,-1,-1,-1,-1,-1,-1,-1,-1,-1,-1,-1,-0.685,1,1,-0.531,-1,-1,-1,-1,-1,-1,-1,-1,-1,-1,-1,-1,-0.51,0.992,1,-0.592,-1,-1,-1,-1,-1,-1,-1,-1,-1,-1,-1,-1,-0.55,1,1,-0.559,-1,-1,-1,-1,-1,-1,-1,-1,-1,-1,-1,-1,-0.702,1,0.998,-0.725,-1,-1,-1,-1,-1,-1,-1,-1,-1,-1,-1,-1,-0.495,1,0.935,-0.869,-1,-1,-1,-1,-1,-1,-1,-1,-1,-1,-1,-1,-0.354,1,0.979,-0.841,-1,-1,-1,-1,-1,-1,-1,-1,-1,-1,-1,-1,-0.293,1,1,-0.709,-1,-1,-1,-1,-1,-1,-1,-1,-1,-1,-1,-1,-0.445,1,0.992,-0.762,-1,-1,-1,-1,-1,-1,-1,-1,-1,-1,-1,-1,-0.979,0.755,0.967,-0.798,-1,-1,-1,-1,-1,-1,-1,-1,-1,-1,-1,-1,-1,-0.249,0.993,-0.252,-1,-1,-1,-1,-1,-1
"407",-1,-1,-1,-1,-1,-0.981,0.526,0.863,-0.447,-0.995,-1,-1,-1,-1,-1,-1,-1,-1,-1,-1,-1,-0.719,0.997,1,1,0.238,-0.613,-1,-1,-1,-1,-1,-1,-1,-1,-1,-1,-1,0.513,1,1,1,0.956,-0.861,-1,-1,-1,-1,-1,-1,-1,-1,-1,-0.932,-0.292,1,1,1,1,-0.227,-1,-1,-1,-1,-1,-1,-1,-1,-0.843,0.409,1,1,1,1,1,0.451,-1,-1,-1,-1,-1,-1,-1,-0.662,0.547,1,1,1,1,1,1,0.967,-0.839,-1,-1,-1,-1,-1,-0.456,0.662,1,1,1,1,0.855,0.94,1,1,0.002,-0.99,-1,-1,-1,-1,0.115,1,1,1,1,0.999,-0.213,-0.4,1,1,1,-0.547,-1,-1,-1,-0.69,0.861,1,1,1,0.946,-0.266,-0.95,-1,0.658,1,1,0.13,-1,-1,-1,-0.272,1,1,1,1,0.173,-0.999,-1,-1,-0.02,1,1,0.792,-0.984,-1,-1,0.05,1,1,1,0.966,-0.789,-1,-1,-0.988,-0.063,1,1,1,-0.515,-1,-1,0.019,1,1,1,1,0.081,-0.273,-0.273,0.492,0.978,1,1,1,0.162,-1,-1,-0.659,1,1,1,1,1,1,1,1,1,1,1,0.999,-0.394,-1,-1,-1,-0.218,1,1,1,1,1,1,1,1,1,1,0.26,-0.975,-1,-1,-1,-0.98,-0.307,0.51,1,1,1,1,1,1,1,0.36,-0.836,-1,-1,-1,-1,-1,-1,-0.977,-0.627,0.03,0.712,0.758,0.03,0.03,-0.459,-0.977,-1,-1,-1
"408",-1,-1,-1,-1,-1,-1,-0.973,0.048,0.156,0.156,0.036,-0.962,-1,-1,-1,-1,-1,-1,-1,-1,-1,-0.774,0.279,1,1,1,1,0.311,-1,-1,-1,-1,-1,-1,-1,-1,-0.536,0.502,1,1,1,1,1,-0.164,-1,-1,-1,-1,-1,-1,-1,-0.766,0.796,1,1,1,1,1,1,0.345,-1,-1,-1,-1,-1,-1,-0.928,0.386,1,1,1,1,1,1,1,0.933,-0.176,-1,-1,-1,-1,-1,-0.114,1,1,1,1,1,1,0.821,1,1,0.808,-0.5,-1,-1,-1,-0.582,0.896,1,1,1,1,0.524,-0.248,-0.486,0.922,1,1,0.184,-1,-1,-0.938,0.681,1,1,1,1,0.89,-0.725,-1,-1,-0.247,1,1,0.813,-0.484,-1,-0.719,0.897,1,1,1,1,-0.352,-1,-1,-1,-1,0.112,1,1,0.597,-0.717,-0.387,1,1,1,1,0.19,-0.97,-1,-1,-1,-0.795,0.163,1,1,1,0.024,0.634,1,1,1,0.661,-0.869,-1,-1,-1,-0.962,0.345,1,1,1,1,0.582,0.254,1,1,1,0.801,0.505,0.505,0.505,0.505,0.507,0.993,1,1,1,1,0.326,-0.304,1,1,1,1,1,1,1,1,1,1,1,1,1,1,0.477,-0.875,0.342,0.987,1,1,1,1,1,1,1,1,1,1,1,0.912,-0.555,-1,-1,-0.131,1,1,1,1,1,1,1,1,1,0.643,-0.009,-0.871,-1,-1,-1,-0.998,-0.494,0.156,0.156,0.156,0.156,0.156,0.156,0.156,-0.147,-0.947,-1,-1,-1
"409",-1,-1,-1,-1,-1,-1,-0.912,0.594,0.829,-0.763,-1,-1,-1,-1,-1,-1,-1,-1,-1,-1,-1,-1,-0.165,1,0.827,-0.582,-1,-1,-1,-1,-1,-1,-1,-1,-1,-1,-1,-1,0.398,1,0.301,-1,-1,-1,-1,-1,-1,-1,-1,-1,-1,-1,-1,-1,0.371,1,0.366,-1,-1,-1,-1,-1,-1,-1,-1,-1,-1,-1,-1,-1,0.249,1,0.336,-1,-1,-1,-1,-1,-1,-1,-1,-1,-1,-1,-1,-1,0.489,1,0.325,-1,-1,-1,-1,-1,-1,-1,-1,-1,-1,-1,-1,-1,0.709,1,0.256,-1,-1,-1,-1,-1,-1,-1,-1,-1,-1,-1,-1,-1,0.454,1,0.207,-1,-1,-1,-1,-1,-1,-1,-1,-1,-1,-1,-1,-1,0.561,1,0.253,-1,-1,-1,-1,-1,-1,-1,-1,-1,-1,-1,-1,-0.992,0.602,1,0.393,-1,-1,-1,-1,-1,-1,-1,-1,-1,-1,-1,-1,-0.993,0.824,1,0.097,-1,-1,-1,-1,-1,-1,-1,-1,-1,-1,-1,-1,-0.845,0.915,1,-0.485,-1,-1,-1,-1,-1,-1,-1,-1,-1,-1,-1,-1,-0.727,0.999,0.997,-0.703,-1,-1,-1,-1,-1,-1,-1,-1,-1,-1,-1,-1,-0.85,0.942,0.997,-0.676,-1,-1,-1,-1,-1,-1,-1,-1,-1,-1,-1,-1,-1,-0.056,1,0.354,-0.242,-0.957,-1,-1,-1,-1,-1,-1,-1,-1,-1,-1,-1,-0.95,-0.005,0.855,0.697,-0.804,-1,-1,-1,-1,-1
"410",-1,-1,-1,-1,-1,-1,-1,-1,-1,-1,-1,-1,-1,-1,-1,-1,-1,-1,-1,-1,-1,-1,-1,-1,-1,-1,-1,-1,-1,-0.45,-0.62,-1,-1,-1,-1,-1,-1,-0.936,-1,-1,-1,-1,-1,-0.989,-0.146,0.996,-0.049,-1,-1,-1,-1,-0.64,0.541,0.858,-0.722,-1,-1,-1,-1,-0.104,1,0.629,-0.964,-1,-1,-0.994,-0.061,0.896,0.97,-0.147,-1,-1,-1,-1,-0.682,0.97,0.99,-0.545,-1,-1,-1,0.176,1,0.958,-0.331,-1,-1,-1,-1,-1,0.305,1,0.235,-1,-1,-1,-0.129,0.997,0.728,-0.691,-1,-1,-1,-1,-1,-0.755,0.96,0.813,-0.809,-1,-1,-1,0.789,0.857,-0.834,-1,-1,-1,-1,-1,-0.95,0.536,1,-0.196,-1,-1,-1,-1,0.403,0.958,0.291,-0.609,-1,-1,-1,-1,0.171,1,0.412,-1,-1,-1,-1,-1,-0.657,0.457,0.998,0.969,0.805,0.642,0.366,0.077,0.936,1,-0.253,-0.705,-0.512,-0.663,-0.951,-0.957,-1,-1,-0.437,0.063,0.537,0.848,1,1,1,1,1,1,1,1,1,0.659,-1,-1,-1,-1,-1,-0.933,-0.854,0.699,0.834,0.024,0.024,0.024,-0.136,-0.415,-0.604,-0.939,-1,-1,-1,-1,-1,-1,-1,0.719,0.354,-1,-1,-1,-1,-1,-1,-1,-1,-1,-1,-1,-1,-1,-1,0.173,0.892,-0.382,-1,-1,-1,-1,-1,-1,-1,-1,-1,-1,-1,-1,-1,-0.966,-0.329,-0.614,-1,-1,-1,-1,-1,-1,-1,-1,-1,-1,-1,-1,-1,-1,-1,-1,-1,-1,-1,-1,-1,-1
"411",-1,-1,-1,-1,-1,-1,-1,-1,-1,-1,-1,-1,-1,-1,-1,-1,-1,-1,-1,-1,-1,-1,-1,-1,-1,-0.991,-0.261,0.56,-0.077,-1,-1,-1,-1,-1,-1,-1,-1,-1,-1,-1,-0.995,0.132,0.997,0.839,-0.487,-1,-1,-1,-1,-1,-1,-1,-1,-1,-1,-1,-0.102,0.994,0.91,-0.645,-1,-1,-1,-1,-1,-1,-1,-1,-1,-1,-1,-0.407,0.99,0.993,-0.442,-1,-1,-1,-1,-1,-1,-0.897,-1,-1,-1,-1,-1,0.236,1,0.451,-0.999,-1,-1,-1,-1,-1,-0.833,0.697,-0.015,-1,-1,-1,-0.905,0.924,1,-0.551,-1,-1,-1,-1,-1,-1,0.452,1,0.177,-1,-1,-1,-0.285,1,0.704,-0.952,-1,-1,-1,-1,-1,-1,0.738,1,-0.409,-1,-1,-1,-0.138,1,0.027,-1,-1,-1,-1,-1,-1,-1,0.43,0.999,-0.658,-1,-1,-1,0.279,0.989,-0.496,-1,-1,-1,-1,-1,-1,-1,-0.824,0.936,0.629,-0.471,-1,-0.979,0.763,0.783,-0.957,-1,-1,-1,-1,-1,-1,-1,-1,-0.595,0.664,0.999,0.684,0.469,0.99,0.365,-1,-1,-1,-1,-1,-1,-0.97,-0.979,-1,-1,-0.933,-0.282,0.573,0.983,1,0.995,0.568,0.562,0.195,0.094,0.095,0.548,0.958,0.5,-1,-1,-1,-1,-1,0.14,0.921,0.499,0.833,1,1,1,1,0.798,0.188,-0.808,-1,-1,-1,-1,-1,-0.245,-0.172,-1,-0.934,-0.812,-0.404,-0.452,-0.812,-0.937,-1,-1,-1,-1,-1,-1,-1,-1,-1,-1,-1,-1,-1,-1,-1,-1,-1,-1
"412",-1,-1,-1,-1,-1,-1,-1,-1,-1,-1,-1,-1,-1,-1,-1,-1,-1,-1,-1,-1,-1,-1,-1,-1,-1,-1,-1,-1,-1,-1,-1,-1,-1,-1,-1,-1,-1,-1,-1,-1,-1,-1,-1,-1,-1,-1,-1,-1,-1,-1,-1,-1,-1,-1,-1,-1,-1,-1,-1,-1,-1,-1,-1,-1,-1,-1,-1,-1,-1,-1,-1,-1,-1,-1,-1,-1,-1,-1,-1,-1,-1,-1,-0.546,-0.327,-0.98,-1,-0.992,-0.442,-0.993,-1,-1,-1,-1,-1,-0.958,-0.468,-1,-0.434,0.656,0.945,0.192,0.152,0.16,0.793,0.171,0.151,0.153,0.152,0.152,0.152,0.061,-0.352,-0.521,0.728,1,1,1,1,1,1,1,1,1,1,1,0.973,-0.41,-0.979,-0.427,0.576,0.643,1,1,1,1,1,1,1,1,1,0.702,-0.616,-1,-1,-1,-1,-0.93,0.109,0.152,0.805,1,1,1,1,1,0.605,-0.502,-1,-1,-1,-1,-1,-1,-1,-1,-0.462,-0.272,-0.272,-0.272,-0.272,-0.272,-0.589,-1,-1,-1,-1,-1,-1,-1,-1,-1,-1,-1,-1,-1,-1,-1,-1,-1,-1,-1,-1,-1,-1,-1,-1,-1,-1,-1,-1,-1,-1,-1,-1,-1,-1,-1,-1,-1,-1,-1,-1,-1,-1,-1,-1,-1,-1,-1,-1,-1,-1,-1,-1,-1,-1,-1,-1,-1,-1,-1,-1,-1,-1,-1,-1,-1,-1,-1,-1,-1,-1,-1,-1,-1,-1,-1,-1,-1,-1,-1,-1,-1,-1,-1,-1
"413",-1,-1,-1,-1,-1,-1,-0.906,0.17,0.951,-0.263,-1,-1,-1,-1,-1,-1,-1,-1,-1,-1,-1,-0.982,0.343,1,0.53,0.919,-0.773,-1,-1,-1,-1,-1,-1,-1,-1,-1,-1,-0.289,1,0.399,-0.97,0.838,0.015,-1,-1,-1,-1,-1,-1,-1,-1,-1,-1,0.251,0.985,-0.578,-0.985,0.905,0.474,-1,-1,-1,-1,-1,-1,-1,-1,-1,-0.866,0.909,0.874,-0.979,-1,0.55,0.843,-0.999,-1,-1,-1,-1,-1,-1,-1,-1,-0.563,0.999,0.325,-1,-1,0.18,0.86,-0.97,-1,-1,-1,-1,-1,-1,-1,-1,-0.273,1,0.049,-1,-1,-0.19,0.99,-0.891,-1,-1,-1,-1,-1,-1,-1,-1,0.209,0.986,-0.684,-1,-1,-0.56,1,-0.296,-1,-1,-1,-1,-1,-1,-1,-1,0.353,0.665,-0.992,-1,-1,-0.912,0.982,-0.029,-1,-1,-1,-1,-1,-1,-1,-1,0.718,0.426,-1,-1,-1,-0.885,0.967,0.665,-1,-1,-1,-1,-1,-1,-1,-1,0.612,0.179,-1,-1,-1,-1,0.815,0.579,-1,-1,-1,-1,-1,-1,-1,-0.957,0.933,0.344,-1,-1,-1,-0.969,0.649,0.572,-0.976,-1,-1,-1,-1,-1,-1,-1,0.68,0.714,-1,-1,-1,-0.691,1,0.375,-0.981,-1,-1,-1,-1,-1,-1,-1,0.222,0.986,-0.609,-1,-0.71,0.617,1,-0.294,-1,-1,-1,-1,-1,-1,-1,-1,-0.941,0.499,0.955,0.879,0.932,1,0.483,-0.964,-1,-1,-1,-1,-1,-1,-1,-1,-1,-0.909,0.246,1,0.954,0.204,-0.973,-1,-1,-1,-1,-1
"414",-1,-1,-1,-0.916,0.342,-0.714,-1,-1,-1,-0.895,0.937,-0.42,-1,-1,-1,-1,-1,-1,-1,-0.334,1,-0.736,-1,-1,-1,0.089,0.787,-0.526,-1,-1,-1,-1,-1,-1,-1,0.264,0.844,-0.973,-1,-1,-0.776,0.889,0.243,-1,-1,-1,-1,-1,-1,-1,-1,0.742,0.245,-1,-1,-1,-0.283,1,-0.235,-1,-1,-1,-1,-1,-1,-1,-0.551,0.993,-0.273,-1,-1,-1,0.593,0.961,-0.805,-1,-1,-1,-1,-1,-1,-1,-0.149,1,-0.58,-1,-1,-0.864,0.958,0.462,-1,-1,-1,-1,-1,-1,-1,-1,-0.109,1,-0.825,-1,-1,-0.428,1,-0.068,-1,-1,-1,-1,-1,-1,-1,-1,-0.256,1,-0.433,-0.787,-0.556,0.298,1,0.002,0.067,0.255,0.493,-0.584,-1,-1,-1,-1,-0.967,0.704,1,1,1,1,1,1,0.964,0.333,-0.394,-0.936,-1,-1,-1,-1,-1,-0.914,-0.149,0.2,-0.076,1,0.541,-0.43,-0.799,-1,-1,-1,-1,-1,-1,-1,-1,-1,-1,-1,-0.482,1,0.037,-1,-1,-1,-1,-1,-1,-1,-1,-1,-1,-1,-1,-1,-0.277,1,-0.452,-1,-1,-1,-1,-1,-1,-1,-1,-1,-1,-1,-1,-1,0.292,1,-0.697,-1,-1,-1,-1,-1,-1,-1,-1,-1,-1,-1,-1,-1,0.406,0.809,-0.984,-1,-1,-1,-1,-1,-1,-1,-1,-1,-1,-1,-1,-0.963,0.847,0.438,-1,-1,-1,-1,-1,-1,-1,-1,-1,-1,-1,-1,-1,-0.989,0.441,-0.131,-1,-1,-1,-1,-1,-1,-1,-1
"415",-1,-1,-1,-1,-0.736,0.22,0.999,0.779,-0.764,-1,-1,-1,-1,-1,-1,-1,-1,-1,-1,0.16,1,1,1,1,0.691,-0.853,-1,-1,-1,-1,-1,-1,-1,-1,-0.163,1,1,1,1,1,1,0.103,-0.441,-1,-1,-1,-1,-1,-1,-1,0.014,1,0.971,0,-0.984,-0.485,1,1,0.999,-0.514,-1,-1,-1,-1,-1,-1,0.191,0.883,-0.573,-1,-1,-1,-0.926,0.618,1,0.926,-0.618,-1,-1,-1,-1,-1,0.161,-0.661,-1,-1,-1,-1,-1,-0.632,1,1,0.838,-0.706,-1,-1,-1,-1,-1,-1,-1,-1,-1,-1,-1,-1,0.544,1,1,-0.045,-1,-1,-1,-1,-1,-1,-1,-1,-1,-1,-1,-1,-0.279,1,1,0.279,-1,-1,-1,-1,-1,-1,-1,-1,-1,-1,-1,-1,-0.102,1,1,0.102,-1,-1,-1,-1,-1,-1,-1,-1,-1,-1,-1,-0.941,0.515,1,0.941,-0.515,-1,-1,-1,-1,-1,-0.5,-1,-1,-1,-1,-1,-0.249,1,1,0.249,-1,-1,-1,-1,-1,-1,0.427,-0.427,-1,-1,-1,-0.072,1,1,1,-0.428,-1,-1,-1,-1,-1,-1,0.604,0.72,0,0.28,1,1,1,1,-0.104,-1,-1,-1,-1,-1,-1,-1,0.78,1,1,1,1,1,1,-0.281,-1,-1,-1,-1,-1,-1,-1,-0.994,0.951,1,1,1,1,0.499,-0.457,-1,-1,-1,-1,-1,-1,-1,-1,-0.866,0.999,0.411,0,0,-0.545,-1,-1,-1,-1,-1,-1,-1,-1
"416",-1,-1,-1,-1,-0.835,0.265,0.999,0.234,-0.665,-1,-1,-1,-1,-1,-1,-1,-1,-1,-1,-0.999,0.526,1,1,1,1,0.435,-0.001,-0.963,-1,-1,-1,-1,-1,-1,-0.738,0.862,1,1,1,1,1,1,1,1,-0.125,-1,-1,-1,-1,-0.939,0.661,1,1,1,1,0.439,0,0,0.561,1,0.838,-0.561,-1,-1,-1,-0.181,1,1,0.641,-0.46,-1,-1,-1,-1,-0.54,0.859,1,0.999,-0.319,-1,-1,-0.084,1,1,0.084,-1,-1,-1,-1,-1,-1,-0.741,0.658,1,0.583,-1,-1,0.013,1,0.486,-1,-1,-1,-1,-1,-1,-1,-1,-0.942,0.956,0.942,-0.957,-1,0.111,1,-0.111,-1,-1,-1,-1,-1,-1,-1,-1,-1,0.611,0.745,-0.856,-1,0.208,0.946,-0.654,-1,-1,-1,-1,-1,-1,-1,-1,-1,0.209,0.791,-1,-1,0.805,0.648,-0.953,-1,-1,-1,-1,-1,-1,-1,-1,-0.647,0.953,1,-0.806,-0.849,0.752,0.598,-1,-1,-1,-1,-1,-1,-1,-1,-0.849,0.752,1,0.849,-0.752,-0.95,0.949,0.95,-0.949,-1,-1,-1,-1,-1,-1,-1,0.5,1,1,0.5,-1,-0.752,0.849,1,0.651,-0.748,-1,-1,-1,-0.751,0,0.849,1,1,1,-0.098,-1,-0.806,1,1,1,1,1,1,1,1,1,1,1,1,0.305,-1,-1,-1,-0.554,0.845,1,1,1,1,1,1,1,1,1,0.154,-0.946,-1,-1,-1,-1,-0.755,0,0.644,0.999,0.999,0.999,0.999,0.355,-0.245,-1,-1,-1,-1,-1
"417",-1,-1,-1,-1,-1,-1,0.454,0.95,-0.807,-1,-1,-1,-1,-1,-1,-1,-1,-1,-1,-1,-1,-1,0.222,1,0.332,-0.966,-1,-1,-1,-1,-1,-1,-1,-1,-1,-1,-1,-1,-0.011,1,1,-0.316,-1,-1,-1,-1,-1,-1,-1,-1,-1,-1,-1,-1,-0.244,1,1,0.488,-1,-1,-1,-1,-1,-1,-1,-1,-1,-1,-1,-1,-0.419,1,1,0.416,-1,-1,-1,-1,-1,-1,-1,-1,-1,-1,-1,-1,-0.576,1,1,0.645,-0.997,-1,-1,-1,-1,-1,-1,-1,-1,-1,-1,-1,-0.506,0.983,1,0.577,-1,-1,-1,-1,-1,-1,-1,-1,-1,-1,-1,-1,-0.566,1,1,0.779,-0.97,-1,-1,-1,-1,-1,-1,-1,-1,-1,-1,-1,-0.475,1,1,0.727,-0.989,-1,-1,-1,-1,-1,-1,-1,-1,-1,-1,-1,0.054,1,1,0.665,-0.999,-1,-1,-1,-1,-1,-1,-1,-1,-1,-1,-1,0.183,1,1,0.232,-1,-1,-1,-1,-1,-1,-1,-1,-1,-1,-1,-0.999,0.672,1,1,-0.182,-1,-1,-1,-1,-1,-1,-1,-1,-1,-1,-1,-0.989,0.734,1,1,-0.501,-1,-1,-1,-1,-1,-1,-1,-1,-1,-1,-1,-0.97,0.787,1,1,-0.573,-1,-1,-1,-1,-1,-1,-1,-1,-1,-1,-1,-1,0.016,0.997,1,-0.34,-1,-1,-1,-1,-1,-1,-1,-1,-1,-1,-1,-1,-1,0.181,0.959,-0.676,-1,-1,-1,-1,-1,-1
"418",-1,-1,-0.948,-0.376,0.111,0.115,0.896,0.112,0.111,-0.489,-0.83,-1,-1,-1,-1,-1,-1,-0.908,0.335,1,1,1,1,1,1,1,0.9,-0.164,-0.991,-1,-1,-1,-1,-0.066,1,1,1,1,1,1,1,1,1,1,0.189,-1,-1,-1,-0.986,0.735,1,1,1,1,1,0.471,-0.273,-0.778,0.235,1,0.979,-0.037,-1,-1,-1,-0.82,0.42,1,1,1,0.765,-0.884,-1,-1,-1,0.527,1,0.783,-0.977,-1,-1,-1,-0.528,0.968,1,1,-0.132,-1,-1,-1,-1,-0.041,1,1,-0.428,-1,-1,-1,0.354,1,1,0.938,-0.588,-1,-1,-1,-1,0.181,1,1,0.337,-1,-1,-0.844,0.815,1,1,0.842,-0.912,-1,-1,-1,-1,0.403,1,1,0.694,-0.986,-1,-0.214,1,1,1,-0.181,-1,-1,-1,-1,-0.835,0.659,1,1,0.386,-1,-1,0.403,1,1,0.935,-0.536,-1,-1,-1,-0.884,0.708,1,1,1,-0.231,-1,-1,-0.066,1,1,0.486,-1,-1,-1,-1,0.033,1,1,1,0.73,-0.874,-1,-1,-0.041,1,1,0.653,-0.994,-1,-0.822,-0.072,0.927,1,1,1,-0.354,-1,-1,-1,0.181,1,1,0.866,-0.275,0.111,0.928,1,1,1,0.956,0.282,-1,-1,-1,-1,-0.611,0.828,1,1,1,1,1,1,1,0.924,0.116,-1,-1,-1,-1,-1,-1,-0.408,0.872,1,1,1,1,1,1,0.14,-1,-1,-1,-1,-1,-1,-1,-1,-0.686,0.212,1,1,1,0.898,-0.241,-0.914,-1,-1,-1,-1,-1
"419",-1,-1,-1,-1,-1,0.143,0.503,-0.636,-1,-1,-1,-1,-1,-1,-1,-1,-1,-1,-1,-1,-1,0.057,0.971,0.948,-0.352,-1,-1,-1,-1,-1,-1,-1,-1,-1,-1,-1,-1,-1,0.388,1,0.901,-0.956,-1,-1,-1,-1,-1,-1,-1,-1,-1,-1,-1,-1,-0.562,0.964,1,0.221,-1,-1,-1,-1,-1,-1,-1,-1,-1,-1,-1,-1,-1,0.488,1,0.921,-0.495,-1,-1,-1,-1,-1,-1,-1,-1,-1,-1,-1,-1,-0.785,0.996,1,0.122,-1,-1,-1,-1,-1,-1,-1,-1,-1,-1,-1,-1,-0.642,0.991,1,0.564,-1,-1,-1,-1,-1,-1,-1,-1,-1,-1,-1,-1,-0.548,1,1,0.462,-1,-1,-1,-1,-1,-1,-1,-1,-1,-1,-1,-1,0.025,1,1,0.07,-1,-1,-1,-1,-1,-1,-1,-1,-1,-1,-1,-0.969,0.459,1,0.978,-0.373,-1,-1,-1,-1,-1,-1,-1,-1,-1,-1,-1,-0.428,1,1,0.791,-0.977,-1,-1,-1,-1,-1,-1,-1,-1,-1,-1,-1,0.399,1,1,0.276,-1,-1,-1,-1,-1,-1,-1,-1,-1,-1,-1,-0.981,0.809,1,0.982,-0.461,-1,-1,-1,-1,-1,-1,-1,-1,-1,-1,-1,-0.931,0.861,1,0.693,-0.999,-1,-1,-1,-1,-1,-1,-1,-1,-1,-1,-1,-1,0.632,1,0.592,-1,-1,-1,-1,-1,-1,-1,-1,-1,-1,-1,-1,-1,-0.556,0.766,0.199,-1,-1,-1,-1,-1,-1,-1
"420",-1,-1,-1,-1,-1,-1,-0.662,0.157,-1,-1,-1,-1,-1,-1,-1,-1,-1,-1,-1,-1,-1,-1,-0.972,0.785,-0.643,-1,-1,-1,-1,-1,-1,-1,-1,-1,-1,-1,-1,-1,-1,0.033,-0.041,-1,-1,-1,-1,-1,-1,-1,-1,-1,-1,-1,-1,-1,-1,-0.415,0.691,-1,-1,-1,-1,-1,-1,-1,-1,-1,-1,-1,-1,-1,-1,-0.792,0.835,-0.998,-1,-1,-1,-1,-1,-1,-1,-1,-1,-1,-1,-1,-1,-0.971,0.936,-0.812,-1,-1,-1,-1,-1,-1,-1,-1,-1,-1,-1,-1,-1,-1,0.776,-0.641,-1,-1,-1,-1,-1,-1,-1,-1,-1,-1,-1,-1,-1,-0.999,0.825,-0.656,-1,-1,-1,-1,-1,-1,-1,-1,-1,-1,-1,-1,-1,-0.93,0.983,-0.723,-1,-1,-1,-1,-1,-1,-1,-1,-1,-1,-1,-1,-1,-0.861,1,-0.809,-1,-1,-1,-1,-1,-1,-1,-1,-1,-1,-1,-1,-1,-0.634,0.821,-0.981,-1,-1,-1,-1,-1,-1,-1,-1,-1,-1,-1,-1,-1,-0.193,0.399,-1,-1,-1,-1,-1,-1,-1,-1,-1,-1,-1,-1,-1,-1,0.053,0.188,-1,-1,-1,-1,-1,-1,-1,-1,-1,-1,-1,-1,-1,-1,0.352,-0.146,-1,-1,-1,-1,-1,-1,-1,-1,-1,-1,-1,-1,-1,-1,0.508,-0.463,-1,-1,-1,-1,-1,-1,-1,-1,-1,-1,-1,-1,-1,-1,0.309,-0.513,-1,-1,-1,-1,-1,-1,-1
"421",-1,-1,-1,-1,-1,-1,-1,-1,0.234,-0.989,-1,-1,-1,-1,-1,-1,-1,-1,-1,-1,-1,-1,-1,-0.466,0.75,-1,-1,-1,-1,-1,-1,-1,-1,-1,-1,-1,-1,-1,-0.999,0.564,0.138,-1,-1,-1,-1,-1,-1,-1,-1,-1,-1,-1,-1,-1,-0.891,0.88,0.745,-0.889,-1,-1,-1,-1,-1,-1,-1,-1,-1,-1,-1,-1,-0.251,0.742,-0.016,0.263,-1,-1,-1,-1,-1,-1,-1,-1,-1,-1,-1,-1,0.4,0.093,-0.944,0.669,-0.794,-1,-1,-1,-1,-1,-1,-1,-1,-1,-1,-0.866,0.918,-0.52,-1,0.103,-0.138,-1,-1,-1,-1,-1,-1,-1,-1,-1,-1,-0.274,0.829,-0.954,-1,-0.401,0.511,-1,-1,-1,-1,-1,-1,-1,-1,-1,-1,0.38,0.22,-1,-1,-0.83,0.852,-0.958,-1,-1,-1,-1,-1,-1,-1,-1,-0.957,0.896,-0.501,-1,-1,-1,0.728,-0.595,-1,-1,-1,-1,-1,-1,-1,-1,-0.503,0.943,-0.955,-1,-1,-1,0.349,-0.262,-1,-1,-1,-1,-1,-1,-1,-1,-0.211,0.649,-1,-1,-1,-1,0.292,-0.124,-1,-1,-1,-1,-1,-1,-1,-1,-0.198,0.483,-1,-1,-1,-1,0.436,-0.183,-1,-1,-1,-1,-1,-1,-1,-1,-0.717,0.824,-0.886,-1,-1,-0.857,0.867,-0.571,-1,-1,-1,-1,-1,-1,-1,-1,-1,0.083,0.465,-0.533,-0.445,0.573,0.32,-1,-1,-1,-1,-1,-1,-1,-1,-1,-1,-0.972,-0.106,0.892,1,0.481,-0.754,-1,-1,-1,-1,-1
"422",-1,-1,-1,-1,-1,-1,-1,0.206,-0.367,-1,-1,-1,-1,-1,-1,-1,-1,-1,-1,-1,-1,-1,-1,0.62,-0.548,-1,-1,-1,-1,-1,-1,-1,-1,-1,-1,-1,-1,-1,-1,0.53,-0.42,-1,-1,-1,-1,-1,-1,-1,-1,-1,-1,-1,-1,-1,-1,0.479,-0.33,-1,-1,-1,-1,-1,-1,-1,-1,-1,-1,-1,-1,-1,-1,0.331,-0.124,-1,-1,-1,-1,-1,-1,-1,-1,-1,-1,-1,-1,-1,-1,0.435,-0.112,-1,-1,-1,-1,-1,-1,-1,-1,-1,-1,-1,-1,-1,-1,0.481,-0.235,-1,-1,-1,-1,-1,-1,-1,-1,-1,-1,-1,-1,-1,-1,0.623,-0.3,-1,-1,-1,-1,-1,-1,-1,-1,-1,-1,-1,-1,-1,-1,0.766,-0.443,-1,-1,-1,-1,-1,-1,-1,-1,-1,-1,-1,-1,-1,-1,0.87,-0.702,-1,-1,-1,-1,-1,-1,-1,-1,-1,-1,-1,-1,-1,-1,0.974,-0.767,-1,-1,-1,-1,-1,-1,-1,-1,-1,-1,-1,-1,-1,-1,1,-0.87,-1,-1,-1,-1,-1,-1,-1,-1,-1,-1,-1,-1,-1,-1,0.872,-0.762,-1,-1,-1,-1,-1,-1,-1,-1,-1,-1,-1,-1,-1,-1,0.782,-0.633,-1,-1,-1,-1,-1,-1,-1,-1,-1,-1,-1,-1,-1,-1,0.596,-0.311,-1,-1,-1,-1,-1,-1,-1,-1,-1,-1,-1,-1,-1,-1,-0.312,0.635,-1,-1,-1,-1,-1,-1,-1
"423",-1,-1,-1,-1,-1,-0.086,0.973,0.644,0.05,-0.932,-1,-1,-1,-1,-1,-1,-1,-1,-1,-1,-1,0.409,1,1,0.403,0.568,-0.871,-1,-1,-1,-1,-1,-1,-1,-1,-1,-0.295,0.978,0.71,0.008,-0.979,0.254,0.187,-1,-1,-1,-1,-1,-1,-1,-1,-1,0.586,0.403,-1,-1,-1,-0.83,0.9,-0.404,-1,-1,-1,-1,-1,-1,-1,-0.883,0.993,-0.266,-1,-1,-1,-1,-0.028,0.622,-1,-1,-1,-1,-1,-1,-1,-0.814,1,-0.438,-1,-1,-1,-1,-0.659,0.991,-0.816,-1,-1,-1,-1,-1,-1,-0.703,1,-0.646,-1,-1,-1,-1,-0.783,1,-0.665,-1,-1,-1,-1,-1,-1,-0.592,1,-0.709,-1,-1,-1,-1,-0.786,1,-0.463,-1,-1,-1,-1,-1,-1,-0.622,1,-0.82,-1,-1,-1,-1,-0.675,1,-0.574,-1,-1,-1,-1,-1,-1,-0.517,0.991,-0.891,-1,-1,-1,-1,-0.431,0.928,-0.915,-1,-1,-1,-1,-1,-1,-0.491,0.987,-0.914,-1,-1,-1,-1,0.15,0.239,-1,-1,-1,-1,-1,-1,-1,-0.711,1,-0.707,-1,-1,-1,-0.89,0.876,-0.235,-1,-1,-1,-1,-1,-1,-1,-0.987,0.829,-0.631,-1,-1,-1,-0.086,0.881,-0.769,-1,-1,-1,-1,-1,-1,-1,-1,0.585,-0.115,-1,-1,-0.666,0.828,-0.312,-1,-1,-1,-1,-1,-1,-1,-1,-1,-0.296,0.692,-0.714,-0.289,0.849,0.25,-1,-1,-1,-1,-1,-1,-1,-1,-1,-1,-0.991,-0.141,0.847,0.896,0.054,-0.959,-1,-1,-1,-1,-1,-1
"424",-1,-1,-1,-1,-1,-1,-0.903,-0.23,0.308,0.997,0.235,-0.94,-1,-1,-1,-1,-1,-1,-1,-1,-0.665,-0.01,0.777,1,1,1,1,0.453,-0.933,-1,-1,-1,-1,-1,-1,-0.759,0.843,1,1,1,1,1,1,1,-0.327,-1,-1,-1,-1,-1,-0.965,0.356,1,1,0.908,0.576,0.393,0.644,0.793,1,0.797,-0.993,-1,-1,-1,-1,-0.256,1,1,0.899,-0.682,-1,-1,-1,0.08,1,1,-0.646,-1,-1,-1,-1,0.185,1,1,-0.068,-1,-1,-1,-1,-0.699,0.899,1,-0.108,-1,-1,-1,-1,0.342,1,1,-0.669,-1,-1,-1,-1,-0.992,0.791,1,0.43,-1,-1,-1,-1,0.669,1,0.987,-0.801,-1,-1,-1,-1,-1,0.465,1,0.695,-1,-1,-1,-1,0.644,1,0.853,-0.972,-1,-1,-1,-1,-1,0.44,1,0.573,-1,-1,-1,-1,0.105,1,0.999,-0.694,-1,-1,-1,-1,-0.988,0.573,1,0.063,-1,-1,-1,-1,-0.433,1,1,-0.737,-1,-1,-1,-1,-0.857,0.963,1,0.169,-1,-1,-1,-1,-0.918,0.946,1,-0.198,-1,-1,-1,-1,-0.627,0.992,1,0.069,-1,-1,-1,-1,-1,0.49,1,0.674,-0.958,-1,-1,-0.967,0.514,1,0.985,-0.711,-1,-1,-1,-1,-1,-0.494,0.944,1,0.229,-0.17,0.049,0.737,1,1,0.013,-1,-1,-1,-1,-1,-1,-1,-0.182,0.955,1,1,1,1,1,0.517,-0.948,-1,-1,-1,-1,-1,-1,-1,-1,-0.471,0.472,1,1,0.57,0.005,-0.908,-1,-1,-1,-1
"425",-1,-1,-1,-1,-1,-0.156,0.913,0.6,-0.18,-0.968,-1,-1,-1,-1,-1,-1,-1,-1,-1,-1,-1,-1,-0.913,-0.269,0.824,0.592,-0.545,-1,-1,-1,-1,-1,-1,-1,-1,-1,-0.977,0.041,0.814,0.378,-0.852,-0.005,0.929,-0.427,-1,-1,-1,-1,-1,-1,-1,-1,-0.266,1,0.515,0.985,-0.805,-1,0,0.82,-0.844,-1,-1,-1,-1,-1,-1,-0.818,0.88,0.418,-0.642,0.579,-1,-1,-0.981,0.592,0.167,-1,-1,-1,-1,-1,-1,0.26,0.932,-0.766,-0.991,-0.975,-1,-1,-1,-0.354,0.967,-0.714,-1,-1,-1,-1,-0.589,0.978,-0.041,-1,-1,-1,-1,-1,-1,-0.951,0.805,-0.059,-1,-1,-1,-1,0.172,0.866,-0.897,-1,-1,-1,-1,-1,-1,-1,0.339,0.266,-1,-1,-1,-0.962,0.839,0.238,-1,-1,-1,-1,-1,-1,-1,-1,0.084,0.659,-1,-1,-1,-0.911,1,-0.303,-1,-1,-1,-1,-1,-1,-1,-1,-0.241,0.968,-0.915,-1,-1,-0.907,1,-0.411,-1,-1,-1,-1,-1,-1,-1,-1,-0.488,1,-0.907,-1,-1,-0.93,0.924,0.122,-1,-1,-1,-1,-1,-1,-1,-1,-0.068,0.973,-0.92,-1,-1,-1,0.401,0.786,-0.941,-1,-1,-1,-1,-1,-1,-0.936,0.659,0.254,-1,-1,-1,-1,-0.772,0.843,0.364,-0.915,-1,-1,-1,-1,-0.706,0.407,0.832,-0.725,-1,-1,-1,-1,-1,-0.414,0.959,0.855,0.144,-0.023,-0.023,0.433,0.911,0.835,-0.645,-1,-1,-1,-1,-1,-1,-1,-0.687,0.203,0.848,1,1,0.611,-0.046,-0.822,-1,-1,-1,-1
"426",-1,-1,-1,-0.691,-0.614,-1,-1,-1,-1,-1,-1,-1,-0.348,0.307,-1,-1,-1,-1,-1,0.28,-0.05,-1,-1,-1,-1,-1,-1,-1,0.502,-0.04,-1,-1,-1,-1,-0.904,0.877,-0.283,-1,-1,-1,-1,-1,-1,-0.909,0.971,-0.508,-1,-1,-1,-1,-0.54,1,-0.731,-1,-1,-1,-1,-1,-1,-0.641,0.999,-0.877,-1,-1,-1,-1,-0.238,0.828,-0.991,-1,-1,-1,-1,-1,-1,0.124,0.566,-1,-1,-1,-1,-1,0.1,0.702,-1,-1,-1,-1,-1,-1,-0.997,0.596,0.097,-1,-1,-1,-1,-1,0.329,0.302,-1,-1,-1,-1,-1,-1,-0.439,1,-0.358,-1,-1,-1,-1,-1,0.268,0.265,-1,-1,-1,-1,-1,-0.925,0.711,1,-0.734,-1,-1,-1,-1,-1,0.057,0.529,-1,-1,-1,-1,-0.994,0.168,0.785,0.742,-0.983,-1,-1,-1,-1,-1,-0.305,0.873,-0.884,-1,-1,-0.825,0.25,0.318,0.631,0.174,-1,-1,-1,-1,-1,-1,-0.939,0.607,0.669,0.096,0.231,0.839,0.221,-0.778,0.972,-0.441,-1,-1,-1,-1,-1,-1,-1,-0.897,0.082,0.534,0.091,-0.713,-1,-0.236,0.887,-0.908,-1,-1,-1,-1,-1,-1,-1,-1,-1,-1,-1,-1,-1,0.192,0.371,-1,-1,-1,-1,-1,-1,-1,-1,-1,-1,-1,-1,-1,-1,0.608,-0.188,-1,-1,-1,-1,-1,-1,-1,-1,-1,-1,-1,-1,-1,-1,0.612,-0.349,-1,-1,-1,-1,-1,-1,-1,-1,-1,-1,-1,-1,-1,-1,0.558,-0.714,-1,-1,-1,-1,-1
"427",-1,-1,-1,-1,-0.697,0.938,1,1,0.588,-0.332,-0.908,-1,-1,-1,-1,-1,-1,-1,-1,-1,-0.377,1,1,1,1,1,0.639,-0.843,-1,-1,-1,-1,-1,-1,-1,-0.742,0.856,0.668,0.002,-0.345,-0.132,0.629,1,0.791,-0.679,-1,-1,-1,-1,-1,-0.893,0.764,1,0.248,-1,-1,-1,-1,0.009,1,0.864,-0.637,-1,-1,-1,-1,0.089,1,0.899,-0.752,-1,-1,-1,-1,-0.999,0.284,1,0.637,-0.856,-1,-1,-0.634,0.95,1,-0.081,-1,-1,-1,-1,-1,-1,-0.86,0.708,1,-0.162,-1,-1,0.164,1,0.948,-0.875,-1,-1,-1,-1,-1,-1,-1,0.277,1,0.144,-1,-1,0.503,1,0.141,-1,-1,-1,-1,-1,-1,-1,-1,0.405,1,0.673,-1,-1,0.546,1,-0.389,-1,-1,-1,-1,-1,-1,-1,-0.994,0.759,1,0.471,-1,-1,0.652,1,-0.516,-1,-1,-1,-1,-1,-1,-1,-0.935,0.891,1,0.28,-1,-1,0.537,1,-0.221,-1,-1,-1,-1,-1,-1,-1,-0.514,1,1,-0.08,-1,-1,0.199,1,0.456,-1,-1,-1,-1,-1,-1,-0.785,0.816,1,0.716,-0.918,-1,-1,-0.583,1,0.985,-0.345,-1,-1,-1,-1,-0.634,0.739,1,0.997,-0.416,-1,-1,-1,-1,-0.089,0.982,0.984,0.382,-0.343,-0.345,-0.109,0.861,1,0.998,0.005,-0.989,-1,-1,-1,-1,-1,-0.469,0.782,1,1,1,1,1,0.962,0.048,-0.985,-1,-1,-1,-1,-1,-1,-1,-0.883,-0.223,0.654,1,0.785,0.232,-0.505,-1,-1,-1,-1,-1
"428",-1,-1,-1,-1,-1,-1,-1,-1,-1,-1,-1,0.256,0.631,-0.901,-1,-1,-1,-1,-1,-1,-0.956,-0.56,-0.773,-1,-1,-1,-1,0.571,1,-0.233,-1,-1,-1,-1,-1,-0.987,0.241,1,0.225,-1,-1,-1,-1,0.175,1,0.341,-1,-1,-1,-1,-1,-0.435,1,0.96,-0.618,-1,-1,-1,-1,0.347,1,0.453,-1,-1,-1,-1,-0.906,0.754,1,-0.048,-1,-1,-1,-1,-1,0.209,1,0.094,-1,-1,-1,-1,-0.624,1,0.825,-0.828,-1,-1,-1,-1,-1,0.381,1,-0.577,-1,-1,-1,-1,-0.06,0.985,-0.511,-1,-1,-1,-1,-1,-0.728,0.993,0.851,-0.849,-1,-1,-1,-1,0.397,0.94,-0.1,-0.615,-1,-1,-1,-0.851,0.284,1,0.903,-0.647,-1,-1,-1,-1,0.294,1,1,1,1,1,1,1,1,1,1,-0.783,-1,-1,-1,-1,-0.956,-0.093,0.222,0.733,0.733,0.733,0.733,0.809,1,0.862,-0.333,-0.978,-1,-1,-1,-1,-1,-1,-1,-1,-1,-1,-1,-0.152,1,0.276,-1,-1,-1,-1,-1,-1,-1,-1,-1,-1,-1,-1,-1,0.447,1,-0.181,-1,-1,-1,-1,-1,-1,-1,-1,-1,-1,-1,-1,-1,0.7,0.982,-0.664,-1,-1,-1,-1,-1,-1,-1,-1,-1,-1,-1,-1,-0.651,0.95,0.79,-1,-1,-1,-1,-1,-1,-1,-1,-1,-1,-1,-1,-1,-0.742,1,0.582,-1,-1,-1,-1,-1,-1,-1,-1,-1,-1,-1,-1,-1,-0.936,0.798,0.409,-1,-1,-1,-1,-1
"429",-1,-1,-1,-1,-1,-1,-0.935,-0.846,-0.284,0.216,0.907,0.779,-0.921,-1,-1,-1,-1,-1,-1,-1,-0.96,0.009,0.723,1,1,1,0.211,-0.617,-1,-1,-1,-1,-1,-1,-1,-0.898,0.314,1,0.934,0.539,0.818,1,0.825,-0.034,-0.96,-1,-1,-1,-1,-1,-0.996,0.392,1,1,-0.243,-1,-0.759,0.653,1,1,0.398,-0.907,-1,-1,-1,-0.989,0.13,1,1,0.013,-1,-1,-1,-1,-0.322,0.847,1,0.605,-0.835,-1,-1,-0.897,0.977,1,0.304,-0.987,-1,-1,-1,-1,-1,-0.375,1,1,0.387,-1,-1,-0.36,1,0.687,-0.924,-1,-1,-1,-1,-1,-1,-0.981,0.13,1,1,-0.517,-0.884,0.652,1,0.107,-1,-1,-1,-1,-1,-1,-1,-1,-0.953,0.864,1,0.059,0.418,1,1,-0.075,-1,-1,-1,-1,-1,-1,-1,-1,-0.962,0.771,1,0.351,0.126,1,1,-0.257,-1,-1,-1,-1,-1,-1,-1,-1,-0.797,0.977,1,0.169,-0.768,0.751,1,0.035,-1,-1,-1,-1,-1,-1,-1,-1,-0.449,1,1,-0.344,-1,0.123,1,0.816,-0.637,-1,-1,-1,-1,-1,-1,-1,0.49,1,0.7,-0.889,-1,-0.844,0.587,1,0.702,-0.412,-0.973,-1,-1,-1,-0.967,0.012,1,0.979,-0.249,-1,-1,-1,-0.678,0.709,1,1,0.536,-0.077,-0.077,-0.077,0.483,1,1,0.507,-1,-1,-1,-1,-1,-0.866,0.057,0.898,1,1,1,1,1,1,0.41,-0.789,-1,-1,-1,-1,-1,-1,-1,-0.815,0.047,0.682,1,1,0.749,-0.295,-0.951,-1,-1,-1
"430",-1,-1,-1,-1,-1,-1,0.088,0.476,-0.746,-1,-1,-1,-1,-1,-1,-1,-1,-1,-1,-1,-1,-1,-0.04,1,0.824,-0.85,-1,-1,-1,-1,-1,-1,-1,-1,-1,-1,-1,-1,-0.365,1,1,0.012,-1,-1,-1,-1,-1,-1,-1,-1,-1,-1,-1,-1,-0.346,1,1,0.19,-1,-1,-1,-1,-1,-1,-1,-1,-1,-1,-1,-1,-0.388,1,1,0.035,-1,-1,-1,-1,-1,-1,-1,-1,-1,-1,-1,-1,-0.868,0.737,1,-0.28,-1,-1,-1,-1,-1,-1,-1,-1,-1,-1,-1,-1,-0.998,0.788,0.958,-0.786,-1,-1,-1,-1,-1,-1,-1,-1,-1,-1,-1,-1,-0.722,0.949,0.941,-0.912,-1,-1,-1,-1,-1,-1,-1,-1,-1,-1,-1,-1,-0.298,1,0.825,-1,-1,-1,-1,-1,-1,-1,-1,-1,-1,-1,-1,-1,0.041,1,0.758,-0.977,-1,-1,-1,-1,-1,-1,-1,-1,-1,-1,-1,-1,0.172,1,0.848,-1,-1,-1,-1,-1,-1,-1,-1,-1,-1,-1,-1,-1,-0.153,1,0.976,-0.852,-1,-1,-1,-1,-1,-1,-1,-1,-1,-1,-1,-1,-0.478,1,0.869,-0.998,-1,-1,-1,-1,-1,-1,-1,-1,-1,-1,-1,-1,-0.287,1,1,-0.805,-1,-1,-1,-1,-1,-1,-1,-1,-1,-1,-1,-1,-0.745,0.887,0.974,-0.811,-1,-1,-1,-1,-1,-1,-1,-1,-1,-1,-1,-1,-1,-0.044,0.906,-0.885,-1,-1,-1,-1,-1,-1
"431",-1,-1,-1,-1,-0.538,0.951,0.364,-1,-1,-1,-1,-1,-1,-1,-1,-1,-1,-1,-1,-0.755,0.843,1,1,0.49,-0.579,-1,-1,-1,-1,-1,-1,-1,-1,-1,-0.964,0.728,1,1,1,1,1,-0.098,-1,-1,-1,-1,-1,-1,-1,-1,-0.005,1,1,1,1,1,1,1,0.596,-0.703,-1,-1,-1,-1,-1,-1,0.337,1,1,1,1,0.556,1,1,1,0.814,-0.374,-1,-1,-1,-1,-0.847,0.748,1,0.847,0.709,0.847,-0.748,-0.922,0.38,1,1,0.922,-0.38,-1,-1,-1,-0.09,1,1,0.089,-1,-1,-1,-1,-1,0.355,1,1,0.991,-0.791,-1,-1,0.697,1,1,-0.697,-1,-1,-1,-1,-1,-1,0.031,1,1,0.414,-1,-0.935,0.975,1,0.935,-0.975,-1,-1,-1,-1,-1,-1,-1,0.373,1,0.986,-0.804,-0.619,1,1,0.619,-1,-1,-1,-1,-1,-1,-1,-1,-0.174,1,1,-0.715,-0.924,0.981,1,0.276,-1,-1,-1,-1,-1,-1,-1,-1,-0.054,1,0.276,-1,-0.601,1,1,0.379,-1,-1,-1,-1,-1,-1,-0.829,0.117,1,1,-0.066,-1,-1,0.629,1,0.975,-0.827,-1,-1,-1,-1,-0.468,0.765,1,1,0.912,-0.986,-1,-1,0.528,1,1,1,0.455,0.334,0.334,0.879,1,1,1,0.017,-0.435,-1,-1,-1,-0.31,0.846,1,1,1,1,1,1,0.931,0.302,-0.549,-1,-1,-1,-1,-1,-1,-0.527,0.96,1,1,1,0.817,-0.034,-0.662,-1,-1,-1,-1,-1,-1
"432",-1,-1,-1,-1,-1,-1,-0.619,0.299,1,0.666,-0.346,-1,-1,-1,-1,-1,-1,-1,-1,-1,-1,-0.069,1,0.681,0.444,1,0.978,-0.409,-1,-1,-1,-1,-1,-1,-1,-1,-0.068,0.993,-0.091,-0.959,0.057,1,1,0.193,-1,-1,-1,-1,-1,-1,-1,-0.567,1,-0.058,-1,-1,-0.978,0.286,1,0.511,-0.944,-1,-1,-1,-1,-1,-0.993,0.802,0.526,-0.96,-1,-1,-1,-1,0.059,1,0.316,-1,-1,-1,-1,-1,-0.44,1,-0.31,-1,-1,-1,-1,-1,-1,-0.509,0.945,0.065,-1,-1,-1,-1,0.436,0.751,-0.937,-1,-1,-1,-1,-1,-1,-1,-0.064,0.914,-0.726,-1,-1,-0.836,0.898,0.313,-1,-1,-1,-1,-1,-1,-1,-1,-0.813,0.875,-0.687,-1,-1,-0.562,1,0.062,-1,-1,-1,-1,-1,-1,-1,-1,-1,0.305,-0.93,-1,-1,-0.811,1,-0.064,-1,-1,-1,-1,-1,-1,-1,-1,-1,-0.125,-1,-1,-1,-0.905,0.97,0.435,-1,-1,-1,-1,-1,-1,-1,-1,-1,-0.125,-1,-1,-1,-0.976,0.542,0.976,-0.792,-1,-1,-1,-1,-1,-1,-1,-0.833,0.208,-1,-1,-1,-1,-0.433,1,0.308,-1,-1,-1,-1,-1,-1,-0.616,0.184,0.057,-1,-1,-1,-1,-0.975,0.418,1,0.435,-0.628,-1,-1,-1,-0.928,0.747,1,0.056,-1,-1,-1,-1,-1,-0.912,0.232,1,1,0.538,0.147,0.478,0.713,1,1,0.555,-1,-1,-1,-1,-1,-1,-1,-0.559,0.306,0.947,1,0.927,0.443,-0.692,-0.85,-0.401,-1,-1
"433",-1,-1,-1,-1,-1,-1,-1,-1,-1,-1,-1,-1,-1,-1,-1,-1,-1,-1,-1,-1,-1,-0.856,0.247,-0.021,-1,-1,-1,-1,-1,-1,-1,-1,-1,-1,-1,-1,-1,-0.149,1,0.085,-1,-1,-1,-1,-1,-0.999,-0.075,0.344,-1,-1,-1,-1,-0.826,0.707,0.439,-0.906,-1,-1,-1,-1,-1,-0.225,0.976,0.592,-1,-1,-1,-0.863,0.52,0.595,-0.785,-1,-1,-1,-1,-1,-1,-0.353,1,-0.274,-1,-1,-0.908,0.392,0.677,-0.798,-1,-1,-1,-1,-1,-1,-0.972,0.542,0.762,-0.97,-1,-0.484,0.682,0.954,-0.033,-0.362,-0.362,-0.362,-0.362,-0.452,-0.925,-1,-0.467,1,-0.008,-1,-0.578,0.846,1,1,1,1,1,1,1,1,0.896,0.124,0.374,0.771,-0.911,-1,0.571,0.637,-0.017,-0.472,-0.825,-1,-0.567,-0.472,-0.435,0.142,0.918,1,1,-0.165,-1,-1,-0.917,-0.967,-1,-1,-1,-1,-1,-1,-1,-1,-0.478,1,0.543,-0.978,-1,-1,-1,-1,-1,-1,-1,-1,-1,-1,-1,-0.926,0.376,0.816,-0.573,-1,-1,-1,-1,-1,-1,-1,-1,-1,-1,-1,-0.989,-0.07,0.942,-0.467,-1,-1,-1,-1,-1,-1,-1,-1,-1,-1,-1,-1,-0.416,1,0.11,-1,-1,-1,-1,-1,-1,-1,-1,-1,-1,-1,-1,-0.946,0.686,0.808,-0.891,-1,-1,-1,-1,-1,-1,-1,-1,-1,-1,-1,-1,-0.755,0.708,-0.174,-0.993,-1,-1,-1,-1,-1,-1,-1,-1,-1,-1,-1,-1,-1,-1,-1,-1,-1,-1,-1,-1,-1
"434",-1,-1,-1,-1,-0.013,0.657,-1,-1,-1,-1,-1,-1,-1,-0.292,0.873,-0.937,-1,-1,-1,-0.944,0.917,0.371,-1,-1,-1,-1,-1,-1,-1,0.354,0.982,-0.845,-1,-1,-1,0.258,1,-0.566,-1,-1,-1,-1,-1,-1,-0.644,0.893,0.634,-1,-1,-1,-0.724,0.977,0.444,-0.962,-1,-1,-1,-1,-1,-1,-0.074,1,-0.319,-1,-1,-0.993,0.394,0.965,-0.494,-1,-1,-1,-1,-1,-1,-0.931,0.72,0.962,-0.89,-1,-1,-0.72,1,0.211,-1,-1,-1,-1,-1,-1,-1,-0.629,0.958,0.575,-1,-1,-1,-0.238,0.986,-0.437,-1,-1,-1,-1,-1,-1,-1,-0.02,1,0.092,-1,-1,-1,0.27,0.639,-1,-1,-1,-1,-1,-1,-1,-0.95,0.523,1,-0.416,-1,-1,-1,0.746,0.783,-0.488,-0.897,-0.455,-0.239,0.127,0.28,0.709,0.749,1,0.976,-0.868,-1,-1,-0.804,0.995,1,0.999,0.969,1,1,1,0.844,0.782,0.993,1,0.198,-1,-1,-1,-1,-0.083,0.527,0.527,0.506,-0.055,-0.182,-0.636,-0.883,-0.856,0.975,0.905,-0.845,-1,-1,-1,-1,-1,-1,-1,-1,-1,-1,-1,-1,-0.384,1,0.456,-1,-1,-1,-1,-1,-1,-1,-1,-1,-1,-1,-1,-1,0.395,1,-0.036,-1,-1,-1,-1,-1,-1,-1,-1,-1,-1,-1,-1,-0.809,0.987,0.922,-0.573,-1,-1,-1,-1,-1,-1,-1,-1,-1,-1,-1,-1,-0.055,1,1,0.571,-1,-1,-1,-1,-1,-1,-1,-1,-1,-1,-1,-1,-0.276,1,0.461,-0.235,-1,-1,-1,-1
"435",-1,-1,-1,-1,-1,-0.996,-0.195,0.52,0.9,0.764,0.279,-0.645,-1,-1,-1,-1,-1,-1,-1,-1,-0.816,0.474,0.826,0.022,-0.204,-0.405,-0.21,0.594,-0.316,-1,-1,-1,-1,-1,-1,-0.886,0.672,0.731,-0.689,-0.668,0.956,0.663,-0.419,-0.909,0.363,-0.423,-1,-1,-1,-1,-0.98,0.479,0.615,-0.794,-1,-0.907,0.879,-0.619,0.33,0.159,-0.874,0.444,-0.967,-1,-1,-1,-0.155,0.906,-0.691,-1,-1,-1,0.005,-0.418,-1,-0.073,0.341,-0.596,-0.176,-1,-1,-0.91,0.86,-0.134,-1,-1,-1,-1,-0.981,-0.165,-1,-1,-0.108,0.168,-0.961,-1,-1,-0.205,0.719,-0.961,-1,-1,-1,-1,-1,-1,-1,-1,-0.983,0.655,-0.738,-1,-1,0.37,0.038,-1,-1,-1,-1,-1,-1,-1,-1,-1,-1,-0.326,0.303,-1,-0.994,0.822,-0.522,-1,-1,-1,-1,-1,-1,-1,-1,-1,-1,-0.743,0.637,-1,-0.969,0.953,-0.859,-1,-1,-1,-1,-1,-1,-1,-1,-1,-1,-0.817,0.965,-0.963,-1,0.636,-0.535,-1,-1,-1,-1,-1,-1,-1,-1,-1,-1,-0.692,0.886,-0.997,-1,0.011,0.101,-1,-1,-1,-1,-1,-1,-1,-1,-1,-1,-0.065,0.465,-1,-1,-0.832,0.733,-0.761,-1,-1,-1,-1,-1,-1,-1,-1,-0.649,0.91,-0.277,-1,-1,-1,-0.364,0.632,-0.739,-1,-1,-1,-1,-1,-0.993,-0.279,0.802,0.369,-0.994,-1,-1,-1,-1,-0.398,0.818,0.26,-0.547,-0.86,-0.614,-0.093,0.606,0.975,0.027,-0.964,-1,-1,-1,-1,-1,-1,-0.883,-0.099,0.632,1,1,0.682,0.036,-0.772,-1,-1,-1,-1
"436",-1,-1,-1,-1,-0.562,0.593,-0.823,-1,-1,-1,-1,-1,-1,-1,-1,-1,-1,-1,-1,-1,-0.263,1,-0.12,-0.513,0.547,0.026,-0.938,-1,-1,-1,-1,-1,-1,-1,-1,-1,-0.064,1,0.187,0.899,1,1,0.009,-1,-1,-1,-1,-1,-1,-1,-1,-1,0.144,1,1,1,1,1,0.969,-0.283,-1,-1,-1,-1,-1,-1,-1,-1,0.2,1,1,1,1,1,0.924,0.816,-0.988,-1,-1,-1,-1,-1,-1,-1,0.542,1,0.687,0.359,0.418,0.298,0.421,0.924,-0.981,-1,-1,-1,-1,-1,-1,-1,0.712,0.733,-0.771,-1,-1,-1,-0.023,0.936,-0.944,-1,-1,-1,-1,-1,-1,-1,0.75,0.372,-1,-1,-1,-1,0.033,0.911,-0.975,-1,-1,-1,-1,-1,-1,-0.981,0.873,0.316,-1,-1,-1,-1,0.004,0.931,-0.974,-1,-1,-1,-1,-1,-1,-0.905,0.986,0.412,-1,-1,-1,-1,-0.092,0.905,-0.986,-1,-1,-1,-1,-1,-1,-0.942,0.936,0.204,-1,-1,-1,-1,0.04,0.841,-0.988,-1,-1,-1,-1,-1,-1,-0.923,0.974,-0.005,-1,-1,-1,-1,0.439,0.607,-1,-1,-1,-1,-1,-1,-1,-0.96,0.943,-0.013,-1,-1,-1,-0.834,0.853,0.075,-1,-1,-1,-1,-1,-1,-1,-0.988,0.855,0.178,-1,-1,-0.772,0.465,0.911,-0.711,-1,-1,-1,-1,-1,-1,-1,-1,0.086,0.894,0.142,0.374,0.972,0.983,-0.257,-1,-1,-1,-1,-1,-1,-1,-1,-1,-0.887,0.373,1,0.975,0.237,-0.361,-1,-1,-1,-1,-1,-1
"437",-1,-1,-1,-1,-1,-1,-1,-1,0.251,-0.328,-1,-1,-1,-1,-1,-1,-1,-1,-1,-1,-1,-1,-1,-1,0.756,-0.003,-1,-1,-1,-1,-1,-1,-1,-1,-1,-1,-1,-1,-1,-0.973,0.918,-0.192,-1,-1,-1,-1,-1,-1,-1,-1,-1,-0.938,-0.811,-1,-1,-0.997,0.879,-0.13,-1,-1,-1,-1,-1,-1,-1,-1,-1,-0.178,0.616,-1,-1,-0.961,0.94,-0.167,-1,-1,-1,-1,-1,-1,-1,-1,-1,0.055,0.583,-1,-1,-0.882,0.991,-0.186,-1,-1,-1,-1,-1,-1,-1,-1,-1,0.185,0.686,-1,-1,-0.761,1,-0.202,-1,-1,-1,-1,-1,-1,-1,-1,-1,0.375,0.826,-0.826,-1,-0.512,1,-0.273,-0.968,-0.52,-0.365,-0.903,-1,-1,-1,-1,-0.853,0.869,0.949,-0.007,0.14,0.344,1,0.483,0.718,0.994,0.217,-0.955,-1,-1,-1,-1,-0.786,0.887,1,1,1,1,1,0.962,0.614,-0.38,-1,-1,-1,-1,-1,-1,-1,-0.947,-0.673,-0.192,-0.699,0.005,1,-0.552,-1,-1,-1,-1,-1,-1,-1,-1,-1,-1,-1,-1,-1,-0.055,0.976,-0.821,-1,-1,-1,-1,-1,-1,-1,-1,-1,-1,-1,-1,-1,0.29,0.838,-0.998,-1,-1,-1,-1,-1,-1,-1,-1,-1,-1,-1,-1,-0.998,0.729,0.825,-0.997,-1,-1,-1,-1,-1,-1,-1,-1,-1,-1,-1,-1,-0.68,0.977,0.473,-1,-1,-1,-1,-1,-1,-1,-1,-1,-1,-1,-1,-1,-0.719,0.924,0.202,-1,-1,-1,-1,-1,-1,-1
"438",-1,-1,-1,-1,-1,-1,-0.523,0.865,0.854,-0.74,-1,-1,-1,-1,-1,-1,-1,-1,-1,-1,-1,-0.925,0.742,1,1,0.483,-0.909,-1,-1,-1,-1,-1,-1,-1,-1,-1,-1,-0.178,1,0.767,0.375,1,0.032,-1,-1,-1,-1,-1,-1,-1,-1,-1,-0.92,0.83,0.978,-0.515,-0.918,0.663,0.986,-0.827,-1,-1,-1,-1,-1,-1,-1,-1,-0.14,1,0.375,-1,-1,0.034,1,0.34,-1,-1,-1,-1,-1,-1,-1,-0.881,0.885,0.976,-0.633,-1,-1,-0.539,1,0.998,-0.754,-1,-1,-1,-1,-1,-1,-0.295,1,0.115,-1,-1,-1,-0.973,0.862,1,-0.182,-1,-1,-1,-1,-1,-0.964,0.59,1,-0.53,-1,-1,-1,-1,0.315,1,0.39,-1,-1,-1,-1,-1,-0.699,0.998,0.576,-1,-1,-1,-1,-1,-0.7,1,0.798,-0.807,-1,-1,-1,-1,-0.221,1,0.152,-1,-1,-1,-1,-1,-0.861,0.754,1,-0.215,-1,-1,-1,-1,0.092,1,-0.272,-1,-1,-1,-1,-1,-1,0.431,1,-0.362,-1,-1,-1,-1,0.128,1,-0.363,-1,-1,-1,-1,-1,-1,0.357,1,0.1,-1,-1,-1,-1,-0.445,1,-0.012,-1,-1,-1,-1,-1,-0.543,0.987,0.982,-0.666,-1,-1,-1,-1,-0.998,0.593,0.959,0.016,-0.645,-0.497,-0.188,0.342,0.979,1,0.339,-1,-1,-1,-1,-1,-1,-0.619,0.562,1,1,1,1,1,1,0.241,-0.931,-1,-1,-1,-1,-1,-1,-1,-0.967,-0.096,0.554,1,0.879,0.238,-0.342,-0.99,-1,-1,-1,-1
"439",-1,-1,-1,-1,-1,-0.366,0.643,0.655,-0.087,-0.377,-0.858,-1,-1,-1,-1,-1,-1,-1,-1,-1,-0.45,0.943,1,1,1,1,0.889,-0.107,-0.977,-1,-1,-1,-1,-1,-1,-0.471,0.893,1,0.856,0.745,0.956,0.52,0.991,1,0.419,-0.844,-1,-1,-1,-1,-0.477,0.848,1,0.841,-0.363,-0.764,-0.227,-1,-0.935,-0.563,0.911,0.793,-0.715,-1,-1,-0.93,0.717,1,0.761,-0.67,-1,-1,-1,-1,-1,-1,-0.417,0.878,0.465,-0.988,-1,-0.441,0.998,0.966,-0.557,-1,-1,-1,-1,-1,-1,-1,-1,-0.281,1,-0.275,-0.997,0.627,1,0.335,-1,-1,-1,-1,-1,-1,-1,-1,-1,-0.558,1,-0.074,-0.742,0.989,1,-0.434,-1,-1,-1,-1,-1,-1,-1,-1,-1,-0.734,0.993,0.298,-0.079,1,0.853,-0.961,-1,-1,-1,-1,-1,-1,-1,-1,-1,-0.893,0.933,0.271,0.31,1,0.313,-1,-1,-1,-1,-1,-1,-1,-1,-1,-1,-0.686,1,-0.346,0.09,1,0.324,-1,-1,-1,-1,-1,-1,-1,-1,-1,-1,-0.259,1,-0.697,-0.359,1,0.761,-0.988,-1,-1,-1,-1,-1,-1,-1,-1,-0.916,0.54,0.873,-0.882,-0.944,0.547,1,-0.342,-1,-1,-1,-1,-1,-1,-1,-0.93,0.446,1,0.545,-1,-1,-0.563,0.842,0.875,0.046,-0.607,-1,-1,-1,-0.922,-0.182,0.634,1,0.865,-0.508,-1,-1,-1,-0.546,0.759,1,0.999,0.863,0.862,0.862,0.881,1,1,0.807,-0.437,-1,-1,-1,-1,-1,-0.868,-0.184,0.448,0.944,1,0.922,0.448,-0.027,-0.271,-0.847,-1,-1,-1
"440",-1,-1,-1,-1,-1,-1,-1,-1,-0.219,0.859,-0.236,-0.993,-1,-1,-1,-1,-1,-1,-1,-1,-1,-0.873,-0.369,-0.204,0.93,1,0.906,-0.812,-1,-1,-1,-1,-1,-1,-1,-1,-1,-0.908,0.953,1,1,1,0.612,-0.995,-1,-1,-1,-1,-1,-1,-1,-1,-1,-0.668,0.88,1,1,1,-0.082,-1,-1,-1,-1,-1,-1,-1,-1,-1,-0.942,0.562,1,1,1,1,0.596,-0.826,-1,-1,-1,-1,-1,-1,-1,-1,-0.645,0.963,1,0.948,0.39,0.599,1,0.288,-1,-1,-1,-1,-1,-1,-1,-0.418,0.72,1,1,0.01,-1,-0.675,0.923,0.998,-0.548,-1,-1,-1,-1,-1,-0.815,0.791,1,1,0.533,-0.931,-1,-1,0.085,1,0.71,-0.742,-1,-1,-1,-0.944,0.462,1,1,0.84,-0.778,-1,-1,-1,-0.902,0.957,1,0.474,-0.989,-1,-1,-0.692,0.997,1,1,-0.08,-1,-1,-1,-1,-0.946,0.725,1,1,-0.618,-1,-1,-0.661,1,1,1,-0.513,-1,-1,-1,-1,-0.973,0.83,1,0.984,-0.813,-1,-1,-0.996,0.792,1,1,0.115,-0.997,-1,-1,-1,-0.864,0.977,1,0.997,-0.55,-1,-1,-1,-0.411,1,1,1,0.234,-0.623,-1,-1,-0.911,0.792,1,1,-0.676,-1,-1,-1,-0.993,-0.371,0.905,1,1,0.955,0.098,0.053,0.414,1,0.973,0.443,-0.968,-1,-1,-1,-1,-1,-0.685,0.689,1,1,1,1,0.998,0.483,-0.259,-1,-1,-1,-1,-1,-1,-1,-1,-0.873,-0.279,0.6,1,0.988,-0.412,-0.977,-1,-1,-1,-1
"441",-1,-1,-1,-1,-1,-1,-0.589,0.868,-0.53,-1,-1,-1,-1,-1,-1,-1,-1,-1,-1,-1,-1,-1,-0.457,1,0.332,-1,-1,-1,-1,-1,-1,-1,-1,-1,-1,-1,-1,-1,-0.322,1,0.894,-0.947,-1,-1,-1,-1,-1,-1,-1,-1,-1,-1,-1,-1,-0.562,1,1,-0.688,-1,-1,-1,-1,-1,-1,-1,-1,-1,-1,-1,-1,-0.551,1,1,-0.448,-1,-1,-1,-1,-1,-1,-1,-1,-1,-1,-1,-1,-0.784,0.992,1,-0.459,-1,-1,-1,-1,-1,-1,-1,-1,-1,-1,-1,-1,-0.95,0.919,1,-0.219,-1,-1,-1,-1,-1,-1,-1,-1,-1,-1,-1,-1,-0.871,0.975,1,-0.104,-1,-1,-1,-1,-1,-1,-1,-1,-1,-1,-1,-1,-0.871,0.985,1,-0.364,-1,-1,-1,-1,-1,-1,-1,-1,-1,-1,-1,-1,-0.501,1,1,-0.499,-1,-1,-1,-1,-1,-1,-1,-1,-1,-1,-1,-1,-0.241,1,1,-0.509,-1,-1,-1,-1,-1,-1,-1,-1,-1,-1,-1,-1,-0.231,1,1,-0.769,-1,-1,-1,-1,-1,-1,-1,-1,-1,-1,-1,-1,-0.22,1,1,-0.405,-1,-1,-1,-1,-1,-1,-1,-1,-1,-1,-1,-1,-0.21,1,1,-0.54,-1,-1,-1,-1,-1,-1,-1,-1,-1,-1,-1,-1,-0.075,1,0.864,-0.914,-1,-1,-1,-1,-1,-1,-1,-1,-1,-1,-1,-1,-0.64,0.825,0.19,-1,-1,-1,-1,-1,-1,-1
"442",-1,-1,-1,-1,-1,-1,-0.96,0.131,0.993,-0.398,-1,-1,-1,-1,-1,-1,-1,-1,-1,-1,-1,-1,-0.476,1,1,0.636,-1,-1,-1,-1,-1,-1,-1,-1,-1,-1,-1,-1,0.125,1,1,0.568,-1,-1,-1,-1,-1,-1,-1,-1,-1,-1,-1,-0.999,0.681,1,1,-0.256,-1,-1,-1,-1,-1,-1,-1,-1,-1,-1,-1,-0.984,1,1,1,-0.279,-1,-1,-1,-1,-1,-1,-1,-1,-1,-1,-1,-0.959,1,1,1,-0.216,-1,-1,-1,-1,-1,-1,-1,-1,-1,-1,-1,-0.934,1,1,1,0.292,-1,-1,-1,-1,-1,-1,-1,-1,-1,-1,-1,-0.911,1,1,1,-0.352,-1,-1,-1,-1,-1,-1,-1,-1,-1,-1,-1,-0.885,1,1,1,-0.379,-1,-1,-1,-1,-1,-1,-1,-1,-1,-1,-1,-0.861,1,1,1,-0.402,-1,-1,-1,-1,-1,-1,-1,-1,-1,-1,-1,-0.837,1,1,1,-0.426,-1,-1,-1,-1,-1,-1,-1,-1,-1,-1,-1,-0.812,1,1,1,-0.274,-1,-1,-1,-1,-1,-1,-1,-1,-1,-1,-1,-0.87,0.771,1,1,0.87,-0.838,-1,-1,-1,-1,-1,-1,-1,-1,-1,-1,-1,0.395,1,1,0.929,-0.834,-1,-1,-1,-1,-1,-1,-1,-1,-1,-1,-1,-0.157,1,1,0.317,-1,-1,-1,-1,-1,-1,-1,-1,-1,-1,-1,-1,-0.656,0.901,1,-0.061,-1,-1,-1,-1,-1,-1
"443",-1,-1,-1,-1,-1,-1,-1,-0.444,0.95,0.014,-1,-1,-1,-1,-1,-1,-1,-1,-1,-1,-1,-1,-0.91,0.664,1,0.045,-1,-1,-1,-1,-1,-1,-1,-1,-1,-1,-1,-1,-0.637,1,1,-0.403,-1,-1,-1,-1,-1,-1,-1,-1,-1,-1,-1,-1,-0.028,1,1,-0.372,-1,-1,-1,-1,-1,-1,-1,-1,-1,-1,-1,-1,0.741,1,0.919,-0.74,-1,-1,-1,-1,-1,-1,-1,-1,-1,-1,-1,-1,0.709,1,0.89,-1,-1,-1,-1,-1,-1,-1,-1,-1,-1,-1,-1,-0.907,0.745,1,0.922,-1,-1,-1,-1,-1,-1,-1,-1,-1,-1,-1,-1,-0.553,1,1,0.953,-1,-1,-1,-1,-1,-1,-1,-1,-1,-1,-1,-1,-0.584,1,1,1,0.264,-1,-1,-1,-1,-1,-1,-1,-1,-1,-1,-1,-0.616,1,1,1,0.766,-0.83,-1,-1,-1,-1,-1,-1,-1,-1,-1,-1,-0.715,0.908,1,1,1,-0.553,-1,-1,-1,-1,-1,-1,-1,-1,-1,-1,-1,0.522,1,1,0.745,-0.907,-1,-1,-1,-1,-1,-1,-1,-1,-1,-1,-1,0.49,1,1,-0.091,-1,-1,-1,-1,-1,-1,-1,-1,-1,-1,-1,-1,0.459,1,1,-0.059,-1,-1,-1,-1,-1,-1,-1,-1,-1,-1,-1,-1,-0.052,1,1,-0.028,-1,-1,-1,-1,-1,-1,-1,-1,-1,-1,-1,-1,-0.878,0.514,1,-0.317,-1,-1,-1,-1,-1,-1
"444",-1,-1,-1,-1,-1,-1,-0.804,0.881,0.252,-0.845,-1,-1,-1,-1,-1,-1,-1,-1,-1,-1,-1,-1,-0.516,1,1,-0.293,-1,-1,-1,-1,-1,-1,-1,-1,-1,-1,-1,-1,-0.417,1,1,-0.392,-1,-1,-1,-1,-1,-1,-1,-1,-1,-1,-1,-1,-0.318,1,1,-0.491,-1,-1,-1,-1,-1,-1,-1,-1,-1,-1,-1,-1,-0.183,1,0.999,-0.732,-1,-1,-1,-1,-1,-1,-1,-1,-1,-1,-1,-1,-0.226,1,0.996,-0.756,-1,-1,-1,-1,-1,-1,-1,-1,-1,-1,-1,-1,-0.447,1,1,-0.397,-1,-1,-1,-1,-1,-1,-1,-1,-1,-1,-1,-1,-0.561,1,1,-0.354,-1,-1,-1,-1,-1,-1,-1,-1,-1,-1,-1,-1,-0.32,1,1,-0.24,-1,-1,-1,-1,-1,-1,-1,-1,-1,-1,-1,-1,-0.221,1,1,-0.197,-1,-1,-1,-1,-1,-1,-1,-1,-1,-1,-1,-1,-0.299,1,1,-0.474,-1,-1,-1,-1,-1,-1,-1,-1,-1,-1,-1,-1,-0.271,1,1,-0.644,-1,-1,-1,-1,-1,-1,-1,-1,-1,-1,-1,-1,-0.421,1,0.999,-0.778,-1,-1,-1,-1,-1,-1,-1,-1,-1,-1,-1,-1,-0.606,1,1,-0.594,-1,-1,-1,-1,-1,-1,-1,-1,-1,-1,-1,-1,-0.543,1,0.964,-0.799,-1,-1,-1,-1,-1,-1,-1,-1,-1,-1,-1,-1,-0.972,0.32,0.612,-0.973,-1,-1,-1,-1,-1,-1
"445",-1,-1,-1,-1,-1,-1,-1,-1,-1,-1,-1,-1,-1,-1,-1,-1,-1,-1,-1,-1,-1,-0.675,0.448,-0.071,-0.817,-1,-1,-1,-1,-1,-1,-1,-1,-1,-1,-0.967,0.116,0.921,1,1,0.82,-1,-1,-1,-1,-1,-1,-1,-1,-1,-0.975,0.11,1,1,1,1,0.998,-0.981,-1,-1,-1,-1,-1,-1,-1,-0.983,0.051,1,1,0.946,0.901,1,0.551,-0.947,-0.851,-0.851,-0.851,-0.875,-1,-1,-1,-0.534,1,1,0.954,-0.44,-0.366,1,0.851,0.602,1,1,1,0.917,0.384,-0.784,-1,-0.183,1,1,0.315,-1,0.302,1,1,1,1,1,1,1,1,0.446,-1,-0.016,1,1,-0.285,-1,0.869,1,1,0.42,-0.021,-0.366,-0.063,0.829,1,0.944,-1,0.369,1,1,-0.22,-1,0.587,-0.054,-1,-1,-1,-1,-0.699,0.821,1,0.56,-0.384,0.752,1,1,0.279,-1,-0.973,-0.993,-1,-1,-1,-0.771,0.593,1,0.815,-0.721,0.936,1,1,1,0.834,-0.823,-1,-1,-1,-1,-0.76,0.748,1,1,-0.657,-1,-0.2,-0.574,0.817,1,1,0.536,-0.379,-0.515,-0.236,0.438,0.907,1,1,0.304,-0.994,-1,-1,-1,-0.333,0.927,1,1,1,1,1,1,1,1,0.165,-0.886,-1,-1,-1,-1,-1,-0.384,0.781,1,1,1,1,0.881,0.415,-0.492,-0.986,-1,-1,-1,-1,-1,-1,-1,-0.873,-0.2,0.226,0.437,-0.019,-0.777,-1,-1,-1,-1,-1,-1,-1,-1,-1,-1,-1,-1,-1,-1,-1,-1,-1,-1,-1,-1,-1,-1
"446",-1,-1,-1,-1,-0.445,0.542,0.542,-0.54,-1,-1,-1,-1,-1,-1,-1,-1,-1,-1,-1,-0.615,0.884,1,1,0.887,0.71,-0.196,-0.2,-0.744,-1,-1,-1,-1,-1,-1,-0.694,0.815,1,1,1,1,1,1,1,0.924,0.221,-0.755,-1,-1,-1,-0.75,0.751,1,1,1,1,1,1,1,1,1,1,0.759,-0.754,-1,-1,0.226,1,1,1,1,0.998,0.6,0.6,0.6,0.739,1,1,1,0.25,-0.91,-0.485,0.963,1,1,1,1,-0.279,-0.993,-1,-1,-0.831,0.49,1,1,1,-0.457,-0.106,1,1,1,1,1,0.404,-0.89,-1,-1,-1,-0.597,0.869,1,1,0.041,0.31,1,1,1,0.525,0.639,1,0.857,-0.363,-1,-1,-1,0.539,1,1,0.775,0.229,1,1,1,-0.419,-0.898,0.479,0.829,-0.231,-1,-1,-1,0.38,1,1,0.855,0.907,1,1,1,-0.678,-1,-1,-1,-1,-1,-1,-0.933,0.729,1,1,0.178,0.748,1,1,1,-0.519,-1,-1,-1,-1,-1,-1,-0.135,1,1,1,0.102,0.275,1,1,1,0.088,-0.822,-1,-1,-1,-0.884,-0.052,0.942,1,1,1,-0.418,-0.484,1,1,1,1,0.835,0.772,0.772,0.772,0.806,1,1,1,1,0.462,-0.923,-0.988,-0.04,0.974,1,1,1,1,1,1,1,1,1,0.971,0.555,-0.918,-1,-1,-1,-0.161,0.937,1,1,1,1,1,1,0.867,0.606,-0.39,-1,-1,-1,-1,-1,-1,-0.522,-0.372,0.453,0.542,0.542,0.542,0.24,-0.653,-1,-1,-1,-1,-1
"447",-1,-1,-1,-1,-1,-1,-1,-1,-1,-1,-1,-0.769,0.63,0.48,-0.806,-1,-1,-1,-0.962,0.087,-0.501,-1,-1,-1,-1,-1,-0.999,-0.03,1,1,-0.061,-1,-1,-1,-0.32,1,0.97,-0.902,-1,-1,-1,-1,-0.542,0.997,0.999,0.937,-0.142,-1,-1,-0.825,0.831,1,0.999,-0.632,-1,-1,-1,-1,0.12,1,0.801,-0.78,-0.949,-1,-1,-0.297,1,0.893,0.795,-0.915,-1,-1,-1,-1,0.475,1,0.134,-1,-1,-1,-1,-0.038,1,0.482,-0.835,-1,-1,-1,-1,-0.947,0.845,1,-0.392,-1,-1,-1,-1,0.094,1,0.18,-0.972,-0.972,-0.976,-1,-1,-0.372,1,0.948,-0.866,-1,-1,-1,-1,-0.028,1,1,1,1,0.958,0.409,-0.745,0.001,1,0.506,-1,-1,-1,-1,-1,-0.873,0.498,1,1,0.714,0.577,0.947,0.766,0.726,1,-0.026,-1,-1,-1,-1,-1,-1,-0.997,-0.972,-0.972,-0.99,-1,-0.537,0.785,1,1,-0.45,-1,-1,-1,-1,-1,-1,-1,-1,-1,-1,-1,-1,-0.876,0.99,0.983,-0.876,-1,-1,-1,-1,-1,-1,-1,-1,-1,-1,-1,-1,-0.787,0.995,0.837,-0.989,-1,-1,-1,-1,-1,-1,-1,-1,-1,-1,-1,-1,-0.539,1,0.696,-0.999,-1,-1,-1,-1,-1,-1,-1,-1,-1,-1,-1,-1,0.114,1,0.247,-1,-1,-1,-1,-1,-1,-1,-1,-1,-1,-1,-1,-1,0.176,1,-0.323,-1,-1,-1,-1,-1,-1,-1,-1,-1,-1,-1,-1,-1,-0.36,0.957,-0.252,-1,-1,-1,-1,-1
"448",-1,-1,-1,-1,-1,-1,-0.961,-0.905,-1,-1,-1,-1,-1,-1,-1,-1,-1,-1,-0.95,-0.339,0.379,0.46,0.598,0.867,0.12,-0.765,-1,-1,-1,-1,-1,-1,-1,-0.979,0.399,1,1,1,1,1,1,0.811,0.441,-0.296,-0.949,-1,-1,-1,-1,-0.535,1,1,1,1,1,0.928,0.97,1,1,1,0.747,-0.668,-1,-1,-1,-0.566,1,1,1,0.902,-0.076,-0.948,-0.006,0.911,0.27,0.779,1,0.891,-0.607,-1,-1,-0.312,1,1,0.993,-0.29,-1,-1,-0.177,-0.521,-1,-0.808,0.57,1,0.826,-0.77,-1,0.343,1,1,0.387,-1,-1,-1,-1,-1,-1,-1,-0.732,0.942,1,-0.285,-0.901,0.899,1,0.92,-0.641,-1,-1,-1,-1,-1,-1,-1,-1,0.544,1,0.166,0.113,1,1,0.397,-1,-1,-1,-1,-1,-1,-1,-1,-0.906,0.892,1,0.618,0.328,1,1,-0.498,-1,-1,-1,-1,-1,-1,-1,-1,-0.359,1,1,0.629,0.77,1,1,-0.713,-1,-1,-1,-1,-1,-1,-1,-0.264,0.881,1,0.992,-0.446,0.331,1,1,-0.274,-1,-1,-1,-1,-1,-0.701,0.203,0.959,1,1,0.602,-0.95,-0.314,1,1,0.961,0.836,0.251,0.251,0.251,0.767,0.959,1,1,1,0.668,-0.74,-1,-1,0.152,1,1,1,1,1,1,1,1,1,0.796,-0.072,-0.84,-1,-1,-1,-0.99,-0.639,0.43,0.752,1,1,1,0.546,0.081,-0.636,-0.924,-1,-1,-1,-1,-1,-1,-1,-1,-0.933,-0.867,-0.867,-0.867,-0.974,-1,-1,-1,-1,-1,-1,-1
"449",-1,-1,-1,-1,-1,-1,-1,-0.631,0.645,-0.996,-1,-1,-1,-1,-1,-1,-1,-1,-1,-1,-1,-1,-1,-0.229,0.94,-0.884,-1,-1,-1,-1,-1,-1,-1,-1,-1,-1,-1,-1,-1,0.523,0.707,-0.97,-1,-1,-1,-1,-1,-1,-1,-1,-1,-1,-1,-1,-0.885,0.858,0.346,-1,-1,-1,-1,-1,-1,-1,-1,-1,-1,-1,-1,-1,-0.558,1,-0.073,-1,-1,-1,-1,-1,-1,-1,-1,-1,-1,-1,-1,-1,0.028,1,-0.502,-1,-1,-1,-1,-1,-1,-1,-1,-1,-1,-1,-1,-1,0.429,0.99,-0.736,-1,-1,-1,-1,-1,-1,-1,-1,-1,-1,-1,-1,-0.896,0.85,0.412,-0.998,-1,-1,-1,-1,-1,-1,-1,-1,-1,-1,-1,-1,-0.486,1,-0.136,-1,-1,-1,-1,-1,-1,-1,-1,-1,-1,-1,-1,-1,-0.296,1,-0.031,-1,-1,-1,-1,-1,-1,-1,-1,-1,-1,-1,-1,-1,-0.229,1,0.497,0.36,-0.994,-1,-1,-1,-1,-1,-1,-1,-1,-1,-1,-1,-0.49,1,0.641,-0.975,-1,-1,-1,-1,-1,-1,-1,-1,-1,-1,-1,-1,-0.071,1,0.824,-0.947,-1,-1,-1,-1,-1,-1,-1,-1,-1,-1,-1,-1,-0.452,0.906,0.895,-0.115,-0.993,-1,-1,-1,-1,-1,-1,-1,-1,-1,-1,-1,-1,-0.059,1,1,0.934,-0.232,-1,-1,-1,-1,-1,-1,-1,-1,-1,-1,-1,-0.949,-0.236,0.78,0.841,-0.906,-1,-1,-1,-1,-1
"450",-1,-1,-1,-1,-1,-1,-1,-0.483,0.312,0.999,0.999,0.96,-0.565,-1,-1,-1,-1,-1,-1,-1,-1,-0.805,0.217,0.856,1,1,1,1,0.555,-1,-1,-1,-1,-1,-1,-0.942,-0.566,0.548,1,1,1,1,1,1,0.444,-1,-1,-1,-1,-1,-1,-0.126,1,1,1,1,1,1,1,0.583,-0.763,-1,-1,-1,-1,-0.994,-0.227,0.9,1,1,1,1,1,1,0.004,-0.593,-1,-1,-1,-1,-1,-0.441,0.986,1,1,1,1,1,1,1,1,0.715,-0.573,-1,-1,-1,-0.981,0.182,1,1,1,1,1,0.977,0.962,1,1,1,0.752,0.424,-0.94,-1,-0.66,1,1,1,1,1,1,0.088,0.037,1,1,1,1,1,0.642,-0.674,0.057,1,1,1,1,1,0.357,-0.892,-0.154,1,1,1,1,1,1,0.067,0.349,1,1,1,1,1,0.369,-0.478,-0.446,0.502,1,1,1,1,1,0.258,0.158,1,1,1,1,1,1,1,1,1,1,1,1,1,1,0.449,-0.863,0.62,1,1,1,1,1,1,1,1,1,1,1,1,1,-0.57,-1,-0.254,0.973,1,1,1,1,1,1,1,1,1,1,1,0.569,-0.794,-1,-1,-0.315,0.907,1,1,1,1,1,1,1,1,1,0.777,-0.747,-1,-1,-1,-1,-0.473,0.757,1,1,1,1,1,1,0.97,0.217,-0.628,-1,-1,-1,-1,-1,-1,-0.601,-0.392,-0.392,0.757,0.999,0.999,0.515,-0.396,-0.999,-1,-1,-1
"451",-1,-1,-1,-1,-1,-1,-1,-0.991,0.776,0.697,-0.235,-0.998,-1,-1,-1,-1,-1,-1,-1,-1,-0.626,-1,-1,-1,0.07,1,1,-0.195,-1,-1,-1,-1,-1,-1,-1,-0.146,1,0.802,-0.656,-1,-0.909,0.888,1,0.927,-0.781,-1,-1,-1,-1,-1,-1,0.013,1,1,0.662,-0.925,-0.994,0.757,1,1,-0.388,-1,-1,-1,-1,-1,-1,0.422,1,1,0.899,-0.946,-0.539,0.961,1,1,-0.172,-1,-1,-1,-1,-1,-0.878,0.959,1,1,0.669,-1,-0.044,1,1,1,-0.206,-1,-1,-1,-1,-0.921,0.286,1,1,1,0.51,-1,-0.01,1,1,0.918,-0.783,-1,-1,-1,-0.859,0.758,1,1,1,1,1,1,1,1,1,0.864,-0.426,-0.5,-0.962,-1,-0.661,0.969,1,1,1,0.904,0.5,0.846,1,1,1,1,1,1,0.724,-0.782,-1,-0.134,0.976,0.996,-0.089,-1,-1,-0.758,0.976,1,1,0.162,-0.212,-0.288,-0.5,-0.879,-1,-1,-1,-1,-1,-1,-1,-0.499,1,1,0.511,-0.888,-1,-1,-1,-1,-1,-1,-1,-1,-1,-1,-1,-0.34,1,1,-0.66,-1,-1,-1,-1,-1,-1,-1,-1,-1,-1,-1,-1,-0.43,1,0.648,-0.843,-1,-1,-1,-1,-1,-1,-1,-1,-1,-1,-1,-1,-0.271,1,0.021,-1,-1,-1,-1,-1,-1,-1,-1,-1,-1,-1,-1,-1,0.263,0.968,-0.856,-1,-1,-1,-1,-1,-1,-1,-1,-1,-1,-1,-1,-1,0.048,0.452,-1,-1,-1,-1,-1,-1,-1
"452",-1,-1,-1,-1,-1,-0.637,0.449,1,1,0.857,-0.342,-0.998,-1,-1,-1,-1,-1,-1,-1,-1,-1,-0.275,1,1,1,1,1,-0.17,-1,-1,-1,-1,-1,-1,-1,-1,-0.961,-0.135,1,1,1,1,1,-0.029,-1,-1,-1,-1,-1,-1,-1,-0.965,-0.072,1,1,1,1,1,1,0.744,-0.873,-1,-1,-1,-1,-1,-1,-0.539,1,1,1,1,1,1,1,1,-0.136,-1,-1,-1,-1,-1,-0.993,0.26,1,1,1,1,0.677,0.657,1,1,0.897,-0.706,-1,-1,-1,-1,-0.923,0.635,1,1,1,1,-0.037,-0.015,1,1,1,0.371,-1,-1,-1,-1,-0.348,1,1,1,1,0.999,-0.549,-0.062,1,1,1,0.977,-0.785,-1,-1,-0.962,0.673,1,1,1,1,0.195,-0.924,0.33,1,1,1,1,-0.535,-1,-1,-0.659,0.989,1,1,1,0.945,-0.826,-1,0.31,1,1,1,1,-0.381,-1,-1,-0.304,1,1,1,1,0.743,-0.99,-0.291,0.833,1,1,1,1,-0.374,-1,-1,-0.964,0.547,1,1,1,0.723,-0.664,0.916,1,1,1,1,0.47,-0.942,-1,-1,-1,-0.358,0.88,1,1,0.959,0.455,1,1,1,1,1,-0.052,-1,-1,-1,-1,-1,-0.413,0.836,1,1,1,1,1,1,1,0.792,-0.756,-1,-1,-1,-1,-1,-1,-0.655,0.511,1,1,1,1,1,0.691,-0.873,-1,-1,-1,-1,-1,-1,-1,-1,-0.992,-0.472,0.249,0.544,1,0.18,-0.661,-1,-1,-1,-1
"453",-1,-1,-1,-1,-0.959,-0.305,0.761,0.482,1,0.982,0.105,-0.884,-1,-1,-1,-1,-1,-1,-1,-0.604,0.351,1,1,1,1,1,1,0.821,-0.226,-0.964,-1,-1,-1,-1,-0.876,0.64,1,1,1,1,1,0.863,0.664,1,1,0.064,-1,-1,-1,-1,-0.214,1,1,1,1,1,0.788,0.342,-0.306,1,1,0.957,-0.832,-1,-1,-0.921,0.54,1,1,1,0.864,-0.264,-0.994,-1,-0.989,0.526,1,1,0.043,-1,-1,-0.453,1,1,1,1,0.204,-1,-1,-1,-0.85,0.936,1,1,0.44,-1,-1,0.096,1,1,1,0.953,-0.819,-1,-1,-1,-0.764,0.925,1,1,0.69,-0.994,-0.998,0.643,1,1,1,0.581,-0.996,-1,-1,-1,-0.947,0.711,1,1,0.791,-0.981,-0.992,0.619,1,1,1,-0.011,-1,-1,-1,-1,-0.831,0.955,1,1,0.935,-0.87,-0.876,0.957,1,1,1,-0.466,-1,-1,-1,-1,-0.517,1,1,1,0.327,-1,-0.982,0.618,1,1,1,-0.352,-1,-1,-1,-1,-0.346,1,1,1,0.109,-1,-1,-0.33,1,1,1,-0.049,-1,-1,-1,-1,0.582,1,1,1,-0.156,-1,-1,-0.988,0.455,1,1,0.301,-1,-1,-0.962,-0.314,0.975,1,1,0.373,-0.977,-1,-1,-1,-0.806,0.834,1,1,0.219,-0.342,0.331,1,1,1,0.916,-0.732,-1,-1,-1,-1,-1,-0.419,0.866,1,1,1,1,1,1,1,0.351,-1,-1,-1,-1,-1,-1,-1,-0.813,0.153,0.49,1,1,1,0.84,-0.279,-0.937,-1,-1,-1
"454",-1,-1,-1,-0.983,-0.071,0.601,1,0.505,0.346,-0.263,-0.969,-1,-1,-1,-1,-1,-1,-1,-0.861,0.41,1,1,1,1,1,1,0.721,-0.451,-1,-1,-1,-1,-1,-0.963,0.019,1,1,1,1,1,1,1,1,0.938,-0.165,-0.985,-1,-1,-1,0.098,1,1,1,1,1,0.99,0.837,0.907,1,1,1,-0.015,-1,-1,-0.923,0.689,1,1,1,1,0.998,-0.222,-0.974,-0.844,0.459,1,1,0.964,-0.582,-1,-0.896,0.917,1,1,1,1,0.032,-0.951,-1,-1,-0.796,0.852,1,1,0.666,-0.966,-0.524,1,1,1,0.939,0.259,-0.931,-1,-1,-1,-1,-0.248,1,1,0.989,-0.558,0.077,1,1,1,0.879,-0.934,-1,-1,-1,-1,-1,-0.547,0.994,1,1,-0.051,0.559,1,1,1,0.774,-0.977,-1,-1,-1,-1,-1,-0.883,0.933,1,1,0.561,0.068,1,1,1,0.514,-0.999,-1,-1,-1,-1,-1,-0.837,0.741,1,1,0.412,0.069,1,1,1,0.487,-1,-1,-1,-1,-1,-1,-0.959,0.599,1,0.882,-0.484,-0.289,1,1,1,-0.035,-1,-1,-1,-1,-0.763,0.124,0.737,0.462,1,0.21,-1,-0.954,0.614,1,1,0.506,-0.982,-1,-0.804,-0.293,0.79,1,1,1,0.144,-0.908,-1,-1,-0.669,0.932,1,1,0.416,0.29,0.909,1,1,1,0.813,0.543,-0.895,-1,-1,-1,-1,-0.677,0.715,1,1,1,1,1,1,0.782,-0.777,-0.945,-1,-1,-1,-1,-1,-1,-0.971,-0.06,0.699,1,0.621,0.232,-0.306,-0.606,-1,-1,-1,-1,-1
"455",-1,-1,-1,-0.527,0.679,1,1,1,0.645,-0.576,-1,-1,-1,-1,-1,-1,-1,-1,-0.714,0.874,1,1,1,1,1,1,0.227,-0.832,-1,-1,-1,-1,-1,-1,0.28,1,1,1,1,1,1,1,1,0.86,-0.807,-1,-1,-1,-1,-1,0.288,1,1,1,1,1,1,1,1,1,0.378,-0.999,-1,-1,-1,-1,-1,0.296,1,1,1,1,1,1,1,1,1,-0.297,-1,-1,-1,-1,-0.921,0.892,1,1,1,1,0.698,-0.23,0.976,1,1,0.848,-0.82,-1,-1,-1,0.313,1,1,1,1,1,-0.313,-1,0.535,1,1,1,-0.091,-1,-1,-0.913,0.9,1,1,1,1,0.044,-0.921,-1,0.543,1,1,1,0.345,-1,-1,-0.338,1,1,1,1,0.686,-0.905,-1,-1,0.552,1,1,1,-0.107,-1,-1,-0.107,1,1,1,1,0.329,-1,-1,-1,0.115,1,1,1,-0.338,-1,-1,0.345,1,1,1,0.921,-0.489,-1,-1,-0.472,0.929,1,1,1,-0.346,-1,-1,0.131,1,1,1,0.978,-0.776,-1,-0.313,1,1,1,1,0.244,-0.932,-1,-1,-0.82,0.848,1,1,1,0.167,-0.101,0.934,1,1,1,0.017,-0.934,-1,-1,-1,-1,-0.297,1,1,1,1,1,1,1,1,0.468,-0.505,-1,-1,-1,-1,-1,-1,-0.589,0.634,1,1,1,1,0.882,-0.928,-1,-1,-1,-1,-1,-1,-1,-1,-1,-1,-0.613,0.129,0.648,0,-0.721,-1,-1,-1,-1,-1,-1
"456",-1,-1,-1,-1,-1,-1,-1,-0.554,0.704,0.056,-0.999,-1,-1,-1,-1,-1,-1,-1,-1,-1,-1,-1,-1,-0.275,1,1,0.714,0.103,-0.847,-1,-1,-1,-1,-1,-1,-1,-1,-1,-0.963,0.342,1,1,1,1,-0.044,-1,-1,-1,-1,-1,-1,-1,-0.995,-0.564,0.44,1,0.98,0.894,1,0.718,-0.716,-1,-1,-1,-1,-1,-1,-0.974,0.14,0.992,1,0.964,-0.3,-0.594,0.896,1,-0.324,-1,-1,-1,-1,-1,-0.936,0.565,1,1,0.881,-0.688,-1,-1,-0.051,1,0.803,-0.774,-1,-1,-1,-1,0.199,1,1,0.314,-0.797,-1,-1,-1,-0.838,0.686,1,-0.298,-1,-1,-1,-0.604,0.979,1,0.577,-0.931,-1,-1,-1,-1,-1,0.001,1,0.139,-1,-1,-1,-0.319,1,0.984,-0.561,-1,-1,-1,-1,-1,-1,-0.955,0.935,0.867,-0.786,-1,-1,-0.124,1,0.984,-0.883,-1,-1,-1,-1,-1,-1,-0.848,0.929,0.951,-0.939,-1,-1,-0.561,1,1,-0.462,-1,-1,-1,-1,-1,-1,-0.999,0.816,1,-0.551,-1,-1,-0.944,0.757,1,0.711,-0.851,-1,-1,-1,-1,-1,-0.897,0.973,1,-0.114,-1,-1,-1,-0.534,0.852,1,0.681,-0.519,-1,-1,-1,-0.935,0.437,0.987,1,-0.468,-1,-1,-1,-1,-0.689,0.642,1,0.989,0.499,-0.022,-0.022,0.318,1,1,0.777,-0.882,-1,-1,-1,-1,-1,-0.701,0.731,1,1,1,1,1,1,0.635,-0.738,-1,-1,-1,-1,-1,-1,-1,-0.994,-0.266,0.289,0.804,1,0.579,0.289,-0.695,-1,-1,-1
"457",-1,-1,-1,-1,-0.97,-0.134,0.654,0.135,0.135,0.045,-0.861,-1,-1,-1,-1,-1,-1,-1,-1,-0.861,-0.297,0.978,1,1,1,1,0.789,-0.22,-0.997,-1,-1,-1,-1,-1,-1,-0.209,1,1,1,1,1,1,1,1,-0.284,-1,-1,-1,-1,-1,-0.638,0.698,1,1,1,1,0.987,0.784,0.949,1,0.983,-0.171,-1,-1,-1,-1,0.19,1,1,1,1,1,0.358,-0.949,-0.58,0.824,1,0.506,-1,-1,-1,-0.914,0.813,1,1,0.839,0.834,1,0.749,-0.974,-1,-0.292,1,0.991,-0.511,-1,-1,-0.32,0.997,1,1,0.106,-0.869,0.748,0.993,-0.43,-1,-0.903,0.871,1,-0.083,-1,-0.999,0.431,1,1,0.783,-0.619,-1,-0.654,0.67,1,0.18,-0.632,0.927,1,0.846,-0.908,-0.773,0.914,1,1,0.456,-1,-1,-1,-0.795,0.27,1,0.817,0.996,1,0.985,-0.773,-0.88,0.935,1,1,-0.066,-1,-1,-1,-1,-0.996,-0.837,0.389,1,1,-0.178,-0.973,-1,0.244,1,1,-0.026,-1,-1,-1,-1,-1,-0.673,0.891,1,0.862,-0.862,-1,-1,-0.357,1,1,0.2,-1,-1,-1,-1,-0.984,0.611,1,1,0.292,-1,-1,-1,-0.98,0.578,1,0.988,-0.134,-0.946,-0.557,0.285,0.784,0.97,1,0.994,-0.434,-1,-1,-1,-1,-0.624,0.828,1,1,1,1,1,1,1,1,0.583,-0.966,-1,-1,-1,-1,-1,-0.816,0.158,0.993,1,1,1,1,0.759,-0.26,-0.834,-1,-1,-1,-1,-1,-1,-1,-1,-0.517,0.26,1,0.977,-0.164,-0.803,-1,-1,-1,-1,-1
"458",-1,-1,-1,-1,-1,-1,-1,-1,-1,-1,-1,-1,0.181,-0.916,-1,-1,-1,-1,-1,-1,-1,-1,-1,-1,-1,-1,-1,-0.415,0.992,-0.414,-1,-1,-1,-1,-1,-1,-1,-1,-1,-1,-1,-1,-0.952,0.551,1,0.146,-1,-1,-1,-1,-0.968,0.11,-0.61,-1,-1,-1,-1,-1,-0.628,1,1,0.106,-1,-1,-1,-1,-0.655,1,0.684,-1,-1,-1,-1,-1,0.078,1,0.902,-0.735,-1,-1,-1,-1,0.018,1,0.875,-0.965,-1,-1,-1,-1,0.518,1,0.227,-1,-1,-1,-1,-1,-0.94,0.933,0.768,-0.965,-1,-1,-0.96,0.023,0.926,1,-0.412,-1,-1,-1,-1,-1,-0.994,0.394,1,0.807,0.548,0.548,0.814,1,1,0.988,-0.74,-1,-1,-1,-1,-1,-1,-0.893,0.118,0.75,1,1,0.509,-0.111,0.97,0.965,-0.906,-1,-1,-1,-1,-1,-1,-1,-1,-0.973,-0.761,-0.711,-0.972,-0.846,0.99,0.929,-0.944,-1,-1,-1,-1,-1,-1,-1,-1,-1,-1,-1,-1,-0.781,0.999,0.995,-0.817,-1,-1,-1,-1,-1,-1,-1,-1,-1,-1,-1,-1,-0.863,0.955,0.872,-0.967,-1,-1,-1,-1,-1,-1,-1,-1,-1,-1,-1,-1,-0.602,1,0.465,-1,-1,-1,-1,-1,-1,-1,-1,-1,-1,-1,-1,-1,-0.029,1,-0.141,-1,-1,-1,-1,-1,-1,-1,-1,-1,-1,-1,-1,-0.987,0.547,0.583,-0.946,-1,-1,-1,-1,-1,-1,-1,-1,-1,-1,-1,-1,-0.871,0.747,-0.712,-1,-1,-1,-1,-1
"459",-1,-1,-1,-1,-1,-1,-1,-0.675,0.833,0.902,-0.541,-1,-1,-1,-1,-1,-1,-1,-1,-1,-1,-0.71,-0.556,0.669,1,1,0.85,-0.343,-1,-1,-1,-1,-1,-1,-1,-1,-0.755,0.719,1,1,1,1,1,0.863,-0.958,-1,-1,-1,-1,-1,-1,-1,0.331,1,1,1,1,1,1,1,0.563,-0.775,-1,-1,-1,-1,-1,-0.756,0.883,1,1,1,1,1,1,1,1,0.669,-1,-1,-0.994,0.313,0.333,0.386,1,1,1,1,1,1,1,1,1,0.995,-0.146,-1,-1,0.801,1,1,1,1,1,1,1,1,1,1,1,1,0.458,-1,-1,0.587,1,1,1,1,1,1,0.618,0.407,0.026,-0.562,1,0.815,-0.548,-1,-1,0.373,1,1,1,1,1,0.786,-0.771,-1,-1,-0.949,0.99,0.515,-1,-1,-1,-0.415,0.96,1,1,1,1,0.877,-1,-1,-1,-1,-0.094,-0.194,-1,-1,-1,-1,0.76,1,1,1,1,0.999,-0.908,-1,-1,0.127,0.582,-0.724,-1,-1,-1,-1,0.547,1,1,1,1,1,-0.457,-0.703,-0.145,0.961,1,-0.029,-1,-1,-1,-1,-0.326,1,1,1,1,1,1,1,1,1,1,0.611,-0.768,-1,-1,-1,-0.996,0.93,1,1,1,1,1,1,1,1,1,1,0.725,-1,-1,-1,-1,0.5,1,1,1,1,1,1,1,1,1,1,0.757,-0.994,-1,-1,-1,-0.843,-0.186,-0.186,-0.186,0.506,0.527,-0.186,-0.186,-0.186,-0.186,-0.186,-0.614,-1
"460",-1,-1,-1,-1,-1,-1,-0.564,0.974,0.223,-0.941,-1,-1,-1,-1,-1,-1,-1,-1,-1,-1,-1,-1,-0.289,1,1,-0.522,-1,-1,-1,-1,-1,-1,-1,-1,-1,-1,-1,-1,0.361,1,1,-0.097,-1,-1,-1,-1,-1,-1,-1,-1,-1,-1,-1,-1,-0.098,0.87,1,0.399,-1,-1,-1,-1,-1,-1,-1,-1,-1,-1,-1,-0.954,0.07,0.605,0.557,-0.603,-1,-1,-1,-1,-1,-1,-1,-1,-1,-1,-1,-0.858,1,1,1,0.477,-1,-1,-1,-1,-1,-1,-1,-1,-1,-1,-1,-0.114,1,1,1,-0.032,-1,-1,-1,-1,-1,-1,-1,-1,-1,-1,-1,-0.142,1,1,1,0.79,-1,-1,-1,-1,-1,-1,-1,-1,-1,-1,-1,-0.216,1,1,1,0.865,-1,-1,-1,-1,-1,-1,-1,-1,-1,-1,-1,-0.291,1,1,1,0.94,-0.955,-1,-1,-1,-1,-1,-1,-1,-1,-1,-1,-0.365,1,1,1,1,-0.122,-1,-1,-1,-1,-1,-1,-1,-1,-1,-1,-0.44,1,1,1,1,-0.328,-1,-1,-1,-1,-1,-1,-1,-1,-1,-1,-0.514,1,1,1,0.982,-0.843,-1,-1,-1,-1,-1,-1,-1,-1,-1,-1,-0.589,1,1,1,0.372,-1,-1,-1,-1,-1,-1,-1,-1,-1,-1,-1,-0.663,1,1,1,0.447,-1,-1,-1,-1,-1,-1,-1,-1,-1,-1,-1,-0.842,0.73,1,1,0.147,-1,-1,-1,-1,-1,-1
"461",-1,-1,-1,-1,-1,-1,-1,-1,-1,-1,-1,-1,-1,-1,-1,-1,-1,-1,-1,0.213,0.982,0.982,0.303,-1,-1,-1,-1,-1,-1,-1,-1,-1,-1,-1,-0.419,0.919,1,1,0.376,-0.998,-1,-1,-1,-1,-0.614,0.391,0.44,-0.666,-1,-0.733,0.898,1,1,0.473,-0.861,-1,-1,-1,-1,-0.903,0.731,1,1,-0.114,-0.766,0.899,1,1,1,0.189,-1,-1,-1,-1,-0.912,0.707,1,1,1,0.188,-0.123,1,1,1,0.897,-0.733,-1,-1,-1,-1,-0.781,0.962,1,1,1,0.42,0.338,1,1,1,0.494,-1,-1,-1,-1,-1,0.052,1,1,1,0.891,-0.233,0.472,1,1,1,0.728,-0.381,-0.576,-0.576,-0.858,-0.202,0.902,1,1,0.754,-0.621,-1,0.52,1,1,1,1,1,1,1,0.766,0.874,1,1,0.984,-0.544,-1,-1,-0.223,1,1,1,1,1,1,1,1,1,1,0.967,-0.09,-0.986,-1,-1,-0.948,0.8,1,1,1,1,0.877,0.706,1,1,1,0.402,-0.999,-1,-1,-1,-1,-0.771,-0.645,-0.309,-0.262,-0.645,-0.693,0.248,1,1,0.977,-0.598,-1,-1,-1,-1,-1,-1,-1,-1,-1,-1,-0.585,0.974,1,1,0.34,-0.994,-1,-1,-1,-1,-1,-1,-1,-1,-1,-0.647,0.68,1,1,1,0.868,-0.638,-1,-1,-1,-1,-1,-1,-1,-1,-1,-0.765,0.134,0.377,0.951,0.153,0.055,-0.939,-1,-1,-1,-1,-1,-1,-1,-1,-1,-1,-1,-1,-1,-1,-1,-1,-1,-1,-1,-1
"462",-1,-1,-1,-1,-0.941,-0.685,-0.881,-0.203,0.559,-0.544,-1,-1,-1,-1,-1,-1,-1,-1,-1,-0.97,0.251,1,0.808,0.568,-0.394,-0.934,-1,-1,-1,-1,-1,-1,-1,-1,-1,-0.396,1,1,0.229,-0.929,-1,-1,-1,-1,-0.827,-0.631,-1,-1,-1,-1,-0.998,0.624,1,0.472,-0.941,-1,-1,-1,-1,-1,-0.073,0.9,-0.713,-1,-1,-1,-0.333,0.988,0.596,-0.894,-1,-1,-1,-1,-1,-1,-0.749,0.933,0.357,-1,-1,-1,0.384,1,-0.526,-1,-1,-1,-1,-1,-1,-1,-1,0.31,0.961,-0.536,-1,-0.789,0.89,0.616,-0.983,-1,-1,-1,-1,-1,-1,-1,-1,-0.561,0.984,0.312,-0.998,0.52,1,-0.401,-1,-1,-1,-1,-1,-1,-1,-1,-1,-1,0.465,0.688,-0.655,1,0.93,-0.918,-1,-1,-1,-1,-1,-1,-1,-1,-1,-1,-0.081,0.57,-0.091,1,0.447,-1,-1,-1,-1,-1,-1,-1,-1,-1,-1,-1,-0.649,0.586,0.473,1,-0.117,-1,-1,-1,-1,-1,-1,-1,-1,-1,-1,-1,-0.865,0.497,0.679,1,-0.322,-1,-1,-1,-1,-1,-1,-1,-1,-1,-1,-1,-0.646,0.416,0.573,1,0.365,-0.962,-1,-1,-1,-1,-1,-1,-1,-1,-0.968,-0.707,0.692,0.338,-0.407,0.986,1,0.746,0.242,-0.203,-0.203,-0.203,-0.203,-0.203,-0.203,0.264,0.841,1,0.906,-0.089,-0.999,0.537,1,1,1,1,1,1,1,1,1,1,0.893,0.309,-0.713,-1,-1,-0.938,-0.454,-0.063,0.5,0.559,0.559,0.559,0.559,0.559,0.135,-0.086,-0.781,-1,-1,-1
"463",-1,-1,-1,-1,-1,-1,-0.701,-0.549,-1,-1,-1,-1,-1,-1,-1,-1,-1,-1,-1,-0.97,-0.062,0.956,0.98,0.699,-0.945,-0.397,-0.299,-0.999,-1,-1,-1,-1,-1,-1,-0.917,0.283,1,0.988,0.462,-0.393,-0.976,0.348,0.531,0.118,-0.853,-1,-1,-1,-1,-0.999,0.396,1,0.594,-0.61,-1,-1,-1,-1,-0.631,0.97,0.44,-0.972,-1,-1,-1,-0.491,0.99,1,0.963,0.317,-1,-1,-1,-1,-1,-0.284,0.802,-0.006,-1,-1,-0.993,0.618,0.781,-0.812,-0.432,-0.56,-1,-1,-1,-1,-1,-1,0.174,0.993,-0.514,-1,-0.281,0.997,-0.299,-1,-1,-1,-1,-1,-1,-1,-1,-1,-0.597,0.752,0.488,-0.978,0.6,0.801,-0.983,-1,-1,-1,-1,-1,-1,-1,-1,-1,-1,-0.17,0.985,-0.722,0.713,0.377,-1,-1,-1,-1,-1,-1,-1,-1,-1,-1,-1,-0.702,0.991,0.294,0.619,-0.34,-1,-1,-1,-1,-1,-1,-1,-1,-1,-1,-1,-0.971,0.838,0.712,0.567,-0.45,-1,-1,-1,-1,-1,-1,-1,-1,-1,-1,-1,-0.98,0.801,0.764,0.549,-0.094,-1,-1,-1,-1,-1,-1,-1,-1,-1,-1,-0.998,-0.044,1,-0.044,0.5,0.98,-0.217,-0.972,-1,-1,-1,-1,-1,-0.996,-0.869,-0.254,0.524,0.992,0.602,-0.919,0.389,1,1,0.96,0.461,0.461,0.295,0.304,0.461,0.511,1,1,0.853,-0.042,-0.903,-1,-0.8,0.204,0.75,1,1,1,1,1,0.993,0.956,0.756,-0.22,-0.857,-1,-1,-1,-1,-1,-0.799,-0.474,-0.474,-0.474,-0.474,-0.474,-0.535,-1,-1,-1,-1,-1,-1,-1
"464",-1,-1,-1,-1,-0.451,-0.502,0.631,1,1,0.693,-0.19,-0.958,-1,-1,-1,-1,-1,-1,-1,-0.824,0.916,1,1,1,1,1,1,0.293,-0.984,-1,-1,-1,-1,-1,-1,-0.317,1,0.993,0.518,0.149,-0.345,-0.684,0.631,1,0.004,-1,-1,-1,-1,-1,-1,0.284,1,0.976,-0.855,-1,-1,-1,-0.707,0.853,0.743,-0.817,-1,-1,-1,-1,-0.963,0.838,1,0.998,-0.758,-1,-1,-1,-1,0.256,1,-0.215,-1,-1,-1,-1,-0.942,0.91,1,0.73,-0.985,-1,-1,-1,-1,-0.349,1,-0.435,-1,-1,-1,-1,-1,0.68,1,0.556,-1,-1,-1,-1,-1,-0.256,1,-0.496,-1,-1,-1,-1,-0.913,0.897,1,0.252,-1,-1,-1,-1,-1,0.112,1,-0.695,-1,-1,-1,-1,-0.797,0.991,1,-0.127,-1,-1,-1,-1,-1,0.491,1,-0.09,-1,-1,-1,-1,-0.586,1,1,-0.178,-1,-1,-1,-1,-0.951,0.895,1,-0.459,-1,-1,-1,-1,-0.397,1,1,-0.229,-1,-1,-1,-1,-0.371,0.99,0.998,-0.656,-1,-1,-1,-1,-0.57,0.906,1,-0.28,-1,-1,-1,-0.978,0.452,1,0.901,-0.927,-1,-1,-1,-1,-0.989,0.805,1,-0.045,-1,-1,-0.987,-0.06,1,1,-0.018,-1,-1,-1,-1,-1,-1,-0.368,0.986,0.865,-0.345,-0.003,0.535,0.998,1,0.198,-0.96,-1,-1,-1,-1,-1,-1,-1,0.04,1,1,1,1,1,0.558,-0.957,-1,-1,-1,-1,-1,-1,-1,-1,-0.992,-0.177,0.784,1,0.99,0.105,-0.873,-1,-1,-1,-1,-1
"465",-1,-1,-1,-1,-0.495,0.074,0.601,0.766,0.484,-0.101,-0.755,-1,-1,-1,-1,-1,-1,-1,-1,0,0.992,1,1,1,1,1,0.972,-0.165,-1,-1,-1,-1,-1,-1,-0.787,0.995,1,1,1,0.709,-0.162,-0.271,0.561,0.976,-0.031,-0.99,-1,-1,-1,-1,-0.999,0.223,1,1,0.212,-0.976,-1,-1,-0.832,0.572,1,-0.362,-1,-1,-1,-1,-0.976,0.682,1,0.849,-0.878,-1,-1,-1,-1,-0.711,0.902,0.688,-1,-1,-1,-1,-0.646,1,1,-0.243,-1,-1,-1,-1,-1,-1,0.008,0.998,-0.527,-1,-1,-1,0.202,1,0.74,-0.931,-1,-1,-1,-1,-1,-1,-0.492,1,-0.328,-1,-1,-1,0.651,1,0.261,-1,-1,-1,-1,-1,-1,-1,-0.893,0.983,-0.643,-1,-1,-0.633,0.999,1,-0.471,-1,-1,-1,-1,-1,-1,-1,-0.15,0.956,-0.609,-1,-1,-0.285,1,1,-0.42,-1,-1,-1,-1,-1,-1,-0.964,0.618,0.989,-0.78,-1,-1,-0.42,1,0.845,-0.964,-1,-1,-1,-1,-1,-1,-0.498,1,0.827,-0.983,-1,-1,-0.834,0.998,0.929,-0.897,-1,-1,-1,-1,-1,-0.941,0.557,1,0.029,-1,-1,-1,-1,0.696,1,-0.051,-1,-1,-1,-1,-0.855,0.285,1,0.774,-0.876,-1,-1,-1,-1,-0.494,0.973,0.945,-0.059,-0.355,-0.355,-0.114,0.843,1,0.937,-0.554,-1,-1,-1,-1,-1,-1,-0.389,0.887,1,1,1,1,1,0.895,-0.392,-1,-1,-1,-1,-1,-1,-1,-1,-0.655,0.603,1,1,0.746,-0.075,-0.813,-1,-1,-1,-1,-1
"466",-1,-1,-1,-1,-1,-1,-1,-0.983,0.537,0.602,-0.996,-1,-1,-1,-1,-1,-1,-1,-1,-1,-0.774,-1,-1,-0.708,0.973,0.298,-0.999,-1,-1,-1,-1,-1,-1,-1,-1,-0.751,0.928,-0.219,-1,-0.283,1,-0.161,-1,-1,-1,-1,-1,-1,-1,-1,-1,-0.34,1,0.025,-1,0.041,1,-0.227,-1,-1,-1,-1,-1,-1,-1,-1,-1,-0.363,1,0.177,-1,0.235,1,-0.333,-1,-1,-1,-1,-1,-1,-1,-1,-1,0.137,1,0.144,-1,0.349,1,-0.286,-1,-1,-1,-1,-1,-1,-1,-1,-1,0.63,1,-0.309,-1,0.504,1,-0.44,-1,-1,-1,-1,-1,-1,-1,-1,-0.951,0.905,0.976,-0.737,-1,0.569,1,-0.272,-0.746,-0.251,0.493,-0.956,-1,-1,-1,-1,-0.958,0.922,1,0.445,0.288,0.977,1,1,1,1,0.161,-1,-1,-1,-1,-1,-1,-0.018,0.822,1,1,1,0.952,0.529,0.302,-0.228,-0.926,-1,-1,-1,-1,-1,-1,-1,-0.993,-0.683,0.038,1,-0.033,-1,-1,-1,-1,-1,-1,-1,-1,-1,-1,-1,-1,-1,0.122,1,-0.566,-1,-1,-1,-1,-1,-1,-1,-1,-1,-1,-1,-1,-1,0.445,0.967,-0.857,-1,-1,-1,-1,-1,-1,-1,-1,-1,-1,-1,-1,-0.994,0.763,0.773,-0.986,-1,-1,-1,-1,-1,-1,-1,-1,-1,-1,-1,-1,-0.991,0.825,0.326,-1,-1,-1,-1,-1,-1,-1,-1,-1,-1,-1,-1,-1,-0.958,0.471,-0.24,-1,-1,-1,-1,-1,-1,-1,-1
"467",-1,-1,-1,-1,-1,-0.981,-0.196,0.96,0.325,-1,-1,-1,-1,-1,-1,-1,-1,-1,-1,-1,-0.984,-0.117,1,1,0.99,-0.262,-1,-1,-1,-1,-1,-1,-1,-1,-1,-1,-0.096,1,1,1,1,0.841,-0.069,-0.914,-1,-1,-1,-1,-1,-1,-1,-0.572,0.878,1,1,1,1,1,1,0.22,-1,-1,-1,-1,-1,-1,-1,0.461,1,0.805,0.826,1,1,1,1,0.936,-0.51,-1,-1,-1,-1,-1,-0.721,0.993,1,-0.45,-0.284,0.953,1,1,1,1,0.919,-0.67,-1,-1,-1,-1,-0.125,1,0.64,-0.951,-1,-0.78,0.105,0.961,1,1,1,0.405,-1,-1,-1,-1,0.465,1,-0.269,-1,-1,-1,-1,-0.557,0.742,1,1,0.849,-1,-1,-1,-1,0.919,1,-0.527,-1,-1,-1,-1,-1,-0.551,1,1,0.924,-1,-1,-1,-1,0.845,1,-0.453,-1,-1,-1,-1,-1,-0.792,0.896,1,0.26,-1,-1,-1,-1,0.77,1,-0.378,-1,-1,-1,-1,-1,-1,0.574,1,0.211,-1,-1,-1,-1,0.253,1,0.189,-1,-1,-1,-1,-1,-0.91,0.705,1,-0.157,-1,-1,-1,-1,-0.532,0.96,0.999,-0.321,-1,-1,-0.857,-0.554,0.678,1,0.793,-0.823,-1,-1,-1,-1,-1,0.344,1,0.992,0.404,0.103,0.829,1,1,0.987,-0.271,-1,-1,-1,-1,-1,-1,-0.773,0.664,1,1,1,1,1,0.872,-0.124,-1,-1,-1,-1,-1,-1,-1,-1,-0.814,0.096,0.95,0.975,0.372,-0.24,-0.911,-1,-1,-1,-1,-1
"468",-1,-1,-1,-1,-1,-0.9,-0.117,-0.021,0.905,-0.541,-1,-1,-1,-1,-1,-1,-1,-1,-1,-1,-1,-0.779,0.493,1,0.817,-0.508,-1,-1,-1,-1,-1,-1,-1,-1,-1,-1,-1,-1,-0.551,1,0.903,-0.688,-1,-1,-1,-1,-1,-1,-1,-1,-1,-1,-1,-1,0.157,0.968,0.755,0.047,-1,-1,-1,-1,-1,-1,-1,-1,-1,-1,-1,-0.933,0.902,0.423,-0.153,0.867,-0.962,-1,-1,-1,-1,-1,-1,-1,-1,-1,-1,-0.599,1,-0.216,-0.999,0.789,-0.54,-1,-1,-1,-1,-1,-1,-1,-1,-1,-1,-0.246,1,-0.57,-1,0.667,-0.201,-1,-1,-1,-1,-1,-1,-1,-1,-1,-1,0.168,0.871,-0.924,-0.997,0.68,-0.009,-1,-1,-1,-1,-1,-1,-1,-1,-1,-1,0.608,0.508,-1,-1,0.699,0.114,-1,-1,-1,-1,-1,-1,-1,-1,-1,-0.987,0.871,0.094,-1,-1,-0.012,0.614,-0.997,-1,-1,-1,-1,-1,-1,-1,-1,-0.922,0.942,-0.043,-1,-1,-0.282,0.946,-0.92,-1,-1,-1,-1,-1,-1,-1,-1,-0.991,0.905,-0.076,-1,-1,0.028,0.577,-1,-1,-1,-1,-1,-1,-1,-1,-1,-1,0.792,-0.023,-1,-1,0.502,0.102,-1,-1,-1,-1,-1,-1,-1,-1,-1,-1,0.514,0.463,-1,-0.742,0.935,0.035,-1,-1,-1,-1,-1,-1,-1,-1,-1,-1,-0.232,0.966,0.444,0.897,0.834,-0.732,-1,-1,-1,-1,-1,-1,-1,-1,-1,-1,-1,-0.246,0.867,0.521,-0.634,-1,-1,-1,-1,-1,-1
"469",-1,-1,-1,-1,-1,-0.441,0.607,0.16,-1,-1,-1,-0.54,0.681,-1,-1,-1,-1,-1,-1,-1,-0.588,0.962,0.07,-0.971,-1,-1,-1,-0.083,0.915,-0.979,-1,-1,-1,-1,-1,-0.785,0.819,1,-0.362,-1,-1,-1,-1,0.549,0.869,-0.995,-1,-1,-1,-1,-0.94,0.558,0.928,0.409,0.872,-0.861,-1,-1,-0.828,0.984,1,-0.777,-1,-1,-1,-1,-0.263,0.992,-0.086,-0.977,0.413,0.219,-0.942,-1,-0.28,0.999,0.484,-0.36,-1,-1,-1,-1,-0.808,-0.192,-1,-1,-0.904,0.615,0.537,-0.514,0.435,0.721,0.226,-0.128,-1,-1,-1,-1,-1,-1,-1,-1,-1,-0.931,-0.105,0.701,1,0.841,0.908,-0.577,-1,-1,-1,-1,-1,-1,-1,-1,-1,-1,-1,-0.087,0.976,-0.065,-0.609,-1,-1,-1,-1,-1,-1,-1,-1,-1,-1,-1,-0.981,0.676,0.543,-1,-1,-1,-1,-1,-1,-1,-1,-1,-1,-1,-1,-1,-0.443,1,-0.396,-1,-1,-1,-1,-1,-1,-1,-1,-1,-1,-1,-1,-1,0.34,0.684,-0.917,-1,-1,-1,-1,-1,-1,-1,-1,-1,-1,-1,-1,-0.847,0.892,-0.064,-1,-1,-1,-1,-1,-1,-1,-1,-1,-1,-1,-1,-1,-0.173,0.887,-0.583,-1,-1,-1,-1,-1,-1,-1,-1,-1,-1,-1,-1,-0.906,0.819,0.893,-0.241,-1,-1,-1,-1,-1,-1,-1,-1,-1,-1,-1,-1,-0.363,1,0.245,-1,-1,-1,-1,-1,-1,-1,-1,-1,-1,-1,-1,-1,-0.523,0.916,-0.535,-1,-1,-1,-1,-1,-1,-1
"470",-1,-1,-1,-1,-1,-1,-1,0.52,0.432,-0.994,-1,-1,-1,-1,-1,-1,-1,-1,-1,-1,-1,-1,-0.962,0.84,0.949,-0.902,-1,-1,-1,-1,-1,-1,-1,-1,-1,-1,-1,-1,-0.747,0.982,0.582,-1,-1,-1,-1,-1,-1,-1,-1,-1,-1,-1,-1,-1,-0.514,1,0.197,-1,-1,-1,-1,-1,-1,-1,-1,-1,-1,-1,-1,-1,-0.647,1,0.108,-1,-1,-1,-1,-1,-1,-1,-1,-1,-1,-1,-1,-1,-0.584,1,0.14,-1,-1,-1,-1,-1,-1,-1,-1,-1,-1,-1,-1,-1,-0.549,1,-0.063,-1,-1,-1,-1,-1,-1,-1,-1,-1,-1,-1,-1,-1,-0.568,1,0.009,-1,-1,-1,-1,-1,-1,-1,-1,-1,-1,-1,-1,-1,-0.492,1,-0.154,-1,-1,-1,-1,-1,-1,-1,-1,-1,-1,-1,-1,-1,-0.51,1,-0.136,-1,-1,-1,-1,-1,-1,-1,-1,-1,-1,-1,-1,-1,-0.367,1,-0.339,-1,-1,-1,-1,-1,-1,-1,-1,-1,-1,-1,-1,-1,-0.117,1,-0.388,-1,-1,-1,-1,-1,-1,-1,-1,-1,-1,-1,-1,-1,0.026,0.992,-0.745,-1,-1,-1,-1,-1,-1,-1,-1,-1,-1,-1,-1,-1,0.021,0.999,-0.422,-0.437,-1,-1,-1,-1,-1,-1,-1,-1,-1,-1,-1,-1,-0.481,0.999,0.866,-0.034,-1,-1,-1,-1,-1,-1,-1,-1,-1,-1,-1,-1,-1,0.067,0.844,-0.564,-1,-1,-1,-1,-1,-1
"471",-1,-1,-1,-1,-1,-1,-0.936,0.813,0.182,-0.957,-1,-1,-1,-1,-1,-1,-1,-1,-1,-1,-1,-1,-0.939,0.903,0.962,-0.845,-1,-1,-1,-1,-1,-1,-1,-1,-1,-1,-1,-1,-0.898,0.949,0.961,-0.849,-1,-1,-1,-1,-1,-1,-1,-1,-1,-1,-1,-1,-0.696,0.997,0.933,-0.908,-1,-1,-1,-1,-1,-1,-1,-1,-1,-1,-1,-1,-0.367,1,0.888,-0.949,-1,-1,-1,-1,-1,-1,-1,-1,-1,-1,-1,-1,-0.607,1,0.934,-0.919,-1,-1,-1,-1,-1,-1,-1,-1,-1,-1,-1,-1,-0.356,1,0.893,-0.884,-1,-1,-1,-1,-1,-1,-1,-1,-1,-1,-1,-1,-0.596,1,0.596,-1,-1,-1,-1,-1,-1,-1,-1,-1,-1,-1,-1,-1,-0.428,1,0.671,-0.998,-1,-1,-1,-1,-1,-1,-1,-1,-1,-1,-1,-1,-0.341,1,0.745,-0.997,-1,-1,-1,-1,-1,-1,-1,-1,-1,-1,-1,-1,-0.172,1,0.58,-1,-1,-1,-1,-1,-1,-1,-1,-1,-1,-1,-1,-1,-0.085,1,0.493,-1,-1,-1,-1,-1,-1,-1,-1,-1,-1,-1,-1,-1,-0.162,1,0.648,-0.996,-1,-1,-1,-1,-1,-1,-1,-1,-1,-1,-1,-1,-0.075,1,1,0.034,-1,-1,-1,-1,-1,-1,-1,-1,-1,-1,-1,-1,0.012,1,1,0.029,-1,-1,-1,-1,-1,-1,-1,-1,-1,-1,-1,-1,-0.73,0.522,1,-0.548,-1,-1,-1,-1,-1,-1
"472",-1,-1,-1,-1,-1,-1,-0.994,0.681,0.169,-0.996,-1,-1,-1,-1,-1,-1,-1,-1,-1,-1,-1,-1,-0.882,0.985,0.805,-0.977,-1,-1,-1,-1,-1,-1,-1,-1,-1,-1,-1,-1,-0.771,0.99,0.334,-1,-1,-1,-1,-1,-1,-1,-1,-1,-1,-1,-1,-1,-0.653,1,0.414,-1,-1,-1,-1,-1,-1,-1,-1,-1,-1,-1,-1,-1,-0.55,1,0.116,-1,-1,-1,-1,-1,-1,-1,-1,-1,-1,-1,-1,-1,-0.526,1,0.066,-1,-1,-1,-1,-1,-1,-1,-1,-1,-1,-1,-1,-1,-0.411,1,0.003,-1,-1,-1,-1,-1,-1,-1,-1,-1,-1,-1,-1,-1,-0.413,1,-0.178,-1,-1,-1,-1,-1,-1,-1,-1,-1,-1,-1,-1,-1,-0.376,1,-0.319,-1,-1,-1,-1,-1,-1,-1,-1,-1,-1,-1,-1,-1,-0.483,1,-0.422,-1,-1,-1,-1,-1,-1,-1,-1,-1,-1,-1,-1,-1,-0.276,1,-0.42,-1,-1,-1,-1,-1,-1,-1,-1,-1,-1,-1,-1,-1,-0.487,1,-0.417,-1,-1,-1,-1,-1,-1,-1,-1,-1,-1,-1,-1,-1,-0.489,1,-0.415,-1,-1,-1,-1,-1,-1,-1,-1,-1,-1,-1,-1,-1,-0.596,1,-0.256,-1,-1,-1,-1,-1,-1,-1,-1,-1,-1,-1,-1,-1,-0.598,1,0.974,-0.4,-1,-1,-1,-1,-1,-1,-1,-1,-1,-1,-1,-1,-0.963,0.632,0.714,-0.817,-1,-1,-1,-1,-1,-1
"473",-1,-1,-1,-0.761,0.736,0.039,-1,-1,-1,-1,-1,-0.4,-0.224,-1,-1,-1,-1,-1,-0.8,0.593,0.504,-0.997,-1,-1,-1,-1,-0.816,0.816,0.572,-1,-1,-1,-1,-1,0.154,0.98,-0.573,-1,-1,-1,-1,-1,-0.059,0.998,-0.378,-1,-1,-1,-1,-0.89,0.888,0.074,-1,-1,-1,-1,-1,-0.967,0.752,0.625,-0.996,-1,-1,-1,-1,-0.489,1,-0.524,-1,-1,-1,-1,-1,-0.389,1,-0.197,-1,-1,-1,-1,-1,-0.078,0.974,-0.818,-1,-1,-1,-1,-0.999,0.34,0.877,-0.895,-0.964,-0.484,-0.63,-1,-1,-0.618,0.904,-0.228,-0.998,-1,-1,-1,-0.712,0.982,0.358,-0.306,0.683,0.997,-0.52,-1,-1,-1,-0.536,0.798,0.729,0.29,0.067,0.067,0.65,1,1,1,0.585,-0.436,-0.994,-1,-1,-1,-1,-0.864,-0.212,0.315,0.66,0.94,1,0.832,0.067,-0.521,-0.975,-1,-1,-1,-1,-1,-1,-1,-1,-1,-1,-0.246,1,-0.341,-1,-1,-1,-1,-1,-1,-1,-1,-1,-1,-1,-1,-0.929,0.884,0.395,-0.989,-1,-1,-1,-1,-1,-1,-1,-1,-1,-1,-1,-1,-0.58,0.971,-0.427,-1,-1,-1,-1,-1,-1,-1,-1,-1,-1,-1,-1,-1,0.239,0.678,-0.998,-1,-1,-1,-1,-1,-1,-1,-1,-1,-1,-1,-1,-1,0.513,0.052,-1,-1,-1,-1,-1,-1,-1,-1,-1,-1,-1,-1,-1,-0.996,0.805,-0.488,-1,-1,-1,-1,-1,-1,-1,-1,-1,-1,-1,-1,-1,-1,0.569,-0.954,-1,-1,-1,-1,-1,-1,-1,-1
"474",-1,-1,-1,-1,-1,-0.974,-0.163,0.588,0.972,0.284,-0.684,-1,-1,-1,-1,-1,-1,-1,-1,-1,-1,-0.535,0.877,0.984,0.981,0.987,0.61,-0.748,-1,-1,-1,-1,-1,-1,-1,-1,-1,-0.19,1,0.977,0.985,0.954,-0.098,-0.998,-1,-1,-1,-1,-1,-1,-1,-1,-0.96,0.253,0.985,0.971,0.997,0.402,-0.811,-1,-1,-1,-1,-1,-1,-1,-1,-1,-0.729,0.886,0.984,0.984,0.984,0.079,-1,-1,-1,-1,-1,-1,-1,-1,-1,-1,-0.766,0.864,0.982,0.985,0.718,-0.824,-1,-1,-1,-1,-1,-1,-1,-1,-1,-1,-0.591,0.937,0.978,0.99,0.527,-0.971,-1,-1,-1,-1,-1,-1,-1,-1,-1,-1,-0.923,0.757,0.985,0.995,0.348,-0.996,-1,-1,-1,-1,-1,-1,-1,-1,-1,-1,-1,0.215,0.984,0.974,0.501,-0.991,-1,-1,-1,-1,-1,-1,-1,-1,-1,-1,-1,0.066,0.986,0.968,0.841,-0.826,-1,-1,-1,-1,-1,-1,-1,-1,-1,-1,-1,-0.388,0.984,0.983,0.917,-0.769,-1,-1,-1,-1,-1,-1,-1,-1,-1,-1,-1,-0.272,0.98,0.985,0.987,-0.162,-1,-1,-1,-1,-1,-1,-1,-1,-1,-1,-1,-0.889,0.831,0.992,0.985,-0.059,-1,-1,-1,-1,-1,-1,-1,-1,-1,-1,-1,-1,-0.21,0.94,0.978,0.441,-0.995,-1,-1,-1,-1,-1,-1,-1,-1,-1,-1,-1,-1,-0.623,0.673,0.8,-0.849,-1,-1,-1,-1,-1,-1,-1,-1,-1,-1,-1,-1,-1,-0.906,0.163,-0.807,-1,-1,-1,-1,-1
"475",-1,-1,-1,-0.296,-0.173,0.068,-0.798,-1,-1,-1,-1,-1,-1,-1,-1,-1,-1,-1,-0.931,0.527,1,1,0.674,0.125,0.64,-0.453,-0.989,-1,-1,-1,-1,-1,-1,-1,-0.945,0.069,0.977,1,1,0.98,0.31,0.903,0.478,-0.816,-1,-1,-1,-1,-1,-1,-0.456,0.989,1,1,1,0.296,-0.468,-0.813,0.245,0.83,-0.612,-1,-1,-1,-1,-0.997,0.451,1,1,0.727,0.627,0.729,-0.67,-1,-0.994,-0.267,0.937,-0.498,-1,-1,-1,-0.914,0.915,1,0.702,-0.848,-0.985,-0.219,0.856,-0.131,-1,-1,-0.081,0.866,-0.681,-1,-1,0.147,1,1,0.255,-1,-1,-1,-0.433,0.967,-0.376,-1,-0.999,0.432,0.615,-0.997,-0.646,0.907,1,0.93,-0.596,-1,-1,-1,-0.981,0.466,0.905,-0.857,-1,-0.058,0.94,-0.53,-0.01,1,1,0.551,-1,-1,-1,-1,-1,-0.623,0.9,0.42,-0.971,-0.186,1,0.479,0.537,1,1,-0.274,-1,-1,-1,-1,-1,-0.781,0.822,1,0.668,0.924,1,0.51,0.378,1,0.969,-0.617,-1,-1,-1,-1,-0.95,0.585,1,1,1,1,0.98,-0.015,-0.147,1,0.905,-0.499,-0.762,-0.762,-0.757,-0.188,0.405,1,1,1,1,0.616,-0.169,-0.997,-0.198,1,1,1,1,1,1,1,1,1,1,0.64,-0.259,-0.771,-1,-1,-0.91,0.602,1,0.807,1,1,1,1,1,1,0.226,-0.918,-1,-1,-1,-1,-1,-0.814,0.183,0.985,1,1,1,0.983,0.67,-0.452,-0.967,-1,-1,-1,-1,-1,-1,-1,-1,-0.712,-0.408,-0.031,-0.4,-0.675,-1,-1,-1,-1,-1,-1,-1,-1
"476",-1,-1,-1,-1,-1,-1,-1,-0.039,-0.965,-1,-1,-1,-1,-1,-1,-1,-1,-1,-1,-1,-1,-1,-1,0.64,-0.149,-1,-1,-1,-1,-1,-1,-1,-1,-1,-1,-1,-1,-1,-0.972,0.884,0.853,-0.862,-1,-1,-1,-1,-1,-1,-1,-1,-1,-1,-1,-1,-0.751,0.963,0.999,-0.755,-1,-1,-1,-1,-1,-1,-1,-1,-1,-1,-1,-1,-0.404,1,0.848,-0.987,-1,-1,-1,-1,-1,-1,-1,-1,-1,-1,-1,-1,-0.159,1,0.671,-1,-1,-1,-1,-1,-1,-1,-1,-1,-1,-1,-1,-1,-0.219,1,0.62,-1,-1,-1,-1,-1,-1,-1,-1,-1,-1,-1,-1,-1,-0.14,1,0.486,-1,-1,-1,-1,-1,-1,-1,-1,-1,-1,-1,-1,-1,-0.255,1,0.49,-1,-1,-1,-1,-1,-1,-1,-1,-1,-1,-1,-1,-1,-0.287,1,0.412,-1,-1,-1,-1,-1,-1,-1,-1,-1,-1,-1,-1,-1,-0.125,1,0.471,-1,-1,-1,-1,-1,-1,-1,-1,-1,-1,-1,-1,-1,-0.212,1,0.448,-1,-1,-1,-1,-1,-1,-1,-1,-1,-1,-1,-1,-1,-0.106,1,0.341,-1,-1,-1,-1,-1,-1,-1,-1,-1,-1,-1,-1,-1,-0.249,1,0.373,-1,-1,-1,-1,-1,-1,-1,-1,-1,-1,-1,-1,-1,-0.474,1,0.649,-0.856,-1,-1,-1,-1,-1,-1,-1,-1,-1,-1,-1,-1,-0.993,0.214,1,-0.29,-1,-1,-1,-1,-1,-1
"477",-1,-1,-1,-1,-0.412,0.09,0.635,1,1,0.8,0.215,-0.755,-1,-1,-1,-1,-1,-1,-1,-0.438,0.903,1,1,0.423,0.247,0.643,0.753,0.956,0.011,-0.95,-1,-1,-1,-1,-0.577,0.911,1,1,0.616,-0.966,-1,-1,-0.984,-0.465,0.65,0.355,-0.866,-1,-1,-1,0.242,1,1,1,0.722,-0.999,-1,-1,-1,-1,-0.99,0.376,0.401,-0.997,-1,-0.642,0.967,1,0.12,0.992,0.306,-1,-1,-1,-1,-1,-1,-0.475,1,-0.635,-1,0.408,1,0.348,-0.963,-0.403,-0.669,-1,-1,-1,-1,-1,-1,-0.789,0.999,-0.333,-0.947,0.88,0.995,-0.525,-1,-1,-1,-1,-1,-1,-1,-1,-1,-0.574,1,-0.287,-0.691,0.993,0.957,-0.924,-1,-1,-1,-1,-1,-1,-1,-1,-1,-0.096,1,-0.496,-0.414,1,0.534,-1,-1,-1,-1,-1,-1,-1,-1,-1,-1,0.381,0.967,-0.853,-0.326,1,0.393,-1,-1,-1,-1,-1,-1,-1,-1,-1,-0.862,0.95,0.912,-0.954,-0.649,0.994,0.567,-1,-1,-1,-1,-1,-1,-1,-1,-0.986,0.311,1,0.064,-1,-1,0.438,0.982,-0.71,-1,-1,-1,-1,-1,-1,-0.991,0.084,1,0.547,-0.982,-1,-1,-0.515,0.932,0.288,-0.995,-1,-1,-1,-1,-0.62,0.466,0.997,0.748,-0.717,-1,-1,-1,-1,0.013,1,-0.038,-0.826,-0.826,-0.774,0.063,0.914,1,0.762,-0.66,-1,-1,-1,-1,-1,-0.974,0.114,0.998,1,1,1,1,0.999,0.13,-0.925,-1,-1,-1,-1,-1,-1,-1,-1,-0.625,0.312,0.548,0.739,0.303,-0.5,-0.989,-1,-1,-1,-1,-1
"478",-1,-1,-1,-0.357,0.51,1,1,0.897,0.275,-0.564,-1,-1,-1,-1,-1,-1,-1,-1,-1,0.297,1,1,1,1,1,0.936,-0.483,-1,-1,-1,-1,-1,-1,-1,-1,-0.005,1,1,1,1,1,1,0.916,-0.026,-0.982,-1,-1,-1,-1,-1,-1,-0.952,0.926,1,1,1,0.116,0.791,1,1,-0.434,-1,-1,-1,-1,-1,-1,-0.543,0.932,1,1,0.609,-0.751,-0.776,0.692,1,0.614,-0.959,-1,-1,-1,-1,-1,0.26,1,1,0.625,-0.981,-1,-1,-0.128,1,1,-0.256,-1,-1,-1,-1,-0.815,0.922,1,0.997,-0.463,-1,-1,-1,-0.947,0.946,1,0.434,-1,-1,-1,-1,-0.25,1,1,0.76,-0.96,-1,-1,-1,-0.972,0.817,1,0.855,-0.993,-1,-1,-1,-0.017,1,1,0.237,-1,-1,-1,-1,-1,0.747,1,1,-0.71,-1,-1,-1,0.421,1,1,-0.178,-1,-1,-1,-1,-0.674,0.973,1,0.993,-0.845,-1,-1,-0.961,0.831,1,1,-0.49,-1,-1,-1,-0.957,0.445,1,1,0.906,-0.887,-1,-1,-0.709,0.993,1,0.958,-0.841,-1,-1,-0.924,0.104,1,1,1,0.125,-1,-1,-1,-0.965,0.924,1,0.979,-0.866,-0.369,-0.032,0.688,1,1,1,0.9,-0.861,-1,-1,-1,-1,0.28,1,1,1,1,1,1,1,1,0.896,-0.298,-1,-1,-1,-1,-1,-0.872,0.881,1,1,1,1,1,1,0.702,-0.444,-1,-1,-1,-1,-1,-1,-1,-0.55,0.104,0.908,1,1,0.862,-0.47,-0.922,-1,-1,-1,-1,-1
"479",-1,-1,-1,-1,0.578,1,0.64,0.319,-0.239,-0.651,-1,-1,-1,-1,-1,-1,-1,-1,-1,-1,0.778,1,1,1,1,0.908,-0.054,-1,-1,-1,-1,-1,-1,-1,-1,-1,0.325,1,1,1,1,1,0.947,-0.467,-1,-1,-1,-1,-1,-1,-1,-1,-0.432,1,1,1,1,1,1,0.931,-0.449,-1,-1,-1,-1,-1,-1,-0.797,0.81,1,1,0.958,0.532,0.873,1,1,0.943,-0.82,-1,-1,-1,-1,-1,0.314,1,1,1,0.32,-1,-0.818,0.515,1,1,0.111,-1,-1,-1,-1,-0.576,0.958,1,1,0.493,-0.936,-1,-1,-0.678,0.995,1,0.928,-0.886,-1,-1,-1,0.335,1,1,0.797,-0.657,-1,-1,-1,-1,0.387,1,1,-0.259,-1,-1,-0.638,0.94,1,1,0.072,-1,-1,-1,-1,-1,0.253,1,1,0.44,-1,-1,0.052,1,1,0.789,-0.902,-1,-1,-1,-1,-1,0.22,1,1,0.588,-1,-1,0.613,1,1,0.195,-1,-1,-1,-1,-1,-1,0.492,1,1,0.548,-1,-1,0.291,1,1,0.286,-1,-1,-1,-1,-1,-0.726,0.91,1,1,-0.028,-1,-1,-0.133,1,1,0.961,-0.191,-0.191,-0.191,-0.191,0.452,0.79,1,1,1,-0.039,-1,-1,-0.432,0.977,1,1,1,1,1,1,1,1,1,1,0.479,-0.905,-1,-1,-1,-0.285,0.987,1,1,1,1,1,1,1,0.992,0.501,-0.9,-1,-1,-1,-1,-1,-0.328,0.766,1,1,1,1,1,0.872,-0.376,-1,-1,-1,-1
"480",-1,-1,-1,-1,-1,-1,-1,-1,-1,-1,-1,-1,-1,-1,-1,-1,-1,-1,-1,-1,-1,-1,-1,-1,-1,-1,-1,-1,-1,-1,-1,-1,-1,-1,-1,-1,-1,-1,-1,-0.402,0.575,0.557,-0.095,-0.44,-1,-1,-1,-1,-1,-1,-1,-0.876,-0.078,0.533,0.533,0.866,1,1,1,1,0.041,-0.974,-1,-1,-1,-1,-0.298,0.816,1,1,0.98,-0.261,-0.491,-0.491,-0.476,0.517,1,0.348,-0.957,-1,-1,-0.54,0.905,1,1,0.863,-0.217,-1,-1,-1,-1,-0.998,0.078,1,0.208,-0.985,-0.948,0.74,1,0.99,0.421,-0.771,-1,-1,-1,-1,-1,-1,-0.825,0.972,1,-0.134,-0.201,1,1,-0.135,-1,-1,-1,-1,-1,-1,-1,-1,-0.894,0.947,1,0.394,0.14,1,0.978,-0.671,-1,-1,-1,-1,-1,-1,-1,-1,-0.993,0.721,1,0.271,0.51,1,0.298,-0.997,-1,-1,-1,-1,-1,-1,-1,-1,-0.694,0.965,1,0.596,-0.047,1,0.133,-1,-1,-1,-1,-1,-0.811,0.198,-0.42,0.344,0.935,1,1,-0.15,-0.74,0.962,0.961,0.871,0.871,0.779,0.19,0.19,0.493,1,1,1,1,1,0.764,-0.921,-1,-0.586,0.644,1,1,1,1,1,1,1,1,1,0.912,0.322,-0.497,-1,-1,-1,-0.932,-0.786,-0.209,-0.098,0.552,0.576,0.576,0.42,-0.105,-0.347,-0.808,-1,-1,-1,-1,-1,-1,-1,-1,-1,-1,-1,-1,-1,-1,-1,-1,-1,-1,-1,-1,-1,-1,-1,-1,-1,-1,-1,-1,-1,-1,-1,-1,-1,-1,-1
"481",-1,-1,-1,-1,-1,-1,-1,-1,-1,-1,-1,-1,-1,-1,-1,-1,-1,-1,-1,-1,-1,-1,-1,-1,-1,-1,-1,-1,-1,-1,-1,-1,-1,-1,-1,-1,-1,-1,-0.959,-0.818,-0.818,-0.818,-0.502,-0.678,-1,-1,-1,-1,-1,-1,-1,-1,-1,-0.763,0.429,1,1,1,1,0.871,-0.447,-1,-1,-1,-1,-0.374,0.273,0.479,0.548,0.512,0.994,0.564,-0.007,0.287,0.309,0.807,0.98,0.233,-0.87,-1,-0.85,0.875,1,1,0.72,0.071,-0.192,-0.987,-1,-1,-1,-0.846,0.277,1,0.64,-0.803,-0.042,1,0.79,-0.409,-0.933,-1,-1,-1,-1,-1,-1,-1,-1,0.486,1,0.179,0.383,1,-0.056,-1,-1,-1,-1,-1,-1,-1,-1,-1,-1,0.529,1,0.707,0.332,1,-0.333,-1,-1,-1,-1,-1,-1,-1,-1,-1,0.018,0.941,1,0.43,-0.132,1,-0.038,-1,-1,-1,-1,-1,-1,-1,-1,-0.826,0.95,1,0.912,-0.795,-0.937,0.643,0.637,-0.852,-1,-1,-1,-1,-1,-0.173,0.055,0.502,1,1,0.026,-1,-1,-0.736,0.709,0.581,0.018,0.309,0.209,0.24,0.476,0.978,1,1,0.984,0.351,-0.982,-1,-1,-1,-0.906,-0.066,0.74,1,1,1,1,1,0.903,0.31,-0.449,-0.999,-1,-1,-1,-1,-1,-1,-0.95,-0.302,-0.237,-0.237,-0.298,-0.818,-0.849,-1,-1,-1,-1,-1,-1,-1,-1,-1,-1,-1,-1,-1,-1,-1,-1,-1,-1,-1,-1,-1,-1,-1,-1,-1,-1,-1,-1,-1,-1,-1,-1,-1,-1,-1,-1,-1
"482",-1,-1,-1,-1,-1,-1,-1,0.474,-0.289,-1,-1,-1,-1,-1,-1,-1,-1,-1,-1,-1,-1,-1,-1,0.756,0.575,-1,-1,-1,-1,-1,-1,-1,-1,-1,-1,-1,-1,-1,-1,0.444,0.735,-0.989,-1,-1,-1,-1,-1,-1,-1,-1,-1,-1,-1,-1,-1,0.554,0.798,-0.998,-1,-1,-1,-1,-1,-1,-1,-1,-1,-1,-1,-1,-1,0.628,0.907,-0.982,-1,-1,-1,-1,-1,-1,-1,-1,-1,-1,-1,-1,-1,0.574,0.972,-0.924,-1,-1,-1,-1,-1,-1,-1,-1,-1,-1,-1,-1,-1,0.66,0.914,-0.963,-1,-1,-1,-1,-1,-1,-1,-1,-1,-1,-1,-1,-0.915,0.942,0.584,-1,-1,-1,-1,-1,-1,-1,-1,-1,-1,-1,-1,-1,-0.791,0.998,0.253,-1,-1,-1,-1,-1,-1,-1,-1,-1,-1,-1,-1,-1,-0.637,1,0.096,-1,-1,-1,-1,-1,-1,-1,-1,-1,-1,-1,-1,-1,-0.668,1,0.127,-1,-1,-1,-1,-1,-1,-1,-1,-1,-1,-1,-1,-1,-0.785,0.994,0.017,-1,-1,-1,-1,-1,-1,-1,-1,-1,-1,-1,-1,-1,-0.983,0.88,0.317,-1,-1,-1,-1,-1,-1,-1,-1,-1,-1,-1,-1,-1,-1,0.679,0.535,-1,-1,-1,-1,-1,-1,-1,-1,-1,-1,-1,-1,-1,-1,0.462,0.82,-0.81,-1,-1,-1,-1,-1,-1,-1,-1,-1,-1,-1,-1,-1,-0.306,0.941,-0.772,-1,-1,-1,-1,-1,-1
"483",-1,-1,-1,-1,-1,-1,-1,0.578,0.232,-0.947,-1,-1,-1,-1,-1,-1,-1,-1,-1,-1,-1,-1,-0.439,0.987,1,-0.512,-1,-1,-1,-1,-1,-1,-1,-1,-1,-1,-1,-1,-0.172,1,1,-0.495,-1,-1,-1,-1,-1,-1,-1,-1,-1,-1,-1,-1,-0.189,1,1,-0.478,-1,-1,-1,-1,-1,-1,-1,-1,-1,-1,-1,-1,-0.206,1,1,-0.461,-1,-1,-1,-1,-1,-1,-1,-1,-1,-1,-1,-1,-0.223,1,1,-0.246,-1,-1,-1,-1,-1,-1,-1,-1,-1,-1,-1,-1,-0.24,1,1,0.462,-1,-1,-1,-1,-1,-1,-1,-1,-1,-1,-1,-1,-0.257,1,1,0.479,-1,-1,-1,-1,-1,-1,-1,-1,-1,-1,-1,-1,-0.274,1,1,0.496,-1,-1,-1,-1,-1,-1,-1,-1,-1,-1,-1,-1,-0.093,1,1,0.513,-1,-1,-1,-1,-1,-1,-1,-1,-1,-1,-1,-1,0.581,1,1,0.53,-1,-1,-1,-1,-1,-1,-1,-1,-1,-1,-1,-1,0.564,1,1,0.547,-1,-1,-1,-1,-1,-1,-1,-1,-1,-1,-1,-1,0.547,1,1,0.564,-1,-1,-1,-1,-1,-1,-1,-1,-1,-1,-1,-1,0.53,1,1,0.581,-1,-1,-1,-1,-1,-1,-1,-1,-1,-1,-1,-1,0.513,1,1,-0.094,-1,-1,-1,-1,-1,-1,-1,-1,-1,-1,-1,-1,-0.562,0.872,0.929,-0.599,-1,-1,-1,-1,-1,-1
"484",-1,-1,-1,-1,-1,-1,-0.62,0.863,0.136,-0.88,-1,-1,-1,-1,-1,-1,-1,-1,-1,-1,-1,-1,0.309,1,1,0.19,-1,-1,-1,-1,-1,-1,-1,-1,-1,-1,-1,-1,0.875,1,1,1,-0.876,-1,-1,-1,-1,-1,-1,-1,-1,-1,-1,-1,0.941,1,1,1,-0.941,-1,-1,-1,-1,-1,-1,-1,-1,-1,-1,-0.988,0.995,1,1,0.988,-0.995,-1,-1,-1,-1,-1,-1,-1,-1,-1,-1,-0.927,1,1,1,0.927,-1,-1,-1,-1,-1,-1,-1,-1,-1,-1,-1,-0.862,1,1,1,0.861,-1,-1,-1,-1,-1,-1,-1,-1,-1,-1,-1,-0.796,1,1,1,0.796,-1,-1,-1,-1,-1,-1,-1,-1,-1,-1,-1,-0.73,1,1,1,0.73,-1,-1,-1,-1,-1,-1,-1,-1,-1,-1,-1,-1,0.336,1,1,1,-0.336,-1,-1,-1,-1,-1,-1,-1,-1,-1,-1,-1,0.401,1,1,1,-0.402,-1,-1,-1,-1,-1,-1,-1,-1,-1,-1,-1,0.467,1,1,1,-0.467,-1,-1,-1,-1,-1,-1,-1,-1,-1,-1,-0.725,0.758,1,1,1,-0.533,-1,-1,-1,-1,-1,-1,-1,-1,-1,-1,-0.402,1,1,1,1,-0.599,-1,-1,-1,-1,-1,-1,-1,-1,-1,-1,-0.336,1,1,1,0.336,-1,-1,-1,-1,-1,-1,-1,-1,-1,-1,-1,-1,0.23,0.999,0.999,-0.23,-1,-1,-1,-1,-1,-1
"485",-1,-1,-1,-1,-1,-0.85,-0.076,0.899,1,1,0.374,0.238,-0.646,-1,-1,-1,-1,-1,-1,-1,-0.564,0.798,1,1,1,1,1,1,0.221,-1,-1,-1,-1,-1,-1,-0.711,0.828,1,1,0.617,-0.026,-0.178,0.939,1,0.818,-0.577,-1,-1,-1,-1,-0.8,0.726,1,0.853,-0.364,-0.957,-1,-1,0.668,1,1,0.189,-1,-1,-1,-0.902,0.565,1,0.943,-0.511,-1,-1,-1,-1,-0.171,1,1,0.085,-1,-1,-1,-0.036,1,1,0.131,-1,-1,-1,-1,-1,-0.648,0.891,1,-0.128,-1,-1,-0.957,0.933,1,0.649,-0.929,-1,-1,-1,-1,-1,-1,-0.559,0.948,0.493,-1,-1,-0.573,0.979,1,-0.073,-1,-1,-1,-1,-1,-1,-1,-1,0.731,0.998,-0.338,-1,0.127,1,1,-0.794,-1,-1,-1,-1,-1,-1,-1,-1,-0.254,1,0.825,-1,-0.096,1,1,-0.571,-1,-1,-1,-1,-1,-1,-1,-1,-0.516,0.968,0.991,-0.581,-0.318,1,1,-0.349,-1,-1,-1,-1,-1,-1,-1,-1,-1,0.54,1,0.032,-0.611,0.925,1,0.309,-1,-1,-1,-1,-1,-1,-1,-1,-0.837,0.735,1,-0.181,-1,0.12,0.993,0.956,0.083,-0.875,-1,-1,-1,-1,-1,-0.893,0.528,1,0.964,-0.613,-1,-1,0.003,1,1,0.685,-0.178,-0.428,-0.428,-0.428,0.229,0.839,1,0.991,-0.304,-1,-1,-1,-0.992,-0.166,0.943,1,1,1,1,1,1,1,0.989,-0.076,-0.999,-1,-1,-1,-1,-1,-0.629,-0.065,0.846,1,1,1,1,0.355,-0.339,-1,-1,-1
"486",-1,-1,-1,-1,-1,-1,-1,0.364,0.274,-1,-1,-1,-1,-1,-1,-1,-1,-1,-1,-1,-1,-1,-0.855,0.929,0.997,-0.674,-1,-1,-1,-1,-1,-1,-1,-1,-1,-1,-1,-1,-0.469,1,1,-0.307,-1,-1,-1,-1,-1,-1,-1,-1,-1,-1,-1,-1,-0.425,1,1,-0.137,-1,-1,-1,-1,-1,-1,-1,-1,-1,-1,-1,-1,-0.381,1,0.999,-0.607,-1,-1,-1,-1,-1,-1,-1,-1,-1,-1,-1,-1,-0.338,1,1,-0.438,-1,-1,-1,-1,-1,-1,-1,-1,-1,-1,-1,-1,-0.294,1,1,-0.268,-1,-1,-1,-1,-1,-1,-1,-1,-1,-1,-1,-1,-0.25,1,1,-0.525,-1,-1,-1,-1,-1,-1,-1,-1,-1,-1,-1,-1,-0.207,1,1,-0.569,-1,-1,-1,-1,-1,-1,-1,-1,-1,-1,-1,-1,-0.163,1,1,-0.612,-1,-1,-1,-1,-1,-1,-1,-1,-1,-1,-1,-1,-0.119,1,1,-0.443,-1,-1,-1,-1,-1,-1,-1,-1,-1,-1,-1,-1,-0.289,1,0.994,-0.694,-1,-1,-1,-1,-1,-1,-1,-1,-1,-1,-1,-1,-0.245,1,1,-0.53,-1,-1,-1,-1,-1,-1,-1,-1,-1,-1,-1,-1,-0.388,1,1,-0.574,-1,-1,-1,-1,-1,-1,-1,-1,-1,-1,-1,-1,-0.731,0.933,0.976,-0.607,-1,-1,-1,-1,-1,-1,-1,-1,-1,-1,-1,-1,-1,-0.439,0.734,-0.644,-1,-1,-1,-1,-1,-1
"487",-1,-1,-1,-1,-1,-1,0.512,0.953,-0.173,-0.973,-1,-1,-1,-1,-1,-1,-1,-1,-1,-1,-1,-0.905,0.778,1,1,-0.314,-1,-1,-1,-1,-1,-1,-1,-1,-1,-1,-1,0.034,1,1,1,0.611,-0.846,-1,-1,-1,-1,-1,-1,-1,-1,-1,-0.828,0.863,1,1,1,1,0.324,-1,-1,-1,-1,-1,-1,-1,-1,-1,0.036,1,1,0.849,0.032,1,1,0.043,-1,-1,-1,-1,-1,-1,-1,-1,0.397,1,1,0.002,-0.995,0.633,1,0.865,-0.903,-1,-1,-1,-1,-1,-1,-0.441,1,1,0.759,-0.918,-1,-0.281,1,1,-0.599,-1,-1,-1,-1,-1,-1,-0.08,1,1,0.48,-1,-1,-0.963,0.763,0.997,-0.637,-1,-1,-1,-1,-1,-1,0.121,1,0.977,-0.498,-1,-1,-0.989,0.67,0.989,-0.67,-1,-1,-1,-1,-1,-1,0.482,1,0.96,-0.842,-1,-1,-1,0.402,1,0.238,-1,-1,-1,-1,-1,-0.895,0.898,1,0.939,-0.862,-1,-1,-1,0.603,1,0.895,-0.898,-1,-1,-1,-1,-0.882,0.926,1,0.913,-0.877,-1,-1,-0.014,0.938,1,0.315,-1,-1,-1,-1,-1,-0.998,0.603,1,0.883,-0.888,-0.752,0.118,1,1,0.907,-0.753,-1,-1,-1,-1,-1,-1,-0.314,1,1,0.709,0.811,1,1,1,0.77,-0.977,-1,-1,-1,-1,-1,-1,-0.972,0.259,1,1,1,1,1,0.843,-0.531,-1,-1,-1,-1,-1,-1,-1,-1,-0.917,0.005,1,1,1,0.29,-0.58,-1,-1,-1,-1,-1
"488",-1,-1,-1,-1,-1,-1,0.141,0.722,-0.558,-1,-1,-1,-1,-1,-1,-1,-1,-1,-1,-1,-1,-1,0.529,1,0.93,-0.508,-1,-1,-1,-1,-1,-1,-1,-1,-1,-1,-1,-1,0.123,1,1,0.026,-1,-1,-1,-1,-1,-1,-1,-1,-1,-1,-1,-1,-0.283,1,1,0.299,-1,-1,-1,-1,-1,-1,-1,-1,-1,-1,-1,-1,-0.358,1,1,0.176,-1,-1,-1,-1,-1,-1,-1,-1,-1,-1,-1,-1,-0.235,1,1,0.318,-1,-1,-1,-1,-1,-1,-1,-1,-1,-1,-1,-1,-0.631,0.99,1,0.459,-1,-1,-1,-1,-1,-1,-1,-1,-1,-1,-1,-1,-0.518,1,1,0.336,-1,-1,-1,-1,-1,-1,-1,-1,-1,-1,-1,-1,-0.131,1,1,0.478,-1,-1,-1,-1,-1,-1,-1,-1,-1,-1,-1,-1,-0.14,1,1,-0.042,-1,-1,-1,-1,-1,-1,-1,-1,-1,-1,-1,-1,-0.215,1,1,-0.231,-1,-1,-1,-1,-1,-1,-1,-1,-1,-1,-1,-1,-0.092,1,1,-0.09,-1,-1,-1,-1,-1,-1,-1,-1,-1,-1,-1,-1,0.031,1,1,-0.213,-1,-1,-1,-1,-1,-1,-1,-1,-1,-1,-1,-1,-0.243,1,0.976,-0.708,-1,-1,-1,-1,-1,-1,-1,-1,-1,-1,-1,-1,-0.384,1,0.72,-0.972,-1,-1,-1,-1,-1,-1,-1,-1,-1,-1,-1,-1,-0.613,0.69,0.228,-1,-1,-1,-1,-1,-1,-1
"489",-1,-1,-1,-1,-1,-0.558,0.175,-0.595,-1,-1,-1,-1,-1,-1,-1,-1,-1,-1,-1,-1,-0.144,0.913,1,0.934,0.514,-0.596,-1,-1,-1,-1,-1,-1,-1,-1,-1,-0.987,0.695,1,1,1,1,0.98,-0.226,-0.892,-1,-1,-1,-1,-1,-1,-0.052,0.386,0.802,1,0.649,-0.386,-0.386,-0.092,0.621,0.739,-0.594,-1,-1,-1,-1,-0.878,0.853,1,1,1,0.408,-0.997,-1,-1,-0.923,0.764,0.562,-0.99,-1,-1,-1,-0.121,1,1,1,1,0.098,-1,-1,-1,-1,-0.326,1,0.203,-0.987,-1,-1,0.443,1,1,0.875,0.648,0.902,-0.889,-1,-1,-1,-0.996,0.505,1,-0.242,-1,-0.991,0.61,1,1,0.207,-0.928,-0.707,-0.99,-1,-1,-1,-1,-0.294,1,0.814,-0.89,-0.59,1,1,1,0.144,-1,-1,-1,-1,-1,-1,-0.987,0.12,1,1,0.09,-0.519,0.992,1,0.974,-0.621,-1,-1,-1,-1,-1,-1,-0.878,0.916,1,1,0.391,0.264,1,1,0.838,-0.911,-1,-1,-1,-1,-0.971,-0.168,-0.332,0.13,1,0.996,-0.407,0.327,1,1,0.636,-0.999,-1,-1,-1,-0.588,0.633,1,1,1,1,0.163,-0.979,0.23,1,1,0.81,-0.372,-0.314,0.464,0.467,0.852,1,1,1,0.971,0.048,-0.867,-1,-0.821,0.861,1,1,1,1,1,1,1,1,0.98,0.354,-0.748,-0.98,-1,-1,-1,-0.842,0.251,0.975,1,1,1,1,0.867,0.652,-0.263,-1,-1,-1,-1,-1,-1,-1,-1,-0.594,-0.494,-0.091,-0.169,-0.494,-0.625,-1,-1,-1,-1,-1,-1,-1
"490",-1,-1,-1,-1,-1,-1,-0.813,0.075,0.903,0.802,-0.312,-0.997,-1,-1,-1,-1,-1,-1,-1,-1,-1,-0.8,0.712,1,1,1,1,-0.33,-1,-1,-1,-1,-1,-1,-1,-1,-0.83,0.352,1,1,1,1,1,-0.046,-1,-1,-1,-1,-1,-1,-1,-1,0.426,1,1,1,1,1,1,-0.226,-1,-1,-1,-1,-1,-1,-1,-0.691,0.949,1,1,1,1,1,1,-0.027,-1,-1,-1,-1,-1,-1,-1,0.111,1,1,0.513,0.73,1,0.366,0.876,0.881,-0.825,-1,-1,-1,-1,-1,-0.932,0.812,1,1,0.371,0.703,1,-0.236,-0.1,1,0.223,-1,-1,-1,-1,-1,-0.873,0.848,1,1,1,1,0.579,-0.751,-0.299,1,0.981,-0.759,-1,-1,-1,-1,-0.256,1,1,1,1,0.849,-0.422,-1,-0.498,1,1,-0.263,-1,-1,-1,-1,-0.161,1,1,0.732,-0.612,-0.953,-1,-1,-0.694,0.997,1,-0.022,-1,-1,-1,-1,-0.276,1,1,0.23,-1,-1,-1,-1,-0.602,0.979,1,-0.454,-1,-1,-1,-1,-0.667,0.982,1,0.345,-1,-1,-1,-0.841,0.492,1,0.928,-0.814,-1,-1,-1,-1,-1,0.21,1,0.675,-0.962,-1,-0.502,0.415,1,1,0.653,-0.972,-1,-1,-1,-1,-1,-0.832,0.833,1,0.791,0.744,0.939,1,1,0.963,-0.134,-1,-1,-1,-1,-1,-1,-1,-0.846,0.198,0.988,1,1,1,0.39,-0.455,-1,-1,-1,-1,-1,-1,-1,-1,-1,-1,-0.69,0.073,0.824,0.183,-0.889,-1,-1,-1,-1,-1
"491",-1,-1,-1,-1,-1,-0.727,0.43,1,0.016,-0.997,-1,-1,-1,-1,-1,-1,-1,-1,-1,-1,-0.944,0.64,1,1,1,0.041,-0.988,-1,-1,-1,-1,-1,-1,-1,-1,-1,-0.427,1,1,1,1,1,0.525,-0.786,-1,-1,-1,-1,-1,-1,-1,-0.822,0.896,1,1,1,1,1,1,0.833,-0.393,-1,-1,-1,-1,-1,-1,-0.092,1,1,0.993,0.535,0.532,0.069,0.974,1,0.895,-0.769,-1,-1,-1,-1,-0.966,0.563,1,1,0.65,-0.989,-1,-1,-0.493,0.59,1,0.35,-1,-1,-1,-1,-0.308,1,1,0.996,-0.329,-1,-1,-1,-1,0.309,1,0.936,-0.885,-1,-1,-0.975,0.414,1,1,0.469,-0.983,-1,-1,-1,-1,0.273,1,1,-0.595,-1,-1,-0.776,0.948,1,0.999,-0.246,-1,-1,-1,-1,-1,0.238,1,1,-0.328,-1,-1,-0.284,1,1,0.75,-0.976,-1,-1,-1,-1,-1,0.29,1,1,-0.293,-1,-1,-0.551,1,1,0.215,-1,-1,-1,-1,-1,-0.973,0.822,1,1,-0.489,-1,-1,-0.645,1,1,0.761,-0.989,-1,-1,-1,-0.91,-0.647,0.893,1,0.983,-0.495,-1,-1,-1,0.654,1,1,-0.45,-0.87,0.061,0.49,0.729,1,1,1,0.349,-1,-1,-1,-1,-0.304,0.966,1,1,1,1,1,1,1,1,0.591,-0.8,-1,-1,-1,-1,-1,-0.583,0.733,1,1,1,1,1,0.838,-0.15,-0.831,-1,-1,-1,-1,-1,-1,-1,-0.878,0.139,0.724,1,0.392,0.107,-0.837,-1,-1,-1,-1,-1
"492",-1,-1,-1,-1,-1,-1,-1,-0.597,0.807,-0.079,-1,-1,-1,-1,-1,-1,-1,-1,-1,-1,-1,-1,-0.979,0.799,1,-0.465,-1,-1,-1,-1,-1,-1,-1,-1,-1,-1,-1,-1,-0.741,0.995,0.976,-0.841,-1,-1,-1,-1,-1,-1,-1,-1,-1,-1,-1,-1,-0.709,1,0.668,-1,-1,-1,-1,-1,-1,-1,-1,-1,-1,-1,-1,-1,-0.565,1,0.739,-1,-1,-1,-1,-1,-1,-1,-1,-1,-1,-1,-1,-1,-0.42,1,0.487,-1,-1,-1,-1,-1,-1,-1,-1,-1,-1,-1,-1,-1,-0.168,1,0.47,-1,-1,-1,-1,-1,-1,-1,-1,-1,-1,-1,-1,-1,0.191,1,0.446,-1,-1,-1,-1,-1,-1,-1,-1,-1,-1,-1,-1,-1,0.141,1,0.194,-1,-1,-1,-1,-1,-1,-1,-1,-1,-1,-1,-1,-1,-0.105,1,0.386,-1,-1,-1,-1,-1,-1,-1,-1,-1,-1,-1,-1,-1,-0.35,1,0.524,-1,-1,-1,-1,-1,-1,-1,-1,-1,-1,-1,-1,-1,-0.595,1,0.769,-1,-1,-1,-1,-1,-1,-1,-1,-1,-1,-1,-1,-1,-0.886,0.83,0.976,-0.962,-1,-1,-1,-1,-1,-1,-1,-1,-1,-1,-1,-1,-0.997,0.911,1,-0.74,-1,-1,-1,-1,-1,-1,-1,-1,-1,-1,-1,-1,-1,0.668,1,-0.495,-1,-1,-1,-1,-1,-1,-1,-1,-1,-1,-1,-1,-1,-0.315,0.966,-0.553,-1,-1,-1,-1,-1,-1
"493",-1,-1,-1,-1,-1,-1,0.519,1,0.157,-1,-1,-1,-1,-1,-1,-1,-1,-1,-1,-1,-1,-1,0.049,1,1,-0.36,-1,-1,-1,-1,-1,-1,-1,-1,-1,-1,-1,-1,-0.919,0.849,1,0.506,-1,-1,-1,-1,-1,-1,-1,-1,-1,-1,-1,-1,-0.985,0.666,1,0.439,-1,-1,-1,-1,-1,-1,-1,-1,-1,-1,-1,-1,-0.68,0.981,1,-0.038,-1,-1,-1,-1,-1,-1,-1,-1,-1,-1,-1,-1,-0.38,1,1,0.306,-1,-1,-1,-1,-1,-1,-1,-1,-1,-1,-1,-1,-0.266,1,1,0.208,-1,-1,-1,-1,-1,-1,-1,-1,-1,-1,-1,-1,-0.421,1,1,0.109,-1,-1,-1,-1,-1,-1,-1,-1,-1,-1,-1,-1,-0.322,1,1,0.011,-1,-1,-1,-1,-1,-1,-1,-1,-1,-1,-1,-1,-0.224,1,1,-0.055,-1,-1,-1,-1,-1,-1,-1,-1,-1,-1,-1,-1,-0.11,1,1,0.02,-1,-1,-1,-1,-1,-1,-1,-1,-1,-1,-1,-1,0.02,1,1,-0.331,-1,-1,-1,-1,-1,-1,-1,-1,-1,-1,-1,-1,0.371,1,1,-0.176,-1,-1,-1,-1,-1,-1,-1,-1,-1,-1,-1,-1,0.216,1,1,-0.432,-1,-1,-1,-1,-1,-1,-1,-1,-1,-1,-1,-1,-0.286,1,1,0.086,-1,-1,-1,-1,-1,-1,-1,-1,-1,-1,-1,-1,-0.996,-0.16,0.881,-0.266,-1,-1,-1,-1,-1,-1
"494",-1,-1,-0.034,0.432,-0.824,-1,-1,-1,-1,-1,-0.37,-0.145,-0.997,-1,-1,-1,-1,-1,0.057,1,0.453,-0.97,-1,-1,-1,-0.883,0.773,1,-0.091,-1,-1,-1,-1,-1,-0.274,1,0.977,-0.813,-1,-1,-1,0.084,1,1,0.093,-1,-1,-1,-1,-1,-0.183,1,1,-0.247,-1,-1,-0.644,0.959,1,0.929,-0.442,-1,-1,-1,-1,-1,0.24,1,1,-0.31,-1,-1,-0.051,1,1,0.495,-1,-1,-1,-1,-1,-0.996,0.621,1,0.992,-0.651,-1,-0.971,0.6,1,1,-0.486,-0.563,-0.731,-1,-1,-1,-0.698,0.939,1,0.913,-0.921,-1,-0.563,1,1,1,0.614,1,0.9,-0.606,-1,-1,-0.282,1,1,0.712,-0.298,-0.186,0.408,1,1,1,1,1,0.99,-0.438,-1,-1,-0.429,1,1,1,1,1,1,1,1,1,1,0.896,-0.067,-0.995,-1,-1,-0.981,0.262,0.965,1,1,1,1,1,0.931,0.137,-0.551,-0.885,-1,-1,-1,-1,-1,-1,-0.934,-0.398,-0.39,0.579,1,1,0.214,-1,-1,-1,-1,-1,-1,-1,-1,-1,-1,-1,-1,0.514,1,0.988,-0.619,-1,-1,-1,-1,-1,-1,-1,-1,-1,-1,-1,-1,0.578,1,0.766,-0.957,-1,-1,-1,-1,-1,-1,-1,-1,-1,-1,-1,-1,0.669,1,0.46,-1,-1,-1,-1,-1,-1,-1,-1,-1,-1,-1,-1,-1,0.485,1,0.405,-1,-1,-1,-1,-1,-1,-1,-1,-1,-1,-1,-1,-1,-0.416,0.963,-0.238,-1,-1,-1,-1,-1,-1,-1
"495",-1,-1,-1,-1,-1,-0.691,0.028,0.821,0.768,-0.02,-0.744,-1,-1,-1,-1,-1,-1,-1,-1,-0.938,0.14,0.926,1,1,1,1,0.921,-0.161,-0.982,-1,-1,-1,-1,-1,-0.99,0.096,1,1,1,1,1,1,1,1,0.066,-1,-1,-1,-1,-1,-0.24,0.976,1,1,1,1,0.058,-0.564,0.789,1,0.997,-0.559,-1,-1,-1,-0.966,0.797,1,1,1,0.994,0.094,-0.888,-1,-0.734,0.96,1,0.545,-0.814,-1,-1,-0.604,0.991,1,1,1,0.344,-0.996,-1,-1,-0.997,0.673,1,1,0.197,-1,-1,0.369,1,1,1,0.789,-0.913,-1,-1,-1,-1,-0.11,1,1,0.542,-1,-0.75,0.96,1,1,1,-0.092,-1,-1,-1,-1,-1,-0.903,0.895,1,1,-0.592,-0.484,0.997,1,1,0.996,-0.47,-1,-1,-1,-1,-1,-0.972,0.857,1,1,-0.232,-0.437,1,1,1,0.648,-0.963,-1,-1,-1,-1,-1,-0.805,0.897,1,1,-0.124,-0.118,1,1,1,0.192,-1,-1,-1,-1,-1,-0.953,0.265,1,1,1,-0.016,-0.478,1,1,1,0.3,-1,-1,-1,-1,-0.83,0.248,0.999,1,1,0.994,-0.535,-0.962,0.729,1,1,0.457,-0.6,-0.6,-0.301,0.24,0.863,1,1,1,0.906,0.282,-0.981,-1,-0.745,0.887,1,1,1,1,1,1,1,1,1,0.966,-0.464,-1,-1,-1,-1,-0.546,0.652,1,1,1,1,1,1,0.988,0.775,-0.288,-0.999,-1,-1,-1,-1,-1,-0.938,-0.423,0.21,0.977,1,0.902,0.108,-0.432,-0.988,-1,-1,-1,-1
"496",-1,-1,-1,-1,-0.8,0.205,0.962,0.257,0.22,-0.58,-1,-1,-1,-1,-1,-1,-1,-1,-1,-0.333,0.815,1,1,1,1,0.974,0.189,-0.906,-1,-1,-1,-1,-1,-1,-0.751,0.892,1,1,1,1,1,1,1,0.649,-0.671,-1,-1,-1,-1,-0.999,0.418,1,1,1,1,1,1,1,1,1,0.692,-0.842,-1,-1,-1,-0.336,0.981,1,1,1,1,1,1,0.839,0.798,1,1,-0.126,-1,-1,-0.998,0.54,1,1,1,1,1,0.97,0.372,-0.759,-0.682,0.962,1,0.697,-0.747,-1,-1,0.643,1,1,1,1,1,0.025,-1,-1,-1,-0.193,1,1,0.324,-0.952,-1,-0.121,1,1,1,1,0.043,-0.953,-1,-1,-1,-0.882,0.924,1,1,-0.345,-1,0.101,1,1,1,0.726,-0.897,-1,-1,-1,-1,-1,0.33,1,1,0.368,-0.61,0.954,1,1,1,-0.414,-1,-1,-1,-1,-1,-1,0.5,1,1,0.197,-0.26,1,1,1,0.469,-0.988,-1,-1,-1,-1,-1,-0.754,0.736,1,1,0.027,0.256,1,1,1,-0.07,-1,-1,-1,-1,-0.758,0.046,0.841,1,1,0.962,-0.521,0.011,1,1,1,0.376,-0.302,-0.302,0.032,0.442,0.84,1,1,1,1,0.216,-1,-0.743,0.816,1,1,1,1,1,1,1,1,1,1,1,0.624,-0.859,-1,-1,-0.527,0.815,1,1,1,1,1,1,1,1,0.607,-0.18,-0.896,-1,-1,-1,-1,-0.803,-0.101,0.728,1,1,1,0.32,0.255,-0.357,-0.911,-1,-1,-1,-1
"497",-1,-1,-1,-1,-1,-1,-1,0.078,0.794,-0.895,-1,-1,-1,-1,-1,-1,-1,-1,-1,-1,-1,-1,-0.999,0.772,1,-0.541,-1,-1,-1,-1,-1,-1,-1,-1,-1,-1,-1,-1,-0.992,0.672,1,-0.485,-1,-1,-1,-1,-1,-1,-1,-1,-1,-1,-1,-1,-0.791,0.97,0.989,-0.776,-1,-1,-1,-1,-1,-1,-1,-1,-1,-1,-1,-1,-0.717,1,0.939,-0.831,-1,-1,-1,-1,-1,-1,-1,-1,-1,-1,-1,-1,-0.637,1,0.951,-0.947,-1,-1,-1,-1,-1,-1,-1,-1,-1,-1,-1,-1,-0.544,1,0.764,-1,-1,-1,-1,-1,-1,-1,-1,-1,-1,-1,-1,-1,-0.637,1,0.941,-0.913,-1,-1,-1,-1,-1,-1,-1,-1,-1,-1,-1,-1,-0.471,1,0.727,-1,-1,-1,-1,-1,-1,-1,-1,-1,-1,-1,-1,-1,-0.465,1,0.598,-1,-1,-1,-1,-1,-1,-1,-1,-1,-1,-1,-1,-1,-0.569,1,0.933,-0.972,-1,-1,-1,-1,-1,-1,-1,-1,-1,-1,-1,-1,-0.489,1,0.824,-0.942,-1,-1,-1,-1,-1,-1,-1,-1,-1,-1,-1,-1,-0.668,1,0.98,-0.92,-1,-1,-1,-1,-1,-1,-1,-1,-1,-1,-1,-1,-0.969,0.938,1,-0.577,-1,-1,-1,-1,-1,-1,-1,-1,-1,-1,-1,-1,-1,0.446,1,-0.571,-1,-1,-1,-1,-1,-1,-1,-1,-1,-1,-1,-1,-1,-0.538,0.955,-0.674,-1,-1,-1,-1,-1,-1
"498",-1,-1,-1,-1,-1,-1,-1,0.538,-0.049,-1,-1,-1,-1,-1,-1,-1,-1,-1,-1,-1,-1,-1,-0.963,0.869,0.693,-0.973,-1,-1,-1,-1,-1,-1,-1,-1,-1,-1,-1,-1,-0.995,0.807,1,-0.545,-1,-1,-1,-1,-1,-1,-1,-1,-1,-1,-1,-1,-0.95,0.916,1,-0.416,-1,-1,-1,-1,-1,-1,-1,-1,-1,-1,-1,-1,-0.99,0.827,1,-0.57,-1,-1,-1,-1,-1,-1,-1,-1,-1,-1,-1,-1,-0.976,0.825,1,-0.583,-1,-1,-1,-1,-1,-1,-1,-1,-1,-1,-1,-1,-0.983,0.845,1,-0.311,-1,-1,-1,-1,-1,-1,-1,-1,-1,-1,-1,-1,-0.968,0.842,1,-0.608,-1,-1,-1,-1,-1,-1,-1,-1,-1,-1,-1,-1,-0.974,0.861,1,-0.336,-1,-1,-1,-1,-1,-1,-1,-1,-1,-1,-1,-1,-0.977,0.805,1,-0.491,-1,-1,-1,-1,-1,-1,-1,-1,-1,-1,-1,-1,-0.98,0.857,1,-0.539,-1,-1,-1,-1,-1,-1,-1,-1,-1,-1,-1,-1,-0.999,0.746,1,-0.48,-1,-1,-1,-1,-1,-1,-1,-1,-1,-1,-1,-1,-0.974,0.876,1,-0.386,-1,-1,-1,-1,-1,-1,-1,-1,-1,-1,-1,-1,-0.84,0.967,1,-0.47,-1,-1,-1,-1,-1,-1,-1,-1,-1,-1,-1,-1,-0.398,1,0.994,-0.689,-1,-1,-1,-1,-1,-1,-1,-1,-1,-1,-1,-1,-0.953,0.288,0.639,-0.987,-1,-1,-1,-1,-1,-1
"499",-1,-1,-1,-1,-1,-1,-1,-0.918,0.605,-0.913,-1,-1,-1,-1,-1,-1,-1,-1,-1,-1,-1,-1,-1,-0.2,1,-0.744,-1,-1,-1,-1,-1,-1,-1,-1,-1,-1,-1,-1,-0.95,0.752,0.524,-0.993,-1,-1,-1,-1,-1,-1,-1,-1,-1,-1,-1,-1,-0.673,1,-0.087,-1,-1,-1,-1,-1,-1,-1,-1,-1,-1,-1,-1,-1,0.119,0.996,-0.737,-1,-1,-1,-1,-1,-1,-1,-1,-1,-1,-1,-1,-0.999,0.675,0.589,-0.999,-1,0.477,-0.262,-1,-1,-1,-1,-1,-1,-1,-1,-1,-0.68,0.999,0.05,-1,-0.8,0.971,0.151,-1,-1,-1,-1,-1,-1,-1,-1,-1,-0.135,1,-0.589,-1,-0.641,1,-0.118,-1,-1,-1,-1,-1,-1,-1,-1,-1,0.38,0.929,-0.904,-1,-0.008,0.988,-0.575,-1,-1,-1,-1,-1,-1,-1,-1,-0.982,0.744,0.673,-1,-1,0.466,0.774,-1,-1,-1,-1,-1,-1,-1,-1,-1,-0.759,1,0.445,-0.063,-0.039,0.91,0.641,-0.951,-1,-1,-1,-1,-1,-1,-1,-1,-0.223,1,1,1,1,1,1,0.021,-1,-1,-1,-1,-1,-1,-1,-1,-0.209,0.809,0.018,-0.63,0.099,1,-0.522,-0.937,-1,-1,-1,-1,-1,-1,-1,-1,-1,-1,-1,-1,0.275,0.621,-0.994,-1,-1,-1,-1,-1,-1,-1,-1,-1,-1,-1,-1,-1,0.539,0.04,-1,-1,-1,-1,-1,-1,-1,-1,-1,-1,-1,-1,-1,-1,0.685,-0.824,-1,-1,-1,-1,-1,-1
"500",-1,-1,-1,-1,-1,-1,-0.928,-0.063,0.028,-1,-1,-1,-1,-1,-1,-1,-1,-1,-1,-1,-1,-1,-0.43,1,0.782,-0.975,-1,-1,-1,-1,-1,-1,-1,-1,-1,-1,-1,-1,-0.245,1,0.989,-0.766,-1,-1,-1,-1,-1,-1,-1,-1,-1,-1,-1,-1,-0.361,1,1,-0.661,-1,-1,-1,-1,-1,-1,-1,-1,-1,-1,-1,-1,-0.476,1,1,-0.293,-1,-1,-1,-1,-1,-1,-1,-1,-1,-1,-1,-1,-0.339,1,1,-0.21,-1,-1,-1,-1,-1,-1,-1,-1,-1,-1,-1,-1,-0.454,1,1,-0.11,-1,-1,-1,-1,-1,-1,-1,-1,-1,-1,-1,-1,-0.569,1,1,0.005,-1,-1,-1,-1,-1,-1,-1,-1,-1,-1,-1,-1,-0.683,0.999,1,0.042,-1,-1,-1,-1,-1,-1,-1,-1,-1,-1,-1,-1,-0.516,1,1,-0.222,-1,-1,-1,-1,-1,-1,-1,-1,-1,-1,-1,-1,-0.204,1,1,-0.107,-1,-1,-1,-1,-1,-1,-1,-1,-1,-1,-1,-1,-0.067,1,0.999,-0.433,-1,-1,-1,-1,-1,-1,-1,-1,-1,-1,-1,-1,0.071,1,0.974,-0.815,-1,-1,-1,-1,-1,-1,-1,-1,-1,-1,-1,-1,-0.045,1,0.857,-0.929,-1,-1,-1,-1,-1,-1,-1,-1,-1,-1,-1,-1,-0.706,0.993,0.892,-0.913,-1,-1,-1,-1,-1,-1,-1,-1,-1,-1,-1,-1,-1,-0.192,0.785,-0.844,-1,-1,-1,-1,-1,-1
"501",-1,-1,-1,-1,-1,-1,-1,-1,-0.59,0.071,-1,-1,-1,-1,-1,-1,-1,-1,-1,-1,-1,-1,-1,-0.918,0.66,0.997,-0.325,-1,-1,-1,-1,-1,-1,-1,-1,-1,-1,-1,-1,0.28,1,1,0.901,-0.862,-1,-1,-1,-1,-1,-1,-1,-1,-1,-1,-0.255,0.987,0.971,1,0.991,-0.889,-1,-1,-1,-1,-1,-1,-1,-1,-1,-0.871,0.774,0.995,-0.022,0.989,0.856,-0.996,-1,-1,-1,-1,-1,-1,-1,-1,-0.991,0.278,1,0.28,-0.947,0.954,0.879,-0.99,-1,-1,-1,-1,-1,-1,-1,-1,-0.363,1,0.711,-0.947,-0.826,0.997,0.674,-1,-1,-1,-1,-1,-1,-1,-1,-0.562,0.893,0.983,-0.579,-1,-0.742,1,0.414,-0.749,-0.782,-1,-1,-1,-1,-1,-0.948,0.728,1,0.647,-0.368,-0.177,0.356,1,1,1,0.606,-0.963,-1,-1,-1,-1,-0.993,0.443,1,1,1,1,1,1,0.715,-0.266,-0.665,-0.991,-1,-1,-1,-1,-1,-0.964,-0.362,0.052,-0.301,-0.434,-0.161,1,0.106,-1,-1,-1,-1,-1,-1,-1,-1,-1,-1,-1,-1,-1,-0.068,1,0.097,-1,-1,-1,-1,-1,-1,-1,-1,-1,-1,-1,-1,-1,0.52,1,-0.085,-1,-1,-1,-1,-1,-1,-1,-1,-1,-1,-1,-1,-0.879,0.829,1,-0.292,-1,-1,-1,-1,-1,-1,-1,-1,-1,-1,-1,-1,-0.464,1,1,-0.358,-1,-1,-1,-1,-1,-1,-1,-1,-1,-1,-1,-1,-0.971,0.105,0.837,-0.511,-1,-1,-1,-1,-1
"502",-1,-1,-1,-1,-1,-1,-1,-1,-1,-0.814,0.716,-0.286,-1,-1,-1,-1,-1,-1,-1,-1,-1,-1,-1,-1,-1,-0.441,1,0.469,-1,-1,-1,-1,-1,-1,-1,-1,-1,-1,-1,-0.884,-0.345,-0.384,1,0.126,-1,-1,-1,-1,-1,-1,-1,-1,-1,-1,-0.987,0.503,0.811,-0.135,1,-0.29,-1,-1,-1,-1,-1,-1,-1,-1,-1,-1,-0.102,1,-0.231,-0.253,1,-0.57,-1,-1,-1,-1,-1,-1,-1,-1,-1,-0.597,0.9,0.457,-0.959,-0.098,1,-0.606,-1,-1,-1,-1,-1,-1,-1,-1,-0.925,0.594,0.975,-0.683,-1,-0.119,0.998,-0.853,-1,-1,-1,-1,-1,-1,-1,-0.56,0.334,1,0.18,-0.918,-0.677,0.419,1,0.578,-0.472,-1,-1,-1,-1,-1,-1,-0.801,0.598,1,0.832,0.953,1,1,0.94,-0.231,-0.797,-1,-1,-1,-1,-1,-1,-1,-0.934,-0.202,0.332,0.016,-0.482,0.501,0.693,-1,-1,-1,-1,-1,-1,-1,-1,-1,-1,-1,-1,-1,-1,0.595,0.651,-1,-1,-1,-1,-1,-1,-1,-1,-1,-1,-1,-1,-1,-0.997,0.819,0.443,-1,-1,-1,-1,-1,-1,-1,-1,-1,-1,-1,-1,-1,-1,0.689,0.567,-1,-1,-1,-1,-1,-1,-1,-1,-1,-1,-1,-1,-1,-0.999,0.797,0.639,-1,-1,-1,-1,-1,-1,-1,-1,-1,-1,-1,-1,-1,-0.991,0.876,0.953,-0.907,-1,-1,-1,-1,-1,-1,-1,-1,-1,-1,-1,-1,-1,-0.079,0.935,-0.84,-1,-1,-1,-1
"503",-1,-1,-1,-1,-1,-1,-1,0.581,0.352,-0.999,-1,-1,-1,-1,-1,-1,-1,-1,-1,-1,-1,-1,-1,0.547,1,-0.981,-1,-1,-1,-1,-1,-1,-1,-1,-1,-1,-1,-1,-1,0.582,0.583,-1,-1,-1,-1,-1,-1,-1,-1,-1,-1,-1,-1,-1,-1,0.744,0.251,-1,-1,-1,-1,-1,-1,-1,-1,-1,-1,-1,-1,-1,-1,0.803,0.046,-1,-1,-1,-1,-1,-1,-1,-1,-1,-1,-1,-1,-1,-1,0.771,-0.104,-1,-1,-1,-1,-1,-1,-1,-1,-1,-1,-1,-1,-1,-1,0.878,-0.206,-1,-1,-1,-1,-1,-1,-1,-1,-1,-1,-1,-1,-1,-0.988,0.992,-0.258,-1,-1,-1,-1,-1,-1,-1,-1,-1,-1,-1,-1,-1,-1,0.905,-0.408,-1,-1,-1,-1,-1,-1,-1,-1,-1,-1,-1,-1,-1,-1,0.836,-0.376,-1,-1,-1,-1,-1,-1,-1,-1,-1,-1,-1,-1,-1,-1,0.64,-0.35,-1,-1,-1,-1,-1,-1,-1,-1,-1,-1,-1,-1,-1,-1,0.56,-0.257,-1,-1,-1,-1,-1,-1,-1,-1,-1,-1,-1,-1,-1,-1,0.479,-0.183,-1,-1,-1,-1,-1,-1,-1,-1,-1,-1,-1,-1,-1,-1,0.191,0.044,-1,-1,-1,-1,-1,-1,-1,-1,-1,-1,-1,-1,-1,-1,-0.114,0.331,-1,-1,-1,-1,-1,-1,-1,-1,-1,-1,-1,-1,-1,-1,-0.807,0.392,-1,-1,-1,-1,-1,-1,-1
"504",-1,-1,-1,-1,-1,-1,-0.689,0.124,0.833,0.875,0.309,-0.743,-1,-1,-1,-1,-1,-1,-1,-1,-1,-0.222,0.889,1,0.902,0.417,0.678,0.904,-0.095,-1,-1,-1,-1,-1,-1,-0.99,-0.149,0.985,0.98,0.153,-0.778,-1,-0.99,-0.42,0.857,-0.064,-1,-1,-1,-1,-0.635,0.448,1,1,0.087,-1,-1,-1,-1,-1,-0.275,0.938,-0.712,-1,-1,-0.926,0.729,1,1,0.056,-0.99,-1,-1,-1,-1,-1,-0.938,0.592,0.176,-1,-1,-0.3,1,1,0.574,-0.964,-1,-1,-1,-1,-1,-1,-1,0.016,0.587,-1,-1,0.591,1,0.998,-0.489,-1,-1,-1,-1,-1,-1,-1,-1,-0.267,0.923,-0.952,-0.834,0.979,1,0.662,-0.999,-1,-1,-1,-1,-1,-1,-1,-1,-0.449,0.973,-0.921,-0.839,0.999,1,-0.146,-1,-1,-1,-1,-1,-1,-1,-1,-1,-0.231,0.999,-0.766,-0.873,0.953,0.759,-0.955,-1,-1,-1,-1,-1,-1,-1,-1,-1,-0.019,0.9,-0.967,-0.992,0.789,0.46,-1,-1,-1,-1,-1,-1,-1,-1,-1,-1,0.377,0.715,-1,-1,0.183,0.901,-0.929,-1,-1,-1,-1,-1,-1,-1,-1,-0.541,0.878,0.046,-1,-1,-0.606,0.941,-0.079,-1,-1,-1,-1,-1,-1,-1,-0.854,0.686,0.943,-0.826,-1,-1,-1,0.044,0.951,-0.317,-0.99,-1,-1,-1,-0.957,-0.702,0.683,0.99,-0.33,-1,-1,-1,-1,-1,-0.089,0.962,0.574,0.155,0.155,0.304,0.892,1,0.941,-0.269,-1,-1,-1,-1,-1,-1,-1,-0.594,0.311,0.877,1,0.989,0.55,0.213,-0.593,-1,-1,-1,-1
"505",-1,-1,-1,-1,-1,-1,-0.23,0.832,-0.207,-1,-1,-1,-1,-1,-1,-1,-1,-1,-1,-1,-1,-1,-0.899,0.932,0.993,-0.784,-1,-1,-1,-1,-1,-1,-1,-1,-1,-1,-1,-1,-0.994,0.68,0.293,-0.975,-1,-1,-1,-1,-1,-1,-1,-1,-1,-1,-1,-1,-0.845,0.957,0.93,-0.324,-1,-1,-1,-1,-1,-1,-1,-1,-1,-1,-1,-1,-0.629,0.997,1,-0.132,-1,-1,-1,-1,-1,-1,-1,-1,-1,-1,-1,-1,-0.65,1,1,0.055,-1,-1,-1,-1,-1,-1,-1,-1,-1,-1,-1,-1,-0.832,0.952,1,0.106,-1,-1,-1,-1,-1,-1,-1,-1,-1,-1,-1,-1,-0.834,0.724,1,0.103,-1,-1,-1,-1,-1,-1,-1,-1,-1,-1,-1,-1,-0.68,0.996,1,0.333,-1,-1,-1,-1,-1,-1,-1,-1,-1,-1,-1,-1,-0.674,0.992,1,0.33,-1,-1,-1,-1,-1,-1,-1,-1,-1,-1,-1,-1,-0.256,1,1,0.412,-1,-1,-1,-1,-1,-1,-1,-1,-1,-1,-1,-1,-0.126,1,1,0.156,-1,-1,-1,-1,-1,-1,-1,-1,-1,-1,-1,-1,0.215,1,1,0.068,-1,-1,-1,-1,-1,-1,-1,-1,-1,-1,-1,-1,0.197,1,1,-0.357,-1,-1,-1,-1,-1,-1,-1,-1,-1,-1,-1,-1,0.315,1,1,-0.275,-1,-1,-1,-1,-1,-1,-1,-1,-1,-1,-1,-1,-0.924,0.169,0.996,-0.697,-1,-1,-1,-1,-1,-1
"506",-1,-1,-1,-1,-1,0.194,0.211,-0.231,-0.625,-1,-1,-1,-1,-1,-1,-1,-1,-1,-1,-1,-1,0.11,1,1,0.981,-0.564,-1,-1,-1,-1,-1,-1,-1,-1,-1,-1,-0.999,0.593,0.987,-0.1,0.93,0.069,-1,-1,-1,-1,-1,-1,-1,-1,-1,-1,-0.492,0.948,1,0.177,-0.213,0.928,-0.828,-1,-1,-1,-1,-1,-1,-1,-1,-1,-0.014,1,1,0.357,-0.752,0.934,-0.057,-1,-1,-1,-1,-1,-1,-1,-1,-0.989,0.175,1,1,0.063,-0.953,0.671,0.844,-0.87,-1,-1,-1,-1,-1,-1,-1,-0.779,0.968,1,1,-0.42,-1,-0.124,1,-0.042,-1,-1,-1,-1,-1,-1,-1,-0.861,0.966,1,0.955,-0.859,-1,-0.748,0.972,0.972,-0.698,-1,-1,-1,-1,-1,-1,-0.412,1,1,0.566,-1,-1,-0.76,0.993,1,0.116,-1,-1,-1,-1,-1,-1,-0.402,1,1,0.083,-1,-1,-0.815,0.963,1,0.39,-1,-1,-1,-1,-1,-1,-0.203,1,1,0.12,-1,-1,0.152,1,1,0.238,-1,-1,-1,-1,-1,-1,-0.193,1,1,-0.269,-1,-0.654,-0.365,0.992,1,0.039,-1,-1,-1,-1,-1,-1,0.338,1,1,-0.343,-0.747,0.777,1,1,0.378,-0.959,-1,-1,-1,-1,-1,-1,0.253,1,1,0.716,1,1,0.993,0.533,-0.821,-1,-1,-1,-1,-1,-1,-1,-0.77,0.849,1,1,1,1,0.334,-0.959,-1,-1,-1,-1,-1,-1,-1,-1,-1,-0.595,0.412,0.999,0.652,-0.076,-0.956,-1,-1,-1,-1,-1,-1
"507",-1,-1,-1,-1,-0.915,-0.922,-1,-1,-1,-1,-1,-0.999,-0.184,-1,-1,-1,-1,-1,-1,-1,0.098,0.643,-0.803,-1,-1,-1,-1,-1,0.253,-0.947,-1,-1,-1,-1,-1,-0.948,0.686,1,-0.493,-1,-1,-1,-1,-0.246,0.963,-0.289,-1,-1,-1,-1,-1,0.356,1,0.495,-0.953,-1,-1,-1,-1,0.683,1,0.378,-1,-1,-1,-1,-0.352,1,0.982,-0.487,-1,-1,-1,-1,-0.352,1,1,0.066,-1,-1,-1,-1,-0.507,0.979,0.806,-0.951,-1,-1,-1,-0.938,0.716,1,0.809,-0.872,-1,-1,-1,-1,0.192,1,0.912,-0.138,-0.143,-0.166,-0.713,0.043,1,1,-0.029,-1,-1,-1,-1,-1,0.178,1,1,1,1,1,1,1,1,0.921,-0.753,-1,-1,-1,-1,-1,-1,-0.233,0.143,0.67,0.432,0.18,0.993,1,1,-0.042,-1,-1,-1,-1,-1,-1,-1,-1,-1,-1,-1,-0.901,0.867,1,0.745,-0.916,-1,-1,-1,-1,-1,-1,-1,-1,-1,-1,-1,0.014,1,1,-0.3,-1,-1,-1,-1,-1,-1,-1,-1,-1,-1,-1,-1,0.49,1,0.877,-0.816,-1,-1,-1,-1,-1,-1,-1,-1,-1,-1,-1,-0.748,0.958,1,0.422,-1,-1,-1,-1,-1,-1,-1,-1,-1,-1,-1,-1,-0.313,1,1,-0.381,-1,-1,-1,-1,-1,-1,-1,-1,-1,-1,-1,-1,-0.246,1,1,-0.693,-1,-1,-1,-1,-1,-1,-1,-1,-1,-1,-1,-1,-0.96,-0.07,0.6,-0.958,-1,-1,-1,-1,-1,-1
"508",-1,-1,-1,-1,-1,-1,-0.926,0.489,0.671,-1,-1,-1,-1,-1,-1,-1,-1,-1,-1,-1,-1,-1,-0.72,1,0.917,-1,-1,-1,-1,-1,-1,-1,-1,-1,-1,-1,-1,-1,-0.631,1,0.944,-0.979,-1,-1,-1,-1,-1,-1,-1,-1,-1,-1,-1,-1,-0.413,1,0.609,-1,-1,-1,-1,-1,-1,-1,-1,-1,-1,-1,-1,-1,-0.521,1,0.296,-1,-1,-1,-1,-1,-1,-1,-1,-1,-1,-1,-1,-1,-0.629,1,0.301,-1,-1,-1,-1,-1,-1,-1,-1,-1,-1,-1,-1,-1,-0.738,1,0.504,-1,-1,-1,-1,-1,-1,-1,-1,-1,-1,-1,-1,-1,-0.846,1,0.999,-0.957,-1,-1,-1,-1,-1,-1,-1,-1,-1,-1,-1,-1,-0.954,1,1,-0.849,-1,-1,-1,-1,-1,-1,-1,-1,-1,-1,-1,-1,-0.63,0.997,0.791,-0.961,-1,-1,-1,-1,-1,-1,-1,-1,-1,-1,-1,-1,-0.647,1,0.843,-1,-1,-1,-1,-1,-1,-1,-1,-1,-1,-1,-1,-1,-0.514,1,0.573,-1,-1,-1,-1,-1,-1,-1,-1,-1,-1,-1,-1,-1,-0.339,1,0.836,-0.87,-1,-1,-1,-1,-1,-1,-1,-1,-1,-1,-1,-1,-0.447,1,1,-0.307,-1,-1,-1,-1,-1,-1,-1,-1,-1,-1,-1,-1,-0.556,1,0.909,-0.735,-1,-1,-1,-1,-1,-1,-1,-1,-1,-1,-1,-1,-0.742,0.888,-0.438,-1,-1,-1,-1,-1,-1,-1
"509",-1,-1,-1,-1,-1,-1,-1,0.26,0.583,-0.824,-1,-1,-1,-1,-1,-1,-1,-1,-1,-1,-1,-1,-0.72,0.883,1,-0.51,-1,-1,-1,-1,-1,-1,-1,-1,-1,-1,-1,-1,-0.669,1,0.998,-0.758,-1,-1,-1,-1,-1,-1,-1,-1,-1,-1,-1,-1,-0.998,0.762,1,-0.682,-1,-1,-1,-1,-1,-1,-1,-1,-1,-1,-1,-1,-0.998,0.766,0.998,-0.766,-1,-1,-1,-1,-1,-1,-1,-1,-1,-1,-1,-1,-1,0.692,1,-0.692,-1,-1,-1,-1,-1,-1,-1,-1,-1,-1,-1,-1,-1,0.615,0.997,-0.775,-1,-1,-1,-1,-1,-1,-1,-1,-1,-1,-1,-1,-1,0.701,1,-0.701,-1,-1,-1,-1,-1,-1,-1,-1,-1,-1,-1,-1,-0.983,0.689,1,-0.624,-1,-1,-1,-1,-1,-1,-1,-1,-1,-1,-1,-1,-0.995,0.787,1,-0.547,-1,-1,-1,-1,-1,-1,-1,-1,-1,-1,-1,-1,-1,0.633,1,-0.633,-1,-1,-1,-1,-1,-1,-1,-1,-1,-1,-1,-1,-1,0.556,1,-0.72,-1,-1,-1,-1,-1,-1,-1,-1,-1,-1,-1,-1,-1,0.643,0.981,-0.705,-1,-1,-1,-1,-1,-1,-1,-1,-1,-1,-1,-1,-1,0.729,0.992,-0.803,-1,-1,-1,-1,-1,-1,-1,-1,-1,-1,-1,-1,-0.971,0.868,0.895,-0.955,-1,-1,-1,-1,-1,-1,-1,-1,-1,-1,-1,-1,-0.991,0.32,0.2,-1,-1,-1,-1,-1,-1,-1
"510",-1,-1,-1,-1,-1,-1,-0.157,0.723,-0.34,-1,-1,-1,-1,-1,-1,-1,-1,-1,-1,-1,-1,-0.88,0.733,1,0.55,-1,-1,-1,-1,-1,-1,-1,-1,-1,-1,-1,-1,0.109,1,1,0.952,-0.893,-1,-1,-1,-1,-1,-1,-1,-1,-0.642,-0.735,0.405,0.915,0.997,1,0.99,-0.789,-1,-1,-1,-1,-1,-1,-1,-0.744,0.892,1,1,0.998,0.178,0.919,1,-0.42,-1,-1,-0.889,-0.975,-1,-1,-0.842,0.123,1,1,1,0.672,-0.712,0.993,1,-0.146,-0.88,-0.279,0.593,0.413,-0.608,-1,0.447,1,1,1,1,0.92,0.867,1,1,0.942,0.888,1,1,1,0.938,-0.251,0.128,1,0.755,0.893,1,0.745,0.991,1,0.998,0.704,0.703,0.703,0.703,0.703,0.703,0.459,-1,-0.713,-0.935,-0.824,-0.703,-0.944,0.737,1,0.938,-0.918,-1,-1,-1,-1,-1,-1,-1,-1,-1,-1,-1,-0.917,0.909,1,0.367,-0.997,-1,-1,-1,-1,-1,-1,-1,-1,-1,-1,-1,-0.314,1,1,-0.347,-1,-1,-1,-1,-1,-1,-1,-1,-1,-1,-1,-1,0.381,1,0.739,-0.956,-1,-1,-1,-1,-1,-1,-1,-1,-1,-1,-1,-0.883,0.959,1,0.288,-0.79,-0.984,-1,-1,-1,-1,-1,-1,-1,-1,-1,-1,-0.71,1,1,0.886,1,-0.632,-1,-1,-1,-1,-1,-1,-1,-1,-1,-1,-0.993,0.757,1,0.996,0.369,-0.981,-1,-1,-1,-1,-1,-1,-1,-1,-1,-1,-1,-0.777,0.495,0.137,-0.999,-1,-1,-1,-1,-1,-1,-1
"511",-1,-1,-1,-1,-1,-1,-1,-1,-1,-1,0.083,-0.026,-0.998,-1,-1,-1,-1,-1,-1,-1,-1,-1,-1,-1,-1,-1,0.176,1,-0.271,-1,-1,-1,-1,-1,-1,-1,-1,-1,-1,-1,-1,-1,0.116,1,-0.021,-1,-1,-1,-1,-1,-1,-0.959,0.554,0.236,-0.991,-1,-1,-1,0.197,1,-0.387,-1,-1,-1,-1,-1,-0.966,0.588,1,0.319,-0.994,-1,-1,-0.992,0.697,0.887,-0.9,-1,-1,-1,-1,-1,-0.444,1,0.572,-0.702,-1,-1,-1,-0.829,0.994,0.338,-1,-1,-1,-1,-1,-1,-0.457,1,0.826,0.692,0.693,0.89,1,1,1,0.739,-0.232,-0.997,-1,-1,-1,-1,-0.926,-0.515,-0.136,-0.231,-0.221,0.075,-0.167,0.509,0.93,0.026,0.908,-0.393,-1,-1,-1,-1,-1,-1,-1,-1,-1,-1,-1,0.475,0.389,-1,-0.866,-0.944,-1,-1,-1,-1,-1,-1,-1,-1,-1,-1,-0.999,0.792,-0.024,-1,-1,-1,-1,-1,-1,-1,-1,-1,-1,-1,-1,-1,-0.922,0.915,-0.366,-1,-1,-1,-1,-1,-1,-1,-1,-1,-1,-1,-1,-1,-0.905,0.979,-0.684,-1,-1,-1,-1,-1,-1,-1,-1,-1,-1,-1,-1,-1,-0.916,0.864,-0.96,-1,-1,-1,-1,-1,-1,-1,-1,-1,-1,-1,-1,-1,-0.965,0.789,-0.978,-1,-1,-1,-1,-1,-1,-1,-1,-1,-1,-1,-1,-1,-1,0.395,-0.975,-1,-1,-1,-1,-1,-1,-1,-1,-1,-1,-1,-1,-1,-1,-0.184,-0.822,-1,-1,-1,-1,-1
"512",-1,-1,-0.545,0.905,0.347,-1,-1,-1,-1,-0.077,0.93,0.11,-0.959,-1,-1,-1,-1,-1,0.197,1,-0.252,-1,-1,-1,-0.702,0.914,0.59,-0.09,0.5,-0.876,-1,-1,-1,-1,0.44,0.999,-0.736,-1,-1,-1,-0.405,1,-0.114,-1,-0.699,-0.621,-1,-1,-1,-1,0.5,0.971,-0.887,-1,-1,-1,-0.141,1,-0.313,-1,-1,-1,-1,-1,-1,-1,0.505,0.926,-0.928,-1,-1,-1,0.216,0.967,-0.853,-1,-1,-1,-1,-1,-1,-1,0.694,0.85,-0.966,-1,-1,-1,0.394,0.996,-0.812,-1,-1,-1,-1,-1,-1,-1,0.705,0.704,-0.998,-1,-1,-1,0.497,0.942,-0.941,-1,-1,-1,-1,-1,-0.978,-0.294,0.976,0.657,-1,-1,-1,-1,0.674,0.735,-0.998,-1,-1,-1,-1,-1,-0.375,1,1,0.707,-0.974,-1,-1,-0.979,0.832,0.805,-0.988,-1,-1,-1,-0.441,-0.215,0.138,1,1,1,-0.02,-1,-1,-0.987,0.845,0.735,-0.999,-1,-1,-0.999,0.169,0.372,0.17,1,1,0.679,0.952,-0.567,-1,-0.985,0.854,0.757,-0.934,-0.61,-0.488,0.233,0.976,0.248,0.284,1,1,-0.109,-0.227,0.917,0.974,0.974,0.999,1,0.978,1,1,1,0.641,-0.64,-0.159,1,1,-0.379,-1,-0.69,0.162,0.752,0.958,0.935,0.192,-0.442,-0.481,-0.8,-0.981,-1,-0.815,0.949,0.948,-0.884,-1,-1,-1,-1,0.465,0.772,-0.998,-1,-1,-1,-1,-1,-1,0.115,0.811,-0.989,-1,-1,-1,-1,0.227,0.968,-0.682,-1,-1,-1,-1,-1,-1,-1,-0.86,-1,-1,-1,-1,-1,-0.8,0.37,0.133,-1,-1,-1,-1,-1
"513",-1,-1,-1,-1,-1,-1,-0.195,0.543,-0.829,-1,-1,-1,-1,-1,-1,-1,-1,-1,-1,-1,-1,-1,-0.723,0.992,0.139,-1,-1,-1,-1,-1,-1,-1,-1,-1,-1,-1,-1,-1,-1,0.584,0.892,-0.92,-1,-1,-1,-1,-1,-1,-1,-1,-1,-1,-1,-1,-1,0.245,1,-0.195,-1,-1,-1,-1,-1,-1,-1,-1,-1,-1,-1,-1,-1,0.202,1,-0.35,-1,-1,-1,-1,-1,-1,-1,-1,-1,-1,-1,-1,-1,0.06,1,-0.702,-1,-1,-1,-1,-1,-1,-1,-1,-1,-1,-1,-1,-1,0.117,1,-0.66,-1,-1,-1,-1,-1,-1,-1,-1,-1,-1,-1,-1,-1,0.469,1,-0.617,-1,-1,-1,-1,-1,-1,-1,-1,-1,-1,-1,-1,-1,0.476,1,-0.574,-1,-1,-1,-1,-1,-1,-1,-1,-1,-1,-1,-1,-0.999,0.728,0.999,-0.728,-1,-1,-1,-1,-1,-1,-1,-1,-1,-1,-1,-1,-0.983,0.817,0.983,-0.817,-1,-1,-1,-1,-1,-1,-1,-1,-1,-1,-1,-1,-0.886,0.974,0.933,-0.922,-1,-1,-1,-1,-1,-1,-1,-1,-1,-1,-1,-1,-0.755,0.998,0.755,-0.998,-1,-1,-1,-1,-1,-1,-1,-1,-1,-1,-1,-1,-0.699,0.998,0.699,-0.998,-1,-1,-1,-1,-1,-1,-1,-1,-1,-1,-1,-1,-0.546,1,0.645,-1,-1,-1,-1,-1,-1,-1,-1,-1,-1,-1,-1,-1,-0.997,-0.077,0.902,-0.52,-1,-1,-1,-1,-1,-1
"514",-1,-1,-1,-1,-1,-1,-0.071,0.303,-1,-1,-1,-1,-1,-1,-1,-1,-1,-1,-1,-1,-1,-0.854,0.884,0.168,-1,-1,-1,-1,-1,-1,-1,-1,-1,-1,-1,-1,-1,-0.157,1,0.033,-1,-1,-0.797,0.647,-0.76,-1,-1,-1,-1,-1,-1,-1,-1,0.545,0.328,-0.99,-1,-1,-0.231,0.979,-0.736,-1,-1,-1,-1,-1,-1,-1,-0.76,0.98,-0.35,-1,-1,-1,0.09,0.877,-0.987,-1,-1,-1,-1,-1,-1,-1,-0.104,0.94,-0.824,-1,-1,-0.966,0.811,0.401,-1,-1,-1,-1,-1,-1,-1,-0.986,0.642,0.215,-1,-1,-1,-0.566,0.998,-0.27,-1,-1,-1,-1,-1,-1,-1,-0.271,1,-0.541,-1,-1,-1,0.01,0.965,-0.893,-1,-1,-1,-1,-1,-1,-0.907,0.71,0.502,-0.988,-1,-1,-0.999,0.627,0.583,-1,-1,-1,-1,-1,-1,-1,0.028,1,0.011,-0.225,0.035,-0.201,-0.188,0.996,-0.137,-1,-1,-0.346,-0.183,-1,-1,-0.742,0.929,1,-0.088,0.447,0.603,0.899,1,1,0.503,0.294,0.294,0.518,0.793,-0.995,-0.995,0.468,0.984,0.048,-0.983,-1,-1,-0.513,1,0.613,0.495,0.718,0.718,0.709,0.072,-0.999,-1,0.11,-0.091,-1,-1,-1,-1,0.229,0.993,-0.622,-1,-1,-1,-1,-1,-1,-1,-1,-1,-1,-1,-1,-1,0.754,0.66,-1,-1,-1,-1,-1,-1,-1,-1,-1,-1,-1,-1,-1,-0.959,0.941,0.592,-1,-1,-1,-1,-1,-1,-1,-1,-1,-1,-1,-1,-1,-1,0.223,0.386,-1,-1,-1,-1,-1,-1,-1
"515",-1,-1,-1,-1,-1,-1,-1,0.058,-0.235,-1,-1,-1,-1,-1,-1,-1,-1,-1,-1,-1,-1,-1,-1,0.705,-0.206,-1,-1,-1,-1,-1,-1,-1,-1,-1,-1,-1,-1,-1,-1,0.69,0.147,-1,-1,-1,-1,-1,-1,-1,-1,-1,-1,-1,-1,-1,-1,0.468,0.294,-1,-1,-1,-1,-1,-1,-1,-1,-1,-1,-1,-1,-1,-1,0.265,0.758,-0.998,-1,-1,-1,-1,-1,-1,-1,-1,-1,-1,-1,-1,-1,0.269,0.985,-0.965,-1,-1,-1,-1,-1,-1,-1,-1,-1,-1,-1,-1,-1,0.122,1,-0.965,-1,-1,-1,-1,-1,-1,-1,-1,-1,-1,-1,-1,-1,0.201,0.876,-0.995,-1,-1,-1,-1,-1,-1,-1,-1,-1,-1,-1,-1,-1,0.468,0.765,-1,-1,-1,-1,-1,-1,-1,-1,-1,-1,-1,-1,-1,-1,0.434,0.648,-1,-1,-1,-1,-1,-1,-1,-1,-1,-1,-1,-1,-1,-0.997,0.848,0.382,-1,-1,-1,-1,-1,-1,-1,-1,-1,-1,-1,-1,-1,-0.997,0.814,0.34,-1,-1,-1,-1,-1,-1,-1,-1,-1,-1,-1,-1,-1,-0.979,0.968,0.468,-1,-1,-1,-1,-1,-1,-1,-1,-1,-1,-1,-1,-1,-0.998,0.84,0.39,-1,-1,-1,-1,-1,-1,-1,-1,-1,-1,-1,-1,-1,-1,0.696,0.461,-1,-1,-1,-1,-1,-1,-1,-1,-1,-1,-1,-1,-1,-1,-0.158,0.782,-0.994,-1,-1,-1,-1,-1,-1
"516",-1,-1,-1,-1,-1,-1,-1,-1,-1,-1,-1,-1,-1,-0.581,-0.901,-1,-1,-1,-1,-1,-1,-1,-1,-1,-1,-1,-1,-1,-0.941,0.876,-0.165,-1,-1,-1,-1,-0.568,-1,-1,-1,-1,-1,-1,-1,-1,-0.047,1,-0.545,-1,-1,-1,-0.667,0.98,-0.339,-1,-1,-1,-1,-1,-1,-1,0.472,0.796,-0.961,-1,-1,-1,-0.877,0.994,0.21,-1,-1,-1,-1,-1,-1,-0.969,0.892,0.575,-1,-1,-1,-1,-0.766,0.97,0.144,-1,-1,-1,-1,-1,-1,-0.533,1,-0.003,-1,-1,-1,-1,-0.087,1,-0.388,-1,-1,-1,-1,-1,-1,-0.103,1,-0.46,-1,-1,-1,-0.663,0.879,0.725,-0.959,-1,-1,-1,-1,-1,-1,0.565,0.875,-0.941,-1,-1,0.082,0.819,1,-0.018,-0.53,-0.755,-0.981,-1,-1,-1,-0.678,0.973,0.306,-1,-1,-1,0.513,1,1,1,1,1,0.846,0.595,0.336,0.158,0.515,1,-0.099,-0.969,-1,-1,-0.949,-0.846,-0.846,-0.846,-0.494,-0.409,-0.346,0.028,0.374,0.773,1,1,1,0.866,0.423,-0.355,-1,-1,-1,-1,-1,-1,-1,-1,-1,-0.454,1,0.365,-0.109,0.215,0.215,0.1,-1,-1,-1,-1,-1,-1,-1,-1,-1,0.167,0.958,-0.758,-1,-1,-1,-1,-1,-1,-1,-1,-1,-1,-1,-1,-0.792,0.861,0.65,-1,-1,-1,-1,-1,-1,-1,-1,-1,-1,-1,-1,-1,-0.829,0.952,0.041,-1,-1,-1,-1,-1,-1,-1,-1,-1,-1,-1,-1,-1,-1,-0.611,-0.871,-1,-1,-1,-1,-1
"517",-1,-1,-1,-0.997,-0.417,-0.306,0.501,0.592,-0.709,-1,-1,-1,-1,-1,-1,-1,-1,-1,-1,-0.641,0.987,1,1,1,-0.203,-1,-1,-1,-1,-1,-1,-1,-1,-1,-1,-0.883,0.835,0.92,1,1,0.361,-0.917,-1,-1,-1,-1,-1,-1,-1,-1,-1,-1,-0.807,-0.234,1,1,1,0.741,-0.838,-1,-1,-1,-1,-1,-1,-1,-1,-1,-0.419,0.944,1,0.953,-0.262,0.697,0.52,-0.917,-1,-1,-1,-1,-1,-1,-1,-0.951,0.801,1,0.913,-0.246,-1,-0.399,1,0.317,-1,-1,-1,-1,-1,-1,-1,-0.645,0.954,1,-0.084,-1,-1,-0.993,0.627,0.979,-0.695,-1,-1,-1,-1,-1,-1,-0.299,1,0.983,-0.78,-1,-1,-1,0.094,1,-0.282,-1,-1,-1,-1,-1,-1,-0.053,1,0.912,-0.861,-1,-1,-1,0.339,1,0.112,-1,-1,-1,-1,-1,-1,0.099,1,0.809,-0.991,-1,-1,-0.945,0.677,1,-0.12,-1,-1,-1,-1,-1,-1,0.105,1,0.539,-0.993,-1,-1,-0.236,1,0.988,-0.527,-1,-1,-1,-1,-1,-1,0.018,1,0.554,-1,-1,-0.527,0.909,1,0.417,-0.988,-1,-1,-1,-1,-1,-1,0.104,1,0.679,-0.856,0.026,0.645,1,0.984,-0.588,-1,-1,-1,-1,-1,-1,-1,0.043,1,0.93,0.524,1,1,0.898,-0.341,-0.993,-1,-1,-1,-1,-1,-1,-1,-0.205,1,1,1,1,0.797,-0.597,-1,-1,-1,-1,-1,-1,-1,-1,-1,-0.994,-0.031,1,0.909,-0.074,-0.854,-1,-1,-1,-1,-1,-1,-1
"518",-1,-1,-1,-1,-0.503,0.686,1,0.979,-0.054,-0.96,-1,-1,-1,-1,-1,-1,-1,-1,-1,-1,-0.202,1,1,0.858,0.953,0.539,-0.782,-1,-1,-1,-1,-1,-1,-1,-1,-1,-0.107,1,1,0.45,-0.393,0.908,0.63,-0.979,-1,-1,-1,-1,-1,-1,-1,-1,-0.787,0.685,1,0.498,-1,-0.142,1,0.345,-0.942,-1,-1,-1,-1,-1,-1,-1,-0.857,0.897,1,0.261,-1,-1,0.532,1,-0.224,-1,-1,-1,-1,-1,-1,-1,-0.343,0.999,1,-0.164,-1,-1,-0.737,0.896,0.667,-0.991,-1,-1,-1,-1,-1,-0.678,0.943,1,0.781,-0.892,-1,-1,-1,0.117,1,-0.425,-1,-1,-1,-1,-0.887,0.43,1,0.934,-0.323,-1,-1,-1,-1,-0.752,0.97,0.475,-1,-1,-1,-1,0.105,1,1,0.049,-1,-1,-1,-1,-1,-0.918,0.852,0.997,-0.623,-1,-1,-0.731,0.924,1,0.823,-0.862,-1,-1,-1,-1,-1,-1,0.034,1,-0.01,-1,-1,-0.05,1,0.942,-0.213,-1,-1,-1,-1,-1,-1,-1,-0.345,1,0.227,-1,-1,0.187,1,0.714,-0.978,-1,-1,-1,-1,-1,-1,-1,-0.393,1,0.274,-1,-1,0.376,1,0.5,-1,-1,-1,-1,-1,-1,-0.994,-0.7,0.722,1,-0.578,-1,-1,-0.334,1,0.638,-0.807,-0.956,-0.76,-0.999,-0.697,-0.351,0.208,0.984,1,0.662,-0.95,-1,-1,-0.974,0.267,1,0.906,0.715,0.954,0.693,0.975,1,1,1,0.563,-0.744,-1,-1,-1,-1,-0.996,-0.344,0.65,1,1,1,1,0.687,0.318,-0.43,-0.969,-1,-1,-1
"519",-1,-1,-1,-1,-1,-1,-1,-1,-1,-0.966,0.507,-0.79,-1,-1,-1,-1,-1,-1,-1,-1,-1,-1,-1,-1,-1,-0.45,1,0.095,-1,-1,-1,-1,-1,-1,-1,-1,-1,-1,-1,-1,-1,-0.439,1,0.368,-1,-1,-1,-1,-1,-1,-1,-1,-1,-1,-1,-1,-1,-0.57,1,0.499,-1,-1,-1,-1,-1,-1,-1,-1,-0.988,-0.325,-0.883,-1,-1,-0.464,1,0.767,-0.995,-1,-1,-1,-1,-1,-1,-1,-0.987,0.811,0.739,-0.919,-1,-0.406,1,0.524,-1,-1,-1,-1,-1,-1,-1,-1,-0.106,0.983,0.949,-0.856,-1,-0.158,1,0.655,-1,-1,-1,-1,-1,-1,-1,-0.044,0.968,1,0.183,-1,-1,0.09,1,0.407,-1,-1,-1,-1,-1,-1,-1,0.503,1,0.879,-0.796,-1,-1,0.053,1,0.254,-1,-1,-1,-1,-1,-1,-1,-0.706,0.847,1,0.801,0.103,-0.077,0.569,1,0.519,-0.377,-1,-1,-1,-1,-1,-1,-1,-0.843,-0.157,0.697,1,1,1,1,1,0.125,-1,-1,-1,-1,-1,-1,-1,-1,-1,-0.957,-0.843,-0.249,0.839,0.999,-0.243,-0.961,-1,-1,-1,-1,-1,-1,-1,-1,-1,-1,-1,-0.992,0.705,0.96,-0.839,-1,-1,-1,-1,-1,-1,-1,-1,-1,-1,-1,-1,-1,0.488,0.945,-0.882,-1,-1,-1,-1,-1,-1,-1,-1,-1,-1,-1,-1,-1,0.214,0.998,-0.52,-1,-1,-1,-1,-1,-1,-1,-1,-1,-1,-1,-1,-1,-0.925,0.683,0.555,-1,-1,-1,-1
"520",-1,-1,-1,-1,-1,-1,-1,-1,-1,-1,0.044,-0.723,-1,-1,-1,-1,-1,-1,-1,-1,-1,-1,-1,-1,-1,-0.944,0.897,-0.06,-1,-1,-1,-1,-1,-1,-1,-1,-1,-1,-1,-1,-1,-0.666,0.967,0.436,-1,-1,-1,-1,-1,-1,-1,-1,-1,-1,-1,-1,-1,-0.226,1,0.213,-1,-1,-1,-1,-1,-1,-1,-1,-0.623,-0.057,-0.692,-1,-1,0.247,1,-0.157,-1,-1,-1,-1,-1,-1,-1,-1,0.562,1,0.211,-1,-1,0.196,1,-0.493,-1,-1,-1,-1,-1,-1,-1,-0.993,0.663,0.92,-0.911,-1,-1,0.589,1,-0.568,-1,-1,-1,-1,-1,-1,-1,-0.991,0.77,0.92,-0.929,-1,-1,0.606,1,-0.562,-1,-1,-1,-1,-1,-1,-1,-1,0.113,1,-0.342,-1,-1,0.601,0.997,-0.736,-1,-1,-1,-1,-1,-1,-1,-1,-0.943,0.797,0.97,0.036,-0.621,0.608,1,-0.323,-1,-1,-1,-1,-1,-1,-1,-1,-1,-0.772,0.314,0.983,1,1,1,0.668,-0.983,-1,-1,-1,-1,-1,-1,-1,-1,-1,-1,-0.578,0.11,1,0.947,-0.806,-1,-1,-1,-1,-1,-1,-1,-1,-1,-1,-1,-1,-0.808,0.991,0.659,-0.992,-1,-1,-1,-1,-1,-1,-1,-1,-1,-1,-1,-1,-0.813,0.991,0.377,-1,-1,-1,-1,-1,-1,-1,-1,-1,-1,-1,-1,-1,-0.817,0.989,0.337,-1,-1,-1,-1,-1,-1,-1,-1,-1,-1,-1,-1,-1,-1,-0.11,0.456,-1,-1,-1,-1,-1
"521",-1,-1,-1,-1,-1,-1,-1,-1,-1,-0.096,-0.096,-1,-1,-1,-1,-1,-1,-1,-1,-1,-1,-0.977,-0.719,-1,-0.791,0.91,-0.454,-1,-1,-1,-1,-1,-1,-1,-1,-1,-1,-0.503,0.825,-0.991,-0.118,0.874,-0.948,-1,-1,-1,-1,-1,-1,-1,-1,-1,-1,0.117,0.948,-0.914,0.425,0.497,-1,-1,-1,-1,-1,-1,-1,-1,-1,-1,-1,0.585,0.614,-0.984,0.829,0.201,-1,-1,-1,-1,-1,-1,-1,-1,-1,-1,-0.889,0.96,0.203,-0.724,0.998,-0.019,-1,-1,-1,-1,-1,-1,-1,-1,-1,-1,-0.195,1,-0.464,-0.467,1,-0.316,-1,-1,-1,-1,-1,-1,-1,-1,-1,-1,0.52,0.951,-0.228,-0.007,1,-0.612,-1,-1,-1,-1,-1,-1,-1,-1,-1,-0.761,0.996,1,1,1,1,0.439,-0.58,-0.675,-0.331,-1,-1,-1,-1,-1,-1,0.121,0.94,-0.344,-0.659,0.294,0.983,0.75,1,0.976,-0.156,-1,-1,-1,-1,-1,-1,-0.786,-0.566,-1,-1,0.241,0.719,-1,-0.709,-0.777,-1,-1,-1,-1,-1,-1,-1,-1,-1,-1,-1,0.385,0.537,-1,-1,-1,-1,-1,-1,-1,-1,-1,-1,-1,-1,-1,-1,0.405,0.669,-1,-1,-1,-1,-1,-1,-1,-1,-1,-1,-1,-1,-1,-1,0.226,0.506,-1,-1,-1,-1,-1,-1,-1,-1,-1,-1,-1,-1,-1,-1,0.265,0.543,-1,-1,-1,-1,-1,-1,-1,-1,-1,-1,-1,-1,-1,-1,0.18,-0.058,-1,-1,-1,-1,-1,-1,-1
"522",-1,-1,-1,-1,-1,-1,-1,-1,-1,-1,-1,-0.934,0.534,-0.282,-1,-1,-1,-1,-1,-1,-0.385,-0.239,-1,-1,-1,-1,-1,0.101,0.605,-0.982,-1,-1,-1,-1,-1,-0.896,0.919,0.562,-1,-1,-1,-1,-0.817,0.897,-0.263,-1,-1,-1,-1,-1,-1,-0.714,0.965,-0.302,-1,-1,-1,-1,-0.084,0.883,-0.909,-1,-1,-1,-1,-1,-1,0.208,0.858,-0.923,-1,-1,-1,-1,0.599,0.211,-1,-1,-1,-1,-1,-1,-0.802,0.976,-0.016,-1,-1,-1,-1,-0.843,0.943,-0.305,-1,-1,-1,-1,-1,-1,-0.426,1,-0.576,-1,-1,-1,-1,-0.325,0.997,-0.731,-1,-1,-1,-1,-1,-1,-0.272,1,-0.657,-1,-1,-1,-1,0.003,0.717,-0.996,-1,-1,-1,-1,-1,-1,-0.923,0.632,0.944,0.501,0.319,0.319,0.319,0.816,0.929,0.66,0.215,-1,-1,-1,-1,-1,-1,-0.982,-0.411,0.063,0.334,0.404,0.299,1,0.121,-0.546,-0.982,-1,-1,-1,-1,-1,-1,-1,-1,-1,-1,-1,-0.542,0.987,-0.779,-1,-1,-1,-1,-1,-1,-1,-1,-1,-1,-1,-1,-1,-0.142,0.778,-1,-1,-1,-1,-1,-1,-1,-1,-1,-1,-1,-1,-1,-1,0.208,0.371,-1,-1,-1,-1,-1,-1,-1,-1,-1,-1,-1,-1,-1,-1,0.261,0.086,-1,-1,-1,-1,-1,-1,-1,-1,-1,-1,-1,-1,-1,-1,0.14,0.019,-1,-1,-1,-1,-1,-1,-1,-1,-1,-1,-1,-1,-1,-1,-0.686,0.265,-1,-1,-1,-1,-1,-1
"523",-1,-1,-1,-1,-1,-1,-0.608,0.882,0.9,0.29,-0.634,-1,-1,-1,-1,-1,-1,-1,-1,-1,-1,-0.627,0.901,1,0.908,0.449,-0.24,-1,-1,-1,-1,-1,-1,-1,-1,-1,-0.896,0.707,1,0.487,-0.398,-0.669,-0.973,-1,-1,-1,-1,-1,-1,-1,-1,-1,-0.115,1,0.893,-0.797,0.772,1,0.384,-0.897,-1,-1,-1,-1,-1,-1,-1,-0.729,0.973,1,-0.16,-1,0.005,0.6,0.969,0.435,-1,-1,-1,-1,-1,-1,-1,-0.036,1,0.889,-0.911,-1,-1,-1,0.24,0.996,-0.36,-1,-1,-1,-1,-1,-0.998,0.681,1,0.117,-1,-1,-1,-1,-0.386,0.994,0.41,-1,-1,-1,-1,-1,-0.712,0.972,1,-0.46,-1,-1,-1,-1,-1,0.691,0.966,-0.925,-1,-1,-1,-1,-0.27,1,0.996,-0.784,-1,-1,-1,-1,-1,0.273,1,-0.54,-1,-1,-1,-1,-0.19,1,0.482,-0.99,-1,-1,-1,-1,-1,0.068,1,-0.121,-1,-1,-1,-1,-0.111,1,0.236,-1,-1,-1,-1,-1,-1,0.609,1,-0.343,-1,-1,-1,-1,-0.316,1,0.583,-1,-1,-1,-1,-1,-0.629,0.957,0.829,-0.891,-1,-1,-1,-1,-0.735,1,0.948,-0.947,-1,-1,-1,-1,0.439,1,-0.172,-1,-1,-1,-1,-1,-0.997,0.132,1,0.429,-0.702,-0.733,-0.411,0.504,0.976,0.88,-0.843,-1,-1,-1,-1,-1,-1,-0.928,0.578,1,1,1,1,1,0.846,-0.381,-1,-1,-1,-1,-1,-1,-1,-1,-1,-0.202,0.466,0.979,0.949,-0.005,-0.688,-1,-1,-1,-1,-1
"524",-1,-1,-1,-1,-1,-1,-1,-0.93,0.547,0.203,-1,-1,-1,-1,-1,-1,-1,-1,-1,-1,-1,-1,-1,0.023,1,0.572,-0.985,-1,-1,-1,-1,-1,-1,-1,-1,-1,-1,-1,-0.847,0.785,0.921,-0.663,-1,-1,-1,-1,-1,-1,-1,-1,-0.904,-0.993,-1,-1,-0.189,1,0.111,-1,-1,-1,-1,-1,-1,-1,-1,-0.96,0.805,0.148,-1,-1,0.305,1,-0.392,-1,-1,-1,-1,-1,-1,-1,-1,-0.885,0.949,0.973,-0.84,-1,0.541,0.916,-0.906,-1,-1,-1,-1,-1,-1,-1,-1,-0.823,0.985,0.998,-0.732,-0.937,0.801,0.748,-1,-1,-1,-1,-1,-1,-1,-1,-1,-0.821,0.996,0.994,-0.791,-0.625,1,0.752,-0.999,-1,-1,-1,-1,-1,-1,-1,-1,-0.647,0.998,1,0.764,0.823,1,1,0.747,0.429,0.213,0.213,0.213,0.189,-0.784,-1,-1,-0.572,0.952,1,1,1,1,1,1,1,1,1,1,0.976,-0.538,-1,-1,-1,-0.719,-0.409,-0.541,0.446,0.998,-0.238,-0.541,-0.172,-0.016,-0.016,-0.016,-0.569,-1,-1,-1,-1,-1,-1,-1,0.311,0.997,-0.773,-1,-1,-1,-1,-1,-1,-1,-1,-1,-1,-1,-1,-1,0.307,0.936,-0.923,-1,-1,-1,-1,-1,-1,-1,-1,-1,-1,-1,-1,-1,0.164,0.834,-0.988,-1,-1,-1,-1,-1,-1,-1,-1,-1,-1,-1,-1,-1,0.16,0.798,-0.974,-1,-1,-1,-1,-1,-1,-1,-1,-1,-1,-1,-1,-1,-0.492,0.564,-1,-1,-1,-1,-1,-1,-1,-1,-1
"525",-1,-1,-1,-1,-1,-0.895,0.717,0.999,0.465,-0.738,-1,-1,-1,-1,-1,-1,-1,-1,-1,-1,-0.733,0.687,0.999,1,1,0.834,-0.341,-1,-1,-1,-1,-1,-1,-1,-1,-0.967,-0.417,1,1,1,1,1,0.991,0.107,-1,-1,-1,-1,-1,-1,-1,-0.561,0.981,1,1,1,1,1,1,0.982,-0.097,-1,-1,-1,-1,-1,-0.933,0.667,1,1,1,1,1,1,1,1,0.97,-0.787,-1,-1,-1,-1,-0.104,0.989,1,1,1,1,0.593,0.101,1,1,1,-0.009,-1,-1,-1,-0.771,0.808,1,1,1,1,0.939,-0.405,-0.773,0.975,1,1,0.773,-0.975,-1,-1,-0.464,1,1,1,1,0.941,-0.212,-1,-1,0.393,1,1,1,-0.394,-1,-1,0.36,1,1,1,1,-0.075,-1,-1,-1,0.075,1,1,1,0.414,-1,-0.981,0.513,1,1,1,0.923,-0.823,-1,-1,-1,0.247,1,1,1,0.98,-0.758,-0.594,0.951,1,1,1,0.798,-0.87,-1,-0.952,-0.519,0.87,1,1,1,0.949,-0.736,-0.952,0.827,1,1,1,0.68,-0.923,-0.353,0.192,0.997,1,1,1,1,0.843,-0.801,-1,0.068,1,1,1,1,1,1,1,1,1,1,1,1,-0.273,-1,-1,-0.732,0.665,1,1,1,1,1,1,1,1,1,1,0.499,-0.924,-1,-1,-1,-0.685,0.831,1,1,1,1,1,1,1,0.883,0.243,-0.682,-1,-1,-1,-1,-1,-0.747,-0.133,0.932,0.999,0.999,0.999,0.999,0.73,-0.396,-1,-1,-1,-1
"526",-1,-1,-1,-1,-1,-1,-1,-1,-0.829,0.774,0.845,-0.491,-1,-1,-1,-1,-1,-1,-1,-1,-1,-0.881,0.528,0.793,0.814,1,1,0.66,-0.691,-1,-1,-1,-1,-1,-1,-1,-0.681,0.621,1,1,1,1,1,1,0.051,-1,-1,-1,-1,-1,-1,-0.925,0.446,1,1,1,1,1,1,1,-0.161,-1,-1,-1,-1,-1,-0.997,-0.129,1,1,1,1,1,1,1,1,0.465,-1,-1,-1,-1,-1,-0.65,0.954,1,1,1,1,0.722,0.745,1,1,0.96,-0.87,-1,-1,-1,-1,0.276,1,1,1,1,0.724,-0.89,0.008,1,1,1,-0.284,-1,-1,-1,-0.804,0.748,1,1,1,1,0.081,-0.992,-0.617,1,1,1,0.341,-1,-1,-1,-0.692,1,1,1,1,0.599,-0.862,-1,-0.996,0.753,1,1,0.904,-0.938,-1,-1,-0.586,0.953,1,1,1,0.068,-1,-1,-0.851,0.743,1,1,0.985,-0.469,-1,-1,-0.821,0.982,1,1,1,-0.333,-1,-1,-0.287,1,1,1,0.969,-0.854,-1,-1,-1,0.535,1,1,1,0.292,-1,-0.497,-0.045,1,1,1,0.925,-0.642,-1,-1,-1,-0.306,0.873,1,1,0.951,0.724,0.868,1,1,1,1,0.309,-0.999,-1,-1,-1,-1,-0.012,0.965,1,1,1,1,1,1,1,1,0.555,-1,-1,-1,-1,-1,-1,-0.278,0.893,1,1,1,1,1,1,0.366,-0.621,-1,-1,-1,-1,-1,-1,-1,-0.645,0.047,0.999,0.999,0.999,0.999,0.202,-0.799,-1,-1,-1
"527",-1,-1,-1,-1,-1,-1,-1,-1,-1,-1,-1,-1,-1,-1,-1,-1,-1,-0.561,0.706,0.107,-0.944,-1,-1,-1,-1,-1,-1,-1,-1,-0.998,-0.668,-0.672,-1,0.013,1,1,-0.499,-1,-1,-1,-1,-1,-1,-1,-0.989,-0.175,0.998,0.311,-1,-0.022,1,1,-0.075,-1,-1,-1,-1,-1,-1,-1,-0.28,1,1,0.734,-0.901,0.66,1,0.967,-0.516,-1,-1,-1,-1,-1,-1,-0.677,0.894,1,1,0.06,0.256,1,1,0.631,-0.661,-1,-1,-1,-0.955,-0.565,-0.175,0.837,1,1,0.964,-0.534,0.642,1,1,1,0.964,0.802,0.802,0.802,0.814,1,1,1,1,0.943,-0.486,-1,-0.724,0.462,1,1,1,1,1,1,1,1,1,1,0.716,-0.622,-1,-1,-1,-1,-0.679,-0.064,0.267,0.783,0.901,0.901,0.992,1,1,0.855,-0.752,-1,-1,-1,-1,-1,-1,-1,-1,-1,-1,-0.634,0.935,1,0.972,-0.366,-1,-1,-1,-1,-1,-1,-1,-1,-1,-1,-0.996,0.222,1,1,0.605,-1,-1,-1,-1,-1,-1,-1,-1,-1,-1,-1,0.132,0.992,1,0.903,-0.656,-1,-1,-1,-1,-1,-1,-1,-1,-1,-1,-0.671,0.89,1,1,0.309,-1,-1,-1,-1,-1,-1,-1,-1,-1,-1,-1,0.138,1,1,0.741,-0.853,-1,-1,-1,-1,-1,-1,-1,-1,-1,-1,-1,-0.698,0.704,0.63,-0.901,-1,-1,-1,-1,-1,-1,-1,-1,-1,-1,-1,-1,-1,-1,-1,-1,-1,-1,-1,-1,-1,-1,-1
"528",-0.541,0.791,-0.332,-0.994,-1,-1,-1,-1,-1,-1,-1,-1,-0.904,-0.831,-1,-1,-0.623,0.978,1,-0.302,-1,-1,-1,-1,-1,-1,-1,-0.508,0.569,0.821,-0.185,-1,-1,0.588,1,0.931,-0.314,-1,-1,-1,-1,-1,-0.798,0.84,1,1,1,-0.444,-1,0.042,1,1,0.676,-0.981,-1,-1,-1,-0.915,-0.118,0.948,1,1,0.935,-0.72,-1,-0.149,1,1,0.936,-0.74,-1,-1,-0.998,0.337,1,1,1,1,0.429,-0.998,-1,-0.34,1,1,1,-0.524,-1,-1,-0.589,0.978,1,1,1,0.234,-0.917,-1,-1,-0.531,1,1,1,-0.156,-1,-1,0.217,1,1,1,1,-0.157,-1,-1,-1,-0.99,0.559,1,1,0.859,-0.153,-0.144,0.868,1,1,1,1,0.3,-1,-1,-1,-1,-0.583,0.986,1,1,1,1,1,1,1,1,1,-0.129,-1,-1,-1,-1,-1,-0.368,0.985,1,1,1,1,1,1,0.986,0.071,-0.857,-1,-1,-1,-1,-1,-1,-0.563,0.639,1,1,1,1,0.998,-0.203,-0.974,-1,-1,-1,-1,-1,-1,-1,-1,0.088,1,1,1,1,0.431,-0.926,-1,-1,-1,-1,-1,-1,-1,-1,-0.919,0.791,1,1,1,1,0.385,-1,-1,-1,-1,-1,-1,-1,-1,-1,-0.74,0.953,1,1,1,1,0.703,-0.949,-1,-1,-1,-1,-1,-1,-1,-1,-1,0.091,1,1,1,0.446,-0.806,-1,-1,-1,-1,-1,-1,-1,-1,-1,-1,-0.934,-0.154,0.949,0.774,-0.54,-1,-1,-1,-1,-1,-1
"529",-1,-1,-1,-1,-1,-0.832,0.733,0.999,0.999,-0.011,-1,-1,-1,-1,-1,-1,-1,-1,-1,-1,-0.517,0.67,1,1,1,0.867,-0.794,-1,-1,-1,-1,-1,-1,-1,-1,-0.951,0.611,1,1,1,-0.032,-0.41,-0.93,-0.939,-1,-1,-1,-1,-1,-1,-1,0.123,1,1,1,1,-0.115,-0.749,0.835,0.917,-0.395,-1,-1,-1,-1,-1,-0.459,0.913,1,1,1,0.844,-0.631,0.11,1,1,0.933,-0.099,-1,-1,-1,-0.981,0.634,1,1,1,1,0.014,-1,-0.359,1,1,1,0.813,-0.368,-1,-1,-0.797,0.771,1,1,1,1,-0.307,-1,-0.921,0.347,1,1,1,0.485,-1,-0.974,0.322,1,1,1,1,0.27,-0.952,-1,-1,-0.482,1,1,1,0.971,-0.842,-0.937,0.738,1,1,1,1,-0.135,-1,-1,-1,-0.293,1,1,1,0.778,-0.838,-0.78,0.99,1,1,1,0.703,-0.861,-1,-1,-0.856,0.148,1,1,1,0.581,-0.962,-0.821,0.782,1,1,1,0.872,-0.956,-1,-0.624,0.299,1,1,1,1,-0.404,-1,-0.858,0.788,1,1,1,1,0.565,0.482,0.725,1,1,1,1,0.833,-0.734,-1,-1,-0.722,0.998,1,1,1,1,1,1,1,1,1,1,-0.232,-1,-1,-1,-1,0.192,1,1,1,1,1,1,1,1,1,0.284,-0.979,-1,-1,-1,-1,-0.988,-0.198,0.846,1,1,1,1,1,0.975,0.597,-0.773,-1,-1,-1,-1,-1,-1,-1,-0.602,-0.017,0.999,0.999,0.999,0.999,0.519,-0.972,-1,-1,-1,-1
"530",-1,-1,-1,-1,-1,-1,-1,-1,-1,-1,-1,-1,-1,-1,-1,-1,-1,-1,-1,-0.887,-0.125,-0.056,-0.796,-1,-1,-1,-1,-1,-1,-1,-1,-1,-1,-1,-0.782,0.54,1,1,0.963,-0.118,-1,-1,-1,-1,-1,-1,-1,-1,-1,-1,-0.367,0.997,1,1,1,0.948,-0.768,-1,-1,-1,-1,-0.968,-0.583,-1,-1,-0.964,0.744,1,1,1,1,0.898,-0.713,-1,-1,-1,-0.991,0.251,0.968,0.104,-1,-0.015,0.897,1,1,1,0.312,-0.67,-1,-1,-1,-1,-0.18,0.956,1,0.544,-1,0.201,1,1,1,0.97,-0.642,-1,-1,-1,-1,-0.582,0.953,1,1,0.165,-0.991,0.626,1,1,1,0.329,-0.989,-1,-1,-1,-1,0.357,1,1,0.941,-0.763,-0.763,0.941,1,1,0.993,-0.639,-1,-1,-1,-0.989,-0.107,0.992,1,1,0.191,-1,0.165,1,1,1,0.933,-0.679,-1,-1,-0.995,-0.095,0.97,1,1,1,0.201,-1,0.544,1,1,1,0.516,-0.651,-0.651,-0.548,0.291,0.932,1,1,1,0.897,-0.015,-1,0.315,1,1,1,1,1,1,1,1,1,1,1,0.898,0.001,-1,-1,-0.835,0.426,1,1,1,1,1,1,1,1,1,0.642,-0.001,-1,-1,-1,-1,-0.861,0.12,1,1,1,1,1,1,1,0.624,-0.634,-1,-1,-1,-1,-1,-1,-1,-0.45,0.186,0.186,0.186,0.186,0.186,-0.015,-0.859,-1,-1,-1,-1,-1,-1,-1,-1,-1,-1,-1,-1,-1,-1,-1,-1,-1,-1,-1,-1,-1
"531",-1,-1,-1,-1,-1,-0.553,0.318,-1,-1,-1,-1,-1,-1,-1,-1,-1,-1,-1,-1,-1,-1,0.205,0.383,-1,-1,-1,-1,-1,-1,-1,-1,-1,-1,-1,-1,-1,-1,0.37,0.269,-1,-1,-1,-1,-1,-1,-1,-1,-1,-1,-1,-1,-1,-1,0.338,0.356,-1,-1,-1,-1,-1,-1,-1,-1,-1,-1,-1,-0.949,-1,-1,0.282,0.466,-1,-1,-1,-1,-1,-1,-1,-1,-1,-1,-0.378,0.885,-0.742,-1,0.256,0.675,-1,-1,-1,-1,-1,-1,-1,-1,-1,-0.998,0.561,0.717,-0.981,-1,0.248,0.721,-1,-1,-1,-1,-1,-1,-1,-1,-1,-0.721,0.993,-0.055,-1,-1,0.12,0.794,-1,-1,-0.999,-0.836,-0.641,-0.505,-0.505,-0.505,-0.886,-0.355,1,-0.706,-1,-1,0.136,0.912,0.006,0.369,0.79,0.991,0.925,0.81,0.398,0.155,-0.718,-0.428,0.991,-0.792,-0.345,0.233,0.907,1,0.879,0.476,0,-0.612,-0.907,-1,-1,-1,-1,-0.96,0.482,0.939,1,0.973,0.953,0.598,-0.822,-1,-1,-1,-1,-1,-1,-1,-1,-1,-0.979,-0.63,-0.674,-0.904,0.358,0.393,-1,-1,-1,-1,-1,-1,-1,-1,-1,-1,-1,-1,-1,-1,0.312,0.296,-1,-1,-1,-1,-1,-1,-1,-1,-1,-1,-1,-1,-1,-1,0.26,0.369,-1,-1,-1,-1,-1,-1,-1,-1,-1,-1,-1,-1,-1,-1,0.006,0.473,-1,-1,-1,-1,-1,-1,-1,-1,-1,-1,-1,-1,-1,-1,-0.505,0.27,-1,-1,-1,-1,-1,-1,-1,-1,-1
"532",-1,-1,-1,-1,-0.942,0.111,0.872,0.999,0.309,-0.722,-0.808,0.316,-0.663,-1,-1,-1,-1,-1,-1,-0.907,0.275,1,1,1,1,0.889,0.685,1,0.901,-0.85,-1,-1,-1,-1,-1,0.033,1,1,1,0.297,-0.077,0.65,1,1,1,0.038,-1,-1,-1,-1,-0.469,0.882,1,0.923,-0.333,-0.95,-1,0.159,1,1,1,0.889,-0.864,-1,-1,-0.965,0.664,1,1,0.07,-1,-1,-1,0.687,0.736,-0.69,0.871,1,-0.415,-1,-1,-0.755,0.982,1,0.47,-0.875,-1,-1,-1,-0.022,0.058,-0.999,0.635,1,0.098,-1,-1,-0.245,1,1,-0.406,-1,-1,-1,-1,-1,-1,-0.991,0.634,1,0.232,-1,-1,0.094,1,0.896,-0.831,-1,-1,-1,-1,-1,-1,-0.99,0.783,1,0.367,-1,-1,0.244,1,0.667,-0.988,-1,-1,-1,-1,-1,-1,-1,0.517,1,0.217,-1,-1,0.299,1,0.624,-1,-1,-1,-1,-1,-1,-1,-0.984,0.651,1,-0.122,-1,-1,-0.025,1,0.879,-0.931,-1,-1,-1,-1,-1,-1,-0.79,0.985,1,-0.082,-1,-1,-0.831,0.915,1,-0.539,-1,-1,-1,-1,-1,-1,-0.466,1,1,-0.421,-1,-1,-1,-0.329,1,0.774,-0.948,-1,-1,-1,-1,-0.998,0.344,1,0.525,-0.995,-1,-1,-1,-1,0.211,1,0.12,-0.834,-1,-1,-0.976,-0.079,0.971,0.832,-0.872,-1,-1,-1,-1,-1,-0.952,-0.072,0.923,0.881,0.693,0.693,0.696,0.997,0.97,-0.154,-1,-1,-1,-1,-1,-1,-1,-1,-0.665,0.32,0.7,1,1,1,0.15,-0.998,-1,-1,-1
"533",-1,-1,-1,-1,-1,-1,-0.269,-0.352,-1,-1,-1,-1,-1,-1,-1,-1,-1,-1,-1,-1,-1,-0.985,0.494,0.791,-0.42,-1,-1,-1,-1,-1,-1,-1,-1,-1,-1,-1,-1,-1,-1,-0.711,0.894,-0.484,-1,-1,-1,-1,-1,-1,-1,-1,-1,-1,-1,-1,-1,-0.999,0.784,0.902,-0.819,-1,-1,-1,-1,-1,-1,-1,-1,-1,-1,-1,-1,-1,0.459,1,-0.182,-1,-1,-1,-1,-1,-1,-1,-1,-1,-1,-1,-1,-1,0.134,1,0.261,-1,-1,-1,-1,-1,-1,-1,-1,-1,-1,-1,-1,-1,0.124,1,0.54,-1,-1,-1,-1,-1,-1,-1,-1,-1,-1,-1,-1,-1,0.289,1,0.468,-1,-1,-1,-1,-1,-1,-1,-1,-1,-1,-1,-1,-1,0.396,1,0.209,-1,-1,-1,-1,-1,-1,-1,-1,-1,-1,-1,-1,-0.983,0.754,1,-0.143,-1,-1,-1,-1,-1,-1,-1,-1,-1,-1,-0.057,-0.505,-0.716,0.968,1,-0.402,-1,-1,-1,-1,-1,-1,-1,-1,-1,-1,-0.898,0.319,0.392,1,0.881,-0.868,-1,-1,-1,-1,-1,-1,-1,-1,-1,-1,-1,-0.916,0.725,1,0.742,-1,-1,-1,-1,-1,-1,-1,-1,-1,-1,-1,-1,-1,0.11,1,0.483,-1,-1,-1,-1,-1,-1,-1,-1,-1,-1,-1,-1,-1,-0.158,1,0.131,-1,-1,-1,-1,-1,-1,-1,-1,-1,-1,-1,-1,-1,-0.953,0.325,0.433,-1,-1,-1,-1,-1,-1
"534",-1,-1,-1,-1,-1,-1,-1,-1,-1,-0.309,0.054,-1,-1,-1,-1,-1,-1,-1,-1,-1,-1,-1,-1,-1,-1,-0.467,0.405,-1,-1,-1,-1,-1,-1,-1,-1,-1,-1,-1,-1,-1,-1,-0.531,0.583,-1,-1,-1,-1,-1,-1,-1,-1,-1,-1,-0.966,-0.719,-1,-1,-0.444,0.555,-1,-1,-1,-1,-1,-1,-1,-1,-1,-1,-0.878,0.897,-0.488,-1,-0.401,0.619,-1,-1,-1,-1,-1,-1,-1,-1,-1,-1,-0.521,1,-0.411,-1,-0.325,0.479,-1,-1,-1,-1,-1,-1,-1,-1,-1,-1,-0.449,0.825,-1,-1,-0.159,0.395,-1,-1,-1,-1,-1,-1,-1,-1,-1,-1,-0.157,0.773,0.319,0.247,0.416,0.25,-1,-1,-1,-1,-1,-1,-1,-1,-1,-0.999,0.493,0.738,-0.228,-0.54,0.467,0.589,-0.94,-1,-1,-1,-1,-1,-1,-1,-1,-0.726,0.879,-0.762,-1,-1,0.123,0.362,-0.793,-1,-1,-1,-1,-1,-1,-1,-1,-0.98,-0.634,-1,-1,-1,0.245,-0.146,-1,-1,-1,-1,-1,-1,-1,-1,-1,-1,-1,-1,-1,-1,0.274,-0.257,-1,-1,-1,-1,-1,-1,-1,-1,-1,-1,-1,-1,-1,-1,0.411,-0.432,-1,-1,-1,-1,-1,-1,-1,-1,-1,-1,-1,-1,-1,-1,0.498,-0.519,-1,-1,-1,-1,-1,-1,-1,-1,-1,-1,-1,-1,-1,-1,0.366,-0.735,-1,-1,-1,-1,-1,-1,-1,-1,-1,-1,-1,-1,-1,-1,-0.078,-0.67,-1,-1,-1,-1,-1
"535",-1,-1,-1,-1,-1,-1,-1,0.467,-0.405,-1,-1,-1,-1,-1,-1,-1,-1,-1,-1,-1,-1,-1,-0.988,0.679,0.577,-0.996,-1,-1,-1,-1,-1,-1,-1,-1,-1,-1,-1,-1,-0.89,0.98,0.896,-0.953,-1,-1,-1,-1,-1,-1,-1,-1,-1,-1,-1,-1,-0.973,0.478,0.963,-0.883,-1,-1,-1,-1,-1,-1,-1,-1,-1,-1,-1,-1,-1,-0.16,1,-0.679,-1,-1,-1,-1,-1,-1,-1,-1,-1,-1,-1,-1,-1,-0.2,1,-0.64,-1,-1,-1,-1,-1,-1,-1,-1,-1,-1,-1,-1,-1,-0.147,1,-0.658,-1,-1,-1,-1,-1,-1,-1,-1,-1,-1,-1,-1,-1,-0.002,0.999,-0.715,-1,-1,-1,-1,-1,-1,-1,-1,-1,-1,-1,-1,-1,0.217,0.991,-0.848,-1,-1,-1,-1,-1,-1,-1,-1,-1,-1,-1,-1,-1,0.509,0.875,-0.985,-1,-1,-1,-1,-1,-1,-1,-1,-1,-1,-1,-1,-1,0.605,0.732,-0.992,-1,-1,-1,-1,-1,-1,-1,-1,-1,-1,-1,-1,-1,0.331,0.827,-0.998,-1,-1,-1,-1,-1,-1,-1,-1,-1,-1,-1,-1,-0.888,0.794,0.942,-0.951,-1,-1,-1,-1,-1,-1,-1,-1,-1,-1,-1,-1,-0.767,0.994,0.931,-0.959,-1,-1,-1,-1,-1,-1,-1,-1,-1,-1,-1,-1,-0.954,0.878,0.959,-0.928,-1,-1,-1,-1,-1,-1,-1,-1,-1,-1,-1,-1,-1,-0.381,0.734,-0.89,-1,-1,-1,-1,-1,-1
"536",-1,-1,-1,-1,-1,-1,-1,-1,-1,-1,-1,0.191,-0.209,-1,-1,-1,-1,-1,-1,-1,-0.999,-0.694,-1,-1,-1,-1,-1,0.24,0.144,-1,-1,-1,-1,-1,-1,-1,-0.837,0.927,-0.716,-1,-1,-1,-1,0.339,0.095,-1,-1,-1,-1,-1,-1,-1,-0.249,0.94,-0.312,-1,-1,-1,-1,0.488,-0.003,-1,-1,-1,-1,-1,-1,-1,-0.993,0.652,-0.72,-1,-1,-1,-1,0.737,-0.28,-1,-1,-1,-1,-1,-1,-1,-0.663,0.931,-0.978,-1,-1,-1,-0.909,0.938,-0.668,-1,-1,-1,-1,-1,-1,-1,0.037,0.657,-0.999,-1,-1,-1,-0.69,0.994,-0.81,-1,-1,-1,-1,-1,-1,-0.802,0.834,0.12,-0.208,-0.007,-0.347,-0.804,-0.259,0.876,-0.916,-1,-1,-1,-1,-1,-1,0.188,1,0.516,-0.151,-0.465,-0.208,0.14,0.773,0.585,-0.997,-1,-1,-1,-1,-1,-1,-0.153,-0.341,-0.988,-1,-1,-1,-0.985,0.846,-0.169,-1,-1,-1,-1,-1,-1,-1,-1,-1,-1,-1,-1,-1,-0.498,0.98,-0.702,-1,-1,-1,-1,-1,-1,-1,-1,-1,-1,-1,-1,-1,-0.067,0.589,-1,-1,-1,-1,-1,-1,-1,-1,-1,-1,-1,-1,-1,-1,0.417,0.334,-1,-1,-1,-1,-1,-1,-1,-1,-1,-1,-1,-1,-1,-0.925,0.887,-0.041,-1,-1,-1,-1,-1,-1,-1,-1,-1,-1,-1,-1,-1,-0.592,1,-0.525,-1,-1,-1,-1,-1,-1,-1,-1,-1,-1,-1,-1,-1,-0.561,0.762,-0.951,-1,-1,-1,-1,-1
"537",-1,-1,-1,-1,-1,-1,-1,-1,-1,-1,-1,-1,-1,-1,-1,-1,-1,-1,-1,-1,-1,-1,-1,-1,-1,-1,-1,-1,-1,-1,-0.893,-0.888,-1,-1,-1,-0.259,-0.162,-0.876,-1,-1,-1,-1,-1,-1,-1,-0.853,0.44,0.597,-1,-1,-0.174,0.968,1,0.186,-1,-1,-1,-1,-1,-1,-0.981,0.385,1,0.117,-1,-0.307,0.942,1,0.849,-0.776,-1,-1,-1,-1,-1,-1,-0.241,1,0.973,-0.482,-0.649,0.931,1,0.881,-0.357,-1,-1,-1,-1,-1,-1,-0.73,0.869,0.985,-0.384,-1,0.564,1,1,-0.05,-1,-1,-1,-1,-1,-1,-0.779,0.857,1,0.61,-1,-1,0.388,1,1,0.917,0.512,-0.435,-1,-1,-1,-0.827,0.746,1,0.977,-0.552,-1,-1,-0.885,0.136,0.871,1,1,1,0.788,0.186,-0.167,0.81,1,0.962,-0.354,-1,-1,-1,-1,-1,-0.854,-0.55,0.222,0.927,1,1,1,1,1,0.965,0.667,-0.316,-1,-1,-1,-1,-1,-1,-1,-0.933,-0.278,0.894,1,1,0.957,0.834,0.287,-0.704,-1,-1,-1,-1,-1,-1,-1,-1,-0.369,0.997,1,0.698,-0.666,-1,-1,-1,-1,-1,-1,-1,-1,-1,-1,-1,0.206,1,1,-0.202,-1,-1,-1,-1,-1,-1,-1,-1,-1,-1,-1,-1,-0.797,0.661,0.587,-0.95,-1,-1,-1,-1,-1,-1,-1,-1,-1,-1,-1,-1,-1,-0.912,-0.869,-1,-1,-1,-1,-1,-1,-1,-1,-1,-1,-1,-1,-1,-1,-1,-1,-1,-1,-1,-1,-1,-1,-1
"538",-1,-1,-1,-1,-1,-1,-1,-1,-1,-1,-1,-1,-1,-1,-1,-0.976,-1,-1,-1,-1,-1,-1,-1,-1,-1,-1,-1,-1,-1,-1,-0.819,0.15,-1,-1,-1,-1,-0.988,-0.97,-0.991,-1,-1,-1,-1,-1,-1,-0.228,0.874,0.323,-1,-1,-0.904,-0.378,0.539,1,0.37,-1,-1,-1,-1,-1,-0.488,0.869,1,-0.289,-1,-0.684,0.484,1,1,0.968,-0.242,-1,-1,-1,-1,-0.972,0.619,1,0.891,-0.802,-0.586,0.86,1,1,0.597,-0.365,-1,-1,-1,-1,-1,0.142,1,0.96,-0.462,-1,0.37,1,0.999,0.198,-0.864,-1,-1,-1,-1,-1,-0.488,0.904,1,0.565,-1,-1,0.321,1,0.959,0.217,-0.535,-0.999,-1,-1,-1,-0.959,0.633,1,0.873,-0.816,-1,-1,-0.928,0.082,1,1,1,0.718,-0.026,-0.778,-1,0.266,1,1,0.118,-1,-1,-1,-1,-1,-0.789,0.265,0.886,1,1,0.997,0.502,0.999,1,1,0.163,-1,-1,-1,-1,-1,-1,-1,-0.843,-0.374,0.373,0.941,1,1,1,0.828,-0.595,-1,-1,-1,-1,-1,-1,-1,-1,-1,-1,0.315,1,1,0.519,-0.848,-1,-1,-1,-1,-1,-1,-1,-1,-1,-1,-1,0.274,1,0.91,-0.053,0.289,-1,-1,-1,-1,-1,-1,-1,-1,-1,-1,-1,0.232,1,1,1,-0.272,-1,-1,-1,-1,-1,-1,-1,-1,-1,-1,-1,-0.875,0.622,1,0.903,-0.783,-1,-1,-1,-1,-1,-1,-1,-1,-1,-1,-1,-1,-0.984,-0.959,-0.963,-1,-1,-1,-1,-1
"539",-1,-1,-1,-1,-1,-1,-1,-1,-1,-1,-1,-1,-0.105,-0.609,-1,-1,-1,-1,-1,-1,-1,-1,-1,-1,-1,-1,-1,-0.951,0.738,0.484,-0.999,-1,-1,-1,-1,-1,-1,-1,-1,-1,-1,-1,-1,-0.343,1,1,-0.574,-1,-1,-1,-1,-0.258,-0.492,-1,-1,-1,-1,-1,-1,0.039,1,0.973,-0.873,-1,-1,-1,-0.752,0.949,0.942,-0.81,-1,-1,-1,-1,-0.906,0.685,1,0.489,-0.992,-1,-1,-0.988,0.375,1,0.753,-0.947,-1,-1,-1,-1,-0.214,1,1,-0.362,-1,-1,-1,-0.476,1,1,0.02,-1,-1,-1,-1,-1,0.168,1,0.969,-0.713,-1,-1,-1,-0.242,1,1,0.107,-0.752,-1,-1,-1,-0.994,0.691,1,0.818,-0.944,-1,-1,-1,-0.976,0.154,0.976,1,0.996,0.73,0.729,0.628,0.389,0.985,1,0.722,-0.335,-0.819,-1,-1,-1,-1,-0.545,0.661,1,1,1,1,1,1,1,1,1,-0.112,-1,-1,-1,-1,-1,-0.975,-0.528,0.034,0.152,0.403,0.94,1,1,0.093,-0.574,-0.974,-1,-1,-1,-1,-1,-1,-1,-1,-1,-0.995,0.513,1,0.973,-0.82,-1,-1,-1,-1,-1,-1,-1,-1,-1,-1,-1,-0.958,0.867,1,0.752,-0.99,-1,-1,-1,-1,-1,-1,-1,-1,-1,-1,-1,-0.378,1,1,0.491,-1,-1,-1,-1,-1,-1,-1,-1,-1,-1,-1,-1,-0.678,0.956,1,0.403,-1,-1,-1,-1,-1,-1,-1,-1,-1,-1,-1,-1,-1,-0.249,0.978,0.021,-1,-1,-1,-1
"540",-1,-1,0.055,0.583,-0.865,-1,-1,-1,-1,-1,-1,-1,-1,-1,-1,-1,-1,-1,0.368,0.925,-0.95,-1,-1,-1,-1,-1,-1,-1,-1,-1,-1,-1,-1,-1,0.63,0.7,-0.987,-1,-1,-1,-1,-1,-1,-1,-0.372,-0.802,-1,-1,-1,-1,0.701,0.756,-0.999,-1,-1,-1,-1,-1,-1,-0.218,0.921,0.06,-1,-1,-1,-1,0.393,0.996,-0.825,-1,-1,-1,-1,-0.94,0.126,0.983,1,0.646,-1,-1,-1,-1,0.007,0.995,-0.652,-1,-1,-1,-0.665,0.442,1,1,1,-0.28,-1,-1,-1,-1,-0.443,1,-0.214,-1,-0.963,-0.224,0.822,1,1,1,0.347,-0.98,-1,-1,-1,-1,-0.994,0.638,0.655,0.22,0.735,1,0.584,0.283,0.992,0.828,-0.814,-1,-1,-1,-1,-1,-1,-0.568,0.571,0.672,0.594,-0.071,-0.532,0.952,0.869,-0.552,-1,-1,-1,-1,-1,-1,-1,-1,-1,-1,-1,-0.721,0.761,0.996,-0.488,-1,-1,-1,-1,-1,-1,-1,-1,-1,-1,-1,-0.926,0.441,0.991,-0.197,-0.997,-1,-1,-1,-1,-1,-1,-1,-1,-1,-1,-1,-0.032,1,0.302,-1,-1,-1,-1,-1,-1,-1,-1,-1,-1,-1,-1,-0.475,0.918,0.714,-0.944,-1,-1,-1,-1,-1,-1,-1,-1,-1,-1,-1,-0.976,0.587,0.936,-0.434,-1,-1,-1,-1,-1,-1,-1,-1,-1,-1,-1,-1,-0.399,1,0.448,-1,-1,-1,-1,-1,-1,-1,-1,-1,-1,-1,-1,-1,-0.455,0.836,-0.702,-1,-1,-1,-1,-1,-1,-1,-1,-1
"541",-1,-1,-1,-0.048,0.262,-0.965,-1,-1,-1,-1,-1,-1,-1,-1,-1,-1,-1,-1,-1,0.333,1,-0.583,-1,-1,-1,-1,-0.846,-0.146,-0.758,-1,-1,-1,-1,-1,-1,0.588,1,-0.713,-1,-1,-1,-0.352,0.816,1,0.536,-1,-1,-1,-1,-1,-0.996,0.716,0.945,-0.915,-1,-0.608,0.453,1,1,1,0.652,-0.996,-1,-1,-1,-1,-1,0.35,0.99,-0.32,0.251,0.954,1,0.78,0.97,1,-0.1,-1,-1,-1,-1,-1,-1,-0.787,0.893,1,1,1,0.162,-0.16,0.997,0.603,-0.833,-1,-1,-1,-1,-1,-1,-1,-0.793,-0.121,0,-0.586,-0.999,0.61,0.999,-0.61,-1,-1,-1,-1,-1,-1,-1,-1,-1,-1,-1,-1,-0.631,0.998,0.631,-0.998,-1,-1,-1,-1,-1,-1,-1,-1,-1,-1,-1,-1,0.122,1,-0.123,-1,-1,-1,-1,-1,-1,-1,-1,-1,-1,-1,-1,-0.953,0.831,0.953,-0.831,-1,-1,-1,-1,-1,-1,-1,-1,-1,-1,-1,-1,-0.366,1,0.241,-1,-1,-1,-1,-1,-1,-1,-1,-1,-1,-1,-1,-1,0.389,0.992,-0.756,-1,-1,-1,-1,-1,-1,-1,-1,-1,-1,-1,-1,-0.816,0.961,0.695,-0.965,-1,-1,-1,-1,-1,-1,-1,-1,-1,-1,-1,-1,0.025,1,0.1,-1,-1,-1,-1,-1,-1,-1,-1,-1,-1,-1,-1,-0.683,0.964,0.827,-0.734,-1,-1,-1,-1,-1,-1,-1,-1,-1,-1,-1,-1,-0.089,0.816,-0.477,-1,-1,-1,-1,-1,-1,-1,-1
"542",-1,-1,-1,-1,-1,-1,-1,-0.958,-0.924,-0.924,-0.924,-0.946,-1,-1,-1,-1,-1,-1,-1,-1,-1,-1,-0.69,0.543,1,1,1,0.874,-0.2,-0.959,-1,-1,-1,-1,-1,-1,-1,-0.214,0.8,1,1,1,1,1,1,-0.078,-1,-1,-1,-1,-1,-0.965,0.014,0.952,1,1,0.978,0.826,-0.669,0.78,1,-0.123,-1,-1,-1,-1,-0.974,0.256,1,1,1,0.851,-0.067,-0.999,-1,-0.353,0.227,-0.866,0.012,-0.778,-1,-1,-0.594,0.973,1,1,0.629,-0.578,-1,-1,-1,-1,-1,-0.73,0.929,0.315,-1,-1,-0.208,1,1,0.925,-0.516,-1,-1,-1,-1,-1,-1,-0.388,1,0.29,-1,-1,0.023,1,1,0.313,-1,-1,-1,-1,-1,-1,-1,0.025,1,0.24,-1,-1,-0.179,1,1,0.514,-1,-1,-1,-1,-1,-1,-0.944,0.745,1,-0.229,-1,-1,-0.311,1,1,0.904,-0.825,-1,-1,-1,-1,-0.982,0.069,0.993,1,0.267,0.021,0.308,0.562,0.806,1,0.994,-0.519,-1,-1,-1,-1,-0.642,0.976,1,0.991,-0.501,0.141,0.92,0.191,-0.574,0.968,1,0.646,-0.251,-0.462,-0.679,-0.239,0.67,1,1,0.665,-0.951,-0.973,-0.896,-0.998,-1,-0.632,0.96,1,1,0.984,0.927,1,1,1,0.788,-0.458,-1,-1,-1,-1,-1,-1,-0.418,0.745,1,1,1,1,1,0.756,-0.635,-1,-1,-1,-1,-1,-1,-1,-1,-0.871,0.003,0.727,1,0.929,0.171,-0.761,-1,-1,-1,-1,-1,-1,-1,-1,-1,-1,-1,-0.96,-0.924,-0.924,-0.997,-1,-1,-1,-1
"543",-1,-1,-1,-1,0.21,0.597,-0.444,-1,-1,-1,-1,-1,-1,-1,-1,-1,-1,-1,-1,-0.251,0.945,1,1,-0.175,-1,-1,-1,-1,-1,-1,-1,-1,-1,-1,-1,0.416,1,1,0.983,-0.189,-1,-1,-1,-0.593,-0.176,-1,-1,-1,-1,-1,-0.904,0.755,1,1,0.346,-1,-1,-1,-0.775,0.724,0.987,-0.284,-1,-1,-1,-1,-0.142,0.999,1,1,-0.237,-1,-1,-0.828,0.711,1,1,0.962,-0.415,-1,-1,-0.922,0.748,1,1,0.967,-0.659,-1,-0.971,0.32,1,1,1,0.837,-0.506,-1,-1,-0.504,0.997,1,1,0.62,-0.977,-1,-0.593,0.984,1,1,0.957,-0.542,-1,-1,-1,0.223,1,1,1,0.207,-1,-0.775,0.705,1,1,1,0.107,-0.992,-1,-1,-1,-0.132,1,1,1,0.507,0.186,0.542,1,1,1,0.933,-0.806,-1,-1,-1,-1,-0.984,0.033,0.994,1,1,1,1,1,1,1,-0.173,-1,-1,-1,-1,-1,-1,-1,-0.655,0.382,0.993,1,1,1,1,0.681,-0.933,-1,-1,-1,-1,-1,-1,-1,-1,-1,-0.117,1,1,1,0.968,-0.227,-1,-1,-1,-1,-1,-1,-1,-1,-1,-0.883,0.873,1,1,1,0.23,-1,-1,-1,-1,-1,-1,-1,-1,-1,-1,-0.187,0.999,1,1,0.775,-0.845,-1,-1,-1,-1,-1,-1,-1,-1,-1,-1,-0.553,0.891,1,0.974,-0.482,-1,-1,-1,-1,-1,-1,-1,-1,-1,-1,-1,-1,-0.747,0.359,0.905,-0.96,-1,-1,-1,-1,-1,-1,-1
"544",-1,-1,-1,-0.392,0.084,-0.757,-1,-1,-1,-1,-1,-1,-0.631,-0.58,-1,-1,-1,-0.884,-0.051,0.943,1,0.802,-0.413,-1,-1,-1,-1,-0.143,0.94,0.998,0.346,-0.824,-0.971,0.581,1,1,1,1,0.916,-0.816,-1,-1,-0.397,0.916,1,1,1,0.488,0.302,0.998,1,1,1,1,0.3,-0.95,-0.969,-0.133,0.981,1,1,1,1,0.377,0.376,1,1,1,0.963,0.062,-0.844,-0.753,0.611,1,1,1,1,1,0.784,-0.834,-0.406,0.999,1,1,0.331,-0.814,-0.568,0.586,1,1,1,1,1,0.903,-0.081,-1,-1,-0.35,0.96,1,1,1,1,1,1,1,1,1,1,-0.146,-1,-1,-1,-1,-0.579,0.866,1,1,1,1,1,1,1,-0.011,-0.61,-0.917,-1,-1,-1,-1,-1,-0.753,0.278,0.856,1,1,1,1,1,0.895,-0.782,-1,-1,-1,-1,-1,-1,-1,-1,-0.873,0.525,1,1,1,1,0.557,-0.933,-1,-1,-1,-1,-1,-1,-1,-1,-0.71,0.835,1,1,1,0.927,-0.272,-1,-1,-1,-1,-1,-1,-1,-1,-1,0.148,1,1,1,1,0.571,-1,-1,-1,-1,-1,-1,-1,-1,-1,-0.994,0.703,1,1,1,0.934,-0.344,-1,-1,-1,-1,-1,-1,-1,-1,-1,-0.987,0.364,1,1,1,0.371,-1,-1,-1,-1,-1,-1,-1,-1,-1,-1,-1,-0.909,0.349,0.975,1,0.69,-0.99,-1,-1,-1,-1,-1,-1,-1,-1,-1,-1,-1,-1,-0.656,0.02,-0.478,-1,-1,-1,-1,-1,-1
"545",-1,-1,-1,-1,-1,0.139,0.559,-0.401,-0.997,-1,-1,-1,-1,-1,-1,-1,-1,-1,-1,-1,-1,-0.477,0.994,1,0.591,-0.398,-1,-1,-1,-1,-1,-1,-1,-1,-1,-1,-1,-1,0.569,1,1,0.955,-0.652,-1,-1,-1,-1,-1,-1,-1,-1,-1,-1,-0.938,0.537,0.999,1,1,0.645,-0.994,-1,-1,-1,-1,-1,-1,-1,-1,-1,-0.887,0.917,1,1,1,0.831,-0.956,-1,-1,-1,-1,-1,-1,-1,-1,-1,-0.759,0.892,1,1,1,0.903,-0.915,-1,-1,-1,-1,-1,-1,-1,-1,-1,-0.473,1,1,1,1,0.979,-0.442,-1,-1,-1,-1,-1,-1,-1,-1,-1,-0.079,1,1,1,1,0.998,-0.201,-1,-1,-1,-1,-1,-1,-1,-1,-0.842,0.809,1,1,1,1,0.999,-0.596,-1,-1,-1,-1,-1,-1,-1,-1,-0.565,0.998,1,1,1,1,0.962,-0.444,-1,-1,-1,-1,-1,-1,-1,-1,-0.027,1,1,1,1,1,0.898,-0.919,-1,-1,-1,-1,-1,-1,-1,-1,-0.403,0.971,1,1,1,1,0.585,-0.927,-1,-1,-1,-1,-1,-1,-1,-1,-0.364,0.999,1,1,1,0.949,-0.085,-1,-1,-1,-1,-1,-1,-1,-1,-1,-0.995,0.065,1,1,1,0.955,-0.847,-1,-1,-1,-1,-1,-1,-1,-1,-1,-1,-1,-0.572,0.697,1,0.989,-0.622,-1,-1,-1,-1,-1,-1,-1,-1,-1,-1,-1,-1,-0.975,-0.286,0.643,-0.082,-1,-1,-1,-1,-1
"546",-1,-1,-1,-1,-1,-1,-0.655,0.956,-0.043,-1,-1,-1,-1,-1,-1,-1,-1,-1,-1,-1,-1,-0.997,0.146,1,0.99,-0.904,-1,-1,-1,-1,-1,-1,-1,-1,-1,-1,-1,-0.496,0.984,1,1,-0.575,-1,-1,-1,-1,-1,-1,-1,-1,-1,-1,-1,0.138,1,1,0.902,-0.929,-1,-1,-1,-1,-1,-1,-1,-1,-1,-1,-1,0.392,1,1,0.666,-0.947,-1,-1,-1,-1,-1,-1,-1,-1,-1,-1,-0.813,0.854,1,1,0.465,-1,-1,-1,-1,-1,-1,-1,-1,-1,-1,-1,-0.31,1,1,1,-0.184,-1,-1,-1,-1,-1,-1,-1,-1,-1,-1,-1,0.339,1,1,0.897,-0.73,-1,-1,-1,-1,-1,-1,-1,-1,-1,-1,-1,0.593,1,1,0.883,-0.97,-1,-0.678,0.111,-0.952,-1,-1,-1,-1,-1,-1,-1,0.649,1,1,0.462,-1,-0.777,0.476,0.481,-0.921,-1,-1,-1,-1,-1,-1,-0.874,0.876,1,1,0.8,-0.897,0.529,1,-0.385,-1,-1,-1,-1,-1,-1,-1,-0.999,0.86,1,1,0.999,0.804,1,0.152,-0.977,-1,-1,-1,-1,-1,-1,-1,-1,0.522,1,1,1,1,1,-0.078,-1,-1,-1,-1,-1,-1,-1,-1,-1,0.184,1,1,1,1,0.914,-0.444,-1,-1,-1,-1,-1,-1,-1,-1,-1,-0.399,0.948,1,1,0.996,-0.558,-1,-1,-1,-1,-1,-1,-1,-1,-1,-1,-1,-0.455,0.887,0.915,-0.14,-0.974,-1,-1,-1,-1,-1,-1
"547",-1,-1,-1,-1,-1,-0.74,0.517,0.243,-1,-1,-1,-1,-0.956,-0.799,-1,-1,-1,-1,-1,-1,-0.914,0.482,1,0.086,-1,-1,-1,-1,-0.045,0.412,-1,-1,-1,-1,-1,-0.915,0.517,1,0.792,-0.843,-1,-1,-1,-0.255,1,0.336,-1,-1,-1,-1,-1,-0.098,1,0.998,-0.676,-1,-1,-1,-0.425,0.96,1,-0.474,-1,-1,-1,-1,-0.96,0.591,1,-0.223,-1,-1,-1,-1,0.427,1,0.471,-1,-1,-1,-1,-1,-0.232,1,0.598,-0.958,-1,-1,-1,-0.839,0.914,1,-0.34,-1,-1,-1,-1,-1,0.415,1,-0.17,-1,-1,-1,-0.717,0.254,1,0.602,-0.997,-1,-1,-1,-1,-1,0.246,1,0.88,0.714,0.638,0.464,0.998,1,1,-0.369,-1,-1,-1,-1,-1,-1,-0.925,0.451,1,1,1,1,1,1,0.494,-1,-1,-1,-1,-1,-1,-1,-1,-0.922,-0.315,-0.143,-0.543,-0.714,0.973,1,-0.153,-1,-1,-1,-1,-1,-1,-1,-1,-1,-1,-1,-1,-0.465,1,1,-0.637,-1,-1,-1,-1,-1,-1,-1,-1,-1,-1,-1,-1,-0.145,1,0.698,-0.982,-1,-1,-1,-1,-1,-1,-1,-1,-1,-1,-1,-1,0.176,1,0.477,-1,-1,-1,-1,-1,-1,-1,-1,-1,-1,-1,-1,-1,0.333,1,-0.007,-1,-1,-1,-1,-1,-1,-1,-1,-1,-1,-1,-1,-1,0.654,1,-0.327,-1,-1,-1,-1,-1,-1,-1,-1,-1,-1,-1,-1,-1,0.484,0.712,-0.85,-1,-1,-1,-1,-1,-1
"548",-1,-1,-1,-1,-1,-1,-0.258,1,0.174,-0.999,-1,-1,-1,-1,-1,-1,-1,-1,-1,-1,-1,-1,0.433,1,1,-0.724,-1,-1,-1,-1,-1,-1,-1,-1,-1,-1,-1,-1,-0.643,1,1,-0.237,-1,-1,-1,-1,-1,-1,-1,-1,-1,-1,-1,-1,-0.618,1,1,0.147,-1,-1,-1,-1,-1,-1,-1,-1,-1,-1,-1,-1,-0.644,1,1,-0.032,-1,-1,-1,-1,-1,-1,-1,-1,-1,-1,-1,-1,-0.465,1,1,-0.057,-1,-1,-1,-1,-1,-1,-1,-1,-1,-1,-1,-1,-0.286,1,1,-0.338,-1,-1,-1,-1,-1,-1,-1,-1,-1,-1,-1,-1,0.098,1,0.794,-0.977,-1,-1,-1,-1,-1,-1,-1,-1,-1,-1,-1,-1,0.302,1,0.813,-0.995,-1,-1,-1,-1,-1,-1,-1,-1,-1,-1,-1,-1,0.43,1,0.69,-1,-1,-1,-1,-1,-1,-1,-1,-1,-1,-1,-1,-1,0.429,1,0.966,-0.866,-1,-1,-1,-1,-1,-1,-1,-1,-1,-1,-1,-1,0.404,1,0.884,-0.963,-1,-1,-1,-1,-1,-1,-1,-1,-1,-1,-1,-1,0.25,1,0.857,-0.987,-1,-1,-1,-1,-1,-1,-1,-1,-1,-1,-1,-1,0.326,1,1,-0.489,-1,-1,-1,-1,-1,-1,-1,-1,-1,-1,-1,-1,-0.468,1,1,0.484,-1,-1,-1,-1,-1,-1,-1,-1,-1,-1,-1,-1,-0.999,0.174,0.864,-0.328,-1,-1,-1,-1,-1,-1
"549",-1,-1,-1,-1,-1,-0.92,-0.09,0.982,0.345,-0.56,-1,-1,-1,-1,-1,-1,-1,-1,-1,-1,-1,-0.286,1,1,1,0.941,0.142,-0.937,-1,-1,-1,-1,-1,-1,-1,-1,-1,-0.087,1,1,1,1,1,0.579,-0.796,-1,-1,-1,-1,-1,-1,-1,-0.614,0.621,1,1,1,0.974,0.57,1,0.469,-1,-1,-1,-1,-1,-1,-0.762,0.7,1,1,1,1,0.288,-0.801,0.906,1,0.135,-1,-1,-1,-1,-0.933,0.117,1,1,1,0.496,-0.854,-0.956,-1,0.099,1,0.726,-0.971,-1,-1,-1,-0.017,1,1,0.98,0.245,-0.718,-1,-1,-1,-0.349,1,1,-0.188,-1,-1,-0.568,0.987,1,1,0.38,-0.995,-1,-1,-1,-1,-0.92,0.914,1,-0.292,-1,-1,-0.077,1,1,0.993,-0.436,-1,-1,-1,-1,-1,-0.752,0.926,1,-0.168,-1,-1,-0.087,1,1,0.606,-0.99,-1,-1,-1,-1,-1,0.116,1,0.974,-0.626,-1,-1,-0.598,0.987,1,0.779,-0.924,-1,-1,-1,-1,-0.876,0.839,1,0.956,-0.789,-1,-1,-1,0.048,0.998,1,-0.031,-1,-1,-1,-1,-0.134,1,1,0.378,-1,-1,-1,-1,-1,0.38,1,0.959,0.272,-0.206,-0.756,-0.049,0.908,1,0.885,-0.487,-1,-1,-1,-1,-1,-0.7,0.699,1,1,1,1,1,1,1,-0.153,-1,-1,-1,-1,-1,-1,-1,-0.952,0.083,0.926,1,1,1,1,0.821,-0.896,-1,-1,-1,-1,-1,-1,-1,-1,-1,-0.704,0.004,0.482,1,0.228,-0.654,-1,-1,-1,-1
"550",-1,-1,-1,-1,-1,-1,-1,-1,-1,-0.711,0.928,0.036,-1,-1,-1,-1,-1,-1,-1,-1,-1,-1,-1,-1,-1,-0.347,1,0.771,-1,-1,-1,-1,-1,-1,-1,-1,-1,-1,-1,-1,-1,-0.224,1,0.741,-1,-1,-1,-1,-1,-1,-1,-1,-1,-1,-1,-1,-1,-0.277,1,0.834,-0.992,-1,-1,-1,-1,-1,-1,-1,-1,-1,-1,-1,-1,-0.373,1,0.89,-0.991,-1,-1,-1,-1,-1,-1,-0.255,0.642,-0.539,-1,-1,-1,-0.328,1,0.892,-0.98,-1,-1,-1,-1,-1,-0.895,0.868,1,0.035,-1,-1,-1,-0.317,1,0.921,-0.975,-1,-1,-1,-1,-1,-0.377,1,0.977,-0.738,-1,-1,-1,-0.321,1,0.958,-0.941,-1,-1,-1,-1,-1,-0.453,1,0.9,-0.984,-1,-1,-1,-0.432,1,0.982,-0.888,-1,-1,-1,-1,-1,-0.968,0.711,1,-0.271,-1,-1,-1,-0.279,1,0.957,-0.937,-1,-1,-1,-1,-1,-1,-0.697,0.866,0.917,0.026,-0.659,-1,-0.346,1,0.955,-0.946,-1,-1,-1,-1,-1,-1,-1,-0.77,0.341,1,0.991,0.861,0.616,1,0.964,0.098,-0.752,-1,-1,-1,-1,-1,-1,-1,-0.99,-0.71,0.025,0.4,0.822,1,1,0.66,-0.591,-1,-1,-1,-1,-1,-1,-1,-1,-1,-1,-1,-0.279,1,0.968,-0.933,-1,-1,-1,-1,-1,-1,-1,-1,-1,-1,-1,-1,-0.478,1,0.948,-0.958,-1,-1,-1,-1,-1,-1,-1,-1,-1,-1,-1,-1,-0.958,0.267,0.852,-0.908,-1,-1,-1
"551",-1,-1,-1,-1,-1,-1,-1,-1,-0.408,0.766,-0.23,-1,-1,-1,-1,-1,-1,-1,-1,-1,-1,-1,-1,-1,0.026,1,0.383,-1,-1,-1,-1,-1,-1,-1,-1,-1,-1,-1,-1,-1,0.162,1,0.152,-1,-1,-1,-1,-1,-1,-1,-1,-1,-1,-1,-1,-1,0.124,1,0.143,-1,-1,-1,-1,-1,-1,-1,-1,-1,-1,-1,-1,-1,0.157,1,0.173,-1,-1,-1,-1,-1,-1,-1,-1,-1,-1,-1,-1,-1,0.151,1,0.116,-1,-1,-1,-1,-1,-1,-1,-1,-1,-0.988,-0.028,-0.697,-1,0.176,1,0.217,-1,-1,-1,-1,-1,-1,-1,-1,-1,-0.688,1,0.457,-1,0.201,1,0.255,-1,-1,-1,-1,-1,-1,-1,-1,-1,-0.847,0.995,0.921,-0.929,0.203,1,0.127,-1,-1,-1,-1,-1,-1,-1,-1,-1,-1,0.241,1,0.025,0.165,1,0.244,-1,-1,-1,-1,-1,-1,-1,-1,-1,-1,-0.873,0.29,1,1,1,0.808,-0.925,-1,-1,-1,-1,-1,-1,-1,-1,-1,-1,-0.997,-0.719,0.413,1,0.273,-1,-1,-1,-1,-1,-1,-1,-1,-1,-1,-1,-1,-1,0.09,1,0.303,-1,-1,-1,-1,-1,-1,-1,-1,-1,-1,-1,-1,-1,-0.122,1,0.452,-1,-1,-1,-1,-1,-1,-1,-1,-1,-1,-1,-1,-1,-0.492,1,0.554,-0.985,-1,-1,-1,-1,-1,-1,-1,-1,-1,-1,-1,-1,-0.993,0.068,0.897,-0.781,-1,-1,-1,-1
"552",-1,-1,-1,-1,-1,-1,-1,-1,-1,0.431,-0.117,-1,-1,-1,-1,-1,-1,-1,-1,-1,-1,-1,-1,-1,-0.136,0.985,-0.036,-1,-1,-1,-1,-1,-1,-1,-1,-1,-1,-1,-1,-1,0.484,0.998,-0.702,-1,-1,-1,-1,-1,-1,-1,-1,-0.117,0.655,-0.608,-1,-0.718,0.92,0.731,-0.988,-1,-1,-1,-1,-1,-1,-1,-0.963,0.475,1,0.573,-0.907,-0.245,1,0.241,-1,-1,-1,-1,-1,-1,-1,-1,-0.602,0.999,1,1,-0.221,0.206,1,0.056,-1,-1,-1,-1,-1,-1,-1,-1,0.215,1,1,0.999,-0.339,0.409,1,-0.28,-1,-1,-1,-1,-1,-1,-1,-0.975,0.742,1,1,0.428,-0.981,0.822,1,-0.698,-1,-1,-1,-1,-1,-1,-1,-0.282,1,1,-0.041,-1,-0.82,0.967,0.833,-0.984,-1,-1,-1,-1,-0.22,0.402,-0.04,0.975,1,1,0.579,-0.126,-0.284,1,0.764,-1,-1,-1,-0.834,0.061,0.704,-0.651,0.437,1,1,0.822,0.762,1,1,1,1,-0.012,-0.155,0.385,0.918,0.897,-0.597,-1,-0.37,0.927,0.312,-0.873,-0.96,-0.486,0.564,1,1,1,1,0.831,-0.035,-0.778,-1,-1,-1,-0.828,-0.972,-1,-1,-1,-0.161,1,0.537,-0.742,-0.742,-0.897,-1,-1,-1,-1,-1,-1,-1,-1,-1,-1,-0.342,1,0.171,-1,-1,-1,-1,-1,-1,-1,-1,-1,-1,-1,-1,-1,-0.523,1,0.119,-1,-1,-1,-1,-1,-1,-1,-1,-1,-1,-1,-1,-1,-0.982,0.346,-0.067,-1,-1,-1,-1,-1,-1,-1
"553",-1,-1,-1,-1,-1,-1,-1,0.239,0.02,-1,-1,-1,-1,-1,-1,-1,-1,-1,-1,-1,-1,-1,-0.999,0.615,0.974,-0.816,-1,-1,-1,-1,-1,-1,-1,-1,-1,-1,-1,-1,-0.996,0.767,1,-0.656,-1,-1,-1,-1,-1,-1,-1,-1,-1,-1,-1,-1,-0.959,0.922,0.566,-0.938,-1,-1,-1,-1,-1,-1,-1,-1,-1,-1,-1,-1,-0.826,0.97,0.553,-1,-1,-1,-1,-1,-1,-1,-1,-1,-1,-1,-1,-1,-0.611,1,0.49,-1,-1,-1,-1,-1,-1,-1,-1,-1,-1,-1,-1,-1,-0.731,1,0.453,-1,-1,-1,-1,-1,-1,-1,-1,-1,-1,-1,-1,-1,-0.642,1,0.548,-1,-1,-1,-1,-1,-1,-1,-1,-1,-1,-1,-1,-1,-0.658,1,0.563,-1,-1,-1,-1,-1,-1,-1,-1,-1,-1,-1,-1,-1,-0.769,0.991,0.579,-1,-1,-1,-1,-1,-1,-1,-1,-1,-1,-1,-1,-1,-0.793,0.999,0.49,-1,-1,-1,-1,-1,-1,-1,-1,-1,-1,-1,-1,-1,-0.757,1,0.506,-1,-1,-1,-1,-1,-1,-1,-1,-1,-1,-1,-1,-1,-0.936,0.875,0.731,-1,-1,-1,-1,-1,-1,-1,-1,-1,-1,-1,-1,-1,-1,0.767,0.745,-0.998,-1,-1,-1,-1,-1,-1,-1,-1,-1,-1,-1,-1,-1,0.647,0.901,-0.969,-1,-1,-1,-1,-1,-1,-1,-1,-1,-1,-1,-1,-1,-0.17,0.656,-0.979,-1,-1,-1,-1,-1,-1
"554",-1,-1,-1,-1,-1,-1,-1,-1,-1,-1,-1,-1,-0.503,0.303,-1,-1,-1,-1,-1,-1,-1,-0.94,-1,-1,-1,-1,-1,-1,0.151,0.011,-1,-1,-1,-1,-1,-0.988,-0.195,0.709,-1,-1,-1,-1,-1,-0.971,0.765,-0.163,-1,-1,-1,-1,-1,-0.321,1,0.328,-1,-1,-1,-1,-1,-0.502,0.885,-0.842,-1,-1,-1,-1,-1,-0.071,0.999,-0.617,-1,-1,-1,-1,-1,0.201,0.505,-1,-1,-1,-1,-1,-1,0.118,0.693,-0.984,-1,-1,-1,-1,-0.997,0.691,-0.107,-1,-1,-1,-1,-1,-0.822,0.81,-0.191,-1,-1,-1,-1,-1,-0.716,0.973,-0.686,-1,-1,-1,-1,-1,0.115,1,0.795,-0.027,-1,-1,-1,-1,-0.096,0.799,-0.981,-1,-1,-1,-1,-1,0.395,0.897,-0.155,0.383,0.218,-0.875,-0.921,-0.567,0.717,0.054,-1,-1,-1,-1,-1,-1,-0.681,-0.714,-1,-0.976,0,0.835,0.919,0.869,1,-0.619,-1,-1,-1,-1,-1,-1,-1,-1,-1,-1,-1,-0.917,-0.841,-0.409,0.888,-0.953,-1,-1,-1,-1,-1,-1,-1,-1,-1,-1,-1,-1,-1,-0.038,0.352,-1,-1,-1,-1,-1,-1,-1,-1,-1,-1,-1,-1,-1,-1,0.574,-0.246,-1,-1,-1,-1,-1,-1,-1,-1,-1,-1,-1,-1,-1,-0.969,0.884,-0.526,-1,-1,-1,-1,-1,-1,-1,-1,-1,-1,-1,-1,-1,-0.757,0.997,-0.261,-1,-1,-1,-1,-1,-1,-1,-1,-1,-1,-1,-1,-1,-0.745,0.892,-0.681,-1,-1,-1,-1,-1
"555",-1,-1,-1,-1,-1,-1,-1,-1,-1,-1,-1,-0.578,0.702,-0.904,-1,-1,-1,-1,-1,-1,-1,-1,-1,-1,-1,-1,-1,-0.514,0.979,-0.809,-1,-1,-1,-1,-1,-0.972,-0.925,-1,-1,-1,-1,-1,-1,-0.364,0.944,-0.968,-1,-1,-1,-1,-1,-0.601,0.052,-1,-1,-1,-1,-1,-1,-0.277,0.778,-1,-1,-1,-1,-1,-1,-0.082,0.224,-1,-1,-1,-1,-1,-1,0.027,0.5,-1,-1,-1,-1,-1,-1,0.367,-0.01,-1,-1,-1,-1,-1,-1,0.306,0.272,-1,-1,-1,-1,-1,-0.923,0.773,-0.097,-0.989,-1,-1,-1,-1,-1,0.644,-0.11,-1,-1,-1,-1,-1,-0.768,1,0.97,0.01,-1,-1,-1,-1,-0.876,0.977,-0.574,-1,-1,-1,-1,-1,-0.895,0.75,-0.208,0.766,-0.806,-1,-1,-0.99,-0.064,0.996,-0.79,-1,-1,-1,-1,-1,-1,-0.919,-1,-0.461,0.575,-0.231,-0.151,0.395,1,0.821,-0.96,-1,-1,-1,-1,-1,-1,-1,-1,-1,-0.783,0.241,0.659,0.107,0.567,0.301,-1,-1,-1,-1,-1,-1,-1,-1,-1,-1,-1,-1,-1,-1,0.454,-0.104,-1,-1,-1,-1,-1,-1,-1,-1,-1,-1,-1,-1,-1,-1,0.462,-0.265,-1,-1,-1,-1,-1,-1,-1,-1,-1,-1,-1,-1,-1,-1,0.608,-0.344,-1,-1,-1,-1,-1,-1,-1,-1,-1,-1,-1,-1,-1,-1,0.699,-0.079,-1,-1,-1,-1,-1,-1,-1,-1,-1,-1,-1,-1,-1,-1,-0.133,0.449,-1,-1,-1,-1
"556",-1,-1,-1,-1,-1,-1,-1,0.431,0.696,-0.6,-1,-1,-1,-1,-1,-1,-1,-1,-1,-1,-1,-1,-0.156,0.904,1,0.625,-0.922,-1,-1,-1,-1,-1,-1,-1,-1,-1,-1,-0.405,0.876,0.517,0.469,0.852,-0.224,-1,-1,-1,-1,-1,-1,-1,-1,-1,-0.891,0.811,0.932,-0.738,-1,-0.144,0.824,-0.937,-1,-1,-1,-1,-1,-1,-1,-1,0.003,1,0.111,-1,-1,-0.909,0.863,-0.21,-1,-1,-1,-1,-1,-1,-1,-0.895,0.902,0.856,-0.854,-1,-1,-1,0.495,0.352,-1,-1,-1,-1,-1,-1,-1,-0.067,1,-0.093,-1,-1,-1,-1,-0.395,0.945,-0.808,-1,-1,-1,-1,-1,-1,0.415,0.965,-0.827,-1,-1,-1,-1,-0.979,0.891,0.04,-1,-1,-1,-1,-1,-0.875,0.877,0.603,-0.987,-1,-1,-1,-1,-1,0.258,0.485,-1,-1,-1,-1,-1,-0.516,1,-0.101,-1,-1,-1,-1,-1,-1,-0.64,0.974,-0.878,-1,-1,-1,-1,-0.583,1,-0.413,-1,-1,-1,-1,-1,-1,-0.994,0.786,-0.507,-1,-1,-1,-1,-0.728,1,-0.268,-1,-1,-1,-1,-1,-1,-0.969,0.851,-0.492,-1,-1,-1,-1,-0.975,0.828,0.138,-1,-1,-1,-1,-1,-1,-0.216,0.945,-0.737,-1,-1,-1,-1,-1,0.186,0.821,-0.886,-1,-1,-1,-0.969,-0.764,0.823,-0.256,-1,-1,-1,-1,-1,-1,-0.943,0.286,0.885,0.401,0.2,0.535,0.734,1,0.089,-1,-1,-1,-1,-1,-1,-1,-1,-0.992,-0.296,0.508,1,0.786,0.452,-0.213,-0.978,-1,-1,-1,-1
"557",-1,-1,-1,-1,-1,-0.442,-0.869,-1,-1,-1,-1,-0.121,0.134,-1,-1,-1,-1,-1,-1,-1,-0.74,0.951,-0.49,-1,-1,-1,-0.919,0.758,-0.136,-1,-1,-1,-1,-1,-1,-1,0.08,0.722,-0.972,-1,-1,-1,-0.673,1,-0.479,-1,-1,-1,-1,-1,-1,-1,0.677,0.153,-1,-1,-1,-1,-0.438,0.96,-0.855,-1,-1,-1,-1,-1,-1,-0.744,1,-0.372,-1,-1,-1,-1,-0.004,0.816,-1,-1,-1,-1,-1,-1,-0.97,0.005,0.986,-0.716,-0.664,-0.519,-0.483,-0.429,0.481,0.784,-0.61,-0.976,-1,-1,-1,-1,0.283,1,1,1,1,1,1,1,1,1,1,0.266,-1,-1,-1,-1,0.517,1,0.176,-0.524,-0.379,-0.524,-0.524,-0.28,1,-0.09,-0.717,-0.536,-1,-1,-1,-1,-0.44,0.292,-0.965,-1,-1,-1,-1,-0.305,0.996,-0.571,-1,-1,-1,-1,-1,-1,-1,-1,-1,-1,-1,-1,-1,0.292,0.749,-0.993,-1,-1,-1,-1,-1,-1,-1,-1,-1,-1,-1,-1,-0.819,0.926,-0.132,-1,-1,-1,-1,-1,-1,-1,-1,-1,-1,-1,-1,-1,-0.006,0.842,-0.861,-1,-1,-1,-1,-1,-1,-1,-1,-1,-1,-1,-1,-0.983,0.737,0.057,-1,-1,-1,-1,-1,-1,-1,-1,-1,-1,-1,-1,-1,-0.612,0.959,-0.789,-1,-1,-1,-1,-1,-1,-1,-1,-1,-1,-1,-1,-1,0.003,0.355,-1,-1,-1,-1,-1,-1,-1,-1,-1,-1,-1,-1,-1,-1,-0.198,-0.024,-1,-1,-1,-1,-1,-1,-1
"558",-1,-1,-1,-1,-1,-1,-1,-0.796,0.535,-0.457,-1,-1,-1,-1,-1,-1,-1,-1,-1,-1,-1,-1,-1,-0.962,0.511,0.372,-1,-1,-1,-1,-1,-1,-1,-1,-1,-1,-1,-1,-1,-1,-0.082,0.98,-0.675,-1,-1,-1,-1,-1,-1,-1,-1,-1,-1,-1,-1,-1,-0.925,0.897,0.701,-0.871,-1,-1,-1,-1,-1,-1,-1,-0.084,-0.545,-1,-1,-1,-0.95,0.941,0.981,-0.709,-1,-1,-1,-1,-1,-1,-1,0.003,0.402,-1,-1,-1,-0.967,0.947,1,0.206,-1,-1,-1,-1,-1,-1,-1,-0.371,0.786,-0.992,-1,-1,-0.997,0.861,0.514,0.932,-0.713,-1,-1,-1,-1,-1,-1,-0.64,1,-0.702,-1,-1,-1,0.693,-0.053,0.62,0.042,-1,-1,-1,-1,-1,-0.599,0.775,1,-0.037,-0.569,-0.779,-0.882,0.525,0.024,-0.636,-0.206,-1,-1,-1,-1,-1,-0.686,0.998,0.954,0.535,0.821,1,1,1,1,1,0.959,-0.609,-1,-1,-1,-1,-1,-0.285,-0.141,-1,-0.985,-0.922,-0.746,0.718,0.379,-0.608,-0.913,-1,-1,-1,-1,-1,-1,-1,-1,-1,-1,-1,-0.997,0.67,-0.016,-1,-1,-1,-1,-1,-1,-1,-1,-1,-1,-1,-1,-1,-0.993,0.877,-0.22,-1,-1,-1,-1,-1,-1,-1,-1,-1,-1,-1,-1,-1,-0.962,0.909,-0.431,-1,-1,-1,-1,-1,-1,-1,-1,-1,-1,-1,-1,-1,-0.7,0.998,-0.672,-1,-1,-1,-1,-1,-1,-1,-1,-1,-1,-1,-1,-1,-0.747,0.759,-0.927,-1,-1,-1,-1,-1
"559",-1,-1,-1,-1,-1,-1,-1,-1,-1,-0.214,1,-0.42,-1,-1,-1,-1,-1,-1,-1,-0.299,-0.07,-0.957,-1,-1,-0.988,0.552,0.237,-0.973,-1,-1,-1,-1,-1,-1,-1,0.492,1,-0.447,-1,-1,-0.768,0.993,-0.38,-1,-1,-1,-1,-1,-1,-1,-0.88,0.992,0.746,-0.845,-1,-1,-0.17,0.965,-0.792,-1,-1,-1,-1,-1,-1,-1,-0.44,1,-0.392,-1,-1,-1,0.475,0.654,-1,-1,-1,-1,-1,-1,-1,-1,-0.293,1,-0.696,-1,-1,-0.991,0.865,0.16,-1,-1,-1,-1,-1,-1,-1,-1,-0.115,0.993,-0.828,-1,-1,-0.638,0.991,-0.295,-1,-1,-0.509,-0.463,-1,-1,-1,-1,-0.189,0.994,-0.834,-1,-1,-0.058,0.855,-0.85,-1,-0.147,0.838,-0.546,-1,-1,-1,-1,-0.635,1,-0.481,-1,-1,0.389,0.614,0.001,0.678,0.956,-0.216,-1,-1,-1,-1,-1,-0.997,0.513,0.944,0.565,0.726,0.967,1,0.986,0.282,-0.536,-1,-1,-1,-1,-1,-1,-1,-0.955,-0.163,0.333,0.513,1,0.075,-0.565,-1,-1,-1,-1,-1,-1,-1,-1,-1,-1,-1,-1,-0.396,0.966,-0.789,-1,-1,-1,-1,-1,-1,-1,-1,-1,-1,-1,-1,-1,-0.012,0.54,-1,-1,-1,-1,-1,-1,-1,-1,-1,-1,-1,-1,-1,-1,0.214,0.33,-1,-1,-1,-1,-1,-1,-1,-1,-1,-1,-1,-1,-1,-1,-0.09,0.342,-1,-1,-1,-1,-1,-1,-1,-1,-1,-1,-1,-1,-1,-1,-0.888,0.567,-0.585,-1,-1,-1,-1,-1,-1,-1
"560",-1,-1,-1,-1,-1,-1,-1,-1,-1,0.375,0.937,-0.793,-1,-1,-1,-1,-1,-1,-1,-1,-1,-1,-1,-1,-0.581,0.957,0.304,-1,-1,-1,-1,-1,-1,-1,-1,-1,-1,-1,-1,-1,-0.183,1,-0.617,-1,-1,-1,-1,-1,-1,-1,-1,0.338,0.538,-0.996,-1,-1,0.258,1,-0.658,-1,-1,-1,-1,-1,-1,-1,-1,0.459,0.661,-1,-1,-1,0.699,0.975,-0.914,-1,-1,-1,-1,-1,-1,-1,-1,0.34,0.77,-0.99,-1,-0.964,0.865,0.619,-1,-1,-1,-1,-1,-1,-1,-1,-1,-0.178,0.996,-0.618,-1,-0.81,0.992,0.178,-1,-0.537,0.537,-1,-1,-1,-1,-1,-1,-0.946,0.529,0.524,-0.987,-0.457,1,-0.116,-0.098,0.894,0.217,-1,-1,-1,-1,-1,-1,-1,-0.615,0.879,0.73,0.79,1,0.84,1,0.952,-0.736,-1,-1,-1,-1,-1,-1,-1,-1,-0.624,0.369,1,1,0.981,0.304,-0.589,-1,-1,-1,-1,-1,-1,-1,-1,-1,-1,-1,0.306,0.87,-0.896,-1,-1,-1,-1,-1,-1,-1,-1,-1,-1,-1,-1,-1,0.427,0.293,-1,-1,-1,-1,-1,-1,-1,-1,-1,-1,-1,-1,-1,-1,0.308,0.332,-1,-1,-1,-1,-1,-1,-1,-1,-1,-1,-1,-1,-1,-1,-0.211,0.691,-1,-1,-1,-1,-1,-1,-1,-1,-1,-1,-1,-1,-1,-1,-0.941,0.752,-0.891,-1,-1,-1,-1,-1,-1,-1,-1,-1,-1,-1,-1,-1,-1,-0.129,-0.351,-1,-1,-1,-1,-1,-1
"561",-1,-1,-1,-1,-1,-1,-1,0.183,0.821,-0.516,-1,-1,-1,-1,-1,-1,-1,-1,-1,-1,-1,-1,-0.327,0.971,1,0.519,-1,-1,-1,-1,-1,-1,-1,-1,-1,-1,-1,-1,0.15,1,0.523,-0.874,-1,-1,-1,-1,-1,-1,-1,-1,-1,-1,-1,-1,0.401,1,0.129,-1,-1,-1,-1,-1,-1,-1,-1,-1,-1,-1,-1,-0.997,0.757,1,-0.015,-1,-1,-1,-1,-1,-1,-1,-1,-1,-1,-1,-1,-1,0.594,1,-0.064,-1,-1,-1,-1,-1,-1,-1,-1,-1,-1,-1,-1,-1,0.69,1,-0.268,-1,-1,-1,-1,-1,-1,-1,-1,-1,-1,-1,-1,-0.967,0.801,1,-0.304,-1,-1,-1,-1,-1,-1,-1,-1,-1,-1,-1,-1,-0.987,0.682,1,-0.36,-1,-1,-1,-1,-1,-1,-1,-1,-1,-1,-1,-1,-0.992,0.831,1,-0.665,-1,-1,-1,-1,-1,-1,-1,-1,-1,-1,-1,-1,-1,0.72,1,-0.546,-1,-1,-1,-1,-1,-1,-1,-1,-1,-1,-1,-1,-1,0.581,1,-0.3,-1,-1,-1,-1,-1,-1,-1,-1,-1,-1,-1,-1,-1,0.442,1,-0.275,-1,-1,-1,-1,-1,-1,-1,-1,-1,-1,-1,-1,-1,-0.059,1,-0.163,-1,-1,-1,-1,-1,-1,-1,-1,-1,-1,-1,-1,-1,-0.943,0.454,0.462,0.084,-0.978,-1,-1,-1,-1,-1,-1,-1,-1,-1,-1,-1,-1,-0.693,0.68,0.266,-0.981,-1,-1,-1,-1,-1
"562",-1,-1,-1,-1,-1,-1,-1,0,-0.893,-1,-1,-1,-1,-1,-1,-1,-1,-1,-1,-1,-1,-1,-1,0.634,-0.032,-1,-1,-1,-1,-1,-1,-1,-1,-1,-1,-1,-1,-1,-0.915,0.925,0.862,-0.886,-1,-1,-1,-1,-1,-1,-1,-1,-1,-1,-1,-1,-0.962,0.904,1,-0.458,-1,-1,-1,-1,-1,-1,-1,-1,-1,-1,-1,-1,-0.706,0.997,1,-0.696,-1,-1,-1,-1,-1,-1,-1,-1,-1,-1,-1,-1,-0.61,1,1,-0.684,-1,-1,-1,-1,-1,-1,-1,-1,-1,-1,-1,-1,-0.81,0.994,1,-0.672,-1,-1,-1,-1,-1,-1,-1,-1,-1,-1,-1,-1,-0.762,0.99,1,-0.55,-1,-1,-1,-1,-1,-1,-1,-1,-1,-1,-1,-1,-0.749,0.994,1,-0.649,-1,-1,-1,-1,-1,-1,-1,-1,-1,-1,-1,-1,-0.76,0.993,0.988,-0.791,-1,-1,-1,-1,-1,-1,-1,-1,-1,-1,-1,-1,-0.558,1,0.989,-0.864,-1,-1,-1,-1,-1,-1,-1,-1,-1,-1,-1,-1,-0.68,1,0.89,-0.974,-1,-1,-1,-1,-1,-1,-1,-1,-1,-1,-1,-1,-0.764,0.989,0.678,-1,-1,-1,-1,-1,-1,-1,-1,-1,-1,-1,-1,-1,-0.73,0.999,0.69,-1,-1,-1,-1,-1,-1,-1,-1,-1,-1,-1,-1,-1,-1,0.177,0.618,-1,-1,-1,-1,-1,-1,-1,-1,-1,-1,-1,-1,-1,-1,-0.897,0.53,-1,-1,-1,-1,-1,-1,-1
"563",-1,-1,-1,-1,-1,-1,-1,-1,-1,-0.464,0.913,-0.47,-1,-1,-1,-1,-1,-1,-1,-1,-1,-1,-1,-1,-1,-0.312,1,-0.223,-1,-1,-1,-1,-1,-1,-1,-1,-1,-1,-1,-1,-1,0.064,1,-0.534,-1,-1,-1,-1,-1,-1,-1,-1,-1,-1,-1,-1,-1,0.251,0.99,-0.83,-1,-1,-1,-1,-1,-1,-1,-1,-1,-1,-1,-1,-1,0.087,0.997,-0.764,-1,-1,-1,-1,-1,-1,-1,-1,-1,-1,-1,-1,-1,0.122,0.96,-0.925,-1,-1,-1,-1,-1,-1,-1,-0.492,-0.866,-1,-1,-1,-1,0.369,0.99,-0.829,-1,-1,-1,-1,-1,-1,-0.8,0.953,-0.427,-1,-1,-1,-0.996,0.476,1,-0.627,-1,-1,-1,-1,-1,-1,-0.72,1,-0.015,-1,-1,-1,-1,-0.105,1,-0.614,-1,-1,-1,-1,-1,-1,-0.989,0.409,0.953,0.371,0.299,0.299,0.299,0.688,1,-0.358,-1,-1,-1,-1,-1,-1,-1,-0.976,-0.196,0.431,0.677,1,0.963,0.468,0.991,-0.232,-1,-1,-1,-1,-1,-1,-1,-1,-1,-1,-0.998,-0.974,-0.975,-0.949,0.877,0.218,-1,-1,-1,-1,-1,-1,-1,-1,-1,-1,-1,-1,-1,-1,0.322,0.692,-0.997,-1,-1,-1,-1,-1,-1,-1,-1,-1,-1,-1,-1,-1,-0.631,0.956,-0.622,-1,-1,-1,-1,-1,-1,-1,-1,-1,-1,-1,-1,-1,-1,0.51,0.275,-1,-1,-1,-1,-1,-1,-1,-1,-1,-1,-1,-1,-1,-1,-0.495,0.788,-0.746,-1,-1
"564",-1,-1,-1,-1,-1,-1,-1,-1,-1,-0.733,-0.09,-1,-1,-1,-1,-1,-1,-1,-1,-1,-1,-1,-1,-1,-1,-0.37,0.735,-0.987,-1,-1,-1,-1,-1,-1,-1,-1,-0.638,-0.81,-1,-1,-1,0.389,0.888,-0.932,-1,-1,-1,-1,-1,-1,-1,-1,0.13,0.464,-1,-1,-0.886,0.902,0.462,-1,-1,-1,-1,-1,-1,-1,-1,-1,0.054,0.992,-0.708,-1,-0.539,1,-0.129,-1,-1,-1,-1,-1,-1,-1,-1,-1,-0.568,1,-0.057,-1,0.016,1,-0.19,-0.7,-1,-1,-1,-1,-1,-1,-1,-1,-0.999,0.64,0.481,-0.963,0.438,1,1,-0.049,-1,-1,-1,-1,-1,-1,-1,-1,-1,-0.438,0.856,0.976,0.994,1,0.337,-0.937,-1,-1,-1,-1,-1,-1,-1,-1,-1,-1,-0.764,0.075,0.956,0.492,-0.961,-1,-1,-1,-1,-1,-1,-1,-1,-1,-1,-1,-1,-0.957,0.881,0.241,-1,-1,-1,-1,-1,-1,-1,-1,-1,-1,-1,-1,-1,-0.842,0.978,0.047,-1,-1,-1,-1,-1,-1,-1,-1,-1,-1,-1,-1,-1,-0.882,0.984,-0.051,-1,-1,-1,-1,-1,-1,-1,-1,-1,-1,-1,-1,-1,-0.75,0.998,-0.275,-1,-1,-1,-1,-1,-1,-1,-1,-1,-1,-1,-1,-1,-0.618,1,-0.217,-1,-1,-1,-1,-1,-1,-1,-1,-1,-1,-1,-1,-1,-0.406,1,-0.387,-1,-1,-1,-1,-1,-1,-1,-1,-1,-1,-1,-1,-1,-0.597,0.688,-0.737,-1,-1,-1,-1,-1,-1
"565",-1,-1,-1,-1,-1,0.656,0.677,0.078,-0.726,-1,-1,-1,-1,-1,-1,-1,-1,-1,-1,-1,-1,-0.302,1,1,0.978,0.329,-0.816,-1,-1,-1,-1,-1,-1,-1,-1,-1,-0.97,0.508,1,0.814,0.209,0.888,0.783,-0.488,-1,-1,-1,-1,-1,-1,-1,-1,-0.148,1,0.868,-0.56,-1,-0.686,0.651,0.962,-0.383,-1,-1,-1,-1,-1,-1,-0.706,0.919,0.991,-0.281,-1,-1,-1,-0.932,0.85,0.753,-0.788,-1,-1,-1,-1,-0.964,0.49,1,0.488,-0.997,-1,-1,-1,-1,-0.325,1,0.491,-1,-1,-1,-1,-0.669,0.988,1,-0.301,-1,-1,-1,-1,-1,-0.956,0.435,0.999,-0.692,-1,-1,-1,0.159,1,0.369,-0.984,-1,-1,-1,-1,-1,-1,0.278,1,-0.018,-1,-1,-0.953,0.81,1,-0.124,-1,-1,-1,-1,-1,-1,-1,0.313,1,-0.006,-1,-1,-0.302,1,0.882,-0.846,-1,-1,-1,-1,-1,-1,-1,0.68,1,-0.183,-1,-1,0.017,1,0.575,-1,-1,-1,-1,-1,-1,-1,-0.88,0.88,0.993,-0.685,-1,-1,-0.184,1,0.681,-1,-1,-1,-1,-1,-1,-1,-0.16,1,0.814,-0.967,-1,-1,-0.749,0.842,1,-0.407,-1,-1,-1,-1,-1,-0.478,0.915,0.992,-0.27,-1,-1,-1,-1,-0.56,0.937,0.858,0.169,-0.077,-0.288,-0.623,0.293,0.893,1,0.404,-0.995,-1,-1,-1,-1,-1,-0.452,0.829,1,1,1,1,1,1,0.864,-0.769,-1,-1,-1,-1,-1,-1,-1,-0.782,0.07,0.669,1,1,0.762,0.225,-0.721,-1,-1,-1,-1
"566",-1,-1,-1,-1,-1,-1,-1,-1,0.278,0.06,-0.998,-1,-1,-1,-1,-1,-1,-1,-1,-1,-1,-1,-1,-1,0.443,0.306,-1,-1,-1,-1,-1,-1,-1,-1,-1,-1,-1,-1,-1,-0.999,0.668,0.995,-0.725,-1,-1,-1,-1,-1,-1,-1,-1,-1,-1,-1,-1,-1,0.061,1,-0.486,-1,-1,-1,-1,-1,-1,-1,-1,-1,-1,-1,-1,-1,-0.183,1,0.159,-1,-1,-1,-1,-1,-1,-1,-1,-0.491,0.362,-0.689,-1,-1,-0.67,1,0.896,-0.916,-1,-1,-1,-1,-1,-1,-1,0.136,1,-0.145,-1,-1,-0.671,1,0.994,-0.649,-1,-1,-1,-1,-1,-1,-0.995,0.402,1,0.508,-1,-1,-0.922,0.946,1,-0.29,-1,-1,-1,-1,-1,-1,-0.947,0.921,1,0.442,-1,-1,-0.964,0.812,1,-0.235,-1,-1,-1,-1,-1,-1,-0.367,0.99,1,0.785,0.115,-0.2,-0.2,0.849,1,0.228,-0.692,-0.784,-1,-1,-1,-0.799,0.518,1,1,1,1,1,1,1,1,1,1,0.928,-0.457,-1,-1,-0.161,1,1,0.985,-0.194,-0.846,-0.846,-0.828,0.731,1,0.81,0.092,-0.521,-0.998,-1,-1,-0.835,0.589,1,0.129,-0.99,-1,-1,-1,0.371,1,0.431,-1,-1,-1,-1,-1,-1,-0.982,-0.908,-0.974,-1,-1,-1,-1,0.006,1,0.569,-1,-1,-1,-1,-1,-1,-1,-1,-1,-1,-1,-1,-1,-0.238,1,0.547,-0.999,-1,-1,-1,-1,-1,-1,-1,-1,-1,-1,-1,-1,-0.965,0.093,0.604,-0.997,-1,-1,-1
"567",-1,-1,-1,-1,-1,-1,-1,-1,-1,-0.568,0.725,-0.408,-1,-1,-1,-1,-1,-1,-1,-1,-1,-1,-1,-1,-1,-0.501,1,0.501,-1,-1,-1,-1,-1,-1,-1,-1,-1,-1,-1,-1,-1,-0.654,0.991,0.865,-0.952,-1,-1,-1,-1,-1,-1,-1,-1,-1,-1,-1,-1,-0.82,0.994,0.972,-0.771,-1,-1,-1,-1,-1,-0.884,-0.741,-1,-1,-1,-1,-1,-0.906,0.917,0.998,-0.634,-1,-1,-1,-1,-1,0.473,0.984,-0.457,-1,-1,-1,-1,-0.88,0.978,1,-0.473,-1,-1,-1,-1,-0.995,0.806,1,-0.31,-1,-1,-1,-1,-0.69,1,1,-0.31,-1,-1,-1,-1,-0.715,0.987,0.95,-0.722,-1,-1,-1,-1,-0.928,0.951,1,-0.523,-1,-1,-1,-1,-0.264,0.999,0.908,-0.314,-0.704,-1,-1,-1,-0.764,0.999,1,-0.485,-1,-1,-1,-1,0.072,1,1,1,1,1,0.908,0.5,0.717,1,1,0.303,-0.011,-0.739,-1,-1,-1,-0.447,-0.283,-0.5,-0.092,0.047,0.5,0.56,1,1,1,1,0.94,-0.1,-1,-1,-1,-1,-1,-1,-1,-1,-1,-1,0.371,1,0.701,-0.948,-1,-1,-1,-1,-1,-1,-1,-1,-1,-1,-1,-1,0.584,1,0.291,-1,-1,-1,-1,-1,-1,-1,-1,-1,-1,-1,-1,-0.997,0.792,1,-0.296,-1,-1,-1,-1,-1,-1,-1,-1,-1,-1,-1,-1,-1,0.383,0.973,-0.606,-1,-1,-1,-1,-1,-1,-1,-1,-1,-1,-1,-1,-1,-0.542,0.599,-0.808,-1,-1,-1,-1
"568",-1,-1,-1,-1,-1,-0.047,0.606,-1,-1,-1,-1,-1,-1,-1,-1,-1,-1,-1,-1,-1,-1,0.12,0.945,-0.866,-1,-1,-1,-1,-1,-1,-1,-1,-1,-1,-1,-1,-0.188,1,0.668,-1,-1,-1,-1,-1,-1,-1,-1,-1,-1,-1,-1,-1,0.619,1,0.181,-1,-1,-1,-1,-1,-0.592,0.431,-0.92,-1,-1,-1,-1,-0.8,0.992,1,-0.391,-1,-1,-1,-1,-0.653,0.685,0.8,-0.992,-1,-1,-1,-1,0.318,1,0.974,-0.853,-1,-1,-1,-0.817,0.615,1,0.001,-1,-1,-1,-1,-0.897,0.948,1,0.55,-1,-1,-1,-1,0.651,1,0.897,-0.948,-1,-1,-1,-1,-0.463,1,0.999,-0.257,-1,-1,-1,-0.191,0.968,1,0.462,-1,-1,-1,-1,-1,-0.051,1,0.812,-0.961,-1,-1,-0.742,0.732,1,0.797,-0.866,-1,-1,-1,-1,-1,-0.203,1,0.925,-0.921,-1,-1,0.117,1,1,-0.197,-1,-1,-1,-1,-1,-0.912,0.92,1,0.592,-1,-1,-0.658,0.987,1,0.845,-0.2,-0.773,-1,-1,-1,-1,-1,0.535,1,1,0.608,-0.04,0.832,1,1,1,1,0.584,-1,-1,-1,-1,-1,-0.333,1,1,1,1,1,1,1,0.935,0.6,-0.323,-1,-1,-1,-1,-1,-0.956,0.073,0.798,1,1,1,1,0.848,-0.643,-1,-1,-1,-1,-1,-1,-1,-1,-1,-1,-1,-0.713,1,1,0.313,-1,-1,-1,-1,-1,-1,-1,-1,-1,-1,-1,-1,-0.902,0.716,0.616,-0.75,-1,-1,-1,-1,-1,-1
"569",-1,-1,-1,-1,-1,-1,-1,-1,-0.228,1,-0.362,-1,-1,-1,-1,-1,-1,-1,-1,-1,-1,-1,-1,-0.318,0.94,0.958,-0.357,-1,-1,-1,-1,-1,-1,-1,-1,-1,-1,-1,-0.419,0.929,1,-0.176,-1,-1,-1,-1,-1,-1,-1,-1,-1,-1,-1,-0.497,0.929,1,0.778,-0.716,-1,-1,-1,-1,-1,-1,-1,-1,-1,-1,-0.919,0.876,1,1,1,0.459,-0.693,-1,-1,-1,-1,-1,-1,-1,-1,-1,0.226,1,0.914,-0.097,0.949,1,0.812,-0.832,-1,-1,-1,-1,-1,-1,-1,-0.775,0.945,1,0.163,-1,-0.045,1,1,0.443,-0.904,-1,-1,-1,-1,-1,-1,0.077,1,0.846,-0.88,-1,-0.961,0.211,1,1,0.317,-1,-1,-1,-1,-1,-0.888,0.8,1,0.131,-1,-1,-1,-1,0.255,1,1,-0.631,-1,-1,-1,-1,-0.907,1,0.978,-0.463,-1,-1,-1,-1,-0.144,1,1,-0.522,-1,-1,-1,-1,-0.471,1,0.825,-1,-1,-1,-1,-1,-0.253,1,1,-0.414,-1,-1,-1,-1,-0.362,1,0.933,-1,-1,-1,-1,-1,-0.854,0.912,1,-0.305,-1,-1,-1,-1,-0.684,0.887,0.999,0.004,-0.982,-1,-1,-0.964,-0.107,1,1,-0.813,-1,-1,-1,-1,-1,-0.067,1,1,0.467,0.334,0.334,0.581,1,1,0.604,-0.962,-1,-1,-1,-1,-1,-0.993,-0.07,1,1,1,1,1,1,0.781,-0.59,-1,-1,-1,-1,-1,-1,-1,-0.896,0.419,1,1,1,0.536,-0.133,-0.877,-1,-1,-1,-1
"570",-1,-1,-1,-1,-1,-1,-1,0.038,-0.907,-0.262,0.487,-0.925,-1,-1,-1,-1,-1,-1,-1,-1,-1,-1,-0.869,1,0.175,-0.014,0.869,0.061,-1,-1,-1,-1,-1,-1,-1,-1,-1,-1,-0.642,0.657,0.107,0.712,0.609,-0.997,-1,-1,-1,-1,-1,-1,-1,-1,-1,-1,-0.246,0.275,-0.771,0.846,0.535,-1,-1,-1,-1,-1,-1,-1,-1,-1,-1,-0.977,0.512,0.303,-0.158,0.581,0.294,-1,-1,-1,-1,-1,-1,-1,-1,-1,-1,-0.081,0.935,0.415,0.213,0.734,0.073,-1,-1,-1,-1,-1,-1,-1,-1,-1,-0.586,0.96,-0.446,-1,-1,0.365,-0.173,-1,-1,-1,-1,-1,-1,-1,-1,-1,-0.044,-0.008,-1,-1,-1,0.474,-0.304,-1,-1,-1,-1,-1,-1,-1,-1,-1,-1,-1,-1,-1,-1,0.632,-0.437,-1,-1,-1,-1,-1,-1,-1,-1,-1,-1,-1,-1,-1,-1,0.763,-0.597,-1,-1,-1,-1,-1,-1,-1,-1,-1,-1,-1,-1,-1,-0.997,0.839,-0.805,-1,-1,-1,-1,-1,-1,-1,-1,-1,-1,-1,-1,-1,-0.933,0.625,-1,-1,-1,-1,-1,-1,-1,-1,-1,-1,-1,-1,-1,-1,-0.685,0.36,-1,-1,-1,-1,-1,-1,-1,-1,-1,-1,-1,-1,-1,-1,-0.318,-0.059,-1,-1,-1,-1,-1,-1,-1,-1,-1,-1,-1,-1,-1,-1,-0.175,-0.382,-1,-1,-1,-1,-1,-1,-1,-1,-1,-1,-1,-1,-1,-1,-0.207,-0.602,-1,-1,-1,-1,-1,-1
"571",-1,-1,-1,-1,-1,-1,-1,-1,-0.912,0.74,-0.486,-1,-1,-1,-1,-1,-1,-1,-1,-1,-1,-1,-1,-1,-0.624,0.987,0.439,-1,-1,-1,-1,-1,-1,-1,-1,-1,-1,-1,-1,-1,-0.699,0.956,0.468,-0.86,-1,-1,-1,-1,-1,-1,-1,-1,-1,-1,-1,-1,-0.761,0.95,-0.526,-0.565,-1,-1,-1,-1,-1,-1,-1,-1,-1,-1,-1,-1,-0.785,0.983,-0.907,-1,-1,-1,-1,-1,-1,-1,-1,-0.593,0.027,-1,-1,-1,-0.796,0.99,-0.903,-1,-1,-1,-1,-1,-1,-1,-1,0.189,-0.076,-1,-1,-1,-0.78,0.995,-0.885,-1,-1,-1,-1,-1,-1,-1,-1,0.562,-0.219,-1,-1,-1,-0.792,0.993,-0.897,-1,-0.744,-1,-1,-1,-1,-1,-0.924,0.846,-0.464,-1,-1,-1,-0.828,0.974,-0.854,-1,0.033,-0.906,-1,-1,-1,-1,-0.526,0.948,-0.375,-1,-1,-1,-0.711,0.983,-0.928,-1,-0.174,-0.418,-1,-1,-1,-1,-1,-0.607,0.549,0.569,-0.331,-0.904,-0.697,0.988,-0.91,-0.929,0.423,-0.33,-1,-1,-1,-1,-1,-1,-0.989,-0.32,0.477,0.954,0.675,1,0.617,0.846,0.521,-0.967,-1,-1,-1,-1,-1,-1,-1,-1,-1,-0.766,-0.235,0.997,-0.165,-0.52,-0.972,-1,-1,-1,-1,-1,-1,-1,-1,-1,-1,-1,-0.947,0.882,-0.874,-1,-1,-1,-1,-1,-1,-1,-1,-1,-1,-1,-1,-1,-1,0.53,-0.366,-1,-1,-1,-1,-1,-1,-1,-1,-1,-1,-1,-1,-1,-1,-0.535,0.11,-1,-1,-1,-1,-1
"572",-1,-1,-1,-1,-1,-0.893,0.351,1,1,1,0.49,-0.765,-1,-1,-1,-1,-1,-1,-1,-1,-0.962,0.406,1,1,0.637,0.289,0.897,0.663,-0.861,-1,-1,-1,-1,-1,-1,-1,-0.314,1,1,1,-0.323,-1,-0.182,1,-0.031,-1,-1,-1,-1,-1,-1,-0.848,0.914,1,1,0.921,-0.851,-1,-0.967,0.959,0.667,-1,-1,-1,-1,-1,-1,-0.088,1,0.584,0.552,0.582,-1,-1,-1,0.192,0.996,-0.898,-1,-1,-1,-1,-0.946,0.723,1,-0.125,0.692,-0.394,-1,-1,-1,-0.119,1,-0.608,-1,-1,-1,-1,-0.414,1,0.81,-0.841,0.411,-1,-1,-1,-1,0.111,1,-0.314,-1,-1,-1,-1,-0.285,1,0.437,0.35,-0.168,-1,-1,-1,-1,0.038,1,-0.389,-1,-1,-1,-1,-0.578,1,0.779,0.59,-0.926,-1,-1,-1,-1,0.241,1,-0.297,-1,-1,-1,-1,-0.871,0.999,1,-0.403,-1,-1,-1,-1,-1,0.444,1,-0.519,-1,-1,-1,-1,-1,0.835,0.591,-0.988,-1,-1,-1,-1,-1,0.647,1,-0.602,-1,-1,-1,-1,-1,0.541,0.853,-0.809,-1,-1,-1,-1,-0.876,0.909,0.943,-0.932,-1,-1,-1,-1,-1,0.11,1,-0.028,-1,-1,-1,-1,0.321,1,0.312,-1,-1,-1,-1,-1,-1,-0.851,0.785,0.949,-0.103,-0.871,-0.911,-0.105,0.992,0.882,-0.655,-1,-1,-1,-1,-1,-1,-1,-0.727,0.694,1,0.878,0.846,1,0.964,-0.42,-1,-1,-1,-1,-1,-1,-1,-1,-1,-0.85,0.39,1,1,0.617,-0.501,-1,-1,-1,-1,-1
"573",-1,-1,-1,-1,-1,-1,-1,-1,-0.709,0.208,0.297,-1,-1,-1,-1,-1,-1,-1,-1,-1,-1,-1,-1,-0.714,0.741,0.802,-0.594,-1,-1,-0.799,0.508,-0.827,-1,-1,-1,-1,-1,-1,-0.437,0.842,0.283,-0.868,-1,-1,-1,-0.712,1,-0.464,-1,-1,-1,-1,-0.93,0.049,0.954,-0.105,-0.982,-1,-1,-1,-1,-0.3,1,-0.434,-1,-1,-1,-0.522,0.719,0.85,-0.231,-1,-1,-1,-1,-1,-1,0.042,1,-0.416,-1,-0.941,0.048,0.94,0.369,-0.71,-1,-1,-1,-1,-1,-1,-1,0.178,0.815,-0.865,-0.94,0.336,0.897,-0.117,-0.969,-1,-1,-1,-1,-1,-1,-1,-1,0.646,0.178,-1,-0.416,1,-0.041,-1,-1,-1,-1,-1,-1,-1,-1,-1,-0.535,0.981,-0.29,-1,-0.854,0.895,1,0.052,-0.833,-1,-1,-1,-1,-1,-1,-1,0.203,0.759,-1,-1,-1,-0.798,0.704,1,0.935,0.223,-0.646,-1,-1,-1,-1,-0.934,0.937,0.291,-1,-1,-1,-1,-0.879,-0.243,0.703,1,0.989,0.461,0.294,-0.091,-0.615,-0.16,1,-0.592,-1,-1,-1,-1,-1,-1,-0.956,-0.53,0.094,0.529,0.932,1,1,0.972,0.897,0.755,-0.663,-1,-1,-1,-1,-1,-1,-1,-1,-1,-1,-0.986,-0.183,0.945,0.412,0.195,-0.903,-1,-1,-1,-1,-1,-1,-1,-1,-1,-1,-0.996,0.351,0.525,-1,-1,-1,-1,-1,-1,-1,-1,-1,-1,-1,-1,-1,-0.76,0.997,-0.358,-1,-1,-1,-1,-1,-1,-1,-1,-1,-1,-1,-1,-1,-0.074,0.588,-0.913,-1,-1,-1,-1
"574",-1,-1,-1,-1,-1,-1,-1,-1,-1,0.426,0.42,-0.998,-1,-1,-1,-1,-1,-1,-1,-1,-1,-1,-1,-1,-0.358,0.866,0.103,-1,-1,-1,-1,-1,-1,-1,-1,-1,-1,-1,-0.981,0.036,0.766,-0.428,-1,-0.327,0.104,-1,-1,-1,-1,-1,-1,-1,-1,-0.792,0.573,0.563,-0.698,-1,-1,0.187,0.389,-1,-1,-1,-1,-1,-1,-1,-0.34,0.812,0.011,-1,-1,-1,-1,0.579,0.088,-1,-1,-1,-1,-1,-1,-0.161,0.749,-0.648,-1,-1,-1,-1,-0.965,0.929,-0.406,-1,-1,-1,-1,-1,-1,0.205,0.932,0.599,-0.749,-1,-1,-1,-0.379,0.912,-0.975,-1,-1,-1,-1,-1,-1,-0.912,-0.062,0.916,0.917,-0.101,-0.97,-1,0.332,0.262,-1,-1,-1,-1,-1,-1,-1,-1,-1,-0.907,0.09,0.906,0.836,0.093,0.91,-0.456,-1,-1,-1,-1,-1,-1,-1,-1,-1,-1,-1,-0.783,0.1,0.912,1,-0.405,-1,-1,-1,-1,-1,-1,-1,-1,-1,-1,-1,-1,-1,0.418,0.5,-0.908,-1,-1,-1,-1,-1,-1,-1,-1,-1,-1,-1,-1,-0.935,0.81,-0.517,-1,-1,-1,-1,-1,-1,-1,-1,-1,-1,-1,-1,-1,-0.261,0.827,-0.899,-1,-1,-1,-1,-1,-1,-1,-1,-1,-1,-1,-1,-1,0.342,0.325,-1,-1,-1,-1,-1,-1,-1,-1,-1,-1,-1,-1,-1,-1,0.726,0.212,-1,-1,-1,-1,-1,-1,-1,-1,-1,-1,-1,-1,-1,-0.99,0.741,-0.502,-1,-1,-1,-1,-1,-1
"575",-1,-1,-1,-1,-1,-1,-1,-1,-1,-0.193,0.128,-1,-1,-1,-1,-1,-1,-1,-1,-1,-1,-1,-1,-0.777,-0.191,-0.201,0.943,-0.604,-1,-1,-1,-1,-1,-1,-1,-1,-1,-0.819,0.471,0.934,0.81,0.193,0.44,0.586,-0.838,-1,-1,-1,-1,-1,-1,-1,-0.66,0.629,0.967,0.069,-0.932,-1,-0.813,0.751,0.252,-1,-1,-1,-1,-1,-1,-0.97,0.514,0.994,-0.239,-1,-1,-1,-1,-0.204,0.92,-0.526,-1,-1,-1,-1,-1,0.12,1,-0.044,-1,-1,-1,-1,-1,-0.93,0.618,0.703,-0.977,-1,-1,-1,-0.448,0.954,0.252,-0.991,-1,-1,-1,-1,-1,-1,-0.291,1,-0.424,-1,-1,-0.663,0.882,0.938,-0.684,-1,-1,-1,-1,-1,-1,-1,-0.906,0.765,0.288,-1,-1,0.183,1,0.332,-1,-1,-1,-1,-1,-1,-1,-1,-1,0.465,0.682,-1,-0.895,0.862,1,0.339,-1,-1,-1,-1,-1,-1,-1,-1,-1,0.252,0.896,-1,-0.931,0.745,0.749,-0.401,-1,-1,-1,-1,-1,-1,-1,-1,-1,0.167,1,-0.891,-1,0.377,0.716,-0.945,-1,-1,-1,-1,-1,-1,-1,-1,-1,0.727,0.977,-0.757,-1,-0.473,1,0.309,-0.905,-1,-1,-1,-1,-1,-1,-1,-1,0.66,0.917,-0.982,-1,-0.989,-0.021,0.981,0.767,0.211,-0.279,-0.797,-0.829,-1,-1,-1,-0.417,0.947,0.185,-1,-1,-1,-1,-0.528,0.392,0.944,1,1,0.961,0.672,0.672,0.672,0.991,0.706,-0.795,-1,-1,-1,-1,-1,-1,-0.821,-0.255,0.092,0.576,1,0.951,0.475,0.024,-0.921,-1,-1
"576",-1,-1,-1,-1,-1,-1,-1,-0.103,0.511,-1,-1,-1,-1,-1,-1,-1,-1,-1,-1,-1,-1,-1,-0.784,0.832,0.728,-0.984,-1,-1,-1,-1,-1,-1,-1,-1,-1,-1,-1,-1,-0.908,0.473,1,-0.8,-1,-1,-1,-1,-1,-1,-1,-1,-1,-1,-1,-1,-1,0.11,1,-0.456,-1,-1,-1,-1,-1,-1,-1,-1,-1,-1,-1,-1,-1,-0.206,1,-0.833,-1,-1,-1,-1,-1,-1,-1,-1,-1,-1,-1,-1,-1,0.004,0.986,-0.806,-1,-1,-1,-1,-1,-1,-1,-1,-1,-1,-1,-1,-1,0.434,0.943,-1,-1,-1,-1,-1,-1,-1,-1,-1,-1,-1,-1,-1,-1,0.865,0.567,-1,-1,-1,-1,-1,-1,-1,-1,-1,-1,-1,-1,-1,-1,0.439,0.385,-1,-1,-1,-1,-1,-1,-1,-1,-1,-1,-1,-1,-1,-1,0.482,0.342,-1,-1,-1,-1,-1,-1,-1,-1,-1,-1,-1,-1,-1,-0.996,0.826,0.298,-1,-1,-1,-1,-1,-1,-1,-1,-1,-1,-1,-1,-1,-0.974,0.902,0.255,-1,-1,-1,-1,-1,-1,-1,-1,-1,-1,-1,-1,-1,-1,0.612,0.571,-1,-1,-1,-1,-1,-1,-1,-1,-1,-1,-1,-1,-1,-1,0.268,0.772,-0.967,-1,-1,-1,-1,-1,-1,-1,-1,-1,-1,-1,-1,-1,0.228,1,-0.74,-1,-1,-1,-1,-1,-1,-1,-1,-1,-1,-1,-1,-1,-0.475,0.971,-0.617,-1,-1,-1,-1,-1,-1
"577",-1,-1,-1,-1,-1,-1,-1,-1,-1,-1,-0.998,0.112,0.045,-1,-1,-1,-1,-1,-1,-1,-1,-1,-1,-1,-1,-1,-0.997,0.953,-0.471,-1,-1,-1,-1,-1,-1,-1,-1,-0.996,-0.714,-0.654,-1,-1,-0.983,0.841,-0.718,-1,-1,-1,-1,-1,-0.408,0.524,0.577,0.905,1,0.781,-1,-1,-0.676,0.945,-0.91,-1,-1,-1,-1,-1,-0.614,0.143,-0.109,-0.622,1,-0.664,-1,-1,-0.338,0.697,-1,-1,-1,-1,-1,-1,-1,-1,-1,-0.567,0.996,-0.762,-1,-1,-0.018,0.377,-1,-1,-1,-1,-1,-1,-1,-1,-1,0.17,0.642,-1,-1,-1,0.356,0.057,-1,-1,-1,-1,-1,-1,-1,-1,-1,0.744,-0.004,-1,-1,-0.893,0.895,-0.336,-1,-1,-1,-1,-1,-1,-1,-1,-0.374,0.862,-0.767,-1,-1,-0.188,0.819,-0.946,-1,-1,-1,-1,-1,-1,-1,-1,0.163,0.62,-0.048,-0.048,-0.048,0.732,0.822,0.263,0.259,-0.598,-1,-1,-1,-1,-1,-1,-0.115,0.843,0.714,0.569,0.585,1,0.107,0.135,0.188,-0.53,-1,-1,-1,-1,-1,-1,-0.989,-0.956,-1,-1,-0.031,0.68,-0.982,-1,-1,-1,-1,-1,-1,-1,-1,-1,-1,-1,-1,-1,0.615,0.033,-1,-1,-1,-1,-1,-1,-1,-1,-1,-1,-1,-1,-1,-0.712,0.959,-0.67,-1,-1,-1,-1,-1,-1,-1,-1,-1,-1,-1,-1,-1,-0.237,0.795,-1,-1,-1,-1,-1,-1,-1,-1,-1,-1,-1,-1,-1,-1,-0.244,0.185,-1,-1,-1,-1,-1,-1,-1
"578",-1,-1,-1,-1,-1,-1,-1,-1,-1,-1,-1,0.158,0.285,-1,-1,-1,-1,-1,-1,-1,-0.278,-0.493,-1,-1,-1,-1,-0.928,0.856,-0.475,-1,-1,-1,-1,-1,-1,-0.903,0.877,-0.37,-1,-1,-1,-1,-0.706,1,-0.767,-1,-1,-1,-1,-1,-1,-0.96,0.983,-0.73,-1,-1,-1,-1,-0.648,1,-0.806,-1,-1,-1,-1,-1,-1,-0.607,0.991,-0.857,-1,-1,-1,-1,-0.614,0.995,-0.873,-1,-1,-1,-1,-1,-1,-0.129,0.763,-1,-1,-1,-1,-1,-0.352,0.871,-0.964,-1,-1,-1,-1,-1,-1,0.216,0.471,-1,-1,-1,-1,-1,0.107,0.581,-1,-1,-1,-1,-1,-1,-1,0.509,0.14,-1,-1,-1,-1,-0.989,0.709,0.24,-1,-1,-1,-1,-1,-1,-1,0.401,0.27,-0.935,-1,-1,-1,-0.665,1,-0.53,-1,-1,-1,-1,-1,-1,-1,-0.467,0.95,0.766,0.164,-0.306,-0.358,0.159,1,0.221,-0.737,-1,-1,-1,-1,-1,-1,-1,-0.732,0.067,0.706,0.93,0.848,0.991,0.893,0.034,-0.983,-1,-1,-1,-1,-1,-1,-1,-1,-1,-1,-0.909,-0.944,0.748,-0.017,-1,-1,-1,-1,-1,-1,-1,-1,-1,-1,-1,-1,-1,-0.849,0.928,-0.49,-1,-1,-1,-1,-1,-1,-1,-1,-1,-1,-1,-1,-1,-0.228,0.922,-0.928,-1,-1,-1,-1,-1,-1,-1,-1,-1,-1,-1,-1,-1,0.078,0.609,-1,-1,-1,-1,-1,-1,-1,-1,-1,-1,-1,-1,-1,-1,0.214,0.082,-1,-1,-1,-1,-1,-1
"579",-1,-1,-1,-1,-1,-0.795,0.258,0.877,-0.933,-1,-1,-1,-1,-1,-1,-1,-1,-1,-1,-1,-1,0.575,0.918,-0.187,-1,-1,-1,-1,-1,-1,-1,-1,-1,-1,-1,-1,-0.49,0.986,0.901,0.224,0.224,-0.137,-0.967,-1,-1,-1,-1,-1,-1,-1,-1,-1,0.454,0.914,1,1,1,1,0.462,-0.8,-1,-1,-1,-1,-1,-1,-1,-0.915,0.835,0.065,-0.474,-0.488,-0.659,-0.168,0.775,0.707,-0.744,-1,-1,-1,-1,-1,-1,-0.223,1,-0.547,-1,-1,-1,-1,-0.868,0.575,0.258,-1,-1,-1,-1,-1,-1,0.256,0.786,-0.962,-1,-1,-1,-1,-1,-0.907,0.29,-1,-1,-1,-1,-1,-1,0.614,0.365,-1,-1,-1,-1,-1,-1,-1,-0.33,-1,-1,-1,-1,-1,-0.913,0.886,-0.107,-1,-1,-1,-1,-1,-1,-1,-0.499,-0.945,-1,-1,-1,-1,-0.883,1,-0.351,-1,-1,-1,-1,-1,-1,-1,-0.678,-0.581,-1,-1,-1,-1,-0.553,1,-0.596,-1,-1,-1,-1,-1,-1,-1,-0.816,-0.464,-1,-1,-1,-1,-0.209,1,-0.926,-1,-1,-1,-1,-1,-1,-0.994,0.268,-0.299,-1,-1,-1,-1,-0.349,1,-0.735,-1,-1,-1,-1,-1,-0.964,0.15,0.995,-0.367,-1,-1,-1,-1,-0.898,0.924,0.341,-0.951,-1,-1,-0.995,-0.552,0.415,0.955,-0.083,-1,-1,-1,-1,-1,-1,-0.192,0.985,0.576,0.343,0.343,0.685,0.814,-0.127,-0.773,-1,-1,-1,-1,-1,-1,-1,-1,-0.477,0.721,1,0.737,0.344,-0.762,-1,-1,-1,-1,-1,-1
"580",-1,-1,-0.924,0.68,0.932,-0.369,-1,-1,-1,-1,-1,-1,-1,-1,-1,-1,-1,-0.979,0.453,1,1,0.406,-1,-1,-1,-1,-1,-1,-0.831,0.263,-0.513,-1,-1,-0.128,1,1,0.941,-0.613,-1,-1,-1,-1,-1,-0.861,0.293,1,0.367,-1,-1,0.309,1,1,0.839,-0.948,-1,-1,-1,-1,-0.865,0.335,1,1,0.973,-0.764,-0.756,0.983,1,0.968,-0.795,-1,-1,-1,-1,-1,0.187,1,1,1,0.596,-0.983,-0.89,0.914,1,0.664,-0.928,-1,-1,-1,-1,-0.024,0.928,1,1,1,-0.465,-1,-0.996,0.658,1,0.861,-0.579,-0.865,-1,-1,-0.499,0.962,1,1,1,-0.078,-0.945,-1,-1,-0.18,1,1,1,0.769,0.6,0.6,0.911,1,1,1,1,1,-0.22,-1,-1,-0.906,0.723,1,1,1,1,1,1,1,1,1,0.672,-0.09,-1,-1,-1,-1,-0.866,-0.272,0.2,0.713,1,1,1,1,0.962,-0.444,-0.894,-1,-1,-1,-1,-1,-1,-1,-1,-0.929,0.662,1,1,0.929,-0.662,-1,-1,-1,-1,-1,-1,-1,-1,-1,-1,-0.19,1,1,1,0.189,-1,-1,-1,-1,-1,-1,-1,-1,-1,-1,-1,0.248,1,1,0.815,-0.863,-1,-1,-1,-1,-1,-1,-1,-1,-1,-1,-0.896,0.902,1,1,-0.126,-1,-1,-1,-1,-1,-1,-1,-1,-1,-1,-1,-0.824,0.787,1,1,0.077,-1,-1,-1,-1,-1,-1,-1,-1,-1,-1,-1,-1,-0.611,0.771,0.908,-0.27,-1,-1,-1,-1,-1,-1,-1
"581",-1,-1,-1,-1,-1,-1,-1,-1,-1,-1,-1,-1,-1,-1,-1,-1,-1,-1,-1,-0.982,-0.192,0.526,0.837,0.424,-0.027,-0.027,-0.027,-0.839,-1,-1,-1,-1,-1,-1,-0.928,0.192,1,1,1,1,1,1,1,0.757,-0.048,-0.929,-1,-1,-1,-1,-0.04,1,1,1,0.984,0.354,0.352,0.352,0.435,1,1,0.451,-0.786,-1,-1,-0.984,0.565,1,1,0.938,-0.558,-0.991,-1,-1,-0.986,-0.296,0.954,1,0.412,-0.961,-1,-0.049,1,1,0.999,-0.166,-1,-1,-1,-1,-1,-1,-0.325,1,1,-0.486,-0.585,0.905,1,1,0.427,-0.963,-1,-1,-1,-1,-1,-1,-0.88,0.961,1,0.108,-0.059,1,1,0.851,-0.756,-1,-1,-1,-1,-1,-1,-1,-1,0.487,1,0.702,0.702,1,1,0.099,-1,-1,-1,-1,-1,-1,-1,-1,-0.948,0.822,1,0.432,0.108,1,1,-0.288,-1,-1,-1,-1,-1,-1,-1,-1,-0.131,1,1,0.418,0.238,1,1,-0.325,-1,-1,-1,-1,-1,-1,-1,0.058,0.905,1,1,0.405,-0.566,0.883,1,0.591,-0.306,-0.784,-0.784,-0.784,-0.784,-0.559,0.533,0.985,1,1,0.848,-0.766,-1,0.115,1,1,1,1,1,1,1,1,1,1,1,0.689,-0.584,-1,-1,-0.978,0.516,1,1,1,1,1,1,1,1,1,0.192,-0.765,-1,-1,-1,-1,-0.963,-0.54,0.33,0.837,0.837,0.837,0.837,0.837,0.152,-0.192,-0.982,-1,-1,-1,-1,-1,-1,-1,-1,-1,-1,-1,-1,-1,-1,-1,-1,-1,-1,-1
"582",-1,-1,-1,-1,-1,-1,-0.621,0.17,0.07,-0.814,-1,-1,-1,-1,-1,-1,-1,-1,-1,-1,-1,-1,-0.815,0.859,1,0.87,-0.278,-1,-1,-1,-1,-1,-1,-1,-1,-1,-0.562,0.594,0.266,0.338,1,1,0.96,-0.024,-0.966,-1,-1,-1,-1,-1,-1,-0.821,0.524,1,0.467,-0.73,0.149,0.927,1,1,0.512,-0.627,-1,-1,-1,-1,-0.6,0.577,1,1,0.587,-0.973,-1,-0.854,-0.175,0.824,1,0.979,-0.796,-1,-1,-0.49,0.782,1,1,1,0.904,-0.905,-1,-1,-1,-0.378,1,1,-0.184,-1,-0.634,0.784,1,1,1,0.945,-0.232,-0.989,-1,-1,-1,-1,0.324,1,0.588,-0.973,0.137,1,1,1,0.892,-0.442,-0.998,-1,-1,-1,-1,-1,-0.6,1,1,-0.088,0.252,1,1,0.85,-0.423,-1,-1,-1,-1,-1,-1,-1,-0.644,0.992,1,0.545,0.532,1,1,0.233,-1,-1,-1,-1,-1,-1,-1,-1,-0.574,0.996,1,0.223,0.065,1,1,0.036,-1,-1,-1,-1,-1,-1,-1,-0.964,0.581,1,1,-0.473,-0.516,0.988,1,0.173,-1,-1,-1,-1,-1,-1,-0.699,0.63,1,1,0.986,-0.737,-1,0.174,1,0.988,-0.272,-0.525,-0.716,-1,-0.698,0.022,0.881,1,1,0.993,-0.05,-0.975,-1,-0.893,0.282,0.987,1,1,0.934,0.769,0.89,1,1,1,0.968,0.193,-0.97,-1,-1,-1,-1,-0.472,0.58,0.973,1,1,1,1,0.941,0.52,-0.556,-0.99,-1,-1,-1,-1,-1,-1,-1,-0.641,-0.414,0.17,0.17,0.151,-0.574,-1,-1,-1,-1,-1
"583",-1,-1,-1,-1,-1,-0.884,0.826,1,0.863,0.068,-0.766,-0.998,-1,-1,-1,-1,-1,-1,-1,-0.973,-0.556,-0.006,1,1,1,1,1,0.175,-1,-1,-1,-1,-1,-1,-1,-0.209,0.975,1,1,1,1,1,1,1,0.208,-1,-1,-1,-1,-1,0.128,0.952,1,1,1,1,1,1,1,1,0.997,-0.548,-1,-1,-1,-0.888,0.701,1,1,1,0.564,-0.839,0.333,0.778,0.807,1,1,0.494,-1,-1,-1,-0.058,1,1,1,0.998,-0.36,-1,-1,-1,-0.943,0.824,1,1,-0.461,-1,-1,0.181,1,1,1,0.643,-0.936,-1,-1,-1,-0.999,0.526,1,1,-0.108,-1,-1,-0.073,1,1,1,-0.223,-1,-1,-1,-1,-1,0.273,1,1,0.344,-1,-1,-0.13,1,1,0.975,-0.734,-1,-1,-1,-1,-0.928,0.737,1,1,-0.093,-1,-1,-0.187,1,1,0.846,-0.943,-1,-1,-1,-1,-0.261,1,1,0.953,-0.582,-1,-1,-0.244,1,1,1,-0.349,-1,-1,-1,-0.961,0.631,1,1,0.957,-0.824,-1,-1,-0.673,0.977,1,1,-0.094,-1,-0.401,0.003,0.778,0.987,1,1,0.385,-0.987,-1,-1,-1,0.259,1,1,1,1,1,1,1,1,1,0.862,-0.592,-1,-1,-1,-1,-0.812,0.24,0.997,1,1,1,1,1,1,0.99,-0.44,-1,-1,-1,-1,-1,-1,-1,-0.351,0.755,1,1,1,1,1,0.278,-0.955,-1,-1,-1,-1,-1,-1,-1,-1,-0.885,-0.348,0.113,0.884,0.121,-0.71,-0.942,-1,-1,-1,-1
"584",-1,-1,-1,-1,-1,-1,-1,-1,-1,-0.209,0.598,-0.95,-1,-1,-1,-1,-1,-1,-1,-1,-1,-1,-1,-1,-0.979,0.589,0.995,-0.785,-1,-1,-1,-1,-1,-1,-1,-0.833,0.019,-0.82,-1,-1,-0.703,1,0.978,-0.838,-1,-1,-1,-1,-1,-1,-1,-0.07,1,-0.125,-1,-1,-0.72,0.984,0.886,-0.978,-1,-1,-1,-1,-1,-1,-0.964,0.684,1,-0.107,-1,-1,-0.373,1,0.946,-0.902,-1,-1,-1,-1,-1,-1,0.009,1,1,-0.103,-1,-1,-0.112,1,0.834,-0.146,-0.67,-1,-1,-1,-1,-0.76,0.955,1,1,0.969,0.176,-0.644,0.017,1,0.567,0.243,0.757,-0.459,-1,-1,-1,-0.998,0.109,0.854,-0.608,-0.124,0.934,0.988,0.968,1,0.997,0.959,1,0.962,-0.779,-1,-1,-1,-1,-1,-1,-1,-0.887,0.028,0.999,1,0.951,0.849,0.69,0.117,-0.978,-1,-1,-1,-1,-1,-1,-1,-1,-0.917,0.937,1,-0.421,-1,-1,-1,-1,-1,-1,-1,-1,-1,-1,-1,-1,-0.528,1,0.988,-0.699,-1,-1,-1,-1,-1,-1,-1,-1,-1,-1,-1,-1,0.261,1,0.582,-0.995,-1,-1,-1,-1,-1,-1,-1,-1,-1,-1,-1,-0.857,0.908,1,-0.203,-1,-1,-1,-1,-1,-1,-1,-1,-1,-1,-1,-1,-0.159,1,0.89,-0.882,-1,-1,-1,-1,-1,-1,-1,-1,-1,-1,-1,-0.917,0.782,1,0.932,-0.921,-1,-1,-1,-1,-1,-1,-1,-1,-1,-1,-1,-1,-0.064,0.868,0.016,-1,-1,-1,-1,-1,-1,-1
"585",-1,-1,-1,-1,-1,-1,0.585,0.822,-0.672,-1,-1,-1,-1,-1,-1,-1,-1,-1,-1,-1,-1,-1,0.203,1,0.55,-0.999,-1,-1,-1,-1,-1,-1,-1,-1,-1,-1,-1,-1,-0.271,1,1,-0.583,-1,-1,-1,-1,-1,-1,-1,-1,-1,-1,-1,-1,-0.523,1,1,-0.462,-1,-1,-1,-1,-1,-1,-1,-1,-1,-1,-1,-1,-0.709,1,1,-0.066,-1,-1,-1,-1,-1,-1,-1,-1,-1,-1,-1,-1,-0.945,0.905,1,0.186,-1,-1,-1,-1,-1,-1,-1,-1,-1,-1,-1,-1,-0.909,0.931,1,0.176,-1,-1,-1,-1,-1,-1,-1,-1,-1,-1,-1,-1,-0.681,1,1,0.376,-1,-1,-1,-1,-1,-1,-1,-1,-1,-1,-1,-1,-0.528,1,1,0.432,-1,-1,-1,-1,-1,-1,-1,-1,-1,-1,-1,-1,-0.127,1,1,-0.1,-1,-1,-1,-1,-1,-1,-1,-1,-1,-1,-1,-1,0.379,1,0.999,-0.343,-1,-1,-1,-1,-1,-1,-1,-1,-1,-1,-1,-1,0.466,1,0.93,-0.91,-1,-1,-1,-1,-1,-1,-1,-1,-1,-1,-1,-1,0.476,1,0.803,-0.989,-1,-1,-1,-1,-1,-1,-1,-1,-1,-1,-1,-1,0.093,1,0.674,-1,-1,-1,-1,-1,-1,-1,-1,-1,-1,-1,-1,-1,-0.808,0.931,0.612,-1,-1,-1,-1,-1,-1,-1,-1,-1,-1,-1,-1,-1,-1,-0.139,0.739,-0.989,-1,-1,-1,-1,-1,-1
"586",-1,-1,-1,-1,-1,-1,-1,-1,-1,-0.189,0.626,-0.795,-1,-1,-1,-1,-1,-1,-1,-1,-1,-1,-1,-1,-1,0.716,1,0.403,-1,-1,-1,-1,-1,-1,-1,-1,-1,-1,-1,-1,-0.999,0.792,1,0.408,-1,-1,-1,-1,-1,-1,-1,-1,-1,-1,-1,-1,-0.988,0.87,1,0.109,-1,-1,-1,-1,-1,-0.994,-0.176,-0.801,-1,-1,-1,-1,-0.986,0.828,1,0.161,-1,-1,-1,-1,-1,-0.683,1,0.776,-0.792,-1,-1,-1,-1,0.79,1,0.119,-1,-1,-1,-1,-1,-0.209,1,1,-0.252,-1,-1,-1,-0.715,0.991,1,-0.145,-1,-1,-1,-1,-1,0.628,1,1,-0.294,-1,-1,-1,-0.542,1,1,-0.211,-1,-1,-1,-1,-0.685,0.998,1,0.931,-0.851,-1,-1,-1,-0.593,1,1,-0.556,-1,-1,-1,-1,-0.552,1,1,0.942,0.336,-0.027,-0.214,-0.417,-0.253,1,1,-0.114,-0.459,-0.459,-0.56,-0.995,-0.944,0.277,1,1,1,1,1,1,1,1,1,1,1,1,1,-0.67,-1,-0.995,-0.304,0.752,0.848,0.669,0.711,0.924,0.912,1,1,0.877,0.784,0.482,0.134,-0.906,-1,-1,-1,-0.982,-0.925,-1,-1,-0.86,-0.426,1,1,-0.502,-1,-1,-1,-1,-1,-1,-1,-1,-1,-1,-1,-1,-0.838,0.987,1,-0.731,-1,-1,-1,-1,-1,-1,-1,-1,-1,-1,-1,-1,-0.859,0.921,0.977,-0.844,-1,-1,-1,-1,-1,-1,-1,-1,-1,-1,-1,-1,-1,-0.303,0.905,-0.926,-1,-1,-1,-1
"587",-1,-1,-1,-1,-1,-1,-0.238,0.859,-0.194,-0.997,-1,-1,-1,-1,-1,-1,-1,-1,-1,-1,-1,-1,0.421,1,1,0.205,-1,-1,-1,-1,-1,-1,-1,-1,-1,-1,-1,-0.981,0.798,1,1,0.838,-0.947,-1,-1,-1,-1,-1,-1,-1,-1,-1,-1,-0.985,0.798,1,1,0.586,-0.99,-1,-1,-1,-1,-1,-1,-1,-1,-1,-1,-0.999,0.758,1,1,0.017,-1,-1,-1,-1,-1,-1,-1,-1,-1,-1,-1,-1,0.655,1,1,-0.245,-1,-1,-1,-1,-1,-1,-1,-1,-1,-1,-1,-1,0.568,1,1,-0.224,-1,-1,-1,-1,-1,-1,-1,-1,-1,-1,-1,-1,0.696,1,1,-0.254,-1,-1,-1,-1,-1,-1,-1,-1,-1,-1,-1,-1,0.593,1,1,-0.133,-1,-1,-1,-1,-1,-1,-1,-1,-1,-1,-1,-1,0.489,1,1,-0.162,-1,-1,-1,-1,-1,-1,-1,-1,-1,-1,-1,-1,0.385,1,1,0.075,-1,-1,-1,-1,-1,-1,-1,-1,-1,-1,-1,-0.982,0.729,1,1,-0.021,-1,-1,-1,-1,-1,-1,-1,-1,-1,-1,-1,-0.96,0.753,1,1,-0.1,-1,-1,-1,-1,-1,-1,-1,-1,-1,-1,-1,-0.977,0.766,1,1,-0.163,-1,-1,-1,-1,-1,-1,-1,-1,-1,-1,-1,-1,-0.108,0.993,0.994,-0.303,-1,-1,-1,-1,-1,-1,-1,-1,-1,-1,-1,-1,-1,-0.162,0.569,-0.994,-1,-1,-1,-1,-1,-1
"588",-1,-1,-1,-1,-1,-0.728,0.464,0.89,-0.267,-0.956,-1,-1,-1,-1,-1,-1,-1,-1,-1,-1,-1,-0.487,1,1,1,0.342,-0.793,-1,-1,-1,-1,-1,-1,-1,-1,-1,-0.995,0.316,1,1,1,1,0.777,-0.957,-1,-1,-1,-1,-1,-1,-1,-1,0.002,1,1,1,0.89,1,1,0.301,-1,-1,-1,-1,-1,-1,-1,-0.663,0.988,1,1,0.815,-0.485,-0.287,0.778,0.989,-0.593,-1,-1,-1,-1,-1,-1,0.216,1,1,1,0.067,-1,-1,-0.152,1,0.762,-0.977,-1,-1,-1,-1,-0.559,0.959,1,1,0.662,-0.927,-1,-1,-0.975,0.848,1,-0.534,-1,-1,-1,-1,0.071,1,1,1,-0.45,-1,-1,-1,-0.994,0.783,1,0.506,-1,-1,-1,-0.993,0.605,1,1,0.013,-0.97,-1,-1,-1,-1,0.393,1,0.663,-1,-1,-1,-1,0.731,1,1,-0.517,-1,-1,-1,-1,-1,0.585,1,0.703,-0.993,-1,-1,-1,0.629,1,0.952,-0.891,-1,-1,-1,-1,-0.618,0.938,1,0.463,-1,-1,-1,-1,0.49,1,0.985,-0.84,-1,-1,-1,-0.706,0.634,1,1,-0.079,-1,-1,-1,-1,-0.246,1,1,0.143,-0.451,0.051,0.337,0.913,1,1,0.985,-0.752,-1,-1,-1,-1,-0.998,0.51,1,1,1,1,1,1,1,0.975,-0.295,-1,-1,-1,-1,-1,-1,-0.685,0.716,1,1,1,1,1,0.841,-0.091,-1,-1,-1,-1,-1,-1,-1,-1,-0.882,0.238,0.604,0.953,0.351,-0.136,-0.757,-1,-1,-1,-1,-1
"589",-1,-1,-1,-1,-1,-1,-0.695,0.407,1,0.799,-0.855,-1,-1,-1,-1,-1,-1,-1,-1,-1,-1,-0.518,0.903,1,1,1,-0.496,-1,-1,-1,-1,-1,-1,-1,-1,-1,-0.746,0.747,1,1,1,0.733,-0.963,-1,-1,-1,-1,-1,-1,-1,-1,-0.916,0.532,1,1,1,1,0.925,-0.126,-1,-1,-1,-1,-1,-1,-1,-1,-0.078,1,1,0.601,-0.261,1,1,0.978,-0.224,-1,-1,-1,-1,-1,-1,-0.831,0.869,1,0.858,-0.799,-0.91,-0.383,0.49,1,0.968,-0.656,-1,-1,-1,-1,-1,-0.067,1,1,-0.218,-1,-1,-1,-0.641,0.882,1,0.626,-0.932,-1,-1,-1,-1,0.55,1,0.656,-0.99,-1,-1,-1,-1,-0.531,0.92,1,-0.276,-1,-1,-1,-1,0.683,1,0.166,-1,-1,-1,-1,-1,-1,0.112,1,0.472,-1,-1,-1,-1,0.799,1,-0.216,-1,-1,-1,-1,-1,-1,-0.594,1,0.855,-1,-1,-1,-1,0.916,1,-0.553,-1,-1,-1,-1,-1,-1,-0.478,1,0.797,-1,-1,-1,-1,0.621,1,-0.199,-1,-1,-1,-1,-1,-0.833,0.471,1,0.24,-1,-1,-1,-1,0.165,1,0.756,-0.431,-0.995,-0.913,-0.434,0.088,0.893,1,1,-0.068,-1,-1,-1,-1,-0.666,0.949,1,1,0.823,0.869,1,1,1,1,0.706,-0.802,-1,-1,-1,-1,-1,0.062,1,1,1,1,1,1,0.895,-0.255,-0.938,-1,-1,-1,-1,-1,-1,-0.96,-0.123,0.706,1,0.897,0.404,-0.206,-0.83,-1,-1,-1,-1,-1
"590",-1,-1,-1,-1,-0.409,0.959,-0.39,-1,-1,-1,-1,-1,-1,-1,-1,-1,-1,-1,-1,-1,0.644,1,0.29,-1,-1,-1,-1,-1,-1,-1,-1,-1,-1,-1,-1,-0.66,0.994,1,0.004,-1,-1,-0.962,0.221,-0.494,-1,-1,-1,-1,-1,-1,-1,-0.242,1,1,-0.42,-1,-1,0.019,1,0.02,-1,-1,-1,-1,-1,-1,-1,0.31,1,0.825,-0.927,-1,-0.573,0.927,0.804,-0.836,-1,-1,-1,-1,-1,-1,-0.972,0.835,1,0.63,-0.994,-1,0.535,1,-0.004,-1,-1,-1,-1,-1,-1,-1,-0.977,0.66,1,1,0.57,0.021,0.99,1,-0.557,-1,-1,-1,-1,-1,-1,-1,-1,-0.522,1,1,1,1,1,0.892,-0.745,-1,-1,-1,-1,-1,-1,-1,-1,-0.983,-0.003,0.961,1,1,1,1,0.947,0.281,-0.731,-1,-1,-1,-1,-1,-1,-1,-1,-0.326,1,1,1,1,1,1,0.762,-0.964,-1,-1,-1,-1,-1,-1,-1,0.307,1,1,0.422,-0.32,-0.416,0.352,0.08,-0.993,-1,-1,-1,-1,-1,-1,-0.667,0.898,1,0.675,-0.94,-1,-1,-1,-1,-1,-1,-1,-1,-1,-1,-1,0.284,1,0.985,-0.327,-1,-1,-1,-1,-1,-1,-1,-1,-1,-1,-1,-0.985,0.919,1,0.682,-0.996,-1,-1,-1,-1,-1,-1,-1,-1,-1,-1,-1,-0.779,0.983,1,0.891,-0.903,-1,-1,-1,-1,-1,-1,-1,-1,-1,-1,-1,-1,0.386,0.618,0.043,-1,-1,-1,-1,-1,-1,-1,-1,-1
"591",-1,-1,-1,-1,-1,-0.715,-0.976,-1,-1,-1,-0.555,0.709,-0.672,-1,-1,-1,-1,-1,-1,-1,-0.837,0.919,0.253,-1,-1,-1,0.519,1,-0.008,-1,-1,-1,-1,-1,-1,-1,-0.321,1,0.858,-0.982,-1,-0.876,0.888,1,0.115,-1,-1,-1,-1,-1,-1,-0.943,0.806,1,0.103,-1,-1,-0.215,1,0.993,-0.504,-1,-1,-1,-1,-1,-1,-0.115,1,0.988,-0.716,-1,-1,0.425,1,0.938,-0.971,-1,-1,-1,-1,-1,-0.973,0.748,1,0.234,-0.999,-1,-0.955,0.889,1,0.312,-1,-1,-1,-1,-1,-1,-0.731,1,0.899,-0.893,-1,-1,-0.514,1,1,0.391,-0.485,-1,-1,-1,-1,-1,-0.634,1,0.983,0.2,0.239,0.455,0.788,1,1,1,0.968,-0.75,-1,-1,-1,-1,-0.937,0.371,1,1,1,1,1,1,0.816,0.043,-0.559,-1,-1,-1,-1,-1,-1,-0.967,-0.532,-0.091,-0.091,0.07,1,1,-0.265,-1,-1,-1,-1,-1,-1,-1,-1,-1,-1,-1,-1,-0.834,1,1,-0.714,-1,-1,-1,-1,-1,-1,-1,-1,-1,-1,-1,-1,-0.59,1,0.851,-0.955,-1,-1,-1,-1,-1,-1,-1,-1,-1,-1,-1,-1,-0.449,1,0.563,-1,-1,-1,-1,-1,-1,-1,-1,-1,-1,-1,-1,-1,-0.852,1,0.731,-1,-1,-1,-1,-1,-1,-1,-1,-1,-1,-1,-1,-1,-0.988,0.968,0.663,-1,-1,-1,-1,-1,-1,-1,-1,-1,-1,-1,-1,-1,-1,0.107,0.913,-0.964,-1,-1,-1,-1,-1
"592",-1,-1,-1,-1,-1,-1,-0.62,0.756,-0.034,-0.992,-1,-1,-1,-1,-1,-1,-1,-1,-1,-1,-1,-1,0.144,1,1,-0.366,-1,-1,-1,-1,-1,-1,-1,-1,-1,-1,-1,-1,0.248,1,1,0.63,-0.99,-1,-1,-1,-1,-1,-1,-1,-1,-1,-1,-1,0.575,1,1,1,-0.353,-1,-1,-1,-1,-1,-1,-1,-1,-1,-1,-0.984,0.664,1,1,1,-0.235,-1,-1,-1,-1,-1,-1,-1,-1,-1,-1,-0.985,0.769,1,1,1,-0.562,-1,-1,-1,-1,-1,-1,-1,-1,-1,-1,-0.861,0.972,1,1,0.986,-0.653,-1,-1,-1,-1,-1,-1,-1,-1,-1,-1,-0.562,1,1,1,0.34,-1,-1,-1,-1,-1,-1,-1,-1,-1,-1,-1,-0.235,1,1,0.988,-0.642,-1,-1,-1,-1,-1,-1,-1,-1,-1,-1,-1,-0.78,0.983,1,1,-0.536,-1,-1,-1,-1,-1,-1,-1,-1,-1,-1,-1,-0.878,0.963,1,1,-0.418,-1,-1,-1,-1,-1,-1,-1,-1,-1,-1,-1,-0.991,0.736,1,0.991,-0.736,-1,-1,-1,-1,-1,-1,-1,-1,-1,-1,-1,-1,-0.039,1,0.992,-0.619,-1,-1,-1,-1,-1,-1,-1,-1,-1,-1,-1,-1,-0.601,1,1,-0.51,-1,-1,-1,-1,-1,-1,-1,-1,-1,-1,-1,-1,-0.993,0.163,1,0.052,-1,-1,-1,-1,-1,-1,-1,-1,-1,-1,-1,-1,-1,-0.908,0.182,0.811,-0.975,-1,-1,-1,-1,-1
"593",-1,-1,-1,-1,-1,-1,-1,-1,-0.004,0.999,-0.243,-1,-1,-1,-1,-1,-1,-1,-1,-1,-1,-0.255,0.333,0.333,0.929,1,0.744,-0.998,-1,-1,-1,-1,-1,-1,-1,-1,0.017,0.877,1,1,1,1,1,-0.66,-1,-1,-1,-1,-1,-1,-1,-0.478,0.95,1,1,1,0.605,1,1,0.317,-0.988,-1,-1,-1,-1,-1,-1,0.063,1,1,1,0.713,-0.879,0.796,1,1,-0.484,-1,-1,-1,-1,-1,-0.507,0.951,1,1,0.931,-0.486,-1,-0.383,1,1,0.868,-0.967,-1,-1,-1,-1,0.528,1,1,1,0.064,-1,-1,-1,0.035,1,1,0.187,-1,-1,-1,-0.616,0.933,1,1,0.616,-0.933,-1,-1,-1,-0.754,0.998,1,0.915,-0.936,-1,-1,0.302,1,1,1,-0.303,-1,-1,-1,-1,-1,0.649,1,1,-0.427,-1,-1,0.498,1,1,1,-0.498,-1,-1,-1,-1,-1,0.054,1,1,0.168,-1,-1,-0.096,1,1,1,0.096,-1,-1,-1,-1,-0.984,0.431,1,1,0.466,-1,-1,0.099,1,1,0.998,-0.492,-1,-1,-0.997,-0.148,0.565,0.99,1,1,0.468,-1,-1,-0.434,0.939,1,1,1,0.56,0.256,1,1,1,1,1,0.962,-0.381,-1,-1,-1,-0.074,0.996,1,1,1,1,1,1,1,1,0.901,0.101,-1,-1,-1,-1,-1,-0.238,0.887,1,1,1,1,1,1,0.52,-0.183,-1,-1,-1,-1,-1,-1,-1,-0.619,0.111,0.797,0.61,0.111,0.111,-0.693,-0.923,-1,-1,-1,-1
"594",-1,-1,-1,-1,-1,-1,-1,-1,-0.48,0.953,-0.03,-0.999,-1,-1,-1,-1,-1,-1,-1,-1,-1,-1,-1,-1,-0.996,0.184,1,-0.654,-1,-1,-1,-1,-1,-1,-1,-1,-1,-0.893,-0.334,-0.742,-1,-0.699,0.971,0.064,-1,-1,-1,-1,-1,-1,-1,-1,-0.64,0.706,1,0.135,-1,-0.832,0.957,0.778,-0.908,-1,-1,-1,-1,-1,-1,-0.918,0.747,1,1,-0.662,-1,-1,0.56,1,-0.588,-1,-1,-1,-1,-1,-1,-0.265,1,1,0.197,-0.984,-1,-1,0.325,1,-0.133,-1,-1,-1,-1,-1,-1,0.422,1,0.991,-0.596,-1,-1,-1,0.331,1,0.409,-1,-1,-1,-1,-1,-0.985,0.698,1,0.777,-0.981,-1,-1,-1,0.316,1,0.6,-1,-1,-1,-1,-1,-0.998,0.717,1,0.438,-1,-1,-1,-1,0.498,1,0.818,-0.982,-1,-1,-1,-1,-1,0.353,1,0.796,-0.991,-1,-1,-0.982,0.771,1,0.544,-1,-1,-1,-1,-1,-1,-0.014,1,0.939,-0.767,-1,-1,-0.139,0.966,1,0.604,-1,-1,-1,-1,-1,-1,-0.848,0.852,1,-0.11,-1,-1,-0.057,1,1,0.573,-0.998,-1,-1,-1,-1,-1,-1,0.308,1,0.432,-1,-0.512,0.887,1,1,-0.199,-1,-1,-1,-1,-1,-1,-1,-0.737,0.888,0.999,0.406,0.959,1,1,0.83,-0.891,-1,-1,-1,-1,-1,-1,-1,-1,-0.582,0.874,1,1,1,1,-0.406,-1,-1,-1,-1,-1,-1,-1,-1,-1,-1,-0.783,0.216,0.769,0.747,-0.195,-0.962,-1,-1,-1,-1
"595",-1,-1,-1,-0.753,-0.15,0.347,0.887,0.446,0.137,-0.825,-1,-1,-1,-1,-1,-1,-1,-1,-0.977,0.728,1,1,1,1,1,0.865,-0.357,-1,-1,-1,-1,-1,-1,-1,-0.599,0.998,1,1,1,0.635,0.28,0.913,1,0.249,-0.842,-1,-1,-1,-1,-1,-0.685,0.932,1,1,0.931,-0.835,-1,-0.9,0.038,0.996,0.344,-1,-1,-1,-1,-1,-0.971,0.706,1,1,0.717,-0.989,-1,-1,-1,0.222,1,0.189,-1,-1,-1,-1,-0.611,0.994,1,1,0.454,-1,-1,-1,-1,-0.889,0.76,0.958,-0.844,-1,-1,-1,0.031,1,1,0.849,-0.656,-1,-1,-1,-1,-1,0.346,1,-0.348,-1,-1,-0.982,0.66,1,1,0.172,-1,-1,-1,-1,-1,-1,0.327,1,0.124,-1,-1,-0.656,0.982,1,0.963,-0.225,-1,-1,-1,-1,-1,-0.91,0.459,1,0.143,-1,-1,-0.16,1,1,0.685,-0.995,-1,-1,-1,-1,-1,0.076,1,1,-0.505,-1,-1,-0.032,1,1,0.556,-0.994,-1,-1,-1,-1,-0.194,0.944,1,0.905,-0.911,-1,-1,0.243,1,1,0.501,-1,-1,-1,-0.933,-0.123,0.946,1,1,0.637,-0.944,-1,-1,0.224,1,1,0.093,-1,-1,-0.59,0.727,1,1,1,0.274,-0.882,-1,-1,-1,-0.567,0.973,1,0.675,0.225,0.759,0.956,1,1,1,0.678,-0.92,-1,-1,-1,-1,-1,-0.118,0.972,1,1,1,1,1,1,0.921,-0.476,-1,-1,-1,-1,-1,-1,-1,-0.696,0.466,1,1,1,0.517,-0.412,-0.96,-1,-1,-1,-1,-1
"596",-1,-1,-1,-1,-1,-1,-0.144,0.492,-0.852,-1,-1,-1,-1,-1,-1,-1,-1,-1,-1,-1,-1,-1,-0.182,1,0.737,-0.848,-1,-1,-1,-1,-1,-1,-1,-1,-1,-1,-1,-1,-0.578,1,1,-0.288,-1,-1,-1,-1,-1,-1,-1,-1,-1,-1,-1,-1,-0.839,0.996,1,-0.162,-1,-1,-1,-1,-1,-1,-1,-1,-1,-1,-1,-1,-0.894,0.975,1,0.016,-1,-1,-1,-1,-1,-1,-1,-1,-1,-1,-1,-1,-0.947,0.972,1,0.24,-1,-1,-1,-1,-1,-1,-1,-1,-1,-1,-1,-1,-0.861,0.996,1,0.232,-1,-1,-1,-1,-1,-1,-1,-1,-1,-1,-1,-1,-0.875,0.994,1,0.224,-1,-1,-1,-1,-1,-1,-1,-1,-1,-1,-1,-1,-0.632,1,1,0.118,-1,-1,-1,-1,-1,-1,-1,-1,-1,-1,-1,-1,-0.392,1,1,-0.169,-1,-1,-1,-1,-1,-1,-1,-1,-1,-1,-1,-1,-0.283,1,1,-0.278,-1,-1,-1,-1,-1,-1,-1,-1,-1,-1,-1,-1,-0.13,1,1,-0.396,-1,-1,-1,-1,-1,-1,-1,-1,-1,-1,-1,-1,0.023,1,1,-0.419,-1,-1,-1,-1,-1,-1,-1,-1,-1,-1,-1,-1,0.229,1,1,-0.438,-1,-1,-1,-1,-1,-1,-1,-1,-1,-1,-1,-1,-0.242,1,1,-0.4,-1,-1,-1,-1,-1,-1,-1,-1,-1,-1,-1,-1,-0.992,0.122,0.695,-0.482,-1,-1,-1,-1,-1,-1
"597",-1,-1,-1,-1,-1,-1,-0.791,-0.868,-1,-0.956,0.693,-0.558,-1,-1,-1,-1,-1,-1,-1,-1,-1,-1,0.501,0.461,-0.999,-0.592,1,0.278,-1,-1,-1,-1,-1,-1,-1,-1,-1,-0.854,0.966,0.87,-0.993,-0.248,1,-0.015,-1,-1,-1,-1,-1,-1,-1,-1,-1,-0.138,1,0.294,-1,0.223,1,-0.349,-1,-1,-1,-1,-1,-1,-1,-1,-0.789,0.886,1,-0.5,-1,0.61,0.988,-0.833,-1,-1,-1,-1,-1,-1,-1,-1,0.259,1,0.411,-0.999,-0.922,0.947,0.83,-0.999,-1,-1,-1,-1,-1,-1,-1,-0.44,0.993,1,0.32,-0.08,0.056,1,0.739,-0.565,-1,-1,-1,-1,-1,-1,-1,0.064,1,1,1,1,1,1,1,0.926,-0.59,-1,-1,-1,-1,-1,-1,-0.841,-0.119,0.051,-0.003,0.051,0.748,1,0.988,0.996,-0.051,-1,-1,-1,-1,-1,-1,-1,-1,-1,-1,-1,0.75,0.95,-0.882,-0.847,-1,-1,-1,-1,-1,-1,-1,-1,-1,-1,-1,-0.874,0.975,0.691,-1,-1,-1,-1,-1,-1,-1,-1,-1,-1,-1,-1,-1,-0.521,1,0.387,-1,-1,-1,-1,-1,-1,-1,-1,-1,-1,-1,-1,-1,-0.233,1,0.14,-1,-1,-1,-1,-1,-1,-1,-1,-1,-1,-1,-1,-1,-0.076,1,-0.078,-1,-1,-1,-1,-1,-1,-1,-1,-1,-1,-1,-1,-1,0.135,1,-0.234,-1,-1,-1,-1,-1,-1,-1,-1,-1,-1,-1,-1,-1,-0.357,0.994,-0.418,-1,-1,-1,-1,-1,-1
"598",-1,-1,-1,-1,-1,-1,-0.426,0.706,-0.805,-1,-1,-1,-1,-1,-1,-1,-1,-1,-1,-1,-1,-1,-0.096,1,0.58,-1,-1,-1,-1,-1,-1,-1,-1,-1,-1,-1,-1,-1,-0.648,1,0.938,-0.983,-1,-1,-1,-1,-1,-1,-1,-1,-1,-1,-1,-1,-0.812,0.974,1,-0.698,-1,-1,-1,-1,-1,-1,-1,-1,-1,-1,-1,-1,-0.961,0.965,1,-0.386,-1,-1,-1,-1,-1,-1,-1,-1,-1,-1,-1,-1,-1,0.751,1,-0.179,-1,-1,-1,-1,-1,-1,-1,-1,-1,-1,-1,-1,-1,0.692,1,-0.12,-1,-1,-1,-1,-1,-1,-1,-1,-1,-1,-1,-1,-1,0.804,1,-0.07,-1,-1,-1,-1,-1,-1,-1,-1,-1,-1,-1,-1,-0.964,0.955,1,-0.162,-1,-1,-1,-1,-1,-1,-1,-1,-1,-1,-1,-1,-0.757,1,1,-0.367,-1,-1,-1,-1,-1,-1,-1,-1,-1,-1,-1,-1,-0.659,1,1,-0.456,-1,-1,-1,-1,-1,-1,-1,-1,-1,-1,-1,-1,-0.367,1,1,-0.719,-1,-1,-1,-1,-1,-1,-1,-1,-1,-1,-1,-1,-0.217,1,0.997,-0.857,-1,-1,-1,-1,-1,-1,-1,-1,-1,-1,-1,-1,-0.07,1,0.993,-0.913,-1,-1,-1,-1,-1,-1,-1,-1,-1,-1,-1,-1,-0.187,1,1,-0.745,-1,-1,-1,-1,-1,-1,-1,-1,-1,-1,-1,-1,-0.807,0.687,0.671,-0.975,-1,-1,-1,-1,-1,-1
"599",-1,-1,-1,-1,-1,-0.07,0.91,0.613,-0.229,-0.633,-1,-1,-1,-1,-1,-1,-1,-1,-1,-0.96,0.326,1,1,1,1,1,0.621,-0.64,-1,-1,-1,-1,-1,-1,-1,0.237,1,1,0.717,0.429,0.671,1,1,0.902,-0.548,-1,-1,-1,-1,-1,-0.544,1,1,0.558,-0.933,-1,-1,-0.64,0.607,1,0.885,-0.729,-1,-1,-1,-1,0.307,1,0.825,-0.826,-1,-1,-1,-1,-0.906,0.662,1,0.462,-0.994,-1,-1,-0.893,0.929,1,-0.097,-1,-1,-1,-1,-1,-1,-0.467,0.993,1,-0.547,-1,-1,-0.317,1,0.913,-0.903,-1,-1,-1,-1,-1,-1,-1,0.5,1,0.357,-1,-1,0.127,1,0.404,-1,-1,-1,-1,-1,-1,-1,-1,-0.037,1,0.69,-1,-1,0.488,1,-0.08,-1,-1,-1,-1,-1,-1,-1,-1,0.325,1,0.451,-1,-1,0.686,1,-0.401,-1,-1,-1,-1,-1,-1,-1,-1,0.727,1,-0.033,-1,-1,0.476,1,-0.191,-1,-1,-1,-1,-1,-1,-1,-0.65,0.984,1,-0.395,-1,-1,0.021,1,0.183,-1,-1,-1,-1,-1,-1,-0.895,0.448,1,0.999,-0.837,-1,-1,-0.515,1,0.96,-0.384,-1,-1,-1,-1,-0.607,0.725,1,1,0.352,-1,-1,-1,-0.978,0.477,1,1,0.676,0.429,0.429,0.549,1,1,1,0.733,-0.804,-1,-1,-1,-1,-0.832,0.366,1,1,1,1,1,1,1,0.441,-0.873,-1,-1,-1,-1,-1,-1,-1,-0.382,0.303,0.705,0.862,1,0.616,-0.308,-1,-1,-1,-1,-1
"600",-1,-1,-1,-1,-1,-1,-1,-0.128,0.974,-0.161,-1,-1,-1,-1,-1,-1,-1,-1,-1,-1,-1,-1,-0.986,0.587,1,0.899,-0.92,-1,-1,-1,-1,-1,-1,-1,-1,-1,-1,-1,-0.657,0.986,1,0.225,-1,-1,-1,-1,-1,-1,-1,-1,-1,-1,-1,-1,0.059,1,1,-0.197,-1,-1,-1,-1,-1,-1,-1,-1,-1,-1,-1,-0.996,0.656,1,1,-0.26,-1,-1,-1,-1,-1,-1,-1,-1,-1,-1,-1,-0.99,0.713,1,1,-0.477,-1,-1,-1,-1,-1,-1,-1,-1,-1,-1,-1,-0.981,0.767,1,0.979,-0.8,-1,-1,-1,-1,-1,-1,-1,-1,-1,-1,-1,-0.867,0.921,1,0.859,-0.949,-1,-1,-1,-1,-1,-1,-1,-1,-1,-1,-1,-0.625,0.999,1,0.59,-0.999,-1,-1,-1,-1,-1,-1,-1,-1,-1,-1,-1,-0.614,1,1,0.374,-1,-1,-1,-1,-1,-1,-1,-1,-1,-1,-1,-1,-0.878,0.943,1,0.691,-0.996,-1,-1,-1,-1,-1,-1,-1,-1,-1,-1,-1,-0.991,0.608,1,0.807,-0.97,-1,-1,-1,-1,-1,-1,-1,-1,-1,-1,-1,-1,0.219,1,0.937,-0.703,-1,-1,-1,-1,-1,-1,-1,-1,-1,-1,-1,-1,-0.686,0.944,1,0.143,-1,-1,-1,-1,-1,-1,-1,-1,-1,-1,-1,-1,-1,-0.01,1,0.9,-0.77,-1,-1,-1,-1,-1,-1,-1,-1,-1,-1,-1,-1,-0.95,0.072,0.75,-0.801,-1,-1,-1,-1,-1
"601",-1,-1,-1,-0.996,-0.567,-0.425,0.654,0.698,-0.569,-1,-1,-1,-1,-1,-1,-1,-1,-1,-0.99,0.177,0.971,1,1,1,0.828,-0.87,-1,-1,-1,-1,-1,-1,-1,-1,-0.505,0.994,1,1,1,1,1,0.989,-0.023,-0.75,-1,-1,-1,-1,-1,-1,-0.132,1,1,1,0.97,0.805,0.996,1,1,0.886,-0.299,-0.982,-1,-1,-1,-1,0.228,1,1,0.999,-0.194,-1,0.255,1,1,1,1,-0.109,-1,-1,-1,-0.899,0.886,1,1,0.379,-0.981,-1,-0.98,-0.348,0.476,0.945,1,0.986,-0.722,-1,-1,-0.253,1,1,1,-0.438,-1,-1,-1,-1,-1,-0.484,0.749,1,0.103,-1,-1,0.203,1,1,0.745,-0.904,-1,-1,-1,-1,-1,-0.999,0.653,1,0.486,-1,-1,0.638,1,1,0.062,-1,-1,-1,-1,-1,-1,-0.983,0.768,1,0.354,-1,-0.987,0.738,1,1,-0.203,-1,-1,-1,-1,-1,-1,-0.79,0.878,1,-0.025,-1,-1,0.559,1,0.999,-0.62,-1,-1,-1,-1,-1,-0.88,0.204,1,1,0.687,-0.987,-0.997,0.669,1,1,-0.428,-1,-1,-1,-1,-0.351,0.833,1,1,0.75,-0.648,-1,-1,0.08,1,1,-0.084,-0.756,-0.147,0.324,0.805,0.909,1,1,0.895,-0.295,-1,-1,-1,-0.74,0.981,1,1,1,1,1,1,1,1,0.567,-0.63,-1,-1,-1,-1,-1,-0.388,0.913,1,1,1,1,1,0.962,0.307,-0.824,-1,-1,-1,-1,-1,-1,-1,-0.594,0.681,1,1,1,0.461,-0.023,-0.999,-1,-1,-1,-1,-1
"602",-1,-1,-1,-1,-1,-1,-1,-0.649,-0.092,-0.784,-1,-1,-1,-1,-1,-1,-1,-1,-1,-1,-1,-1,-1,-0.586,0.915,0.942,-0.092,-0.927,-1,-1,-1,-1,-1,-1,-1,-1,-0.962,0.318,0.927,-0.367,-0.604,0.028,0.943,0.555,-0.84,-1,-1,-1,-1,-1,-1,-0.841,0.54,1,1,0.545,-0.987,-1,0.153,0.997,0.55,-0.949,-1,-1,-1,-1,-0.689,0.209,1,1,1,1,-0.784,-1,-1,0.556,1,0.194,-1,-1,-1,-0.74,0.801,1,0.97,0.854,1,0.744,-0.994,-1,-1,-0.913,0.815,0.991,-0.143,-1,-0.866,0.634,1,1,0.581,-0.424,1,0.894,-0.98,-1,-1,-1,-0.312,1,0.905,-0.842,-0.081,1,1,0.778,-0.799,-0.922,0.059,-0.354,-1,-1,-1,-1,-0.942,0.985,1,-0.015,0.867,1,1,-0.348,-1,-1,-1,-1,-1,-1,-1,-1,-1,0.778,1,0.44,0.602,1,1,-0.638,-1,-1,-1,-1,-1,-1,-1,-1,-1,0.512,1,0.705,0.337,1,1,-0.36,-1,-1,-1,-1,-1,-1,-1,-1,-1,0.539,1,0.679,0.071,1,1,0.71,-0.869,-1,-1,-1,-1,-1,-1,-1,-0.522,0.934,1,0.009,-0.855,0.875,1,1,0.606,-0.778,-1,-0.918,-0.69,-0.69,-0.453,0.242,0.907,1,0.664,-0.833,-1,-0.626,0.76,1,1,0.792,0.564,0.669,1,1,1,1,1,0.542,-0.696,-1,-1,-1,-0.786,0.405,1,1,1,1,1,1,1,1,0.687,-0.548,-1,-1,-1,-1,-1,-0.986,-0.837,-0.417,-0.092,-0.092,-0.092,-0.092,-0.092,-0.261,-0.921,-1,-1,-1
"603",-1,-1,-1,-1,-1,-1,-1,-1,-1,-1,-1,-1,-1,-1,-1,-1,-1,-1,-1,-1,-1,-1,-1,-1,-1,-0.883,-0.579,-0.941,-1,-1,-1,-1,-1,-1,-0.883,-0.709,-0.02,0.001,0.089,0.668,0.249,0.79,1,0.752,-0.18,-0.928,-1,-1,-1,-0.834,0.577,1,1,1,1,1,0.937,0.838,0.88,1,1,0.651,-0.685,-1,-0.993,0.255,1,1,1,1,0.593,-0.321,-0.664,-1,-0.859,-0.309,0.617,1,0.538,-0.989,-0.332,1,1,1,1,1,-0.805,-1,-1,-1,-1,-1,-0.897,0.747,1,-0.134,0.879,1,0.938,0.516,0.859,-0.127,-0.991,-1,-1,-1,-1,-1,-1,0.653,1,0.316,0.956,1,0.722,-1,-0.841,-0.999,-1,-1,-1,-1,-1,-1,-0.638,0.962,1,0.903,0.666,1,0.68,-1,-1,-1,-1,-1,-1,-1,-1,-1,-0.553,1,1,0.357,0.297,1,0.405,-0.985,-1,-1,-1,-1,-1,-1,-1,-0.969,0.317,1,1,-0.098,-0.566,0.99,1,0.135,-0.858,-1,-1,-1,-1,-1,-0.727,0.362,1,1,0.565,-0.861,-1,0.358,1,1,0.911,-0.246,0.257,0.257,0.257,0.343,0.98,1,1,0.519,-0.885,-1,-1,-0.952,0.265,0.959,1,1,1,1,1,1,1,0.987,0.36,-0.897,-1,-1,-1,-1,-1,-0.738,-0.11,0.308,0.711,0.711,0.988,0.742,0.382,-0.537,-1,-1,-1,-1,-1,-1,-1,-1,-1,-1,-1,-1,-0.599,-0.953,-1,-1,-1,-1,-1,-1,-1,-1,-1,-1,-1,-1,-1,-1,-1,-1,-1,-1,-1,-1,-1,-1
"604",-1,-1,-1,-1,-1,-1,-1,-1,-1,-1,-1,-1,-1,-1,-1,-1,-1,-1,-1,-1,-1,-1,-1,-1,-1,-1,-1,-1,-1,-1,-1,-1,-1,-1,-1,-1,-1,-1,-1,-0.848,-0.175,-0.1,-0.515,-1,-1,-1,-1,-1,-1,-1,-1,-1,-1,-1,-1,-0.756,0.865,1,0.995,0.838,-0.333,-1,-1,-1,-1,-0.998,0.111,0.316,0.29,-0.568,-1,-1,-0.985,-0.445,0.576,1,0.998,0.196,-1,-1,-0.862,0.678,1,1,1,0.995,0.242,-1,-1,-1,-0.995,-0.152,0.938,1,0.364,-0.942,0.152,1,1,0.931,0.41,1,0.998,-0.635,-1,-1,-1,-1,-0.444,1,1,-0.232,0.594,1,0.77,-0.817,-1,0.398,0.974,-0.823,-1,-1,-1,-1,-0.9,1,1,0.884,0.808,1,0.511,-1,-1,-0.807,-0.529,-1,-1,-1,-1,-1,-1,0.872,1,0.449,-0.086,1,0.801,-0.838,-1,-1,-1,-1,-1,-1,-1,-1,-0.591,0.908,1,0.228,-0.967,0.314,0.999,0.513,-0.531,-0.99,-1,-1,-1,-0.996,-0.983,-0.077,0.832,1,0.989,-0.645,-1,-1,0.345,1,1,0.817,0.349,0.349,0.349,0.538,1,1,0.996,0.61,-0.499,-1,-1,-1,-0.897,-0.05,0.814,1,1,1,1,1,1,0.99,0.025,-1,-1,-1,-1,-1,-1,-1,-0.968,-0.359,-0.126,0.306,0.306,0.306,0.288,-0.615,-1,-1,-1,-1,-1,-1,-1,-1,-1,-1,-1,-1,-1,-1,-1,-1,-1,-1,-1,-1,-1,-1,-1,-1,-1,-1,-1,-1,-1,-1,-1,-1,-1,-1,-1,-1
"605",-1,-1,-1,-1,-0.931,0.69,0.55,0.755,0.428,0.284,-0.309,-0.979,-1,-1,-1,-1,-1,-1,-1,-1,-0.909,0.906,1,1,1,1,1,0.395,-0.842,-1,-1,-1,-1,-1,-1,-0.948,-0.001,1,1,1,1,0.948,0.808,1,0.681,-0.835,-1,-1,-1,-1,-1,-0.079,1,1,1,1,0.997,-0.082,-0.811,0.55,1,0.405,-1,-1,-1,-0.996,0.104,0.929,1,1,1,0.536,-0.47,-1,-1,-0.656,0.999,0.986,-0.35,-1,-1,-0.571,0.988,1,1,0.863,-0.353,-0.948,-1,-1,-1,-1,0.764,1,0.541,-1,-1,-0.1,1,1,1,-0.227,-1,-1,-1,-1,-1,-1,0.431,1,0.707,-0.995,-1,0.464,1,1,0.697,-0.815,-1,-1,-1,-1,-1,-1,0.505,1,0.98,-0.853,-1,0.62,1,1,-0.171,-1,-1,-1,-1,-1,-1,-0.977,0.884,1,0.903,-0.932,-0.891,0.912,1,1,-0.572,-1,-1,-1,-1,-1,-1,-0.502,0.973,1,0.877,-0.98,-1,0.606,1,0.954,-0.845,-1,-1,-1,-1,-1,-0.688,0.539,1,1,0.332,-1,-1,-0.136,1,1,-0.64,-1,-1,-1,-1,-0.76,0.645,1,1,0.988,-0.546,-1,-1,-0.889,0.522,1,0.605,-0.85,-0.987,-0.714,-0.48,0.508,1,1,1,0.143,-1,-1,-1,-1,-0.807,0.718,1,0.88,0.715,0.997,1,1,1,1,0.465,-0.866,-1,-1,-1,-1,-1,-0.824,0.441,1,1,1,1,1,1,0.236,-0.998,-1,-1,-1,-1,-1,-1,-1,-0.969,-0.253,0.486,1,1,0.533,-0.196,-0.949,-1,-1,-1,-1
"606",-1,-1,-1,-1,-1,-1,-0.73,0.957,0.165,-0.973,-1,-1,-1,-1,-1,-1,-1,-1,-1,-1,-1,-1,-0.387,1,1,-0.487,-1,-1,-1,-1,-1,-1,-1,-1,-1,-1,-1,-1,-0.29,1,1,-0.152,-1,-1,-1,-1,-1,-1,-1,-1,-1,-1,-1,-1,0.359,1,1,-0.209,-1,-1,-1,-1,-1,-1,-1,-1,-0.479,-0.788,-1,-1,0.462,1,0.985,-0.513,-1,-1,-1,-1,-1,-1,-1,-0.545,0.956,0.919,-0.432,-0.998,0.733,1,0.894,-0.901,-1,-1,-1,-1,-1,-1,-1,0.151,1,1,0.759,-0.764,0.956,1,0.43,-1,-1,-1,-0.909,-0.38,-0.92,-1,-1,0.47,1,1,0.01,-0.49,1,1,0.236,-0.997,-0.575,0.062,0.807,1,0.467,-1,-1,0.419,1,1,-0.554,-0.399,1,1,0.709,0.628,0.981,1,1,1,0.029,-1,-1,-0.726,0.837,1,0.779,0.851,1,1,1,1,1,1,0.565,-0.249,-0.939,-1,-1,-1,-0.79,0.575,1,1,1,1,1,0.848,0.367,-0.358,-0.94,-1,-1,-1,-1,-1,-1,-0.984,-0.349,0.454,1,1,0.107,-0.912,-1,-1,-1,-1,-1,-1,-1,-1,-1,-1,-1,-0.409,1,0.999,-0.738,-1,-1,-1,-1,-1,-1,-1,-1,-1,-1,-1,-1,-0.732,0.982,0.989,-0.785,-1,-1,-1,-1,-1,-1,-1,-1,-1,-1,-1,-1,-0.983,0.471,1,-0.37,-1,-1,-1,-1,-1,-1,-1,-1,-1,-1,-1,-1,-1,-0.872,0.163,0.03,-1,-1,-1,-1,-1,-1,-1
"607",-1,-1,-0.645,0.376,0.984,1,0.704,0.305,-0.29,-0.925,-1,-1,-1,-1,-1,-1,-1,-1,0.18,1,1,1,1,1,1,0.843,0.026,-0.946,-1,-1,-1,-1,-1,-1,-0.928,0.398,1,1,1,1,1,1,1,0.4,-0.93,-1,-1,-1,-1,-1,-1,-0.807,0.887,1,1,1,1,1,1,1,0.574,-0.877,-1,-1,-1,-1,-0.906,0.291,1,1,1,1,0.693,-0.204,0.058,0.993,1,0.451,-0.921,-1,-1,-1,-0.275,1,1,1,0.975,-0.101,-0.979,-1,-1,-0.064,1,1,-0.277,-1,-1,-0.9,0.72,1,1,0.951,-0.245,-1,-1,-1,-1,-0.519,1,1,0.425,-1,-1,-0.183,1,1,1,0.044,-1,-1,-1,-1,-1,-0.747,0.994,1,0.964,-0.838,-0.914,0.691,1,1,0.809,-0.922,-1,-1,-1,-1,-1,-0.593,1,1,0.967,-0.608,-0.669,1,1,1,0.088,-1,-1,-1,-1,-1,-1,0.109,1,1,0.872,-0.968,-0.694,1,1,0.989,-0.787,-1,-1,-1,-1,-0.959,-0.186,0.976,1,1,0.337,-1,-0.558,1,1,0.931,-0.914,-1,-1,-0.975,-0.664,0.214,1,1,1,0.969,0.036,-1,-0.994,0.649,1,1,0.108,0.296,-0.098,0.348,1,1,1,1,1,0.529,-1,-1,-1,-0.588,1,1,1,1,1,1,1,1,1,0.867,-0.271,-0.909,-1,-1,-1,-0.997,-0.252,0.89,1,1,1,1,1,1,0.684,-0.532,-1,-1,-1,-1,-1,-1,-1,-0.695,0.444,0.844,0.761,0.771,0.234,-0.302,-0.943,-1,-1,-1,-1,-1
"608",-1,-1,-1,-1,-1,-1,-1,-1,-1,-0.017,0.628,-0.919,-1,-1,-1,-1,-1,-1,-1,-1,-1,-1,-1,-1,-1,-0.136,1,-0.741,-1,-1,-1,-1,-1,-1,-1,-1,-1,-0.594,-0.809,-1,-1,-0.566,1,-0.597,-1,-1,-1,-1,-1,-1,-1,-1,-0.77,0.951,-0.172,-1,-1,-0.392,1,-0.453,-1,-1,-1,-1,-1,-1,-1,-1,-0.075,0.956,-0.853,-1,-1,-0.517,1,-0.633,-1,-1,-1,-1,-1,-1,-1,-1,0.302,0.752,-1,-1,-1,-0.229,0.992,-0.773,-1,-1,-1,-1,-1,-1,-1,-0.996,0.858,0.293,-1,-1,-1,-0.062,0.996,-0.925,-1,-1,-1,-1,-1,-1,-1,-0.748,1,-0.046,-1,-1,-1,0.289,0.789,-0.484,-0.823,-1,-1,-1,-1,-1,-1,-0.493,1,0.378,-0.577,-0.494,0.008,0.861,1,0.799,-0.771,-1,-1,-1,-1,-1,-1,-0.994,0.494,1,1,0.984,0.863,1,0.427,-0.768,-1,-1,-1,-1,-1,-1,-1,-1,-0.933,-0.718,-0.718,-0.742,-0.613,1,-0.333,-1,-1,-1,-1,-1,-1,-1,-1,-1,-1,-1,-1,-1,-0.059,0.984,-0.795,-1,-1,-1,-1,-1,-1,-1,-1,-1,-1,-1,-1,-1,0.292,0.717,-1,-1,-1,-1,-1,-1,-1,-1,-1,-1,-1,-1,-1,-1,0.224,0.48,-1,-1,-1,-1,-1,-1,-1,-1,-1,-1,-1,-1,-1,-1,0.08,0.664,-0.868,-1,-1,-1,-1,-1,-1,-1,-1,-1,-1,-1,-1,-1,-0.465,0.995,-0.185,-1,-1,-1,-1,-1
"609",-1,-1,-1,-1,-1,-1,-1,-0.295,0.734,-0.643,-1,-1,-1,-1,-1,-1,-1,-1,-1,-1,-1,-1,-1,0.589,0.878,-0.671,-1,-1,-1,-1,-1,-1,-1,-1,-1,-1,-1,-1,-0.923,0.947,0.422,-1,-1,-1,-1,-1,-1,-1,-1,-1,-1,-1,-1,-1,-0.591,1,0.204,-1,-1,-1,-1,-1,-1,-1,-1,-1,-1,-1,-1,-1,-0.506,1,0.169,-1,-1,-1,-1,-1,-1,-1,-1,-1,-1,-1,-1,-1,-0.321,1,0.15,-1,-1,-1,-1,-1,-1,-1,-1,-1,-1,-1,-1,-1,-0.602,1,0.065,-1,-1,-1,-1,-1,-1,-1,-1,-1,-1,-1,-1,-1,-0.882,0.999,-0.02,-1,-1,-1,-1,-1,-1,-1,-1,-1,-1,-1,-1,-1,-0.649,1,0.261,-1,-1,-1,-1,-1,-1,-1,-1,-1,-1,-1,-1,-1,-0.697,1,0.176,-1,-1,-1,-1,-1,-1,-1,-1,-1,-1,-1,-1,-1,-0.695,1,0.224,-1,-1,-1,-1,-1,-1,-1,-1,-1,-1,-1,-1,-1,-0.776,1,0.073,-1,-1,-1,-1,-1,-1,-1,-1,-1,-1,-1,-1,-1,-0.741,1,0.354,-1,-1,-1,-1,-1,-1,-1,-1,-1,-1,-1,-1,-1,-0.975,0.953,0.635,-1,-1,-1,-1,-1,-1,-1,-1,-1,-1,-1,-1,-1,-1,0.28,0.911,-0.994,-1,-1,-1,-1,-1,-1,-1,-1,-1,-1,-1,-1,-1,-0.439,0.676,-0.94,-1,-1,-1,-1,-1,-1
"610",-1,-1,-1,-1,-1,-1,-1,-1,-0.991,0.617,0.495,-0.747,-1,-1,-1,-1,-1,-1,-1,-1,-1,-1,-1,-1,-0.806,0.969,1,-0.166,-1,-1,-1,-1,-1,-1,-1,-1,-1,-1,-1,-1,-0.111,1,0.942,-0.877,-1,-1,-1,-1,-1,-1,-1,-1,-1,-1,-1,-1,0.223,1,0.903,-0.911,-1,-1,-1,-1,-1,-1,-1,-1,-1,-1,-1,-1,0.369,1,0.999,-0.689,-1,-1,-1,-1,-1,-1,-0.865,0.699,0.422,-0.925,-1,-1,0.384,1,0.965,-0.757,-1,-1,-1,-1,-1,-1,-0.186,1,0.991,-0.576,-1,-1,0.558,1,0.974,-0.426,-0.617,-0.942,-1,-1,-1,-1,-0.228,1,1,-0.542,-1,-1,0.545,1,1,1,0.994,-0.312,-1,-1,-1,-1,-0.59,1,0.995,-0.443,-0.181,-0.021,0.825,1,1,0.942,0.177,-0.974,-1,-1,-1,-1,-1,0.499,1,1,1,1,1,1,1,-0.217,-1,-1,-1,-1,-1,-1,-1,-0.81,0.372,0.924,1,0.944,0.606,1,1,-0.348,-1,-1,-1,-1,-1,-1,-1,-1,-1,-0.739,-0.532,-0.613,-0.509,1,1,-0.276,-1,-1,-1,-1,-1,-1,-1,-1,-1,-1,-1,-1,-0.479,1,1,-0.35,-1,-1,-1,-1,-1,-1,-1,-1,-1,-1,-1,-1,-0.913,0.841,1,-0.394,-1,-1,-1,-1,-1,-1,-1,-1,-1,-1,-1,-1,-0.998,0.55,1,-0.047,-1,-1,-1,-1,-1,-1,-1,-1,-1,-1,-1,-1,-1,-0.539,0.831,-0.352,-1,-1,-1,-1
"611",-1,-1,-1,-1,-1,-1,-0.105,0.786,-0.475,-1,-1,-1,-1,-1,-1,-1,-1,-1,-1,-1,-1,-1,-0.239,1,0.801,-0.965,-1,-1,-1,-1,-1,-1,-1,-1,-1,-1,-1,-1,-0.131,1,0.992,-0.75,-1,-1,-1,-1,-1,-1,-1,-1,-1,-1,-1,-1,-0.264,1,1,-0.382,-1,-1,-1,-1,-1,-1,-1,-1,-1,-1,-1,-1,-0.398,1,1,-0.158,-1,-1,-1,-1,-1,-1,-1,-1,-1,-1,-1,-1,-0.763,0.99,1,0.097,-1,-1,-1,-1,-1,-1,-1,-1,-1,-1,-1,-1,-0.863,0.956,1,0.231,-1,-1,-1,-1,-1,-1,-1,-1,-1,-1,-1,-1,-0.789,0.99,1,0.364,-1,-1,-1,-1,-1,-1,-1,-1,-1,-1,-1,-1,-0.686,0.995,1,0.498,-1,-1,-1,-1,-1,-1,-1,-1,-1,-1,-1,-1,-0.638,0.995,1,0.39,-1,-1,-1,-1,-1,-1,-1,-1,-1,-1,-1,-1,-0.263,1,1,0.523,-1,-1,-1,-1,-1,-1,-1,-1,-1,-1,-1,-1,-0.275,1,1,0.536,-1,-1,-1,-1,-1,-1,-1,-1,-1,-1,-1,-1,0.015,1,1,0.337,-1,-1,-1,-1,-1,-1,-1,-1,-1,-1,-1,-1,0.486,1,1,-0.134,-1,-1,-1,-1,-1,-1,-1,-1,-1,-1,-1,-1,0.594,1,0.968,-0.785,-1,-1,-1,-1,-1,-1,-1,-1,-1,-1,-1,-1,-0.257,0.988,-0.314,-1,-1,-1,-1,-1,-1,-1
"612",-1,-1,-1,-1,-1,-1,-0.43,1,0.123,-1,-1,-1,-1,-1,-1,-1,-1,-1,-1,-1,-1,-1,0.113,1,0.994,-0.684,-1,-1,-1,-1,-1,-1,-1,-1,-1,-1,-1,-1,0.282,1,1,0.123,-1,-1,-1,-1,-1,-1,-1,-1,-1,-1,-1,-1,0.076,1,1,0.468,-1,-1,-1,-1,-1,-1,-1,-1,-1,-1,-1,-1,0.245,1,1,0.3,-1,-1,-1,-1,-1,-1,-1,-1,-1,-1,-1,-1,0.087,1,1,0.131,-1,-1,-1,-1,-1,-1,-1,-1,-1,-1,-1,-1,0.536,1,1,0.336,-1,-1,-1,-1,-1,-1,-1,-1,-1,-1,-1,-1,0.378,1,1,0.167,-1,-1,-1,-1,-1,-1,-1,-1,-1,-1,-1,-1,0.243,1,1,0.372,-1,-1,-1,-1,-1,-1,-1,-1,-1,-1,-1,-1,-0.15,1,1,0.577,-1,-1,-1,-1,-1,-1,-1,-1,-1,-1,-1,-1,-0.355,1,1,0.409,-1,-1,-1,-1,-1,-1,-1,-1,-1,-1,-1,-1,0.188,1,1,0.52,-1,-1,-1,-1,-1,-1,-1,-1,-1,-1,-1,-1,0.38,1,1,0.164,-1,-1,-1,-1,-1,-1,-1,-1,-1,-1,-1,-1,0.502,1,0.999,-0.237,-1,-1,-1,-1,-1,-1,-1,-1,-1,-1,-1,-1,-0.053,1,0.975,-0.733,-1,-1,-1,-1,-1,-1,-1,-1,-1,-1,-1,-1,-0.48,0.846,0.312,-0.987,-1,-1,-1,-1,-1,-1
"613",-1,-1,-1,-1,-1,-0.212,0.08,-0.99,-1,-1,-1,-1,0.505,-0.861,-1,-1,-1,-1,-1,-1,-0.739,0.824,1,-0.546,-1,-1,-1,-0.738,0.996,-0.614,-1,-1,-1,-1,-1,-0.957,0.682,1,0.994,-0.785,-1,-1,-1,-0.117,1,-0.368,-1,-1,-1,-1,-1,0.075,1,0.871,0.024,-0.971,-1,-1,-0.845,0.835,1,-0.347,-1,-1,-1,-1,-0.595,0.988,1,0.799,-1,-1,-1,-1,-0.103,1,0.666,-0.96,-1,-1,-1,-1,-0.451,1,0.863,-0.591,-1,-1,-1,-0.928,0.836,1,-0.079,-1,-1,-1,-1,-1,-0.617,0.944,0.974,0.468,-0.181,0.302,0.302,0.459,1,0.952,-0.784,-1,-1,-1,-1,-1,-1,-0.191,0.821,1,1,1,1,1,1,0.221,-1,-1,-1,-1,-1,-1,-1,-1,-0.9,-0.566,-0.238,-0.238,0.447,1,0.838,-0.942,-1,-1,-1,-1,-1,-1,-1,-1,-1,-1,-1,-0.978,0.528,1,0.142,-1,-1,-1,-1,-1,-1,-1,-1,-1,-1,-1,-1,-0.568,1,0.961,-0.741,-1,-1,-1,-1,-1,-1,-1,-1,-1,-1,-1,-1,0.185,1,0.386,-1,-1,-1,-1,-1,-1,-1,-1,-1,-1,-1,-1,-0.928,0.867,0.998,-0.624,-1,-1,-1,-1,-1,-1,-1,-1,-1,-1,-1,-1,-0.325,1,0.736,-0.985,-1,-1,-1,-1,-1,-1,-1,-1,-1,-1,-1,-1,-0.337,1,0.665,-0.998,-1,-1,-1,-1,-1,-1,-1,-1,-1,-1,-1,-1,-0.764,0.793,0.366,-0.985,-1,-1,-1,-1,-1,-1
"614",-1,-1,-1,-1,-1,-1,-1,0.537,0.143,-1,-1,-1,-1,-1,-1,-1,-1,-1,-1,-1,-1,-1,-1,0.617,0.937,-0.941,-1,-1,-1,-1,-1,-1,-1,-1,-1,-1,-1,-1,-0.899,0.944,0.7,-0.999,-1,-1,-1,-1,-1,-1,-1,-1,-1,-1,-1,-1,-0.509,1,0.784,-0.93,-1,-1,-1,-1,-1,-1,-1,-1,-1,-1,-1,-1,-0.696,1,0.992,-0.634,-1,-1,-1,-1,-1,-1,-1,-1,-1,-1,-1,-1,-0.78,0.997,0.905,-0.959,-1,-1,-1,-1,-1,-1,-1,-1,-1,-1,-1,-1,-0.753,0.999,0.934,-0.935,-1,-1,-1,-1,-1,-1,-1,-1,-1,-1,-1,-1,-0.802,0.994,0.958,-0.905,-1,-1,-1,-1,-1,-1,-1,-1,-1,-1,-1,-1,-0.832,0.987,1,-0.759,-1,-1,-1,-1,-1,-1,-1,-1,-1,-1,-1,-1,-0.872,0.973,1,-0.572,-1,-1,-1,-1,-1,-1,-1,-1,-1,-1,-1,-1,-0.907,0.954,1,-0.651,-1,-1,-1,-1,-1,-1,-1,-1,-1,-1,-1,-1,-0.786,0.978,1,-0.731,-1,-1,-1,-1,-1,-1,-1,-1,-1,-1,-1,-1,-0.678,1,0.98,-0.84,-1,-1,-1,-1,-1,-1,-1,-1,-1,-1,-1,-1,-0.599,1,0.849,-0.988,-1,-1,-1,-1,-1,-1,-1,-1,-1,-1,-1,-1,-0.653,1,0.959,-0.911,-1,-1,-1,-1,-1,-1,-1,-1,-1,-1,-1,-1,-0.974,0.467,0.297,-0.994,-1,-1,-1,-1,-1,-1
"615",-1,-1,-1,-1,-1,-1,-1,-1,-1,-1,-1,-0.417,0.985,-0.27,-1,-1,-1,-1,-1,-1,-1,-1,-1,-1,-1,-1,-1,0.084,1,0.496,-1,-1,-1,-1,-1,-1,-0.999,-0.302,-0.951,-1,-1,-1,-1,0.21,1,0.173,-1,-1,-1,-1,-1,-1,-0.097,0.995,-0.037,-1,-1,-1,-1,0.434,1,0.007,-1,-1,-1,-1,-1,-0.396,0.967,1,-0.232,-1,-1,-1,-0.838,0.96,1,-0.316,-1,-1,-1,-1,-0.964,0.626,1,0.617,-0.98,-1,-1,-1,-0.338,1,1,-0.481,-1,-1,-1,-1,-0.522,0.999,1,-0.021,-1,-1,-1,-1,0.014,1,1,-0.657,-1,-1,-1,-1,0.135,1,0.968,-0.804,-1,-1,-1,-0.853,0.427,1,1,-0.408,-1,-1,-1,-1,0.291,1,1,0.341,0.158,0.243,0.719,0.86,1,1,0.409,-0.959,-1,-1,-1,-1,-0.807,0.353,1,1,1,1,1,1,1,1,-0.483,-1,-1,-1,-1,-1,-1,-0.985,-0.521,0.104,0.333,0.297,-0.228,0.235,1,0.993,-0.366,-1,-1,-1,-1,-1,-1,-1,-1,-1,-1,-1,-1,0.004,1,0.768,-0.996,-1,-1,-1,-1,-1,-1,-1,-1,-1,-1,-1,-1,-0.116,1,0.814,-1,-1,-1,-1,-1,-1,-1,-1,-1,-1,-1,-1,-1,-0.088,1,0.999,-0.425,-1,-1,-1,-1,-1,-1,-1,-1,-1,-1,-1,-1,-0.469,0.985,1,0.295,-1,-1,-1,-1,-1,-1,-1,-1,-1,-1,-1,-1,-1,0.224,0.698,-0.849,-1,-1,-1
"616",-1,-1,-1,-1,-1,-1,-0.512,1,0.575,-0.673,-1,-1,-1,-1,-1,-1,-1,-1,-1,-1,-1,-1,-0.22,1,1,0.112,-1,-1,-1,-1,-1,-1,-1,-1,-1,-1,-1,-1,-0.488,1,1,-0.254,-1,-1,-1,-1,-1,-1,-1,-1,-1,-1,-1,-1,-0.514,1,1,-0.588,-1,-1,-1,-1,-1,-1,-1,-1,-1,-1,-1,-1,-0.707,0.999,1,-0.225,-1,-1,-1,-1,-1,-1,-1,-1,-1,-1,-1,-1,-0.565,1,1,-0.199,-1,-1,-1,-1,-1,-1,-1,-1,-1,-1,-1,-1,-0.241,1,1,-0.184,-1,-1,-1,-1,-1,-1,-1,-1,-1,-1,-1,-1,-0.034,1,1,-0.561,-1,-1,-1,-1,-1,-1,-1,-1,-1,-1,-1,-1,-0.059,1,1,-0.366,-1,-1,-1,-1,-1,-1,-1,-1,-1,-1,-1,-1,-0.19,1,1,-0.51,-1,-1,-1,-1,-1,-1,-1,-1,-1,-1,-1,-1,0.134,1,1,-0.453,-1,-1,-1,-1,-1,-1,-1,-1,-1,-1,-1,-1,-0.061,1,1,-0.703,-1,-1,-1,-1,-1,-1,-1,-1,-1,-1,-1,-1,-0.086,1,1,-0.677,-1,-1,-1,-1,-1,-1,-1,-1,-1,-1,-1,-1,-0.472,1,1,-0.652,-1,-1,-1,-1,-1,-1,-1,-1,-1,-1,-1,-1,-0.864,0.975,1,-0.193,-1,-1,-1,-1,-1,-1,-1,-1,-1,-1,-1,-1,-0.994,-0.204,0.921,-0.518,-1,-1,-1,-1,-1,-1
"617",-1,-1,-1,-1,-1,-1,-0.892,0.446,0.813,-0.058,-1,-1,-1,-1,-1,-1,-1,-1,-1,-1,-1,-1,-0.147,1,0.476,-0.277,-0.983,-1,-1,-1,-1,-1,-1,-1,-1,-1,-1,-1,0.42,1,-0.305,-1,-1,-1,-1,-1,-1,-1,-1,-1,-1,-1,-1,-1,0.568,0.87,-0.899,-1,-1,-1,-1,-1,-1,-1,-1,-1,-1,-1,-1,-0.996,0.752,0.866,-0.966,-1,-1,-1,-1,-1,-1,-1,-1,-1,-1,-1,-1,-0.983,0.81,0.723,-0.997,-1,-1,-1,-1,-1,-1,-1,-1,-1,-1,-1,-1,-1,0.662,0.718,-0.997,-1,-1,-1,-1,-1,-1,-1,-1,-1,-1,-1,-1,-1,0.471,0.899,-0.961,-1,-1,-1,-1,-1,-1,-1,-1,-1,-1,-1,-1,-1,0.045,0.998,-0.738,-1,-1,-1,-1,-1,-1,-1,-1,-1,-1,-1,-1,-1,-0.277,1,-0.419,-1,-1,-1,-1,-1,-1,-1,-1,-1,-1,-1,-1,-1,-0.7,0.997,-0.411,-1,-1,-1,-1,-1,-1,-1,-1,-1,-1,-1,-1,-1,-0.554,1,-0.089,-1,-1,-1,-1,-1,-1,-1,-1,-1,-1,-1,-1,-1,-0.575,1,0.023,-1,-1,-1,-1,-1,-1,-1,-1,-1,-1,-1,-1,-1,-0.687,1,0.005,-1,-1,-1,-1,-1,-1,-1,-1,-1,-1,-1,-1,-1,-0.876,0.972,-0.065,-1,-1,-1,-1,-1,-1,-1,-1,-1,-1,-1,-1,-1,-0.978,0.647,-0.031,-1,-1,-1,-1,-1,-1,-1
"618",-1,-1,-1,-1,-1,-0.729,0.383,0.457,0.604,0.457,0.125,-0.881,-1,-1,-1,-1,-1,-1,-1,-1,-0.979,0.61,1,0.976,0.571,0.254,0.563,0.749,-0.693,-1,-1,-1,-1,-1,-1,-1,-0.093,0.998,0.817,-0.519,-1,-1,-0.982,0.135,0.624,-0.973,-1,-1,-1,-1,-1,-0.959,0.77,0.885,-0.614,-1,-1,-1,-1,-0.913,0.876,-0.545,-1,-1,-1,-1,-1,-0.403,1,0.2,-1,-1,-1,-1,-1,-1,0.398,0.314,-1,-1,-1,-1,-1,0.374,1,-0.412,-1,-1,-1,-1,-1,-1,-0.149,0.695,-0.981,-1,-1,-1,-0.78,0.959,0.951,-0.791,-1,-1,-1,-1,-1,-1,-0.19,0.946,-0.897,-1,-1,-1,-0.1,1,0.365,-1,-1,-1,-1,-1,-1,-1,-0.535,1,-0.606,-1,-1,-1,0.208,0.999,-0.411,-1,-1,-1,-1,-1,-1,-1,-0.576,1,-0.537,-1,-1,-0.887,0.891,0.758,-0.965,-1,-1,-1,-1,-1,-1,-1,-0.571,1,-0.322,-1,-1,-0.704,0.988,0.512,-1,-1,-1,-1,-1,-1,-1,-1,-0.263,1,-0.4,-1,-1,-0.325,1,-0.063,-1,-1,-1,-1,-1,-1,-1,-1,0.018,1,-0.368,-1,-1,-0.54,1,0.08,-1,-1,-1,-1,-1,-1,-1,-0.998,0.443,0.968,-0.764,-1,-1,-0.943,0.709,0.494,-0.996,-1,-1,-1,-1,-1,-1,-0.258,0.995,0.39,-0.999,-1,-1,-1,-0.503,0.867,-0.303,-1,-1,-1,-0.948,-0.383,0.565,0.974,0.868,-0.641,-1,-1,-1,-1,-1,-0.293,0.843,0.442,0.085,0.325,0.711,1,0.928,0.343,-0.696,-1,-1,-1
"619",-1,-1,-1,-1,-1,-1,-1,-1,-1,-1,-1,-0.976,0.322,0.025,-1,-1,-1,-1,-1,-1,-1,-1,-1,-1,-1,-1,-1,-0.836,1,0.392,-1,-1,-1,-1,-1,-0.54,0.978,0.019,-1,-1,-1,-1,-1,-0.266,1,0.068,-1,-1,-1,-1,-1,0.256,0.604,-0.601,-1,-1,-1,-1,-1,0.355,1,-0.453,-1,-1,-1,-1,-0.68,1,0.136,-1,-1,-1,-1,-1,-1,0.629,0.972,-0.848,-1,-1,-1,-1,-0.158,1,-0.484,-1,-1,-1,-1,-1,-0.824,0.975,0.897,-0.998,-1,-1,-1,-1,0.314,0.969,-0.925,-1,-1,-1,-1,-0.859,0.272,1,0.659,-0.986,-1,-1,-1,-1,0.342,0.972,-0.857,-1,-1,-0.774,0.151,0.915,1,1,-0.144,-1,-1,-1,-1,-1,0.073,0.983,-0.888,-0.408,0.412,1,0.87,-0.052,0.75,1,-0.567,-1,-1,-1,-1,-1,-0.393,1,0.852,1,1,0.345,-0.829,-0.938,0.928,0.938,-0.928,-1,-1,-1,-1,-1,-1,-0.169,0.732,0.362,-0.481,-1,-1,-0.859,0.975,0.637,-1,-1,-1,-1,-1,-1,-1,-1,-1,-1,-1,-1,-1,-0.854,0.998,0.51,-1,-1,-1,-1,-1,-1,-1,-1,-1,-1,-1,-1,-1,-0.631,1,0.335,-1,-1,-1,-1,-1,-1,-1,-1,-1,-1,-1,-1,-1,-0.603,1,0.307,-1,-1,-1,-1,-1,-1,-1,-1,-1,-1,-1,-1,-1,-0.427,1,0.674,-1,-1,-1,-1,-1,-1,-1,-1,-1,-1,-1,-1,-1,-0.869,0.58,-0.047,-0.998,-1,-1,-1
"620",-1,-1,-1,-1,-1,-1,-0.777,0.818,-0.72,-1,-1,-1,-1,-1,-1,-1,-1,-1,-1,-1,-1,-1,-0.761,0.832,-0.132,-1,-1,-1,-1,-1,-1,-1,-1,-1,-1,-1,-1,-1,-1,-0.134,0.655,-1,-1,-1,-1,-1,-1,-1,-1,-1,-1,-1,-1,-1,-1,-0.232,0.952,-0.836,-1,-1,-1,-1,-1,-1,-1,-1,-1,-1,-1,-1,-1,-0.476,1,-0.858,-1,-1,-1,-1,-1,-1,-1,-1,-1,-1,-1,-1,-1,-0.393,1,-0.614,-1,-1,-1,-1,-1,-1,-1,-1,-1,-1,-1,-1,-1,-0.527,1,-0.643,-1,-1,-1,-1,-1,-1,-1,-1,-1,-1,-1,-1,-1,-0.372,1,-0.653,-1,-1,-1,-1,-1,-1,-1,-1,-1,-1,-1,-1,-1,-0.289,1,-0.809,-1,-1,-1,-1,-1,-1,-1,-1,-1,-1,-1,-1,-1,-0.169,0.978,-0.87,-1,-1,-1,-1,-1,-1,-1,-1,-1,-1,-1,-1,-1,-0.068,0.996,-0.917,-1,-1,-1,-1,-1,-1,-1,-1,-1,-1,-1,-1,-1,0.087,0.988,-0.883,-1,-1,-1,-1,-1,-1,-1,-1,-1,-1,-1,-1,-1,0.189,0.89,-0.958,-1,-1,-1,-1,-1,-1,-1,-1,-1,-1,-1,-1,-0.997,0.595,0.558,-1,-1,-1,-1,-1,-1,-1,-1,-1,-1,-1,-1,-1,-0.999,0.898,0.33,-1,-1,-1,-1,-1,-1,-1,-1,-1,-1,-1,-1,-1,-1,0.438,-0.116,-1,-1,-1,-1,-1,-1,-1
"621",-1,-1,-1,-1,-1,-1,-0.706,0.775,0.37,-0.985,-1,-1,-1,-1,-1,-1,-1,-1,-1,-1,-1,-1,-0.77,0.901,0.655,-0.956,-1,-1,-1,-1,-1,-1,-1,-1,-1,-1,-1,-1,-1,0.512,0.522,-1,-1,-1,-1,-1,-1,-1,-1,-1,-1,-1,-1,-1,-1,0.338,0.695,-1,-1,-1,-1,-1,-1,-1,-1,-1,-1,-1,-1,-1,-1,0.164,0.869,-1,-1,-1,-1,-1,-1,-1,-1,-1,-1,-1,-1,-1,-1,0.248,0.945,-0.973,-1,-1,-1,-1,-1,-1,-1,-1,-1,-1,-1,-1,-1,0.25,0.783,-1,-1,-1,-1,-1,-1,-1,-1,-1,-1,-1,-1,-1,-1,0.076,0.952,-0.995,-1,-1,-1,-1,-1,-1,-1,-1,-1,-1,-1,-1,-1,0.148,0.916,-0.938,-1,-1,-1,-1,-1,-1,-1,-1,-1,-1,-1,-1,-1,0.467,0.754,-1,-1,-1,-1,-1,-1,-1,-1,-1,-1,-1,-1,-1,-1,0.691,0.612,-1,-1,-1,-1,-1,-1,-1,-1,-1,-1,-1,-1,-1,-0.983,0.805,0.364,-1,-1,-1,-1,-1,-1,-1,-1,-1,-1,-1,-1,-1,-0.998,0.939,0.327,-1,-1,-1,-1,-1,-1,-1,-1,-1,-1,-1,-1,-1,-1,0.767,0.525,-0.861,-1,-1,-1,-1,-1,-1,-1,-1,-1,-1,-1,-1,-0.989,0.898,1,-0.612,-1,-1,-1,-1,-1,-1,-1,-1,-1,-1,-1,-1,-1,0.572,0.11,-1,-1,-1,-1,-1,-1,-1
"622",-1,-1,-1,-1,-1,-1,-1,0.542,0.711,-0.954,-1,-1,-1,-1,-1,-1,-1,-1,-1,-1,-1,-1,-1,0.787,-0.196,-1,-1,-1,-1,-1,-1,-1,-1,-1,-1,-1,-1,-1,-0.985,0.947,-0.007,-1,-1,-1,-1,-1,-1,-1,-1,-1,-1,-1,-1,-1,-1,0.711,0.048,-1,-1,-1,-1,-1,-1,-1,-1,-1,-1,-1,-1,-1,-1,0.815,0.299,-1,-1,-1,-1,-1,-1,-1,-1,-1,-1,-1,-1,-1,-1,0.848,0.195,-1,-1,-1,-1,-1,-1,-1,-1,-1,-1,-1,-1,-1,-0.999,0.88,0.233,-1,-1,-1,-1,-1,-1,-1,-1,-1,-1,-1,-1,-1,-0.995,0.909,0.129,-1,-1,-1,-1,-1,-1,-1,-1,-1,-1,-1,-1,-1,-0.965,0.983,0.097,-1,-1,-1,-1,-1,-1,-1,-1,-1,-1,-1,-1,-1,-0.95,1,0.135,-1,-1,-1,-1,-1,-1,-1,-1,-1,-1,-1,-1,-1,-0.967,0.979,0.243,-1,-1,-1,-1,-1,-1,-1,-1,-1,-1,-1,-1,-1,-0.953,0.997,0.21,-1,-1,-1,-1,-1,-1,-1,-1,-1,-1,-1,-1,-1,-0.991,0.927,0.31,-1,-1,-1,-1,-1,-1,-1,-1,-1,-1,-1,-1,-1,-0.997,0.895,0.313,-1,-1,-1,-1,-1,-1,-1,-1,-1,-1,-1,-1,-1,-0.992,0.923,0.351,-1,-1,-1,-1,-1,-1,-1,-1,-1,-1,-1,-1,-1,-1,0.327,0.459,-1,-1,-1,-1,-1,-1,-1
"623",-1,-1,-1,-1,-1,-1,-1,-0.904,0.876,-0.417,-1,-1,-1,-1,-1,-1,-1,-1,-1,-1,-1,-1,-1,0.132,1,-0.156,-1,-1,-1,-1,-1,-1,-1,-1,-1,-1,-1,-1,-0.996,0.719,1,-0.274,-1,-1,-1,-1,-1,-1,-1,-1,-1,-1,-1,-1,-0.678,0.993,1,-0.392,-1,-1,-1,-1,-1,-1,-1,-1,-1,-1,-1,-1,-0.302,1,0.946,-0.91,-1,-1,-1,-1,-1,-1,-1,-1,-1,-1,-1,-1,-0.373,1,0.969,-0.863,-1,-1,-1,-1,-1,-1,-1,-1,-1,-1,-1,-1,-0.255,1,0.93,-0.894,-1,-1,-1,-1,-1,-1,-1,-1,-1,-1,-1,-1,-0.137,1,0.936,-0.924,-1,-1,-1,-1,-1,-1,-1,-1,-1,-1,-1,-1,-0.369,1,0.971,-0.868,-1,-1,-1,-1,-1,-1,-1,-1,-1,-1,-1,-1,-0.251,1,0.987,-0.813,-1,-1,-1,-1,-1,-1,-1,-1,-1,-1,-1,-1,-0.322,1,0.997,-0.752,-1,-1,-1,-1,-1,-1,-1,-1,-1,-1,-1,-1,-0.583,1,1,-0.494,-1,-1,-1,-1,-1,-1,-1,-1,-1,-1,-1,-1,-0.847,0.985,1,-0.215,-1,-1,-1,-1,-1,-1,-1,-1,-1,-1,-1,-1,-0.973,0.755,1,-0.144,-1,-1,-1,-1,-1,-1,-1,-1,-1,-1,-1,-1,-1,0.191,1,-0.215,-1,-1,-1,-1,-1,-1,-1,-1,-1,-1,-1,-1,-1,-0.598,0.763,-0.799,-1,-1,-1,-1,-1,-1
"624",-1,-1,-1,-1,-1,-0.548,0.349,0.874,1,0.514,-0.863,-1,-1,-1,-1,-1,-1,-1,-1,-1,-0.133,0.959,0.988,0.59,0.838,1,0.48,-0.977,-1,-1,-1,-1,-1,-1,-1,-0.372,0.971,0.443,-0.588,-1,-0.95,0.434,1,0.086,-1,-1,-1,-1,-1,-1,-0.869,0.842,0.489,-0.944,-1,-1,-1,-0.914,0.57,1,0.007,-1,-1,-1,-1,-1,-0.19,1,-0.49,-1,-1,-1,-1,-1,-0.665,0.762,0.793,-0.917,-1,-1,-1,-1,0.413,0.829,-0.946,-1,-1,-1,-1,-1,-1,-0.147,1,-0.628,-1,-1,-1,-1,0.548,0.607,-1,-1,-1,-1,-1,-1,-1,-0.984,0.944,-0.366,-1,-1,-1,-1,0.59,0.682,-1,-1,-1,-1,-1,-1,-1,-1,0.699,0.27,-1,-1,-1,-1,0.328,0.699,-1,-1,-1,-1,-1,-1,-1,-1,0.437,0.59,-1,-1,-1,-1,0.067,0.985,-0.837,-1,-1,-1,-1,-1,-1,-1,0.689,0.548,-1,-1,-1,-1,-0.195,1,-0.509,-1,-1,-1,-1,-1,-1,-0.818,0.947,0.237,-1,-1,-1,-1,-0.784,0.999,0.384,-1,-1,-1,-1,-1,-1,-0.105,0.989,-0.518,-1,-1,-1,-1,-1,0.545,0.985,-0.638,-1,-1,-1,-1,-0.523,0.933,0.342,-1,-1,-1,-1,-1,-1,-0.564,0.959,0.547,-0.956,-1,-1,-0.312,0.891,0.625,-0.892,-1,-1,-1,-1,-1,-1,-1,-0.164,1,0.607,0.306,0.556,0.969,0.498,-0.775,-1,-1,-1,-1,-1,-1,-1,-1,-0.98,0.037,0.67,1,0.874,0.194,-1,-1,-1,-1,-1,-1
"625",-1,-1,-1,-1,-0.715,0.852,-0.987,-1,-1,-1,-1,-1,-1,-1,-1,-1,-1,-1,-1,-1,-0.03,0.63,-1,-1,-1,-1,-1,-0.982,-0.107,-0.593,-1,-1,-1,-1,-1,-0.989,0.68,-0.025,-1,-1,-1,-1,-1,-0.476,0.777,-0.403,-1,-1,-1,-1,-1,-0.393,0.932,-0.758,-1,-1,-1,-1,-1,0.396,0.023,-1,-1,-1,-1,-1,-1,0.284,0.324,-1,-1,-1,-1,-1,-1,0.682,-0.104,-1,-1,-1,-1,-1,-0.906,0.903,-0.346,-1,-1,-1,-1,-1,-0.904,0.995,-0.498,-1,-1,-1,-1,-1,-0.644,0.978,-0.951,-1,-1,-1,-1,-1,-0.347,0.971,-0.951,-1,-1,-1,-1,-1,-0.438,0.763,-1,-1,-1,-1,-1,-1,0.192,0.423,-1,-1,-1,-1,-1,-1,-0.455,0.647,-0.991,-1,-1,-1,-1,-0.996,0.672,0.381,-1,-1,-1,-1,-1,-1,-0.19,0.983,-0.91,-1,-1,-1,-1,-0.611,1,-0.26,-1,-1,-1,-1,-1,-1,-0.44,1,-0.192,-1,-1,-1,-1,0.138,0.687,-0.972,-1,-1,-1,-1,-1,-1,-0.989,0.263,0.95,0.031,-0.819,-0.797,-0.112,0.909,-0.027,-1,-1,-1,-1,-1,-1,-1,-1,-0.966,0.016,0.939,1,0.967,0.304,0.998,-0.602,-1,-1,-1,-1,-1,-1,-1,-1,-1,-1,-0.757,-0.447,-0.825,-0.446,0.984,-0.866,-1,-1,-1,-1,-1,-1,-1,-1,-1,-1,-1,-1,-1,-0.276,0.6,-0.999,-1,-1,-1,-1,-1,-1,-1,-1,-1,-1,-1,-1,-1,-0.877,0.503,-0.649,-1,-1,-1,-1,-1
"626",-1,-1,-1,-1,-0.92,0.545,0.782,0.058,-0.488,-0.997,-1,-1,-1,-1,-1,-1,-1,-1,-1,-0.969,0.46,1,1,1,1,0.141,-0.893,-1,-1,-1,-1,-1,-1,-1,-1,-0.518,0.988,1,1,1,1,1,0.499,-0.852,-1,-1,-1,-1,-1,-1,-1,0.228,1,1,1,1,1,1,1,0.435,-1,-1,-1,-1,-1,-1,-0.987,0.475,1,1,1,0.079,-0.447,0.933,1,0.998,-0.549,-1,-1,-1,-1,-1,-0.989,0.681,1,1,1,-0.222,-1,0.125,1,1,0.463,-1,-1,-1,-1,-1,-0.463,0.969,1,1,0.824,-0.86,-1,-0.501,1,1,0.93,-0.841,-1,-1,-1,-1,0.043,1,1,1,-0.015,-1,-1,-0.518,1,1,0.935,-0.829,-1,-1,-1,-1,-0.417,1,1,1,-0.053,-1,-1,-0.479,1,1,1,-0.379,-1,-1,-1,-1,-0.434,1,1,1,-0.147,-1,-0.968,0.468,1,1,1,-0.03,-1,-1,-1,-1,-0.285,1,1,1,-0.518,-1,-0.51,0.989,1,1,0.825,-0.834,-1,-1,-1,-1,-0.192,1,1,1,-0.498,-0.343,0.686,1,1,1,0.011,-1,-1,-1,-1,-1,-0.485,1,1,1,0.625,0.932,1,1,1,0.838,-0.806,-1,-1,-1,-1,-1,-0.974,0.696,1,1,1,1,1,1,0.88,-0.603,-1,-1,-1,-1,-1,-1,-1,-0.46,0.781,1,1,1,1,0.927,-0.183,-1,-1,-1,-1,-1,-1,-1,-1,-1,-0.894,0.319,1,0.99,0.116,-0.672,-0.996,-1,-1,-1,-1,-1
"627",-1,-1,-1,-1,-1,-1,-1,-1,-1,-1,-0.671,0.937,0.499,-0.843,-1,-1,-1,-1,-1,-1,-1,-1,-1,-1,-1,-1,0.059,1,0.386,-0.641,-1,-1,-1,-1,-0.928,0.095,-0.639,-1,-1,-1,-1,-1,0.69,1,-0.327,-1,-1,-1,-1,-1,-0.53,1,0.707,-0.946,-1,-1,-1,-0.763,0.982,1,-0.561,-1,-1,-1,-1,-1,-0.905,0.67,1,-0.416,-1,-1,-1,-0.605,1,0.905,-0.877,-1,-1,-1,-1,-1,-0.961,0.696,1,-0.533,-1,-1,-1,-0.195,1,0.558,-1,-1,-1,-1,-1,-1,-0.892,0.978,1,-0.723,-1,-1,-1,0.099,1,0.03,-1,-1,-1,-1,-1,-1,-0.297,1,0.894,-0.881,-1,-1,-1,0.392,1,-0.028,-1,-1,-1,-1,-1,-1,-0.239,1,0.798,0.03,-0.401,-0.361,0.03,0.85,1,-0.148,-0.983,-1,-1,-1,-1,-1,-0.806,0.509,1,1,1,1,1,1,1,1,0.648,-0.516,-1,-1,-1,-1,-1,-0.957,-0.242,-0.129,0.333,0.333,0.333,0.873,1,0.191,-0.194,-0.878,-1,-1,-1,-1,-1,-1,-1,-1,-1,-1,-1,0.698,0.991,-0.811,-1,-1,-1,-1,-1,-1,-1,-1,-1,-1,-1,-1,-0.999,0.8,0.979,-0.901,-1,-1,-1,-1,-1,-1,-1,-1,-1,-1,-1,-1,-0.954,0.901,0.716,-0.99,-1,-1,-1,-1,-1,-1,-1,-1,-1,-1,-1,-1,-0.982,0.84,0.55,-1,-1,-1,-1,-1,-1,-1,-1,-1,-1,-1,-1,-1,-0.997,0.531,-0.096,-1,-1,-1,-1,-1
"628",-1,-1,-1,-1,-1,-0.845,0.976,0.53,-0.972,-1,-1,-1,-1,-1,-1,-1,-1,-1,-1,-1,-1,-1,0.538,1,0.606,-0.881,-1,-1,-1,-1,-1,-1,-1,-1,-1,-1,-1,-1,0.095,1,1,-0.137,-1,-1,-1,-1,-1,-1,-1,-1,-1,-1,-1,-1,-0.075,1,1,0.336,-1,-1,-1,-1,-1,-1,-1,-1,-1,-1,-1,-1,-0.487,1,1,0.735,-0.987,-1,-1,-1,-1,-1,-1,-1,-1,-1,-1,-1,-0.655,0.998,1,0.856,-0.937,-1,-1,-1,-1,-1,-1,-1,-1,-1,-1,-1,-0.556,1,1,0.939,-0.85,-1,-1,-1,-1,-1,-1,-1,-1,-1,-1,-1,-0.061,1,1,0.928,-0.911,-1,-1,-1,-1,-1,-1,-1,-1,-1,-1,-1,0.222,1,1,0.695,-0.991,-1,-1,-1,-1,-1,-1,-1,-1,-1,-1,-1,0.536,1,1,0.263,-0.994,-1,-1,-1,-1,-1,-1,-1,-1,-1,-1,-1,0.366,1,1,-0.105,-1,-1,-1,-1,-1,-1,-1,-1,-1,-1,-1,-1,0.195,1,1,0.066,-1,-1,-1,-1,-1,-1,-1,-1,-1,-1,-1,-1,0.358,1,1,-0.339,-1,-1,-1,-1,-1,-1,-1,-1,-1,-1,-1,-1,0.55,1,0.999,-0.591,-1,-1,-1,-1,-1,-1,-1,-1,-1,-1,-1,-1,0.107,1,0.862,-0.949,-1,-1,-1,-1,-1,-1,-1,-1,-1,-1,-1,-1,-0.829,0.374,0.659,-0.999,-1,-1,-1,-1,-1,-1
"629",-1,-1,-1,-1,-1,-1,-0.622,0.972,-0.193,-1,-1,-1,-1,-1,-1,-1,-1,-1,-1,-1,-1,-1,-0.535,1,0.78,-0.989,-1,-1,-1,-1,-1,-1,-1,-1,-1,-1,-1,-1,-0.659,1,0.941,-0.876,-1,-1,-1,-1,-1,-1,-1,-1,-1,-1,-1,-1,-0.795,0.998,1,-0.626,-1,-1,-1,-1,-1,-1,-1,-1,-1,-1,-1,-1,-0.88,0.987,1,-0.474,-1,-1,-1,-1,-1,-1,-1,-1,-1,-1,-1,-1,-0.843,0.984,0.999,-0.606,-1,-1,-1,-1,-1,-1,-1,-1,-1,-1,-1,-1,-0.684,1,0.991,-0.781,-1,-1,-1,-1,-1,-1,-1,-1,-1,-1,-1,-1,-0.394,1,0.994,-0.788,-1,-1,-1,-1,-1,-1,-1,-1,-1,-1,-1,-1,-0.411,1,1,-0.699,-1,-1,-1,-1,-1,-1,-1,-1,-1,-1,-1,-1,-0.62,1,0.997,-0.815,-1,-1,-1,-1,-1,-1,-1,-1,-1,-1,-1,-1,-0.48,1,0.927,-0.92,-1,-1,-1,-1,-1,-1,-1,-1,-1,-1,-1,-1,-0.675,1,0.827,-0.996,-1,-1,-1,-1,-1,-1,-1,-1,-1,-1,-1,-1,-0.606,1,0.655,-1,-1,-1,-1,-1,-1,-1,-1,-1,-1,-1,-1,-1,-0.825,0.981,0.551,-1,-1,-1,-1,-1,-1,-1,-1,-1,-1,-1,-1,-1,-0.969,0.823,0.554,-1,-1,-1,-1,-1,-1,-1,-1,-1,-1,-1,-1,-1,-1,-0.178,0.245,-1,-1,-1,-1,-1,-1,-1
"630",-1,-1,-1,-1,-1,0.024,1,0.344,-0.489,-1,-1,-1,-1,-1,-1,-1,-1,-1,-1,-1,-1,-0.849,0.135,1,0.978,0.169,-0.87,-1,-1,-1,-1,-1,-1,-1,-1,-1,-1,-0.974,-0.05,0.875,1,1,0.795,-0.769,-1,-1,-1,-1,-1,-1,-1,-1,-1,0,0.983,1,1,1,1,0.821,-0.887,-1,-1,-1,-1,-1,-1,-1,-0.137,0.936,1,0.982,0.846,0.846,0.947,1,0.084,-1,-1,-1,-1,-1,-1,-0.492,0.793,1,1,0.614,-0.983,-1,-0.311,1,0.949,-0.716,-1,-1,-1,-1,-0.995,-0.297,1,1,1,-0.176,-1,-1,-0.994,0.555,1,0.383,-1,-1,-1,-1,-0.68,0.973,1,1,0.818,-0.907,-1,-1,-1,0.379,1,0.922,-0.894,-1,-1,-1,0.079,1,1,0.976,-0.502,-1,-1,-1,-1,0.197,1,0.962,-0.751,-1,-1,-0.867,0.859,1,1,0.937,-0.744,-1,-1,-1,-1,-0.322,1,0.748,-0.945,-1,-1,-0.896,0.81,1,1,0.407,-1,-1,-1,-1,-1,0.106,1,0.27,-1,-1,-1,-0.998,0.52,1,1,-0.379,-1,-1,-1,-0.969,-0.403,0.853,1,0.932,-0.807,-1,-1,-1,-0.556,0.992,1,0.661,-0.373,-0.436,-0.436,-0.217,0.995,1,1,0.695,-0.956,-1,-1,-1,-1,-0.088,0.953,1,1,1,1,1,1,0.983,0.837,-0.709,-1,-1,-1,-1,-1,-1,-0.517,0.823,1,1,1,1,1,0.364,-0.995,-1,-1,-1,-1,-1,-1,-1,-1,-0.819,0.11,0.886,1,0.979,0.185,-0.886,-1,-1,-1,-1
"631",-1,-1,-1,-1,-1,-0.761,0.706,-0.35,-1,-1,-1,-1,-1,-1,-1,-1,-1,-1,-1,-1,-1,-1,-0.538,0.836,0.222,-1,-1,-1,-1,-1,-1,-1,-1,-1,-1,-1,-1,-1,-1,0.058,0.969,-0.365,-1,-1,-1,-1,-1,-1,-1,-1,-1,-1,-1,-1,-1,-0.518,1,0.536,-1,-1,-1,-1,-1,-1,-1,-1,-1,-1,-1,-1,-1,-0.948,0.818,0.933,-0.928,-1,-1,-1,-1,-1,-1,-1,-1,-1,-1,-1,-1,-0.969,0.76,1,-0.702,-1,-1,-1,-1,-1,-1,-1,-1,-1,-1,-1,-1,-0.981,0.765,0.907,-0.886,-1,-1,-1,-1,-1,-1,-1,-1,-1,-1,-1,-1,-0.928,0.918,0.742,-0.998,-1,-1,-1,-1,-1,-1,-1,-1,-1,-1,-1,-1,-0.591,1,0.609,-1,-1,-1,-1,-1,-1,-1,-1,-1,-1,-1,-1,-1,-0.101,1,0.118,-1,-1,-1,-1,-1,-1,-1,-1,-1,-1,-1,-1,-1,0.248,1,-0.336,-1,-1,-1,-1,-1,-1,-1,-1,-1,-1,-1,-1,-1,0.596,1,-0.613,-1,-1,-1,-1,-1,-1,-1,-1,-1,-1,-1,-1,-1,0.766,0.718,-1,-1,-1,-1,-1,-1,-1,-1,-1,-1,-1,-1,-1,-0.995,0.682,0.792,-0.995,-1,-1,-1,-1,-1,-1,-1,-1,-1,-1,-1,-1,-1,0.324,0.662,-1,-1,-1,-1,-1,-1,-1,-1,-1,-1,-1,-1,-1,-1,-0.524,0.23,-1,-1,-1,-1,-1,-1,-1
"632",-1,-1,-1,-1,-1,-1,-1,-1,-1,-1,-0.978,0.039,-1,-1,-1,-1,-1,-1,-1,-1,-1,-1,-1,-1,-1,-1,-0.914,0.916,-0.635,-1,-1,-1,-1,-1,-1,-1,-0.426,0.169,-0.865,-1,-1,-1,-0.825,0.928,0.488,-0.998,-1,-1,-1,-1,-1,-1,0.158,1,0.332,-1,-1,-1,-0.576,1,1,-0.689,-1,-1,-1,-1,-1,-0.951,0.43,1,0.092,-1,-1,-1,-0.174,1,0.996,-0.68,-1,-1,-1,-1,-1,-0.383,1,1,0.097,-1,-1,-1,0.311,1,0.925,-0.93,-1,-1,-1,-1,-1,0.265,1,1,-0.387,-1,-1,-0.953,0.749,1,0.592,-1,-1,-1,-1,-1,-0.975,0.725,1,0.999,0.129,-0.429,-0.429,-0.088,1,1,0.434,-1,-1,-1,-1,-1,-0.603,1,1,1,1,1,1,1,1,1,-0.051,-1,-1,-1,-1,-1,-0.901,0.314,0.977,0.076,0.132,0.429,0.61,1,1,0.868,-0.893,-1,-1,-1,-1,-1,-1,-1,-1,-1,-1,-1,-0.368,1,1,0.082,-1,-1,-1,-1,-1,-1,-1,-1,-1,-1,-1,-1,0.28,1,0.979,-0.708,-1,-1,-1,-1,-1,-1,-1,-1,-1,-1,-1,-1,0.519,1,0.77,-0.983,-1,-1,-1,-1,-1,-1,-1,-1,-1,-1,-1,-0.879,0.883,1,0.139,-1,-1,-1,-1,-1,-1,-1,-1,-1,-1,-1,-1,-0.593,1,1,-0.264,-1,-1,-1,-1,-1,-1,-1,-1,-1,-1,-1,-1,-0.989,0.075,0.73,-0.633,-1,-1,-1,-1,-1
"633",-1,-1,-1,-1,-1,-1,-0.978,0.64,0.189,-1,-1,-1,-1,-1,-1,-1,-1,-1,-1,-1,-1,-1,-0.71,0.94,1,-0.619,-1,-1,-1,-1,-1,-1,-1,-1,-1,-1,-1,-1,-0.416,1,1,-0.32,-1,-1,-1,-1,-1,-1,-1,-1,-1,-1,-1,-1,-0.382,1,1,-0.061,-1,-1,-1,-1,-1,-1,-1,-1,-1,-1,-1,-1,-0.654,1,1,-0.348,-1,-1,-1,-1,-1,-1,-1,-1,-1,-1,-1,-1,-0.672,0.998,1,-0.462,-1,-1,-1,-1,-1,-1,-1,-1,-1,-1,-1,-1,-0.626,1,1,-0.15,-1,-1,-1,-1,-1,-1,-1,-1,-1,-1,-1,-1,-0.298,1,1,-0.264,-1,-1,-1,-1,-1,-1,-1,-1,-1,-1,-1,-1,-0.611,1,1,-0.165,-1,-1,-1,-1,-1,-1,-1,-1,-1,-1,-1,-1,-0.363,1,0.998,-0.624,-1,-1,-1,-1,-1,-1,-1,-1,-1,-1,-1,-1,-0.156,1,1,-0.62,-1,-1,-1,-1,-1,-1,-1,-1,-1,-1,-1,-1,-0.042,1,1,-0.521,-1,-1,-1,-1,-1,-1,-1,-1,-1,-1,-1,-1,-0.354,1,1,-0.422,-1,-1,-1,-1,-1,-1,-1,-1,-1,-1,-1,-1,-0.24,1,1,-0.323,-1,-1,-1,-1,-1,-1,-1,-1,-1,-1,-1,-1,-0.339,1,1,-0.437,-1,-1,-1,-1,-1,-1,-1,-1,-1,-1,-1,-1,-0.994,0.063,1,-0.338,-1,-1,-1,-1,-1,-1
"634",-1,-1,-1,-1,-0.838,0.192,-0.912,-1,-1,-1,-1,-1,-1,-1,-1,-1,-1,-1,-1,-1,0.342,1,-0.368,-1,-1,-1,-1,-1,-1,-1,-1,-1,-1,-1,-1,-0.945,0.979,1,-0.249,-1,-1,-1,-1,-1,-1,-1,-1,-1,-1,-1,-0.996,-0.134,1,0.601,-0.953,-1,-1,-0.795,0.24,-0.492,-1,-1,-1,-1,-1,-1,-0.325,1,0.891,-0.63,-1,-1,-1,0.046,1,0.517,-1,-1,-1,-1,-1,-0.743,0.887,1,-0.207,-1,-1,-1,-0.758,0.898,1,0.177,-1,-1,-1,-1,-1,0.048,1,0.5,-0.946,-1,-1,-1,0.189,1,0.856,-0.774,-1,-1,-1,-1,-0.623,0.956,1,-0.442,-1,-1,-1,-0.78,0.965,1,-0.012,-0.601,0.039,0.679,0.851,0.124,0.484,1,0.767,-0.234,-0.234,-0.234,-0.234,0.458,1,1,1,1,1,1,1,0.753,0.824,1,1,1,1,1,1,1,1,1,1,0.818,0.703,0.263,0.086,-0.645,-0.505,0.467,0.714,1,1,0.878,0.985,1,1,0.281,-0.602,-0.87,-1,-1,-1,-1,-1,-1,-0.942,-0.829,-0.829,-0.804,0.987,1,0.481,-0.922,-1,-1,-1,-1,-1,-1,-1,-1,-1,-1,-1,-0.274,1,0.99,-0.398,-1,-1,-1,-1,-1,-1,-1,-1,-1,-1,-1,-0.925,0.641,1,0.686,-1,-1,-1,-1,-1,-1,-1,-1,-1,-1,-1,-1,-0.359,1,1,-0.087,-1,-1,-1,-1,-1,-1,-1,-1,-1,-1,-1,-1,-0.588,0.428,0.249,-0.885,-1,-1,-1,-1,-1,-1,-1,-1
"635",-1,-1,-1,-1,-1,-1,-1,0.729,-0.376,-1,-1,-1,-1,-1,-1,-1,-1,-1,-1,-1,-1,-1,-0.989,0.725,0.226,-1,-1,-1,-1,-1,-1,-1,-1,-1,-1,-1,-1,-1,-0.979,0.775,0.747,-1,-1,-1,-1,-1,-1,-1,-1,-1,-1,-1,-1,-1,-1,0.885,0.88,-1,-1,-1,-1,-1,-1,-1,-1,-1,-1,-1,-1,-1,-1,0.751,0.989,-0.976,-1,-1,-1,-1,-1,-1,-1,-1,-1,-1,-1,-1,-1,0.618,1,-0.854,-1,-1,-1,-1,-1,-1,-1,-1,-1,-1,-1,-1,-1,0.485,0.892,-0.917,-1,-1,-1,-1,-1,-1,-1,-1,-1,-1,-1,-1,-1,0.352,0.942,-1,-1,-1,-1,-1,-1,-1,-1,-1,-1,-1,-1,-1,-1,0.468,1,-0.925,-1,-1,-1,-1,-1,-1,-1,-1,-1,-1,-1,-1,-0.994,0.827,0.794,-0.973,-1,-1,-1,-1,-1,-1,-1,-1,-1,-1,-1,-1,-1,0.589,0.871,-1,-1,-1,-1,-1,-1,-1,-1,-1,-1,-1,-1,-1,-1,0.622,0.985,-0.981,-1,-1,-1,-1,-1,-1,-1,-1,-1,-1,-1,-1,-0.937,0.924,0.916,-0.917,-1,-1,-1,-1,-1,-1,-1,-1,-1,-1,-1,-1,-0.648,1,0.8,-1,-1,-1,-1,-1,-1,-1,-1,-1,-1,-1,-1,-1,-0.698,1,0.945,-0.818,-1,-1,-1,-1,-1,-1,-1,-1,-1,-1,-1,-1,-0.894,0.73,0.396,-0.967,-1,-1,-1,-1,-1,-1
"636",-1,-1,-1,-1,-0.307,0.776,-0.413,0.598,1,0.653,-0.065,-0.956,-1,-1,-1,-1,-1,-1,-1,-1,0.368,1,0.974,1,0.713,0.858,1,0.258,-0.981,-1,-1,-1,-1,-1,-1,-0.444,0.961,0.567,0.125,-0.637,-0.973,-0.679,0.829,1,-0.102,-1,-1,-1,-1,-1,-0.993,0.409,1,-0.297,-1,-1,-1,-1,-0.564,0.931,0.747,-0.977,-1,-1,-1,-1,-0.831,1,0.983,-0.955,-1,-1,-1,-1,-1,0.331,1,-0.418,-1,-1,-1,-1,-0.135,1,0.074,-1,-1,-1,-1,-1,-1,-0.367,1,0.039,-1,-1,-1,-1,0.55,1,-0.371,-1,-1,-1,-1,-1,-1,-0.919,0.862,0.359,-1,-1,-1,-0.849,0.869,1,-0.547,-1,-1,-1,-1,-1,-1,-1,0.535,0.85,-0.962,-1,-1,-0.997,0.918,1,-0.724,-1,-1,-1,-1,-1,-1,-1,0.626,1,-0.79,-1,-1,-0.902,1,0.653,-0.967,-1,-1,-1,-1,-1,-1,-1,0.114,0.99,-0.956,-1,-1,-0.809,0.956,0.92,-0.999,-1,-1,-1,-1,-1,-1,-1,0.293,0.908,-0.924,-1,-1,-0.997,0.929,0.884,-0.902,-1,-1,-1,-1,-1,-1,-1,0.472,1,-0.8,-1,-1,-1,0.54,1,-0.481,-1,-1,-1,-1,-1,-1,-0.861,0.863,0.77,-0.962,-1,-1,-1,-0.143,1,0.632,-0.139,-0.787,-0.939,-1,-1,-0.842,0.328,1,-0.194,-1,-1,-1,-1,-0.955,0.389,1,1,1,0.778,0.672,0.672,0.932,1,0.3,-0.969,-1,-1,-1,-1,-1,-0.922,-0.258,0.475,0.944,1,1,1,0.634,0.107,-0.91,-1,-1,-1
"637",-1,-1,-1,-1,-1,-1,-1,-0.043,0.488,-1,-1,-1,-1,-1,-1,-1,-1,-1,-1,-1,-1,-1,-1,-0.183,0.754,-0.995,-1,-1,-1,-1,-1,-1,-1,-1,-1,-1,-1,-1,-1,0.463,0.834,-0.986,-1,-1,-1,-1,-1,-1,-1,-1,-1,-1,-1,-1,-0.919,0.733,1,-0.881,-1,-1,-1,-1,-1,-1,-1,-1,-1,-1,-1,-1,-0.927,0.709,0.989,-0.838,-1,-1,-1,-1,-1,-1,-1,-1,-1,-1,-1,-1,-1,0.414,0.997,-0.886,-1,-1,-1,-1,-1,-1,-1,-1,-1,-1,-1,-1,-1,0.25,0.836,-0.995,-1,-1,-1,-1,-1,-1,-1,-1,-1,-1,-1,-1,-1,0.192,0.949,-0.919,-1,-1,-1,-1,-1,-1,-1,-1,-1,-1,-1,-1,-1,0.315,0.92,-0.955,-1,-1,-1,-1,-1,-1,-1,-1,-1,-1,-1,-1,-1,0.47,0.695,-1,-1,-1,-1,-1,-1,-1,-1,-1,-1,-1,-1,-1,-1,0.314,0.777,-1,-1,-1,-1,-1,-1,-1,-1,-1,-1,-1,-1,-1,-1,0.273,0.425,-1,-1,-1,-1,-1,-1,-1,-1,-1,-1,-1,-1,-1,-1,0.15,0.393,-1,-1,-1,-1,-1,-1,-1,-1,-1,-1,-1,-1,-1,-1,0.011,0.401,-1,-1,-1,-1,-1,-1,-1,-1,-1,-1,-1,-1,-1,-1,-0.472,0.164,-1,-1,-1,-1,-1,-1,-1,-1,-1,-1,-1,-1,-1,-1,-0.488,0.54,-1,-1,-1,-1,-1,-1,-1
"638",-1,-1,-1,-1,-1,0.043,-0.261,-1,-1,-0.978,-0.969,-1,-1,-1,-1,-1,-1,-1,-1,-1,-1,0.283,-0.006,-1,-1,-0.613,-0.117,-1,-1,-1,-1,-1,-1,-1,-1,-1,-1,0.469,-0.263,-1,-1,-0.039,0.518,-1,-1,-1,-1,-1,-1,-1,-1,-1,-0.983,0.903,-0.643,-1,-1,-0.135,0.791,-1,-1,-1,-1,-1,-1,-1,-1,-1,-0.687,0.784,-0.953,-1,-1,-0.178,0.631,-1,-1,-1,-1,-1,-1,-1,-1,-1,-0.253,0.38,-1,-1,-1,0.079,0.568,-1,-1,-1,-1,-1,-1,-1,-1,-1,-0.147,0.835,-0.144,-0.006,0.348,0.775,0.978,-0.317,-1,-1,-1,-1,-1,-1,-1,-1,-0.911,0.13,0.66,0.66,0.362,1,-0.236,-0.947,-1,-1,-1,-1,-1,-1,-1,-1,-1,-1,-1,-1,-0.635,0.995,-0.872,-1,-1,-1,-1,-1,-1,-1,-1,-1,-1,-1,-1,-1,-0.149,0.425,-1,-1,-1,-1,-1,-1,-1,-1,-1,-1,-1,-1,-1,-0.998,0.556,-0.423,-1,-1,-1,-1,-1,-1,-1,-1,-1,-1,-1,-1,-1,-0.377,0.867,-0.966,-1,-1,-1,-1,-1,-1,-1,-1,-1,-1,-1,-1,-1,0.382,-0.212,-1,-1,-1,-1,-1,-1,-1,-1,-1,-1,-1,-1,-1,-0.584,0.929,-0.928,-1,-1,-1,-1,-1,-1,-1,-1,-1,-1,-1,-1,-1,0.33,0.079,-1,-1,-1,-1,-1,-1,-1,-1,-1,-1,-1,-1,-1,-1,0.251,0.818,-0.867,-1,-1,-1,-1,-1,-1,-1
"639",-1,-1,-1,-1,-1,-1,-0.185,-0.962,-1,-1,-0.564,0.797,-0.404,-1,-1,-1,-1,-1,-1,-1,-1,-0.722,0.979,-0.791,-1,-0.892,0.941,0.369,-0.093,-1,-1,-1,-1,-1,-1,-1,-1,0.212,0.817,-0.978,-1,-0.18,0.965,-0.817,0.11,-1,-1,-1,-1,-1,-1,-1,-0.79,0.948,0.149,-1,-1,0.043,0.839,-0.995,-1,-1,-1,-1,-1,-1,-1,-1,-0.07,0.883,-0.88,-1,-1,-0.074,0.774,-1,-1,-1,-1,-1,-1,-1,-1,-0.956,0.903,0.173,-1,-1,-1,0.148,0.808,-0.999,-1,-1,-1,-1,-1,-1,-1,-0.375,0.997,-0.596,-0.875,-0.405,-0.037,0.429,0.868,-0.99,-1,-1,-1,-1,-1,-1,-1,0.292,0.913,0.126,0.804,0.997,0.569,0.779,1,0.013,-0.955,-1,-1,-1,-1,-1,-1,0.386,1,0.958,-0.133,-0.923,-1,-0.131,0.996,-0.054,-0.849,-1,-1,-1,-1,-1,-1,-0.932,-0.405,-0.564,-1,-1,-1,0.231,0.874,-0.985,-1,-1,-1,-1,-1,-1,-1,-1,-1,-1,-1,-1,-1,0.594,0.527,-1,-1,-1,-1,-1,-1,-1,-1,-1,-1,-1,-1,-1,-0.971,0.834,0.07,-1,-1,-1,-1,-1,-1,-1,-1,-1,-1,-1,-1,-1,-0.389,1,-0.479,-1,-1,-1,-1,-1,-1,-1,-1,-1,-1,-1,-1,-1,0.044,0.812,-0.911,-1,-1,-1,-1,-1,-1,-1,-1,-1,-1,-1,-1,-1,0.418,0.27,-1,-1,-1,-1,-1,-1,-1,-1,-1,-1,-1,-1,-1,-1,0.22,-0.187,-1,-1,-1,-1,-1,-1
"640",-1,-1,-1,-1,-1,-1,-1,-0.073,-0.598,-1,-1,-1,-1,-1,-1,-1,-1,-1,-1,-1,-1,-1,-1,0.475,0.336,-1,-1,-1,-1,-1,-1,-1,-1,-1,-1,-1,-1,-1,-0.988,0.838,0.632,-1,-1,-1,-1,-1,-1,-1,-1,-1,-1,-1,-1,-1,-0.985,0.857,0.563,-1,-1,-1,-1,-1,-1,-1,-1,-1,-1,-1,-1,-1,-1,0.624,0.611,-1,-1,-1,-1,-1,-1,-1,-1,-1,-1,-1,-1,-1,-1,0.787,0.613,-1,-1,-1,-1,-1,-1,-1,-1,-1,-1,-1,-1,-1,-1,0.75,0.638,-1,-1,-1,-1,-1,-1,-1,-1,-1,-1,-1,-1,-1,-1,0.607,0.686,-1,-1,-1,-1,-1,-1,-1,-1,-1,-1,-1,-1,-1,-1,0.63,0.699,-0.999,-1,-1,-1,-1,-1,-1,-1,-1,-1,-1,-1,-1,-1,0.769,0.767,-0.995,-1,-1,-1,-1,-1,-1,-1,-1,-1,-1,-1,-1,-0.974,0.883,0.573,-1,-1,-1,-1,-1,-1,-1,-1,-1,-1,-1,-1,-1,-0.857,1,0.433,-1,-1,-1,-1,-1,-1,-1,-1,-1,-1,-1,-1,-1,-0.946,0.934,0.388,-1,-1,-1,-1,-1,-1,-1,-1,-1,-1,-1,-1,-1,-0.949,0.959,0.295,-1,-1,-1,-1,-1,-1,-1,-1,-1,-1,-1,-1,-1,-0.896,0.963,0.949,-0.9,-1,-1,-1,-1,-1,-1,-1,-1,-1,-1,-1,-1,-0.998,0.17,0.705,-0.937,-1,-1,-1,-1,-1,-1
"641",-1,-1,-1,-1,-1,-1,-0.404,0.958,-0.297,-1,-1,-1,-1,-1,-1,-1,-1,-1,-1,-1,-1,-1,-0.797,0.974,0.627,-1,-1,-1,-1,-1,-1,-1,-1,-1,-1,-1,-1,-1,-0.982,0.729,0.95,-0.904,-1,-1,-1,-1,-1,-1,-1,-1,-1,-1,-1,-1,-0.906,0.895,1,-0.535,-1,-1,-1,-1,-1,-1,-1,-1,-1,-1,-1,-1,-0.958,0.824,1,-0.218,-1,-1,-1,-1,-1,-1,-1,-1,-1,-1,-1,-1,-0.953,0.902,1,-0.46,-1,-1,-1,-1,-1,-1,-1,-1,-1,-1,-1,-1,-0.656,0.983,1,-0.519,-1,-1,-1,-1,-1,-1,-1,-1,-1,-1,-1,-1,-0.68,0.997,1,-0.579,-1,-1,-1,-1,-1,-1,-1,-1,-1,-1,-1,-1,-0.747,0.977,0.996,-0.634,-1,-1,-1,-1,-1,-1,-1,-1,-1,-1,-1,-1,-0.506,1,0.951,-0.831,-1,-1,-1,-1,-1,-1,-1,-1,-1,-1,-1,-1,-0.23,1,0.827,-0.949,-1,-1,-1,-1,-1,-1,-1,-1,-1,-1,-1,-1,-0.307,1,0.804,-0.985,-1,-1,-1,-1,-1,-1,-1,-1,-1,-1,-1,-1,-0.35,1,0.577,-1,-1,-1,-1,-1,-1,-1,-1,-1,-1,-1,-1,-1,-0.542,1,0.699,-1,-1,-1,-1,-1,-1,-1,-1,-1,-1,-1,-1,-1,-0.885,0.925,0.899,-0.826,-1,-1,-1,-1,-1,-1,-1,-1,-1,-1,-1,-1,-1,-0.106,0.997,-0.394,-1,-1,-1,-1,-1,-1
"642",-1,-1,-1,-1,-1,-0.585,-0.164,-0.547,0.698,-0.169,-1,-1,-1,-1,-1,-1,-1,-1,-1,-1,-1,0.31,1,-0.194,0.785,0.603,-0.877,-1,-1,-1,-1,-1,-1,-1,-1,-1,-0.828,0.902,0.79,-0.926,-0.825,0.659,0.466,-0.997,-1,-1,-1,-1,-1,-1,-1,-1,-0.078,1,0.168,-1,-1,-0.614,0.993,-0.425,-1,-1,-1,-1,-1,-1,-1,-1,0.141,1,-0.149,-1,-1,-1,0.659,0.572,-0.997,-1,-1,-1,-1,-1,-1,-0.981,0.576,0.974,-0.713,-1,-1,-1,0.158,0.969,-0.848,-1,-1,-1,-1,-1,-1,-0.755,1,0.798,-0.983,-1,-1,-1,-0.047,1,-0.704,-1,-1,-1,-1,-1,-1,-0.574,1,0.512,-1,-1,-1,-1,-0.048,1,-0.385,-1,-1,-1,-1,-1,-1,-0.385,1,0.134,-1,-1,-1,-1,0.02,1,-0.695,-1,-1,-1,-1,-1,-1,-0.265,1,-0.047,-1,-1,-1,-1,0.64,0.94,-0.937,-1,-1,-1,-1,-1,-1,-0.265,1,-0.168,-1,-1,-1,-0.63,0.974,0.78,-0.981,-1,-1,-1,-1,-1,-1,-0.266,1,-0.167,-1,-1,-1,0.343,1,0.088,-1,-1,-1,-1,-1,-1,-1,-0.848,0.899,-0.068,-1,-1,-0.917,0.919,1,-0.692,-1,-1,-1,-1,-1,-1,-1,-1,0.051,0.972,-0.6,-0.937,0.483,1,0.221,-0.988,-1,-1,-1,-1,-1,-1,-1,-1,-0.886,0.467,0.967,0.943,1,0.911,-0.821,-1,-1,-1,-1,-1,-1,-1,-1,-1,-1,-0.99,0.155,0.931,0.932,-0.326,-1,-1,-1,-1,-1,-1
"643",-1,-1,-1,-1,-1,-1,-0.445,0.838,-0.315,-1,-1,-1,-1,-1,-1,-1,-1,-1,-1,-1,-1,-1,-0.163,1,0.868,-0.895,-1,-1,-1,-1,-1,-1,-1,-1,-1,-1,-1,-1,-0.134,1,1,-0.175,-1,-1,-1,-1,-1,-1,-1,-1,-1,-1,-1,-1,-0.514,0.996,1,0.129,-1,-1,-1,-1,-1,-1,-1,-1,-1,-1,-1,-1,-0.623,1,1,0.34,-1,-1,-1,-1,-1,-1,-1,-1,-1,-1,-1,-1,-0.421,1,1,0.218,-1,-1,-1,-1,-1,-1,-1,-1,-1,-1,-1,-1,-0.707,0.995,1,0.243,-1,-1,-1,-1,-1,-1,-1,-1,-1,-1,-1,-1,-0.43,1,1,0.616,-0.989,-1,-1,-1,-1,-1,-1,-1,-1,-1,-1,-1,-0.148,1,1,0.675,-0.997,-1,-1,-1,-1,-1,-1,-1,-1,-1,-1,-1,0.134,1,1,0.396,-1,-1,-1,-1,-1,-1,-1,-1,-1,-1,-1,-1,0.416,1,1,0.114,-1,-1,-1,-1,-1,-1,-1,-1,-1,-1,-1,-0.997,0.695,1,1,-0.168,-1,-1,-1,-1,-1,-1,-1,-1,-1,-1,-1,-0.989,0.583,1,1,0.15,-1,-1,-1,-1,-1,-1,-1,-1,-1,-1,-1,-1,0.609,1,1,-0.079,-1,-1,-1,-1,-1,-1,-1,-1,-1,-1,-1,-0.997,0.275,1,1,0.266,-1,-1,-1,-1,-1,-1,-1,-1,-1,-1,-1,-1,-0.991,-0.391,0.689,-0.203,-1,-1,-1,-1,-1,-1
"644",-1,-1,-1,-1,-1,-1,-0.596,0.644,-0.759,-1,-1,-1,-1,-1,-1,-1,-1,-1,-1,-1,-1,-1,-0.787,0.983,0.415,-1,-1,-1,-1,-1,-1,-1,-1,-1,-1,-1,-1,-1,-0.79,0.97,0.998,-0.6,-1,-1,-1,-1,-1,-1,-1,-1,-1,-1,-1,-1,-0.848,0.934,1,-0.256,-1,-1,-1,-1,-1,-1,-1,-1,-1,-1,-1,-1,-0.979,0.754,1,0.055,-1,-1,-1,-1,-1,-1,-1,-1,-1,-1,-1,-1,-0.987,0.781,1,0.196,-1,-1,-1,-1,-1,-1,-1,-1,-1,-1,-1,-1,-0.973,0.74,1,0.268,-1,-1,-1,-1,-1,-1,-1,-1,-1,-1,-1,-1,-0.946,0.869,1,0.18,-1,-1,-1,-1,-1,-1,-1,-1,-1,-1,-1,-1,-0.73,0.992,1,0.172,-1,-1,-1,-1,-1,-1,-1,-1,-1,-1,-1,-1,-0.746,0.981,1,0.016,-1,-1,-1,-1,-1,-1,-1,-1,-1,-1,-1,-1,-0.609,1,1,0.043,-1,-1,-1,-1,-1,-1,-1,-1,-1,-1,-1,-1,0.231,1,1,0.023,-1,-1,-1,-1,-1,-1,-1,-1,-1,-1,-1,-1,0.125,1,1,-0.041,-1,-1,-1,-1,-1,-1,-1,-1,-1,-1,-1,-1,0.212,1,1,-0.425,-1,-1,-1,-1,-1,-1,-1,-1,-1,-1,-1,-1,-0.418,1,1,-0.273,-1,-1,-1,-1,-1,-1,-1,-1,-1,-1,-1,-1,-0.999,-0.486,0.625,-0.498,-1,-1,-1,-1,-1,-1
"645",-1,-1,-1,-1,-1,-1,-0.966,0.852,0.054,-1,-1,-1,-1,-1,-1,-1,-1,-1,-1,-1,-1,-1,-0.691,0.883,0.658,-0.976,-1,-1,-1,-1,-1,-1,-1,-1,-1,-1,-1,-1,-0.297,0.99,1,-0.293,-1,-1,-1,-1,-1,-1,-1,-1,-1,-1,-1,-1,-0.199,1,1,-0.154,-1,-1,-1,-1,-1,-1,-1,-1,-1,-1,-1,-1,-0.275,1,1,-0.274,-1,-1,-1,-1,-1,-1,-1,-1,-1,-1,-1,-1,-0.414,1,0.997,-0.552,-1,-1,-1,-1,-1,-1,-1,-1,-1,-1,-1,-1,-0.368,1,0.999,-0.612,-1,-1,-1,-1,-1,-1,-1,-1,-1,-1,-1,-1,-0.137,1,0.996,-0.642,-1,-1,-1,-1,-1,-1,-1,-1,-1,-1,-1,-1,-0.3,1,0.995,-0.675,-1,-1,-1,-1,-1,-1,-1,-1,-1,-1,-1,-1,-0.291,1,1,-0.517,-1,-1,-1,-1,-1,-1,-1,-1,-1,-1,-1,-1,-0.38,1,1,-0.366,-1,-1,-1,-1,-1,-1,-1,-1,-1,-1,-1,-1,-0.322,1,1,-0.474,-1,-1,-1,-1,-1,-1,-1,-1,-1,-1,-1,-1,-0.485,1,1,-0.495,-1,-1,-1,-1,-1,-1,-1,-1,-1,-1,-1,-1,-0.132,1,0.992,-0.717,-1,-1,-1,-1,-1,-1,-1,-1,-1,-1,-1,-1,-0.184,1,0.99,-0.713,-1,-1,-1,-1,-1,-1,-1,-1,-1,-1,-1,-1,-0.781,0.646,0.87,-0.701,-1,-1,-1,-1,-1,-1
"646",-1,-1,-1,-1,-1,-1,-0.915,0.821,-0.316,-1,-1,-1,-1,-1,-1,-1,-1,-1,-1,-1,-1,-1,-1,0.234,0.884,-0.9,-1,-1,-1,-1,-1,-1,-1,-1,-1,-1,-1,-1,-1,0.471,1,-0.702,-1,-1,-1,-1,-1,-1,-1,-1,-1,-1,-1,-1,-1,0.394,0.988,-0.746,-1,-1,-1,-1,-1,-1,-1,-1,-1,-1,-1,-1,-1,0.698,1,-0.757,-1,-1,-1,-1,-1,-1,-1,-1,-1,-1,-1,-1,-0.99,0.84,0.998,-0.716,-1,-1,-1,-1,-1,-1,-1,-1,-1,-1,-1,-1,-0.977,0.902,1,-0.727,-1,-1,-1,-1,-1,-1,-1,-1,-1,-1,-1,-1,-0.768,0.996,0.999,-0.782,-1,-1,-1,-1,-1,-1,-1,-1,-1,-1,-1,-1,-0.687,1,0.936,-0.957,-1,-1,-1,-1,-1,-1,-1,-1,-1,-1,-1,-1,-0.703,0.997,0.824,-0.996,-1,-1,-1,-1,-1,-1,-1,-1,-1,-1,-1,-1,-0.773,0.999,0.751,-0.999,-1,-1,-1,-1,-1,-1,-1,-1,-1,-1,-1,-1,-0.885,0.958,0.874,-0.968,-1,-1,-1,-1,-1,-1,-1,-1,-1,-1,-1,-1,-1,0.748,0.974,-0.896,-1,-1,-1,-1,-1,-1,-1,-1,-1,-1,-1,-1,-1,0.615,0.987,-0.851,-1,-1,-1,-1,-1,-1,-1,-1,-1,-1,-1,-1,-0.999,0.737,0.993,-0.828,-1,-1,-1,-1,-1,-1,-1,-1,-1,-1,-1,-1,-1,0.067,0.911,-0.837,-1,-1,-1,-1,-1,-1
"647",-1,-1,-1,-1,-1,-1,-1,-0.024,0.076,-1,-1,-1,-1,-1,-1,-1,-1,-1,-1,-1,-1,-1,-1,0.727,0.965,-0.863,-1,-1,-1,-1,-1,-1,-1,-1,-1,-1,-1,-1,-0.969,0.87,0.943,-0.955,-1,-1,-1,-1,-1,-1,-1,-1,-1,-1,-1,-1,-0.92,0.976,0.888,-0.988,-1,-1,-1,-1,-1,-1,-1,-1,-1,-1,-1,-1,-0.881,0.991,0.693,-1,-1,-1,-1,-1,-1,-1,-1,-1,-1,-1,-1,-1,-0.934,0.961,0.598,-1,-1,-1,-1,-1,-1,-1,-1,-1,-1,-1,-1,-1,-0.975,0.934,0.566,-1,-1,-1,-1,-1,-1,-1,-1,-1,-1,-1,-1,-1,-0.842,1,0.627,-1,-1,-1,-1,-1,-1,-1,-1,-1,-1,-1,-1,-1,-0.869,0.996,0.617,-1,-1,-1,-1,-1,-1,-1,-1,-1,-1,-1,-1,-1,-0.899,0.988,0.529,-1,-1,-1,-1,-1,-1,-1,-1,-1,-1,-1,-1,-1,-0.951,0.915,0.493,-1,-1,-1,-1,-1,-1,-1,-1,-1,-1,-1,-1,-1,-0.999,0.784,0.45,-1,-1,-1,-1,-1,-1,-1,-1,-1,-1,-1,-1,-1,-1,0.657,0.633,-1,-1,-1,-1,-1,-1,-1,-1,-1,-1,-1,-1,-1,-1,0.529,0.642,-1,-1,-1,-1,-1,-1,-1,-1,-1,-1,-1,-1,-1,-1,0.353,0.64,-1,-1,-1,-1,-1,-1,-1,-1,-1,-1,-1,-1,-1,-1,0.143,0.492,-1,-1,-1,-1,-1,-1,-1
"648",-1,-1,-1,-1,-1,-1,-1,0.18,0.972,0.288,-0.96,-1,-1,-1,-1,-1,-1,-1,-1,-1,-1,-1,-0.217,1,0.713,0.967,-0.423,-1,-1,-1,-1,-1,-1,-1,-1,-1,-1,-0.91,0.765,1,0.107,0.533,0.025,-1,-1,-1,-1,-1,-1,-1,-1,-1,-1,-0.394,1,0.738,-0.544,0.006,0.735,-0.941,-1,-1,-1,-1,-1,-1,-1,-1,-0.998,0.515,1,-0.117,-1,-0.523,1,-0.437,-1,-1,-1,-1,-1,-1,-1,-1,-0.564,0.993,0.734,-0.922,-1,-0.798,0.987,0.011,-1,-1,-1,-1,-1,-1,-1,-1,0.18,1,-0.02,-1,-1,-0.987,0.727,0.46,-1,-1,-1,-1,-1,-1,-1,-0.987,0.838,0.99,-0.521,-1,-1,-1,0.371,0.946,-0.878,-1,-1,-1,-1,-1,-1,-0.717,0.999,0.717,-0.999,-1,-1,-1,0.162,1,-0.403,-1,-1,-1,-1,-1,-1,-0.366,1,0.286,-1,-1,-1,-1,0.194,1,-0.514,-1,-1,-1,-1,-1,-1,-0.335,1,0.175,-1,-1,-1,-1,0.145,1,-0.545,-1,-1,-1,-1,-1,-1,-0.701,0.997,0.144,-1,-1,-1,-0.97,0.627,1,-0.496,-1,-1,-1,-1,-1,-1,-0.989,0.837,0.432,-1,-1,-1,-0.512,1,0.933,-0.861,-1,-1,-1,-1,-1,-1,-1,0.159,0.931,-0.81,-1,-0.756,0.876,1,-0.079,-1,-1,-1,-1,-1,-1,-1,-1,-0.934,0.284,0.781,0.601,0.979,1,0.657,-0.888,-1,-1,-1,-1,-1,-1,-1,-1,-1,-1,-0.351,0.612,0.999,0.327,-0.749,-1,-1,-1,-1,-1
"649",-1,-1,-1,-0.681,0.968,0.168,-0.902,-1,-1,-1,-1,-1,-1,-1,-1,-1,-1,-1,-1,-1,-0.651,0.317,0.747,-0.747,-1,-1,-1,-1,-1,-1,-1,-1,-1,-1,-1,-1,-1,-0.999,0.129,0.808,-0.764,-1,-1,-1,-1,-1,-1,-1,-1,-1,-1,-1,-1,-1,-1,-0.05,0.833,0.085,-0.679,-1,-1,-1,-1,-1,-1,-1,-1,-1,-1,-1,-1,-0.317,0.971,1,0.908,-0.754,-1,-1,-1,-1,-1,-1,-1,-1,-1,-1,-0.429,0.956,1,1,1,-0.483,-1,-1,-1,-1,-1,-1,-1,-1,-1,-0.747,0.876,1,0.659,-0.175,0.998,-0.438,-1,-1,-1,-1,-1,-1,-1,-1,-0.995,0.247,1,0.873,-0.578,-0.991,0.594,0.519,-1,-1,-1,-1,-1,-1,-1,-1,-0.471,0.981,1,-0.162,-1,-1,0.015,0.987,-0.726,-1,-1,-1,-1,-1,-1,-0.953,0.557,1,0.522,-0.941,-1,-1,-0.297,1,-0.222,-1,-1,-1,-1,-1,-1,-0.682,1,0.984,-0.58,-1,-1,-1,-0.157,1,-0.305,-1,-1,-1,-1,-1,-1,-0.389,1,0.835,-0.99,-1,-1,-1,0.208,1,-0.435,-1,-1,-1,-1,-1,-1,-0.193,1,0.551,-1,-1,-0.99,-0.355,0.938,0.89,-0.88,-1,-1,-1,-1,-1,-1,-0.561,0.996,0.35,-1,-0.88,0.198,1,0.997,0.217,-1,-1,-1,-1,-1,-1,-1,-1,0.271,0.914,0.646,0.867,1,0.994,0.126,-0.983,-1,-1,-1,-1,-1,-1,-1,-1,-0.991,-0.264,0.672,1,0.782,-0.349,-1,-1,-1,-1,-1,-1
"650",-1,-1,-1,-1,-1,-0.767,0.36,0.418,-0.828,-1,-1,-1,-1,-1,-1,-1,-1,-1,-1,-1,-0.283,0.947,1,1,-0.291,-1,-1,-1,-1,-1,-1,-1,-1,-1,-1,-0.967,0.671,1,1,0.947,0.948,0.657,-0.239,-0.979,-1,-1,-1,-1,-1,-1,-1,-0.384,1,0.885,0.565,0.046,0.526,1,1,0.454,-0.748,-1,-1,-1,-1,-1,-0.988,0.528,1,0.115,-0.964,-0.951,-0.969,-0.854,-0.517,0.827,0.624,-0.954,-1,-1,-1,-1,-0.794,0.992,0.938,-0.757,-1,-1,-1,-1,-1,-0.224,1,0.297,-1,-1,-1,-1,-0.206,1,0.459,-1,-1,-1,-1,-1,-1,-0.974,0.684,0.936,-0.923,-1,-1,-1,0.325,1,0.16,-1,-1,-1,-1,-1,-1,-1,0.459,0.97,-0.77,-1,-1,-0.999,0.73,1,-0.245,-1,-1,-1,-1,-1,-1,-0.979,0.674,1,-0.548,-1,-1,-0.899,0.929,1,-0.544,-1,-1,-1,-1,-1,-1,-0.835,0.914,0.934,-0.866,-1,-1,-0.555,1,0.932,-0.891,-1,-1,-1,-1,-1,-0.996,0.104,1,0.654,-0.97,-1,-1,-0.7,0.999,0.914,-0.94,-1,-1,-1,-1,-1,-0.292,0.99,1,0.089,-1,-1,-1,-1,0.71,0.974,-0.781,-1,-1,-1,-1,-0.341,0.903,1,0.648,-0.937,-1,-1,-1,-1,0.438,1,0.155,-0.927,-0.927,-0.724,0.312,0.951,1,0.701,-0.749,-1,-1,-1,-1,-1,-0.929,0.518,1,1,1,1,1,1,0.37,-0.843,-1,-1,-1,-1,-1,-1,-1,-0.915,0.075,0.681,1,1,0.683,0.041,-0.909,-1,-1,-1,-1,-1
"651",-1,-1,-1,-1,-1,-0.644,0.336,0.98,0.164,-0.846,-1,-1,-1,-1,-1,-1,-1,-1,-1,-1,-0.324,0.958,1,1,1,0.509,0.141,-0.821,-1,-1,-1,-1,-1,-1,-1,-0.829,0.801,1,1,0.792,0.755,1,1,0.775,-0.627,-1,-1,-1,-1,-1,-0.998,0.279,1,1,0.638,-0.629,-0.426,1,1,1,0.52,-0.959,-1,-1,-1,-1,-0.946,0.87,1,1,-0.058,-1,0.036,1,0.909,1,1,-0.418,-1,-1,-1,-1,-0.525,0.971,1,0.669,-0.915,-1,-0.839,0.078,-0.459,0.998,1,-0.033,-1,-1,-1,-1,-0.153,1,1,-0.04,-1,-1,-1,-1,-0.962,0.842,1,0.262,-1,-1,-1,-1,0.249,1,0.999,-0.683,-1,-1,-1,-1,-0.855,0.955,1,0.465,-1,-1,-1,-1,0.468,1,1,-0.661,-1,-1,-1,-1,-0.469,1,1,-0.208,-1,-1,-1,-1,0.204,1,1,-0.457,-1,-1,-1,-1,0.416,1,1,-0.609,-1,-1,-1,-1,0.03,1,1,-0.405,-1,-1,-1,-0.695,0.905,1,0.841,-0.851,-1,-1,-1,-1,-0.657,1,1,0.222,-1,-1,-1,0.156,1,1,0.105,-1,-1,-1,-1,-1,-1,0.322,1,0.867,-0.534,-0.959,-0.142,0.899,1,1,-0.296,-1,-1,-1,-1,-1,-1,-0.762,0.731,1,0.939,0.607,1,1,1,0.482,-0.966,-1,-1,-1,-1,-1,-1,-1,-0.619,0.691,1,1,1,1,0.636,-0.701,-1,-1,-1,-1,-1,-1,-1,-1,-1,-0.893,-0.135,0.447,1,0.509,-0.79,-1,-1,-1,-1,-1
"652",-1,-1,-1,-1,-0.862,-0.082,0.516,-0.002,-0.742,-1,-1,-1,-1,-1,-1,-1,-1,-1,-1,-0.808,0.657,1,1,1,0.908,0.334,-0.282,-0.902,-1,-1,-1,-1,-1,-1,-0.773,0.827,1,1,1,1,1,1,1,0.598,-0.896,-1,-1,-1,-1,-1,0.269,1,1,0.748,1,1,0.544,0.951,1,1,0.706,-0.853,-1,-1,-1,-0.561,0.962,1,0.331,-0.854,0.715,0.667,-0.896,-0.561,0.678,1,1,0.617,-0.992,-1,-1,-0.141,1,1,0.095,-1,-1,-1,-1,-1,-0.872,0.923,1,1,-0.487,-1,-0.995,0.312,1,1,-0.426,-1,-1,-1,-1,-1,-1,0.604,1,1,0.317,-1,-0.924,0.867,1,0.881,-0.766,-1,-1,-1,-1,-1,-0.861,0.797,1,1,0.705,-0.92,-0.977,0.768,1,0.635,-0.999,-1,-1,-1,-1,-1,-0.585,1,1,1,-0.031,-1,-0.978,0.765,1,0.865,-0.929,-1,-1,-1,-1,-0.963,0.468,1,1,0.888,-0.882,-1,-1,0.277,1,0.952,-0.823,-1,-1,-1,-1,-0.342,0.999,1,1,0.514,-0.966,-1,-1,-0.048,0.983,1,-0.192,-1,-1,-0.964,-0.418,0.76,1,1,0.572,-0.66,-1,-1,-1,-1,0.395,1,0.998,-0.265,-0.288,0.442,1,1,1,1,-0.114,-1,-1,-1,-1,-1,-0.876,0.752,1,1,1,1,1,1,1,0.429,-0.844,-1,-1,-1,-1,-1,-1,-0.519,0.77,1,1,1,1,0.919,0.478,-0.869,-1,-1,-1,-1,-1,-1,-1,-1,-0.847,-0.242,0.927,1,0.63,-0.506,-1,-1,-1,-1,-1,-1
"653",-1,-1,-1,-1,-1,-1,-1,-0.762,0.82,-0.818,-1,-1,-1,-1,-1,-1,-1,-1,-1,-1,-1,-1,-1,-0.365,0.993,-0.848,-1,-1,-1,-1,-1,-1,-1,-1,-1,-1,-1,-1,-1,0.394,0.673,-0.993,-1,-1,-1,-1,-1,-1,-1,-1,-1,-1,-1,-1,-0.998,0.598,0.834,-0.993,-1,-1,-1,-1,-1,-1,-1,-1,-1,-1,-1,-1,-0.954,0.934,0.683,-1,-1,-1,-1,-1,-1,-1,-1,-1,-1,-1,-1,-1,-0.868,0.989,0.542,-1,-1,-1,-1,-1,-1,-1,-1,-1,-1,-1,-1,-1,-0.83,0.995,0.73,-1,-1,-1,-1,-1,-1,-1,-1,-1,-1,-1,-1,-1,-0.758,1,0.708,-1,-1,-1,-1,-1,-1,-1,-1,-1,-1,-1,-1,-1,-0.852,0.986,0.415,-1,-1,-1,-1,-1,-1,-1,-1,-1,-1,-1,-1,-1,-0.865,0.989,0.392,-1,-1,-1,-1,-1,-1,-1,-1,-1,-1,-1,-1,-1,-0.88,0.962,0.408,-1,-1,-1,-1,-1,-1,-1,-1,-1,-1,-1,-1,-1,-0.984,0.883,0.591,-1,-1,-1,-1,-1,-1,-1,-1,-1,-1,-1,-1,-1,-1,0.743,0.698,-1,-1,-1,-1,-1,-1,-1,-1,-1,-1,-1,-1,-1,-1,0.322,0.87,-0.977,-1,-1,-1,-1,-1,-1,-1,-1,-1,-1,-1,-1,-1,-0.273,0.998,-0.825,-1,-1,-1,-1,-1,-1,-1,-1,-1,-1,-1,-1,-1,-0.73,0.84,-0.87,-1,-1,-1,-1,-1,-1
"654",-1,-1,-1,-1,-1,-1,0.048,1,0.901,-0.174,-0.995,-1,-1,-1,-1,-1,-1,-1,-1,-1,-1,-0.959,0.793,1,1,1,0.304,-1,-1,-1,-1,-1,-1,-1,-1,-1,-1,-0.257,0.911,1,0.983,1,0.593,-0.984,-1,-1,-1,-1,-1,-1,-1,-1,-0.947,0.732,1,0.714,-0.417,0.99,0.897,-0.828,-1,-1,-1,-1,-1,-1,-1,-1,-0.306,0.998,1,0.261,-1,0.312,1,0.153,-1,-1,-1,-1,-1,-1,-1,-0.999,0.546,1,1,-0.317,-1,-0.183,1,0.647,-0.999,-1,-1,-1,-1,-1,-1,-0.951,0.73,1,0.936,-0.762,-1,-0.837,0.951,1,-0.649,-1,-1,-1,-1,-1,-1,-0.294,0.997,1,0.25,-1,-1,-0.996,0.685,1,-0.085,-1,-1,-1,-1,-1,-0.976,0.569,1,0.997,-0.584,-1,-1,-1,0.54,1,0.668,-0.998,-1,-1,-1,-1,-0.915,0.912,1,1,-0.576,-1,-1,-0.987,0.619,1,0.803,-0.985,-1,-1,-1,-1,-0.804,0.929,1,0.96,-0.82,-1,-1,-0.995,0.703,1,0.989,-0.744,-1,-1,-1,-1,-0.856,0.902,1,0.826,-0.918,-1,-1,-0.867,0.842,1,0.842,-0.864,-1,-1,-1,-1,-1,0.481,1,0.877,-0.941,-1,-0.752,0.154,1,1,0.071,-1,-1,-1,-1,-1,-1,-0.593,0.99,1,0.401,0.405,0.965,1,1,0.918,-0.251,-1,-1,-1,-1,-1,-1,-1,-0.337,0.924,1,1,1,1,0.979,0.158,-1,-1,-1,-1,-1,-1,-1,-1,-1,-0.675,0.586,1,1,0.642,-0.172,-0.989,-1,-1,-1,-1
"655",-1,-1,-1,-1,-1,-1,0.045,0.979,-0.124,-1,-1,-1,-1,-1,-1,-1,-1,-1,-1,-1,-1,-1,-0.441,1,0.998,-0.023,-1,-1,-1,-1,-1,-1,-1,-1,-1,-1,-1,-1,-0.974,0.804,1,0.1,-1,-1,-1,-1,-1,-1,-1,-1,-1,-1,-1,-1,-0.967,0.552,1,0.756,-0.988,-1,-1,-1,-1,-1,-1,-1,-1,-1,-1,-0.97,0.307,1,1,1,-0.413,-1,-1,-1,-1,-1,-1,-1,-1,-1,-0.977,-0.237,1,1,0.94,1,0.865,-0.944,-1,-1,-1,-1,-1,-1,-1,-1,-0.311,1,1,0.936,-0.541,0.579,1,0.163,-1,-1,-1,-1,-1,-1,-1,-0.997,0.712,1,1,-0.243,-1,-0.203,1,0.942,-0.869,-1,-1,-1,-1,-1,-1,-0.441,1,1,0.445,-0.955,-1,-0.872,0.94,1,-0.199,-1,-1,-1,-1,-1,-0.902,0.729,1,0.789,-0.567,-1,-1,-1,0.339,1,0.53,-1,-1,-1,-1,-1,-0.54,0.999,1,0.257,-1,-1,-1,-1,-0.389,1,0.992,-0.734,-1,-1,-1,-1,0.304,1,0.982,-0.388,-1,-1,-1,-1,-0.91,0.913,1,-0.013,-1,-1,-1,-1,0.24,1,0.745,-0.995,-1,-1,-1,-0.959,-0.568,0.981,1,0.383,-1,-1,-1,-1,-0.488,1,1,0.581,0.239,-0.13,0.378,0.606,1,1,0.999,-0.158,-1,-1,-1,-1,-0.985,-0.02,0.972,1,1,1,1,1,1,0.998,0.271,-0.968,-1,-1,-1,-1,-1,-1,-0.628,0.162,0.498,1,1,1,0.443,-0.311,-0.974,-1,-1,-1
"656",-1,-1,-1,-1,-1,-1,-1,-0.122,0.542,-0.969,-1,-1,-1,-1,-1,-1,-1,-1,-1,-1,-1,-1,-1,0.29,0.937,-0.889,-1,-1,-1,-1,-1,-1,-1,-1,-1,-1,-1,-1,-0.994,0.77,0.613,-0.962,-1,-1,-1,-1,-1,-1,-1,-1,-1,-1,-1,-1,-0.95,0.873,0.74,-0.998,-1,-1,-1,-1,-1,-1,-1,-1,-1,-1,-1,-1,-0.875,0.988,0.783,-0.995,-1,-1,-1,-1,-1,-1,-1,-1,-1,-1,-1,-1,-0.851,0.962,0.7,-0.999,-1,-1,-1,-1,-1,-1,-1,-1,-1,-1,-1,-1,-0.952,0.929,0.658,-1,-1,-1,-1,-1,-1,-1,-1,-1,-1,-1,-1,-1,-0.926,0.93,0.866,-0.97,-1,-1,-1,-1,-1,-1,-1,-1,-1,-1,-1,-1,-0.994,0.775,0.939,-0.938,-1,-1,-1,-1,-1,-1,-1,-1,-1,-1,-1,-1,-0.997,0.777,0.991,-0.87,-1,-1,-1,-1,-1,-1,-1,-1,-1,-1,-1,-1,-0.999,0.703,1,-0.803,-1,-1,-1,-1,-1,-1,-1,-1,-1,-1,-1,-1,-0.995,0.786,0.984,-0.875,-1,-1,-1,-1,-1,-1,-1,-1,-1,-1,-1,-1,-1,0.626,0.995,-0.839,-1,-1,-1,-1,-1,-1,-1,-1,-1,-1,-1,-1,-0.992,0.794,0.936,-0.927,-1,-1,-1,-1,-1,-1,-1,-1,-1,-1,-1,-1,-0.965,0.869,0.742,-0.997,-1,-1,-1,-1,-1,-1,-1,-1,-1,-1,-1,-1,-0.989,0.211,0.126,-1,-1,-1,-1,-1,-1,-1
"657",-1,-1,-1,-1,-1,-0.831,0.378,0.751,0.193,-0.976,-1,-1,-1,-1,-1,-1,-1,-1,-1,-1,-0.381,0.8,1,1,1,0.877,0.172,-0.629,-1,-1,-1,-1,-1,-1,-1,-0.576,0.842,1,1,1,1,1,1,0.94,-0.318,-1,-1,-1,-1,-1,-0.865,0.764,1,1,1,1,1,1,1,1,0.898,-0.567,-1,-1,-1,-0.992,0.419,1,1,1,1,1,1,1,1,1,1,0.651,-0.824,-1,-1,-0.431,0.993,1,1,1,1,1,1,1,0.232,0.488,1,1,0.109,-1,-1,0.378,1,1,1,1,1,1,1,0.501,-0.919,0.183,1,1,0.784,-0.997,-0.86,0.875,1,1,1,0.576,-0.423,0.856,1,-0.198,-1,0.181,1,1,1,-0.714,-0.346,1,1,1,1,-0.338,-1,-0.503,0.493,-0.572,-1,0.463,1,1,1,-0.214,-0.206,1,1,1,0.795,-0.842,-1,-1,-1,-1,-0.759,0.931,1,1,1,-0.283,-0.386,1,1,1,0.279,-1,-1,-1,-1,-0.583,0.602,1,1,1,0.984,-0.621,-0.852,0.966,1,1,0.068,-1,-1,-0.633,0.238,0.968,1,1,1,1,0.833,-0.966,-1,0.259,1,1,0.892,0.467,0.789,1,1,1,1,1,1,1,-0.055,-1,-1,-0.897,0.447,1,1,1,1,1,1,1,1,1,1,0.273,-0.89,-1,-1,-1,-0.915,0.304,0.99,1,1,1,1,1,1,0.722,-0.242,-0.939,-1,-1,-1,-1,-1,-1,-0.405,0.364,0.791,1,0.604,0.036,-0.533,-0.969,-1,-1,-1,-1
"658",-1,-1,-1,-1,-1,-0.877,0.08,0.847,1,1,0.503,-0.415,-1,-1,-1,-1,-1,-1,-1,-1,-0.368,0.759,1,1,1,1,1,0.983,-0.122,-0.999,-1,-1,-1,-1,-0.995,-0.215,0.911,1,1,1,1,1,1,1,1,-0.289,-1,-1,-1,-1,-0.444,0.994,1,1,1,1,1,0.688,0.47,0.989,1,0.664,-0.885,-1,-1,-0.895,0.76,1,1,1,1,1,0.219,-1,-1,0.128,1,1,-0.119,-1,-1,-0.424,1,1,1,1,0.987,0.197,-0.955,-1,-1,-0.513,1,1,0.593,-1,-0.989,0.347,1,1,1,0.923,-0.113,-0.999,-1,-1,-1,-0.584,1,1,0.935,-0.951,-0.905,0.973,1,1,1,-0.037,-1,-1,-1,-1,-1,-0.514,1,1,0.91,-0.854,-0.857,0.96,1,1,1,-0.606,-1,-1,-1,-1,-1,-0.23,1,1,0.862,-0.984,-0.817,0.991,1,1,1,-0.321,-1,-1,-1,-1,-1,0.268,1,1,0.981,-0.889,-0.881,0.984,1,1,-0.015,-0.941,-1,-1,-1,-1,-0.803,0.888,1,1,0.973,-0.845,-1,0.604,1,1,0.438,-0.967,-1,-1,-0.89,-0.167,0.845,1,1,1,0.694,-0.992,-1,-0.656,0.908,1,1,0.835,0.467,0.703,1,1,1,1,1,1,0.027,-1,-1,-1,-0.135,0.965,1,1,1,1,1,1,1,1,1,0.674,-0.926,-1,-1,-1,-1,-0.457,0.797,1,1,1,1,1,1,0.969,0.572,-0.785,-1,-1,-1,-1,-1,-1,-0.845,-0.331,0.401,0.848,0.938,0.466,0.141,-0.625,-1,-1,-1,-1
"659",-1,-1,-1,-1,-1,-1,-1,-1,-1,-1,-1,-1,-1,-1,-1,-1,-1,-1,-1,-1,-0.997,-0.43,-0.251,-0.36,-0.911,-1,-1,-1,-1,-1,-1,-1,-1,-1,-1,-1,-0.604,0.992,1,1,0.9,0.474,-0.452,-0.918,-1,-1,-1,-1,-1,-1,-1,-0.951,-0.161,0.935,1,0.992,0.51,0.929,1,0.595,-0.517,-1,-1,-1,-1,-1,-0.688,0.566,1,1,0.511,-0.221,-1,-0.684,0.262,0.916,0.917,0.278,-0.797,-1,-1,-0.543,0.913,0.981,0.27,-0.409,-0.964,-1,-1,-1,-1,-0.467,0.739,1,0.693,-0.738,-0.795,0.852,1,-0.133,-1,-1,-1,-1,-1,-1,-1,-1,-0.867,0.519,1,0.125,-0.151,1,-0.003,-0.993,-1,-1,-1,-1,-1,-1,-1,-1,-1,-0.868,1,0.72,0.612,0.883,-0.873,-1,-1,-1,-1,-1,-1,-1,-1,-1,-1,-0.971,0.97,0.854,0.885,0.948,-0.749,-1,-1,-1,-1,-1,-1,-1,-1,-1,-1,-0.21,1,0.728,0.177,1,0.478,-0.535,-1,-1,-1,-1,-1,-1,-1,-0.774,0.189,0.923,1,-0.091,-0.926,0.639,1,0.996,0.601,-0.012,-0.282,-0.649,-0.649,-0.499,0.18,0.881,1,1,0.343,-0.946,-1,-0.858,0.145,0.933,1,1,1,1,1,1,1,1,0.875,-0.099,-0.928,-1,-1,-1,-1,-0.715,0.172,0.596,1,1,1,1,0.762,0.145,-0.792,-1,-1,-1,-1,-1,-1,-1,-1,-0.975,-0.889,-0.889,-0.468,-0.7,-0.938,-1,-1,-1,-1,-1,-1,-1,-1,-1,-1,-1,-1,-1,-1,-1,-1,-1,-1,-1,-1,-1
"660",-1,-1,-1,-1,-1,-1,-1,-1,-1,-0.115,0.162,-1,-1,-1,-1,-1,-1,-1,-1,-1,-1,-1,-1,-1,-0.858,0.71,0.328,-1,-1,-1,-1,-1,-1,-1,-1,-1,-1,-1,-1,-1,-0.745,0.998,-0.04,-1,-1,-1,-1,-1,-1,-1,-1,-1,0.343,-0.478,-1,-1,-0.513,1,-0.141,-1,-1,-1,-1,-1,-1,-1,-1,-0.929,0.941,0.789,-0.486,-0.986,-0.595,1,0.477,0.178,-1,-1,-1,-1,-1,-1,-1,-1,0.314,1,1,0.607,0.278,1,1,0.948,-0.928,-1,-1,-1,-1,-1,-1,-1,-0.995,0.027,0.936,1,1,1,1,0.336,-1,-1,-1,-1,-1,-1,-1,-1,-1,-1,-0.882,-0.254,0.377,1,-0.119,-0.943,-1,-1,-1,-1,-1,-1,-1,-1,-1,-1,-1,-1,0.003,1,-0.64,-1,-1,-1,-1,-1,-1,-1,-1,-1,-1,-1,-1,-1,0.237,0.849,-0.99,-1,-1,-1,-1,-1,-1,-1,-1,-1,-1,-1,-1,-1,0.422,0.67,-0.995,-1,-1,-1,-1,-1,-1,-1,-1,-1,-1,-1,-1,-1,0.689,0.541,-1,-1,-1,-1,-1,-1,-1,-1,-1,-1,-1,-1,-1,-0.968,0.892,0.173,-1,-1,-1,-1,-1,-1,-1,-1,-1,-1,-1,-1,-1,-0.79,0.981,-0.095,-1,-1,-1,-1,-1,-1,-1,-1,-1,-1,-1,-1,-1,-0.358,1,-0.545,-1,-1,-1,-1,-1,-1,-1,-1,-1,-1,-1,-1,-1,-0.523,0.636,-0.816,-1,-1,-1,-1,-1,-1
"661",-1,-1,-0.565,1,0.906,-0.018,-0.906,-1,-1,-1,-1,-1,-1,-1,-1,-1,-1,-1,-0.99,-0.096,0.804,1,0.964,0.366,-0.675,-1,-1,-1,-1,-1,-1,-1,-1,-1,-1,-1,-0.927,0.026,0.858,1,0.952,0.071,-0.997,-1,-1,-1,-1,-1,-1,-1,-1,-1,-1,-0.213,-0.064,0.197,1,1,0.091,-1,-1,-1,-1,-1,-1,-1,-1,-1,-0.082,0.976,0.365,-0.977,-0.112,0.958,0.988,-0.12,-1,-1,-1,-1,-1,-1,-1,-0.886,0.728,0.933,-0.69,-1,-1,-0.196,0.999,0.964,-0.321,-1,-1,-1,-1,-1,-1,-0.269,1,0.586,-1,-1,-1,-0.977,0.598,1,0.694,-0.999,-1,-1,-1,-1,-1,0.272,1,-0.187,-1,-1,-1,-1,-0.373,1,0.989,-0.619,-1,-1,-1,-1,-1,0.495,1,-0.41,-1,-1,-1,-1,-0.483,1,1,-0.751,-1,-1,-1,-1,-1,0.718,1,-0.633,-1,-1,-1,-1,-0.173,1,0.977,-0.951,-1,-1,-1,-1,-0.988,0.929,0.999,-0.855,-1,-1,-1,-0.949,0.665,1,0.499,-1,-1,-1,-1,-1,-0.836,1,0.914,-0.993,-1,-1,-0.994,-0.111,1,1,-0.622,-1,-1,-1,-1,-1,-0.648,0.992,0.949,-0.744,-1,-0.935,-0.064,1,1,0.42,-0.975,-1,-1,-1,-1,-1,-0.998,0.898,1,0.516,0.447,0.719,1,1,0.489,-0.86,-1,-1,-1,-1,-1,-1,-1,0.21,1,1,1,1,0.998,0.339,-0.931,-1,-1,-1,-1,-1,-1,-1,-1,-0.919,-0.032,0.892,1,0.455,-0.198,-1,-1,-1,-1,-1,-1,-1
"662",-1,-1,-1,-1,-1,-1,-1,-0.271,0.941,0.275,-0.89,-1,-1,-1,-1,-1,-1,-1,-1,-0.707,0.091,-0.327,-1,-0.28,1,1,0.71,-0.672,-1,-1,-1,-1,-1,-1,-0.715,0.668,1,0.935,-0.615,-0.678,0.994,0.924,0.709,0.676,-0.749,-1,-1,-1,-1,-1,0.062,1,1,-0.17,-1,-0.986,0.264,0.964,-0.286,0.868,0.463,-1,-1,-1,-1,-0.896,0.758,1,0.789,-0.832,-1,-1,-0.985,-0.029,0.753,0.035,1,-0.221,-1,-1,-1,-0.471,1,1,-0.152,-1,-1,-1,-1,-1,-0.597,-0.357,0.841,0.925,-0.845,-1,-1,0.021,1,0.804,-0.947,-1,-1,-1,-1,-1,-1,-1,0.247,1,-0.133,-1,-1,0.512,1,0.337,-1,-1,-1,-1,-1,-1,-1,-1,-0.026,1,0.375,-1,-1,0.651,1,-0.169,-1,-1,-1,-1,-1,-1,-1,-1,-0.137,1,0.746,-0.995,-0.995,0.755,1,-0.279,-1,-1,-1,-1,-1,-1,-1,-0.991,0.375,1,0.612,-1,-0.996,0.747,1,-0.388,-1,-1,-1,-1,-1,-1,-1,-0.334,0.988,1,0.12,-1,-1,0.273,1,-0.203,-1,-1,-1,-1,-1,-1,-0.578,0.899,1,0.967,-0.632,-1,-1,-0.487,0.988,0.187,-1,-1,-1,-1,-0.948,-0.142,0.899,1,0.984,0.093,-0.998,-1,-1,-0.992,0.28,0.944,-0.427,-0.999,-0.7,-0.372,0.547,1,1,0.91,-0.15,-0.993,-1,-1,-1,-1,-0.97,0.296,1,0.886,0.968,1,1,1,0.644,-0.352,-1,-1,-1,-1,-1,-1,-1,-0.991,-0.373,0.394,0.996,0.717,0.364,-0.449,-0.976,-1,-1,-1,-1,-1
"663",-1,-1,-1,-1,-1,-1,-0.184,0.98,-0.073,-0.997,-1,-1,-1,-1,-1,-1,-1,-1,-1,-1,-1,-0.992,0.632,1,1,-0.187,-1,-1,-1,-1,-1,-1,-1,-1,-1,-1,-1,-0.532,1,1,1,0.923,-0.841,-1,-1,-1,-1,-1,-1,-1,-1,-1,-1,0.054,1,1,1,1,-0.004,-1,-1,-1,-1,-1,-1,-1,-1,-1,-0.934,0.733,1,0.192,0.528,1,0.836,-0.926,-1,-1,-1,-1,-1,-1,-1,-1,-0.403,1,0.982,-0.778,-0.626,0.764,1,0.483,-0.751,-1,-1,-1,-1,-1,-1,-1,0.183,1,0.442,-0.998,-1,-0.306,1,0.837,-0.123,-1,-1,-1,-1,-1,-1,-0.872,0.884,1,-0.218,-1,-1,-0.891,0.974,0.926,-0.949,-1,-1,-1,-1,-1,-1,-0.334,1,0.775,-0.942,-1,-1,-0.979,0.769,1,-0.61,-1,-1,-1,-1,-1,-1,0.237,1,0.368,-1,-1,-1,-1,0.255,1,-0.317,-1,-1,-1,-1,-1,-1,0.202,1,-0.013,-1,-1,-1,-1,0.167,1,0.014,-1,-1,-1,-1,-1,-1,0.076,1,0.143,-1,-1,-1,-1,0.344,1,-0.073,-1,-1,-1,-1,-1,-1,-0.217,1,0.277,-1,-1,-1,-0.894,0.945,1,-0.378,-1,-1,-1,-1,-1,-1,-0.875,0.896,0.841,-0.923,-1,-0.721,0.253,1,0.758,-0.95,-1,-1,-1,-1,-1,-1,-1,-0.544,0.939,0.827,0.819,0.975,1,0.619,-0.85,-1,-1,-1,-1,-1,-1,-1,-1,-1,-0.636,0.291,0.977,0.996,0.217,-0.773,-1,-1,-1,-1,-1
"664",-1,-1,-1,-1,-1,-1,-1,0.628,-0.11,-1,-1,-1,-1,-1,-1,-1,-1,-1,-1,-1,-1,-1,-1,0.795,0.798,-0.988,-1,-1,-1,-1,-1,-1,-1,-1,-1,-1,-1,-1,-1,0.616,0.973,-0.885,-1,-1,-1,-1,-1,-1,-1,-1,-1,-1,-1,-1,-0.992,0.773,0.996,-0.777,-1,-1,-1,-1,-1,-1,-1,-1,-1,-1,-1,-1,-1,0.8,1,-0.8,-1,-1,-1,-1,-1,-1,-1,-1,-1,-1,-1,-1,-0.98,0.847,1,-0.67,-1,-1,-1,-1,-1,-1,-1,-1,-1,-1,-1,-1,-0.858,0.991,0.956,-0.792,-1,-1,-1,-1,-1,-1,-1,-1,-1,-1,-1,-1,-0.701,1,0.701,-1,-1,-1,-1,-1,-1,-1,-1,-1,-1,-1,-1,-1,-0.731,0.998,0.782,-1,-1,-1,-1,-1,-1,-1,-1,-1,-1,-1,-1,-1,-0.971,0.91,0.808,-0.994,-1,-1,-1,-1,-1,-1,-1,-1,-1,-1,-1,-1,-0.913,0.969,0.913,-0.969,-1,-1,-1,-1,-1,-1,-1,-1,-1,-1,-1,-1,-0.86,0.984,0.983,-0.91,-1,-1,-1,-1,-1,-1,-1,-1,-1,-1,-1,-1,-0.96,0.904,0.901,-0.944,-1,-1,-1,-1,-1,-1,-1,-1,-1,-1,-1,-1,-0.947,0.959,0.947,-0.959,-1,-1,-1,-1,-1,-1,-1,-1,-1,-1,-1,-1,-0.921,0.951,0.949,-0.929,-1,-1,-1,-1,-1,-1,-1,-1,-1,-1,-1,-1,-0.964,0.469,0.977,-0.729,-1,-1,-1,-1,-1,-1
"665",-1,-1,-1,-1,-1,-1,-1,-1,-1,-0.914,-0.547,-0.871,-1,-1,-1,-1,-1,-1,-1,-1,-1,-1,-1,-0.955,-0.004,0.746,1,0.571,-1,-1,-1,-1,-1,-1,-1,-1,-1,-1,-0.585,0.739,1,1,1,0.582,-1,-1,-1,-1,-1,-1,-1,-1,-0.987,-0.006,0.821,0.796,-0.155,0.335,1,-0.449,-1,-1,-1,-1,-1,-1,-1,-0.974,0.041,1,0.732,-0.721,-1,0.35,0.948,-0.759,-1,-1,-1,-1,-1,-1,-0.89,0.293,1,0.225,-0.908,-1,-1,0.587,0.951,-0.999,-1,-1,-1,-1,-1,-0.924,0.489,0.948,-0.197,-0.982,-1,-1,-1,0.466,1,-0.926,-1,-1,-1,-1,-0.941,0.406,0.96,-0.625,-1,-1,-1,-1,-1,0.344,0.721,-0.96,-1,-1,-1,-1,-0.012,1,-0.188,-1,-1,-0.933,-0.475,-0.475,-0.475,0.439,0.727,-1,-1,-1,-1,-1,0.786,1,0.381,0.345,0.516,0.943,1,1,1,1,0.993,0.935,0.569,0.345,0.345,-0.246,-0.023,0.774,1,0.739,0.604,0.604,0.604,0.283,0.014,0.482,1,0.725,0.604,0.604,0.604,0.42,-1,-0.918,-0.806,-0.932,-1,-1,-1,-1,-1,-0.327,1,-0.318,-1,-1,-1,-1,-1,-1,-1,-1,-1,-1,-1,-1,-1,-0.866,0.934,-0.197,-1,-1,-1,-1,-1,-1,-1,-1,-1,-1,-1,-1,-1,-1,0.435,-0.075,-1,-1,-1,-1,-1,-1,-1,-1,-1,-1,-1,-1,-1,-1,-0.115,0.435,-1,-1,-1,-1,-1,-1,-1,-1,-1,-1,-1,-1,-1,-1,-0.987,-0.612,-1,-1,-1,-1
"666",-1,-1,-1,-0.897,0.241,0.811,-0.231,-0.231,-0.231,-0.69,-1,-1,-1,-1,-1,-1,-1,-1,-0.811,0.38,1,1,1,1,1,0.751,0.538,-0.617,-1,-1,-1,-1,-1,-1,0.261,1,1,1,1,1,1,1,1,0.698,-0.173,-1,-1,-1,-1,-1,-0.474,1,1,1,1,0.751,0.385,0.728,1,1,0.973,-0.577,-1,-1,-1,-1,-0.238,1,1,1,1,0.083,-1,0.13,1,1,1,0.012,-1,-1,-1,-1,0.164,1,1,1,1,-0.318,-1,-0.855,0.114,1,1,0.523,-0.966,-1,-1,-1,0.53,1,1,1,0.725,-0.693,-1,-1,-1,-0.025,1,0.825,-0.971,-1,-1,-0.992,0.853,1,1,1,-0.246,-1,-1,-1,-1,-0.824,0.994,0.88,-0.6,-1,-1,-0.703,1,1,1,1,-0.682,-1,-1,-1,-1,-0.394,1,1,-0.683,-1,-1,-0.52,0.959,1,1,0.917,-0.93,-1,-1,-1,-1,-0.063,1,0.916,-0.931,-1,-1,-1,0.764,1,1,0.892,-0.609,-1,-1,-1,-0.645,0.611,1,0.62,-1,-1,-1,-0.937,0.723,1,1,1,-0.171,-1,-1,-0.438,0.888,1,0.928,-0.088,-1,-1,-1,-1,-0.586,1,1,1,0.868,0.385,0.385,0.848,1,1,0.562,-1,-1,-1,-1,-1,-0.833,0.7,1,1,1,1,1,1,1,0.376,-0.919,-1,-1,-1,-1,-1,-1,-0.613,0.859,1,1,1,1,0.928,0.057,-0.883,-1,-1,-1,-1,-1,-1,-1,-1,-0.51,0.436,0.999,0.999,0.427,-0.307,-1,-1,-1,-1,-1,-1
"667",-1,-1,-1,-0.63,0.794,-0.604,-1,-1,-1,-1,-1,-1,-1,-1,-1,-1,-1,-1,-0.984,0.646,1,-0.182,-0.984,-0.208,-0.2,-0.689,-1,-1,-1,-1,-1,-1,-1,-1,-0.066,1,0.999,-0.54,0.621,1,1,0.738,0.2,-0.553,-1,-1,-1,-1,-1,-0.684,0.796,1,0.78,-0.687,0.987,1,1,1,1,0.947,0.537,-0.837,-1,-1,-1,0.224,1,1,-0.304,-1,-1,-0.086,0.671,1,1,1,1,0.909,-0.695,-1,-0.995,0.757,1,0.804,-0.967,-1,-1,-1,-0.953,-0.549,0.205,0.979,1,1,0.576,-0.98,-0.606,1,1,0.206,-1,-1,-1,-1,-1,-1,-1,-0.762,0.292,0.985,1,-0.115,-0.067,1,1,-0.333,-1,-1,-1,-1,-1,-1,-1,-1,-0.96,0.774,1,0.307,0.565,1,0.988,-0.793,-1,-1,-1,-1,-1,-1,-1,-1,-1,0.165,1,0.635,0.463,1,1,-0.703,-1,-1,-1,-1,-1,-1,-1,-1,-1,0.703,1,0.096,0.295,1,1,-0.055,-1,-1,-1,-1,-1,-1,-1,-1,-0.505,1,1,-0.535,-0.447,1,1,0.811,-0.484,-1,-1,-1,-1,-1,-1,-0.731,0.725,1,0.235,-0.949,-1,0.265,1,1,1,0.182,-0.646,-1,-1,-0.713,-0.304,0.883,1,0.534,-1,-1,-1,-0.884,0.767,1,1,1,0.977,0.6,0.6,0.863,1,1,0.579,-0.863,-1,-1,-1,-1,-0.65,0.444,1,1,1,1,1,1,1,0.355,-0.871,-1,-1,-1,-1,-1,-1,-0.983,-0.289,0.445,1,0.755,0.2,0.2,-0.432,-0.937,-1,-1,-1,-1
"668",-1,-1,-1,-1,-1,-1,-1,-0.968,0.696,-0.43,-1,-1,-1,-1,-1,-1,-1,-1,-1,-1,-1,-1,-1,-0.64,0.611,0.73,-0.77,-1,-1,-1,-1,-1,-1,-1,-1,-1,-1,-1,-0.762,0.784,1,1,0.564,-0.994,-1,-1,-1,-1,-1,-1,-1,-1,-1,-0.638,0.831,1,1,1,0.914,-0.853,-1,-1,-1,-1,-1,-1,-1,-1,-0.944,0.703,1,1,0.716,0.437,1,0.065,-1,-1,-1,-1,-1,-1,-1,-0.936,0.201,1,1,0.961,-0.664,-0.856,0.87,0.931,-0.771,-1,-1,-1,-1,-1,-1,-0.048,1,1,0.998,-0.117,-1,-1,0.463,1,-0.017,-1,-1,-1,-1,-1,-0.999,0.611,1,1,0.755,-0.956,-1,-1,0.214,1,0.636,-0.981,-1,-1,-1,-1,-0.831,0.919,1,0.947,-0.533,-1,-1,-1,-0.797,0.916,0.889,-0.834,-1,-1,-1,-1,-0.664,0.988,1,0.85,-0.913,-1,-1,-1,-0.848,0.96,1,-0.274,-1,-1,-1,-1,-0.198,1,1,0.459,-1,-1,-1,-1,-0.9,0.855,1,-0.237,-1,-1,-1,-1,-0.567,0.999,1,0.465,-1,-1,-1,-1,-0.852,0.861,0.988,-0.703,-1,-1,-1,-1,-0.904,0.815,1,0.635,-0.982,-1,-1,-0.971,-0.027,1,1,-0.466,-1,-1,-1,-1,-1,-0.211,0.967,1,0.4,-0.13,0.286,0.575,0.996,1,0.703,-0.949,-1,-1,-1,-1,-1,-1,-0.487,0.696,1,1,1,1,1,0.934,-0.353,-1,-1,-1,-1,-1,-1,-1,-1,-0.932,0.016,0.791,1,1,0.557,-0.511,-1,-1,-1,-1
"669",-1,-1,-1,-1,-1,-1,-1,-0.109,0.874,-0.557,-1,-1,-1,-1,-1,-1,-1,-1,-1,-1,-1,-1,-0.998,0.247,1,-0.545,-1,-1,-1,-1,-1,-1,-1,-1,-1,-1,-1,-1,-0.772,0.967,1,-0.25,-1,-1,-1,-1,-1,-1,-1,-1,-1,-1,-1,-1,-0.52,1,1,-0.351,-1,-1,-1,-1,-1,-1,-1,-1,-1,-1,-1,-1,-0.501,1,0.996,-0.577,-1,-1,-1,-1,-1,-1,-1,-1,-1,-1,-1,-1,-0.364,1,0.957,-0.878,-1,-1,-1,-1,-1,-1,-1,-1,-1,-1,-1,-1,-0.291,1,0.945,-0.902,-1,-1,-1,-1,-1,-1,-1,-1,-1,-1,-1,-1,-0.208,1,0.916,-0.9,-1,-1,-1,-1,-1,-1,-1,-1,-1,-1,-1,-1,-0.401,1,0.86,-0.972,-1,-1,-1,-1,-1,-1,-1,-1,-1,-1,-1,-1,-0.738,0.996,0.996,-0.768,-1,-1,-1,-1,-1,-1,-1,-1,-1,-1,-1,-1,-0.778,0.99,0.996,-0.722,-1,-1,-1,-1,-1,-1,-1,-1,-1,-1,-1,-1,-0.77,0.972,0.996,-0.713,-1,-1,-1,-1,-1,-1,-1,-1,-1,-1,-1,-1,-0.773,0.994,0.996,-0.731,-1,-1,-1,-1,-1,-1,-1,-1,-1,-1,-1,-1,-0.927,0.807,0.962,-0.889,-1,-1,-1,-1,-1,-1,-1,-1,-1,-1,-1,-1,-1,0.2,0.966,-0.856,-1,-1,-1,-1,-1,-1,-1,-1,-1,-1,-1,-1,-1,-0.708,0.776,-0.55,-1,-1,-1,-1,-1,-1
"670",-1,-1,-1,-0.084,1,1,0.97,0.141,-0.452,-1,-1,-1,-1,-1,-1,-1,-1,-1,-1,-0.648,-0.276,-0.268,0.731,1,0.996,0.715,-0.631,-1,-1,-1,-1,-1,-1,-1,-1,-1,-1,-1,-0.956,-0.388,0.21,0.933,0.942,-0.438,-1,-1,-1,-1,-1,-1,-1,-1,-1,-1,-0.673,-0.239,0.191,0.819,1,0.682,-0.712,-1,-1,-1,-1,-1,-1,-1,-0.577,0.521,0.93,1,1,1,1,1,0.35,-1,-1,-1,-1,-1,-1,-0.118,0.93,1,1,0.993,0.292,-0.069,0.843,1,0.903,-0.434,-1,-1,-1,-1,-0.275,0.922,1,1,0.711,-0.328,-0.991,-1,-0.225,0.866,1,0.871,-0.965,-1,-1,-0.685,0.937,1,1,0.577,-0.891,-1,-1,-1,-1,-0.058,1,1,-0.496,-1,-1,-0.578,1,1,0.739,-0.918,-1,-1,-1,-1,-1,-0.655,1,1,0,-1,-1,-0.422,1,1,0.086,-1,-1,-1,-1,-1,-1,-0.38,0.996,1,-0.532,-1,-1,-0.063,1,1,-0.113,-1,-1,-1,-1,-1,-1,0.352,1,1,-0.369,-1,-1,-0.661,1,1,0.16,-0.995,-1,-1,-1,-0.965,-0.42,0.878,1,0.798,-0.815,-1,-1,-0.999,0.697,1,1,0.167,-0.911,-1,-0.879,-0.082,1,1,1,0.088,-1,-1,-1,-1,-0.812,0.522,1,1,0.859,0.447,0.941,1,1,1,0.712,-0.881,-1,-1,-1,-1,-1,-0.788,0.317,0.989,1,1,1,1,0.987,0.207,-0.909,-1,-1,-1,-1,-1,-1,-1,-1,-0.558,0.581,1,1,0.722,-0.403,-1,-1,-1,-1,-1
"671",-1,-1,-1,-1,-1,-0.86,0.054,0.058,0.826,0.62,-0.249,-0.883,-0.981,-1,-1,-1,-1,-1,-1,-0.775,0.176,0.86,1,1,1,1,1,1,0.201,-0.91,-1,-1,-1,-1,-0.943,0.397,1,1,1,1,1,1,1,1,1,0.608,-0.914,-1,-1,-1,-0.129,1,1,1,1,0.695,0.53,0.53,0.696,1,1,1,0.322,-0.834,-1,0.123,0.885,1,1,1,0.541,-0.753,-1,-1,-0.865,-0.223,1,1,1,-0.216,-0.646,0.961,1,1,1,0.604,-0.898,-1,-1,-1,-1,-0.972,0.865,1,1,-0.305,0.122,1,1,1,0.915,-0.626,-1,-1,-1,-1,-1,-1,0.317,1,1,0.271,0.211,1,1,1,-0.128,-1,-1,-1,-1,-1,-1,-1,-0.259,1,1,0.404,0.576,1,1,0.954,-0.614,-1,-1,-1,-1,-1,-1,-0.996,0.601,1,1,-0.016,0,1,1,0.588,-1,-1,-1,-1,-1,-1,-1,-1,0.471,1,1,0.006,-0.576,1,1,0.987,-0.823,-1,-1,-1,-1,-1,-0.925,0.138,0.233,1,1,-0.415,-0.984,0.832,1,1,0.57,-0.279,-1,-1,-1,-1,-0.03,1,1,1,0.921,-0.756,-1,-0.005,1,1,1,0.981,0.089,-0.411,-0.411,-0.248,0.908,1,1,1,0.024,-1,-1,-0.998,-0.243,0.889,1,1,1,1,1,1,1,1,1,0.523,-0.916,-1,-1,-1,-1,-0.611,0.689,1,1,1,1,1,1,1,0.875,-0.684,-1,-1,-1,-1,-1,-1,-0.915,0.424,1,1,1,1,1,0.732,-0.402,-1,-1,-1
"672",-1,-1,-1,-1,-1,-1,-0.064,0.87,0.054,-0.894,-1,-1,-1,-1,-1,-1,-1,-1,-1,-1,-1,-1,0.304,1,1,0.57,-0.999,-1,-1,-1,-1,-1,-1,-1,-1,-1,-1,-1,0.208,1,1,0.968,-0.838,-1,-1,-1,-1,-1,-1,-1,-1,-1,-1,-1,0.443,1,1,0.922,-0.895,-1,-1,-1,-1,-1,-1,-1,-1,-1,-1,-1,0.348,1,1,0.856,-0.931,-1,-1,-1,-1,-1,-1,-1,-1,-1,-1,-1,0.582,1,1,0.872,-0.918,-1,-1,-1,-1,-1,-1,-1,-1,-1,-1,-0.966,0.783,1,1,0.521,-1,-1,-1,-1,-1,-1,-1,-1,-1,-1,-1,-0.976,0.764,1,1,0.683,-1,-1,-1,-1,-1,-1,-1,-1,-1,-1,-1,-0.961,0.851,1,1,0.58,-1,-1,-1,-1,-1,-1,-1,-1,-1,-1,-1,-0.921,0.914,1,1,0.21,-0.997,-1,-1,-1,-1,-1,-1,-1,-1,-1,-1,-0.544,0.971,1,1,-0.551,-1,-1,-1,-1,-1,-1,-1,-1,-1,-1,-1,-0.82,0.953,1,1,-0.125,-1,-1,-1,-1,-1,-1,-1,-1,-1,-1,-1,-0.878,0.915,1,1,0.037,-1,-1,-1,-1,-1,-1,-1,-1,-1,-1,-1,-0.953,0.829,1,1,0.594,-0.866,-1,-1,-1,-1,-1,-1,-1,-1,-1,-1,-1,0.119,1,1,1,-0.45,-1,-1,-1,-1,-1,-1,-1,-1,-1,-1,-1,-0.838,0.34,0.855,0.272,-0.738,-1,-1,-1,-1,-1
"673",-1,-1,-1,-1,-1,-1,-1,-1,-1,-1,-1,-1,-1,-1,-1,-1,-1,-1,-1,-1,-1,-1,-1,-1,-1,-1,-1,-1,-1,-1,-1,-1,-1,-1,-1,-0.969,-0.71,0.17,0.271,0.643,0.271,0.111,-0.518,-0.966,-1,-1,-1,-1,-1,-1,-0.637,0.633,1,1,1,1,1,1,1,0.818,-0.338,-0.993,-1,-1,-1,-0.656,0.767,1,1,1,1,0.644,0.603,0.603,0.819,1,1,-0.132,-1,-1,-0.819,0.882,1,1,0.599,-0.179,-0.449,-0.972,-1,-1,-0.89,0.323,1,0.965,-0.067,-1,0.265,1,1,0.427,-0.978,-1,-1,-1,-1,-1,-1,-0.918,0.39,1,0.997,-0.404,0.604,1,1,-0.551,-1,-1,-1,-1,-1,-1,-1,-1,-0.842,0.909,1,0.416,0.773,1,0.777,-0.974,-1,-1,-1,-1,-1,-1,-1,-1,-0.988,0.708,1,0.764,0.426,1,0.981,-0.923,-1,-1,-1,-1,-1,-1,-1,-0.998,-0.354,0.98,1,0.437,0.014,1,1,-0.345,-1,-1,-1,-1,-1,-0.867,-0.332,0.191,1,1,0.796,-0.77,-0.948,0.465,1,0.845,0.154,-0.104,-0.616,-0.042,0.28,0.841,1,1,1,0.808,-0.537,-1,-1,-0.911,0.571,1,1,1,1,1,1,1,1,0.74,0.441,-0.719,-1,-1,-1,-1,-0.819,0.018,0.833,0.881,0.881,0.881,0.48,-0.028,-0.351,-0.97,-1,-1,-1,-1,-1,-1,-1,-1,-1,-1,-1,-1,-1,-1,-1,-1,-1,-1,-1,-1,-1,-1,-1,-1,-1,-1,-1,-1,-1,-1,-1,-1,-1,-1,-1,-1
"674",-1,-1,-1,-1,-1,-1,-0.392,0.723,-0.036,-0.977,-1,-1,-1,-1,-1,-1,-1,-1,-1,-1,-1,-1,0.155,1,1,-0.61,-1,-1,-1,-1,-1,-1,-1,-1,-1,-1,-1,-1,0.072,1,1,-0.458,-1,-1,-1,-1,-1,-1,-1,-1,-1,-1,-1,-1,-0.051,1,1,-0.335,-1,-1,-1,-1,-1,-1,-1,-1,-1,-1,-1,-1,-0.469,1,1,-0.361,-1,-1,-1,-1,-1,-1,-1,-1,-1,-1,-1,-1,-0.355,1,1,-0.061,-1,-1,-1,-1,-1,-1,-1,-1,-1,-1,-1,-1,-0.438,1,1,-0.254,-1,-1,-1,-1,-1,-1,-1,-1,-1,-1,-1,-1,-0.6,1,1,-0.348,-1,-1,-1,-1,-1,-1,-1,-1,-1,-1,-1,-1,-0.693,1,1,0.07,-1,-1,-1,-1,-1,-1,-1,-1,-1,-1,-1,-1,-0.618,1,1,0.075,-1,-1,-1,-1,-1,-1,-1,-1,-1,-1,-1,-1,-0.701,1,1,-0.187,-1,-1,-1,-1,-1,-1,-1,-1,-1,-1,-1,-1,-0.469,1,1,-0.636,-1,-1,-1,-1,-1,-1,-1,-1,-1,-1,-1,-1,-0.395,1,1,-0.553,-1,-1,-1,-1,-1,-1,-1,-1,-1,-1,-1,-1,0.153,1,1,-0.647,-1,-1,-1,-1,-1,-1,-1,-1,-1,-1,-1,-1,0.069,1,0.908,-0.748,-1,-1,-1,-1,-1,-1,-1,-1,-1,-1,-1,-1,-0.406,0.919,0.436,-1,-1,-1,-1,-1,-1,-1
"675",-1,-1,-1,-1,-1,-1,-1,0.604,-0.23,-0.987,-1,-1,-1,-1,-1,-1,-1,-1,-1,-1,-1,-1,-1,0.638,1,0.508,-0.635,-1,-1,-1,-1,-1,-1,-1,-1,-1,-1,-0.899,0.158,0.878,1,1,0.789,-0.872,-1,-1,-1,-1,-1,-1,-1,-1,-0.755,0.634,1,1,1,1,1,0.671,-0.845,-1,-1,-1,-1,-1,-1,-0.749,0.472,1,1,1,0.761,0.053,0.686,1,0.758,-0.703,-1,-1,-1,-1,-0.621,0.741,1,1,0.766,-0.324,-0.974,-1,-0.916,0.673,1,0.471,-0.999,-1,-1,-0.688,0.921,1,1,0.346,-0.878,-1,-1,-1,-1,-0.364,1,1,-0.555,-1,-0.965,0.489,1,1,0.523,-0.813,-1,-1,-1,-1,-1,-0.943,0.58,1,0.711,-0.997,-0.322,1,1,0.435,-0.876,-1,-1,-1,-1,-1,-1,-1,-0.398,1,1,-0.583,-0.262,1,1,-0.263,-1,-1,-1,-1,-1,-1,-1,-1,-0.559,0.999,1,-0.249,-0.704,0.998,0.964,-0.841,-1,-1,-1,-1,-1,-1,-1,-1,0.275,1,1,-0.222,-1,0.59,1,0.048,-1,-1,-1,-1,-1,-1,-1,-0.547,0.964,1,0.784,-0.877,-1,-0.39,0.994,0.968,-0.03,-0.784,-1,-1,-1,-0.79,-0.116,0.931,1,0.813,-0.48,-1,-1,-1,-0.081,0.998,1,0.944,0.647,0.134,0.176,0.897,1,1,1,-0.301,-1,-1,-1,-1,-1,-0.421,0.592,1,1,1,1,1,1,1,0.229,-0.98,-1,-1,-1,-1,-1,-1,-0.958,-0.465,0.327,0.922,1,0.573,0.233,-0.501,-0.98,-1,-1,-1
"676",-1,-1,-1,-1,-1,-1,-1,-0.618,0.763,-1,-1,-1,-1,-1,-1,-1,-1,-1,-1,-1,-1,-1,-1,0.125,0.478,-1,-1,-1,-1,-1,-1,-1,-1,-1,-1,-1,-1,-1,-1,0.518,0.046,-1,-1,-1,-1,-1,-1,-1,-1,-1,-1,-1,-1,-1,-1,0.774,-0.123,-1,-1,-1,-1,-1,-1,-1,-1,-1,-1,-1,-1,-1,-1,0.857,-0.183,-1,-1,-1,-1,-1,-1,-1,-1,-1,-1,-1,-1,-1,-1,0.938,-0.11,-1,-1,-1,-1,-1,-1,-1,-1,-1,-1,-1,-1,-1,-1,0.99,-0.139,-1,-1,-1,-1,-1,-1,-1,-1,-1,-1,-1,-1,-1,-1,0.871,-0.095,-1,-1,-1,-1,-1,-1,-1,-1,-1,-1,-1,-1,-1,-1,0.732,-0.089,-1,-1,-1,-1,-1,-1,-1,-1,-1,-1,-1,-1,-1,-1,0.971,-0.1,-1,-1,-1,-1,-1,-1,-1,-1,-1,-1,-1,-1,-1,-1,1,-0.16,-1,-1,-1,-1,-1,-1,-1,-1,-1,-1,-1,-1,-1,-1,0.886,-0.087,-1,-1,-1,-1,-1,-1,-1,-1,-1,-1,-1,-1,-1,-1,0.607,0.075,-1,-1,-1,-1,-1,-1,-1,-1,-1,-1,-1,-1,-1,-1,0.468,0.24,-1,-1,-1,-1,-1,-1,-1,-1,-1,-1,-1,-1,-1,-1,0.31,0.398,-1,-1,-1,-1,-1,-1,-1,-1,-1,-1,-1,-1,-1,-1,-0.245,0.752,-1,-1,-1,-1,-1,-1,-1
"677",-1,-1,-1,-1,-1,-0.315,0.605,-0.646,-1,-1,-1,-1,-1,-1,-1,-1,-1,-1,-1,-1,-1,-0.787,0.842,0.765,-0.525,-1,-1,-1,-1,-1,-1,-1,-1,-1,-1,-1,-1,-1,-0.662,0.796,0.976,0.024,-0.426,-0.942,-1,-1,-1,-1,-1,-1,-1,-1,-1,-1,-0.733,0.278,1,1,1,0.33,-1,-1,-1,-1,-1,-1,-1,-1,-1,-0.477,0.819,1,0.912,0.961,1,-0.436,-1,-1,-1,-1,-1,-1,-1,-1,-0.857,0.769,1,0.665,-0.865,-0.503,1,0.236,-0.999,-1,-1,-1,-1,-1,-1,-0.997,0.235,1,0.474,-0.825,-1,-0.999,0.358,1,-0.636,-1,-1,-1,-1,-1,-1,-0.467,1,0.921,-0.8,-1,-1,-1,-0.525,1,0.016,-1,-1,-1,-1,-1,-1,0.194,1,0.3,-0.998,-1,-1,-1,-0.983,0.806,0.668,-1,-1,-1,-1,-1,-1,0.684,0.971,-0.647,-1,-1,-1,-1,-1,0.235,0.745,-0.997,-1,-1,-1,-1,-0.975,0.843,0.905,-0.944,-1,-1,-1,-1,-1,0.239,0.877,-0.964,-1,-1,-1,-1,-1,0.323,0.981,-0.813,-1,-1,-1,-1,-1,0.455,0.689,-0.992,-1,-1,-1,-1,-1,-0.329,1,0.105,-1,-1,-1,-1,-0.555,0.956,0.375,-1,-1,-1,-1,-1,-1,-0.971,0.252,0.942,-0.323,-0.996,-1,-0.438,0.726,0.949,-0.614,-1,-1,-1,-1,-1,-1,-1,-1,0.263,1,0.544,0.491,0.929,0.856,-0.42,-1,-1,-1,-1,-1,-1,-1,-1,-1,-0.988,-0.171,0.951,0.901,0.19,-0.621,-1,-1,-1,-1,-1
"678",-1,-1,-1,-1,-1,-0.998,0.058,0.399,-0.177,-0.835,-1,-1,-1,-1,-1,-1,-1,-1,-1,-1,-1,-0.161,0.965,-0.248,0.619,0.863,-0.465,-1,-1,-1,-1,-1,-1,-1,-1,-1,-0.377,0.979,0.934,-0.85,-0.901,0.649,0.944,-0.599,-1,-1,-1,-1,-1,-1,-1,-0.978,0.584,1,-0.005,-1,-1,-0.903,0.735,0.928,-0.688,-1,-1,-1,-1,-1,-1,-0.382,0.993,0.28,-0.945,-1,-1,-1,-0.494,0.993,0.034,-1,-1,-1,-1,-1,-0.895,0.636,0.836,-0.674,-1,-1,-1,-1,-0.951,0.635,0.719,-0.912,-1,-1,-1,-1,-0.169,1,0.422,-1,-1,-1,-1,-1,-1,0.017,1,-0.346,-1,-1,-1,-1,0.412,1,0.242,-1,-1,-1,-1,-1,-1,-0.375,1,0.448,-1,-1,-1,-1,0.517,1,0.137,-1,-1,-1,-1,-1,-1,-0.744,0.987,0.803,-0.974,-1,-1,-0.994,0.606,1,-0.296,-1,-1,-1,-1,-1,-1,-0.658,0.996,0.86,-0.956,-1,-1,-0.961,0.869,1,-0.56,-1,-1,-1,-1,-1,-1,-0.566,0.999,0.634,-0.994,-1,-1,-1,0.516,1,-0.274,-1,-1,-1,-1,-1,-0.987,0.446,1,-0.005,-1,-1,-1,-1,0.177,1,-0.104,-1,-1,-1,-1,-0.924,0.086,0.988,0.995,-0.634,-1,-1,-1,-1,-0.771,0.879,0.811,-0.33,-0.345,-0.293,0.236,0.738,1,1,0.167,-0.98,-1,-1,-1,-1,-1,-0.422,0.805,1,1,1,1,1,0.966,0.107,-0.948,-1,-1,-1,-1,-1,-1,-1,-0.89,0.092,0.826,1,0.782,0.18,-0.595,-0.998,-1,-1,-1,-1
"679",-1,-1,-1,-1,-1,-1,-0.956,0.654,0.185,-0.876,-1,-1,-1,-1,-1,-1,-1,-1,-1,-1,-1,-1,-0.739,0.896,1,-0.031,-1,-1,-1,-1,-1,-1,-1,-1,-1,-1,-1,-1,-0.848,0.934,1,0.177,-1,-1,-1,-1,-1,-1,-1,-1,-1,-1,-1,-1,-0.465,0.959,1,-0.209,-1,-1,-1,-1,-1,-1,-1,-1,-1,-1,-1,-1,-0.132,1,1,-0.115,-1,-1,-1,-1,-1,-1,-1,-1,-1,-1,-1,-1,0.003,1,1,-0.569,-1,-1,-1,-1,-1,-1,-1,-1,-1,-1,-1,-1,0.092,1,0.968,-0.809,-1,-1,-1,-1,-1,-1,-1,-1,-1,-1,-1,-1,0.09,1,0.997,-0.653,-1,-1,-1,-1,-1,-1,-1,-1,-1,-1,-1,-1,-0.299,1,1,-0.449,-1,-1,-1,-1,-1,-1,-1,-1,-1,-1,-1,-1,-0.301,1,0.994,-0.646,-1,-1,-1,-1,-1,-1,-1,-1,-1,-1,-1,-1,-0.11,1,0.995,-0.691,-1,-1,-1,-1,-1,-1,-1,-1,-1,-1,-1,-1,-0.499,1,1,-0.488,-1,-1,-1,-1,-1,-1,-1,-1,-1,-1,-1,-1,-0.848,0.971,1,-0.293,-1,-1,-1,-1,-1,-1,-1,-1,-1,-1,-1,-1,-0.423,1,1,-0.245,-1,-1,-1,-1,-1,-1,-1,-1,-1,-1,-1,-1,-0.46,1,1,0.007,-1,-1,-1,-1,-1,-1,-1,-1,-1,-1,-1,-1,-0.901,0.505,0.929,-0.558,-1,-1,-1,-1,-1,-1
"680",-1,-1,-1,-1,-1,-1,-1,-1,-1,-1,-0.75,0.792,-0.996,-1,-1,-1,-1,-1,-1,-1,-0.877,0.487,-0.927,-1,-1,-1,-0.419,0.997,-0.762,-1,-1,-1,-1,-1,-1,-0.952,0.585,0.534,-1,-1,-1,-1,-0.083,1,-0.6,-1,-1,-1,-1,-1,-1,-0.549,1,-0.081,-1,-1,-1,-1,0.204,0.912,-0.958,-1,-1,-1,-1,-1,-1,-0.585,1,-0.292,-1,-1,-1,-1,0.46,0.733,-1,-1,-1,-1,-1,-1,-1,-0.973,0.524,0.681,-0.914,-1,-1,-0.928,0.861,0.517,-1,-1,-1,-1,-1,-1,-1,-1,-0.746,0.75,0.748,-0.042,0.091,0.696,1,-0.067,-1,-1,-1,-1,-1,-1,-1,-1,-1,-0.891,0.011,0.746,0.763,0.606,0.996,-0.501,-1,-1,-1,-1,-1,-1,-1,-1,-1,-1,-1,-1,-1,0.33,0.892,-0.941,-1,-1,-1,-1,-1,-1,-1,-1,-1,-1,-1,-1,-0.997,0.729,0.434,-1,-1,-1,-1,-1,-1,-1,-1,-1,-1,-1,-1,-1,-0.788,0.994,-0.163,-1,-1,-1,-1,-1,-1,-1,-1,-1,-1,-1,-1,-1,-0.18,1,-0.574,-1,-1,-1,-1,-1,-1,-1,-1,-1,-1,-1,-1,-0.998,0.65,0.657,-0.991,-1,-1,-1,-1,-1,-1,-1,-1,-1,-1,-1,-1,-0.405,1,-0.206,-1,-1,-1,-1,-1,-1,-1,-1,-1,-1,-1,-1,-0.974,0.652,0.606,-0.945,-1,-1,-1,-1,-1,-1,-1,-1,-1,-1,-1,-1,-0.306,0.71,-0.676,-1,-1,-1,-1,-1,-1,-1
"681",-1,-1,-1,-1,-1,-1,-1,-1,-1,-1,-1,-0.855,-0.676,-1,-1,-1,-1,-1,-1,-1,-0.369,-0.997,-1,-1,-1,-1,-0.603,0.729,0.944,-0.446,-1,-1,-1,-1,-1,-0.339,0.998,0.487,-1,-1,-1,-0.926,0.793,1,0.686,-0.956,-1,-1,-1,-1,-0.945,0.543,1,0.784,-0.948,-1,-1,-0.191,0.997,1,-0.209,-1,-1,-1,-1,-1,-0.615,0.994,1,0.218,-1,-1,-0.878,0.943,1,0.696,-0.845,-1,-1,-1,-1,-1,-0.003,1,1,-0.401,-1,-1,-0.315,1,1,-0.089,-1,-1,-1,-1,-1,-1,-0.024,1,0.996,-0.695,-1,-1,0.623,1,0.857,-0.723,-1,-1,-1,-1,-1,-1,0.275,1,1,-0.049,-0.201,-0.154,0.884,1,0.514,-1,-1,-1,-1,-1,-1,-1,-0.546,0.839,1,1,1,1,1,1,0.056,-1,-1,-1,-1,-1,-1,-1,-1,-0.683,0.715,1,1,1,1,1,0.076,-1,-1,-1,-1,-1,-1,-1,-1,-1,-1,-0.38,-0.179,0.769,1,0.481,-0.984,-1,-1,-1,-1,-1,-1,-1,-1,-1,-1,-1,-0.741,0.979,1,-0.118,-1,-1,-1,-1,-1,-1,0.143,0.206,0.206,0.206,0.206,0.206,0.712,1,1,0.651,-0.252,-0.594,-0.594,-0.594,-0.135,-0.226,0.623,1,1,1,1,1,1,1,1,1,1,1,1,1,1,0.557,-0.452,0.132,0.091,0.133,0.591,0.591,0.827,1,0.764,0.591,0.591,0.591,0.591,0.591,0.591,0.483,-1,-1,-1,-1,-1,-1,-0.788,-0.609,-0.822,-1,-1,-1,-1,-1,-1,-1
"682",-1,-1,-1,-1,-1,-1,0.118,0.621,-0.772,-1,-1,-1,-1,-1,-1,-1,-1,-1,-1,-1,-1,-1,0.253,1,0.794,-0.611,-1,-1,-1,-1,-1,-1,-1,-1,-1,-1,-1,-1,0.771,1,1,0.017,-1,-1,-1,-1,-1,-1,-1,-1,-1,-1,-1,-0.837,0.802,1,1,-0.177,-1,-1,-1,-1,-1,-1,-1,-1,-1,-1,-1,-0.43,1,1,0.955,-0.737,-1,-1,-1,-1,-1,-1,-1,-1,-1,-1,-1,0.176,1,1,0.9,-0.818,-1,-1,-1,-1,-1,-1,-1,-1,-1,-1,-1,0.106,1,1,0.682,-1,-1,-1,-1,-1,-1,-1,-1,-1,-1,-1,-1,0.417,1,1,0.371,-1,-1,-1,-1,-1,-1,-1,-1,-1,-1,-1,-1,0.288,1,1,0.235,-1,-1,-1,-1,-1,-1,-1,-1,-1,-1,-1,-1,0.659,1,1,-0.37,-1,-1,-1,-1,-1,-1,-1,-1,-1,-1,-1,-1,0.471,1,0.836,-0.812,-1,-1,-1,-1,-1,-1,-1,-1,-1,-1,-1,-1,0.43,1,0.771,-1,-1,-1,-1,-1,-1,-1,-1,-1,-1,-1,-1,-0.802,0.837,1,0.312,-1,-1,-1,-1,-1,-1,-1,-1,-1,-1,0.375,0.818,0.856,1,1,0.946,0.818,0.058,-0.151,-0.151,-0.151,-0.432,-1,-1,-1,-1,0.654,1,1,1,1,1,1,1,1,1,1,0.618,-1,-1,-1,-1,-0.302,0.621,1,1,1,1,0.261,0.03,0.03,0.03,0.03,-0.014,-1,-1
"683",-1,-1,-1,-1,-1,-1,-1,-1,-1,-1,-1,-1,-1,-1,-1,-1,-1,-1,-1,-0.763,-0.404,-0.997,-1,-1,-1,-1,-1,-1,-1,-1,-1,-1,-1,-1,-0.823,0.823,1,-0.585,-0.97,-0.974,-1,-1,-1,-1,-1,-1,-1,-1,-1,-0.797,0.862,1,1,1,1,0.953,0.314,0.314,-0.004,-0.771,-1,-1,-1,-1,-0.992,0.384,1,1,1,1,1,1,1,1,1,0.934,0.586,0.01,-0.892,-1,-0.28,0.988,1,0.846,-0.14,-0.732,-0.375,-0.015,0.148,0.722,1,1,1,1,0.627,-0.751,0.147,1,0.963,-0.539,-1,-1,-1,-1,-1,-0.995,-0.584,-0.239,0.68,1,1,0.51,0.651,1,0.364,-1,-1,-1,-1,-1,-1,-1,-1,-0.99,0.538,1,1,0.413,0.385,1,-0.086,-1,-1,-1,-1,-1,-1,-1,-0.954,0.075,1,1,0.92,-0.673,0.225,1,0.468,-0.988,-1,-1,-1,-1,-1,-0.444,0.614,1,1,1,-0.07,-1,-0.635,0.835,1,0.128,-0.717,-0.732,-0.732,-0.696,0.309,0.947,1,1,0.917,-0.066,-0.942,-1,-1,-0.4,0.965,1,1,1,1,1,1,1,1,0.835,-0.312,-1,-1,-1,-0.365,-0.133,0.789,1,1,1,1,1,1,1,-0.084,-0.816,-1,-1,-1,-1,0.401,1,1,1,1,1,1,1,1,1,0.975,0.97,0.97,0.269,-0.981,-1,-0.907,-0.82,-0.82,-0.307,-0.461,-0.104,-0.104,-0.104,-0.104,-0.104,-0.104,-0.104,-0.104,-0.104,-0.86,-1,-1,-1,-1,-1,-1,-1,-1,-1,-1,-1,-1,-1,-1,-1,-1,-1
"684",-1,-1,-1,-1,-1,-1,-1,-1,-1,-1,-0.388,0.206,-1,-1,-1,-1,-1,-1,-1,-1,-1,-0.993,-0.455,-1,-1,-0.963,0.867,0.209,-1,-1,-1,-1,-1,-1,-1,-1,-1,0.095,0.627,-1,-1,-0.858,0.988,-0.141,-1,-1,-1,-1,-1,-1,-1,-1,-0.934,0.807,0.173,-1,-1,-0.493,1,-0.462,-1,-1,-1,-1,-1,-1,-1,-1,-0.473,1,-0.205,-1,-1,-0.238,1,-0.564,-1,-1,-1,-1,-1,-1,-1,-1,0.02,0.997,-0.733,-1,-1,-0.108,1,-0.694,-1,-1,-1,-1,-1,-1,-1,-1,0.483,0.654,-0.996,-1,-1,-0.129,0.99,-0.891,-1,-1,-1,-1,-1,-1,-1,-1,0.614,0.845,-0.22,-0.165,0.171,0.761,0.972,-0.928,-1,-1,-1,-1,-1,-1,-1,-1,0.097,1,0.959,0.912,0.423,0.877,0.743,-1,-1,-1,-1,-1,-1,-1,-1,-1,-1,-0.662,-0.939,-1,-0.919,0.905,0.307,-1,-1,-1,-1,-1,-1,-1,-1,-1,-1,-1,-1,-1,-0.408,1,-0.185,-1,-1,-1,-1,-1,-1,-1,-1,-1,-1,-1,-1,-1,0.046,0.998,-0.618,-1,-1,-1,-1,-1,-1,-1,-1,-1,-1,-1,-1,-1,0.548,0.808,-0.959,-1,-1,-1,-1,-1,-1,-1,-1,-1,-1,-1,-1,-0.955,0.938,0.186,-1,-1,-1,-1,-1,-1,-1,-1,-1,-1,-1,-1,-1,-0.874,0.988,-0.23,-1,-1,-1,-1,-1,-1,-1,-1,-1,-1,-1,-1,-1,-0.998,0.601,-0.557,-1,-1,-1,-1,-1,-1
"685",-1,-1,-1,-1,-1,-1,-0.796,0.695,-0.773,-1,-1,-1,-1,-1,-1,-1,-1,-1,-1,-1,-1,-1,-0.856,0.995,-0.334,-1,-1,-1,-1,-1,-1,-1,-1,-1,-1,-1,-1,-1,-0.989,0.861,0.424,-1,-1,-1,-1,-1,-1,-1,-1,-1,-1,-1,-1,-1,-1,0.605,0.844,-0.989,-1,-1,-1,-1,-1,-1,-1,-1,-1,-1,-1,-1,-1,0.443,0.98,-0.87,-1,-1,-1,-1,-1,-1,-1,-1,-1,-1,-1,-1,-1,0.479,0.993,-0.849,-1,-1,-1,-1,-1,-1,-1,-1,-1,-1,-1,-1,-1,0.2,0.999,-0.716,-1,-1,-1,-1,-1,-1,-1,-1,-1,-1,-1,-1,-1,0.214,1,-0.567,-1,-1,-1,-1,-1,-1,-1,-1,-1,-1,-1,-1,-1,0.25,1,-0.452,-1,-1,-1,-1,-1,-1,-1,-1,-1,-1,-1,-1,-1,0.287,1,-0.488,-1,-1,-1,-1,-1,-1,-1,-1,-1,-1,-1,-1,-1,0.51,1,-0.712,-1,-1,-1,-1,-1,-1,-1,-1,-1,-1,-1,-1,-0.998,0.825,0.916,-0.898,-1,-1,-1,-1,-1,-1,-1,-1,-1,-1,-1,-1,-0.81,0.966,0.595,-1,-1,-1,-1,-1,-1,-1,-1,-1,-1,-1,-1,-1,-0.573,1,0.559,-1,-1,-1,-1,-1,-1,-1,-1,-1,-1,-1,-1,-1,-0.443,1,0.814,-0.976,-1,-1,-1,-1,-1,-1,-1,-1,-1,-1,-1,-1,-0.869,0.621,0.45,-1,-1,-1,-1,-1,-1,-1
"686",-1,-1,-1,-1,-1,-1,-1,0.24,-0.272,-1,-1,-1,-1,-1,-1,-1,-1,-1,-1,-1,-1,-1,-0.98,0.849,0.568,-1,-1,-1,-1,-1,-1,-1,-1,-1,-1,-1,-1,-1,-0.831,0.977,0.73,-0.997,-1,-1,-1,-1,-1,-1,-1,-1,-1,-1,-1,-1,-0.865,0.993,0.75,-1,-1,-1,-1,-1,-1,-1,-1,-1,-1,-1,-1,-1,-0.978,0.883,0.875,-0.975,-1,-1,-1,-1,-1,-1,-1,-1,-1,-1,-1,-1,-0.98,0.868,0.926,-0.891,-1,-1,-1,-1,-1,-1,-1,-1,-1,-1,-1,-1,-0.962,0.906,0.976,-0.894,-1,-1,-1,-1,-1,-1,-1,-1,-1,-1,-1,-1,-0.959,0.914,0.987,-0.829,-1,-1,-1,-1,-1,-1,-1,-1,-1,-1,-1,-1,-0.992,0.856,0.956,-0.942,-1,-1,-1,-1,-1,-1,-1,-1,-1,-1,-1,-1,-0.968,0.874,0.992,-0.784,-1,-1,-1,-1,-1,-1,-1,-1,-1,-1,-1,-1,-0.896,0.961,0.984,-0.891,-1,-1,-1,-1,-1,-1,-1,-1,-1,-1,-1,-1,-0.917,0.964,0.907,-0.884,-1,-1,-1,-1,-1,-1,-1,-1,-1,-1,-1,-1,-0.744,0.994,0.629,-1,-1,-1,-1,-1,-1,-1,-1,-1,-1,-1,-1,-1,-0.473,1,0.352,-1,-1,-1,-1,-1,-1,-1,-1,-1,-1,-1,-1,-1,-0.535,1,0.626,-0.889,-1,-1,-1,-1,-1,-1,-1,-1,-1,-1,-1,-1,-0.959,0.142,0.946,-0.692,-1,-1,-1,-1,-1,-1
"687",-1,-1,-1,-1,-1,-1,-0.215,1,-0.057,-0.997,-1,-1,-1,-1,-1,-1,-1,-1,-1,-1,-1,-1,0.047,1,1,-0.849,-1,-1,-1,-1,-1,-1,-1,-1,-1,-1,-1,-1,-0.539,0.994,1,-0.67,-1,-1,-1,-1,-1,-1,-1,-1,-1,-1,-1,-1,-1,0.916,1,-0.345,-1,-1,-1,-1,-1,-1,-1,-1,-1,-1,-1,-1,-0.993,0.984,1,-0.419,-1,-1,-1,-1,-1,-1,-1,-1,-1,-1,-1,-1,-0.949,0.934,1,-0.494,-1,-1,-1,-1,-1,-1,-1,-1,-1,-1,-1,-1,-1,0.487,1,-0.142,-1,-1,-1,-1,-1,-1,-1,-1,-1,-1,-1,-1,-1,0.561,1,-0.643,-1,-1,-1,-1,-1,-1,-1,-1,-1,-1,-1,-1,-0.939,0.695,1,-0.717,-1,-1,-1,-1,-1,-1,-1,-1,-1,-1,-1,-1,-0.637,1,1,-0.792,-1,-1,-1,-1,-1,-1,-1,-1,-1,-1,-1,-1,-0.669,0.96,1,-0.866,-1,-1,-1,-1,-1,-1,-1,-1,-1,-1,-1,-1,-0.697,0.929,1,-0.781,-1,-1,-1,-1,-1,-1,-1,-1,-1,-1,-1,-1,-0.413,1,1,-0.362,-1,-1,-1,-1,-1,-1,-1,-1,-1,-1,-1,-1,-0.339,1,1,-0.437,-1,-1,-1,-1,-1,-1,-1,-1,-1,-1,-1,-1,-0.264,1,0.887,-0.811,-1,-1,-1,-1,-1,-1,-1,-1,-1,-1,-1,-1,-0.889,0.846,0.121,-1,-1,-1,-1,-1,-1,-1
"688",-1,-1,-1,-1,-1,-1,-1,0.435,-0.023,-1,-1,-1,-1,-1,-1,-1,-1,-1,-1,-1,-1,-1,-0.841,0.827,0.519,-1,-1,-1,-1,-1,-1,-1,-1,-1,-1,-1,-1,-1,-0.504,1,0.462,-1,-1,-1,-1,-1,-1,-1,-1,-1,-1,-1,-1,-1,0.074,1,0.972,-0.995,-1,-1,-1,-1,-1,-1,-1,-1,-1,-1,-1,-1,0.345,1,0.88,-1,-1,-1,-1,-1,-1,-1,-1,-1,-1,-1,-1,-1,-0.064,1,0.894,-0.819,-1,-1,-1,-1,-1,-1,-1,-1,-1,-1,-1,-1,-0.113,1,1,-0.663,-1,-1,-1,-1,-1,-1,-1,-1,-1,-1,-1,-1,-0.015,1,1,-0.227,-1,-1,-1,-1,-1,-1,-1,-1,-1,-1,-1,-1,0.082,1,1,-0.205,-1,-1,-1,-1,-1,-1,-1,-1,-1,-1,-1,-1,0.18,1,1,0.044,-1,-1,-1,-1,-1,-1,-1,-1,-1,-1,-1,-1,0.278,1,1,0.4,-1,-1,-1,-1,-1,-1,-1,-1,-1,-1,-1,-0.97,0.718,1,1,0.808,-1,-1,-1,-1,-1,-1,-1,-1,-1,-1,-1,-0.874,1,1,1,0.711,-1,-1,-1,-1,-1,-1,-1,-1,-1,-1,-1,-0.777,1,1,1,0.981,-0.754,-1,-1,-1,-1,-1,-1,-1,-1,-1,-1,-0.894,0.802,1,0.653,-0.134,-0.99,-1,-1,-1,-1,-1,-1,-1,-1,-1,-1,-1,0.552,0.825,-0.66,-1,-1,-1,-1,-1,-1,-1
"689",-1,-1,-1,-1,-1,-1,-0.862,0.534,0.785,0.785,0.07,-0.868,-1,-1,-1,-1,-1,-1,-1,-1,-1,-1,0.432,1,1,1,1,0.874,-0.463,-1,-1,-1,-1,-1,-0.998,-0.189,0.738,0.738,0.953,1,0.71,0.195,0.968,1,0.91,-0.427,-1,-1,-1,-1,-0.291,1,1,1,1,1,1,0.226,-0.504,0.647,1,0.948,-0.537,-1,-1,-0.717,0.929,1,0.7,-0.628,-0.69,-0.618,0.119,0.041,-1,-0.857,0.341,1,0.637,-0.781,-1,0.532,1,0.724,-0.773,-1,-1,-1,-1,-1,-1,-1,-0.858,0.702,1,0.311,-0.55,0.96,1,0.112,-1,-1,-1,-1,-1,-1,-1,-1,-1,-0.222,0.997,0.407,0.258,1,0.927,-0.682,-1,-1,-1,-1,-1,-1,-1,-1,-1,-1,0.735,0.503,0.807,1,0.696,-1,-1,-1,-1,-1,-1,-1,-1,-1,-1,-1,0.638,0.6,0.875,1,0.792,-1,-1,-1,-1,-1,-1,-1,-1,-1,-1,-0.944,0.631,0.696,0.778,1,0.888,-1,-1,-1,-1,-1,-1,-1,-1,-1,-1,-0.745,1,0.792,-0.551,1,0.998,0.275,-0.93,-1,-1,-1,-1,-1,-1,-1,-1,0.065,1,0.888,-0.999,0.686,1,1,0.618,-0.615,-1,-1,-1,-1,-1,-1,-0.361,0.93,1,0.705,-1,-0.823,0.178,0.971,1,0.94,0.327,0.034,-0.738,-0.719,0.072,0.742,0.955,1,0.72,-0.749,-1,-1,-1,-0.473,0.764,1,1,1,1,1,1,1,1,0.792,-0.701,-1,-1,-1,-1,-1,-0.896,-0.185,0.763,0.499,0.417,0.785,0.785,0.21,-0.442,-0.886,-1,-1
"690",-1,-1,-1,-1,-1,-1,-0.709,0.792,-0.54,-1,-1,-1,-1,-1,-1,-1,-1,-1,-1,-1,-1,-1,-0.513,1,0.951,-0.808,-1,-1,-1,-1,-1,-1,-1,-1,-1,-1,-1,-1,-0.665,1,1,-0.357,-1,-1,-1,-1,-1,-1,-1,-1,-1,-1,-1,-1,-0.549,1,1,0.096,-1,-1,-1,-1,-1,-1,-1,-1,-1,-1,-1,-1,-0.837,0.994,1,0.532,-1,-1,-1,-1,-1,-1,-1,-1,-1,-1,-1,-1,-0.601,1,1,0.29,-1,-1,-1,-1,-1,-1,-1,-1,-1,-1,-1,-1,-0.374,1,1,0.316,-1,-1,-1,-1,-1,-1,-1,-1,-1,-1,-1,-1,-0.163,1,1,0.484,-1,-1,-1,-1,-1,-1,-1,-1,-1,-1,-1,-1,0.048,1,1,0.352,-1,-1,-1,-1,-1,-1,-1,-1,-1,-1,-1,-1,-0.247,1,1,0.394,-1,-1,-1,-1,-1,-1,-1,-1,-1,-1,-1,-1,-0.02,1,1,0.42,-1,-1,-1,-1,-1,-1,-1,-1,-1,-1,-1,-1,-0.03,1,1,0.177,-1,-1,-1,-1,-1,-1,-1,-1,-1,-1,-1,-1,0.433,1,1,0.614,-1,-1,-1,-1,-1,-1,-1,-1,-1,-1,-1,-1,0.645,1,1,0.466,-1,-1,-1,-1,-1,-1,-1,-1,-1,-1,-1,-1,0.002,1,1,0.208,-1,-1,-1,-1,-1,-1,-1,-1,-1,-1,-1,-1,-0.914,0.293,0.844,-0.764,-1,-1,-1,-1,-1,-1
"691",-1,-1,-1,-1,-1,-0.777,0.852,0.035,-0.979,-1,-1,-1,-1,-1,-1,-1,-1,-1,-1,-1,-1,-0.14,1,1,0.206,-0.973,-1,-1,-1,-1,-1,-1,-1,-1,-1,-1,-1,-0.593,1,1,1,0.392,-0.93,-1,-1,-1,-1,-1,-1,-1,-1,-1,-0.956,0.381,1,0.494,0.322,1,0.53,-0.996,-1,-1,-1,-1,-1,-1,-1,-1,-0.324,1,1,-0.239,-0.955,0.322,1,0.086,-1,-1,-1,-1,-1,-1,-1,-0.981,0.696,1,0.628,-0.97,-1,-0.987,0.516,1,-0.795,-1,-1,-1,-1,-1,-1,-0.32,1,0.993,-0.447,-1,-1,-1,-0.336,1,0.24,-1,-1,-1,-1,-1,-1,0.19,1,0.464,-1,-1,-1,-1,-0.609,1,0.715,-0.949,-1,-1,-1,-1,-1,0.806,1,-0.152,-1,-1,-1,-1,-0.818,1,1,-0.527,-1,-1,-1,-1,-0.743,0.996,0.989,-0.651,-1,-1,-1,-1,-0.789,0.994,1,-0.551,-1,-1,-1,-1,-0.47,1,0.982,-0.964,-1,-1,-1,-1,0.128,1,0.792,-0.959,-1,-1,-1,-1,-0.597,0.982,1,-0.772,-1,-1,-1,-0.856,0.917,1,0.175,-1,-1,-1,-1,-1,-1,0.636,1,-0.447,-1,-1,-0.9,0.467,1,0.821,-0.696,-1,-1,-1,-1,-1,-1,-0.468,0.985,0.85,0.237,0.237,0.742,1,0.993,-0.457,-1,-1,-1,-1,-1,-1,-1,-1,-0.057,1,1,1,1,1,0.116,-1,-1,-1,-1,-1,-1,-1,-1,-1,-0.976,-0.191,0.573,1,0.865,-0.221,-0.964,-1,-1,-1,-1,-1
"692",-1,-1,-1,-1,-1,-1,-1,-0.281,0.854,-0.527,-1,-1,-1,-1,-1,-1,-1,-1,-1,-1,-1,-0.785,-0.36,-0.333,1,0.924,-0.584,-1,-1,-1,-1,-1,-1,-1,-1,-1,-0.973,0.599,1,0.225,0.7,1,0.822,-0.955,-1,-1,-1,-1,-1,-1,-1,-1,-0.515,0.995,1,0.279,-0.741,0.748,1,-0.092,-1,-1,-1,-1,-1,-1,-1,-1,0.411,1,1,-0.446,-1,-0.369,0.977,0.892,-0.713,-1,-1,-1,-1,-1,-1,-0.9,0.858,1,0.965,-0.805,-1,-1,0.568,1,-0.241,-1,-1,-1,-1,-1,-1,0.016,1,1,0.381,-0.998,-1,-1,-0.191,1,0.031,-1,-1,-1,-1,-1,-1,0.665,1,0.986,-0.661,-1,-1,-1,-0.464,1,0.497,-0.988,-1,-1,-1,-1,-0.851,0.909,1,0.687,-0.986,-1,-1,-1,-0.711,1,1,-0.784,-1,-1,-1,-1,-0.97,0.961,1,0.308,-1,-1,-1,-1,-0.369,1,0.919,-0.891,-1,-1,-1,-1,-0.753,0.957,1,0.402,-1,-1,-1,-1,-0.36,1,0.952,-0.907,-1,-1,-1,-1,-0.961,0.535,1,0.674,-1,-1,-1,-0.915,0.562,1,0.447,-1,-1,-1,-1,-1,-1,-0.16,1,0.973,-0.233,-1,-0.963,0.335,1,1,-0.484,-1,-1,-1,-1,-1,-1,-0.954,0.498,1,1,0.763,0.777,1,1,0.426,-0.969,-1,-1,-1,-1,-1,-1,-1,-0.668,0.812,1,1,1,1,1,-0.191,-1,-1,-1,-1,-1,-1,-1,-1,-1,-0.949,0.1,0.956,1,0.967,-0.046,-0.991,-1,-1,-1,-1
"693",-1,-1,-1,-1,-1,-1,-1,-0.199,0.751,-0.867,-1,-1,-1,-1,-1,-1,-1,-1,-1,-1,-1,-1,-1,0.588,1,-0.353,-1,-1,-1,-1,-1,-1,-1,-1,-1,-1,-1,-1,-1,0.959,0.969,-0.776,-1,-1,-1,-1,-1,-1,-1,-1,-1,-1,-1,-1,-0.638,0.996,0.849,-1,-1,-1,-1,-1,-1,-1,-1,-1,-1,-1,-1,-1,-0.519,1,0.754,-1,-1,-1,-1,-1,-1,-1,-1,-1,-1,-1,-1,-1,-0.231,1,0.466,-1,-1,-1,-1,-1,-1,-1,-1,-1,-1,-1,-1,-1,-0.274,1,0.51,-1,-1,-1,-1,-1,-1,-1,-1,-1,-1,-1,-1,-1,-0.318,1,0.553,-1,-1,-1,-1,-1,-1,-1,-1,-1,-1,-1,-1,-1,-0.362,1,0.597,-1,-1,-1,-1,-1,-1,-1,-1,-1,-1,-1,-1,-1,-0.405,1,0.641,-1,-1,-1,-1,-1,-1,-1,-1,-1,-1,-1,-1,-1,-0.449,1,0.684,-1,-1,-1,-1,-1,-1,-1,-1,-1,-1,-1,-1,-1,-0.493,1,0.851,-0.901,-1,-1,-1,-1,-1,-1,-1,-1,-1,-1,-1,-1,-0.755,0.997,1,-0.758,-1,-1,-1,-1,-1,-1,-1,-1,-1,-1,-1,-1,-0.58,1,1,-0.659,-1,-1,-1,-1,-1,-1,-1,-1,-1,-1,-1,-1,-0.954,0.831,1,-0.394,-1,-1,-1,-1,-1,-1,-1,-1,-1,-1,-1,-1,-1,-0.264,0.595,-0.895,-1,-1,-1,-1,-1,-1
"694",-1,-1,-1,-1,-1,-1,-1,-1,-1,-1,-1,-1,-1,-1,-1,-1,-1,-1,-1,-1,-0.886,-0.086,0.458,0.746,0.746,0.087,-0.695,-1,-1,-1,-1,-1,-1,-1,-1,-0.752,0.686,1,1,1,1,1,0.95,-0.026,-0.907,-1,-1,-1,-1,-1,-1,-0.094,1,1,1,1,0.952,0.914,0.996,1,0.158,-1,-1,-1,-1,-1,-0.972,0.661,1,1,0.987,-0.12,-0.594,-1,0.064,0.984,0.983,-0.56,-1,-1,-1,-1,-0.608,0.976,1,1,0.008,-0.962,-1,-1,-1,0.509,1,0.647,-0.96,-1,-1,-1,-0.33,1,1,1,-0.392,-1,-1,-1,-1,-0.291,1,1,-0.049,-1,-1,-1,0.022,1,1,0.973,-0.718,-1,-1,-1,-1,-0.998,0.442,1,0.561,-0.999,-1,-0.934,0.774,1,1,0.956,-0.71,-1,-1,-1,-1,-1,0.144,1,0.974,-0.784,-1,-0.495,0.997,1,1,0.573,-0.989,-1,-1,-1,-1,-1,-0.157,1,1,-0.183,-1,0.302,1,1,1,-0.216,-1,-1,-1,-1,-1,-1,-0.739,0.954,1,0.445,-0.879,0.861,1,1,0.63,-0.818,-1,-1,-1,-1,-1,-1,-0.466,0.999,1,0.419,-0.236,1,1,0.994,-0.481,-1,-1,-1,-1,-1,-1,-0.814,0.577,1,1,0.273,0.461,1,1,0.929,-0.838,-1,-1,-1,-1,-1,-1,-0.754,0.974,1,0.997,-0.008,-0.111,0.746,0.739,-0.022,-0.929,-1,-1,-1,-1,-1,-1,-0.068,0.746,0.746,0.248,-0.698,-1,-1,-1,-1,-1,-1,-1,-1,-1,-1,-1,-1,-1,-1,-1,-1
"695",-1,-1,-1,-1,-1,-1,-0.787,0.722,0.577,-0.906,-1,-1,-1,-1,-1,-1,-1,-1,-1,-1,-1,-1,-0.375,1,1,0.01,-1,-1,-1,-1,-1,-1,-1,-1,-1,-1,-1,-1,0.082,1,1,-0.143,-1,-1,-1,-1,-1,-1,-1,-1,-1,-1,-1,-1,0.076,1,1,-0.224,-1,-1,-1,-1,-1,-1,-1,-1,-1,-1,-1,-1,-0.089,1,1,-0.174,-1,-1,-1,-1,-1,-1,-1,-1,-1,-1,-1,-1,-0.154,1,1,-0.255,-1,-1,-1,-1,-1,-1,-1,-1,-1,-1,-1,-1,-0.16,1,1,-0.176,-1,-1,-1,-1,-1,-1,-1,-1,-1,-1,-1,-1,-0.05,1,1,-0.402,-1,-1,-1,-1,-1,-1,-1,-1,-1,-1,-1,-1,-0.158,1,1,-0.294,-1,-1,-1,-1,-1,-1,-1,-1,-1,-1,-1,-1,-0.251,1,1,0.06,-1,-1,-1,-1,-1,-1,-1,-1,-1,-1,-1,-1,-0.083,1,1,0.066,-1,-1,-1,-1,-1,-1,-1,-1,-1,-1,-1,-1,-0.003,1,1,-0.102,-1,-1,-1,-1,-1,-1,-1,-1,-1,-1,-1,-1,-0.168,1,1,-0.168,-1,-1,-1,-1,-1,-1,-1,-1,-1,-1,-1,-1,0.028,1,1,-0.162,-1,-1,-1,-1,-1,-1,-1,-1,-1,-1,-1,-1,-0.166,1,1,-0.155,-1,-1,-1,-1,-1,-1,-1,-1,-1,-1,-1,-1,-0.404,1,0.949,-0.562,-1,-1,-1,-1,-1,-1
"696",-1,-1,-1,-1,-1,-1,0.385,0.749,-0.501,-1,-1,-1,-1,-1,-1,-1,-1,-1,-1,-1,-1,-1,0.36,1,0.817,-0.967,-1,-1,-1,-1,-1,-1,-1,-1,-1,-1,-1,-1,-0.188,1,0.994,-0.646,-1,-1,-1,-1,-1,-1,-1,-1,-1,-1,-1,-1,-0.352,1,1,-0.034,-1,-1,-1,-1,-1,-1,-1,-1,-1,-1,-1,-1,-0.515,1,1,0.415,-1,-1,-1,-1,-1,-1,-1,-1,-1,-1,-1,-1,-0.678,0.999,1,0.48,-1,-1,-1,-1,-1,-1,-1,-1,-1,-1,-1,-1,-0.537,1,1,0.456,-1,-1,-1,-1,-1,-1,-1,-1,-1,-1,-1,-1,-0.366,1,1,0.62,-1,-1,-1,-1,-1,-1,-1,-1,-1,-1,-1,-1,-0.037,1,1,0.616,-1,-1,-1,-1,-1,-1,-1,-1,-1,-1,-1,-1,0.035,1,1,0.288,-1,-1,-1,-1,-1,-1,-1,-1,-1,-1,-1,-1,0.532,1,1,0.116,-1,-1,-1,-1,-1,-1,-1,-1,-1,-1,-1,-1,0.585,1,1,-0.094,-1,-1,-1,-1,-1,-1,-1,-1,-1,-1,-1,-1,0.421,1,1,-0.137,-1,-1,-1,-1,-1,-1,-1,-1,-1,-1,-1,-1,0.257,1,1,-0.328,-1,-1,-1,-1,-1,-1,-1,-1,-1,-1,-1,-1,0.251,1,0.97,-0.834,-1,-1,-1,-1,-1,-1,-1,-1,-1,-1,-1,-1,-0.777,0.446,0.878,-0.913,-1,-1,-1,-1,-1,-1
"697",-1,-1,-1,-1,-1,-1,-0.116,0.691,-0.645,-1,-1,-1,-1,-1,-1,-1,-1,-1,-1,-1,-1,-1,-0.066,1,0.329,-1,-1,-1,-1,-1,-1,-1,-1,-1,-1,-1,-1,-1,-0.467,1,0.898,-0.953,-1,-1,-1,-1,-1,-1,-1,-1,-1,-1,-1,-1,-0.639,0.989,1,-0.571,-1,-1,-1,-1,-1,-1,-1,-1,-1,-1,-1,-1,-0.98,0.762,1,-0.138,-1,-1,-1,-1,-1,-1,-1,-1,-1,-1,-1,-1,-0.999,0.665,1,0.279,-1,-1,-1,-1,-1,-1,-1,-1,-1,-1,-1,-1,-0.978,0.809,1,0.33,-1,-1,-1,-1,-1,-1,-1,-1,-1,-1,-1,-1,-0.992,0.806,1,0.48,-1,-1,-1,-1,-1,-1,-1,-1,-1,-1,-1,-1,-0.956,0.919,1,0.198,-1,-1,-1,-1,-1,-1,-1,-1,-1,-1,-1,-1,-0.518,0.997,1,0.082,-1,-1,-1,-1,-1,-1,-1,-1,-1,-1,-1,-1,-0.62,0.999,1,-0.084,-1,-1,-1,-1,-1,-1,-1,-1,-1,-1,-1,-1,-0.667,0.995,1,0.033,-1,-1,-1,-1,-1,-1,-1,-1,-1,-1,-1,-1,-0.023,1,1,-0.166,-1,-1,-1,-1,-1,-1,-1,-1,-1,-1,-1,-1,0.092,1,1,-0.382,-1,-1,-1,-1,-1,-1,-1,-1,-1,-1,-1,-1,0.441,1,1,-0.548,-1,-1,-1,-1,-1,-1,-1,-1,-1,-1,-1,-1,-0.578,0.869,0.069,-0.931,-1,-1,-1,-1,-1,-1
"698",-1,-1,-1,-1,-1,-1,-0.944,0.511,0.839,-0.593,-1,-1,-1,-1,-1,-1,-1,-1,-1,-1,-1,-1,0.02,1,1,0.04,-1,-1,-1,-1,-1,-1,-1,-1,-1,-1,-1,-1,-0.016,1,1,0.416,-1,-1,-1,-1,-1,-1,-1,-1,-1,-1,-1,-1,-0.392,1,1,0.06,-1,-1,-1,-1,-1,-1,-1,-1,-1,-1,-1,-1,0.042,1,1,0.253,-1,-1,-1,-1,-1,-1,-1,-1,-1,-1,-1,-1,0.659,1,1,-0.259,-1,-1,-1,-1,-1,-1,-1,-1,-1,-1,-1,-0.991,0.431,1,1,0.09,-1,-1,-1,-1,-1,-1,-1,-1,-1,-1,-1,-0.998,0.846,1,1,0.257,-1,-1,-1,-1,-1,-1,-1,-1,-1,-1,-1,-0.735,0.912,1,1,-0.072,-1,-1,-1,-1,-1,-1,-1,-1,-1,-1,-1,-0.948,0.958,1,1,-0.062,-1,-1,-1,-1,-1,-1,-1,-1,-1,-1,-1,-0.989,0.65,1,1,-0.235,-1,-1,-1,-1,-1,-1,-1,-1,-1,-1,-1,-0.827,1,1,1,-0.382,-1,-1,-1,-1,-1,-1,-1,-1,-1,-1,-1,-1,0.797,1,1,-0.398,-1,-1,-1,-1,-1,-1,-1,-1,-1,-1,-1,-1,0.422,1,1,-0.022,-1,-1,-1,-1,-1,-1,-1,-1,-1,-1,-1,-1,-0.29,0.996,1,0.863,-0.751,-1,-1,-1,-1,-1,-1,-1,-1,-1,-1,-1,-1,-0.419,0.92,0.349,-0.96,-1,-1,-1,-1,-1
"699",-1,-1,-1,-1,-1,-0.536,0.322,-0.113,0.412,0.674,0.344,-0.678,-1,-1,-1,-1,-1,-1,-1,-0.907,0.113,0.959,1,1,0.882,0.932,1,0.91,-0.484,-1,-1,-1,-1,-1,-1,0.141,1,0.994,-0.025,-0.184,-0.972,-0.785,-0.193,0.885,0.903,-0.49,-1,-1,-1,-1,-0.17,0.994,0.88,-0.13,-1,-1,-1,-1,-1,-0.124,1,0.879,-0.852,-1,-1,-0.698,0.918,0.855,-0.58,-1,-1,-1,-1,-1,-1,-0.928,-0.259,0.948,0.629,-0.892,-1,0.428,1,-0.416,-1,-1,-1,-1,-1,-1,-1,-1,-1,0.273,1,-0.611,-0.646,0.965,0.6,-1,-1,-1,-1,-1,-1,-1,-1,-1,-1,-0.481,1,0.205,0.436,1,-0.47,-1,-1,-1,-1,-1,-1,-1,-1,-1,-1,-0.924,0.802,0.671,0.956,1,-0.816,-1,-1,-1,-1,-1,-1,-1,-1,-1,-1,-0.911,0.805,0.984,0.973,1,-0.833,-1,-1,-1,-1,-1,-1,-1,-1,-1,-1,-0.827,1,0.967,0.99,1,-0.274,-1,-1,-1,-1,-1,-1,-1,-1,-1,-1,-0.698,1,0.838,0.297,1,0.876,-0.846,-1,-1,-1,-1,-1,-1,-1,-1,-1,0.681,1,0.164,-0.686,0.789,1,0.637,-0.509,-0.855,-1,-1,-1,-1,-1,-1,-0.579,0.998,0.945,-0.528,-1,-0.667,0.811,1,1,0.8,-0.072,-0.534,-0.742,-1,-1,-0.91,0.104,1,0.084,-1,-1,-1,-0.877,0,0.836,1,1,1,0.944,0.874,0.874,0.899,1,0.599,-0.878,-1,-1,-1,-1,-1,-0.997,-0.509,-0.021,0.464,0.674,0.674,0.674,0.674,-0.054,-0.865,-1,-1
"700",-1,-1,-1,-1,-1,-1,-1,-1,-0.724,0.712,-0.833,-1,-1,-1,-1,-1,-1,-1,-1,-1,-1,-1,-1,-1,0.026,1,-0.826,-1,-1,-1,-1,-1,-1,-1,-1,-1,-1,-1,-1,-1,0.531,0.961,-0.979,-1,-1,-1,-1,-1,-1,-1,-0.721,0.392,-1,-1,-1,-1,0.843,0.357,-1,-1,-1,-1,-1,-1,-1,-1,0.591,0.753,-1,-1,-1,-0.568,0.991,0.181,-1,-1,-1,-1,-1,-1,-1,-0.888,0.999,0.337,-1,-1,-1,-0.213,1,0.001,-1,-1,-1,-1,-1,-1,-1,-0.11,1,-0.337,-1,-1,-1,0.292,1,0.004,-0.714,-0.566,-0.445,-0.798,-1,-1,-1,0.353,1,0.102,0.339,0.267,0.371,0.916,1,1,1,1,1,0.915,-0.225,-1,-1,0.353,1,1,1,1,1,1,1,0.36,-0.543,-0.543,-0.394,0.007,-0.309,-1,-1,-0.831,0.068,0.2,0.005,-0.048,-0.571,0.731,1,-0.255,-1,-1,-1,-1,-1,-1,-1,-1,-1,-1,-1,-1,-1,0.548,1,-0.434,-1,-1,-1,-1,-1,-1,-1,-1,-1,-1,-1,-1,-1,0.572,1,-0.248,-1,-1,-1,-1,-1,-1,-1,-1,-1,-1,-1,-1,-1,0.447,1,-0.333,-1,-1,-1,-1,-1,-1,-1,-1,-1,-1,-1,-1,-1,0.628,1,-0.514,-1,-1,-1,-1,-1,-1,-1,-1,-1,-1,-1,-0.974,-0.644,0.855,0.822,-0.853,-1,-1,-1,-1,-1,-1,-1,-1,-1,-1,-1,-0.601,0.659,0.697,-0.629,-1,-1,-1,-1,-1,-1,-1
"701",-1,-1,-1,-1,-1,-1,-0.944,0.819,-0.812,-1,-1,-1,-1,-1,-1,-1,-1,-1,-1,-1,-1,-1,-1,0.797,-0.176,-1,-1,-1,-1,-1,-1,-1,-1,-1,-1,-1,-1,-1,-1,0.763,0.103,-1,-1,-1,-1,-1,-1,-1,-1,-1,-1,-1,-1,-1,-1,0.499,0.416,-1,-1,-1,-1,-1,-1,-1,-1,-1,-1,-1,-1,-1,-1,0.391,0.46,-1,-1,-1,-1,-1,-1,-1,-1,-1,-1,-1,-1,-1,-1,0.234,0.696,-1,-1,-1,-1,-1,-1,-1,-1,-1,-1,-1,-1,-1,-1,0.18,0.775,-0.991,-1,-1,-1,-1,-1,-1,-1,-1,-1,-1,-1,-1,-1,-0.046,0.967,-0.909,-1,-1,-1,-1,-1,-1,-1,-1,-1,-1,-1,-1,-1,0.169,1,-0.878,-1,-1,-1,-1,-1,-1,-1,-1,-1,-1,-1,-1,-1,0.306,0.964,-0.94,-1,-1,-1,-1,-1,-1,-1,-1,-1,-1,-1,-1,-1,0.364,0.875,-0.987,-1,-1,-1,-1,-1,-1,-1,-1,-1,-1,-1,-1,-1,0.658,0.535,-0.999,-1,-1,-1,-1,-1,-1,-1,-1,-1,-1,-1,-1,-0.975,0.925,0.375,-1,-1,-1,-1,-1,-1,-1,-1,-1,-1,-1,-1,-1,-0.902,0.989,0.238,-1,-1,-1,-1,-1,-1,-1,-1,-1,-1,-1,-1,-1,-0.903,0.97,0.023,-1,-1,-1,-1,-1,-1,-1,-1,-1,-1,-1,-1,-1,-0.997,0.497,-0.113,-1,-1,-1,-1,-1,-1,-1
"702",-1,-1,-1,-1,-1,-1,-1,-1,-1,-1,-1,-1,-1,-1,-1,-1,-1,-1,-0.746,-0.502,0.051,0.571,0.644,0.644,0.632,0.051,-0.095,-0.843,-1,-1,-1,-1,0.044,0.864,0.94,1,1,1,1,1,1,1,1,0.911,0.299,-0.7,-1,-1,0.903,1,1,1,0.935,0.33,0.102,0.102,0.135,0.695,0.781,1,1,0.833,-0.825,-1,-0.329,0.249,1,0.939,-0.023,-1,-1,-1,-1,-1,-0.919,-0.478,0.63,1,0.799,-0.824,-0.653,0.84,0.94,-0.426,-1,-1,-1,-1,-1,-1,-1,-1,-0.834,0.643,1,0.087,0.443,1,-0.049,-1,-1,-1,-1,-1,-1,-1,-1,-1,-1,-0.584,1,0.45,0.426,0.723,-0.942,-1,-1,-1,-1,-1,-1,-1,-1,-1,-1,-0.862,1,0.422,0.456,-0.084,-1,-1,-1,-1,-1,-1,-1,-1,-1,-1,-1,-0.239,1,0.567,0.485,-0.112,-1,-1,-1,-1,-1,-1,-1,-1,-1,-1,-0.871,0.581,1,-0.251,0.514,0.25,-0.999,-1,-1,-1,-1,-1,-1,-1,-1,-0.986,0.173,1,0.5,-0.941,0.544,1,-0.169,-0.946,-1,-1,-1,-1,-1,-1,-0.885,0.163,1,0.547,-0.908,-1,0.095,1,1,0.752,0.321,-0.165,-0.16,0.102,0.102,0.451,0.816,1,0.81,-0.668,-1,-1,-0.983,-0.189,0.528,0.979,1,1,1,1,1,1,0.902,0.234,-0.727,-1,-1,-1,-1,-1,-1,-0.287,0.27,0.644,0.119,0.051,0.051,-0.316,-0.874,-1,-1,-1,-1,-1,-1,-1,-1,-1,-1,-1,-1,-1,-1,-1,-1,-1,-1,-1,-1,-1
"703",-1,-1,-1,-1,-1,-0.601,0.042,0.996,0.999,0.999,0.999,0.46,-0.4,-1,-1,-1,-1,-1,-1,-0.881,0,0.759,1,1,1,1,1,1,1,0.74,-0.62,-1,-1,-1,-1,0.318,1,1,1,1,1,1,1,1,1,1,0.181,-1,-1,-0.94,0.699,1,1,1,1,0.44,-0.699,-1,-0.24,1,1,1,-0.26,-1,-1,-0.301,1,1,1,0.72,-0.919,-1,-1,-1,-1,0.7,1,1,0.3,-1,-1,0.139,1,1,0.5,-0.64,-1,-1,-1,-1,-0.982,0.623,1,1,-0.14,-1,-1,0.08,1,1,-0.08,-1,-1,-1,-1,-1,-1,0.58,1,1,-0.081,-1,-1,0.02,1,0.92,-0.94,-1,-1,-1,-1,-1,-0.919,0.94,1,1,-0.021,-1,-1,-0.539,1,1,0.539,-1,-1,-1,-1,-1,-0.839,0.801,1,1,-0.461,-1,-1,-0.971,0.872,1,0.971,-0.872,-1,-1,-1,-1,-0.59,0.991,1,1,-0.402,-1,-1,-1,-0.659,1,1,-0.341,-1,-1,-1,-1,-0.158,1,1,0.899,-0.741,-1,-1,-1,-0.997,0.778,1,0.997,-0.778,-1,-1,-0.675,0.958,1,1,0.675,-0.958,-1,-1,-1,-1,-0.775,0.997,1,0.819,-0.541,-0.459,0.181,1,1,1,-0.223,-1,-1,-1,-1,-1,-1,-0.338,1,1,1,1,1,1,1,0.738,-0.901,-1,-1,-1,-1,-1,-1,-0.879,0.481,1,1,1,1,1,0.99,-0.594,-1,-1,-1,-1,-1,-1,-1,-1,-1,-0.159,0.701,0.999,0.999,0.298,-0.842,-1,-1,-1,-1
"704",-1,-1,-1,-1,-1,-0.938,0.065,0.837,0.555,0.1,-0.848,-1,-1,-1,-1,-1,-1,-1,-1,-1,-1,-0.909,0.638,1,1,1,0.775,-0.617,-1,-1,-1,-1,-1,-1,-1,-1,-1,-1,-0.904,0.405,1,1,1,0.813,-0.801,-1,-1,-1,-1,-1,-1,-1,-0.89,-0.05,0.946,0.97,1,1,1,1,0.742,-0.969,-1,-1,-1,-1,-1,-0.706,0.62,1,1,0.963,-0.17,-0.351,0.426,1,0.833,-0.936,-1,-1,-1,-1,-1,0.286,1,1,0.698,-0.372,-0.992,-1,-0.58,1,1,-0.231,-1,-1,-1,-1,-0.527,0.974,1,0.898,-0.497,-1,-1,-1,-0.632,0.998,1,-0.177,-1,-1,-1,-0.951,0.536,1,0.963,-0.494,-1,-1,-1,-1,-0.836,0.937,1,0.462,-1,-1,-1,-0.893,0.891,1,-0.004,-0.993,-1,-1,-1,-1,-0.761,0.972,1,0.651,-0.995,-1,-1,-0.832,0.94,1,-0.293,-1,-1,-1,-1,-1,-0.627,0.994,1,0.94,-0.832,-1,-1,-0.992,0.672,1,-0.028,-1,-1,-1,-1,-1,-0.453,1,1,0.734,-0.9,-1,-1,-1,-0.193,1,0.802,-0.631,-1,-1,-1,-0.781,0.372,1,1,0.398,-1,-1,-1,-1,-0.921,0.441,0.994,0.849,-0.41,-0.946,-0.369,0.454,1,1,1,-0.109,-1,-1,-1,-1,-1,-1,0.333,1,1,1,1,1,1,1,0.764,-0.731,-1,-1,-1,-1,-1,-1,-0.789,0.362,1,1,1,1,1,0.906,-0.688,-1,-1,-1,-1,-1,-1,-1,-1,-0.968,-0.241,0.946,1,0.7,0.135,-0.579,-1,-1,-1,-1
"705",-1,-1,-1,-1,-1,-1,-1,-1,-1,-1,-1,-1,-1,-1,-1,-1,-1,-1,-1,-1,-0.823,0.178,0.5,0.5,0.5,0.321,-0.677,-1,-1,-1,-1,-1,-1,-1,-1,-0.929,0.598,1,1,1,1,1,0.855,-0.525,-1,-1,-1,-1,-1,-1,-1,-0.967,0.7,1,1,1,1,1,1,0.967,-0.45,-1,-1,-1,-1,-1,-1,-0.87,0.915,1,1,1,1,1,1,1,0.796,-0.591,-1,-1,-1,-1,-0.76,0.368,1,1,1,0.76,0.5,0.74,1,1,1,0.936,-0.544,-1,-1,-0.534,0.705,1,1,0.869,-0.085,-0.705,-1,-0.795,0.216,1,1,1,0.709,-0.881,-0.362,0.845,1,1,0.729,-0.462,-1,-1,-1,-1,-0.904,0.367,0.771,1,1,-0.484,0.296,1,1,1,-0.296,-1,-1,-1,-1,-1,-1,-1,-0.764,-0.189,1,-0.297,0.609,1,1,1,0.141,-1,-1,-1,-1,-1,-1,-1,-1,-0.14,1,0.14,0.172,1,1,1,0.982,0.289,-0.5,-0.693,-1,-1,-1,-1,-0.595,0.768,1,0.577,-0.828,0.812,1,1,1,1,1,0.842,0.008,-0.5,-0.007,0.5,0.658,1,1,0.015,-1,-0.428,0.975,1,1,1,1,1,1,1,1,1,1,1,0.775,-0.573,-1,-1,-0.006,0.615,1,1,1,1,1,1,1,1,1,0.578,-0.689,-1,-1,-1,-1,-0.92,-0.5,0.336,0.5,0.5,0.5,0.5,0.5,0.5,-0.337,-0.831,-1,-1,-1,-1,-1,-1,-1,-1,-1,-1,-1,-1,-1,-1,-1,-1,-1,-1
"706",-1,-1,-1,-1,-1,-1,-0.812,0.427,0.617,-0.985,-1,-1,-1,-1,-1,-1,-1,-1,-1,-1,-1,-0.85,0.611,1,0.79,-0.991,-0.125,0.449,-0.84,-1,-1,-1,-1,-1,-1,-1,-1,-0.298,1,1,0.462,-0.771,0.91,1,-0.132,-1,-1,-1,-1,-1,-1,-1,-1,-0.936,0.733,1,0.309,-0.142,1,1,-0.162,-1,-1,-1,-1,-1,-1,-1,-1,-0.669,0.987,1,-0.299,-0.592,1,1,-0.388,-1,-1,-1,-1,-1,-1,-1,-1,0.03,1,0.902,-0.912,-0.545,1,1,-0.238,-1,-1,-1,-1,-1,-1,-1,-0.755,0.746,1,0.599,-0.93,-0.113,1,1,-0.474,-1,-1,-1,-1,-1,-1,-0.751,0.593,1,1,1,0.689,0.376,1,0.899,-0.895,-1,-1,-1,-1,-1,-1,-0.132,1,0.794,0.936,1,1,1,1,0.31,-1,-1,-1,-1,-1,-1,-1,-0.853,-0.177,-0.814,-0.835,0.119,0.813,1,1,-0.384,-1,-1,-1,-1,-1,-1,-1,-1,-1,-1,-1,-1,0.131,1,0.857,-0.945,-1,-1,-1,-1,-1,-1,-1,-1,-1,-1,-1,-0.969,0.787,1,0.201,-1,-1,-1,-1,-1,-1,-1,-1,-1,-1,-1,-1,-0.574,1,1,-0.21,-1,-1,-1,-1,-1,-1,-1,-1,-1,-1,-1,-1,-0.421,1,1,-0.24,-1,-1,-1,-1,-1,-1,-1,-1,-1,-1,-1,-1,-0.28,1,1,-0.626,-1,-1,-1,-1,-1,-1,-1,-1,-1,-1,-1,-1,-0.75,0.766,-0.37,-0.99,-1,-1,-1,-1,-1
"707",-1,-1,-1,-1,-1,-1,-1,0.454,-0.084,-1,-1,-1,-1,-1,-1,-1,-1,-1,-1,-1,-1,-1,-0.95,0.657,0.902,-0.966,-1,-1,-1,-1,-1,-1,-1,-1,-1,-1,-1,-1,-0.706,0.996,1,-0.571,-1,-1,-1,-1,-1,-1,-1,-1,-1,-1,-1,-1,-0.588,1,1,-0.517,-1,-1,-1,-1,-1,-1,-1,-1,-1,-1,-1,-1,-0.749,0.997,1,-0.507,-1,-1,-1,-1,-1,-1,-1,-1,-1,-1,-1,-1,-0.9,0.963,1,-0.673,-1,-1,-1,-1,-1,-1,-1,-1,-1,-1,-1,-1,-0.771,0.999,1,-0.487,-1,-1,-1,-1,-1,-1,-1,-1,-1,-1,-1,-1,-0.607,1,1,-0.653,-1,-1,-1,-1,-1,-1,-1,-1,-1,-1,-1,-1,-0.617,1,1,-0.577,-1,-1,-1,-1,-1,-1,-1,-1,-1,-1,-1,-1,-0.583,1,1,-0.391,-1,-1,-1,-1,-1,-1,-1,-1,-1,-1,-1,-1,-0.702,1,1,-0.557,-1,-1,-1,-1,-1,-1,-1,-1,-1,-1,-1,-1,-0.712,1,1,-0.547,-1,-1,-1,-1,-1,-1,-1,-1,-1,-1,-1,-1,-0.547,1,1,-0.383,-1,-1,-1,-1,-1,-1,-1,-1,-1,-1,-1,-1,-0.381,1,1,-0.505,-1,-1,-1,-1,-1,-1,-1,-1,-1,-1,-1,-1,-0.391,1,1,-0.692,-1,-1,-1,-1,-1,-1,-1,-1,-1,-1,-1,-1,-0.928,0.297,0.97,-0.828,-1,-1,-1,-1,-1,-1
"708",-1,-1,-1,-1,-1,-1,0.344,0.96,-0.055,-1,-1,-1,-1,-1,-1,-1,-1,-1,-1,-1,-1,-0.941,0.634,1,1,-0.213,-1,-1,-1,-1,-1,-1,-1,-1,-1,-1,-1,-0.713,0.985,1,1,0.84,-0.95,-1,-1,-1,-1,-1,-1,-1,-1,-1,-1,-0.97,0.707,1,1,0.97,-0.755,-1,-1,-1,-1,-1,-1,-1,-1,-1,-1,-0.986,0.609,1,1,1,-0.102,-1,-1,-1,-1,-1,-1,-1,-1,-1,-1,-0.939,0.826,1,1,1,-0.072,-1,-1,-1,-1,-1,-1,-1,-1,-1,-1,-0.984,0.672,1,1,1,0.211,-1,-1,-1,-1,-1,-1,-1,-1,-1,-1,-0.764,0.969,1,1,1,-0.179,-1,-1,-1,-1,-1,-1,-1,-1,-1,-1,-0.686,0.966,1,1,0.999,-0.569,-1,-1,-1,-1,-1,-1,-1,-1,-1,-1,-0.799,0.964,1,1,1,-0.287,-1,-1,-1,-1,-1,-1,-1,-1,-1,-1,-0.94,0.823,1,1,1,-0.067,-1,-1,-1,-1,-1,-1,-1,-1,-1,-1,-0.627,0.984,1,1,1,-0.332,-1,-1,-1,-1,-1,-1,-1,-1,-1,-1,-0.189,1,1,1,0.969,-0.755,-1,-1,-1,-1,-1,-1,-1,-1,-1,-1,0.201,1,1,1,0.743,-0.961,-1,-1,-1,-1,-1,-1,-1,-1,-1,-1,-0.692,0.895,1,1,0.756,-0.943,-1,-1,-1,-1,-1,-1,-1,-1,-1,-1,-1,-0.425,0.746,1,0.698,-0.982,-1,-1,-1,-1,-1
"709",-1,-1,-1,-1,-1,-1,-0.91,-0.489,0.341,1,1,0.686,-0.98,-1,-1,-1,-1,-1,-1,-1,-1,-0.698,0.707,1,1,1,1,0.65,-0.926,-1,-1,-1,-1,-1,-1,-1,-0.814,0.676,1,1,0.983,1,1,0.244,-0.987,-1,-1,-1,-1,-1,-1,-0.52,0.926,1,1,0.947,-0.383,0.516,1,1,-0.134,-1,-1,-1,-1,-1,-0.94,0.713,1,1,0.849,-0.211,-1,-0.751,0.749,1,0.672,-0.924,-1,-1,-1,-1,-0.136,1,1,0.992,-0.137,-1,-1,-1,0.022,0.989,1,-0.093,-1,-1,-1,-0.949,0.678,1,1,0.211,-1,-1,-1,-1,-1,0.419,1,0.565,-1,-1,-1,-0.833,0.995,1,0.938,-0.956,-1,-1,-1,-1,-1,-0.325,1,0.79,-1,-1,-1,-0.457,1,1,0.537,-0.988,-1,-1,-1,-1,-1,-0.55,1,0.979,-0.964,-1,-1,-0.682,1,1,0.635,-1,-1,-1,-1,-1,-1,-0.255,1,1,-0.76,-1,-1,-0.906,0.999,1,0.989,-0.419,-1,-1,-1,-1,-1,0.454,1,1,-0.536,-1,-1,-1,0.522,1,1,0.623,-0.755,-1,-1,-1,-0.924,0.88,1,0.995,-0.652,-1,-1,-1,-0.637,1,1,1,0.778,-0.017,-0.302,-0.016,0.612,1,1,0.609,-0.975,-1,-1,-1,-0.999,-0.33,0.91,1,1,1,1,1,1,1,0.885,-0.584,-1,-1,-1,-1,-1,-1,-0.772,0.467,0.96,1,1,1,1,0.943,-0.391,-1,-1,-1,-1,-1,-1,-1,-1,-1,-0.569,0.255,0.901,1,0.527,-0.554,-1,-1,-1,-1
"710",-1,-1,-1,-1,-1,-1,-0.799,0.307,1,0.121,-1,-1,-1,-1,-1,-1,-1,-1,-1,-1,-1,-1,0.334,1,1,0.972,-0.832,-1,-1,-1,-1,-1,-1,-1,-1,-1,-1,0.055,0.961,1,1,1,0.662,-0.555,-1,-1,-1,-1,-1,-1,-1,-1,-0.672,0.913,1,1,1,1,1,-0.315,-1,-1,-1,-1,-1,-1,-1,-0.874,0.829,1,1,0.978,0.45,0.988,1,0.072,-1,-1,-1,-1,-1,-1,-1,0.054,1,1,1,-0.232,-1,-0.019,1,0.883,-0.665,-1,-1,-1,-1,-1,-0.77,0.906,1,1,0.648,-0.962,-1,-0.866,0.496,1,0.627,-0.995,-1,-1,-1,-1,0.077,1,1,0.788,-0.801,-1,-1,-1,-0.578,0.999,1,-0.443,-1,-1,-1,-1,0.479,1,1,-0.08,-1,-1,-1,-1,-1,0.576,1,0.149,-1,-1,-1,-0.998,0.628,1,1,-0.483,-1,-1,-1,-1,-1,0.568,1,0.681,-0.987,-1,-1,-0.893,0.941,1,0.908,-0.794,-1,-1,-1,-1,-0.939,0.736,1,0.796,-0.904,-1,-1,-0.985,0.772,1,0.868,-0.966,-1,-1,-1,-1,-0.105,1,1,0.489,-1,-1,-1,-1,0.132,1,1,-0.443,-1,-0.981,-0.522,0.259,0.929,1,0.972,-0.534,-1,-1,-1,-1,-0.758,0.87,1,0.859,0.689,0.689,0.989,1,1,1,0.778,-0.901,-1,-1,-1,-1,-1,-0.786,0.457,1,1,1,1,1,0.958,0.368,-0.669,-1,-1,-1,-1,-1,-1,-1,-1,-0.423,0.288,0.373,0.96,0.184,-0.557,-1,-1,-1,-1,-1
"711",-1,-1,-1,-1,-1,-1,-0.675,0.674,0.504,-0.927,-1,-1,-1,-1,-1,-1,-1,-1,-1,-1,-1,-1,-0.238,1,1,-0.429,-1,-1,-1,-1,-1,-1,-1,-1,-1,-1,-1,-1,-0.176,1,1,-0.491,-1,-1,-1,-1,-1,-1,-1,-1,-1,-1,-1,-1,-0.113,1,1,-0.554,-1,-1,-1,-1,-1,-1,-1,-1,-1,-1,-1,-1,-0.053,1,1,-0.109,-1,-1,-1,-1,-1,-1,-1,-1,-1,-1,-1,-1,-0.385,1,1,-0.084,-1,-1,-1,-1,-1,-1,-1,-1,-1,-1,-1,-1,-0.521,1,1,-0.146,-1,-1,-1,-1,-1,-1,-1,-1,-1,-1,-1,-1,-0.46,1,1,-0.206,-1,-1,-1,-1,-1,-1,-1,-1,-1,-1,-1,-1,-0.396,1,1,-0.271,-1,-1,-1,-1,-1,-1,-1,-1,-1,-1,-1,-1,-0.336,1,1,-0.638,-1,-1,-1,-1,-1,-1,-1,-1,-1,-1,-1,-1,-0.823,1,1,-0.612,-1,-1,-1,-1,-1,-1,-1,-1,-1,-1,-1,-1,-0.804,1,1,-0.456,-1,-1,-1,-1,-1,-1,-1,-1,-1,-1,-1,-1,-0.743,1,1,-0.516,-1,-1,-1,-1,-1,-1,-1,-1,-1,-1,-1,-1,-0.681,1,1,-0.579,-1,-1,-1,-1,-1,-1,-1,-1,-1,-1,-1,-1,-0.619,1,0.769,-0.805,-1,-1,-1,-1,-1,-1,-1,-1,-1,-1,-1,-1,-0.696,0.934,-0.385,-1,-1,-1,-1,-1,-1,-1
"712",-1,-1,-1,-1,-1,-1,-1,-0.847,-0.296,0.594,0.616,-0.875,-1,-1,-1,-1,-1,-1,-1,-1,-1,-1,-0.632,0.856,1,1,1,-0.599,-1,-1,-1,-1,-1,-1,-1,-1,-1,-0.713,0.801,1,1,1,1,-0.07,-1,-1,-1,-1,-1,-1,-1,-1,-1,0.271,1,1,1,1,1,0.854,-1,-1,-1,-1,-1,-1,-1,-1,-0.732,0.857,1,0.933,0.585,1,1,0.482,-0.846,-1,-1,-1,-1,-1,-1,-0.797,0.369,1,1,0.991,0.965,1,1,0.98,0.282,-1,-1,-1,-1,-1,-1,0.392,1,1,1,1,1,1,1,1,0.439,-1,-1,-1,-1,-1,-1,-0.137,1,0.646,0.407,0.718,1,1,1,0.426,-0.083,-1,-1,-1,-1,-1,-1,-1,-1,-1,-1,-0.866,0.883,1,0.836,-0.927,-1,-1,-1,-1,-1,-1,-1,-1,-1,-1,-1,-0.634,1,1,0.692,-1,-1,-1,-1,-1,-1,-1,-1,-1,-1,-1,-1,-0.285,1,1,0.255,-1,-1,-1,-1,-1,-1,-1,-1,-1,-1,-1,-1,0.152,1,1,-0.226,-1,-1,-1,-1,-1,-1,-1,-1,-1,-1,-1,-1,0.172,1,1,-0.422,-1,-1,-1,-1,-1,-1,-1,-1,-1,-1,-1,-1,0.478,1,0.962,-0.734,-1,-1,-1,-1,-1,-1,-1,-1,-1,-1,-1,-1,0.344,1,0.528,-1,-1,-1,-1,-1,-1,-1,-1,-1,-1,-1,-1,-1,-0.485,0.993,-0.173,-1,-1,-1,-1,-1,-1
"713",-1,-1,-1,-1,-1,-1,-1,-0.916,0.611,0.026,-1,-1,-1,-1,-1,-1,-1,-1,-1,-1,-1,-1,-1,-0.57,1,0.999,-0.166,-1,-1,-1,-1,-1,-1,-1,-1,-1,-1,-1,-1,-0.077,1,1,-0.116,-1,-1,-1,-1,-1,-1,-1,-1,-1,-1,-1,-1,-0.069,1,1,-0.003,-1,-1,-1,-1,-1,-1,-1,-1,-1,-1,-0.89,-0.838,0.182,1,1,0.079,-1,-1,-1,-1,-1,-1,-1,-1,-1,-1,0.152,0.851,0.846,1,1,0.071,-1,-1,-1,-1,-1,-1,-1,-1,-1,-1,-0.111,1,1,1,1,-0.18,-1,-1,-1,-1,-1,-1,-1,-1,-1,-1,-0.526,0.429,0.845,1,0.948,-0.863,-1,-1,-1,-1,-1,-1,-1,-1,-1,-1,-1,-1,0.488,1,1,-0.711,-1,-1,-1,-1,-1,-1,-1,-1,-1,-1,-1,-1,0.557,1,1,-0.296,-1,-1,-1,-1,-1,-1,-1,-1,-1,-1,-1,-1,0.535,1,1,-0.516,-1,-1,-1,-1,-1,-1,-1,-1,-1,-1,-1,-1,0.423,1,1,-0.767,-1,-1,-1,-1,-1,-1,-1,-1,-1,-1,-1,-1,0.34,1,0.98,-0.755,-1,-1,-1,-1,-1,-1,-1,-1,-1,-1,-1,-1,0.288,1,1,-0.723,-1,-1,-1,-1,-1,-1,-1,-1,-1,-1,-1,-1,-0.156,0.999,0.965,-0.818,-1,-1,-1,-1,-1,-1,-1,-1,-1,-1,-1,-1,-1,0.521,-0.011,-1,-1,-1,-1,-1,-1
"714",-1,-1,-1,-1,-1,-1,-0.81,0.712,-0.748,-1,-1,-1,-1,-1,-1,-1,-1,-1,-1,-1,-1,-1,-0.709,1,-0.091,-1,-1,-1,-1,-1,-1,-1,-1,-1,-1,-1,-1,-1,-0.784,1,-0.016,-1,-1,-1,-1,-1,-1,-1,-1,-1,-1,-1,-1,-1,-0.872,0.96,0.321,-1,-1,-1,-1,-1,-1,-1,-1,-1,-1,-1,-1,-1,-1,0.607,0.758,-0.969,-1,-1,-1,-1,-1,-1,-1,-1,-1,-1,-1,-1,-1,0.531,1,-0.874,-1,-1,-1,-1,-1,-1,-1,-1,-1,-1,-1,-1,-1,0.456,1,-0.733,-1,-1,-1,-1,-1,-1,-1,-1,-1,-1,-1,-1,-1,0.171,1,-0.579,-1,-1,-1,-1,-1,-1,-1,-1,-1,-1,-1,-1,-1,0.304,0.994,-0.68,-1,-1,-1,-1,-1,-1,-1,-1,-1,-1,-1,-1,-1,0.228,0.971,-0.921,-1,-1,-1,-1,-1,-1,-1,-1,-1,-1,-1,-1,-1,0.166,1,-0.509,-1,-1,-1,-1,-1,-1,-1,-1,-1,-1,-1,-1,-1,0.534,0.894,-0.928,-1,-1,-1,-1,-1,-1,-1,-1,-1,-1,-1,-1,-1,0.863,0.65,-1,-1,-1,-1,-1,-1,-1,-1,-1,-1,-1,-1,-1,-0.687,0.996,0.021,-1,-1,-1,-1,-1,-1,-1,-1,-1,-1,-1,-1,-1,-0.322,1,-0.465,-1,-1,-1,-1,-1,-1,-1,-1,-1,-1,-1,-1,-1,-0.768,0.743,-0.86,-1,-1,-1,-1,-1,-1,-1
"715",-1,-1,-1,-1,-1,-1,-1,-0.676,0.684,-0.99,-1,-1,-1,-1,-1,-1,-1,-1,-1,-1,-1,-1,-1,0.132,0.983,-0.816,-1,-1,-1,-1,-1,-1,-1,-1,-1,-1,-1,-1,-1,0.364,1,-0.729,-1,-1,-1,-1,-1,-1,-1,-1,-1,-1,-1,-1,-0.995,0.561,1,-0.439,-1,-1,-1,-1,-1,-1,-1,-1,-1,-1,-1,-1,-0.956,0.891,1,-0.602,-1,-1,-1,-1,-1,-1,-1,-1,-1,-1,-1,-1,-0.871,0.969,1,-0.607,-1,-1,-1,-1,-1,-1,-1,-1,-1,-1,-1,-1,-0.739,0.999,0.998,-0.767,-1,-1,-1,-1,-1,-1,-1,-1,-1,-1,-1,-1,-0.419,1,0.67,-0.996,-1,-1,-1,-1,-1,-1,-1,-1,-1,-1,-1,-1,-0.414,1,0.821,-0.995,-1,-1,-1,-1,-1,-1,-1,-1,-1,-1,-1,-1,-0.818,0.995,0.948,-0.89,-1,-1,-1,-1,-1,-1,-1,-1,-1,-1,-1,-1,-0.903,0.938,1,-0.76,-1,-1,-1,-1,-1,-1,-1,-1,-1,-1,-1,-1,-0.972,0.854,1,-0.549,-1,-1,-1,-1,-1,-1,-1,-1,-1,-1,-1,-1,-0.993,0.831,1,-0.554,-1,-1,-1,-1,-1,-1,-1,-1,-1,-1,-1,-1,-1,0.646,1,-0.421,-1,-1,-1,-1,-1,-1,-1,-1,-1,-1,-1,-1,-1,0.425,1,-0.544,-1,-1,-1,-1,-1,-1,-1,-1,-1,-1,-1,-1,-1,-0.434,0.728,-0.871,-1,-1,-1,-1,-1,-1
"716",-1,-1,-1,-1,-1,-1,-1,-0.994,0.235,-0.244,-1,-1,-1,-1,-1,-1,-1,-1,-1,-1,-1,-1,-1,-0.525,1,-0.795,-1,-1,-1,-1,-1,-1,-1,-1,-1,-1,-1,-1,-1,0.075,0.784,-0.989,-1,-1,-1,-1,-1,-1,-1,-1,-1,-1,-0.709,-0.99,-1,0.255,0.527,-1,-1,-1,-1,-1,-1,-1,-1,-1,-1,-0.852,0.952,-0.783,-1,0.589,0.37,-1,-1,-1,-1,-1,-1,-1,-1,-1,-1,-0.367,0.971,-0.827,-1,0.653,0.358,-1,-1,-1,-1,-1,-1,-1,-1,-1,-1,-0.098,0.818,-1,-0.99,0.739,0.192,-1,-1,-1,-1,-1,-1,-1,-1,-1,-1,0.205,0.807,-1,-0.948,1,-0.041,-1,-1,-1,-1,-1,-1,-1,-1,-1,-1,0.486,0.905,0.119,0.594,1,0.846,0.428,0.059,-0.135,-0.652,-1,-1,-1,-1,-1,-1,0.212,0.953,0.818,0.673,1,0.694,0.576,0.892,0.986,0.343,-1,-1,-1,-1,-1,-1,-1,-1,-1,-0.436,1,-0.765,-1,-1,-0.766,-0.924,-1,-1,-1,-1,-1,-1,-1,-1,-1,-0.15,0.887,-0.921,-1,-1,-1,-1,-1,-1,-1,-1,-1,-1,-1,-1,-1,0.007,0.774,-1,-1,-1,-1,-1,-1,-1,-1,-1,-1,-1,-1,-1,-1,0.249,0.665,-1,-1,-1,-1,-1,-1,-1,-1,-1,-1,-1,-1,-1,-1,-0.001,0.528,-0.984,-1,-1,-1,-1,-1,-1,-1,-1,-1,-1,-1,-1,-1,-0.487,0.787,-0.926,-1,-1,-1,-1,-1,-1,-1
"717",-1,-1,-1,-1,-1,-1,-0.945,0.663,-0.632,-1,-1,-1,-1,-1,-1,-1,-1,-1,-1,-1,-1,-1,-0.708,1,-0.119,-1,-1,-1,-1,-1,-1,-1,-1,-1,-1,-1,-1,-1,-0.761,1,0.155,-1,-1,-1,-1,-1,-1,-1,-1,-1,-1,-1,-1,-1,-0.981,0.947,0.835,-0.996,-1,-1,-1,-1,-1,-1,-1,-1,-1,-1,-1,-1,-0.991,0.757,0.972,-0.86,-1,-1,-1,-1,-1,-1,-1,-1,-1,-1,-1,-1,-0.997,0.901,0.952,-0.977,-1,-1,-1,-1,-1,-1,-1,-1,-1,-1,-1,-1,-1,0.631,1,-0.752,-1,-1,-1,-1,-1,-1,-1,-1,-1,-1,-1,-1,-1,0.711,1,-0.714,-1,-1,-1,-1,-1,-1,-1,-1,-1,-1,-1,-1,-0.994,0.813,0.979,-0.802,-1,-1,-1,-1,-1,-1,-1,-1,-1,-1,-1,-1,-1,0.781,0.997,-0.9,-1,-1,-1,-1,-1,-1,-1,-1,-1,-1,-1,-1,-1,0.67,0.926,-0.952,-1,-1,-1,-1,-1,-1,-1,-1,-1,-1,-1,-1,-0.957,0.853,0.913,-0.93,-1,-1,-1,-1,-1,-1,-1,-1,-1,-1,-1,-1,-0.946,0.951,0.871,-0.997,-1,-1,-1,-1,-1,-1,-1,-1,-1,-1,-1,-1,-0.857,1,0.413,-1,-1,-1,-1,-1,-1,-1,-1,-1,-1,-1,-1,-1,-0.782,0.989,-0.034,-1,-1,-1,-1,-1,-1,-1,-1,-1,-1,-1,-1,-1,-0.913,0.683,-0.919,-1,-1,-1,-1,-1,-1,-1
"718",-1,-1,-1,-1,-1,-1,-0.776,0.911,-0.495,-1,-1,-1,-1,-1,-1,-1,-1,-1,-1,-1,-1,-1,-0.881,0.979,0.182,-1,-1,-1,-1,-1,-1,-1,-1,-1,-1,-1,-1,-1,-0.995,0.811,0.625,-1,-1,-1,-1,-1,-1,-1,-1,-1,-1,-1,-1,-1,-1,0.692,0.748,-1,-1,-1,-1,-1,-1,-1,-1,-1,-1,-1,-1,-1,-1,0.569,0.993,-0.882,-1,-1,-1,-1,-1,-1,-1,-1,-1,-1,-1,-1,-1,0.286,1,-0.766,-1,-1,-1,-1,-1,-1,-1,-1,-1,-1,-1,-1,-1,0.164,0.999,-0.723,-1,-1,-1,-1,-1,-1,-1,-1,-1,-1,-1,-1,-1,0.121,0.998,-0.759,-1,-1,-1,-1,-1,-1,-1,-1,-1,-1,-1,-1,-1,0.158,0.981,-0.859,-1,-1,-1,-1,-1,-1,-1,-1,-1,-1,-1,-1,-1,0.355,0.904,-0.979,-1,-1,-1,-1,-1,-1,-1,-1,-1,-1,-1,-1,-1,0.552,0.881,-0.993,-1,-1,-1,-1,-1,-1,-1,-1,-1,-1,-1,-1,-1,0.589,0.611,-1,-1,-1,-1,-1,-1,-1,-1,-1,-1,-1,-1,-1,-1,0.706,0.494,-1,-1,-1,-1,-1,-1,-1,-1,-1,-1,-1,-1,-1,-1,0.743,0.297,-1,-1,-1,-1,-1,-1,-1,-1,-1,-1,-1,-1,-1,-0.997,0.857,0.02,-1,-1,-1,-1,-1,-1,-1,-1,-1,-1,-1,-1,-1,-1,0.577,-0.337,-1,-1,-1,-1,-1,-1,-1
"719",-1,-1,-1,-1,-1,-1,-0.965,0.803,-0.408,-1,-1,-1,-1,-1,-1,-1,-1,-1,-1,-1,-1,-1,-0.949,0.928,0.52,-1,-1,-1,-1,-1,-1,-1,-1,-1,-1,-1,-1,-1,-0.961,0.917,0.852,-0.988,-1,-1,-1,-1,-1,-1,-1,-1,-1,-1,-1,-1,-0.972,0.905,0.97,-0.883,-1,-1,-1,-1,-1,-1,-1,-1,-1,-1,-1,-1,-0.979,0.89,0.992,-0.832,-1,-1,-1,-1,-1,-1,-1,-1,-1,-1,-1,-1,-0.984,0.872,0.994,-0.825,-1,-1,-1,-1,-1,-1,-1,-1,-1,-1,-1,-1,-0.989,0.854,0.998,-0.814,-1,-1,-1,-1,-1,-1,-1,-1,-1,-1,-1,-1,-0.993,0.835,1,-0.622,-1,-1,-1,-1,-1,-1,-1,-1,-1,-1,-1,-1,-0.996,0.815,1,-0.713,-1,-1,-1,-1,-1,-1,-1,-1,-1,-1,-1,-1,-0.959,0.869,1,-0.747,-1,-1,-1,-1,-1,-1,-1,-1,-1,-1,-1,-1,-0.926,0.941,0.903,-0.862,-1,-1,-1,-1,-1,-1,-1,-1,-1,-1,-1,-1,-0.751,1,0.818,-0.997,-1,-1,-1,-1,-1,-1,-1,-1,-1,-1,-1,-1,-0.659,1,0.677,-0.997,-1,-1,-1,-1,-1,-1,-1,-1,-1,-1,-1,-1,-0.795,0.998,0.617,-1,-1,-1,-1,-1,-1,-1,-1,-1,-1,-1,-1,-1,-0.876,0.964,0.64,-1,-1,-1,-1,-1,-1,-1,-1,-1,-1,-1,-1,-1,-1,-0.09,0.738,-0.99,-1,-1,-1,-1,-1,-1
"720",-1,-1,-1,-1,-1,-1,-0.845,0.958,-0.173,-1,-1,-1,-1,-1,-1,-1,-1,-1,-1,-1,-1,-1,-0.926,0.824,0.88,-0.939,-1,-1,-1,-1,-1,-1,-1,-1,-1,-1,-1,-1,-0.998,0.708,0.972,-0.83,-1,-1,-1,-1,-1,-1,-1,-1,-1,-1,-1,-1,-0.968,0.709,0.878,-0.94,-1,-1,-1,-1,-1,-1,-1,-1,-1,-1,-1,-1,-0.921,0.778,0.921,-0.824,-1,-1,-1,-1,-1,-1,-1,-1,-1,-1,-1,-1,-0.925,0.928,1,-0.614,-1,-1,-1,-1,-1,-1,-1,-1,-1,-1,-1,-1,-0.936,0.868,0.97,-0.817,-1,-1,-1,-1,-1,-1,-1,-1,-1,-1,-1,-1,-0.805,0.97,0.907,-0.871,-1,-1,-1,-1,-1,-1,-1,-1,-1,-1,-1,-1,-0.891,0.955,1,-0.631,-1,-1,-1,-1,-1,-1,-1,-1,-1,-1,-1,-1,-0.685,0.953,0.834,-0.93,-1,-1,-1,-1,-1,-1,-1,-1,-1,-1,-1,-1,-0.442,1,0.854,-0.951,-1,-1,-1,-1,-1,-1,-1,-1,-1,-1,-1,-1,-0.585,1,0.67,-1,-1,-1,-1,-1,-1,-1,-1,-1,-1,-1,-1,-1,-0.584,1,0.709,-0.996,-1,-1,-1,-1,-1,-1,-1,-1,-1,-1,-1,-1,-0.603,0.99,0.868,-0.953,-1,-1,-1,-1,-1,-1,-1,-1,-1,-1,-1,-1,-0.891,0.83,1,-0.434,-1,-1,-1,-1,-1,-1,-1,-1,-1,-1,-1,-1,-1,-0.323,0.737,-0.938,-1,-1,-1,-1,-1,-1
"721",-1,-1,-1,-1,-1,-1,-0.586,0.773,-0.323,-1,-1,-1,-1,-1,-1,-1,-1,-1,-1,-1,-1,-1,-0.158,1,0.677,-1,-1,-1,-1,-1,-1,-1,-1,-1,-1,-1,-1,-1,-0.228,1,0.466,-0.999,-1,-1,-1,-1,-1,-1,-1,-1,-1,-1,-1,-1,-0.005,1,0.968,-0.739,-1,-1,-1,-1,-1,-1,-1,-1,-1,-1,-1,-1,-0.368,1,1,-0.408,-1,-1,-1,-1,-1,-1,-1,-1,-1,-1,-1,-1,-0.731,1,1,-0.258,-1,-1,-1,-1,-1,-1,-1,-1,-1,-1,-1,-1,-0.662,0.994,1,-0.108,-1,-1,-1,-1,-1,-1,-1,-1,-1,-1,-1,-1,-0.907,0.982,1,0.149,-1,-1,-1,-1,-1,-1,-1,-1,-1,-1,-1,-1,-0.721,0.98,1,-0.035,-1,-1,-1,-1,-1,-1,-1,-1,-1,-1,-1,-1,-0.938,0.967,1,0.195,-1,-1,-1,-1,-1,-1,-1,-1,-1,-1,-1,-1,-0.668,1,1,-0.108,-1,-1,-1,-1,-1,-1,-1,-1,-1,-1,-1,-1,-0.364,1,1,-0.411,-1,-1,-1,-1,-1,-1,-1,-1,-1,-1,-1,-1,-0.061,1,1,-0.715,-1,-1,-1,-1,-1,-1,-1,-1,-1,-1,-1,-1,0.056,1,0.948,-0.966,-1,-1,-1,-1,-1,-1,-1,-1,-1,-1,-1,-1,-0.108,1,0.679,-1,-1,-1,-1,-1,-1,-1,-1,-1,-1,-1,-1,-1,-0.439,0.983,-0.253,-1,-1,-1,-1,-1,-1,-1
"722",-1,-1,-1,-1,-1,-1,-0.787,0.743,0.581,-0.992,-1,-1,-1,-1,-1,-1,-1,-1,-1,-1,-1,-1,-0.391,1,0.882,-1,-1,-1,-1,-1,-1,-1,-1,-1,-1,-1,-1,-1,-0.626,1,0.944,-0.827,-1,-1,-1,-1,-1,-1,-1,-1,-1,-1,-1,-1,-0.752,0.974,1,-0.416,-1,-1,-1,-1,-1,-1,-1,-1,-1,-1,-1,-1,-0.947,0.991,1,-0.552,-1,-1,-1,-1,-1,-1,-1,-1,-1,-1,-1,-1,-0.77,1,1,-0.739,-1,-1,-1,-1,-1,-1,-1,-1,-1,-1,-1,-1,-0.588,1,1,-0.615,-1,-1,-1,-1,-1,-1,-1,-1,-1,-1,-1,-1,-0.942,0.993,1,-0.471,-1,-1,-1,-1,-1,-1,-1,-1,-1,-1,-1,-1,-0.866,0.919,1,-0.168,-1,-1,-1,-1,-1,-1,-1,-1,-1,-1,-1,-1,-1,0.85,1,-0.359,-1,-1,-1,-1,-1,-1,-1,-1,-1,-1,-1,-1,-0.955,0.987,1,-0.511,-1,-1,-1,-1,-1,-1,-1,-1,-1,-1,-1,-1,-0.782,1,1,-0.166,-1,-1,-1,-1,-1,-1,-1,-1,-1,-1,-1,-1,-0.596,1,1,-0.351,-1,-1,-1,-1,-1,-1,-1,-1,-1,-1,-1,-1,-0.413,1,1,-0.534,-1,-1,-1,-1,-1,-1,-1,-1,-1,-1,-1,-1,-0.224,1,1,-0.723,-1,-1,-1,-1,-1,-1,-1,-1,-1,-1,-1,-1,-0.49,0.815,0.121,-0.969,-1,-1,-1,-1,-1,-1
"723",-1,-1,-1,-1,-0.628,0.962,1,0.468,-0.704,-1,-1,-1,-1,-1,-1,-1,-1,-1,-1,-1,-0.445,1,1,1,0.845,-0.607,-1,-1,-1,-1,-1,-1,-1,-1,-1,-1,-0.456,1,1,1,1,0.843,-0.595,-1,-1,-1,-1,-1,-1,-1,-1,-1,0.344,1,1,1,1,1,0.843,-0.585,-1,-1,-1,-1,-1,-1,-1,-0.677,0.952,1,0.591,0.308,1,1,1,0.538,-0.892,-1,-1,-1,-1,-1,-1,0.162,1,1,-0.483,-0.959,-0.207,0.227,0.918,1,-0.156,-1,-1,-1,-1,-1,-1,0.817,1,0.602,-0.972,-1,-1,-1,0.244,1,0.29,-1,-1,-1,-1,-1,-1,0.893,1,0.554,-1,-1,-1,-1,-0.665,1,0.926,-0.727,-1,-1,-1,-1,-1,0.882,1,0.565,-1,-1,-1,-1,-0.778,1,0.98,-0.538,-1,-1,-1,-1,-0.93,0.888,1,0.026,-1,-1,-1,-1,-0.702,1,0.874,-1,-1,-1,-1,-1,-0.517,0.985,1,-0.094,-1,-1,-1,-1,-0.119,1,0.812,-1,-1,-1,-1,-1,-1,0.848,1,0.207,-1,-1,-1,-0.923,0.43,1,-0.075,-1,-1,-1,-1,-1,-1,0.794,1,0.634,-0.981,-0.981,-0.23,0.721,1,0.625,-0.862,-1,-1,-1,-1,-1,-1,0.116,1,1,0.529,0.53,1,1,0.908,-0.496,-1,-1,-1,-1,-1,-1,-1,-0.864,0.57,0.994,1,1,1,0.915,-0.491,-1,-1,-1,-1,-1,-1,-1,-1,-1,-1,-0.097,0.657,0.676,0.009,-0.64,-1,-1,-1,-1,-1,-1
"724",-1,-1,-1,-1,-1,-1,-1,0.132,0.553,-0.575,-1,-1,-1,-1,-1,-1,-1,-1,-1,-1,-1,-1,-0.88,0.946,1,0.267,-1,-1,-1,-1,-1,-1,-1,-1,-1,-1,-1,-1,-0.445,1,1,-0.222,-1,-1,-1,-1,-1,-1,-1,-1,-1,-1,-1,-1,0.044,1,1,0.178,-1,-1,-1,-1,-1,-1,-1,-1,-1,-1,-1,-1,0.089,1,1,0.356,-1,-1,-1,-1,-1,-1,-1,-1,-1,-1,-1,-1,0.356,1,1,0.089,-1,-1,-1,-1,-1,-1,-1,-1,-1,-1,-1,-1,0.178,1,1,0.044,-1,-1,-1,-1,-1,-1,-1,-1,-1,-1,-1,-1,-0.222,1,1,-0.001,-1,-1,-1,-1,-1,-1,-1,-1,-1,-1,-1,-1,-0.177,1,1,-0.045,-1,-1,-1,-1,-1,-1,-1,-1,-1,-1,-1,-1,-0.355,1,1,-0.09,-1,-1,-1,-1,-1,-1,-1,-1,-1,-1,-1,-1,-0.31,1,1,0.087,-1,-1,-1,-1,-1,-1,-1,-1,-1,-1,-1,-1,-0.265,1,1,0.043,-1,-1,-1,-1,-1,-1,-1,-1,-1,-1,-1,-1,-0.443,1,1,-0.002,-1,-1,-1,-1,-1,-1,-1,-1,-1,-1,-1,-1,-0.176,1,1,0.176,-1,-1,-1,-1,-1,-1,-1,-1,-1,-1,-1,-1,-0.576,1,1,-0.091,-1,-1,-1,-1,-1,-1,-1,-1,-1,-1,-1,-1,-0.99,0.125,0.912,-0.715,-1,-1,-1,-1,-1,-1
"725",-1,-1,-1,-1,-1,-1,-1,-1,-1,-1,-1,-0.06,-0.211,-1,-1,-1,-1,-1,-1,-1,-1,-1,-1,-1,-1,-1,-1,0.035,0.022,-1,-1,-1,-1,-1,-1,-1,-1,-1,-1,-1,-1,-1,-0.916,0.899,-0.12,-1,-1,-1,-1,-1,-1,-1,0.283,-0.46,-1,-1,-1,-1,-0.244,1,-0.355,-1,-1,-1,-1,-1,-1,-0.874,0.92,0.285,-1,-1,-1,-1,0.4,0.996,-0.784,-1,-1,-1,-1,-1,-1,-0.252,1,0.144,-1,-1,-1,-0.852,0.885,0.833,-0.974,-1,-1,-1,-1,-1,-1,0.077,1,-0.185,-1,-1,-1,-0.744,1,0.449,-1,-1,-1,-1,-1,-1,-1,-0.53,1,0.578,-0.969,-1,-1,-0.509,1,0.308,-1,-1,-1,-1,-1,-1,-1,-1,0.326,1,0.62,0.005,-0.297,0.213,1,0.97,-0.694,-1,-1,-1,-1,-1,-1,-1,-0.959,0.034,0.869,1,1,1,1,0.76,-0.812,-1,-1,-1,-1,-1,-1,-1,-1,-1,-0.823,-0.395,-0.243,0.808,0.97,-0.684,-1,-1,-1,-1,-1,-1,-1,-1,-1,-1,-1,-1,-0.896,0.958,0.816,-0.998,-1,-1,-1,-1,-1,-1,-1,-1,-1,-1,-1,-1,-0.679,1,0.571,-1,-1,-1,-1,-1,-1,-1,-1,-1,-1,-1,-1,-1,-0.561,1,0.032,-1,-1,-1,-1,-1,-1,-1,-1,-1,-1,-1,-1,-1,-0.595,1,-0.285,-1,-1,-1,-1,-1,-1,-1,-1,-1,-1,-1,-1,-1,-0.859,0.685,-0.734,-1,-1,-1,-1,-1
"726",-1,-1,-1,-1,-1,-1,-1,0.246,0.246,-0.974,-1,-1,-1,-1,-1,-1,-1,-1,-1,-1,-1,-1,-1,0.055,1,-0.507,-1,-1,-1,-1,-1,-1,-1,-1,-1,-1,-1,-1,-1,0.167,1,-0.307,-1,-1,-1,-1,-1,-1,-1,-1,-1,-1,-1,-1,-1,0.619,1,0.124,-1,-1,-1,-1,-1,-1,-1,-1,-1,-1,-1,-1,-0.483,0.978,1,-0.255,-1,-1,-1,-1,-1,-1,-1,-1,-1,-1,-1,-1,0.003,1,0.921,-0.812,-1,-1,-1,-1,-1,-1,-1,-1,-1,-1,-1,-1,-0.041,1,0.895,-0.972,-1,-1,-1,-1,-1,-1,-1,-1,-1,-1,-1,-1,0.062,1,0.744,-0.998,-1,-1,-1,-1,-1,-1,-1,-1,-1,-1,-1,-1,-0.101,1,0.759,-0.997,-1,-1,-1,-1,-1,-1,-1,-1,-1,-1,-1,-1,-0.2,1,0.903,-0.95,-1,-1,-1,-1,-1,-1,-1,-1,-1,-1,-1,-1,-0.428,1,0.94,-0.943,-1,-1,-1,-1,-1,-1,-1,-1,-1,-1,-1,-1,-0.454,1,0.956,-0.915,-1,-1,-1,-1,-1,-1,-1,-1,-1,-1,-1,-1,-0.636,1,0.999,-0.767,-1,-1,-1,-1,-1,-1,-1,-1,-1,-1,-1,-1,-1,0.677,0.999,-0.724,-1,-1,-1,-1,-1,-1,-1,-1,-1,-1,-1,-1,-1,-0.01,1,-0.386,-1,-1,-1,-1,-1,-1,-1,-1,-1,-1,-1,-1,-1,-0.712,0.867,-0.195,-1,-1,-1,-1,-1,-1
"727",-1,-1,-1,-1,-1,-1,-1,-1,-0.537,0.368,0.968,-0.628,-1,-1,-1,-1,-1,-1,-1,-1,-1,-1,-0.828,0.118,0.941,1,0.652,-0.962,-1,-1,-1,-1,-1,-1,-1,-1,-1,-0.756,0.66,1,1,1,-0.608,-1,-1,-1,-1,-1,-1,-1,-1,-1,-0.955,0.615,1,1,1,1,-0.721,-1,-1,-1,-1,-1,-1,-1,-1,-1,0.068,1,1,0.655,0.523,1,0.115,-1,-1,-1,-1,-1,-1,-1,-1,-0.741,1,1,0.882,-0.741,-0.207,1,0.647,-0.952,-1,-1,-1,-1,-1,-1,-1,0.258,1,1,0.142,-1,-0.914,0.684,1,-0.045,-1,-1,-1,-1,-1,-1,-1,0.623,1,1,-0.856,-1,-1,-0.224,1,0.753,-0.93,-1,-1,-1,-1,-1,-1,0.705,1,0.978,-0.994,-1,-1,-0.909,0.771,1,-0.848,-1,-1,-1,-1,-1,-1,0.786,1,0.903,-1,-1,-1,-1,0.279,1,-0.266,-1,-1,-1,-1,-1,-1,0.868,1,0.89,-0.833,-1,-1,-1,-0.065,1,0.331,-1,-1,-1,-1,-1,-1,0.51,1,1,-0.363,-1,-1,-1,0.209,1,0.437,-1,-1,-1,-1,-1,-1,-0.073,1,1,0.524,-0.909,-1,-0.602,0.84,1,0.482,-1,-1,-1,-1,-1,-1,-0.9,0.549,1,1,0.762,0.689,0.996,1,0.948,-0.558,-1,-1,-1,-1,-1,-1,-1,-0.867,0.606,1,1,1,1,1,-0.019,-1,-1,-1,-1,-1,-1,-1,-1,-1,-0.84,-0.008,0.413,1,0.464,-0.189,-0.968,-1,-1,-1,-1
"728",-1,-1,-1,-1,-1,-1,-0.922,0.9,-0.611,-1,-1,-1,-1,-1,-1,-1,-1,-1,-1,-1,-1,-1,-0.632,0.972,0.333,-1,-1,-1,-1,-1,-1,-1,-1,-1,-1,-1,-1,-1,-0.335,1,0.912,-0.924,-1,-1,-1,-1,-1,-1,-1,-1,-1,-1,-1,-1,-0.174,1,1,-0.683,-1,-1,-1,-1,-1,-1,-1,-1,-1,-1,-1,-1,-0.176,1,1,-0.518,-1,-1,-1,-1,-1,-1,-1,-1,-1,-1,-1,-1,-0.668,1,1,-0.516,-1,-1,-1,-1,-1,-1,-1,-1,-1,-1,-1,-1,-0.884,0.97,1,-0.188,-1,-1,-1,-1,-1,-1,-1,-1,-1,-1,-1,-1,-0.966,0.886,1,-0.186,-1,-1,-1,-1,-1,-1,-1,-1,-1,-1,-1,-1,-0.962,0.881,1,-0.347,-1,-1,-1,-1,-1,-1,-1,-1,-1,-1,-1,-1,-0.959,0.875,1,-0.508,-1,-1,-1,-1,-1,-1,-1,-1,-1,-1,-1,-1,-0.926,0.922,1,-0.588,-1,-1,-1,-1,-1,-1,-1,-1,-1,-1,-1,-1,-0.933,0.927,0.949,-0.861,-1,-1,-1,-1,-1,-1,-1,-1,-1,-1,-1,-1,-0.835,0.99,0.753,-0.99,-1,-1,-1,-1,-1,-1,-1,-1,-1,-1,-1,-1,-0.832,0.986,0.438,-1,-1,-1,-1,-1,-1,-1,-1,-1,-1,-1,-1,-1,-0.603,1,-0.213,-1,-1,-1,-1,-1,-1,-1,-1,-1,-1,-1,-1,-1,-0.881,0.663,-0.905,-1,-1,-1,-1,-1,-1,-1
"729",-1,-1,-1,-1,-1,-1,0.034,0.729,-0.346,-1,-1,-1,-1,-1,-1,-1,-1,-1,-1,-1,-1,-1,-0.157,1,0.994,-0.363,-1,-1,-1,-1,-1,-1,-1,-1,-1,-1,-1,-1,-0.707,0.966,1,0.607,-0.999,-1,-1,-1,-1,-1,-1,-1,-1,-1,-1,-1,-0.621,0.992,1,0.555,-0.998,-1,-1,-1,-1,-1,-1,-1,-1,-1,-1,-1,-0.155,1,1,0.722,-0.974,-1,-1,-1,-1,-1,-1,-1,-1,-1,-1,-1,0.32,1,1,0.632,-0.996,-1,-1,-1,-1,-1,-1,-1,-1,-1,-1,-1,0.28,1,1,0.162,-1,-1,-1,-1,-1,-1,-1,-1,-1,-1,-1,-1,0.574,1,1,-0.313,-1,-1,-1,-1,-1,-1,-1,-1,-1,-1,-1,-0.99,0.615,1,1,-0.122,-1,-1,-1,-1,-1,-1,-1,-1,-1,-1,-1,-1,0.434,1,1,0.069,-1,-1,-1,-1,-1,-1,-1,-1,-1,-1,-1,-0.996,0.632,1,1,0.018,-1,-1,-1,-1,-1,-1,-1,-1,-1,-1,-1,-0.974,0.722,1,1,-0.155,-1,-1,-1,-1,-1,-1,-1,-1,-1,-1,-1,-0.998,0.464,1,1,-0.538,-1,-1,-1,-1,-1,-1,-1,-1,-1,-1,-1,-1,-0.39,1,1,-0.106,-1,-1,-1,-1,-1,-1,-1,-1,-1,-1,-1,-1,-0.971,0.725,1,-0.187,-1,-1,-1,-1,-1,-1,-1,-1,-1,-1,-1,-1,-1,-0.558,0.729,-0.178,-1,-1,-1,-1,-1,-1
"730",-1,-1,-1,-1,-1,-1,-0.009,0.877,-0.119,-0.997,-1,-1,-1,-1,-1,-1,-1,-1,-1,-1,-1,-1,0.061,1,1,0.106,-0.846,-1,-1,-1,-1,-1,-1,-1,-1,-1,-1,-1,0.13,1,1,1,0.553,-0.992,-1,-1,-1,-1,-1,-1,-1,-1,-1,-0.839,0.828,1,1,1,0.682,-0.993,-1,-1,-1,-1,-1,-1,-1,-1,-1,-0.72,0.977,1,1,1,0.521,-1,-1,-1,-1,-1,-1,-1,-1,-1,-1,-0.666,0.991,1,1,1,0.452,-1,-1,-1,-1,-1,-1,-1,-1,-1,-1,-0.603,0.999,1,1,1,0.382,-1,-1,-1,-1,-1,-1,-1,-1,-1,-1,0.255,1,1,1,1,0.313,-1,-1,-1,-1,-1,-1,-1,-1,-1,-1,0.522,1,1,1,0.991,0.055,-1,-1,-1,-1,-1,-1,-1,-1,-1,-0.999,0.591,1,1,1,0.967,-0.78,-1,-1,-1,-1,-1,-1,-1,-1,-1,-0.993,0.654,1,1,1,0.941,-0.824,-1,-1,-1,-1,-1,-1,-1,-1,-1,-0.992,0.327,1,1,1,0.908,-0.861,-1,-1,-1,-1,-1,-1,-1,-1,-1,-1,-0.089,1,1,1,0.816,-0.937,-1,-1,-1,-1,-1,-1,-1,-1,-1,-1,-0.967,0.367,1,1,0.871,-0.863,-1,-1,-1,-1,-1,-1,-1,-1,-1,-1,-1,-0.948,0.441,1,1,-0.074,-1,-1,-1,-1,-1,-1,-1,-1,-1,-1,-1,-1,-0.923,0.133,0.983,0.448,-1,-1,-1,-1,-1
"731",-1,-1,-1,-1,-1,-1,-1,-1,-1,-0.762,0.095,-1,-1,-1,-1,-1,-1,-1,-1,-1,-1,-1,-1,-1,-1,0.094,0.996,-0.313,-1,-1,-1,-1,-1,-1,-1,-1,-1,-1,-1,-1,-0.819,0.778,1,0.912,-0.649,-1,-1,-1,-1,-1,-1,-1,0.269,0.772,-0.263,-1,-0.175,1,1,1,-0.491,-1,-1,-1,-1,-1,-1,-1,0.245,1,1,-0.468,0.246,1,1,0.958,-0.871,-1,-1,-1,-1,-1,-1,-0.287,-0.156,0.887,1,-0.221,0.665,1,1,0.665,-0.998,-1,-1,-1,-1,-1,-0.871,0.958,1,1,0.45,-0.631,0.958,1,1,0.245,-1,-1,-1,-1,-1,-1,-0.874,0.716,1,1,0.263,-0.041,1,1,0.981,-0.379,-1,-1,-1,-1,-1,-1,-1,-0.737,0.555,1,1,1,1,1,1,0.205,-0.912,-1,-1,-1,-1,-1,-1,-1,-0.994,-0.153,0.389,0.996,1,1,1,1,0.312,-0.996,-1,-1,-1,-1,-1,-1,-1,-1,-0.99,0.762,1,1,0.661,-0.333,0.256,-0.801,-1,-1,-1,-1,-1,-1,-1,-1,-0.968,0.717,1,1,0.14,-1,-1,-1,-1,-1,-1,-1,-1,-1,-1,-1,-0.945,0.893,1,1,-0.281,-1,-1,-1,-1,-1,-1,-1,-1,-1,-1,-1,-0.92,0.844,1,0.996,-0.698,-1,-1,-1,-1,-1,-1,-1,-1,-1,-1,-1,-1,0.234,1,0.981,-0.659,-1,-1,-1,-1,-1,-1,-1,-1,-1,-1,-1,-1,-0.866,0.095,0.949,-0.846,-1,-1,-1,-1,-1
"732",-1,-1,-1,-1,-1,-0.993,0.119,0.565,0.538,-0.785,-1,-1,-1,-1,-1,-1,-1,-1,-1,-1,-1,-0.544,1,1,1,0.321,-1,-1,-0.997,0.115,-0.118,-1,-1,-0.557,-0.334,-0.334,-0.11,1,1,1,0.778,0.778,-1,-1,0.555,1,-0.333,-1,-1,0.321,1,0.778,1,1,1,-0.321,-0.78,-0.775,-1,-0.345,1,0.783,-0.994,-1,-1,-1,-1,-0.135,1,1,-0.087,-1,-1,-1,-1,-0.357,1,0.357,-1,-1,-1,-1,-1,0.742,1,1,-0.964,-1,-1,-1,-1,-0.147,1,0.369,-1,-1,-1,-1,-1,0.952,1,0.381,-1,-1,-1,-1,-1,0.286,1,0.381,-1,-1,-1,-1,-0.597,0.981,1,-0.273,-1,-1,-1,-1,-1,0.94,1,-0.274,-1,-1,-1,-1,-0.405,1,1,-0.261,-1,-1,-1,-1,-0.803,0.954,1,-0.262,-1,-1,-1,-1,-0.417,1,1,-0.249,-1,-1,-1,-1,-0.195,1,1,-0.472,-1,-1,-1,-1,-0.429,1,1,0.429,-1,-1,-1,-1,0.682,1,0.621,-0.969,-1,-1,-1,-1,-1,0.67,1,1,-0.225,-1,-1,-0.815,0.93,1,-0.226,-1,-1,-1,-1,-1,-1,-0.412,0.959,1,1,-0.658,-1,0.214,1,1,-0.88,-1,-1,-1,-1,-1,-1,-1,0.201,1,1,0.82,0.513,1,1,0.422,-0.958,-1,-1,-1,-1,-1,-1,-1,-1,0.412,1,1,1,1,0.827,-0.684,-1,-1,-1,-1,-1,-1,-1,-1,-1,-0.828,0.059,0.333,0.946,0.831,-0.676,-1,-1,-1,-1,-1
"733",-1,-1,-1,-1,-1,-0.117,-0.406,-1,0.301,0.559,-0.876,-1,-1,-1,-1,-1,-1,-1,-1,-1,-0.927,0.938,0.86,-0.979,0.824,1,-0.078,-1,-1,-1,-1,-1,-1,-1,-1,-1,-0.564,1,0.942,-0.761,0.977,1,-0.209,-1,-1,-1,-1,-1,-1,-1,-1,-1,-0.482,1,0.658,-0.696,1,0.987,-0.749,-1,-1,-1,-1,-1,-1,-1,-1,-1,0.239,1,0.252,-0.34,1,0.811,-0.98,-1,-1,-1,-1,-1,-1,-1,-1,-0.922,0.794,1,-0.164,-0.298,1,0.564,-0.991,-1,-1,-1,-1,-1,-1,-1,-1,-0.397,1,0.947,-0.803,-0.099,1,0.491,-1,-1,-1,-1,-1,-1,-1,-1,-1,0.275,1,0.728,-0.293,0.614,1,0.995,0.817,0.193,-0.911,-1,-1,-1,-1,-1,-0.77,0.904,1,1,1,1,1,0.991,0.989,1,0.79,-0.606,-1,-1,-1,-1,0.083,1,1,1,0.901,1,1,-0.206,-0.63,0.959,1,0.58,-1,-1,-1,-1,0.548,1,0.985,0.324,-0.436,1,0.982,-0.84,-1,0.554,1,0.311,-1,-1,-1,-1,-0.254,0.957,0.561,-1,-0.205,1,0.778,-0.954,-1,-0.811,0.017,-0.809,-1,-1,-1,-1,-1,-0.878,-0.925,-1,0.201,1,0.654,-1,-1,-1,-1,-1,-1,-1,-1,-1,-1,-1,-1,-1,0.598,1,0.593,-1,-1,-1,-1,-1,-1,-1,-1,-1,-1,-1,-1,-1,0.344,1,0.924,-0.949,-1,-1,-1,-1,-1,-1,-1,-1,-1,-1,-1,-1,-0.857,0.47,0.302,-1,-1,-1,-1,-1,-1,-1
"734",-1,-1,-1,-1,-1,-1,-0.5,0.999,0.579,-0.798,-1,-1,-1,-1,-1,-1,-1,-1,-1,-1,-1,-1,-0.125,1,1,-0.191,-1,-1,-1,-1,-1,-1,-1,-1,-1,-1,-1,-1,-0.099,1,1,-0.019,-1,-1,-1,-1,-1,-1,-1,-1,-1,-1,-1,-1,0.014,1,1,-0.088,-1,-1,-1,-1,-1,-1,-1,-1,-1,-1,-1,-1,-0.136,1,1,-0.421,-1,-1,-1,-1,-1,-1,-1,-1,-1,-1,-1,-1,-0.199,1,0.972,-0.857,-1,-1,-1,-1,-1,-1,-1,-1,-1,-1,-1,-1,-0.524,1,0.999,-0.734,-1,-1,-1,-1,-1,-1,-1,-1,-1,-1,-1,-1,-0.323,1,0.997,-0.758,-1,-1,-1,-1,-1,-1,-1,-1,-1,-1,-1,-1,-0.474,1,0.994,-0.779,-1,-1,-1,-1,-1,-1,-1,-1,-1,-1,-1,-1,-0.316,1,0.989,-0.8,-1,-1,-1,-1,-1,-1,-1,-1,-1,-1,-1,-1,-0.181,1,0.895,-0.929,-1,-1,-1,-1,-1,-1,-1,-1,-1,-1,-1,-1,-0.156,1,0.867,-0.97,-1,-1,-1,-1,-1,-1,-1,-1,-1,-1,-1,-1,0.045,1,0.696,-1,-1,-1,-1,-1,-1,-1,-1,-1,-1,-1,-1,-1,0.07,1,0.995,-0.755,-1,-1,-1,-1,-1,-1,-1,-1,-1,-1,-1,-1,-0.541,1,1,-0.126,-1,-1,-1,-1,-1,-1,-1,-1,-1,-1,-1,-1,-0.988,-0.188,0.932,-0.531,-1,-1,-1,-1,-1,-1
"735",-1,-1,-1,-1,-0.975,0.375,0.309,0.057,0.374,-0.774,-1,-1,-1,-1,-1,-1,-1,-1,-1,-1,-0.819,0.991,0.724,0.752,1,0.245,-1,-1,-1,-1,-1,-1,-1,-1,-1,-1,-0.409,1,0.333,0.807,1,-0.088,-1,-1,-1,-1,-1,-1,-1,-1,-1,-1,0.277,1,0.031,0.919,1,-0.619,-1,-1,-1,-1,-1,-1,-1,-1,-1,-0.998,0.642,0.959,-0.421,1,0.937,-0.863,-1,-1,-1,-1,-1,-1,-1,-1,-1,-0.755,1,0.88,0.071,1,0.336,-1,-1,-1,-1,-1,-1,-1,-1,-1,-1,-0.165,1,0.361,0.357,1,0.115,-1,-1,-1,-1,-1,-1,-1,-1,-1,-1,0.418,1,-0.015,0.441,1,-0.107,-1,-1,-1,-1,-1,-1,-1,-1,-1,-0.807,0.945,0.974,-0.108,0.827,1,0.816,0.738,0.71,0.49,0.254,-0.872,-1,-1,-1,-1,0.271,1,1,1,1,1,1,1,1,1,1,0.372,-1,-1,-1,-1,0.32,1,1,1,1,0.951,-0.427,-0.541,-0.541,-0.279,-0.016,-0.426,-1,-1,-1,-1,-0.814,0.081,-0.147,-0.619,1,0.733,-1,-1,-1,-1,-1,-1,-1,-1,-1,-1,-1,-1,-1,-0.177,1,0.511,-1,-1,-1,-1,-1,-1,-1,-1,-1,-1,-1,-1,-1,0.044,1,0.479,-1,-1,-1,-1,-1,-1,-1,-1,-1,-1,-1,-1,-1,-0.035,1,0.757,-1,-1,-1,-1,-1,-1,-1,-1,-1,-1,-1,-1,-1,-0.776,0.5,0.62,-0.999,-1,-1,-1,-1,-1,-1,-1
"736",-1,-1,-1,-1,-1,-1,-0.371,0.752,-0.118,-1,-1,-1,-1,-1,-1,-1,-1,-1,-1,-1,-1,-1,-0.008,1,0.991,-0.808,-1,-1,-1,-1,-1,-1,-1,-1,-1,-1,-1,-1,-0.295,1,0.996,-0.811,-1,-1,-1,-1,-1,-1,-1,-1,-1,-1,-1,-1,-0.506,0.999,1,-0.436,-1,-1,-1,-1,-1,-1,-1,-1,-1,-1,-1,-1,-0.773,0.996,1,-0.738,-1,-1,-1,-1,-1,-1,-1,-1,-1,-1,-1,-1,-0.956,0.893,1,-0.598,-1,-1,-1,-1,-1,-1,-1,-1,-1,-1,-1,-1,-0.956,0.901,1,-0.486,-1,-1,-1,-1,-1,-1,-1,-1,-1,-1,-1,-1,-0.753,0.999,0.999,-0.584,-1,-1,-1,-1,-1,-1,-1,-1,-1,-1,-1,-1,-0.746,0.999,0.967,-0.881,-1,-1,-1,-1,-1,-1,-1,-1,-1,-1,-1,-1,-0.739,1,0.892,-0.961,-1,-1,-1,-1,-1,-1,-1,-1,-1,-1,-1,-1,-0.355,1,0.884,-0.96,-1,-1,-1,-1,-1,-1,-1,-1,-1,-1,-1,-1,-0.182,1,0.582,-0.996,-1,-1,-1,-1,-1,-1,-1,-1,-1,-1,-1,-1,0.12,1,0.651,-1,-1,-1,-1,-1,-1,-1,-1,-1,-1,-1,-1,-1,0.274,1,0.998,0.062,-1,-1,-1,-1,-1,-1,-1,-1,-1,-1,-1,-1,0.134,1,1,0.034,-1,-1,-1,-1,-1,-1,-1,-1,-1,-1,-1,-1,-0.481,0.887,0.91,-0.675,-1,-1,-1,-1,-1,-1
"737",-1,-1,-1,-1,-0.923,-0.02,0.788,0.648,-0.666,-0.978,-1,-1,-1,-1,-1,-1,-1,-1,-1,-0.7,0.696,1,0.917,0.819,1,0.508,-0.807,-1,-1,-1,-1,-1,-1,-1,-0.814,0.732,1,0.779,-0.728,-0.138,0.993,1,0.904,-0.358,-0.982,-1,-1,-1,-1,-0.99,0.303,1,0.766,-0.768,-1,-1,-0.206,0.856,1,1,0.316,-0.933,-1,-1,-1,-0.38,1,1,-0.287,-1,-1,-1,-1,-0.643,0.474,1,1,0.214,-1,-1,-0.879,0.85,1,0.176,-0.99,-1,-1,-1,-1,-1,-0.958,-0.03,1,0.955,-0.37,-1,-0.336,1,0.939,-0.731,-1,-1,-1,-1,-1,-1,-1,-0.976,0.266,1,0.896,-0.897,-0.038,1,0.779,-1,-1,-1,-1,-1,-1,-1,-1,-1,-0.86,0.999,1,-0.333,-0.223,1,0.955,-0.991,-1,-1,-1,-1,-1,-1,-1,-1,-1,0.296,1,-0.148,-0.408,1,1,-0.851,-1,-1,-1,-1,-1,-1,-1,-1,-1,0.418,1,-0.094,-0.828,0.861,1,-0.117,-1,-1,-1,-1,-1,-1,-1,-0.985,0.223,0.971,0.983,-0.572,-1,0.629,1,0.375,-1,-1,-1,-1,-1,-1,-1,0.086,1,1,0.103,-1,-1,-0.061,1,0.972,-0.424,-1,-1,-1,-1,-0.243,0.44,0.995,1,0.229,-0.916,-1,-1,-0.933,0.589,1,0.969,0.448,0.334,0.416,0.926,0.998,1,0.924,-0.16,-0.987,-1,-1,-1,-1,-0.788,0.349,1,1,1,1,1,0.925,0.255,-0.642,-1,-1,-1,-1,-1,-1,-1,-0.975,-0.48,0.494,1,0.536,-0.173,-0.82,-1,-1,-1,-1,-1,-1
"738",-1,-1,-1,-1,-1,-1,-1,0.591,-0.451,-1,-1,-1,-1,-1,-1,-1,-1,-1,-1,-1,-1,-1,-0.977,0.902,0.758,-0.998,-1,-1,-1,-1,-1,-1,-1,-1,-1,-1,-1,-1,-0.919,0.729,1,-0.912,-1,-1,-1,-1,-1,-1,-1,-1,-1,-1,-1,-1,-0.93,0.735,0.95,-0.967,-1,-1,-1,-1,-1,-1,-1,-1,-1,-1,-1,-1,-1,0.177,0.811,-1,-1,-1,-1,-1,-1,-1,-1,-1,-1,-1,-1,-1,-1,-0.074,0.734,-1,-1,-1,-1,-1,-1,-1,-1,-1,-1,-1,-1,-1,-1,-0.463,0.541,-1,-1,-1,-1,-1,-1,-1,-1,-1,-1,-1,-1,-1,-1,-0.359,0.533,-1,-1,-1,-1,-1,-1,-1,-1,-1,-1,-1,-1,-1,-1,-0.063,0.518,-1,-1,-1,-1,-1,-1,-1,-1,-1,-1,-1,-1,-1,-1,0.055,0.359,-1,-1,-1,-1,-1,-1,-1,-1,-1,-1,-1,-1,-1,-1,0.282,0.323,-1,-1,-1,-1,-1,-1,-1,-1,-1,-1,-1,-1,-1,-1,0.4,0.11,-1,-1,-1,-1,-1,-1,-1,-1,-1,-1,-1,-1,-1,-1,0.552,0.047,-1,-1,-1,-1,-1,-1,-1,-1,-1,-1,-1,-1,-1,-1,0.601,-0.071,-1,-1,-1,-1,-1,-1,-1,-1,-1,-1,-1,-1,-1,-1,0.322,0.338,-1,-1,-1,-1,-1,-1,-1,-1,-1,-1,-1,-1,-1,-1,-0.331,0.526,-1,-1,-1,-1,-1,-1,-1
"739",-1,-1,-1,-1,-1,-0.459,0.952,0.327,-0.745,-1,-1,-1,-1,-1,-1,-1,-1,-1,-1,-1,-0.734,0.676,1,1,0.921,0.408,-0.47,-1,-1,-1,-1,-1,-1,-1,-1,-0.999,0.478,1,0.721,0.409,0.779,1,0.96,-0.557,-1,-1,-1,-1,-1,-1,-1,-0.519,0.977,0.766,-0.894,-1,-0.999,0.425,1,0.524,-0.991,-1,-1,-1,-1,-1,-1,0.024,1,0.033,-1,-1,-1,0.102,0.624,0.931,-0.542,-1,-1,-1,-1,-1,-1,0.532,1,-0.209,-1,-1,-0.999,0.322,-0.019,0.593,0.664,-1,-1,-1,-1,-1,-0.997,0.784,1,-0.49,-1,-1,-1,-1,-1,0.562,0.879,-0.982,-1,-1,-1,-1,-0.989,0.827,0.965,-0.849,-1,-1,-1,-1,-1,0.563,0.774,-0.979,-1,-1,-1,-1,-0.979,0.774,0.916,-0.954,-1,-1,-1,-1,-0.87,0.579,0.736,-0.999,-1,-1,-1,-1,-0.997,0.793,0.992,-0.84,-1,-1,-1,-1,-0.147,1,0.203,-1,-1,-1,-1,-1,-1,0.461,0.996,-0.787,-1,-1,-1,-0.997,0.607,1,-0.553,-1,-1,-1,-1,-1,-1,-0.008,1,-0.615,-1,-1,-1,-0.949,0.395,0.634,-0.988,-1,-1,-1,-1,-1,-1,-0.629,0.987,-0.273,-1,-1,-0.996,0.546,0.801,-0.345,-1,-1,-1,-1,-1,-1,-1,-0.986,0.609,0.495,-0.995,-0.979,-0.085,0.99,0.661,-0.984,-1,-1,-1,-1,-1,-1,-1,-1,-0.562,0.928,0.314,0.658,1,0.895,-0.698,-1,-1,-1,-1,-1,-1,-1,-1,-1,-1,-0.542,0.477,0.993,0.807,-0.363,-1,-1,-1,-1,-1,-1
"740",-1,-1,-1,-1,-1,-1,0.307,0.524,-0.561,-1,-1,-1,-1,-1,-1,-1,-1,-1,-1,-1,-0.995,-0.418,0.78,1,0.969,0.117,-0.916,-1,-1,-1,-1,-1,-1,-1,-1,-0.992,-0.073,0.986,1,0.956,0.902,1,0.658,-0.779,-1,-1,-1,-1,-1,-1,-1,-0.585,0.993,1,0.447,-0.668,-0.923,0.167,1,0.379,-1,-1,-1,-1,-1,-1,-0.985,0.631,1,0.614,-0.89,-1,-1,0.095,1,0.997,-0.545,-1,-1,-1,-1,-1,-0.687,0.966,0.997,-0.476,-1,-1,-0.993,0.65,0.892,0.966,0.454,-1,-1,-1,-1,-1,-0.123,1,0.621,-0.982,-1,-1,-1,-0.893,-0.822,0.171,0.896,-0.831,-1,-1,-1,-1,0.297,1,0.361,-1,-1,-1,-1,-1,-1,-0.12,1,-0.146,-1,-1,-1,-1,0.362,1,0.047,-1,-1,-1,-1,-1,-1,0.229,1,0.287,-1,-1,-1,-1,0.426,1,-0.16,-1,-1,-1,-1,-1,-0.964,0.684,1,0.08,-1,-1,-1,-1,0.349,1,-0.082,-1,-1,-1,-1,-1,-0.795,0.971,0.936,-0.774,-1,-1,-1,-1,-0.156,1,0.28,-1,-1,-1,-1,-0.999,0.448,0.811,0.006,-1,-1,-1,-1,-1,-0.772,0.935,0.566,-0.995,-1,-1,-1,0.043,1,0.331,-1,-1,-1,-1,-1,-1,-1,0.018,1,-0.237,-0.733,-0.733,0.06,0.955,1,-0.161,-1,-1,-1,-1,-1,-1,-1,-1,0.132,0.994,1,1,1,1,0.505,-0.904,-1,-1,-1,-1,-1,-1,-1,-1,-1,-0.337,0.542,1,0.853,0.277,-0.798,-1,-1,-1,-1,-1
"741",-1,-1,-1,-1,-1,0.006,0.475,-0.911,-1,-1,-0.67,0.905,-0.622,-1,-1,-1,-1,-1,-1,-1,-0.886,0.858,1,0.16,-1,-1,0.293,0.602,-0.763,-1,-1,-1,-1,-1,-1,-1,-0.21,1,1,-0.13,-1,-0.877,0.945,0.047,-1,-1,-1,-1,-1,-1,-1,-1,0.149,1,0.849,-0.737,-1,-0.33,0.987,-0.646,-1,-1,-1,-1,-1,-1,-1,-1,0.595,1,-0.122,-1,-1,0.246,0.935,-0.97,-1,-1,-1,-1,-1,-1,-1,-0.626,0.996,0.397,-0.899,-0.932,-0.806,0.845,0.553,-1,-1,-1,-1,-1,-1,-1,-1,-0.4,1,0.579,0.825,0.921,1,1,0.949,0.068,-0.973,-1,-1,-1,-1,-1,-1,-0.985,-0.048,0.256,0.129,-0.283,0.404,1,-0.032,0.925,-0.602,-1,-1,-1,-1,-1,-1,-1,-1,-1,-1,-0.984,0.707,0.461,-1,-0.862,-1,-1,-1,-1,-1,-1,-1,-1,-1,-1,-1,-0.623,1,-0.262,-1,-1,-1,-1,-1,-1,-1,-1,-1,-1,-1,-1,-1,0.048,0.92,-0.914,-1,-1,-1,-1,-1,-1,-1,-1,-1,-1,-1,-1,-1,0.598,0.439,-1,-1,-1,-1,-1,-1,-1,-1,-1,-1,-1,-1,-1,-0.999,0.845,0.062,-1,-1,-1,-1,-1,-1,-1,-1,-1,-1,-1,-1,-1,-0.809,0.997,-0.142,-1,-1,-1,-1,-1,-1,-1,-1,-1,-1,-1,-1,-1,-0.755,1,-0.588,-1,-1,-1,-1,-1,-1,-1,-1,-1,-1,-1,-1,-1,-0.971,0.71,-0.619,-1,-1,-1,-1,-1,-1,-1
"742",-1,-1,-1,-1,-1,-1,0.049,0.885,0.049,-0.874,-1,-1,-1,-1,-1,-1,-1,-1,-1,-1,-1,-0.077,0.918,1,1,0.356,-0.974,-1,-1,-1,-1,-1,-1,-1,-1,-1,-0.648,0.671,1,1,1,1,0.094,-1,-1,-1,-1,-1,-1,-1,-1,-0.964,0.474,1,1,1,1,1,0.974,-0.169,-1,-1,-1,-1,-1,-1,-1,-0.251,1,1,0.928,-0.243,0.366,0.855,1,0.686,-0.778,-1,-1,-1,-1,-1,-0.999,0.587,1,1,0.017,-1,-1,-0.671,0.991,1,0.533,-0.914,-1,-1,-1,-1,-0.533,0.961,1,0.947,-0.845,-1,-1,-1,-0.263,0.891,1,-0.26,-1,-1,-1,-1,0.267,1,1,0.293,-0.993,-1,-1,-1,-1,0.183,1,0.5,-1,-1,-1,-0.973,0.775,1,0.998,-0.251,-1,-1,-1,-1,-1,-0.558,1,0.99,-0.731,-1,-1,-0.816,0.963,1,0.77,-0.977,-1,-1,-1,-1,-1,-0.556,1,1,-0.476,-1,-1,-0.66,0.998,1,0.543,-1,-1,-1,-1,-1,-1,-0.457,0.922,0.983,-0.708,-1,-1,-0.469,1,1,0.237,-1,-1,-1,-1,-1,-0.289,0.85,1,0.886,-0.917,-1,-1,-0.896,0.914,1,0.472,-0.756,-0.756,-0.756,-0.756,0.18,0.921,1,1,-0.024,-1,-1,-1,-1,-0.008,1,1,1,1,1,1,1,1,1,0.405,-0.915,-1,-1,-1,-1,-0.994,0.168,0.973,1,1,1,1,1,1,0.511,-0.946,-1,-1,-1,-1,-1,-1,-1,-0.628,-0.124,0.219,0.579,0.773,0.219,-0.466,-0.922,-1,-1,-1,-1
"743",-1,-1,-1,-1,-1,-1,-1,0.261,0.248,-1,-1,-1,-1,-1,-1,-1,-1,-1,-1,-1,-1,-1,-0.706,0.981,0.996,-0.038,-1,-1,-1,-1,-1,-1,-1,-1,-1,-1,-1,-1,-0.439,1,1,0.004,-1,-1,-1,-1,-1,-1,-1,-1,-1,-1,-1,-1,-0.635,0.999,1,-0.162,-1,-1,-1,-1,-1,-1,-1,-1,-1,-1,-1,-1,-0.753,0.981,1,-0.359,-1,-1,-1,-1,-1,-1,-1,-1,-1,-1,-1,-1,-0.767,0.98,1,-0.343,-1,-1,-1,-1,-1,-1,-1,-1,-1,-1,-1,-1,-0.86,0.936,1,-0.207,-1,-1,-1,-1,-1,-1,-1,-1,-1,-1,-1,-1,-0.798,0.979,1,-0.312,-1,-1,-1,-1,-1,-1,-1,-1,-1,-1,-1,-1,-0.712,0.999,1,-0.176,-1,-1,-1,-1,-1,-1,-1,-1,-1,-1,-1,-1,-0.607,1,1,-0.039,-1,-1,-1,-1,-1,-1,-1,-1,-1,-1,-1,-1,-0.591,0.999,1,-0.145,-1,-1,-1,-1,-1,-1,-1,-1,-1,-1,-1,-1,-0.305,1,1,-0.008,-1,-1,-1,-1,-1,-1,-1,-1,-1,-1,-1,-1,0.133,1,1,0.037,-1,-1,-1,-1,-1,-1,-1,-1,-1,-1,-1,-1,-0.246,1,1,-0.189,-1,-1,-1,-1,-1,-1,-1,-1,-1,-1,-1,-1,-0.413,1,1,-0.053,-1,-1,-1,-1,-1,-1,-1,-1,-1,-1,-1,-1,-0.978,0.038,1,-0.158,-1,-1,-1,-1,-1,-1
"744",-1,-1,-1,-1,-1,-1,-1,-0.28,1,0.632,-0.728,-1,-1,-1,-1,-1,-1,-1,-1,-1,-1,-1,-0.787,0.659,1,1,0.882,-0.345,-1,-1,-1,-1,-1,-1,-1,-1,-0.985,-0.11,0.865,1,1,1,1,0.806,-0.741,-1,-1,-1,-1,-1,-1,-0.983,-0.056,1,1,0.97,0.837,0.433,0.694,1,0.383,-0.991,-1,-1,-1,-1,-0.984,0.162,1,1,0.748,-0.369,-1,-1,-0.679,0.903,1,-0.56,-1,-1,-1,-1,-0.324,1,1,0.737,-0.736,-1,-1,-1,-1,-0.183,1,0.602,-0.915,-1,-1,-0.894,0.815,1,0.872,-0.449,-1,-1,-1,-1,-1,-0.821,0.977,1,0.068,-1,-1,-0.299,0.998,1,0.058,-1,-1,-1,-1,-1,-1,-1,0.495,1,0.196,-1,-0.986,0.477,1,0.963,-0.79,-1,-1,-1,-1,-1,-1,-1,-0.166,1,0.617,-1,-0.771,0.933,1,0.288,-1,-1,-1,-1,-1,-1,-1,-1,-0.808,0.981,0.741,-0.996,-0.166,1,0.966,-0.496,-1,-1,-1,-1,-1,-1,-1,-1,-1,-0.061,1,-0.594,-0.027,1,0.665,-1,-1,-1,-1,-1,-1,-1,-1,-1,-1,-0.429,1,0.067,-0.688,1,0.996,-0.126,-0.878,-1,-1,-1,-1,-1,-1,-1,-0.258,0.768,0.996,-0.427,-1,-0.362,1,1,0.913,0.878,0.426,0.225,0.225,0.225,0.73,0.878,0.985,1,0.755,-0.912,-1,-1,-0.402,0.845,1,1,1,1,1,1,1,1,1,0.998,-0.453,-1,-1,-1,-1,-0.972,-0.531,0.065,0.347,0.347,0.347,0.914,1,1,0.605,-0.254,-0.997,-1
"745",-1,-1,-1,-1,-1,-1,-0.884,0.903,0.081,-0.521,0.162,-0.844,-1,-1,-1,-1,-1,-1,-1,-1,-1,-1,-0.621,1,0.893,0.563,1,0.489,-1,-1,-1,-1,-1,-1,-1,-1,-1,-1,0.319,1,-0.22,0.442,1,0.889,-0.998,-1,-1,-1,-1,-1,-1,-1,-1,-0.566,0.971,1,-0.435,0.149,1,1,-0.816,-1,-1,-1,-1,-1,-1,-1,-0.97,0.425,1,1,-0.178,-0.144,1,1,-0.523,-1,-1,-1,-1,-1,-1,-1,-0.315,1,1,0.924,-0.751,-0.437,1,1,-0.229,-1,-1,-1,-1,-1,-1,-1,0.335,1,1,0.123,-1,-0.622,1,1,0.064,-1,-1,-1,-1,-1,-1,-0.9,0.885,1,0.963,-0.852,-1,-0.262,1,1,0.357,-1,-1,-1,-1,-1,-1,-0.184,1,1,-0.193,-1,-1,-0.555,1,1,0.179,-1,-1,-1,-1,-1,-0.953,0.782,1,1,0.149,0.714,0.714,0.754,1,1,0.531,-0.914,-1,-1,-1,-1,-0.412,1,1,1,1,1,1,1,1,1,1,-0.256,-1,-1,-1,-1,-0.197,1,1,1,1,1,1,1,1,1,0.35,-0.981,-1,-1,-1,-1,-0.88,0.406,0.667,-0.319,-0.619,-0.619,-0.619,0.002,1,1,-0.318,-1,-1,-1,-1,-1,-1,-1,-1,-1,-1,-1,-1,-0.497,1,1,-0.169,-1,-1,-1,-1,-1,-1,-1,-1,-1,-1,-1,-1,-0.803,0.903,1,0.124,-1,-1,-1,-1,-1,-1,-1,-1,-1,-1,-1,-1,-1,-0.541,0.816,-0.445,-1,-1,-1
"746",-1,-1,-1,-1,-1,-1,-1,-1,-0.921,0.461,0.768,-0.63,-1,-1,-1,-1,-1,-1,-1,-1,-1,-1,-1,-1,-0.757,1,1,0.357,-1,-1,-1,-1,-1,-1,-1,-1,-1,-1,-1,-1,-0.975,0.8,1,0.671,-0.896,-1,-1,-1,-1,-1,-1,-1,-1,-1,-1,-1,-1,0.247,1,1,-0.327,-1,-1,-1,-1,-1,-1,-1,-1,-1,-1,-1,-0.091,1,1,1,-0.55,-1,-1,-1,-1,-1,-1,-1,-1,-1,-1,-0.371,0.943,1,1,1,-0.612,-1,-1,-1,-1,-1,-1,-1,-1,-0.99,-0.069,0.932,0.91,0.45,1,0.99,-0.504,-1,-1,-1,-1,-1,-1,-1,-0.913,0.41,0.999,1,-0.256,-0.304,1,0.999,-0.895,-1,-1,-1,-1,-1,-1,-1,-0.482,1,1,0.608,-0.886,-0.562,1,1,-0.638,-1,-1,-1,-1,-1,-1,-0.556,0.737,1,0.799,-0.739,-1,-0.819,1,1,-0.381,-1,-1,-1,-1,-1,-1,-0.68,0.559,-0.004,-0.995,-1,-1,-0.277,1,1,-0.283,-1,-1,-1,-1,-1,-1,-1,-1,-1,-1,-1,-1,-0.535,1,1,-0.665,-1,-1,-1,-1,-1,-1,-1,-1,-1,-1,-1,-1,-0.313,1,0.979,-0.547,-1,-1,-1,-1,-1,-1,-1,-1,-1,-1,-1,-1,-0.251,1,0.988,-0.938,-1,-1,-1,-1,-1,-1,-1,-1,-1,-1,-1,-1,-0.773,0.784,1,-0.692,-1,-1,-1,-1,-1,-1,-1,-1,-1,-1,-1,-1,-1,0.114,0.937,-0.691,-1,-1,-1
"747",-1,-1,-1,-1,-1,-1,-1,-1,-1,-1,0.175,1,0.367,-1,-1,-1,-1,-1,-1,-1,-1,-1,-1,-1,-1,-0.724,0.612,1,0.84,-1,-1,-1,-1,-1,-1,-1,-1,-1,-1,-1,-0.646,0.827,1,1,0.917,-1,-1,-1,-1,-1,-1,-1,-1,-1,-1,-0.316,0.79,1,1,1,0.987,-0.993,-1,-1,-1,-1,-1,-1,-1,-0.827,0.286,1,1,0.888,0.914,1,1,-0.04,-1,-1,-1,-1,-1,-1,-0.842,0.594,1,1,0.842,-0.585,0.372,1,1,-0.555,-1,-1,-1,-1,-1,-0.862,0.512,1,1,0.862,-0.512,-0.992,0.988,1,1,-0.774,-1,-1,-1,-1,-0.484,0.822,1,1,0.552,-0.495,-1,-1,0.919,1,1,-0.697,-1,-1,-1,-1,-0.545,0.778,0.778,0.064,-0.939,-1,-1,-1,0.841,1,0.492,-1,-1,-1,-1,-1,-1,-1,-1,-1,-1,-1,-1,-1,0.764,1,0.569,-1,-1,-1,-1,-1,-1,-1,-1,-1,-1,-1,-1,-0.559,0.937,1,0.35,-1,-1,-1,-1,-1,-1,-1,-1,-1,-1,-1,-1,0.289,1,1,-0.165,-1,-1,-1,-1,-1,-1,-1,-1,-1,-1,-1,-1,0.31,1,0.998,-0.975,-1,-1,-1,-1,-1,-1,-1,-1,-1,-1,-1,-1,0.233,1,1,-0.9,-1,-1,-1,-1,-1,-1,-1,-1,-1,-1,-1,-1,0.155,1,0.453,-0.967,-1,-1,-1,-1,-1,-1,-1,-1,-1,-1,-1,-1,-0.787,0.679,-0.029,-1,-1,-1,-1
"748",-1,-1,-1,-1,-1,-1,-1,-1,-1,0.058,1,-0.682,-1,-1,-1,-1,-1,-1,-1,-1,-1,-1,-1,-1,-1,0.118,1,0.784,-0.642,-1,-1,-1,-1,-1,-1,-1,-1,-1,-1,-1,-1,-0.266,1,1,0.076,-0.997,-1,-1,-1,-1,-1,-1,-1,-1,-1,-1,-0.98,0.216,1,1,1,-0.762,-1,-1,-1,-1,-1,-1,-1,-1,-1,-1,-0.152,0.997,1,1,1,-0.379,-1,-1,-1,-1,-1,-1,-1,-1,-1,-0.458,0.913,1,1,1,1,0.005,-1,-1,-1,-1,-1,-1,-1,-1,-1,0.677,1,0.508,0.274,1,1,0.389,-1,-1,-1,-1,-1,-1,-1,-0.354,0.882,0.976,0.775,-0.801,-0.184,1,1,0.772,-1,-1,-1,-0.992,-0.273,0.059,0.421,1,1,1,-0.193,-1,-0.513,1,1,0.63,-0.973,-1,-1,-0.981,0.8,1,1,1,1,0.561,-0.921,-1,-0.01,1,1,0.598,-1,-1,-1,-1,-0.743,0.473,0.647,0.64,-0.279,-0.759,-1,-1,-0.394,1,1,0.373,-1,-1,-1,-1,-1,-1,-1,-1,-1,-1,-1,-1,-0.556,1,1,0.425,-1,-1,-1,-1,-1,-1,-1,-1,-1,-1,-1,-1,-0.22,1,1,0.088,-1,-1,-1,-1,-1,-1,-1,-1,-1,-1,-1,-1,-0.604,1,1,0.251,-1,-1,-1,-1,-1,-1,-1,-1,-1,-1,-1,-1,-0.946,0.57,1,-0.196,-1,-1,-1,-1,-1,-1,-1,-1,-1,-1,-1,-1,-1,-0.588,0.833,-0.366,-1,-1
"749",-1,-1,-1,-1,-1,-1,-0.229,0.485,-0.789,-1,-1,-1,-1,-1,-1,-1,-1,-1,-1,-1,-1,-1,-0.683,0.992,0.659,-0.972,-1,-1,-1,-1,-1,-1,-1,-1,-1,-1,-1,-1,-0.997,0.651,0.979,-0.754,-1,-1,-1,-1,-1,-1,-1,-1,-1,-1,-1,-1,-1,0.338,1,-0.459,-1,-1,-1,-1,-1,-1,-1,-1,-1,-1,-1,-1,-1,0.448,1,-0.216,-1,-1,-1,-1,-1,-1,-1,-1,-1,-1,-1,-1,-1,0.396,1,-0.282,-1,-1,-1,-1,-1,-1,-1,-1,-1,-1,-1,-1,-1,0.344,1,-0.127,-1,-1,-1,-1,-1,-1,-1,-1,-1,-1,-1,-1,-1,0.292,1,-0.164,-1,-1,-1,-1,-1,-1,-1,-1,-1,-1,-1,-1,-1,0.358,1,-0.009,-1,-1,-1,-1,-1,-1,-1,-1,-1,-1,-1,-1,-1,0.453,1,-0.192,-1,-1,-1,-1,-1,-1,-1,-1,-1,-1,-1,-1,-1,0.622,1,-0.376,-1,-1,-1,-1,-1,-1,-1,-1,-1,-1,-1,-1,-0.997,0.802,1,-0.559,-1,-1,-1,-1,-1,-1,-1,-1,-1,-1,-1,-1,-0.8,0.979,0.972,-0.788,-1,-1,-1,-1,-1,-1,-1,-1,-1,-1,-1,-1,-0.579,1,0.907,-0.964,-1,-1,-1,-1,-1,-1,-1,-1,-1,-1,-1,-1,-0.616,1,0.814,-0.952,-1,-1,-1,-1,-1,-1,-1,-1,-1,-1,-1,-1,-0.856,0.571,0.919,-0.623,-1,-1,-1,-1,-1,-1
"750",-1,-1,-1,-1,-1,-1,-1,-0.55,0.623,0.528,-0.973,-1,-1,-1,-1,-1,-1,-1,-1,-1,-1,-0.663,0.655,0.971,1,1,0.291,-1,-1,-1,-1,-1,-1,-1,-1,-1,-1,0.313,1,1,1,1,0.91,-0.911,-1,-1,-1,-1,-1,-1,-1,-1,-0.858,0.793,1,1,1,1,0.99,-0.707,-1,-1,-1,-1,-1,-1,-1,-1,0.103,1,1,0.886,0.154,0.781,1,0.112,-1,-1,-1,-1,-1,-1,-1,-0.661,0.932,1,0.99,-0.304,-1,-0.071,1,0.864,-0.924,-1,-1,-1,-1,-1,-1,0.408,1,1,0.265,-0.989,-1,-0.84,0.941,1,-0.231,-1,-1,-1,-1,-1,-0.893,0.803,1,0.978,-0.628,-1,-1,-1,0.272,1,0.598,-1,-1,-1,-1,-1,-0.345,1,1,0.606,-1,-1,-1,-1,-0.103,1,0.906,-0.933,-1,-1,-1,-1,-0.267,1,1,-0.138,-1,-1,-1,-1,-0.683,0.993,1,-0.622,-1,-1,-1,-1,-0.43,1,1,-0.398,-1,-1,-1,-1,-0.718,0.986,0.998,-0.699,-1,-1,-1,-1,-0.351,1,1,-0.174,-1,-1,-1,-1,-0.593,1,1,-0.296,-1,-1,-1,-1,-0.936,0.847,1,0.652,-0.997,-1,-1,-0.775,0.199,1,0.896,-0.845,-1,-1,-1,-1,-1,-0.462,1,1,0.525,-0.13,0.368,0.909,1,0.999,0.171,-0.984,-1,-1,-1,-1,-1,-1,-0.192,0.933,1,1,1,1,1,0.317,-0.965,-1,-1,-1,-1,-1,-1,-1,-1,-0.71,0.384,1,1,0.749,-0.016,-0.939,-1,-1,-1,-1
"751",-1,-1,-1,-1,-1,-1,-0.695,0.845,-0.345,-1,-1,-1,-1,-1,-1,-1,-1,-1,-1,-1,-1,-1,-0.725,0.999,0.583,-1,-1,-1,-1,-1,-1,-1,-1,-1,-1,-1,-1,-1,-1,0.78,0.893,-0.968,-1,-1,-1,-1,-1,-1,-1,-1,-1,-1,-1,-1,-1,0.566,0.969,-0.878,-1,-1,-1,-1,-1,-1,-1,-1,-1,-1,-1,-1,-1,0.459,1,-0.707,-1,-1,-1,-1,-1,-1,-1,-1,-1,-1,-1,-1,-1,0.386,1,-0.587,-1,-1,-1,-1,-1,-1,-1,-1,-1,-1,-1,-1,-1,0.582,0.997,-0.722,-1,-1,-1,-1,-1,-1,-1,-1,-1,-1,-1,-1,-1,0.579,0.999,-0.838,-1,-1,-1,-1,-1,-1,-1,-1,-1,-1,-1,-1,-0.999,0.762,0.967,-0.931,-1,-1,-1,-1,-1,-1,-1,-1,-1,-1,-1,-1,-0.969,0.916,0.839,-0.988,-1,-1,-1,-1,-1,-1,-1,-1,-1,-1,-1,-1,-0.95,0.907,0.758,-0.997,-1,-1,-1,-1,-1,-1,-1,-1,-1,-1,-1,-1,-0.992,0.875,0.755,-0.992,-1,-1,-1,-1,-1,-1,-1,-1,-1,-1,-1,-1,-0.89,0.969,0.672,-1,-1,-1,-1,-1,-1,-1,-1,-1,-1,-1,-1,-1,-0.76,1,0.488,-1,-1,-1,-1,-1,-1,-1,-1,-1,-1,-1,-1,-1,-0.939,0.966,0.655,-1,-1,-1,-1,-1,-1,-1,-1,-1,-1,-1,-1,-1,-1,0.066,0.927,-0.943,-1,-1,-1,-1,-1,-1
"752",-1,-1,-1,-1,-1,-1,-0.986,0.075,0.762,-0.613,-1,-1,-1,-1,-1,-1,-1,-1,-1,-1,-1,-1,-0.303,1,0.534,-0.875,-1,-1,-1,-1,-1,-1,-1,-1,-1,-1,-1,-0.763,0.73,1,0.794,-0.067,-1,-1,-1,-1,-1,-1,-1,-1,-1,-1,-1,0.145,1,0.377,0.709,0.949,-0.617,-1,-1,-1,-1,-1,-1,-1,-1,-1,-0.654,0.875,0.921,-0.86,-0.794,0.788,0.772,-0.868,-1,-1,-1,-1,-1,-1,-1,-1,0.075,1,0.098,-1,-1,-0.329,1,0.039,-1,-1,-1,-1,-1,-1,-1,-0.996,0.711,0.978,-0.754,-1,-1,-0.97,0.506,0.895,-0.72,-1,-1,-1,-1,-1,-1,-0.887,0.972,0.41,-1,-1,-1,-1,-0.223,1,-0.067,-1,-1,-1,-1,-1,-1,-0.148,1,-0.25,-1,-1,-1,-1,-0.558,1,0.161,-1,-1,-1,-1,-1,-1,0.263,1,-0.661,-1,-1,-1,-1,-0.577,1,0.395,-1,-1,-1,-1,-1,-1,0.358,0.996,-0.799,-1,-1,-1,-1,-0.435,1,0.192,-1,-1,-1,-1,-1,-1,0.218,1,-0.676,-1,-1,-1,-1,0.11,1,-0.151,-1,-1,-1,-1,-1,-1,-0.037,1,-0.475,-1,-1,-1,-0.776,0.968,0.924,-0.721,-1,-1,-1,-1,-1,-1,-0.856,0.818,0.509,-0.969,-0.965,-0.486,0.83,1,-0.149,-1,-1,-1,-1,-1,-1,-1,-1,-0.525,0.882,0.772,0.757,1,1,0.475,-0.976,-1,-1,-1,-1,-1,-1,-1,-1,-1,-0.503,0.622,1,0.729,-0.262,-0.933,-1,-1,-1,-1,-1
"753",-1,-1,-1,-1,-1,-1,-1,0.07,0.855,-0.578,-1,-1,-1,-1,-1,-1,-1,-1,-1,-1,-1,-1,-0.899,0.839,1,-0.487,-1,-1,-1,-1,-1,-1,-1,-1,-1,-1,-1,-1,-0.743,0.999,0.993,-0.721,-1,-1,-1,-1,-1,-1,-1,-1,-1,-1,-1,-1,-0.596,0.998,1,-0.608,-1,-1,-1,-1,-1,-1,-1,-1,-1,-1,-1,-1,-0.547,1,0.996,-0.655,-1,-1,-1,-1,-1,-1,-1,-1,-1,-1,-1,-1,-0.516,1,0.952,-0.871,-1,-1,-1,-1,-1,-1,-1,-1,-1,-1,-1,-1,-0.636,1,0.953,-0.903,-1,-1,-1,-1,-1,-1,-1,-1,-1,-1,-1,-1,-0.3,1,0.847,-0.981,-1,-1,-1,-1,-1,-1,-1,-1,-1,-1,-1,-1,-0.268,1,0.924,-0.937,-1,-1,-1,-1,-1,-1,-1,-1,-1,-1,-1,-1,-0.389,1,0.973,-0.866,-1,-1,-1,-1,-1,-1,-1,-1,-1,-1,-1,-1,-0.79,0.995,0.95,-0.875,-1,-1,-1,-1,-1,-1,-1,-1,-1,-1,-1,-1,-0.646,0.996,0.951,-0.907,-1,-1,-1,-1,-1,-1,-1,-1,-1,-1,-1,-1,-0.749,0.998,0.988,-0.824,-1,-1,-1,-1,-1,-1,-1,-1,-1,-1,-1,-1,-0.907,0.807,0.999,-0.752,-1,-1,-1,-1,-1,-1,-1,-1,-1,-1,-1,-1,-0.998,0.721,1,-0.499,-1,-1,-1,-1,-1,-1,-1,-1,-1,-1,-1,-1,-1,0.184,0.948,-0.784,-1,-1,-1,-1,-1,-1
"754",-1,-1,-1,-1,-1,-1,-1,-1,-0.648,0.985,-0.165,-1,-1,-1,-1,-1,-1,-1,-1,-1,-1,-1,-1,-1,0.319,0.71,-0.922,-1,-1,-1,-1,-1,-1,-1,-0.971,-0.551,-0.718,-1,-1,-0.684,0.985,0.104,-1,-1,-1,-1,-1,-1,-1,-1,-0.098,1,-0.233,-1,-1,-0.181,1,-0.547,-1,-1,-1,-1,-1,-1,-1,-0.82,0.935,0.622,-0.935,-1,-1,0.206,0.853,-0.984,-1,-1,-1,-1,-1,-1,-1,-0.896,0.934,-0.096,-1,-1,-1,0.592,0.614,-1,-1,-1,-1,-1,-1,-1,-1,-1,-0.03,0.752,-0.78,-1,-0.939,0.917,0.261,-1,-1,-1,-1,-1,-1,-1,-1,-1,-0.98,0.039,0.814,0.059,-0.105,1,0.205,-1,-0.918,-0.62,-0.124,0.619,-0.783,-1,-1,-1,-1,-1,-0.605,0.254,0.879,1,1,1,1,1,0.84,-0.071,-1,-1,-1,-1,-1,-1,-1,-1,-0.127,1,-0.185,-0.455,-0.455,-0.536,-0.921,-1,-1,-1,-1,-1,-1,-1,-1,-1,0.194,0.926,-0.913,-1,-1,-1,-1,-1,-1,-1,-1,-1,-1,-1,-1,-1,0.514,0.56,-1,-1,-1,-1,-1,-1,-1,-1,-1,-1,-1,-1,-1,-0.944,0.91,-0.123,-1,-1,-1,-1,-1,-1,-1,-1,-1,-1,-1,-1,-1,-0.647,1,-0.642,-1,-1,-1,-1,-1,-1,-1,-1,-1,-1,-1,-1,-1,-0.195,0.542,-1,-1,-1,-1,-1,-1,-1,-1,-1,-1,-1,-1,-1,-1,0.125,-0.175,-1,-1,-1,-1,-1,-1,-1,-1,-1
"755",-1,-1,-1,-1,-1,-1,-0.735,0.268,1,0.51,-0.652,-1,-1,-1,-1,-1,-1,-1,-1,-1,-1,-0.904,0.442,1,0.352,0.169,0.926,-0.618,-1,-1,-1,-1,-1,-1,-1,-1,-0.741,0.62,1,0.85,-0.813,-0.989,0.402,0.673,-0.939,-1,-1,-1,-1,-1,-1,-0.826,0.763,1,0.598,-0.446,-1,-1,-0.856,0.87,0.134,-1,-1,-1,-1,-1,-0.933,0.463,1,0.838,-0.837,-1,-1,-1,-1,-0.353,0.892,-0.539,-1,-1,-1,-1,0.019,1,1,-0.248,-1,-1,-1,-1,-1,-1,0.36,0.263,-1,-1,-1,-0.679,0.938,1,0.267,-0.988,-1,-1,-1,-1,-1,-1,-0.404,0.989,-0.455,-1,-1,0.284,1,0.684,-0.929,-1,-1,-1,-1,-1,-1,-1,-0.97,0.803,0.315,-1,-0.894,0.911,1,-0.433,-1,-1,-1,-1,-1,-1,-1,-1,-1,0.069,0.94,-0.861,-0.405,1,0.732,-0.915,-1,-1,-1,-1,-1,-1,-1,-1,-1,-0.247,1,-0.313,-0.171,1,0.11,-1,-1,-1,-1,-1,-1,-1,-1,-1,-1,-0.142,1,-0.186,-0.178,1,0.134,-1,-1,-1,-1,-1,-1,-1,-1,-1,-1,0.075,1,-0.299,-0.657,0.999,0.381,-0.973,-1,-1,-1,-1,-1,-1,-1,-0.999,0.171,0.968,0.78,-0.881,-1,0.063,1,0.133,-0.844,-1,-1,-1,-0.998,-0.803,-0.357,0.453,0.987,0.703,-0.69,-1,-1,-0.986,-0.128,0.951,0.948,0.672,0.67,0.399,0.672,0.987,1,0.974,0.566,-0.67,-1,-1,-1,-1,-1,-0.74,-0.007,0.587,1,0.94,0.475,0.414,-0.137,-0.663,-1,-1,-1,-1
"756",-1,-1,-1,-1,-1,-1,-0.967,0.839,-0.058,-1,-1,-1,-1,-1,-1,-1,-1,-1,-1,-1,-1,-1,-0.994,0.74,0.948,-0.885,-1,-1,-1,-1,-1,-1,-1,-1,-1,-1,-1,-1,-0.915,0.921,1,-0.372,-1,-1,-1,-1,-1,-1,-1,-1,-1,-1,-1,-1,-0.758,0.992,1,-0.579,-1,-1,-1,-1,-1,-1,-1,-1,-1,-1,-1,-1,-0.692,0.996,1,-0.48,-1,-1,-1,-1,-1,-1,-1,-1,-1,-1,-1,-1,-0.616,1,0.996,-0.726,-1,-1,-1,-1,-1,-1,-1,-1,-1,-1,-1,-1,-0.728,0.991,0.988,-0.766,-1,-1,-1,-1,-1,-1,-1,-1,-1,-1,-1,-1,-0.466,1,0.898,-0.946,-1,-1,-1,-1,-1,-1,-1,-1,-1,-1,-1,-1,-0.428,1,0.738,-0.994,-1,-1,-1,-1,-1,-1,-1,-1,-1,-1,-1,-1,-0.39,1,0.472,-0.999,-1,-1,-1,-1,-1,-1,-1,-1,-1,-1,-1,-1,-0.521,1,0.425,-1,-1,-1,-1,-1,-1,-1,-1,-1,-1,-1,-1,-1,-0.483,1,0.345,-1,-1,-1,-1,-1,-1,-1,-1,-1,-1,-1,-1,-1,-0.951,0.881,0.56,-1,-1,-1,-1,-1,-1,-1,-1,-1,-1,-1,-1,-1,-0.999,0.671,0.628,-1,-1,-1,-1,-1,-1,-1,-1,-1,-1,-1,-1,-1,-1,-0.157,0.79,-0.988,-1,-1,-1,-1,-1,-1,-1,-1,-1,-1,-1,-1,-1,-0.983,0.552,-0.58,-1,-1,-1,-1,-1,-1
"757",-1,-1,-1,-1,-1,-1,-1,-1,-0.983,0.833,0.643,-0.519,-1,-1,-1,-1,-1,-1,-1,-1,-0.807,0.222,-0.229,-1,-1,-0.638,-0.402,0.843,-0.465,-1,-1,-1,-1,-1,-1,-0.893,0.691,1,0.565,-0.997,-1,-1,-1,0.285,0.638,-0.904,-1,-1,-1,-1,-0.98,0.328,1,0.701,-0.797,-1,-1,-1,-1,-0.625,1,-0.356,-1,-1,-1,-1,-0.42,1,0.968,-0.398,-1,-1,-1,-1,-1,-0.981,0.878,0.121,-1,-1,-1,-1,0.424,1,0.406,-1,-1,-1,-1,-1,-1,-1,0.42,0.658,-0.9,-1,-1,-1,0.687,1,-0.073,-1,-1,-1,-1,-1,-1,-1,-0.057,1,-0.537,-1,-1,-0.619,0.945,1,-0.644,-1,-1,-1,-1,-1,-1,-1,-0.535,1,-0.447,-1,-1,-0.342,1,0.855,-0.831,-1,-1,-1,-1,-1,-1,-1,-0.499,1,-0.3,-1,-1,-0.159,1,0.75,-1,-1,-1,-1,-1,-1,-1,-1,-0.498,1,-0.118,-1,-1,-0.42,1,0.646,-1,-1,-1,-1,-1,-1,-1,-1,-0.235,1,-0.302,-1,-1,-0.878,0.981,0.986,-0.863,-1,-1,-1,-1,-1,-1,-0.828,0.756,1,-0.485,-1,-1,-1,0.249,1,-0.195,-0.999,-1,-1,-1,-1,-0.99,0.434,1,0.556,-0.977,-1,-1,-1,-0.796,0.839,1,0.122,-0.528,-0.773,-0.773,-0.218,0.551,1,0.717,-0.711,-1,-1,-1,-1,-1,-0.701,0.512,1,1,1,1,1,1,0.525,-0.627,-1,-1,-1,-1,-1,-1,-1,-0.983,-0.323,0.396,0.871,0.999,0.411,-0.298,-0.953,-1,-1,-1,-1
"758",-1,-1,-1,-1,-1,-1,-1,-0.007,0.945,-0.324,-1,-1,-1,-1,-1,-1,-1,-1,-1,-1,-1,-1,-0.945,0.639,1,-0.238,-1,-1,-1,-1,-1,-1,-1,-1,-1,-1,-1,-1,-0.669,1,1,-0.555,-1,-1,-1,-1,-1,-1,-1,-1,-1,-1,-1,-1,-0.352,1,0.979,-0.851,-1,-1,-1,-1,-1,-1,-1,-1,-1,-1,-1,-1,-0.256,1,0.933,-0.901,-1,-1,-1,-1,-1,-1,-1,-1,-1,-1,-1,-1,-0.182,1,0.961,-0.875,-1,-1,-1,-1,-1,-1,-1,-1,-1,-1,-1,-1,-0.121,1,0.972,-0.861,-1,-1,-1,-1,-1,-1,-1,-1,-1,-1,-1,-1,-0.075,1,0.84,-0.989,-1,-1,-1,-1,-1,-1,-1,-1,-1,-1,-1,-1,-0.179,1,0.903,-0.948,-1,-1,-1,-1,-1,-1,-1,-1,-1,-1,-1,-1,-0.304,1,0.828,-0.976,-1,-1,-1,-1,-1,-1,-1,-1,-1,-1,-1,-1,-0.365,1,0.791,-0.992,-1,-1,-1,-1,-1,-1,-1,-1,-1,-1,-1,-1,-0.419,1,0.961,-0.88,-1,-1,-1,-1,-1,-1,-1,-1,-1,-1,-1,-1,-0.714,0.999,0.967,-0.868,-1,-1,-1,-1,-1,-1,-1,-1,-1,-1,-1,-1,-0.773,0.99,0.995,-0.799,-1,-1,-1,-1,-1,-1,-1,-1,-1,-1,-1,-1,-0.929,0.757,0.974,-0.731,-1,-1,-1,-1,-1,-1,-1,-1,-1,-1,-1,-1,-1,-0.488,0.722,-0.077,-1,-1,-1,-1,-1,-1
"759",-1,-1,-1,-1,-1,-1,-0.884,0.583,0.83,-0.27,-1,-1,-1,-1,-1,-1,-1,-1,-1,-1,-1,-1,-0.442,0.999,1,0.853,-0.972,-1,-1,-1,-1,-1,-1,-1,-1,-1,-1,-1,0.414,1,1,0.71,-0.976,-1,-1,-1,-1,-1,-1,-1,-1,-1,-1,-0.896,0.788,1,1,0.622,-0.988,-1,-1,-1,-1,-1,-1,-1,-1,-1,-1,-0.804,0.985,1,1,0.156,-1,-1,-1,-1,-1,-1,-1,-1,-1,-1,-1,-0.802,0.988,1,1,-0.417,-1,-1,-1,-1,-1,-1,-1,-1,-1,-1,-1,-0.8,0.991,1,1,0.099,-1,-1,-1,-1,-1,-1,-1,-1,-1,-1,-1,-0.795,0.991,1,1,-0.19,-1,-1,-1,-1,-1,-1,-1,-1,-1,-1,-1,-0.747,0.996,1,0.938,-0.654,-1,-1,-1,-1,-1,-1,-1,-1,-1,-1,-1,-0.744,0.997,1,0.866,-0.966,-1,-1,-1,-1,-1,-1,-1,-1,-1,-1,-1,-0.74,0.999,1,0.865,-0.97,-1,-1,-1,-1,-1,-1,-1,-1,-1,-1,-1,-0.996,0.692,1,0.858,-0.968,-1,-1,-1,-1,-1,-1,-1,-1,-1,-1,-1,-1,0.038,1,0.848,-0.962,-1,-1,-1,-1,-1,-1,-1,-1,-1,-1,-1,-1,-0.754,0.944,1,-0.457,-1,-1,-1,-1,-1,-1,-1,-1,-1,-1,-1,-1,-1,-0.126,0.996,0.39,-1,-1,-1,-1,-1,-1,-1,-1,-1,-1,-1,-1,-1,-1,-0.361,0.67,-0.753,-1,-1,-1,-1,-1
"760",-1,-1,-1,-1,-1,-1,-1,-1,-1,-1,-1,-1,-1,-1,-1,-1,-1,-1,-1,-1,-1,-1,-0.978,-0.026,0.36,-0.709,-1,-1,-1,-1,-1,-1,-1,-1,-1,-1,-1,-0.319,0.789,1,1,0.436,-0.874,-1,-1,-1,-1,-1,-1,-1,-1,-0.899,0.283,0.971,1,0.75,0.87,1,0.886,-0.343,-1,-1,-1,-1,-1,-1,-0.939,0.472,1,0.957,-0.123,-0.95,-0.918,-0.352,0.483,0.95,0.103,-0.92,-1,-1,-1,-0.962,0.49,1,0.825,-0.471,-1,-1,-1,-1,-0.998,-0.55,0.8,0.618,-0.898,-1,-1,-0.064,1,0.876,-0.559,-1,-1,-1,-1,-1,-1,-1,-0.537,0.945,0.322,-1,-0.9,0.753,1,-0.164,-1,-1,-1,-1,-1,-1,-1,-1,-1,-0.031,0.973,-0.519,-0.023,1,0.768,-0.856,-1,-1,-1,-1,-1,-1,-1,-1,-1,-0.719,0.999,0.273,0.538,1,-0.019,-1,-1,-1,-1,-1,-1,-1,-1,-1,-1,-0.997,0.822,0.727,0.735,1,-0.675,-1,-1,-1,-1,-1,-1,-1,-1,-1,-1,-0.801,0.963,0.432,0.311,1,-0.251,-1,-1,-1,-1,-1,-1,-1,-1,-1,-0.956,0.311,1,-0.098,-0.46,0.983,0.778,-0.149,-0.479,-0.897,-0.897,-0.897,-0.975,-0.897,-0.897,-0.267,0.594,1,0.374,-0.906,-1,-0.23,0.773,1,1,1,1,1,0.692,1,1,1,0.985,0.328,-0.879,-1,-1,-1,-0.866,-0.197,0.262,0.449,0.449,0.449,0.449,0.449,0.046,-0.237,-0.634,-1,-1,-1,-1,-1,-1,-1,-1,-1,-1,-1,-1,-1,-1,-1,-1,-1,-1,-1
"761",-1,-1,-1,-1,-1,-1,-1,-1,-1,-1,-0.065,0.643,-1,-1,-1,-1,-1,-1,-1,-1,-0.808,-0.169,-0.966,-1,-1,-0.814,0.954,0.999,-0.709,-1,-1,-1,-1,-1,-1,-1,-0.324,1,0.159,-1,-1,-0.175,1,1,-0.668,-1,-1,-1,-1,-1,-1,-1,0.229,1,0.88,-0.952,-1,0.246,1,1,-0.427,-1,-1,-1,-1,-1,-1,-0.996,0.712,1,0.951,-0.849,-0.909,0.906,1,0.8,-0.979,-1,-1,-1,-1,-1,-1,-0.895,0.767,1,0.793,-0.98,-0.902,0.923,1,0.532,-1,-1,-1,-1,-1,-1,-1,-0.765,0.992,1,0.701,-0.977,-0.688,0.998,1,0.244,-1,-1,-1,-1,-1,-1,-1,-0.484,1,1,0.303,-1,-0.402,1,1,0.22,-1,-1,-1,-1,-1,-1,-1,-0.46,1,1,0.292,-0.076,0.669,1,1,-0.069,-1,-1,-1,-1,-1,-1,-1,-0.6,0.899,1,1,1,1,1,1,0.436,-1,-1,-1,-1,-1,-1,-1,-1,-0.268,0.872,1,1,1,1,0.962,-0.476,-1,-1,-1,-1,-1,-1,-1,-1,-1,-0.869,-0.455,-0.072,1,1,0.668,-1,-1,-1,-1,-1,-1,-1,-1,-1,-1,-1,-1,-0.099,1,1,0.38,-1,-1,-1,-1,-1,-1,-1,-1,-1,-1,-1,-1,-0.207,1,1,0.091,-1,-1,-1,-1,-1,-1,-1,-1,-1,-1,-1,-1,-0.823,0.979,1,0.265,-1,-1,-1,-1,-1,-1,-1,-1,-1,-1,-1,-1,-1,0.254,1,-0.42,-1,-1,-1,-1,-1
"762",-1,-1,-1,-1,-1,-1,-0.261,0.977,-0.1,-0.937,-1,-1,-1,-1,-1,-1,-1,-1,-1,-1,-1,-1,-0.015,1,1,-0.066,-1,-1,-1,-1,-1,-1,-1,-1,-1,-1,-1,-1,-0.088,1,1,0.168,-1,-1,-1,-1,-1,-1,-1,-1,-1,-1,-1,-1,0.158,1,1,0.562,-1,-1,-1,-1,-1,-1,-1,-1,-1,-1,-1,-0.995,0.719,1,1,0.742,-0.947,-1,-1,-1,-1,-1,-1,-1,-1,-1,-1,-1,0.65,1,1,0.55,-1,-1,-1,-1,-1,-1,-1,-1,-1,-1,-1,-1,0.577,1,1,0.463,-1,-1,-1,-1,-1,-1,-1,-1,-1,-1,-1,-1,0.503,1,1,0.217,-1,-1,-1,-1,-1,-1,-1,-1,-1,-1,-1,-0.947,0.856,1,1,0.291,-1,-1,-1,-1,-1,-1,-1,-1,-1,-1,-1,-0.955,0.79,1,1,0.044,-1,-1,-1,-1,-1,-1,-1,-1,-1,-1,-1,-0.933,0.854,1,1,-0.042,-1,-1,-1,-1,-1,-1,-1,-1,-1,-1,-1,-0.975,0.822,1,1,0.032,-1,-1,-1,-1,-1,-1,-1,-1,-1,-1,-1,-0.981,0.755,1,1,0.106,-1,-1,-1,-1,-1,-1,-1,-1,-1,-1,-1,-0.986,0.686,1,1,0.499,-1,-1,-1,-1,-1,-1,-1,-1,-1,-1,-1,-0.99,0.456,1,1,0.413,-1,-1,-1,-1,-1,-1,-1,-1,-1,-1,-1,-1,-0.959,-0.158,0.949,-0.153,-1,-1,-1,-1,-1,-1
"763",-1,-1,-1,-1,-1,-0.993,0.239,0.918,-0.351,-1,-1,-1,-1,-1,-1,-1,-1,-1,-1,-1,-1,-0.999,0.585,1,0.856,-0.381,-1,-1,-1,-1,-1,-1,-1,-1,-1,-1,-1,-1,0.323,1,1,0.71,-0.981,-1,-1,-1,-1,-1,-1,-1,-1,-1,-1,-1,0.401,1,1,0.838,-0.925,-1,-1,-1,-1,-1,-1,-1,-1,-1,-1,-1,0.06,1,1,0.977,-0.724,-1,-1,-1,-1,-1,-1,-1,-1,-1,-1,-1,0.556,1,1,1,-0.406,-1,-1,-1,-1,-1,-1,-1,-1,-1,-1,-1,0.215,1,1,1,-0.483,-1,-1,-1,-1,-1,-1,-1,-1,-1,-1,-1,0.293,1,1,1,-0.56,-1,-1,-1,-1,-1,-1,-1,-1,-1,-1,-0.944,0.601,1,1,0.995,-0.633,-1,-1,-1,-1,-1,-1,-1,-1,-1,-1,-0.912,0.856,1,1,0.984,-0.699,-1,-1,-1,-1,-1,-1,-1,-1,-1,-1,-0.534,1,1,1,0.945,-0.764,-1,-1,-1,-1,-1,-1,-1,-1,-1,-1,-0.405,1,1,1,0.629,-0.996,-1,-1,-1,-1,-1,-1,-1,-1,-1,-1,-0.51,1,1,1,0.718,-0.979,-1,-1,-1,-1,-1,-1,-1,-1,-1,-1,-0.724,0.977,1,1,0.998,-0.605,-1,-1,-1,-1,-1,-1,-1,-1,-1,-1,-0.999,0.233,1,1,0.51,-0.953,-1,-1,-1,-1,-1,-1,-1,-1,-1,-1,-1,-0.978,0.304,0.998,-0.512,-1,-1,-1,-1,-1,-1
"764",-1,-1,-1,-1,-1,-1,-0.899,0.748,-0.057,-1,-1,-1,-1,-1,-1,-1,-1,-1,-1,-1,-1,-1,-0.639,0.998,0.951,-0.214,-1,-1,-1,-1,-1,-1,-1,-1,-1,-1,-1,-1,-0.086,1,1,0.721,-0.987,-1,-1,-1,-1,-1,-1,-1,-1,-1,-1,-1,0.159,1,1,0.578,-1,-1,-1,-1,-1,-1,-1,-1,-1,-1,-1,-1,0.314,1,1,0.72,-0.988,-1,-1,-1,-1,-1,-1,-1,-1,-1,-1,-1,0.47,1,1,0.656,-0.991,-1,-1,-1,-1,-1,-1,-1,-1,-1,-1,-0.999,0.625,1,1,0.465,-1,-1,-1,-1,-1,-1,-1,-1,-1,-1,-1,-0.977,0.759,1,1,0.309,-1,-1,-1,-1,-1,-1,-1,-1,-1,-1,-1,-1,0.583,1,1,0.508,-1,-1,-1,-1,-1,-1,-1,-1,-1,-1,-1,-0.985,0.724,1,1,0.352,-1,-1,-1,-1,-1,-1,-1,-1,-1,-1,-1,-1,0.54,1,1,0.551,-1,-1,-1,-1,-1,-1,-1,-1,-1,-1,-1,-1,0.341,1,1,0.573,-1,-1,-1,-1,-1,-1,-1,-1,-1,-1,-1,-1,0.497,1,1,0.402,-0.985,-1,-1,-1,-1,-1,-1,-1,-1,-1,-1,-0.997,0.65,1,1,0.527,-1,-1,-1,-1,-1,-1,-1,-1,-1,-1,-1,-1,0.011,1,1,0.525,-0.977,-1,-1,-1,-1,-1,-1,-1,-1,-1,-1,-1,-1,-0.345,0.841,-0.571,-1,-1,-1,-1,-1,-1
"765",-1,-1,-1,-1,-1,-1,-0.587,0.974,0.362,-0.998,-1,-1,-1,-1,-1,-1,-1,-1,-1,-1,-1,-0.36,0.727,1,1,0.384,-0.485,-0.971,-1,-1,-1,-1,-1,-1,-1,-1,-0.774,0.825,1,1,1,1,1,0.183,-1,-1,-1,-1,-1,-1,-1,-1,0.044,1,1,1,1,1,1,0.967,-0.209,-1,-1,-1,-1,-1,-1,-0.789,0.825,1,1,0.789,-0.111,0.248,1,1,0.445,-1,-1,-1,-1,-1,-1,0.226,1,1,0.959,-0.383,-1,-0.802,0.991,1,0.942,-0.909,-1,-1,-1,-1,-0.828,0.75,1,1,0.816,-0.936,-1,-1,0.601,1,0.975,-0.651,-1,-1,-1,-1,-0.851,0.975,1,1,0.086,-1,-1,-0.985,0.789,1,0.82,-0.895,-1,-1,-1,-1,-0.575,1,1,1,-0.413,-1,-1,-0.953,0.761,1,0.936,-0.917,-1,-1,-1,-1,-0.875,0.909,1,1,-0.615,-1,-1,-0.729,0.937,1,0.877,-0.863,-1,-1,-1,-1,-0.841,0.979,1,0.995,-0.713,-1,-1,-0.962,0.879,1,0.871,-0.861,-1,-1,-1,-1,-1,0.55,1,1,-0.328,-1,-1,0.349,0.954,1,0.609,-0.999,-1,-1,-1,-1,-1,-0.116,0.979,1,0.982,-0.647,0.295,1,1,0.99,-0.669,-1,-1,-1,-1,-1,-1,-1,-0.107,1,1,1,1,1,1,0.618,-0.894,-1,-1,-1,-1,-1,-1,-1,-0.947,-0.029,0.997,1,1,1,0.914,-0.578,-1,-1,-1,-1,-1,-1,-1,-1,-1,-1,-0.41,0.867,1,0.836,-0.282,-1,-1,-1,-1,-1
"766",-1,-1,-1,-1,-1,-1,-0.501,0.68,0.359,-0.22,-1,-1,-1,-1,-1,-1,-1,-1,-1,-1,-1,-0.821,0.77,1,1,0.999,0.169,-0.998,-1,-1,-1,-1,-1,-1,-1,-1,-0.934,0.492,1,1,1,1,1,0.081,-1,-1,-1,-1,-1,-1,-1,-1,-0.313,1,1,0.877,-0.158,0.361,1,0.873,-0.681,-1,-1,-1,-1,-1,-1,-1,0.337,1,1,-0.257,-1,-0.341,0.958,1,-0.177,-1,-1,-1,-1,-1,-1,-0.793,0.939,1,0.772,-0.838,-1,-1,0.506,1,0.293,-1,-1,-1,-1,-1,-1,-0.205,1,1,0.604,-1,-1,-1,0.036,1,0.764,-1,-1,-1,-1,-1,-1,0.285,1,1,0.115,-1,-1,-1,-0.115,1,0.585,-0.991,-1,-1,-1,-1,-1,0.454,1,1,-0.694,-1,-1,-1,-0.106,1,0.425,-1,-1,-1,-1,-1,-0.887,0.831,1,1,-0.544,-1,-1,-1,-0.576,1,0.576,-1,-1,-1,-1,-1,-0.962,0.915,1,1,-0.553,-1,-1,-1,-0.247,1,0.962,-0.915,-1,-1,-1,-1,-1,0.482,1,1,-0.082,-1,-1,-1,-0.078,1,0.812,-0.934,-1,-1,-1,-1,-1,-0.468,0.999,1,0.473,-0.925,-1,-0.289,0.821,1,0.687,-0.979,-1,-1,-1,-1,-1,-1,0.42,1,1,0.694,0.6,0.906,1,1,-0.101,-1,-1,-1,-1,-1,-1,-1,-1,0.51,1,1,1,1,0.944,0.186,-1,-1,-1,-1,-1,-1,-1,-1,-1,-0.883,-0.262,0.303,1,0.896,-0.177,-1,-1,-1,-1,-1
"767",-1,-1,-1,-1,-1,-1,-1,-1,-0.821,0.908,0.726,-0.971,-1,-1,-1,-1,-1,-1,-1,-1,-1,-1,-1,-1,0.107,1,0.077,-1,-1,-1,-1,-1,-1,-1,-1,-0.948,0.166,-0.628,-1,-1,0.657,1,-0.423,-1,-1,-1,-1,-1,-1,-1,-1,-0.41,1,0.495,-1,-0.963,0.842,1,-0.659,-1,-1,-1,-1,-1,-1,-1,-1,0.225,1,0.073,-1,-0.697,0.983,1,-0.738,-1,-1,-1,-1,-1,-1,-1,-1,0.632,1,-0.348,-1,-0.435,1,0.922,-0.954,-1,-1,-1,-1,-1,-1,-1,-0.99,0.766,1,0.107,-0.373,0.115,1,0.968,0.122,0.358,0.261,-1,-1,-1,-1,-1,-1,0.057,1,1,1,1,1,0.968,0.761,0.761,0.086,-0.99,-1,-1,-1,-1,-1,-0.989,-0.646,-0.284,-0.284,0.728,1,0.282,-1,-1,-1,-1,-1,-1,-1,-1,-1,-1,-1,-1,-1,0.609,1,-0.083,-1,-1,-1,-1,-1,-1,-1,-1,-1,-1,-1,-1,-1,0.639,1,-0.219,-1,-1,-1,-1,-1,-1,-1,-1,-1,-1,-1,-1,-1,0.561,1,-0.127,-1,-1,-1,-1,-1,-1,-1,-1,-1,-1,-1,-1,-0.985,0.796,1,-0.313,-1,-1,-1,-1,-1,-1,-1,-1,-1,-1,-1,-1,-0.981,0.814,1,-0.421,-1,-1,-1,-1,-1,-1,-1,-1,-1,-1,-1,-0.771,0.365,0.979,1,-0.671,-1,-1,-1,-1,-1,-1,-1,-1,-1,-1,-1,-0.993,-0.312,0.632,0.438,-0.931,-1,-1,-1,-1,-1,-1
"768",-1,-1,-1,-1,-0.992,0.332,1,-0.043,-1,-1,-1,-1,-1,-1,-1,-1,-1,-1,-1,-1,-0.205,0.999,1,0.994,0.102,-0.965,-1,-1,-1,-1,-1,-1,-1,-1,-1,-0.981,0.713,1,1,1,1,0.507,-0.92,-1,-1,-1,-1,-1,-1,-1,-1,-0.754,0.94,1,1,1,1,1,-0.19,-1,-1,-1,-1,-1,-1,-1,-1,-0.593,1,1,0.958,0.865,1,1,0.674,-0.931,-1,-1,-1,-1,-1,-1,-1,-0.935,0.764,1,0.669,-0.896,-0.049,0.938,1,0.142,-1,-1,-1,-1,-1,-1,-1,-0.92,0.946,1,0.231,-1,-1,0.287,1,1,-0.7,-1,-1,-1,-1,-1,-1,-0.261,0.999,1,-0.207,-1,-1,-0.21,1,1,-0.138,-1,-1,-1,-1,-1,-1,-0.194,1,1,-0.589,-1,-1,0.043,1,1,0.053,-1,-1,-1,-1,-1,-1,-0.704,0.722,0.979,-0.813,-1,-0.959,0.618,1,0.971,-0.534,-1,-1,-1,-1,-1,-1,-0.713,1,0.714,-0.986,-1,-0.444,1,1,0.41,-1,-1,-1,-1,-1,-1,-1,-0.645,1,0.826,-0.988,-0.515,0.702,1,0.986,-0.337,-1,-1,-1,-1,-1,-1,-1,-0.824,0.988,0.897,0.278,0.955,1,1,0.211,-1,-1,-1,-1,-1,-1,-1,-1,-0.124,1,1,1,1,1,0.687,-0.914,-1,-1,-1,-1,-1,-1,-1,-1,-0.944,0.582,1,1,1,0.807,-0.609,-1,-1,-1,-1,-1,-1,-1,-1,-1,-1,-0.585,0.461,0.925,0.629,-0.756,-1,-1,-1,-1,-1,-1,-1
"769",-1,-1,-1,-1,-0.702,-0.067,-0.047,0.466,0.873,0.914,0.031,-0.972,-1,-1,-1,-1,-1,-1,-1,-0.41,0.834,1,1,1,1,1,1,0.416,-0.947,-1,-1,-1,-1,-1,-0.998,0.66,1,1,1,1,1,1,1,1,-0.067,-1,-1,-1,-1,-1,-1,0.798,1,1,1,1,0.956,-0.288,0.91,1,0.916,-0.696,-1,-1,-1,-1,-0.462,1,1,0.77,-0.529,0.92,0.149,-0.857,-0.289,0.899,1,-0.098,-1,-1,-1,-1,-0.113,1,1,0.086,-1,-0.893,-1,-1,-1,0.465,1,0.335,-1,-1,-1,-1,0.272,1,1,-0.618,-1,-1,-1,-1,-1,0.494,1,0.732,-1,-1,-1,-1,0.55,1,0.996,-0.821,-1,-1,-1,-1,-1,0.417,1,0.668,-1,-1,-1,-1,0.757,1,0.901,-0.898,-1,-1,-1,-1,-1,0.481,1,0.71,-1,-1,-1,-1,0.466,1,0.908,-0.685,-1,-1,-1,-1,-0.889,0.933,1,0.076,-1,-1,-1,-1,0.032,1,1,0.012,-1,-1,-1,-0.935,0.537,1,0.998,-0.377,-1,-1,-1,-1,-0.518,0.975,1,0.811,-0.869,-1,-0.811,0.54,1,1,1,-0.799,-1,-1,-1,-1,-1,0.526,1,1,0.431,0.096,0.909,1,1,1,0.353,-1,-1,-1,-1,-1,-1,-0.539,0.992,1,1,1,1,1,1,0.887,-0.879,-1,-1,-1,-1,-1,-1,-1,0.031,0.993,1,1,1,1,0.855,-0.582,-1,-1,-1,-1,-1,-1,-1,-1,-1,-0.303,0.832,1,0.988,0.139,-0.835,-1,-1,-1,-1,-1
"770",-1,-1,-1,-1,-1,-1,0.101,1,0.143,-0.999,-1,-1,-1,-1,-1,-1,-1,-1,-1,-1,-1,-1,0.165,1,1,-0.359,-1,-1,-1,-1,-1,-1,-1,-1,-1,-1,-1,-1,-0.076,1,1,0.32,-1,-1,-1,-1,-1,-1,-1,-1,-1,-1,-1,-1,0.064,1,1,0.18,-1,-1,-1,-1,-1,-1,-1,-1,-1,-1,-1,-1,-0.082,1,1,0.325,-1,-1,-1,-1,-1,-1,-1,-1,-1,-1,-1,-1,-0.208,1,1,0.452,-1,-1,-1,-1,-1,-1,-1,-1,-1,-1,-1,-1,-0.087,1,1,0.046,-1,-1,-1,-1,-1,-1,-1,-1,-1,-1,-1,-1,0.129,1,1,0.096,-1,-1,-1,-1,-1,-1,-1,-1,-1,-1,-1,-1,-0.379,1,1,0.013,-1,-1,-1,-1,-1,-1,-1,-1,-1,-1,-1,-1,-0.163,1,1,-0.088,-1,-1,-1,-1,-1,-1,-1,-1,-1,-1,-1,-1,-0.042,1,1,-0.19,-1,-1,-1,-1,-1,-1,-1,-1,-1,-1,-1,-1,-0.169,1,0.992,-0.665,-1,-1,-1,-1,-1,-1,-1,-1,-1,-1,-1,-1,0.295,1,1,-0.127,-1,-1,-1,-1,-1,-1,-1,-1,-1,-1,-1,-1,0.397,1,1,-0.153,-1,-1,-1,-1,-1,-1,-1,-1,-1,-1,-1,-1,-0.073,1,1,-0.559,-1,-1,-1,-1,-1,-1,-1,-1,-1,-1,-1,-1,-0.956,-0.148,0.816,-0.857,-1,-1,-1,-1,-1,-1
"771",-1,-1,-1,-0.927,-0.778,-0.524,0.721,1,0.586,-0.539,-0.925,-1,-1,-1,-1,-1,-1,-1,-1,-0.28,1,1,1,1,1,1,0.656,-0.464,-1,-1,-1,-1,-1,-1,-0.674,0.757,1,1,1,1,1,1,1,0.989,0.186,-1,-1,-1,-1,-1,-0.048,1,1,1,1,1,0.672,0.538,1,1,1,0.448,-0.982,-1,-1,-0.96,0.683,1,1,1,1,0.437,-0.999,-1,0.23,1,1,0.827,-0.847,-1,-1,-0.781,0.978,1,1,1,1,0.161,-1,-0.993,0.499,1,1,0.993,-0.5,-1,-1,-0.748,0.925,1,1,1,0.997,-0.508,-1,-1,0.486,1,1,1,-0.487,-1,-1,-0.151,1,1,1,1,1,-0.392,-1,-0.989,0.554,1,1,0.989,-0.554,-1,-1,-0.27,1,1,1,1,0.994,-0.564,-1,-1,0.348,1,1,1,-0.348,-1,-1,-0.191,1,1,1,1,0.99,-0.639,-1,-1,0.032,1,1,1,-0.427,-1,-1,-0.112,1,1,1,1,1,-0.333,-1,-1,0.408,1,1,1,-0.111,-1,-1,-0.032,1,1,1,0.467,-0.284,-0.571,-1,-0.83,0.909,1,1,1,-0.191,-1,-1,-0.25,1,1,1,0.725,0.111,0.111,0.111,0.781,1,1,1,0.895,-0.856,-1,-1,-0.566,1,1,1,1,1,1,1,1,1,1,1,0.367,-1,-1,-1,-0.998,0.424,1,1,1,1,1,1,1,1,1,0.737,-0.733,-1,-1,-1,-1,-0.922,-0.104,0.964,1,1,1,1,1,0.999,0.218,-0.662,-1,-1,-1
"772",-1,-1,-1,-1,-1,-1,-0.958,0.165,0.803,-0.707,-1,-1,-1,-1,-1,-1,-1,-1,-0.792,-0.981,-1,-1,-0.355,1,1,0.922,-0.412,-1,-1,-1,-1,-1,-1,-0.855,0.592,-0.117,-1,-0.634,0.886,0.413,0.71,1,0.981,-0.23,-1,-1,-1,-1,-0.998,0.297,1,0.748,-0.908,0.436,0.958,-0.785,-0.977,-0.606,1,0.974,-0.48,-1,-1,-1,-0.532,0.997,1,1,0.362,1,0.371,-1,-1,-0.891,0.044,0.832,0.59,-0.996,-1,-1,-0.783,0.954,1,1,1,1,-0.383,-1,-1,-1,-1,0.278,0.894,-0.914,-1,-1,-1,0.565,1,1,1,0.701,-0.982,-1,-1,-1,-1,-0.145,1,-0.814,-1,-1,-1,0.322,1,1,1,0.728,-0.993,-1,-1,-1,-1,0.067,0.938,-0.986,-1,-1,-1,-0.109,1,1,1,0.995,-0.499,-1,-1,-1,-0.998,0.807,0.391,-1,-1,-1,-1,-0.535,1,1,1,1,0.4,-1,-1,-0.973,-0.07,0.555,-0.836,-1,-1,-1,-1,-0.895,0.937,1,1,1,0.967,0.172,-0.679,0.464,0.725,-0.677,-1,-1,-1,-1,-1,-0.749,0.997,1,1,1,1,1,1,1,-0.435,-1,-0.347,0.659,-0.715,-1,-1,-0.063,1,1,1,1,1,1,0.806,1,0.898,0.063,0.126,0.97,0.654,-0.699,-1,-0.666,1,1,1,1,1,0.994,-0.309,0.49,0.17,0.716,0.17,-0.759,0.403,-0.626,-1,-0.931,0.708,1,1,1,1,0.997,-0.643,-1,-1,-1,-1,-1,-1,-1,-1,-1,-0.725,0.226,0.726,1,1,1,-0.397,-1,-1,-1,-1,-1,-1,-1
"773",-0.964,-0.412,-0.499,-0.883,-0.883,-0.977,-1,-1,-1,-1,-1,-1,-0.995,0.13,0.825,-0.97,-0.992,0.896,1,1,1,0.722,0.487,0.176,-0.131,-0.294,-0.417,-0.615,0.015,1,0.307,-1,-1,0.315,0.647,0.647,0.795,1,1,1,1,1,1,1,1,0.997,-0.432,-1,-1,-1,-1,-1,-0.953,-0.882,-0.872,-0.412,0.116,1,1,1,1,0.721,-0.981,-1,-1,-1,-1,-1,-1,-1,-0.674,0.631,1,1,0.794,0.874,1,0.081,-1,-1,-1,-1,-1,-1,-0.774,0.313,0.956,1,0.774,-0.423,-0.76,0.977,1,-0.357,-1,-1,-1,-1,-1,-0.47,0.81,1,0.883,-0.011,-0.905,-1,-0.168,1,0.891,-0.907,-1,-1,-1,-1,-1,0.498,1,1,0.268,-0.28,-0.102,-0.459,0.812,1,0.724,0.03,0.295,-0.956,-1,-1,-1,-0.205,0.922,1,1,1,1,1,1,1,1,1,0.095,-1,-1,-1,-1,-1,-0.865,-0.177,-0.117,0.294,0.653,1,1,0.517,0.069,-0.338,-0.967,-1,-1,-1,-1,-1,-1,-1,-1,-0.934,0.727,1,0.791,-0.937,-1,-1,-1,-1,-1,-1,-1,-1,-1,-1,-1,-0.16,1,1,-0.525,-1,-1,-1,-1,-1,-1,-1,-1,-1,-1,-1,-0.803,0.91,1,0.401,-1,-1,-1,-1,-1,-1,-1,-1,-1,-1,-1,-1,-0.067,1,0.949,-0.706,-1,-1,-1,-1,-1,-1,-1,-1,-1,-1,-1,-1,0.702,1,0.086,-1,-1,-1,-1,-1,-1,-1,-1,-1,-1,-1,-1,-1,0.199,0.82,-0.78,-1,-1,-1,-1,-1,-1,-1
"774",-1,-1,-1,-1,-1,-1,0.306,1,0.454,-0.907,-1,-1,-1,-1,-1,-1,-1,-1,-1,-1,-1,-1,0.33,1,1,0.085,-1,-1,-1,-1,-1,-1,-1,-1,-1,-1,-1,-1,0.144,1,1,0.405,-1,-1,-1,-1,-1,-1,-1,-1,-1,-1,-1,-1,0.281,1,1,0.879,-0.851,-1,-1,-1,-1,-1,-1,-1,-1,-1,-1,-1,0.457,1,1,0.999,-0.651,-1,-1,-1,-1,-1,-1,-1,-1,-1,-1,-0.958,0.818,1,1,1,-0.446,-1,-1,-1,-1,-1,-1,-1,-1,-1,-1,-0.932,0.816,1,1,0.962,-0.756,-1,-1,-1,-1,-1,-1,-1,-1,-1,-1,-0.749,0.96,1,1,0.939,-0.87,-1,-1,-1,-1,-1,-1,-1,-1,-1,-1,-0.461,1,1,1,0.89,-0.863,-1,-1,-1,-1,-1,-1,-1,-1,-1,-1,-0.628,1,1,1,0.712,-0.975,-1,-1,-1,-1,-1,-1,-1,-1,-1,-1,-0.824,0.934,1,1,0.682,-0.987,-1,-1,-1,-1,-1,-1,-1,-1,-1,-1,-0.947,0.852,1,1,0.596,-1,-1,-1,-1,-1,-1,-1,-1,-1,-1,-1,-0.887,0.872,1,1,0.941,-0.816,-1,-1,-1,-1,-1,-1,-1,-1,-1,-1,-0.994,0.736,1,1,0.939,-0.876,-1,-1,-1,-1,-1,-1,-1,-1,-1,-1,-1,0.422,1,1,0.496,-0.99,-1,-1,-1,-1,-1,-1,-1,-1,-1,-1,-1,-0.548,0.736,0.919,-0.388,-1,-1,-1,-1,-1,-1
"775",-1,-1,-1,-1,-1,-1,0.46,1,0.083,-1,-1,-1,-1,-1,-1,-1,-1,-1,-1,-1,-1,-1,0.342,1,0.98,-0.199,-1,-1,-1,-1,-1,-1,-1,-1,-1,-1,-1,-1,0.323,1,1,0.773,-0.986,-1,-1,-1,-1,-1,-1,-1,-1,-1,-1,-1,0.402,1,1,0.688,-0.98,-1,-1,-1,-1,-1,-1,-1,-1,-1,-1,-0.971,0.749,1,1,0.971,-0.75,-1,-1,-1,-1,-1,-1,-1,-1,-1,-1,-0.863,0.919,1,1,0.863,-0.919,-1,-1,-1,-1,-1,-1,-1,-1,-1,-1,-0.892,0.928,1,1,0.662,-0.995,-1,-1,-1,-1,-1,-1,-1,-1,-1,-1,-0.83,0.946,1,1,0.771,-0.986,-1,-1,-1,-1,-1,-1,-1,-1,-1,-1,-0.113,1,1,1,0.508,-1,-1,-1,-1,-1,-1,-1,-1,-1,-1,-1,-0.429,1,1,1,0.231,-1,-1,-1,-1,-1,-1,-1,-1,-1,-1,-1,-0.448,1,1,1,0.25,-1,-1,-1,-1,-1,-1,-1,-1,-1,-1,-1,-0.171,1,1,1,0.17,-1,-1,-1,-1,-1,-1,-1,-1,-1,-1,-1,-0.288,1,1,1,-0.107,-1,-1,-1,-1,-1,-1,-1,-1,-1,-1,-1,-0.406,1,1,1,0.789,-0.593,-1,-1,-1,-1,-1,-1,-1,-1,-1,-1,-0.538,0.816,1,1,1,-0.093,-1,-1,-1,-1,-1,-1,-1,-1,-1,-1,-1,-0.766,0.555,0.851,0.097,-0.9,-1,-1,-1,-1,-1
"776",-1,-1,-1,-1,-1,-1,-1,-1,-1,-1,-0.858,0.404,0.412,-0.994,-1,-1,-1,-1,-1,-1,-1,-1,-1,-1,-1,-1,-0.377,1,1,-0.603,-1,-1,-1,-1,-1,-1,-1,-1,-1,-1,-1,-1,-0.025,1,1,-0.168,-1,-1,-1,-1,-0.896,0.518,0.039,-1,-1,-1,-1,-1,0.447,1,1,-0.519,-1,-1,-1,-1,-0.018,1,0.767,-1,-1,-1,-1,-0.953,0.843,1,0.83,-0.942,-1,-1,-1,-1,-0.211,1,0.991,-0.547,-1,-1,-1,-0.215,1,1,0.475,-1,-1,-1,-1,-1,-0.673,0.876,1,0.914,-0.071,-0.938,-1,0.53,1,1,-0.269,-1,-1,-1,-1,-1,-1,-0.018,1,1,1,0.838,-0.093,0.924,1,0.971,-0.833,-1,-1,-1,-1,-1,-1,-1,0.016,0.867,1,1,1,1,1,0.332,-1,-1,-1,-1,-1,-1,-1,-1,-1,-0.934,-0.44,0.527,1,1,1,-0.02,-1,-1,-1,-1,-1,-1,-1,-1,-1,-1,-1,-0.972,0.513,1,1,-0.371,-1,-1,-1,-1,-1,-1,-1,-1,-1,-1,-1,-1,0.167,1,0.971,-0.694,-1,-1,-1,-1,-1,-1,-1,-1,-1,-1,-1,-0.922,0.683,1,0.969,-0.952,-1,-1,-1,-1,-1,-1,-1,-1,-1,-1,-1,-0.988,0.918,1,1,-0.306,-1,-1,-1,-1,-1,-1,-1,-1,-1,-1,-1,-1,0.344,1,1,0.954,-0.949,-1,-1,-1,-1,-1,-1,-1,-1,-1,-1,-1,-0.782,0.663,0.885,-0.199,-1,-1,-1,-1
"777",-1,-1,-1,-1,-0.31,0.054,-0.966,-1,-1,-1,-1,-1,-0.992,0.216,0.864,-0.783,-1,-1,-1,-0.96,0.729,0.996,-0.401,-1,-1,-1,-1,-1,-0.651,0.994,0.905,-0.856,-1,-1,-1,-0.097,1,0.804,-0.947,-1,-1,-1,-1,-0.868,0.801,1,0.076,-1,-1,-1,-0.494,0.928,1,0.12,-1,-1,-1,-1,-1,0.112,1,0.997,-0.658,-1,-1,-0.892,0.754,1,0.973,-0.591,-1,-1,-1,-1,-0.942,0.791,1,0.284,-0.991,-1,-1,0.099,1,1,-0.237,-1,-1,-1,-1,-1,-0.41,0.997,1,-0.504,-1,-1,-0.844,0.96,1,0.467,-0.985,-1,-1,-1,-1,-1,0.207,1,0.63,-0.989,-1,-1,-0.734,1,1,0.971,0.427,-0.058,-0.515,-0.528,-0.999,-0.741,0.921,1,0.459,0.1,-0.775,-1,-1,0.128,0.827,0.817,0.998,1,1,1,1,1,1,1,1,0.998,-0.601,-1,-1,-1,-1,-1,-0.609,-0.156,0.181,0.394,0.796,1,1,0.932,0.681,0.068,-0.991,-1,-1,-1,-1,-1,-1,-1,-1,-1,-0.269,1,0.97,-0.573,-1,-1,-1,-1,-1,-1,-1,-1,-1,-1,-1,-1,0.145,1,0.512,-1,-1,-1,-1,-1,-1,-1,-1,-1,-1,-1,-1,-0.855,0.811,1,0.201,-1,-1,-1,-1,-1,-1,-1,-1,-1,-1,-1,-1,0.105,1,0.922,-0.429,-1,-1,-1,-1,-1,-1,-1,-1,-1,-1,-1,-1,0.284,1,0.344,-1,-1,-1,-1,-1,-1,-1,-1,-1,-1,-1,-1,-1,-0.618,0.701,0.458,-1,-1,-1,-1,-1,-1
"778",-1,-1,-1,-1,-1,-0.57,0.319,0.782,0.688,0.398,-0.651,-1,-1,-1,-1,-1,-1,-1,-1,-1,-1,0.559,1,1,1,1,0.98,0.025,-0.948,-1,-1,-1,-1,-1,-1,-1,0.104,0.968,1,0.739,0.176,-0.847,0.804,1,-0.123,-1,-1,-1,-1,-1,-0.981,0.1,0.972,1,1,0.95,-0.743,-1,-0.191,1,0.842,-0.886,-1,-1,-1,-1,-0.428,0.99,1,1,0.802,-0.584,-0.972,-1,-0.959,0.848,1,0.036,-1,-1,-1,-0.862,0.488,1,1,0.861,-0.549,-1,-1,-1,-1,0.331,1,0.917,-0.801,-1,-1,-0.281,1,1,0.979,-0.484,-1,-1,-1,-1,-1,-0.387,1,1,-0.398,-1,-1,0.32,1,1,0.807,-0.855,-1,-1,-1,-1,-1,-0.929,0.781,1,0.586,-0.992,-0.943,0.85,1,1,-0.33,-1,-1,-1,-1,-1,-1,-0.993,0.663,1,0.905,-0.897,-0.932,0.86,1,0.999,-0.582,-1,-1,-1,-1,-1,-1,-0.931,0.854,1,0.96,-0.886,-0.861,0.969,1,1,-0.604,-1,-1,-1,-1,-1,-0.973,-0.35,0.948,1,0.788,-0.909,-0.936,0.862,1,1,-0.567,-1,-1,-1,-1,-0.851,0.251,0.999,1,1,0.018,-1,-1,-0.026,0.988,1,0.146,-0.937,-0.895,-0.872,-0.729,0.567,1,1,1,0.957,-0.28,-1,-1,-1,-0.016,1,1,0.771,0.852,1,1,1,1,1,0.784,-0.417,-1,-1,-1,-1,-1,-0.16,0.905,1,1,1,1,1,0.986,0.511,-0.643,-1,-1,-1,-1,-1,-1,-1,-0.767,0.224,0.977,1,1,0.606,-0.337,-1,-1,-1,-1,-1
"779",-1,-1,-1,-1,-1,-0.682,0.999,0.28,-1,-1,-1,-1,-1,-1,-1,-1,-1,-1,-1,-1,-1,-1,0.32,0.999,-0.379,-1,-1,-1,-1,-1,-1,-1,-1,-1,-1,-1,-1,-1,-0.068,1,0.812,-0.852,-1,-1,-1,-1,-1,-1,-1,-1,-1,-1,-1,-1,0.305,1,1,-0.461,-1,-1,-1,-1,-1,-1,-1,-1,-1,-1,-1,-0.897,0.86,1,1,-0.168,-1,-1,-1,-1,-1,-1,-1,-1,-1,-1,-1,-0.627,0.964,1,0.981,-0.598,-1,-1,-1,-1,-1,-1,-1,-1,-1,-1,-1,0.262,1,1,0.911,-0.864,-1,-1,-1,-1,-1,-1,-1,-1,-1,-1,-0.89,0.564,1,1,0.778,-0.952,-1,-1,-1,-1,-1,-1,-1,-1,-1,-1,-0.42,1,1,0.993,0.212,-1,-1,-1,-1,-1,-1,-1,-1,-1,-1,-1,-0.199,1,1,0.864,-0.945,-1,-1,-1,-1,-1,-1,-1,-1,-1,-1,-1,0.136,1,1,0.751,-0.919,-1,-1,-1,-1,-1,-1,-1,-1,-1,-1,-1,0.281,1,1,-0.037,-1,-1,-1,-1,-1,-1,-1,-1,-1,-1,-1,-0.998,0.595,1,0.997,-0.446,-1,-1,-0.809,-1,-1,-1,-1,-1,-1,-1,-1,-1,0.285,1,0.957,-0.235,-0.245,0.156,0.86,0.131,-1,-1,-1,-1,-1,-1,-1,-1,-0.168,0.931,1,1,1,1,0.647,-0.297,-0.998,-1,-1,-1,-1,-1,-1,-1,-1,-0.644,0.254,0.985,0.632,0.085,-0.823,-1,-1,-1,-1,-1
"780",-1,-1,-1,-1,-1,-1,-1,-1,-1,-1,-1,-1,-1,-1,-1,-1,-1,-1,-1,-1,-1,-1,-1,-1,-1,-1,-1,-1,-1,-1,-1,-1,-1,-1,-1,-1,-1,-1,-0.942,-0.545,-0.288,-0.337,-1,-1,-1,-1,-1,-1,-1,-1,-1,-1,-0.864,0.188,0.752,1,0.771,0.075,-1,-1,-1,-1,-1,-1,-1,-1,-0.986,-0.32,0.798,1,0.947,0.041,-0.817,-0.979,-0.354,-0.349,-0.77,-1,-1,-1,-1,-1,-0.079,1,0.994,0.081,-0.85,-1,-1,-0.772,0.754,1,0.827,0.192,-0.921,-1,-1,-0.314,0.903,0.766,-0.493,-0.999,-1,-1,-1,-1,-0.879,-0.58,0.249,1,0.532,-0.845,-0.814,0.925,0.897,-0.632,-1,-1,-1,-1,-1,-1,-1,-1,-0.994,0.223,1,0.147,0.257,0.997,-0.365,-1,-1,-1,-1,-1,-1,-1,-1,-1,-1,-0.92,0.835,0.638,0.831,0.778,-0.972,-1,-1,-1,-1,-1,-1,-1,-1,-1,-1,-0.935,0.742,0.733,0.36,0.971,-0.234,-1,-1,-1,-1,-1,-1,-1,-1,-0.937,-0.486,0.441,1,0.263,-0.761,0.912,0.995,0.495,-0.133,-0.229,-0.229,-0.229,-0.229,0.134,0.65,0.935,1,1,0.36,-0.912,-1,-0.591,0.802,1,1,1,1,1,1,1,1,1,0.638,0.065,-0.961,-1,-1,-1,-0.928,-0.473,0.154,0.277,0.277,0.094,-0.301,-0.301,-0.408,-0.879,-0.972,-1,-1,-1,-1,-1,-1,-1,-1,-1,-1,-1,-1,-1,-1,-1,-1,-1,-1,-1,-1,-1,-1,-1,-1,-1,-1,-1,-1,-1,-1,-1,-1,-1,-1,-1
"781",-1,-1,-1,-1,-1,-1,0.157,0.99,0.479,-0.672,-1,-1,-1,-1,-1,-1,-1,-1,-1,-1,-1,-1,0.429,1,1,0.579,-0.997,-1,-1,-1,-1,-1,-1,-1,-1,-1,-1,-0.951,0.85,1,1,0.99,-0.748,-1,-1,-1,-1,-1,-1,-1,-1,-1,-1,-0.765,0.975,1,1,0.584,-0.971,-1,-1,-1,-1,-1,-1,-1,-1,-1,-1,-0.966,0.761,1,0.441,-0.906,-1,-1,-1,-1,-1,-1,-1,-1,-1,-1,-1,-1,0.382,1,0.456,-1,-1,-1,-1,-1,-1,-1,-1,-1,-1,-1,-1,-1,0.432,1,0.566,-1,-1,-1,-1,-1,-1,-1,-1,-1,-1,-1,-1,-1,0.25,1,0.516,-1,-1,-1,-1,-1,-1,-1,-1,-1,-1,-1,-1,-1,0.068,1,0.919,-0.888,-1,-1,-1,-1,-1,-1,-1,-1,-1,-1,-1,-1,-0.114,1,1,-0.439,-1,-1,-1,-1,-1,-1,-1,-1,-1,-1,-1,-1,0.008,1,0.997,-0.559,-1,-1,-1,-1,-1,-1,-1,-1,-1,-1,-1,-1,-0.029,1,0.978,-0.734,-1,-1,-1,-1,-1,-1,-1,-1,-1,-1,-1,-1,0.296,1,0.979,-0.785,-1,-1,-1,-1,-1,-1,-1,-1,-1,-1,-1,-1,0.288,1,1,-0.393,-1,-1,-1,-1,-1,-1,-1,-1,-1,-1,-1,-1,0.324,1,1,-0.457,-1,-1,-1,-1,-1,-1,-1,-1,-1,-1,-1,-1,-0.832,0.152,0.938,-0.884,-1,-1,-1,-1,-1,-1
"782",-1,-1,-1,-1,-1,-1,-1,-1,-1,-1,-1,-1,-1,-1,-1,-1,-1,-1,-1,-1,-1,-0.995,-0.521,-0.032,-0.032,-0.032,-0.291,-0.906,-1,-1,-1,-1,-1,-1,-1,-0.848,-0.148,0.53,1,1,1,1,1,0.714,-0.437,-1,-1,-1,-1,-1,-0.111,0.874,1,1,1,1,1,0.599,0.472,1,0.917,-0.78,-1,-1,-1,-0.688,0.837,1,1,0.469,-0.544,-0.383,-0.204,-0.934,-0.988,0.111,1,0.328,-0.928,-1,-0.97,0.536,1,0.932,-0.342,-0.963,-1,-1,-1,-1,-1,-0.915,0.548,1,-0.225,-1,-0.535,1,1,0.299,-1,-1,-1,-1,-1,-1,-1,-1,-0.66,0.801,0.839,-0.975,0.363,1,0.904,-0.763,-1,-1,-1,-1,-1,-1,-1,-1,-1,0.428,1,-0.566,0.916,1,0.386,-1,-1,-1,-1,-1,-1,-1,-1,-1,-1,-0.46,1,0.782,0.749,1,0.421,-0.984,-1,-1,-1,-1,-1,-1,-1,-1,-1,0.035,1,0.806,0.237,1,1,-0.389,-1,-1,-1,-1,-1,-1,-1,-1,-0.76,0.721,0.995,-0.548,-0.816,0.678,1,0.934,0.234,-0.666,-0.925,-0.925,-0.981,-0.977,-0.753,0.19,0.754,1,0.535,-0.986,-1,-0.499,0.87,1,1,1,1,1,0.531,0.54,1,1,1,0.388,-0.745,-1,-1,-1,-0.903,0.276,0.785,1,1,1,1,1,1,0.668,0.061,-0.935,-1,-1,-1,-1,-1,-1,-0.869,-0.443,-0.032,-0.032,-0.032,-0.032,-0.312,-0.923,-1,-1,-1,-1,-1,-1,-1,-1,-1,-1,-1,-1,-1,-1,-1,-1,-1,-1,-1,-1
"783",-1,-1,-1,-1,-1,-1,-0.826,0.712,-0.083,-1,-1,-1,-1,-1,-1,-1,-1,-1,-1,-1,-1,-0.96,0.613,1,0.977,-0.469,-1,-1,-1,-1,-1,-1,-1,-1,-1,-1,-1,-0.991,0.125,1,1,-0.302,-1,-1,-1,-1,-1,-1,-1,-1,-1,-1,-1,-1,-0.846,0.77,1,-0.199,-1,-1,-1,-1,-1,-1,-1,-1,-1,-1,-1,-1,-1,0.561,1,0.579,-1,-1,-1,-1,-1,-1,-1,-1,-1,-1,-1,-1,-0.928,0.698,1,0.751,-1,-1,-1,-1,-1,-1,-1,-1,-1,-1,-1,-1,-0.9,1,1,0.854,-1,-1,-1,-1,-1,-1,-1,-1,-1,-1,-1,-1,-0.989,0.986,1,0.956,-1,-1,-1,-1,-1,-1,-1,-1,-1,-1,-1,-1,-1,0.894,1,0.956,-0.948,-1,-1,-1,-1,-1,-1,-1,-1,-1,-1,-1,-1,0.791,1,0.418,-1,-1,-1,-1,-1,-1,-1,-1,-1,-1,-1,-1,-0.59,0.988,1,0.088,-1,-1,-1,-1,-1,-1,-1,-1,-1,-1,-1,-1,-0.671,1,1,-0.12,-1,-1,-1,-1,-1,-1,-1,-1,-1,-1,-1,-1,-0.237,1,1,-0.017,-1,-1,-1,-1,-1,-1,-1,-1,-1,-1,-1,-1,-0.132,1,1,-0.641,-1,-1,-1,-1,-1,-1,-1,-1,-1,-1,-1,-1,-0.235,1,1,-0.556,-1,-1,-1,-1,-1,-1,-1,-1,-1,-1,-1,-1,-0.821,0.375,0.586,-0.87,-1,-1,-1,-1,-1,-1
"784",-1,-1,-1,-1,-1,-1,-0.895,0.298,0.912,-0.592,-1,-1,-1,-1,-1,-1,-1,-1,-1,-1,-1,-1,-0.317,1,1,0.692,-1,-1,-1,-1,-1,-1,-1,-1,-1,-1,-1,-0.999,0.76,1,1,0.661,-0.974,-1,-1,-1,-1,-1,-1,-1,-1,-1,-1,-0.9,0.985,1,1,0.995,-0.875,-1,-1,-1,-1,-1,-1,-1,-1,-1,-1,-0.853,0.826,1,1,0.828,-0.995,-1,-1,-1,-1,-1,-1,-1,-1,-1,-1,-1,0.635,1,1,0.539,-1,-1,-1,-1,-1,-1,-1,-1,-1,-1,-1,-1,0.301,1,1,0.263,-1,-1,-1,-1,-1,-1,-1,-1,-1,-1,-1,-1,0.606,1,1,-0.043,-1,-1,-1,-1,-1,-1,-1,-1,-1,-1,-1,-0.998,0.874,1,1,0.34,-1,-1,-1,-1,-1,-1,-1,-1,-1,-1,-1,-0.961,0.68,1,1,0.329,-1,-1,-1,-1,-1,-1,-1,-1,-1,-1,-1,-1,0.637,1,1,0.872,-0.851,-1,-1,-1,-1,-1,-1,-1,-1,-1,-1,-0.571,0.922,1,1,1,-0.641,-1,-1,-1,-1,-1,-1,-1,-1,-1,-1,-0.63,0.869,1,1,1,-0.193,-1,-1,-1,-1,-1,-1,-1,-1,-1,-1,-1,-0.036,1,1,0.717,-0.907,-1,-1,-1,-1,-1,-1,-1,-1,-1,-1,-1,-0.031,1,1,0.216,-1,-1,-1,-1,-1,-1,-1,-1,-1,-1,-1,-1,-0.681,0.952,0.753,-0.774,-1,-1,-1,-1,-1,-1
"785",-1,-1,-1,-1,-1,-1,-0.574,0.726,0.931,-0.667,-1,-1,-1,-1,-1,-1,-1,-1,-1,-1,-1,-0.993,0.626,1,1,-0.046,-1,-1,-1,-1,-1,-1,-1,-1,-1,-1,-1,-0.988,0.731,1,1,0.281,-1,-1,-1,-1,-1,-1,-1,-1,-1,-1,-1,-1,0.381,1,1,0.643,-1,-1,-1,-1,-1,-1,-1,-1,-1,-1,-1,-1,0.335,1,1,0.137,-1,-1,-1,-1,-1,-1,-1,-1,-1,-1,-1,-1,0.301,1,1,0.248,-1,-1,-1,-1,-1,-1,-1,-1,-1,-1,-1,-1,-0.073,1,1,0.317,-1,-1,-1,-1,-1,-1,-1,-1,-1,-1,-1,-1,0.22,1,1,0.024,-1,-1,-1,-1,-1,-1,-1,-1,-1,-1,-1,-1,0.159,1,1,0.409,-1,-1,-1,-1,-1,-1,-1,-1,-1,-1,-1,-1,0.299,1,1,0.42,-1,-1,-1,-1,-1,-1,-1,-1,-1,-1,-1,-1,0.231,1,1,0.489,-1,-1,-1,-1,-1,-1,-1,-1,-1,-1,-1,-1,0.425,1,1,0.795,-0.967,-1,-1,-1,-1,-1,-1,-1,-1,-1,-1,-1,0.626,1,1,0.963,-0.784,-1,-1,-1,-1,-1,-1,-1,-1,-1,-1,-0.975,0.81,1,1,1,-0.459,-1,-1,-1,-1,-1,-1,-1,-1,-1,-1,-0.538,0.998,1,1,0.822,-0.83,-1,-1,-1,-1,-1,-1,-1,-1,-1,-1,-0.759,0.567,1,0.302,-0.743,-1,-1,-1,-1,-1,-1
"786",-1,-1,-1,-1,-1,-0.584,0.176,0.996,-0.157,-0.899,-1,-1,-1,-1,-1,-1,-1,-1,-1,-1,-0.594,0.923,1,1,0.766,0.665,-0.897,-1,-1,-1,-1,-1,-1,-1,-1,-0.982,0.556,1,1,1,0.316,0.469,0.541,-0.721,-1,-1,-1,-1,-1,-1,-1,-0.085,0.996,1,1,0.971,-0.369,-0.983,0.408,0.913,-0.785,-1,-1,-1,-1,-1,-0.902,0.87,1,1,0.743,0.171,-1,-1,-0.418,0.889,0.805,-0.578,-1,-1,-1,-1,-0.408,0.966,1,1,-0.312,-1,-1,-1,-1,0.097,1,0.786,-0.858,-1,-1,-1,0.054,1,1,0.77,-0.859,-1,-1,-1,-1,-0.622,1,1,-0.189,-1,-1,-0.971,0.708,1,1,-0.192,-1,-1,-1,-1,-1,-1,0.658,1,0.344,-1,-1,-0.883,0.882,1,0.904,-0.662,-1,-1,-1,-1,-1,-1,0.617,1,0.385,-1,-1,0.056,1,1,0.758,-0.965,-1,-1,-1,-1,-1,-0.603,0.95,1,-0.111,-1,-1,0.389,1,1,0.53,-1,-1,-1,-1,-1,-0.761,0.586,1,1,-0.443,-1,-1,-0.004,1,1,0.268,-1,-1,-1,-1,-0.896,0.665,1,1,0.819,-0.805,-1,-1,-0.718,0.995,1,0.764,-0.936,-0.946,-0.204,-0.081,0.299,1,1,0.992,-0.245,-1,-1,-1,-1,0.417,1,1,1,1,1,1,1,1,0.963,-0.068,-1,-1,-1,-1,-1,-0.936,0.03,0.991,1,1,1,1,1,0.697,-0.286,-1,-1,-1,-1,-1,-1,-1,-1,-0.421,0.448,1,0.452,0.135,-0.033,-0.847,-1,-1,-1,-1,-1
"787",-1,-1,-1,-1,-1,0.242,0.723,-0.521,0.135,0.289,-0.248,-1,-1,-1,-1,-1,-1,-1,-1,-1,-0.995,0.533,1,0.952,1,1,0.995,0.429,-0.942,-1,-1,-1,-1,-1,-1,-1,-0.737,0.935,1,1,1,1,1,1,-0.139,-1,-1,-1,-1,-1,-1,-0.989,0.4,1,1,1,0.985,-0.003,0.186,1,0.812,-0.919,-1,-1,-1,-1,-1,-0.611,0.982,1,1,1,0.558,-0.989,-0.843,0.897,1,-0.077,-1,-1,-1,-1,-1,0.362,1,1,1,0.802,-0.92,-1,-1,0.023,1,0.847,-0.893,-1,-1,-1,-0.634,0.972,1,1,1,-0.094,-1,-1,-1,-0.329,1,0.982,-0.675,-1,-1,-1,0.298,1,1,1,0.932,-0.859,-1,-1,-1,-0.57,1,1,-0.073,-1,-1,-0.685,0.942,1,0.94,0.778,0.284,-0.952,-1,-1,-1,-0.606,1,1,0.216,-1,-1,-0.32,1,1,0.183,-1,-1,-1,-1,-1,-1,-0.404,1,1,-0.049,-1,-1,0.245,1,0.951,-0.744,-1,-1,-1,-1,-1,-0.996,0.567,1,1,-0.171,-1,-1,0.32,1,0.824,-0.914,-1,-1,-1,-1,-1,-0.242,0.994,1,1,-0.278,-1,-1,-0.492,0.922,0.936,-0.642,-1,-1,-1,-0.677,0.281,0.957,1,1,0.953,-0.653,-1,-1,-1,-0.255,0.99,0.916,0.689,0.689,0.689,0.911,1,1,1,1,0.339,-1,-1,-1,-1,-1,-0.353,0.745,1,1,1,1,1,1,0.919,0.317,-0.805,-1,-1,-1,-1,-1,-1,-1,-0.191,0.391,1,1,0.534,-0.008,-0.721,-1,-1,-1,-1
"788",-1,-1,-1,-1,-1,-1,-1,-1,-1,-0.658,0.89,-0.885,-1,-1,-1,-1,-1,-1,-1,-1,-1,-1,-1,-1,-1,-0.39,0.986,-0.823,-1,-1,-1,-1,-1,-1,-1,-1,0.284,-0.222,-1,-1,-1,-0.302,0.995,-0.493,-1,-1,-1,-1,-1,-1,-1,-1,0.382,0.969,-0.867,-1,-1,0.107,0.975,-0.882,-1,-1,-1,-1,-1,-1,-1,-1,0.435,0.984,-0.828,-1,-1,0.302,1,-0.711,-1,-1,-1,-1,-1,-1,-1,-1,0.203,1,-0.47,-1,-1,0.568,0.985,-0.678,-1,-1,-1,-1,-1,-1,-1,-1,0.434,1,-0.009,-0.333,-0.327,0.901,0.969,-0.643,-1,-1,-1,-1,-1,-1,-1,-1,0.7,1,1,1,1,1,1,0.879,-0.97,-1,-1,-1,-1,-1,-1,-0.97,0.758,1,0.207,0.067,0.629,1,0.397,-0.638,-1,-1,-1,-1,-1,-1,-1,-1,-0.607,-0.194,-0.99,-0.984,0.54,1,-0.219,-1,-1,-1,-1,-1,-1,-1,-1,-1,-1,-1,-1,-0.953,0.918,1,-0.485,-1,-1,-1,-1,-1,-1,-1,-1,-1,-1,-1,-1,-0.691,0.993,0.889,-0.924,-1,-1,-1,-1,-1,-1,-1,-1,-1,-1,-1,-1,-0.432,1,0.272,-1,-1,-1,-1,-1,-1,-1,-1,-1,-1,-1,-1,-1,0.118,1,-0.136,-1,-1,-1,-1,-1,-1,-1,-1,-1,-1,-1,-1,-1,0.349,0.985,-0.565,-1,-1,-1,-1,-1,-1,-1,-1,-1,-1,-1,-1,-1,-0.266,0.855,-0.959,-1,-1,-1,-1,-1,-1
"789",-1,-1,-1,-1,-0.674,0.877,0.999,-0.205,-0.674,0,0,-0.827,-1,-1,-1,-1,-1,-1,-1,-0.777,0.774,1,1,1,1,1,1,0.725,-0.723,-1,-1,-1,-1,-1,-0.88,0.671,1,1,1,1,1,1,1,1,1,0.208,-1,-1,-1,-0.983,0.567,1,1,1,1,1,0.983,0.001,0.018,0.999,1,0.914,-0.999,-1,-1,-1,0.878,1,1,1,1,1,-0.378,-1,-1,0.878,1,1,0.121,-1,-1,0.171,1,1,0.69,-0.861,-0.638,-0.361,-1,-1,-1,0.172,1,1,0.328,-1,-0.794,0.758,1,1,0.035,-1,-1,-1,-1,-1,-1,-0.535,1,1,0.535,-1,-0.742,1,1,0.742,-1,-1,-1,-1,-1,-1,-1,-0.741,1,1,1,-0.259,-0.449,1,1,-0.051,-1,-1,-1,-1,-1,-1,-1,-0.942,0.994,1,1,-0.052,-0.155,1,1,0.552,-0.897,-1,-1,-1,-1,-1,-1,-1,-0.155,1,1,-0.845,-0.655,0.793,1,1,-0.138,-1,-1,-1,-1,-1,-1,-0.706,0.345,1,0.361,-1,-1,-0.069,1,1,1,0.758,-0.69,-1,-1,-1,-0.81,0.742,1,0.568,-1,-1,-1,-1,-0.275,1,1,1,0.862,0,0,0,0.639,1,0.913,-0.639,-1,-1,-1,-1,-1,-0.464,0.982,1,1,1,1,1,1,1,0.481,-1,-1,-1,-1,-1,-1,-1,-0.568,0.88,1,1,1,1,1,0.619,-0.932,-1,-1,-1,-1,-1,-1,-1,-1,-1,-0.172,0,0,0.776,0.223,-0.829,-1,-1,-1,-1
"790",-1,-1,-1,-1,-1,-1,-0.694,0.853,-0.331,-1,-1,-1,-1,-1,-1,-1,-1,-1,-1,-1,-1,-1,-0.104,1,0.79,-0.754,-1,-1,-1,-1,-1,-1,-1,-1,-1,-1,-1,-1,0.234,1,1,-0.321,-1,-1,-1,-1,-1,-1,-1,-1,-1,-1,-1,-1,-0.011,1,1,-0.776,-1,-1,-1,-1,-1,-1,-1,-1,-1,-1,-1,-1,-0.187,1,1,-0.414,-1,-1,-1,-1,-1,-1,-1,-1,-1,-1,-1,-1,0.082,1,1,-0.028,-1,-1,-1,-1,-1,-1,-1,-1,-1,-1,-1,-1,-0.304,1,1,0.288,-1,-1,-1,-1,-1,-1,-1,-1,-1,-1,-1,-1,-0.129,1,1,-0.121,-1,-1,-1,-1,-1,-1,-1,-1,-1,-1,-1,-1,0.092,1,1,-0.412,-1,-1,-1,-1,-1,-1,-1,-1,-1,-1,-1,-1,0.267,1,1,0.535,-1,-1,-1,-1,-1,-1,-1,-1,-1,-1,-1,-1,-0.119,1,1,-0.365,-1,-1,-1,-1,-1,-1,-1,-1,-1,-1,-1,-1,0.15,1,1,-0.306,-1,-1,-1,-1,-1,-1,-1,-1,-1,-1,-1,-1,0.372,1,1,-0.692,-1,-1,-1,-1,-1,-1,-1,-1,-1,-1,-1,-1,0.453,1,1,-0.399,-1,-1,-1,-1,-1,-1,-1,-1,-1,-1,-1,-1,0.067,1,1,-0.645,-1,-1,-1,-1,-1,-1,-1,-1,-1,-1,-1,-1,-0.886,0.444,0.339,-0.954,-1,-1,-1,-1,-1,-1
"791",-1,-1,-1,-1,-1,-0.028,0.532,0.237,-0.497,-1,-1,-1,-1,-1,-1,-1,-1,-1,-1,-1,-1,-0.886,0.61,1,1,0.353,-0.93,-1,-1,-1,-1,-1,-1,-1,-1,-1,-1,-1,-0.885,-0.197,0.852,1,0.288,-1,-1,-1,-1,-1,-1,-1,-1,-1,-1,-0.32,0.828,0.618,-0.324,0.985,0.995,-0.677,-1,-1,-1,-1,-1,-1,-1,-1,-0.774,0.849,1,1,0.745,0.457,1,0.403,-0.945,-1,-1,-1,-1,-1,-1,-0.978,0.779,1,1,1,0.123,-0.373,1,1,-0.294,-1,-1,-1,-1,-1,-1,-0.523,0.963,1,0.954,-0.465,-0.927,-0.937,0.861,1,0.12,-1,-1,-1,-1,-1,-1,0.006,1,1,0.271,-1,-1,-0.982,0.746,1,0.57,-1,-1,-1,-1,-1,-0.95,0.848,1,0.978,-0.781,-1,-1,-1,0.423,1,0.679,-0.95,-1,-1,-1,-1,-0.991,0.73,1,0.89,-0.897,-1,-1,-0.899,0.816,1,0.236,-1,-1,-1,-1,-1,-0.958,0.827,1,0.464,-1,-1,-1,-0.816,0.971,1,-0.04,-1,-1,-1,-1,-1,-1,0.274,1,0.854,-0.941,-1,-1,-0.335,0.911,1,0.192,-1,-1,-1,-1,-1,-1,-0.538,1,0.946,-0.474,-0.999,-0.823,0.836,1,0.996,-0.298,-1,-1,-1,-1,-1,-1,-0.998,0.429,1,1,0.392,0.593,1,1,0.596,-0.972,-1,-1,-1,-1,-1,-1,-1,-0.863,0.429,1,1,1,1,0.654,-0.611,-1,-1,-1,-1,-1,-1,-1,-1,-1,-0.987,-0.132,0.405,1,0.47,-0.517,-1,-1,-1,-1,-1
"792",-1,-1,-1,-1,-0.984,-0.588,0.111,0.935,0.38,-0.819,-1,-1,-1,-1,-1,-1,-1,-1,-1,-0.864,-0.12,1,1,1,1,0.893,-0.354,-1,-1,-1,-1,-1,-1,-1,-0.936,0.408,1,1,1,1,1,1,0.923,-0.495,-1,-1,-1,-1,-1,-1,-0.555,1,1,1,1,1,1,1,1,0.723,-0.7,-1,-1,-1,-1,-0.954,0.669,1,1,0.396,-1,-1,-0.737,0.922,1,1,0.848,-0.638,-1,-1,-1,-0.509,1,1,1,-0.38,-1,-1,-1,-0.41,1,1,1,0.409,-1,-1,-1,-0.029,1,1,1,-0.86,-1,-1,-1,-0.922,0.708,1,1,0.916,-0.999,-1,-1,-0.241,1,1,1,-0.648,-1,-1,-1,-1,-0.018,1,1,1,-0.081,-1,-1,-0.452,1,1,1,-0.437,-1,-1,-1,-1,-0.23,1,1,1,-0.659,-1,-1,-0.664,1,1,0.948,-0.765,-1,-1,-1,-1,-0.441,1,1,0.799,-0.839,-1,-1,-0.184,1,1,1,-0.902,-1,-1,-1,-1,-0.653,1,1,0.875,-1,-1,-1,-0.529,0.935,1,1,-0.295,-1,-1,-1,-0.274,0.78,1,1,-0.099,-1,-1,-1,-1,0.602,1,1,0.712,0.111,0.111,0.301,1,1,1,0.723,-0.795,-1,-1,-1,-1,-0.399,1,1,1,1,1,1,1,1,1,-0.243,-1,-1,-1,-1,-1,-0.895,0.296,1,1,1,1,1,1,0.894,-0.339,-0.957,-1,-1,-1,-1,-1,-1,-0.945,-0.486,0.46,1,1,1,0.252,-0.801,-1,-1,-1,-1,-1
"793",-1,-1,-1,-1,-1,-1,-0.521,0.717,-0.629,-1,-1,-1,-1,-1,-1,-1,-1,-1,-1,-1,-1,-1,-0.829,0.962,0.423,-1,-1,-1,-1,-1,-1,-1,-1,-1,-1,-1,-1,-1,-0.999,0.735,0.902,-0.984,-1,-1,-1,-1,-1,-1,-1,-1,-1,-1,-1,-1,-1,0.586,1,-0.636,-1,-1,-1,-1,-1,-1,-1,-1,-1,-1,-1,-1,-1,0.733,1,-0.585,-1,-1,-1,-1,-1,-1,-1,-1,-1,-1,-1,-1,-0.987,0.867,1,-0.534,-1,-1,-1,-1,-1,-1,-1,-1,-1,-1,-1,-1,-0.919,0.946,0.99,-0.818,-1,-1,-1,-1,-1,-1,-1,-1,-1,-1,-1,-1,-0.822,0.995,0.801,-0.974,-1,-1,-1,-1,-1,-1,-1,-1,-1,-1,-1,-1,-0.68,1,0.908,-0.981,-1,-1,-1,-1,-1,-1,-1,-1,-1,-1,-1,-1,-0.632,1,0.86,-0.981,-1,-1,-1,-1,-1,-1,-1,-1,-1,-1,-1,-1,-0.535,1,0.584,-1,-1,-1,-1,-1,-1,-1,-1,-1,-1,-1,-1,-1,-0.873,0.991,0.536,-1,-1,-1,-1,-1,-1,-1,-1,-1,-1,-1,-1,-1,-0.922,0.891,0.587,-1,-1,-1,-1,-1,-1,-1,-1,-1,-1,-1,-1,-1,-1,0.72,0.637,-0.999,-1,-1,-1,-1,-1,-1,-1,-1,-1,-1,-1,-1,-1,0.422,0.442,-1,-1,-1,-1,-1,-1,-1,-1,-1,-1,-1,-1,-1,-1,-0.024,0.295,-1,-1,-1,-1,-1,-1,-1
"794",-1,-1,-1,-1,-1,-1,-0.911,0.114,0.955,0.955,0.844,-0.144,-0.967,-1,-1,-1,-1,-1,-1,-1,-0.99,-0.579,0.744,1,1,1,1,1,0.419,-0.651,-1,-1,-1,-1,-1,-0.229,0.415,1,1,1,1,1,1,1,1,0.777,-0.873,-1,-1,-1,-0.532,0.934,1,1,1,1,1,0.396,0.398,1,1,1,-0.086,-1,-1,-0.267,0.823,1,1,1,0.464,0.162,0.162,-0.895,-0.978,0.348,1,1,0.49,-0.982,-0.897,0.656,1,1,1,0.318,-0.973,-1,-1,-1,-1,-0.656,0.97,1,1,-0.482,-0.267,1,1,1,0.341,-0.996,-1,-1,-1,-1,-1,-1,0.397,1,1,0.528,0.708,1,1,0.841,-0.84,-1,-1,-1,-1,-1,-1,-1,0.38,1,1,0.291,0.979,1,1,0.315,-1,-1,-1,-1,-1,-1,-1,-1,0.362,1,1,0.02,0.961,1,1,0.906,-0.788,-1,-1,-1,-1,-1,-1,-1,0.344,1,1,0.038,0.078,1,1,1,0.532,-0.888,-1,-1,-1,-1,-1,-1,0.327,1,1,0.055,-0.528,0.898,1,1,1,0.967,0.049,-0.802,-1,-1,-1,-0.859,0.396,1,1,0.603,-1,-0.437,1,1,1,1,1,0.863,0.339,0.339,0.339,0.709,1,1,1,0.392,-1,-0.939,0.092,0.85,1,1,1,1,1,1,1,1,1,1,0.786,-0.643,-1,-1,-1,-0.504,0.22,0.937,1,1,1,1,1,1,1,0.799,-0.623,-1,-1,-1,-1,-1,-1,-0.879,-0.785,0.044,0.044,0.044,0.861,0.058,-0.107,-0.902,-1,-1
"795",-1,-1,-1,-1,-1,-1,-0.823,0.881,-0.12,-1,-1,-1,-1,-1,-1,-1,-1,-1,-1,-1,-1,-1,-0.695,0.998,1,-0.732,-1,-1,-1,-1,-1,-1,-1,-1,-1,-1,-1,-1,-0.7,1,1,-0.321,-1,-1,-1,-1,-1,-1,-1,-1,-1,-1,-1,-1,-0.773,0.989,1,-0.4,-1,-1,-1,-1,-1,-1,-1,-1,-1,-1,-1,-1,-0.46,1,1,0.011,-1,-1,-1,-1,-1,-1,-1,-1,-1,-1,-1,-1,-0.381,1,1,-0.068,-1,-1,-1,-1,-1,-1,-1,-1,-1,-1,-1,-1,-0.302,1,1,-0.31,-1,-1,-1,-1,-1,-1,-1,-1,-1,-1,-1,-1,-0.223,1,1,-0.063,-1,-1,-1,-1,-1,-1,-1,-1,-1,-1,-1,-1,-0.063,1,1,-0.305,-1,-1,-1,-1,-1,-1,-1,-1,-1,-1,-1,-1,-0.31,1,0.984,-0.694,-1,-1,-1,-1,-1,-1,-1,-1,-1,-1,-1,-1,0.095,1,0.971,-0.842,-1,-1,-1,-1,-1,-1,-1,-1,-1,-1,-1,-1,0.011,1,0.996,-0.782,-1,-1,-1,-1,-1,-1,-1,-1,-1,-1,-1,-1,-0.073,1,0.989,-0.773,-1,-1,-1,-1,-1,-1,-1,-1,-1,-1,-1,-1,-0.321,1,1,-0.536,-1,-1,-1,-1,-1,-1,-1,-1,-1,-1,-1,-1,-0.732,1,1,0.038,-1,-1,-1,-1,-1,-1,-1,-1,-1,-1,-1,-1,-1,-0.305,0.739,-0.578,-1,-1,-1,-1,-1,-1
"796",-1,-1,-1,-1,-1,-1,-1,0.172,-0.008,-1,-1,-1,-1,-1,-1,-1,-1,-1,-1,-1,-1,-1,-1,0.71,0.749,-0.996,-1,-1,-1,-1,-1,-1,-1,-1,-1,-1,-1,-1,-1,0.715,0.867,-0.969,-1,-1,-1,-1,-1,-1,-1,-1,-1,-1,-1,-1,-0.995,0.781,0.939,-0.913,-1,-1,-1,-1,-1,-1,-1,-1,-1,-1,-1,-1,-0.964,0.855,0.969,-0.865,-1,-1,-1,-1,-1,-1,-1,-1,-1,-1,-1,-1,-0.771,1,0.882,-0.982,-1,-1,-1,-1,-1,-1,-1,-1,-1,-1,-1,-1,-0.864,0.982,0.861,-0.982,-1,-1,-1,-1,-1,-1,-1,-1,-1,-1,-1,-1,-0.645,1,0.868,-0.961,-1,-1,-1,-1,-1,-1,-1,-1,-1,-1,-1,-1,-0.64,1,0.873,-0.971,-1,-1,-1,-1,-1,-1,-1,-1,-1,-1,-1,-1,-0.767,0.999,0.877,-0.979,-1,-1,-1,-1,-1,-1,-1,-1,-1,-1,-1,-1,-0.875,0.979,0.996,-0.754,-1,-1,-1,-1,-1,-1,-1,-1,-1,-1,-1,-1,-0.955,0.93,0.993,-0.79,-1,-1,-1,-1,-1,-1,-1,-1,-1,-1,-1,-1,-0.994,0.841,1,-0.718,-1,-1,-1,-1,-1,-1,-1,-1,-1,-1,-1,-1,-0.97,0.855,0.794,-0.949,-1,-1,-1,-1,-1,-1,-1,-1,-1,-1,-1,-1,-0.76,1,0.949,-0.926,-1,-1,-1,-1,-1,-1,-1,-1,-1,-1,-1,-1,-0.98,0.425,0.475,-0.99,-1,-1,-1,-1,-1,-1
"797",-1,-1,-1,-1,-0.996,0.796,0.451,-0.829,-1,-1,-1,-1,-1,-1,-1,-1,-1,-1,-1,-1,-1,0.501,1,0.703,-0.771,-1,-1,-1,-1,-1,-1,-1,-1,-1,-1,-1,-1,-0.945,-0.541,0.893,0.831,-0.454,-0.991,-1,-1,-1,-1,-1,-1,-1,-1,-1,-1,-0.919,0.106,0.914,1,1,0.336,-0.882,-1,-1,-1,-1,-1,-1,-1,-1,-0.652,0.719,1,0.907,0.496,0.783,0.888,0.596,-0.845,-1,-1,-1,-1,-1,-1,-0.943,0.618,1,0.717,-0.775,-1,-0.974,-0.485,0.956,0.278,-1,-1,-1,-1,-1,-0.972,0.307,1,0.803,-0.757,-1,-1,-1,-1,-0.083,0.976,-0.419,-1,-1,-1,-1,-0.109,1,1,-0.405,-1,-1,-1,-1,-1,-0.974,0.574,0.639,-1,-1,-1,-0.785,0.944,0.997,-0.062,-1,-1,-1,-1,-1,-1,-1,-0.47,0.998,-0.498,-1,-1,-0.147,1,0.707,-0.962,-1,-1,-1,-1,-1,-1,-1,-0.664,1,0.243,-1,-1,0.024,1,0.299,-1,-1,-1,-1,-1,-1,-1,-1,-0.624,1,0.255,-1,-1,0.248,1,-0.081,-1,-1,-1,-1,-1,-1,-1,-1,-0.139,1,0.11,-1,-1,-0.274,1,-0.069,-1,-1,-1,-1,-1,-1,-0.961,-0.235,0.913,0.949,-0.612,-1,-1,-0.856,0.944,0.806,-0.207,-0.88,-1,-1,-0.941,-0.58,0.44,1,0.979,-0.171,-1,-1,-1,-1,-0.479,0.844,1,0.999,0.661,0.657,0.821,1,1,0.526,-0.594,-1,-1,-1,-1,-1,-1,-0.924,0.046,0.705,1,1,0.824,0.505,-0.164,-0.983,-1,-1,-1,-1
"798",-1,-1,-1,-1,-1,-1,-1,-0.119,0.779,-0.961,-1,-1,-1,-1,-1,-1,-1,-1,-1,-1,-1,-1,-0.612,0.886,0.995,-0.596,-1,-1,-1,-1,-1,-1,-1,-1,-1,-1,-1,-1,0.096,1,1,-0.316,-1,-1,-1,-1,-1,-1,-1,-1,-1,-1,-1,-1,0.416,1,0.986,-0.726,-1,-1,-1,-1,-1,-1,-1,-1,-1,-1,-1,-1,0.511,1,1,-0.558,-1,-1,-1,-1,-1,-1,-1,-1,-1,-1,-1,-1,0.277,1,0.995,-0.63,-1,-1,-1,-1,-1,-1,-1,-1,-1,-1,-1,-1,0.199,1,1,-0.488,-1,-1,-1,-1,-1,-1,-1,-1,-1,-1,-1,-1,0.277,1,1,-0.324,-1,-1,-1,-1,-1,-1,-1,-1,-1,-1,-1,-0.934,0.843,1,0.99,-0.669,-1,-1,-1,-1,-1,-1,-1,-1,-1,-1,-1,-0.982,0.726,1,0.973,-0.764,-1,-1,-1,-1,-1,-1,-1,-1,-1,-1,-1,-0.958,0.832,1,0.943,-0.863,-1,-1,-1,-1,-1,-1,-1,-1,-1,-1,-1,-0.918,0.869,1,0.894,-0.893,-1,-1,-1,-1,-1,-1,-1,-1,-1,-1,-1,-0.863,0.893,1,0.837,-0.913,-1,-1,-1,-1,-1,-1,-1,-1,-1,-1,-1,-0.828,0.936,1,0.991,-0.349,-1,-1,-1,-1,-1,-1,-1,-1,-1,-1,-1,-0.949,0.684,1,1,0.957,-0.87,-1,-1,-1,-1,-1,-1,-1,-1,-1,-1,-1,-0.543,0.763,1,0.66,-0.825,-1,-1,-1,-1,-1
"799",-1,-1,-1,-0.73,0.951,1,1,1,0.545,-0.694,-1,-1,-1,-1,-1,-1,-1,-1,-1,0.181,1,1,1,1,1,0.905,0.277,-0.746,-1,-1,-1,-1,-1,-1,-0.068,0.899,1,1,1,1,1,1,1,0.853,-0.426,-1,-1,-1,-1,-1,0.198,1,1,1,0.337,-0.778,-0.778,-0.774,0.277,1,0.91,-0.479,-1,-1,-1,-0.773,0.929,1,1,1,0.957,-0.201,-0.951,-1,-0.957,0.25,1,0.673,-0.633,-1,-1,-0.082,1,1,1,0.225,0.787,1,0.519,-0.92,-1,-0.925,0.807,1,0.451,-1,-1,0.186,1,1,1,-0.383,-0.819,0.15,0.333,-0.505,-1,-1,-0.135,1,0.756,-0.979,-0.769,0.913,1,1,0.768,-0.913,-1,-1,-1,-1,-1,-1,-0.735,0.979,1,-0.405,-0.662,0.976,1,1,0.291,-1,-1,-1,-1,-1,-1,-1,-0.662,0.976,0.976,-0.747,-0.32,1,1,1,-0.075,-1,-1,-1,-1,-1,-1,-1,0.273,1,0.86,-0.8,-0.634,0.988,1,1,-0.046,-1,-1,-1,-1,-1,-0.846,-0.248,0.919,1,0.101,-1,-0.453,0.977,1,1,-0.018,-1,-0.826,-0.111,-0.111,0.164,0.804,1,1,1,-0.068,-1,-0.818,0.918,1,1,0.435,0.111,0.874,1,1,1,1,1,0.94,0.045,-1,-1,-1,-0.461,0.952,1,1,1,1,1,1,1,1,0.946,-0.302,-1,-1,-1,-1,-1,-0.497,0.687,1,1,1,1,1,1,0.423,-0.323,-0.996,-1,-1,-1,-1,-1,-1,-0.907,-0.038,0.354,0.994,0.169,0.104,-0.722,-0.945,-1,-1,-1,-1,-1
"800",-1,-1,-1,-1,-1,-1,-0.881,0.319,0.777,-0.439,-1,-1,-1,-1,-1,-1,-1,-1,-1,-1,-1,-1,-0.745,0.971,1,0.108,-1,-1,-1,-1,-1,-1,-1,-1,-1,-1,-1,-1,0.107,1,1,-0.33,-1,-1,-1,-1,-1,-1,-1,-1,-1,-1,-1,-1,0.101,1,1,-0.545,-1,-1,-1,-1,-1,-1,-1,-1,-1,-1,-1,-1,-0.351,1,1,-0.316,-1,-1,-1,-1,-1,-1,-1,-1,-1,-1,-1,-1,-0.358,1,1,-0.309,-1,-1,-1,-1,-1,-1,-1,-1,-1,-1,-1,-1,-0.365,1,1,-0.08,-1,-1,-1,-1,-1,-1,-1,-1,-1,-1,-1,-1,-0.594,1,1,-0.073,-1,-1,-1,-1,-1,-1,-1,-1,-1,-1,-1,-1,-0.157,1,1,-0.066,-1,-1,-1,-1,-1,-1,-1,-1,-1,-1,-1,-1,-0.164,1,1,-0.059,-1,-1,-1,-1,-1,-1,-1,-1,-1,-1,-1,-1,-0.171,1,1,-0.052,-1,-1,-1,-1,-1,-1,-1,-1,-1,-1,-1,-1,-0.178,1,1,-0.045,-1,-1,-1,-1,-1,-1,-1,-1,-1,-1,-1,-1,-0.185,1,1,-0.038,-1,-1,-1,-1,-1,-1,-1,-1,-1,-1,-1,-1,-0.191,1,1,-0.031,-1,-1,-1,-1,-1,-1,-1,-1,-1,-1,-1,-1,0.023,1,1,-0.246,-1,-1,-1,-1,-1,-1,-1,-1,-1,-1,-1,-1,-1,-0.272,0.774,-0.835,-1,-1,-1,-1,-1,-1
"801",-1,-1,-1,-1,-1,-1,-1,-0.984,-0.012,0.648,-1,-1,-1,-1,-1,-1,-1,-1,-1,-1,-1,-1,-0.999,-0.069,1,0.426,-1,-1,-1,-1,-1,-1,-1,-1,-1,-1,-1,-1,-0.799,0.98,0.996,-0.606,-1,-1,-1,-1,-1,-1,-1,-1,-1,-1,-1,-1,-0.196,1,0.756,-0.989,-1,-1,-1,-1,-1,-1,-1,-1,-1,-1,-1,-1,0.426,1,0.425,-1,-1,-1,-1,-1,-1,-1,-1,-1,-1,-1,-1,-1,0.542,1,0.256,-1,-1,-1,-1,-1,-1,-1,-1,-1,-1,-1,-1,-1,0.498,1,0.207,-1,-1,-1,-1,-1,-1,-1,-1,-1,-1,-1,-1,-1,0.667,1,0.224,-1,-1,-1,-1,-1,-1,-1,-1,-1,-1,-1,-1,-1,0.409,1,0.388,-1,-1,-1,-1,-1,-1,-1,-1,-1,-1,-1,-1,-1,0.232,1,0.433,-1,-1,-1,-1,-1,-1,-1,-1,-1,-1,-1,-1,-1,-0.119,1,0.69,-1,-1,-1,-1,-1,-1,-1,-1,-1,-1,-1,-1,-1,-0.536,1,0.731,-0.997,-1,-1,-1,-1,-1,-1,-1,-1,-1,-1,-1,-1,-0.871,0.838,0.977,-0.813,-1,-1,-1,-1,-1,-1,-1,-1,-1,-1,-1,-1,-1,0.443,0.997,-0.735,-1,-1,-1,-1,-1,-1,-1,-1,-1,-1,-1,-1,-1,-0.014,1,-0.481,-1,-1,-1,-1,-1,-1,-1,-1,-1,-1,-1,-1,-1,-0.895,0.743,-0.223,-1,-1,-1,-1,-1,-1
"802",-1,-1,-1,-1,-1,-1,-1,0.098,-0.419,-1,-1,-1,-1,-1,-1,-1,-1,-1,-1,-1,-1,-1,-1,-0.142,0.611,-1,-1,-1,-1,-1,-1,-1,-1,-1,-1,-1,-1,-1,-1,0.555,0.901,-0.999,-1,-1,-1,-1,-1,-1,-1,-1,-1,-1,-1,-1,-1,0.51,1,-0.856,-1,-1,-1,-1,-1,-1,-1,-1,-1,-1,-1,-1,-1,0.663,0.934,-0.992,-1,-1,-1,-1,-1,-1,-1,-1,-1,-1,-1,-1,-1,0.816,0.781,-0.991,-1,-1,-1,-1,-1,-1,-1,-1,-1,-1,-1,-1,-0.985,0.904,0.488,-1,-1,-1,-1,-1,-1,-1,-1,-1,-1,-1,-1,-1,-0.816,0.987,0.236,-1,-1,-1,-1,-1,-1,-1,-1,-1,-1,-1,-1,-1,-0.98,0.958,0.133,-1,-1,-1,-1,-1,-1,-1,-1,-1,-1,-1,-1,-1,-0.906,0.939,0.276,-1,-1,-1,-1,-1,-1,-1,-1,-1,-1,-1,-1,-1,-0.892,0.979,0.172,-1,-1,-1,-1,-1,-1,-1,-1,-1,-1,-1,-1,-1,-0.869,0.912,0.415,-1,-1,-1,-1,-1,-1,-1,-1,-1,-1,-1,-1,-1,-1,0.454,0.607,-1,-1,-1,-1,-1,-1,-1,-1,-1,-1,-1,-1,-1,-1,0.509,0.454,-1,-1,-1,-1,-1,-1,-1,-1,-1,-1,-1,-1,-1,-1,-0.03,0.718,-0.972,-1,-1,-1,-1,-1,-1,-1,-1,-1,-1,-1,-1,-1,-0.664,0.687,-0.899,-1,-1,-1,-1,-1,-1
"803",-1,-1,-1,-0.051,0.131,-1,-1,-1,-1,-1,-1,-1,-1,-0.371,0.13,-1,-1,-1,-0.546,0.984,-0.798,-1,-1,-1,-1,-1,-1,-1,-0.904,0.878,-0.014,-1,-1,-1,0.387,0.493,-1,-1,-1,-1,-1,-1,-1,-1,-0.173,0.967,-0.674,-1,-1,-0.706,0.946,-0.2,-1,-1,-1,-1,-1,-1,-1,-0.946,0.706,0.44,-1,-1,-1,-0.147,0.914,-0.807,-1,-1,-1,-1,-1,-1,-1,-0.307,1,-0.413,-1,-1,-1,0.306,0.654,-1,-1,-1,-1,-1,-1,-1,-0.943,0.568,0.878,-0.984,-1,-1,-1,0.518,0.749,-0.988,-1,-1,-1,-1,-1,-1,0.279,1,0.201,-1,-1,-1,-1,0.011,0.994,-0.725,-1,-1,-1,-1,-1,0.012,0.92,1,-0.412,-1,-1,-1,-1,-0.576,1,0.345,-0.929,-1,-1,-0.911,-0.185,0.76,0.36,0.752,-0.937,-1,-1,-1,-1,-1,-0.043,1,0.608,-0.023,-0.057,0.753,0.659,-0.793,0.894,-0.037,-1,-1,-1,-1,-1,-1,-1,-0.02,0.87,1,0.638,-0.09,-0.958,-0.63,1,-0.57,-1,-1,-1,-1,-1,-1,-1,-1,-1,-1,-1,-1,-1,-0.177,0.931,-0.954,-1,-1,-1,-1,-1,-1,-1,-1,-1,-1,-1,-1,-1,0.516,0.204,-1,-1,-1,-1,-1,-1,-1,-1,-1,-1,-1,-1,-1,-0.861,0.989,-0.489,-1,-1,-1,-1,-1,-1,-1,-1,-1,-1,-1,-1,-1,-0.178,0.816,-0.998,-1,-1,-1,-1,-1,-1,-1,-1,-1,-1,-1,-1,-1,-0.126,0.125,-1,-1,-1,-1,-1,-1
"804",-1,-1,-1,-1,-1,-1,-0.889,0.679,0.846,-0.465,-1,-1,-1,-1,-1,-1,-1,-1,-1,-1,-1,-0.364,0.753,1,1,0.777,-0.76,-1,-1,-1,-1,-1,-1,-1,-1,-1,-0.935,0.833,1,0.999,0.891,1,0.4,-1,-1,-1,-1,-1,-1,-1,-1,-1,-0.241,1,1,0.307,-0.535,1,0.921,-0.644,-1,-1,-1,-1,-1,-1,-1,-1,0.352,1,0.938,-0.869,-0.994,0.312,1,0.653,-0.977,-1,-1,-1,-1,-1,-1,-0.985,0.787,1,0.428,-1,-1,-0.494,0.935,1,0.027,-1,-1,-1,-1,-1,-1,-0.312,0.991,1,-0.022,-1,-1,-1,0.058,1,0.967,-0.795,-1,-1,-1,-1,-1,0.54,1,0.987,-0.586,-1,-1,-1,-0.693,1,0.997,-0.705,-1,-1,-1,-1,-0.872,0.941,1,0.537,-0.997,-1,-1,-1,-0.496,1,1,-0.574,-1,-1,-1,-1,-0.679,0.977,1,-0.036,-1,-1,-1,-1,0.112,1,1,-0.392,-1,-1,-1,-1,-0.315,1,1,-0.233,-1,-1,-1,-1,0.752,1,0.975,-0.818,-1,-1,-1,-1,-0.781,1,1,-0.241,-1,-1,-1,-0.854,0.772,1,0.261,-0.996,-1,-1,-1,-1,-1,0.61,1,0.851,-0.44,-1,-0.849,0.782,1,0.9,-0.638,-1,-1,-1,-1,-1,-1,-0.648,0.78,1,0.942,0.394,0.495,1,1,0.432,-1,-1,-1,-1,-1,-1,-1,-1,-0.795,0.581,1,1,1,1,0.975,-0.34,-1,-1,-1,-1,-1,-1,-1,-1,-1,-0.927,0.072,0.93,1,0.706,-0.355,-1,-1,-1,-1,-1
"805",-1,-1,-1,-1,-1,0.376,0.961,0.304,0.152,-0.654,-1,-1,-1,-1,-1,-1,-1,-1,-1,-1,-0.991,0.711,1,1,1,0.964,-0.189,-1,-1,-1,-1,-1,-1,-1,-1,-1,-0.145,0.994,1,0.874,0.565,0.956,0.986,-0.286,-1,-1,-1,-1,-1,-1,-1,-0.939,0.616,1,0.781,-0.711,-1,-0.151,1,0.974,-0.863,-1,-1,-1,-1,-1,-1,-0.315,1,1,0.122,-1,-1,-0.799,0.993,1,-0.325,-1,-1,-1,-1,-1,-0.905,0.66,1,0.947,-0.834,-1,-1,-1,0.63,1,0.239,-1,-1,-1,-1,-1,-0.085,1,1,0.074,-1,-1,-1,-1,0.066,1,0.797,-0.963,-1,-1,-1,-1,0.682,1,0.95,-0.824,-1,-1,-1,-1,-0.498,1,1,0.063,-1,-1,-1,-0.757,0.994,1,0.328,-1,-1,-1,-1,-1,-0.957,0.684,1,0.627,-1,-1,-1,-0.662,1,1,-0.439,-1,-1,-1,-1,-1,-1,-0.14,1,0.993,-0.802,-1,-1,-0.711,1,1,-0.57,-1,-1,-1,-1,-1,-0.804,0.552,1,1,-0.639,-1,-1,-1,0.725,1,-0.43,-1,-1,-1,-0.952,-0.536,0.515,1,1,0.485,-0.951,-1,-1,-1,0.161,1,0.778,-0.736,-0.926,-0.283,0.482,1,1,1,0.84,-0.739,-1,-1,-1,-1,-0.819,0.871,1,0.728,0.668,1,1,1,1,0.726,-0.662,-1,-1,-1,-1,-1,-1,-0.361,0.851,1,1,1,1,0.943,0.209,-0.881,-1,-1,-1,-1,-1,-1,-1,-1,-0.943,0.063,0.66,0.432,0.182,-0.739,-1,-1,-1,-1,-1,-1
"806",-1,-1,-1,-1,-1,-1,-0.792,0.741,0.439,-0.877,-1,-1,-1,-1,-1,-1,-1,-1,-1,-1,-1,-1,-0.941,0.873,1,-0.323,-1,-1,-1,-1,-1,-1,-1,-1,-1,-1,-1,-1,-0.939,0.897,0.554,-0.913,-1,-1,-1,-1,-1,-1,-1,-1,-1,-1,-1,-1,-0.781,0.984,0.839,-0.96,-1,-1,-1,-1,-1,-1,-1,-1,-1,-1,-1,-1,-0.529,1,1,-0.554,-1,-1,-1,-1,-1,-1,-1,-1,-1,-1,-1,-1,-0.762,0.996,1,-0.493,-1,-1,-1,-1,-1,-1,-1,-1,-1,-1,-1,-1,-0.817,0.989,1,-0.431,-1,-1,-1,-1,-1,-1,-1,-1,-1,-1,-1,-1,-0.869,0.979,1,-0.545,-1,-1,-1,-1,-1,-1,-1,-1,-1,-1,-1,-1,-0.905,0.953,1,-0.374,-1,-1,-1,-1,-1,-1,-1,-1,-1,-1,-1,-1,-0.837,0.955,1,-0.356,-1,-1,-1,-1,-1,-1,-1,-1,-1,-1,-1,-1,-0.917,0.908,1,-0.206,-1,-1,-1,-1,-1,-1,-1,-1,-1,-1,-1,-1,-0.78,0.973,1,-0.364,-1,-1,-1,-1,-1,-1,-1,-1,-1,-1,-1,-1,-0.364,1,1,-0.632,-1,-1,-1,-1,-1,-1,-1,-1,-1,-1,-1,-1,-0.206,1,0.984,-0.818,-1,-1,-1,-1,-1,-1,-1,-1,-1,-1,-1,-1,-0.356,1,1,-0.421,-1,-1,-1,-1,-1,-1,-1,-1,-1,-1,-1,-1,-0.973,-0.125,0.659,-0.928,-1,-1,-1,-1,-1,-1
"807",-1,-1,-1,-1,-1,-1,-1,-1,-0.202,0.242,-1,-1,-1,-1,-1,-1,-1,-1,-1,-1,-1,-1,-1,-1,0.045,0.892,-0.949,-1,-1,-1,-1,-1,-1,-1,-1,-1,-1,-1,-1,-1,0.27,0.921,-0.972,-1,-1,-1,-1,-1,-1,-1,-1,-1,-1,-1,-1,-1,0.432,0.841,-0.991,-1,-1,-1,-1,-1,-1,-1,-1,-1,-1,-1,-1,-1,0.615,0.751,-1,-1,-1,-1,-1,-1,-1,-1,-1,-1,-1,-1,-1,-1,0.714,0.736,-1,-1,-1,-1,-1,-1,-1,-1,-1,-1,-1,-0.985,-0.983,-0.95,0.931,0.564,-1,-1,-1,-1,-1,-1,-1,-1,-1,-1,-1,-0.742,0.768,-0.029,0.997,0.528,-1,-1,-1,-1,-1,-1,-1,-1,-1,-1,-1,-1,0,-0.39,1,0.419,-1,-1,-1,-1,-1,-1,-1,-1,-1,-1,-1,-1,-1,-0.533,1,0.236,-1,-1,-1,-1,-1,-1,-1,-1,-1,-1,-1,-1,-1,-0.529,1,0.221,-1,-1,-1,-1,-1,-1,-1,-1,-1,-1,-1,-1,-1,-0.724,1,0.417,-1,-1,-1,-1,-1,-1,-1,-1,-1,-1,-1,-1,-1,-0.949,0.892,0.746,-0.997,-1,-1,-1,-1,-1,-1,-1,-1,-1,-1,-1,-1,-1,0.6,0.939,-0.931,-1,-1,-1,-1,-1,-1,-1,-1,-1,-1,-1,-1,-1,0.563,0.998,-0.773,-1,-1,-1,-1,-1,-1,-1,-1,-1,-1,-1,-1,-1,-0.012,0.957,-0.769,-1,-1,-1,-1,-1
"808",-1,-1,-0.814,0.845,-0.171,-0.957,-1,-1,-1,-1,-1,-1,-1,-1,-1,-1,-1,-1,-0.261,1,1,-0.185,-1,-1,-1,-1,-1,-1,-1,-1,-1,-1,-1,-1,0.172,1,1,0.674,-0.988,-1,-1,-1,-1,-0.628,0.617,-0.003,-1,-1,-1,-0.662,0.708,1,1,0.107,-1,-1,-1,-1,-0.788,0.447,1,0.991,-0.044,-1,-1,-0.1,1,1,1,-0.515,-1,-1,-1,-0.995,0.244,1,1,0.956,-0.336,-1,-1,0.312,1,1,0.764,-0.901,-1,-1,-1,-0.661,0.953,1,1,0.794,-0.881,-1,-1,0.303,1,1,0.271,-0.949,-0.949,-0.949,-0.449,0.441,1,1,1,-0.067,-1,-1,-1,-0.547,0.999,1,1,1,1,1,1,1,1,1,0.763,-0.915,-1,-1,-1,-1,0.476,1,1,1,1,1,1,1,1,0.883,-0.309,-1,-1,-1,-1,-1,-0.965,-0.158,0.646,0.692,0.8,1,1,0.979,0.376,-0.759,-1,-1,-1,-1,-1,-1,-1,-1,-1,-1,0.021,1,1,0.524,-0.982,-1,-1,-1,-1,-1,-1,-1,-1,-1,-1,-0.81,0.874,1,0.973,-0.474,-1,-1,-1,-1,-1,-1,-1,-1,-1,-1,-1,0.086,1,1,0.474,-0.996,-1,-1,-1,-1,-1,-1,-1,-1,-1,-1,-0.839,0.884,1,0.687,-0.59,-1,-1,-1,-1,-1,-1,-1,-1,-1,-1,-1,-0.638,0.969,0.709,-0.643,-1,-1,-1,-1,-1,-1,-1,-1,-1,-1,-1,-1,-0.047,1,-0.187,-1,-1,-1,-1,-1,-1,-1,-1,-1
"809",-1,-1,-1,-1,-1,-1,-1,-0.195,0.999,-0.305,-1,-1,-1,-1,-1,-1,-1,-1,-1,-1,-1,-1,-1,-0.01,1,0.84,-0.831,-1,-1,-1,-1,-1,-1,-1,-1,-1,-1,-1,-1,-0.285,0.96,1,0.958,-0.634,-1,-1,-1,-1,-1,-1,-1,-1,-0.951,-0.034,0.844,1,1,1,1,0.605,-0.967,-1,-1,-1,-1,-1,-1,-0.999,0.545,1,1,1,1,1,1,1,-0.046,-1,-1,-1,-1,-1,-0.299,0.53,1,1,1,1,1,1,1,1,0.268,-1,-1,-1,-1,-0.932,0.848,1,1,1,1,0.934,0.022,0.544,1,1,0.998,-0.415,-1,-1,-1,-0.399,1,1,1,1,0.996,-0.598,-0.996,0.598,1,1,1,0.398,-1,-1,-1,0.287,1,1,1,0.771,-0.558,-1,-1,-0.213,1,1,1,0.925,-0.712,-1,-0.994,0.465,1,1,0.909,-0.881,-1,-1,-1,-0.994,0.466,1,1,0.994,-0.466,-1,-0.991,0.648,1,1,0.343,-1,-1,-1,-1,-0.991,0.648,1,1,1,0.342,-1,-1,0.342,1,1,0.158,-1,-1,-1,-1,-0.648,0.991,1,1,1,0.647,-0.991,-1,-0.466,0.994,1,0.987,0.085,0,0,0.428,1,1,1,1,1,-0.028,-1,-1,-1,0.212,1,1,1,1,1,1,1,1,1,1,0.286,-1,-1,-1,-1,-1,-0.387,0.784,1,1,1,1,1,1,1,0.715,-0.614,-1,-1,-1,-1,-1,-1,-0.978,0.063,0.997,0.999,0.999,0.999,0.372,-0.023,-0.934,-1,-1,-1
"810",-1,-1,-1,-1,-1,-1,-1,-1,-1,-1,-0.086,-0.932,-1,-1,-1,-1,-1,-1,-1,-1,-1,-1,-1,-1,-1,-1,0.185,-0.035,-1,-1,-1,-1,-1,-1,-1,-1,-1,-1,-1,-1,-1,-1,0.375,0.886,-0.953,-1,-1,-1,-1,-1,-0.871,-0.479,-0.996,-1,-1,-1,-1,-1,0.587,0.952,-0.928,-1,-1,-1,-1,-1,-0.182,1,-0.64,-1,-1,-1,-1,-1,0.637,0.941,-0.873,-1,-1,-1,-1,-1,0.102,1,-0.385,-1,-1,-1,-1,-0.982,0.879,0.944,-0.949,-1,-1,-1,-1,-1,-0.013,1,-0.633,-1,-1,-1,-1,-0.749,0.963,0.872,-0.972,-1,-1,-1,-1,-1,-0.651,0.986,0.329,-0.539,-0.568,-0.568,-0.568,-0.093,1,0.593,-0.568,-0.918,-1,-1,-1,-1,-1,0.055,0.927,1,1,1,1,1,1,1,0.92,-0.139,-1,-1,-1,-1,-1,-1,-0.827,-0.148,0.027,0.027,0.027,0.656,1,0.008,-0.876,-1,-1,-1,-1,-1,-1,-1,-1,-1,-1,-1,-0.927,0.834,0.998,-0.581,-1,-1,-1,-1,-1,-1,-1,-1,-1,-1,-1,-1,-0.863,0.984,0.846,-0.969,-1,-1,-1,-1,-1,-1,-1,-1,-1,-1,-1,-1,-0.246,1,-0.248,-1,-1,-1,-1,-1,-1,-1,-1,-1,-1,-1,-1,-0.856,0.829,0.531,-0.951,-1,-1,-1,-1,-1,-1,-1,-1,-1,-1,-1,-1,-0.628,1,-0.45,-1,-1,-1,-1,-1,-1,-1,-1,-1,-1,-1,-1,-1,-0.751,0.67,-0.98,-1,-1,-1,-1,-1,-1
"811",-1,-1,-1,-1,-1,-0.542,0.361,0.987,0.148,-0.835,-1,-1,-1,-1,-1,-1,-1,-1,-1,-1,-1,0.127,1,1,1,0.759,-0.287,-1,-1,-1,-1,-1,-1,-1,-1,-0.797,0.511,1,1,1,0.36,1,1,0.475,-0.99,-1,-1,-1,-1,-1,-0.738,0.72,1,1,0.418,-0.595,-0.92,-0.023,1,1,0.058,-1,-1,-1,-1,-0.935,0.544,1,1,0.087,-0.977,-1,-1,-0.995,0.605,1,1,-0.37,-1,-1,-1,-0.715,0.991,1,0.444,-0.96,-1,-1,-1,-1,-0.712,0.749,1,0.472,-0.909,-1,-1,-0.216,1,1,-0.184,-1,-1,-1,-1,-1,-1,-0.195,0.98,1,-0.345,-1,-1,0.451,1,0.941,-0.792,-1,-1,-1,-1,-1,-1,-0.941,0.793,1,0.268,-1,-0.718,0.997,1,0.321,-1,-1,-1,-1,-1,-1,-1,-0.999,0.719,1,1,-0.479,-0.374,1,1,0.294,-1,-1,-1,-1,-1,-1,-1,-1,0.427,1,1,-0.507,-0.507,1,1,-0.053,-1,-1,-1,-1,-1,-1,-1,-0.851,0.785,1,1,-0.374,-0.479,1,1,0.239,-0.999,-1,-1,-1,-1,-1,-1,0.241,1,1,0.996,-0.718,-0.886,0.954,1,1,-0.383,-0.965,-1,-0.795,-0.6,-0.117,0.621,1,1,0.955,0.176,-1,-1,-0.185,1,1,1,0.66,0.6,0.78,1,1,1,1,0.842,-0.618,-1,-1,-1,-1,-0.277,0.879,1,1,1,1,1,1,1,1,0.487,-0.931,-1,-1,-1,-1,-1,-0.629,0.698,1,1,1,1,0.976,0.204,-0.557,-0.935,-1,-1,-1
"812",-1,-1,-1,-1,-1,-1,-1,-1,-0.847,0.855,0.336,-1,-1,-1,-1,-1,-1,-1,-1,-1,-0.788,-0.82,-1,-1,-0.313,1,-0.135,-1,-1,-1,-1,-1,-1,-1,-1,-1,0.491,0.756,-0.994,-1,0.262,1,-0.383,-1,-1,-1,-1,-1,-1,-1,-1,-1,0.752,0.657,-1,-1,0.524,1,-0.566,-1,-1,-1,-1,-1,-1,-1,-1,-1,0.648,0.889,-0.932,-0.979,0.686,0.608,-0.958,-1,-1,-1,-1,-1,-1,-1,-1,-1,-0.136,1,0.002,-0.614,1,0.153,-1,-1,-1,-1,-1,-1,-1,-1,-1,-1,-0.979,0.158,0.845,0.214,1,0.261,-0.661,-0.389,-1,-1,-1,-1,-1,-1,-1,-1,-1,-0.952,0.539,1,1,1,1,0.607,-1,-1,-1,-1,-1,-1,-1,-1,-1,-1,-0.907,0.482,1,0.893,0.48,-0.386,-1,-1,-1,-1,-1,-1,-1,-1,-1,-1,-1,0.34,1,-0.435,-1,-1,-1,-1,-1,-1,-1,-1,-1,-1,-1,-1,-1,0.628,0.928,-0.886,-1,-1,-1,-1,-1,-1,-1,-1,-1,-1,-1,-1,-0.97,0.885,0.546,-1,-1,-1,-1,-1,-1,-1,-1,-1,-1,-1,-1,-1,-0.875,0.974,0.558,-1,-1,-1,-1,-1,-1,-1,-1,-1,-1,-1,-1,-1,-0.903,0.976,0.14,-1,-1,-1,-1,-1,-1,-1,-1,-1,-1,-1,-1,-1,-0.705,1,-0.199,-1,-1,-1,-1,-1,-1,-1,-1,-1,-1,-1,-1,-1,-0.8,0.856,-0.588,-1,-1,-1,-1,-1,-1,-1
"813",-1,-1,-1,-1,-1,-0.115,0.71,0.732,-0.675,-1,-1,-1,-1,-1,-1,-1,-1,-1,-1,-1,-1,-1,0.357,1,0.835,-0.56,-1,-1,-1,-1,-1,-1,-1,-1,-1,-1,-1,-0.985,0.206,1,1,0.651,-0.934,-1,-1,-1,-1,-1,-1,-1,-1,-1,-1,-0.037,1,0.546,0.964,1,-0.086,-1,-1,-1,-1,-1,-1,-1,-1,-1,-0.703,1,0.921,-0.728,-0.05,1,0.94,-0.993,-1,-1,-1,-1,-1,-1,-1,-0.988,0.374,1,0.267,-1,-0.799,0.879,1,-0.182,-1,-1,-1,-1,-1,-1,-1,-0.683,0.994,1,-0.74,-1,-1,-0.035,1,0.58,-0.973,-1,-1,-1,-1,-1,-1,-0.09,1,0.629,-0.968,-1,-1,-0.863,0.794,1,-0.686,-1,-1,-1,-1,-1,-1,0.591,1,0.144,-1,-1,-1,-1,0.061,1,0.184,-1,-1,-1,-1,-1,-0.991,0.692,1,0.034,-1,-1,-1,-1,-0.32,1,0.891,-1,-1,-1,-1,-1,-1,0.891,1,0.252,-1,-1,-1,-1,0.034,1,0.61,-0.991,-1,-1,-1,-1,-1,0.674,1,0.142,-1,-1,-1,-1,0.307,1,0.02,-1,-1,-1,-1,-1,-1,0.212,1,0.36,-1,-1,-1,-0.887,0.629,0.892,-0.88,-1,-1,-1,-1,-1,-1,-0.664,0.842,0.973,-0.003,-0.434,-0.749,0.561,1,-0.076,-1,-1,-1,-1,-1,-1,-1,-1,-0.716,0.717,1,1,1,1,0.182,-1,-1,-1,-1,-1,-1,-1,-1,-1,-1,-0.872,-0.083,0.799,0.874,0.203,-0.8,-1,-1,-1,-1,-1
"814",-1,-1,-1,-1,-1,-1,-0.34,0.953,0.758,-0.816,-1,-1,-1,-1,-1,-1,-1,-1,-1,-1,-1,-0.873,0.828,1,1,-0.094,-1,-1,-1,-1,-1,-1,-1,-1,-1,-1,-1,-0.934,0.771,1,1,-0.079,-1,-1,-1,-1,-1,-1,-1,-1,-1,-1,-1,-1,-0.227,1,1,0.32,-1,-1,-1,-1,-1,-1,-1,-1,-1,-1,-1,-1,-0.627,1,1,0.515,-1,-1,-1,-1,-1,-1,-1,-1,-1,-1,-1,-1,-0.514,1,1,0.848,-0.934,-1,-1,-1,-1,-1,-1,-1,-1,-1,-1,-1,-0.734,1,1,1,-0.865,-1,-1,-1,-1,-1,-1,-1,-1,-1,-1,-1,-0.468,1,1,0.865,-0.997,-1,-1,-1,-1,-1,-1,-1,-1,-1,-1,-1,-0.63,1,1,0.9,-0.87,-1,-1,-1,-1,-1,-1,-1,-1,-1,-1,-1,-0.569,1,1,0.945,-0.977,-1,-1,-1,-1,-1,-1,-1,-1,-1,-1,-1,-0.303,1,1,0.702,-1,-1,-1,-1,-1,-1,-1,-1,-1,-1,-1,-1,-0.036,1,1,0.436,-1,-1,-1,-1,-1,-1,-1,-1,-1,-1,-1,-1,0.23,1,1,0.17,-1,-1,-1,-1,-1,-1,-1,-1,-1,-1,-1,-1,0.496,1,1,0.467,-1,-1,-1,-1,-1,-1,-1,-1,-1,-1,-1,-1,0.583,1,1,0.098,-1,-1,-1,-1,-1,-1,-1,-1,-1,-1,-1,-1,-0.226,0.909,0.005,-0.977,-1,-1,-1,-1,-1,-1
"815",-1,-1,-1,-1,-1,-0.999,0.562,0.757,-0.589,-1,-1,-1,-1,-1,-1,-1,-1,-1,-1,-1,-1,-0.998,0.687,1,0.535,-1,-1,-1,-1,-1,-1,-1,-1,-1,-1,-1,-1,-1,-0.038,1,0.993,-0.73,-1,-1,-1,-1,-1,-1,-1,-1,-1,-1,-1,-1,-0.499,1,1,-0.01,-1,-1,-1,-1,-1,-1,-1,-1,-1,-1,-1,-1,-0.811,0.971,1,0.651,-1,-1,-1,-1,-1,-1,-1,-1,-1,-1,-1,-1,-0.944,0.883,1,0.775,-0.983,-1,-1,-1,-1,-1,-1,-1,-1,-1,-1,-1,-0.95,0.708,1,0.916,-0.917,-1,-1,-1,-1,-1,-1,-1,-1,-1,-1,-1,-0.891,0.935,1,0.876,-0.922,-1,-1,-1,-1,-1,-1,-1,-1,-1,-1,-1,-0.792,0.988,1,0.853,-0.959,-1,-1,-1,-1,-1,-1,-1,-1,-1,-1,-1,-0.518,1,1,0.739,-0.997,-1,-1,-1,-1,-1,-1,-1,-1,-1,-1,-1,-0.06,1,1,0.443,-1,-1,-1,-1,-1,-1,-1,-1,-1,-1,-1,-1,0.039,1,1,0.211,-1,-1,-1,-1,-1,-1,-1,-1,-1,-1,-1,-1,0.432,1,1,-0.114,-1,-1,-1,-1,-1,-1,-1,-1,-1,-1,-1,-0.976,0.827,1,1,0.08,-1,-1,-1,-1,-1,-1,-1,-1,-1,-1,-1,-0.909,0.712,1,1,-0.432,-1,-1,-1,-1,-1,-1,-1,-1,-1,-1,-1,-1,-0.685,0.48,0.291,-0.996,-1,-1,-1,-1,-1,-1
"816",-1,-1,-1,-0.606,0.181,0.707,0.707,0.697,-0.008,-0.314,-0.896,-1,-1,-1,-1,-1,-1,-1,-0.696,0.911,1,1,1,1,1,1,0.752,-0.097,-0.985,-1,-1,-1,-1,-1,-0.186,1,1,1,1,1,1,1,1,1,0.425,-0.813,-1,-1,-1,-1,-0.506,1,1,1,0.091,-0.679,-0.653,0.443,0.599,0.796,1,0.758,-0.972,-1,-1,-1,0.032,1,1,0.969,-0.816,-1,-1,-1,-1,-0.858,0.792,1,0.18,-1,-1,-0.973,0.6,1,1,0.62,-0.941,-1,-1,-1,-1,-1,0.081,1,0.924,-0.891,-1,-0.061,1,1,1,-0.163,-1,-1,-1,-1,-1,-1,-0.652,1,1,-0.234,-0.842,0.902,1,1,0.247,-0.938,-1,-1,-1,-1,-1,-1,-1,0.615,1,0.499,-0.287,0.999,1,0.976,-0.382,-1,-1,-1,-1,-1,-1,-1,-1,0.212,1,0.572,0.44,1,1,0.339,-1,-1,-1,-1,-1,-1,-1,-1,-0.962,0.629,1,0.504,0.634,1,1,-0.249,-1,-1,-1,-1,-1,-1,-1,-1,-0.478,1,1,0.323,0.561,1,0.995,-0.712,-1,-1,-1,-1,-1,-1,-0.812,0.014,0.575,1,1,0.002,-0.145,1,1,0.007,-0.863,-0.863,-0.863,-0.863,-0.863,-0.235,0.801,1,1,1,0.408,-0.895,-0.996,0.704,1,1,1,1,1,1,1,1,1,1,1,0.732,-0.901,-1,-1,-0.797,0.44,1,1,1,1,1,1,1,1,0.764,-0.118,-0.89,-1,-1,-1,-1,-0.954,-0.22,0.61,0.707,0.707,0.707,0.707,0.157,-0.068,-0.857,-1,-1,-1,-1
"817",-1,-1,-1,-1,-1,-0.028,0.999,0.193,-0.666,-1,-1,-1,-1,-1,-1,-1,-1,-1,-1,-1,-0.582,0.993,1,1,0.967,-0.378,-1,-1,-1,-1,-1,-1,-1,-1,-1,-1,-0.651,1,1,1,1,1,0.15,-1,-1,-1,-1,-1,-1,-1,-1,-1,0.288,1,1,1,1,1,1,0.535,-0.824,-1,-1,-1,-1,-1,-1,-0.273,1,1,1,0.954,0.546,1,1,1,0.77,-0.997,-1,-1,-1,-1,-0.737,0.903,1,1,1,-0.166,-1,0.166,1,1,1,0.334,-1,-1,-1,-1,0.104,1,1,0.99,-0.595,-1,-1,-0.877,0.482,1,1,0.868,-0.973,-1,-1,-0.799,0.842,1,1,0.799,-0.842,-1,-1,-1,-0.456,1,1,1,0.456,-1,-1,0.482,1,1,1,-0.482,-1,-1,-1,-1,-1,-0.018,1,1,0.938,-0.921,-0.86,0.78,1,1,0.579,-1,-1,-1,-1,-1,-1,0.421,1,1,1,-0.421,-0.623,0.982,1,1,0.14,-1,-1,-1,-1,-1,-1,0.36,1,1,0.982,-0.842,-0.702,1,1,1,-0.298,-1,-1,-1,-1,-0.421,0.22,1,1,1,0.701,-1,-1,0.736,1,1,1,0.062,0,0.439,1,1,1,1,1,1,-0.238,-1,-1,-0.315,0.99,1,1,1,1,1,1,1,1,1,1,0.323,-1,-1,-1,-1,-0.623,0.737,1,1,1,1,1,1,1,1,0.262,-0.878,-1,-1,-1,-1,-1,-1,-0.401,0.953,0.999,0.999,0.999,0.997,0.045,-0.597,-1,-1,-1,-1
"818",-1,-1,-1,-1,-0.384,0.769,0.999,0.73,0,-0.616,-1,-1,-1,-1,-1,-1,-1,-1,-1,-0.687,0.957,1,1,1,1,1,0.537,-0.808,-1,-1,-1,-1,-1,-1,-0.981,0.635,1,1,1,1,1,1,1,0.845,-0.501,-1,-1,-1,-1,-1,0.039,1,1,0.807,-0.846,-0.653,0,0.693,1,1,1,-0.54,-1,-1,-1,-1,0.423,1,1,0.572,-0.995,-1,-1,-0.461,0.885,1,1,0.461,-0.885,-1,-1,-0.192,1,1,0.923,-0.731,-1,-1,-1,-1,-0.769,0.577,1,1,0.691,-1,-1,0.692,1,1,0.731,-0.923,-1,-1,-1,-1,-1,-0.307,1,1,1,-0.693,-0.423,1,1,1,0.423,-1,-1,-1,-1,-1,-1,-1,0.078,1,1,-0.078,-0.039,1,1,1,0.039,-1,-1,-1,-1,-1,-1,-1,-0.038,1,1,0.538,0.346,1,1,0.981,-0.827,-1,-1,-1,-1,-1,-1,-1,0.346,1,1,0.153,0.23,1,1,1,-0.23,-1,-1,-1,-1,-1,-1,-0.269,1,1,0.957,-0.688,-0.385,1,1,1,0.385,-1,-1,-1,-1,-0.269,0.385,1,1,1,0.769,-0.885,-0.924,0.422,1,1,1,0.923,0,0.077,1,1,1,1,1,1,-0.5,-1,-1,-0.731,0.615,1,1,1,1,1,1,1,1,1,0.884,-0.769,-1,-1,-1,-1,-0.995,-0.044,0.807,1,1,1,1,1,1,0.188,-0.957,-1,-1,-1,-1,-1,-1,-1,-0.847,0.018,0.98,0.999,0.981,0.019,-0.654,-1,-1,-1,-1,-1
"819",-1,-1,-1,-1,-1,-1,-1,-1,-1,-1,-1,-1,-1,-1,-1,-1,-1,-1,-0.985,-0.849,-0.141,-0.896,-0.944,-0.339,-0.332,-0.876,-0.926,-1,-1,-1,-1,-1,-1,-1,-0.089,1,1,-0.257,0.323,1,1,1,0.761,-0.074,-0.914,-1,-1,-1,-1,-0.895,0.804,1,0.823,-0.854,0.391,1,0.793,0.876,1,1,0.586,-0.477,-1,-1,-1,0.043,1,0.962,-0.216,-1,-0.621,0.019,-0.691,-0.56,0.834,1,1,0.914,-0.461,-1,-0.654,0.859,1,0.208,-1,-1,-1,-1,-1,-1,-0.643,0.497,1,1,0.693,-0.765,-0.111,1,1,-0.535,-1,-1,-1,-1,-1,-1,-1,-1,0.209,1,1,0.194,0.662,1,0.767,-0.955,-1,-1,-1,-1,-1,-1,-1,-1,-0.858,0.726,1,0.605,0.835,1,0.308,-1,-1,-1,-1,-1,-1,-1,-1,-1,-1,0.052,1,0.762,0.679,1,0.465,-1,-1,-1,-1,-1,-1,-1,-1,-1,-1,-0.509,1,0.918,0.343,1,0.834,-0.404,-1,-1,-1,-1,-1,-1,-1,-1,-1,0.233,1,0.175,-0.914,0.796,1,0.989,0.754,-0.31,-0.716,-0.716,-0.981,-1,-0.782,0.019,0.441,0.965,0.905,-0.893,-1,-0.655,0.463,1,1,1,1,1,0.586,0.55,0.872,1,0.994,0.645,-0.688,-1,-1,-1,-1,-0.197,0.445,1,1,1,1,1,0.646,0.02,-0.385,-1,-1,-1,-1,-1,-1,-1,-0.991,-0.876,-0.442,-0.141,-0.424,-0.876,-0.946,-1,-1,-1,-1,-1,-1,-1,-1,-1,-1,-1,-1,-1,-1,-1,-1,-1,-1,-1,-1,-1
"820",-1,-1,-1,-1,-1,-1,-1,-1,-1,-1,-0.718,0.616,-0.99,-1,-1,-1,-1,-1,-1,-1,-1,-1,-1,-1,-1,-1,0.387,0.198,-1,-1,-1,-1,-1,-1,-1,-1,-0.735,0.618,0.127,-1,-1,-0.774,1,-0.468,-1,-1,-1,-1,-1,-1,-1,-1,0.543,0.278,-0.902,-1,-1,-0.327,0.899,-0.927,-1,-1,-1,-1,-1,-1,-1,-0.99,0.921,-0.51,-1,-1,-1,0.118,0.526,-1,-1,-1,-1,-1,-1,-1,-1,-1,-0.024,0.638,-0.52,-0.862,-1,0.393,0.266,-1,-1,-1,-1,-1,-1,-1,-1,-1,-0.959,-0.094,0.492,0.843,0.719,0.983,0.248,-1,-1,-1,-1,-1,-1,-1,-1,-1,-1,-1,-1,-0.945,-0.674,0.985,-0.703,-1,-1,-1,-1,-1,-1,-1,-1,-1,-1,-1,-1,-1,-0.167,0.812,-1,-1,-1,-1,-1,-1,-1,-1,-1,-1,-1,-1,-1,-1,0.2,0.367,-1,-1,-1,-1,-1,-1,-1,-1,-1,-1,-1,-1,-1,-1,0.556,-0.192,-1,-1,-1,-1,-1,-1,-1,-1,-1,-1,-1,-1,-1,-1,0.943,-0.352,-1,-1,-1,-1,-1,-1,-1,-1,-1,-1,-1,-1,-1,-0.98,0.893,-0.673,-1,-1,-1,-1,-1,-1,-1,-1,-1,-1,-1,-1,-1,-1,0.753,-0.727,-1,-1,-1,-1,-1,-1,-1,-1,-1,-1,-1,-1,-1,-1,0.807,-0.781,-1,-1,-1,-1,-1,-1,-1,-1,-1,-1,-1,-1,-1,-1,0.483,-0.911,-1,-1,-1,-1,-1,-1
"821",-1,-1,-1,-1,-0.031,0.752,-0.431,-1,-1,-1,-1,-1,-1,-1,-1,-1,-1,-1,-1,-0.682,0.9,1,0.052,-1,-1,-1,-1,-1,-1,-1,-1,-1,-1,-1,-1,-0.049,1,0.995,-0.847,-1,-1,-0.796,-0.938,-1,-1,-1,-1,-1,-1,-1,-1,0.768,1,0.52,-0.999,-1,-0.6,0.82,0.504,-0.881,-1,-1,-1,-1,-1,-1,-0.364,0.991,1,-0.186,-1,-1,0.592,1,0.907,-0.669,-0.931,-0.982,-1,-1,-1,-1,0.367,1,0.881,-0.731,-1,-0.642,0.975,1,0.769,0.546,1,0.657,-0.605,-1,-1,-0.921,0.964,1,0.474,-1,-1,0.066,1,1,1,1,1,1,-0.216,-1,-1,-0.573,1,1,0.382,-0.068,0.655,0.957,1,1,1,0.332,0.007,0.22,-0.897,-1,-1,-0.168,1,1,1,1,1,1,1,0.66,-0.884,-1,-1,-1,-1,-1,-1,-0.71,0.785,1,0.903,0.571,0.804,1,1,-0.216,-1,-1,-1,-1,-1,-1,-1,-1,-0.976,-0.586,-0.867,-1,0.676,1,0.922,-0.662,-1,-1,-1,-1,-1,-1,-1,-1,-1,-1,-1,-0.386,0.993,1,0.443,-1,-1,-1,-1,-1,-1,-1,-1,-1,-1,-1,-1,0.009,1,1,0.06,-1,-1,-1,-1,-1,-1,-1,-1,-1,-1,-1,-1,0.407,1,1,-0.338,-1,-1,-1,-1,-1,-1,-1,-1,-1,-1,-1,-1,0.588,1,1,-0.158,-1,-1,-1,-1,-1,-1,-1,-1,-1,-1,-1,-1,-0.284,1,0.928,-0.393,-1,-1,-1,-1,-1,-1,-1
"822",-1,-1,-1,-1,-0.534,0.578,1,0.301,-0.328,-0.939,-1,-1,-1,-1,-1,-1,-1,-1,-1,-0.643,0.856,1,1,1,1,0.663,-0.078,-1,-1,-1,-1,-1,-1,-1,-0.62,0.841,1,1,1,1,1,1,1,0.048,-0.831,-1,-1,-1,-1,-1,0.429,1,1,1,1,0.405,0.955,1,1,1,0.645,-0.795,-1,-1,-1,-0.878,0.876,1,1,1,0.283,-1,-0.896,0.052,0.962,1,1,0.164,-0.962,-1,-1,0.205,1,1,1,0.782,-0.708,-1,-1,-1,0.446,1,1,1,-0.446,-1,-0.953,0.726,1,1,0.987,-0.44,-1,-1,-1,-1,-0.906,1,1,1,0.106,-1,-0.977,0.998,1,1,0.657,-0.999,-1,-1,-1,-1,-0.977,0.999,1,1,0.817,-0.999,-1,0.949,1,1,1,-0.149,-1,-1,-1,-1,-0.09,1,1,1,1,-0.95,-1,0.877,1,1,1,-0.077,-1,-1,-1,-0.784,0.901,1,1,1,0.143,-0.981,-1,0.805,1,1,1,0.155,-1,-1,-0.885,0.53,1,1,1,0.794,-1,-1,-1,0.413,1,1,1,0.867,-1,-0.955,0.449,1,1,1,1,0.546,-1,-1,-1,-0.625,0.846,1,1,0.967,0.713,1,1,1,1,1,0.753,-0.415,-1,-1,-1,-1,-0.131,1,1,1,1,1,1,1,1,0.692,-0.842,-1,-1,-1,-1,-1,-1,-0.101,0.978,1,1,1,1,1,0.498,-0.816,-1,-1,-1,-1,-1,-1,-1,-1,-0.205,0.769,1,0.43,0.2,-0.061,-0.975,-1,-1,-1,-1,-1
"823",-1,-1,-1,-1,-1,-1,-1,0.399,0.949,-0.399,-1,-1,-1,-1,-1,-1,-1,-1,-1,-1,-1,-1,-0.91,0.889,1,0.585,-1,-1,-1,-1,-1,-1,-1,-1,-1,-1,-1,-1,-0.597,1,1,0.768,-0.996,-1,-1,-1,-1,-1,-1,-1,-1,-1,-1,-1,-0.173,1,1,0.703,-1,-1,-1,-1,-1,-1,-1,-1,-1,-1,-1,-1,0.092,1,1,0.644,-1,-1,-1,-1,-1,-1,-1,-1,-1,-1,-1,-1,0.201,1,1,0.379,-1,-1,-1,-1,-1,-1,-1,-1,-1,-1,-1,-1,0.476,1,1,0.26,-1,-1,-1,-1,-1,-1,-1,-1,-1,-1,-1,-1,0.644,1,1,-0.064,-1,-1,-1,-1,-1,-1,-1,-1,-1,-1,-1,-0.943,0.853,1,1,-0.015,-1,-1,-1,-1,-1,-1,-1,-1,-1,-1,-1,-0.998,0.917,1,1,-0.182,-1,-1,-1,-1,-1,-1,-1,-1,-1,-1,-1,-1,0.692,1,1,0.015,-1,-1,-1,-1,-1,-1,-1,-1,-1,-1,-1,-1,0.466,1,1,-0.29,-1,-1,-1,-1,-1,-1,-1,-1,-1,-1,-1,-1,0.19,1,1,-0.064,-1,-1,-1,-1,-1,-1,-1,-1,-1,-1,-1,-1,-0.639,0.952,1,0.458,-1,-1,-1,-1,-1,-1,-1,-1,-1,-1,-1,-1,-1,0.436,1,0.942,-0.991,-1,-1,-1,-1,-1,-1,-1,-1,-1,-1,-1,-1,-0.505,0.907,0.655,-0.95,-1,-1,-1,-1,-1
