22089,0
15447,0
42894,0
13698,0
38054,0
38809,0
28819,0
42201,1
27875,0
31934,1
36884,0
23486,0
914,0
9444,0
6523,0
30916,0
13230,0
29254,0
7593,0
6089,0
40581,0
24735,0
29969,0
24850,0
30939,0
787,0
5713,0
34504,0
11811,0
38959,0
24014,0
10148,0
35583,0
23433,0
35469,0
2230,0
35301,0
40233,1
15649,0
35578,0
35285,0
15000,0
1636,0
3877,0
40805,0
8333,0
39157,0
10207,0
14233,0
28030,0
26617,0
38104,0
33028,0
12126,0
36300,0
22583,0
30126,0
29242,0
4364,0
21459,0
7357,0
3019,0
6318,0
10737,0
41744,1
41808,0
2060,0
13342,0
11395,0
25935,0
4923,0
1311,0
39212,1
35775,0
24106,1
1776,0
1398,0
24328,0
35842,0
22924,0
18952,0
9069,1
32595,0
1851,0
17333,0
23497,0
16705,0
29873,0
13356,0
12773,0
1859,0
42492,0
42010,0
32631,0
9629,0
14185,0
12034,0
43701,1
31751,0
8609,0
20582,0
10713,0
18569,0
10264,0
17085,0
600,0
19160,0
5558,0
13768,0
42626,1
41660,0
5226,0
36448,0
34172,1
19409,0
40653,1
29513,0
37028,0
27257,0
42776,0
10694,0
13612,0
22188,0
34804,0
26667,0
15747,0
27670,0
43295,0
5799,0
28085,0
42801,0
21765,0
1276,0
22962,0
14276,0
21740,0
16594,0
1903,0
8662,0
31075,1
23627,0
22008,0
20492,0
11482,0
7989,0
25081,0
39763,1
23842,0
24520,0
18075,0
28006,0
27774,0
17176,0
23630,0
15234,0
6829,0
43280,0
19046,0
43563,1
27906,0
22206,0
9538,0
13219,0
20549,0
3964,0
4860,0
18341,0
21923,0
40874,1
32120,0
6643,0
13823,0
26582,0
39568,0
35818,0
11878,0
16698,0
38839,0
35466,0
21653,0
28615,0
38090,0
23392,0
13989,0
32963,0
24652,0
29176,0
36991,0
15190,0
5033,0
10068,0
12020,0
1033,0
41736,0
22248,0
38657,0
17757,0
20553,0
40997,0
11738,0
42956,1
26547,0
11102,0
16149,0
24237,0
15374,0
31309,1
32903,0
10292,0
242,0
19759,0
26173,0
30382,0
10532,0
15021,0
31854,0
18447,1
44288,0
29879,0
16050,0
34820,0
7416,0
13609,0
14946,0
23533,0
32380,0
25362,0
20604,0
39540,0
18186,0
5751,0
29420,0
5504,0
37496,0
27494,0
37133,1
34184,1
2355,0
30256,0
6842,0
21596,0
6890,0
2621,0
15417,0
19078,0
12319,0
8683,0
1481,0
24030,0
11015,0
22527,0
23582,0
3128,0
4454,0
30314,0
38326,1
23596,0
41195,0
33968,1
13899,0
33020,1
1891,0
38507,0
43270,0
36747,0
25257,0
45011,1
30428,0
4457,0
14974,0
41002,0
44944,0
29084,0
24071,1
3987,0
26987,0
40390,0
40517,0
24442,0
23697,0
199,0
19972,1
28827,0
2659,0
41846,0
40521,1
15959,0
9132,0
29787,0
16980,0
10449,0
43831,0
5882,0
15566,0
5834,0
42537,0
24418,0
10696,0
2883,0
17645,0
10801,0
957,0
37529,0
13728,0
22716,0
34150,1
6062,0
42501,0
30762,0
38126,0
22712,0
29178,0
36998,0
7271,0
44068,0
36995,0
34399,0
27287,0
15857,0
23471,1
19110,0
33216,0
37570,0
5264,0
17232,0
13205,0
18096,0
12747,0
1842,0
18604,0
18935,0
13070,0
42547,1
37874,0
12756,0
42199,1
40911,0
39150,0
3798,0
15262,0
28396,0
42842,0
6667,0
8755,1
8500,0
16525,0
20878,1
40597,0
4506,0
19739,0
10701,0
8682,0
13708,0
5984,0
24019,0
11337,0
1509,0
18629,0
11822,0
10556,0
32801,0
2074,0
44843,1
26999,0
3663,0
26871,0
21719,0
24343,0
43806,1
28211,0
24461,0
35649,1
20946,0
32445,0
40483,0
25427,0
16444,0
10812,0
25444,0
27210,0
39698,0
200,0
36752,1
24514,0
7949,0
6027,0
43918,0
28883,0
22004,0
11396,0
20913,0
13269,0
8273,0
26961,1
34905,0
16007,0
22641,0
42175,1
33427,0
27499,0
13514,1
40409,0
29484,0
38465,0
29191,0
11583,0
12670,0
29076,0
39211,0
33751,1
3108,0
44140,1
24801,0
7881,0
20713,0
20420,0
34000,0
31663,0
34714,0
17188,0
14206,0
20010,0
34379,0
2672,0
34815,0
29298,0
14095,0
17799,0
23655,0
31025,0
6593,0
14512,0
26071,0
21555,0
34503,0
36637,0
25672,0
6668,0
41515,1
35448,0
17294,0
23977,0
30824,0
29980,0
42192,1
4746,0
30993,0
13421,0
9853,0
38430,0
23103,0
35209,0
18342,0
31910,0
23817,0
20168,0
23978,0
12367,0
5983,0
13420,0
19649,0
26012,0
31362,0
11035,0
38516,0
30576,0
34624,0
34110,0
37114,0
18853,0
39272,0
16466,0
13721,1
6151,0
40994,0
1408,0
15901,0
22711,0
7671,0
17720,0
44494,1
39383,1
17680,0
24679,0
22423,0
1230,0
44201,1
3846,0
17193,1
455,0
23314,0
6095,0
130,0
13244,0
3640,0
21340,0
14648,1
19638,0
36122,0
6496,0
27484,0
24959,0
6047,0
41731,0
23933,0
15614,0
14541,0
20907,0
27654,0
30355,0
31590,0
3708,1
12100,0
26962,1
39167,0
4913,0
11655,0
22595,0
38592,0
27566,0
20573,0
10639,0
31807,1
15209,0
36953,0
28288,0
1674,1
4347,0
5604,0
20863,0
10628,0
5100,0
1645,0
32469,0
2528,0
9375,0
18422,0
17057,0
16733,1
18663,0
13722,0
21363,0
8208,0
8433,0
22804,0
40104,0
13763,0
18637,0
27600,0
12719,0
43914,0
39506,0
43047,1
28000,0
19488,0
38753,0
22053,0
18334,0
15056,0
4041,0
10388,0
20329,0
37308,0
21406,0
35432,0
1079,0
3771,0
15218,0
27561,0
8321,0
33547,0
24508,0
42860,1
40361,0
18331,0
28340,0
13164,1
29739,0
18353,0
35186,0
32914,0
27240,0
42210,1
26894,0
16861,0
2935,0
40228,1
18211,0
30677,0
9414,0
26690,0
5103,0
21683,0
29354,0
26109,0
42026,0
9385,0
44217,0
25530,0
15492,0
27567,1
1467,0
11305,0
28882,0
10598,0
2807,0
32495,0
26543,0
38400,0
25007,0
34521,0
32104,0
24506,0
5923,0
38707,0
4536,0
8507,0
41747,1
10448,0
44851,1
11290,0
29709,0
13687,0
8048,0
16866,0
43126,1
17483,0
30281,0
11749,0
1163,0
2066,0
16839,0
45188,1
41441,0
17258,0
27219,0
38341,0
22084,0
20706,0
44548,0
34468,0
41735,0
525,0
44982,0
865,0
42638,0
30816,0
1419,0
10847,0
21347,0
37178,0
8729,0
16293,0
35256,0
39914,0
884,0
29195,0
19918,0
17313,0
25262,0
15562,0
3072,0
24614,0
22852,0
40809,1
23113,0
22110,0
20209,0
27149,0
26713,0
17587,0
10861,0
3386,0
40351,0
2518,0
29447,0
32835,0
20171,0
16285,0
12128,0
17722,0
3617,0
17062,0
39355,0
6885,0
36885,0
7569,0
20854,0
5553,0
32250,0
24625,0
38008,0
14430,0
55,0
22192,0
39848,0
20670,0
33435,0
15137,0
13082,0
2340,0
33328,0
41373,0
40217,1
24937,0
42742,0
34306,0
39596,0
34151,1
24811,0
40618,1
14062,0
28318,0
37272,1
13158,0
23943,0
25955,0
5816,0
43570,1
20461,0
26843,1
39094,0
35757,0
26405,0
21234,0
16154,0
102,0
7227,0
16892,0
9982,0
15928,0
30474,0
11233,0
7497,0
7434,0
11515,1
25452,0
17247,0
32151,0
36579,0
40834,0
19693,0
42459,1
24437,0
41545,0
5126,0
28949,0
42469,1
37049,0
5775,0
39816,1
14015,0
22493,0
23829,0
12329,0
23871,0
36438,0
18391,0
41186,1
33590,0
42264,1
9757,0
38269,0
35679,0
26946,0
24771,1
17264,0
14104,0
4582,0
15953,0
14459,0
20276,0
21727,0
7401,0
4570,0
36328,0
32624,0
13926,1
36798,0
1518,0
38192,0
324,0
40897,0
44932,1
20315,0
10888,0
44936,0
7318,0
28292,0
16606,0
20071,0
36724,0
7910,0
35735,0
34007,1
19839,1
37452,0
38131,0
21391,0
12936,0
28225,0
35868,0
4069,0
32239,0
3322,0
41296,1
18886,0
45170,0
5958,0
30557,0
15647,0
7602,0
30647,0
39530,0
25848,0
10413,0
32849,0
19113,0
6442,0
27083,0
44596,0
20881,0
20766,0
26020,0
20947,0
20039,0
2542,0
27448,0
40484,0
24072,0
29459,0
4144,0
27817,0
14188,0
28147,0
16554,0
25607,1
25201,0
8630,0
26540,0
9533,0
16516,0
37262,0
18759,0
7781,0
36552,0
38231,0
16964,0
28572,0
14509,0
5411,0
16743,0
18419,0
31359,1
18226,0
2690,0
16994,0
536,0
26608,0
21975,0
1917,0
3784,0
12113,0
14155,1
33126,0
26523,0
24686,0
26893,0
7528,0
34124,0
19781,0
41949,1
37797,0
44097,1
32570,0
5520,0
41971,0
7279,0
24476,0
23370,0
13520,0
26656,0
2957,0
28254,0
19063,0
17413,0
39920,1
18636,0
24733,0
20259,0
7951,0
6729,0
28691,0
26448,0
40191,0
44812,0
14012,0
24066,0
38111,0
45089,0
5584,0
7632,1
4834,0
17583,0
30460,0
30765,0
15072,0
39660,0
25891,0
29689,0
30438,0
16382,0
34878,0
41460,0
18900,0
9425,0
32063,0
26513,0
38475,0
6588,0
20587,0
45208,1
18829,0
41185,1
13663,0
38499,0
32202,1
6490,0
27141,0
11503,0
6817,0
44662,0
14880,0
20431,0
38124,0
4167,0
28671,0
3014,0
3854,0
8098,0
16486,0
42951,1
37768,0
8553,0
40061,1
9001,0
37440,1
6330,0
4677,0
4613,0
37346,0
1969,0
30344,0
15250,0
10858,0
3573,0
42949,0
33527,0
30174,0
34311,0
31044,1
38000,0
18652,0
14114,0
13745,0
11509,0
12862,1
33303,0
32180,0
24888,0
25462,0
37417,0
40009,0
30528,0
4427,1
18649,0
22373,0
38336,0
39249,0
7120,0
38672,0
39908,1
18800,0
42833,1
35438,0
2198,0
1295,0
40870,0
1849,0
23183,0
35452,0
9975,0
30180,0
28527,0
18069,0
16501,0
7533,0
44346,1
4796,0
7090,1
14588,0
8339,0
35998,0
8728,0
11342,0
36626,0
1522,0
32173,0
36854,0
10711,0
24333,0
24897,0
34463,1
44457,1
32757,0
13438,0
26004,0
35043,0
36428,0
21547,0
37158,1
19791,0
11867,0
44368,1
36759,0
12585,0
30812,0
38746,0
18813,0
23870,0
15721,0
31656,1
29430,1
18049,0
27318,0
1293,0
34435,0
12499,0
34052,0
6410,0
5837,0
29427,0
12789,0
23248,0
4778,0
21057,0
28039,0
33588,0
555,0
14710,0
6605,0
11862,0
706,0
32539,0
9295,0
301,0
14984,0
12914,0
37355,0
10860,0
25998,0
25662,1
29395,0
9125,0
11058,0
15760,0
407,0
2416,0
18661,0
24890,0
11501,0
7498,0
44418,1
33161,0
7008,0
23641,0
5522,0
9919,0
41700,1
21072,0
42616,0
11061,0
38447,0
8539,0
7414,0
20532,0
37065,0
16889,0
1087,1
26633,0
19921,0
24540,0
34932,0
8827,0
24473,0
29364,0
43006,1
38587,0
40829,1
15077,0
11498,0
5324,0
28411,0
27120,0
11943,0
32022,0
15545,0
11433,0
27618,0
43031,1
17738,0
19692,0
9946,0
3228,0
35400,0
20078,0
30987,0
39989,0
3136,0
41274,0
26951,0
22034,0
35171,0
19547,0
41721,0
30587,0
20620,0
17433,0
41561,1
15243,0
20623,0
15610,0
12684,1
43139,1
16768,0
41880,0
39079,1
42428,0
23189,0
22347,0
13817,0
22844,1
38016,0
15145,0
44041,1
29941,0
42364,1
41001,0
36,0
29421,0
31555,0
8442,1
15192,1
10900,0
8838,0
5763,0
16654,0
39178,0
3506,0
26510,0
11720,0
18038,0
20147,0
17678,0
39975,1
23406,0
20554,0
396,0
25563,1
1944,0
26972,0
3065,0
11844,0
44789,0
18896,0
42141,1
30193,0
41571,1
22047,0
6537,0
16759,0
27913,0
4096,0
22214,0
7791,0
16911,0
5331,0
18895,0
32916,0
33410,0
26221,0
12380,0
36011,0
20455,0
24579,0
9015,0
30969,0
39466,0
5949,0
39738,0
18023,1
14417,0
13445,0
34423,0
41559,1
29377,0
17197,0
29998,0
15683,0
35399,0
8608,0
21168,0
16532,0
4315,0
29314,0
21,0
42160,0
7823,0
30283,0
2723,0
31156,0
34871,0
23382,0
14786,0
16804,0
15523,0
26397,1
35414,1
19980,0
29512,0
28931,1
21201,0
18007,0
23058,0
12643,0
42610,0
31575,1
3383,0
12600,0
36943,0
34828,0
24528,0
20568,0
29554,0
41642,0
36816,0
7477,0
39473,0
36399,0
19054,0
38886,0
10378,0
7868,0
21862,0
19089,0
19573,0
12125,0
20618,0
12783,0
3079,0
42240,1
37810,0
29006,0
10410,0
39027,0
35341,0
38896,0
31066,0
15625,0
20741,0
4386,0
17793,0
18225,0
25602,0
923,0
19020,0
5054,0
36730,0
17535,0
38900,0
35325,0
18753,0
37942,0
34566,1
26063,0
13102,0
8194,0
38261,0
24027,0
36563,0
37894,0
39209,1
8634,0
35681,0
27971,0
1802,0
34730,0
20630,0
10496,1
13110,0
37567,0
37545,0
41360,1
34170,1
32447,0
3457,0
18116,0
13390,0
41641,1
16428,0
3764,0
25175,0
22281,0
24169,1
293,0
23329,0
791,0
30114,0
13176,0
38796,0
40868,1
27026,0
38335,0
37604,0
38532,0
5853,0
28347,0
35398,0
18633,0
16962,0
16745,0
13398,0
28668,0
37169,0
12424,0
29811,0
27021,1
42799,1
14263,0
13003,0
35314,0
13945,0
14084,0
7107,0
20796,0
11757,0
1883,0
30062,0
3268,0
12535,0
18693,0
8816,0
22919,0
5793,0
27701,0
21784,0
24856,0
15485,0
41210,1
26030,0
21319,0
8849,0
21054,0
3080,0
12409,0
36997,0
35587,0
18399,0
42346,0
14170,0
2400,0
5892,0
10536,0
10036,0
8669,0
6889,0
39458,1
34631,0
16144,0
18540,1
18525,0
10700,0
9506,0
22316,0
33292,0
4825,0
37044,0
39654,0
7582,0
36709,0
33079,0
4585,0
44552,1
893,0
7180,0
40026,0
37368,0
24895,0
34906,0
22934,0
10525,0
6904,0
14765,0
6639,0
32149,0
24585,0
6354,0
8501,0
11765,0
5442,0
43140,0
20364,0
26182,0
9076,0
42775,1
10081,0
9018,0
13891,0
25352,0
44873,0
418,0
14994,0
17684,0
8189,0
44492,1
10365,0
34789,0
33437,0
43379,1
44908,0
43995,0
28733,0
3770,1
21791,1
19187,0
22973,0
7345,0
17212,0
19503,0
13340,0
42836,0
32666,0
20561,0
11006,0
38881,0
30272,0
44665,1
20382,0
37522,0
41404,1
20868,0
30022,0
39231,0
24531,0
20960,0
35188,0
32281,1
23557,0
31483,0
13035,0
20705,0
7540,0
15762,0
40069,0
11119,1
36006,0
29146,0
11549,0
35524,0
37177,0
25009,0
37679,0
19689,0
26471,0
36031,0
13848,0
14489,0
15497,0
39569,0
35360,0
17279,1
19974,0
25108,0
43877,0
34176,1
18862,0
37892,0
1539,0
35650,0
42948,0
19395,0
43878,1
16872,0
33165,0
33301,0
42816,0
23674,0
24453,0
32663,0
41800,0
35889,0
29008,0
25155,0
33107,0
237,0
42200,0
14884,0
6740,0
26144,0
12565,0
56,0
7387,0
41254,0
16070,0
5257,0
21408,1
39722,0
39696,0
28456,0
24630,0
21214,1
10772,0
5161,0
26502,1
25371,0
36984,0
22963,0
29369,0
33827,1
17756,0
35423,0
23569,0
44206,0
38664,0
4244,0
10076,0
31598,0
44876,0
14817,1
11535,0
15461,0
3526,0
2362,0
20017,1
13615,0
16731,0
16242,0
34042,0
10040,0
17261,0
28956,0
35117,0
42694,0
35268,1
44181,1
1180,0
7765,0
9524,0
31594,0
13302,1
899,0
34583,0
4177,0
2958,0
32466,0
9134,1
40982,1
44972,1
20490,0
13983,1
30966,0
39059,0
32011,0
22112,0
9578,1
39740,0
21511,0
29041,0
22253,0
2042,0
21503,0
1060,0
2144,0
42844,1
9434,1
11600,0
6308,0
30659,0
42037,0
27837,0
12564,1
18176,0
1823,0
12991,0
3484,0
14476,0
31914,1
15925,0
6086,0
32743,0
1989,0
42294,1
24840,0
12636,0
23369,0
38762,0
44939,0
1280,0
35093,0
14804,0
23432,0
14777,0
5579,0
43693,1
8332,0
17774,0
17911,0
32923,0
16583,0
44529,1
7640,0
37054,0
22581,0
31301,1
33245,0
4766,0
3230,0
14037,0
10324,0
41430,0
41865,1
22786,0
19044,1
39531,0
43551,0
26297,0
25878,0
35431,0
6654,0
27533,0
24021,0
12746,0
12607,0
31226,1
14576,0
39701,0
27798,0
27423,0
18122,0
39820,1
2220,0
19701,0
19817,0
17873,1
24323,0
4327,0
24147,0
19236,0
8635,0
20238,0
17045,0
1328,0
21605,0
7202,0
39185,0
11845,0
43366,0
1092,0
39109,0
7920,0
18769,0
13976,0
13948,0
15216,0
35531,0
15937,0
4289,0
32335,0
41174,1
36661,0
10653,0
33331,0
9588,0
9206,0
13679,0
9731,0
30075,0
42323,1
1108,0
28990,0
20151,0
12417,0
1050,0
21831,0
31525,0
38846,0
20088,0
20798,0
34497,0
40840,1
16617,0
6575,0
10386,0
7037,0
44841,0
20682,0
15078,0
13150,0
1010,0
31911,0
25521,0
37091,0
33242,1
14103,0
30345,0
5459,0
45154,0
35128,0
4313,1
18939,0
30512,0
5216,0
43596,1
42901,0
24717,0
21015,0
32256,0
42760,0
40921,0
41912,1
38632,0
29255,0
1816,0
6899,0
32303,0
22429,0
41613,1
5743,0
32760,0
9935,0
41100,1
20759,0
33614,0
10733,0
39590,0
22149,0
3364,0
40879,1
36200,0
11474,0
23703,0
42573,0
4175,0
40062,0
14109,0
23783,0
22686,0
14859,0
28789,0
2544,0
33269,0
26001,0
12474,0
20301,0
13950,0
40948,1
23311,0
15328,0
2459,0
4474,0
37290,0
17859,0
34442,0
34904,0
43465,1
33306,0
1743,0
4312,0
15420,0
6841,0
40579,0
10583,0
40305,1
8363,0
32043,0
17327,0
1843,0
2087,0
4351,0
19199,0
14253,0
21155,0
28282,0
33549,0
32677,0
8234,0
21902,0
30500,0
33531,0
4649,0
17769,0
42526,1
2674,0
42653,0
17889,0
21504,0
9497,0
26376,0
29900,0
6823,1
38560,0
24416,0
18126,1
2819,0
35559,1
40000,0
415,0
20842,1
29833,0
33999,0
4765,1
19453,0
43739,1
40620,0
24914,0
43078,0
9499,1
24020,0
45092,1
16689,0
27592,0
18824,0
17173,0
25967,0
10213,0
2395,0
31003,0
299,0
15604,0
24793,0
37226,0
29764,0
7377,0
29767,0
1553,0
2323,0
18843,0
23931,0
31144,1
37102,0
28952,0
27335,0
19014,0
16206,0
31485,0
39787,1
13290,0
24172,1
16727,0
18228,0
44745,1
14691,0
22518,0
21198,0
19803,0
23262,0
36038,0
21362,0
36000,0
2564,0
7185,0
24036,0
44485,0
34060,0
4912,0
29380,0
21565,0
2794,0
24410,0
3299,0
15180,1
138,0
35938,0
8204,0
18320,1
42623,1
34492,0
36778,0
17940,0
2407,0
26691,0
23962,0
38536,0
18513,0
22073,0
22388,0
8305,0
35755,0
3891,0
44121,0
27689,0
31961,0
41830,0
39244,0
11846,1
8164,0
27900,0
42794,1
3902,0
1557,0
30300,1
12921,0
4370,0
38081,0
21691,0
6441,0
44578,0
33366,0
18434,0
38685,0
22287,0
43990,1
27678,0
44875,0
33544,0
9061,0
10853,0
31036,0
13473,1
26897,0
17473,1
19621,0
30339,0
33519,0
1170,0
42179,0
22520,0
14237,0
28574,0
21890,0
32998,0
5455,0
22552,0
5368,0
18578,0
3806,0
21704,0
40965,0
23139,0
31940,0
23907,0
2925,0
6660,0
16491,0
44877,1
8984,0
38019,0
26033,0
12573,0
1432,0
45147,0
2173,0
30253,0
43879,1
21741,0
28369,0
23469,0
10481,0
12692,0
40854,1
3932,0
21539,0
18431,0
15841,0
783,0
26861,0
25722,0
32021,0
11438,0
16116,0
32089,1
2745,0
41396,1
26699,0
21985,0
10371,0
843,0
43439,0
21325,1
29779,0
31409,0
33870,1
35322,0
22879,0
9821,0
16399,0
20855,0
39400,1
16270,0
32647,0
1525,0
4387,0
30785,0
31601,0
19092,0
2963,0
4848,0
8767,0
33138,0
4297,0
21666,0
37637,0
29263,0
34351,0
16679,0
7333,0
45041,0
33752,0
11092,0
38771,0
4531,0
11658,0
172,0
14747,0
42270,1
9111,0
11818,0
23397,0
9148,1
32200,1
13559,0
28425,0
35205,0
7667,0
5971,0
16986,0
31293,1
35898,0
19349,0
26370,0
40676,1
18190,0
33349,0
23464,0
5676,0
18486,0
29063,0
18219,0
22120,0
6460,0
38383,0
4791,0
35560,0
12176,0
10560,0
3665,0
9882,0
44407,1
7273,0
20879,0
1506,0
17570,0
30067,0
12903,0
32501,0
19261,0
27138,0
44917,0
13311,0
44348,0
42936,1
25531,0
30965,0
35062,0
32026,0
20242,0
36946,0
24718,0
8281,0
19682,0
10318,0
5208,0
36308,0
1820,0
31748,0
29051,0
44445,1
4359,0
4936,0
16465,0
25634,0
31065,1
12656,0
36777,0
19074,0
15993,0
11241,0
7553,0
28112,0
43547,1
10425,0
5625,0
4389,0
26869,0
14094,0
11304,0
1127,0
12849,0
44540,1
19220,0
32576,0
25814,0
21087,0
27132,0
26354,0
39304,0
26060,0
18811,1
1023,0
14000,0
13106,0
31029,0
38975,1
34280,0
25555,1
36797,0
25194,0
4588,0
43742,1
23330,0
16117,0
20005,0
15682,0
5629,0
11518,0
31760,0
262,0
730,0
5499,1
20936,0
40116,0
11031,0
37975,0
25881,0
41488,0
1392,0
11081,0
19005,0
15638,0
32879,0
36971,0
6874,1
39999,0
4891,0
14570,0
38935,0
6403,0
32840,0
9861,0
41810,0
9366,0
28335,0
21856,0
3391,0
596,0
11481,0
26328,0
17080,0
28703,0
32553,1
21946,0
11174,0
43901,0
32178,0
1384,0
18124,0
17353,0
8886,0
41189,1
25764,0
35885,0
28747,0
3810,0
30120,0
9719,0
12254,0
3524,0
7616,0
14467,0
41908,0
5053,0
15585,0
30412,0
13411,0
17819,0
21045,0
18854,0
16999,0
5443,0
26973,0
30716,0
44992,0
35606,0
14234,0
935,0
15114,0
19880,0
21017,0
689,0
36405,0
25854,0
36319,0
18409,0
1282,0
30470,0
19582,0
24800,0
37781,0
19790,0
8840,0
38773,0
39644,0
15478,0
7629,0
22916,0
18968,0
5952,0
6678,0
3312,0
43392,1
5166,0
33168,0
31843,1
37645,0
5129,0
44476,0
11300,0
11598,0
41691,0
9308,0
22663,0
20738,0
25284,0
22437,0
12705,0
20049,0
42083,0
4079,0
25386,0
27540,0
36962,0
12885,0
26940,0
6849,0
22227,0
9916,0
30644,1
14345,0
6576,0
44174,0
35646,0
1453,0
30961,0
11690,0
31021,0
10932,0
11196,0
5338,0
14025,0
30822,0
20605,0
7305,0
5749,0
43648,0
16322,0
23982,0
3342,0
25903,0
34637,0
9092,0
38807,0
30124,0
25744,0
18839,0
13447,0
25876,0
10828,0
38058,0
29658,1
7923,0
8431,0
22765,0
1304,0
29539,0
17886,0
38118,0
16509,0
36940,0
20255,0
224,0
20551,0
23812,0
13210,0
2568,0
29648,0
10387,0
13715,0
44248,0
41334,1
43132,1
24655,0
5559,0
7958,0
36649,0
19347,0
31173,1
39505,0
10299,1
38369,0
20704,0
18336,0
4013,0
15429,0
36667,0
34681,1
15037,0
13881,0
42019,0
14052,0
38947,0
16664,0
2385,0
38483,1
23401,0
5344,0
22079,0
62,0
27213,0
24397,0
34573,0
29572,0
19806,0
23043,0
36861,0
24164,0
10242,0
26819,0
33444,0
34471,0
11650,0
7930,0
8183,0
28359,0
40989,0
20518,0
19383,0
32064,0
7417,0
7071,0
30898,0
14727,0
17440,0
42605,1
17096,0
14751,0
13618,0
9663,0
40642,1
32764,0
7922,1
213,0
5267,0
16049,0
14255,0
26867,0
36718,0
18978,0
43659,0
3899,0
241,0
39674,0
14604,0
43883,0
44386,1
11486,0
41646,0
43587,1
17853,0
36800,0
31334,1
6451,1
9838,0
13182,0
43068,0
2012,0
12758,1
775,0
31286,1
22766,0
40954,1
23836,0
24087,1
27173,0
6790,0
45027,0
38307,0
23594,1
12339,0
43173,1
8830,0
29972,0
16589,0
13173,0
16203,0
13813,0
33692,1
13145,0
10262,0
24269,0
15317,0
32337,0
15260,0
39480,0
34728,0
13083,1
33326,0
13464,1
7330,0
4246,0
20142,0
26477,0
26677,0
38189,0
32758,0
24431,0
22443,0
10037,0
33643,0
11782,0
13474,1
2802,0
5525,0
1737,0
9492,1
2552,0
9182,0
29727,0
44294,0
22572,0
7861,0
25788,0
11678,0
14303,0
32942,0
19323,0
11636,0
32735,0
16756,0
8006,0
36843,0
28364,0
42664,1
38500,0
7857,0
42449,1
43167,1
38934,1
11657,0
25500,0
23338,0
5641,0
946,0
42971,0
4411,0
18160,0
7956,0
25120,0
14826,0
40120,0
23573,0
32110,1
25173,0
28197,1
37334,0
26790,0
43873,0
238,0
27648,0
7364,0
37694,0
1373,0
26031,0
39872,1
37965,0
5630,0
24640,0
12022,0
11760,0
3227,0
39672,1
14073,0
5246,0
15902,0
17147,0
40526,1
38613,0
45037,1
18904,0
228,0
232,0
38509,0
37492,0
25389,0
1602,0
29201,0
44111,0
2137,0
44867,1
1763,0
33282,0
10796,0
25174,0
4192,0
30759,0
23038,0
19958,0
44852,1
11132,0
38997,0
20997,0
17454,0
1403,0
39899,1
27995,0
24360,0
35307,0
8573,0
27264,0
18748,0
41217,1
38363,1
24522,0
36519,0
42191,1
40595,0
38948,0
33233,0
21093,0
3112,0
38742,0
13193,0
37538,0
2837,0
10961,0
20190,0
10551,0
36112,0
34527,0
35969,0
43938,1
10829,0
33862,0
25569,0
10303,0
39775,1
21914,0
8163,0
36547,0
9481,0
24494,0
28966,0
5289,0
2008,0
7651,0
27203,0
4067,0
18659,0
37313,0
22366,0
6070,0
5351,0
42854,0
33580,0
11813,0
5883,0
41888,0
9439,0
23653,0
19490,0
17520,0
28573,0
8209,0
41786,1
235,0
18340,0
5077,0
29896,0
20481,0
4906,0
13126,0
32159,0
21607,0
4017,0
33887,1
20037,0
25006,0
6664,0
33285,0
30014,0
32678,0
17156,0
42886,0
7635,1
1250,0
13365,0
3551,0
20188,0
28083,0
6968,0
26298,0
26721,0
43058,1
30258,0
8451,0
16348,0
38318,0
15419,0
17519,0
21952,0
14666,0
36276,0
10407,0
18972,0
4426,0
12140,0
5140,0
12734,0
898,0
12186,0
40053,1
27867,0
5078,0
20416,0
42645,1
21896,0
14446,0
42059,1
222,0
1374,0
23990,0
7140,0
22003,0
14657,0
17795,0
22696,0
22607,0
5551,0
1668,0
12872,0
30795,0
4850,0
34606,0
30675,0
43228,1
32133,0
22793,0
41339,0
41953,1
20914,0
28861,0
34097,1
17151,0
10691,0
24103,1
21357,0
11646,0
9276,0
6757,0
41371,1
23305,0
13622,0
25093,0
37919,1
28518,0
41179,0
5678,0
20642,0
13840,0
12880,0
10049,1
28467,0
1700,0
17458,0
43298,1
33530,0
6937,0
24647,0
28524,0
33648,0
12918,0
45115,0
30845,0
4368,0
22574,0
5066,0
824,0
44051,0
36881,0
39779,1
13906,0
24149,0
2471,0
42222,1
23322,0
25337,0
4422,0
42419,1
23680,0
43763,0
42481,1
37995,0
44631,1
31853,0
1531,0
41265,0
20853,0
3371,1
31515,0
12421,0
1685,0
30954,0
20243,0
40195,0
15597,1
29541,0
36909,0
20637,0
2245,0
15892,0
40462,0
15231,0
18098,0
38510,0
39492,1
24883,0
30201,0
39356,0
25320,0
19664,0
4804,0
18791,0
30807,0
30651,0
3035,0
26417,0
34890,0
26046,0
37008,0
40097,1
26299,0
41558,0
10885,0
21448,1
5429,0
12303,0
20467,0
42692,0
11383,0
36755,0
41042,0
41869,1
1505,0
29353,0
41335,1
16304,0
36886,0
36865,1
1012,0
42791,1
9184,0
39413,0
6372,0
35612,0
26388,0
14172,0
33526,0
17820,0
792,0
26826,1
29278,0
6029,0
6693,0
8300,0
7692,0
31300,0
7598,0
35375,0
26454,0
43261,1
15032,0
19135,0
19079,0
44555,1
33236,0
10988,0
43691,1
33930,1
29012,0
23107,0
21268,0
6926,0
32652,0
40256,0
24887,0
15011,0
5072,0
26029,0
8835,0
14061,0
14709,0
8781,0
27883,0
23171,0
45139,0
26177,0
35835,0
42777,0
15312,1
30397,0
15170,0
72,0
35923,0
27713,0
8991,0
13780,0
40801,0
26512,0
37018,0
29592,0
374,0
34166,0
1629,0
43673,1
8708,0
38562,0
697,0
2505,0
15483,0
23604,0
13450,0
4083,0
41567,0
27709,0
27918,0
15410,0
42607,1
309,0
18743,0
43460,1
18511,0
30572,0
34781,0
10033,0
35000,0
17872,0
28355,0
29330,0
41987,1
1072,0
34674,0
44341,0
29726,0
27302,0
8095,0
23651,0
18657,0
21597,0
26130,0
34514,0
18826,0
37390,1
24745,0
43647,1
17703,0
42042,1
23948,0
14319,1
42655,1
43771,1
29143,0
8730,0
42828,0
42717,0
14559,0
32691,0
40393,1
19282,1
31956,0
6696,0
2608,0
42351,0
1345,0
30871,0
19593,0
14637,0
21628,0
29750,0
40970,0
18754,0
6203,0
1991,0
36925,0
41125,1
14200,0
9695,0
32161,1
24781,0
4548,0
12755,1
34255,0
11197,0
34372,1
37245,0
18244,0
14957,0
8470,0
14742,0
19859,0
19912,0
17629,0
5270,0
8033,0
44240,0
34998,0
4996,0
19611,0
20634,0
32545,0
10012,0
11627,0
18549,0
24069,0
13787,0
3672,0
13586,0
30249,0
29050,0
22306,0
9316,0
13573,0
12764,1
13467,1
9580,0
338,0
41821,0
38619,0
19181,0
7116,0
35983,0
24659,0
37260,1
21864,0
6426,0
18638,0
3934,0
29765,0
21524,0
36604,0
14395,0
5444,0
17497,0
9531,0
21271,0
19568,0
40152,1
22499,0
33995,0
17805,0
33247,0
14987,0
4504,0
20447,0
32361,0
32749,0
39247,0
26720,0
12235,0
2529,0
24747,0
14545,0
12293,0
4925,0
36261,1
23750,0
38790,0
1906,0
2216,0
246,0
9702,0
18166,0
11458,0
25318,0
41901,0
17488,0
41650,0
41725,0
18946,0
36560,0
44151,1
21681,0
19926,0
35067,0
21390,0
38360,0
24845,0
24977,0
32470,0
43598,1
30057,0
14540,0
27547,0
29778,0
17982,0
11106,0
31861,0
42372,0
6764,0
34608,0
8224,0
23245,0
40070,1
12518,0
13266,0
11686,0
24799,0
14381,0
12933,0
31701,0
1772,0
9738,0
42266,1
16507,0
11929,0
8342,0
38169,0
36760,0
7118,0
23841,0
43636,0
25655,0
27727,1
41941,0
29294,0
1643,0
23813,0
21088,1
12462,0
8310,0
24519,0
20160,0
11700,0
19840,0
33459,0
24798,0
11671,0
41131,1
27647,0
25838,0
29796,0
34290,1
34139,1
3978,0
16890,0
43208,0
32510,0
4534,0
3059,0
3237,0
40002,0
40083,1
13201,1
23212,0
39207,0
7151,0
43469,0
15122,1
36829,1
9441,1
8799,0
39988,1
21314,0
34734,0
11118,0
23430,0
32230,0
38545,1
34796,0
6901,0
38259,0
39232,0
17506,0
20221,0
14081,0
8994,0
14548,0
28754,0
16989,0
13452,0
30976,0
13777,0
44046,1
28017,0
22853,0
33152,1
41239,0
1653,0
8902,0
1184,0
30095,0
841,0
8213,1
34412,0
12438,0
19481,0
32462,1
33723,1
8235,0
14821,0
5839,0
38075,0
26255,0
18766,0
41792,0
14019,0
44438,0
37062,0
41920,1
28900,0
9581,1
31995,0
37738,0
42642,0
34863,0
13682,0
24561,0
11317,0
9871,0
2790,0
36518,0
9681,0
15816,0
37000,0
15595,0
7846,0
11261,0
14924,0
30365,0
9417,0
26576,0
13199,0
17235,0
29830,0
43755,1
10091,0
21992,0
23520,0
14941,0
40686,1
29432,0
840,0
4748,0
24236,0
8617,0
8528,0
38038,0
14584,0
15408,0
39611,0
29001,0
30098,0
14396,0
44016,1
6048,0
44889,0
17407,0
8851,0
15945,0
19658,0
43141,0
1954,0
21551,0
43071,1
31827,0
1495,0
6365,0
44826,1
31558,0
6237,0
15133,0
19889,0
19709,0
39179,0
4469,0
42145,0
27415,0
40560,0
12793,0
29753,0
35617,0
7494,0
19255,0
35613,0
31039,0
41348,0
43345,1
21798,0
24073,0
14720,0
4074,0
40605,0
3950,0
27243,0
8024,0
43927,0
16083,0
19998,0
31251,1
28597,0
37541,0
11226,0
34853,0
17119,0
5102,0
11630,0
2605,0
21801,0
30451,0
25494,0
30924,0
12002,0
16998,0
26838,1
42753,0
29601,0
4947,0
12262,0
38295,0
33702,0
8613,0
40161,0
35810,0
12496,0
5369,0
1110,0
11468,0
2952,0
6201,0
6329,0
31862,0
30152,0
20145,0
14917,0
26845,0
3774,0
26741,0
39656,0
34433,0
36241,0
33264,0
4707,0
27735,0
35985,0
19442,0
6682,0
3861,0
8435,0
43756,1
19491,0
14439,0
28104,0
2697,0
14039,0
44036,0
9113,0
27738,0
5596,0
14292,0
13038,0
41041,0
30294,0
10819,0
10813,0
30877,0
4491,0
4622,0
14647,0
16157,0
29035,0
12017,0
7039,0
11555,0
27668,0
30378,0
26856,0
31104,0
26715,0
34132,0
31319,1
44038,0
12166,0
20226,0
26,0
12044,0
33206,0
24280,0
24088,1
28155,0
34055,1
20372,1
2939,0
2570,0
23210,1
34618,0
10654,0
28815,0
37130,0
2448,0
20839,0
11866,0
43579,1
32340,0
23396,0
15321,1
875,0
24943,0
28851,0
26605,0
17103,0
1270,0
14888,0
36703,0
25631,0
33297,0
35415,0
2275,0
21383,0
40531,0
32886,0
22300,0
18281,0
10209,0
1915,0
42309,1
45079,1
37007,0
15156,0
5935,0
44382,1
2057,0
6332,0
43470,1
29809,1
5437,0
28342,0
15981,0
39189,0
20042,1
31573,0
27051,0
39544,0
34314,0
34889,0
40015,0
24697,0
30317,0
43663,1
12939,0
1598,0
15398,0
36578,0
20070,0
4131,0
12395,0
1600,0
19863,0
6353,0
37163,0
22425,0
38073,0
32141,1
8896,0
5181,0
39744,0
454,0
1176,0
11575,0
32224,0
7626,0
5753,0
18981,0
25595,0
43185,0
11423,0
4464,0
2389,0
35548,0
3438,0
33828,0
41914,1
29967,0
43427,1
42923,0
211,0
12594,0
19752,0
1755,0
43497,0
25203,0
11462,0
44247,1
8120,0
36837,0
22182,0
22222,0
41630,0
24090,1
44508,1
34235,1
13100,0
365,0
15814,0
4701,0
8563,0
31816,0
18328,0
259,0
41489,1
1468,0
31557,0
5315,0
9445,0
44971,0
34996,1
2401,0
11191,0
6083,0
20747,0
37516,0
22145,0
36960,0
36527,0
24226,0
29273,0
30401,0
19059,0
13268,0
2580,0
24999,0
1348,0
44752,0
34961,0
25033,0
28162,0
17983,0
7627,0
9180,0
38891,0
20589,0
40720,0
38522,1
13643,0
31969,0
17782,0
36364,0
15065,0
33433,0
35590,0
3216,0
12539,0
29915,0
34200,1
5262,0
39600,0
18299,0
18712,0
31928,0
5310,0
5073,0
17584,0
2503,0
13921,0
44765,1
16981,0
43245,1
14848,1
22956,0
21299,0
8599,0
12587,0
41307,1
30499,0
36808,0
1139,0
17117,0
38304,0
14560,1
42125,1
14695,0
16514,0
26519,0
20735,0
42256,1
42392,1
25478,0
22289,0
18171,1
35651,0
4226,0
36103,0
15427,0
41158,0
42848,1
5632,0
7405,0
5950,0
35975,0
15251,0
33687,0
29578,0
25649,0
3986,0
20173,0
38163,0
21833,0
41529,1
13880,0
31903,1
17326,0
27684,0
7562,0
16490,0
42165,0
44498,1
36963,0
30931,0
42048,1
6111,0
40682,0
4814,0
7899,0
37318,0
36133,0
44283,0
28091,0
1910,0
11287,1
28097,0
40035,1
16189,0
26923,0
38850,0
14561,0
36220,0
17268,0
31526,1
29267,1
27190,0
33361,0
26600,0
22085,0
3447,0
36466,0
9418,0
21189,0
11465,0
29776,0
10865,0
35306,1
27746,0
26322,0
32487,0
40858,0
2465,0
13700,0
17730,0
19905,0
29986,0
18502,0
27780,0
5028,0
9887,0
41815,0
28632,0
40534,0
6625,0
31993,0
37890,0
28859,0
26903,0
2549,0
35733,0
37999,0
7824,0
38154,0
34771,0
37350,0
7877,0
4577,0
30885,0
9369,0
27075,0
38032,0
2247,0
24796,0
40283,0
13031,0
642,0
4314,0
33252,0
33381,0
39780,1
31019,0
41729,0
38072,0
39676,0
22010,0
22503,0
11794,0
8618,0
21838,0
38094,0
17343,0
43944,0
26305,0
2868,0
27055,0
28084,0
15389,1
42334,1
24545,0
30972,0
879,0
17832,0
43039,1
20428,0
22537,0
27082,0
1601,0
30798,0
32128,0
29339,0
37118,0
14257,0
3604,0
37116,0
3938,0
34181,0
10670,0
13459,0
12263,0
6952,0
16278,0
39895,1
2027,0
5284,0
25236,0
22439,0
36692,1
33513,0
27910,0
6821,1
40147,0
26632,0
30840,0
35280,0
1260,0
30453,0
5875,0
4835,1
24295,0
5013,0
15889,0
30235,0
26222,0
26266,1
8327,0
11680,0
24101,0
42221,1
33272,0
7975,0
19604,0
34175,1
43402,1
967,0
14363,0
31441,1
29490,0
27347,0
16152,0
43400,1
2520,0
32861,0
12769,0
10974,0
21181,0
732,0
32825,0
28273,0
22123,0
38357,0
21775,0
38029,0
6793,0
16024,0
11215,0
32985,0
15489,0
16323,0
2082,0
18601,0
44453,1
33733,1
11099,0
9638,0
34612,0
369,0
25559,0
43310,1
19999,0
42564,1
16936,0
39057,0
41603,1
31539,0
12181,0
40263,0
40890,0
32832,0
24929,0
41376,0
32831,0
16279,0
28173,0
4575,0
43260,1
32513,0
41212,0
18982,0
29963,0
20700,0
27507,0
30330,0
4576,0
2724,0
1999,0
10239,0
18227,0
29059,0
39118,0
33393,1
34202,0
26889,0
28561,0
25546,0
11331,0
39230,0
26122,0
43852,1
8203,0
44245,1
27764,0
33979,0
34028,1
17605,0
6185,0
41455,1
8976,1
8534,0
22410,0
40201,0
41013,0
42939,0
32195,1
34746,0
5674,0
1330,0
41976,0
22789,0
16674,0
26234,0
40273,0
8347,0
4476,0
30947,0
11472,0
46,0
21811,0
11687,0
42699,1
38121,0
31108,1
14144,0
23757,0
17140,0
42959,1
27004,0
4054,0
16623,0
30707,0
28616,0
43958,1
10326,0
18460,0
25046,0
25423,0
3814,0
1152,0
19362,0
1309,0
30830,0
31373,0
7126,0
11786,0
32802,1
37815,0
36636,0
39148,0
17539,0
10310,0
10660,0
22057,0
38429,0
8221,0
27583,0
25870,0
29734,0
11459,0
9968,0
15014,0
43974,0
5039,0
20509,1
6399,0
36665,0
19838,0
41126,0
29677,0
32109,0
26976,0
7041,0
36904,0
7539,0
9424,0
40344,1
8792,0
6388,0
22508,0
21540,0
33032,0
14915,0
37268,0
27270,0
35712,0
13353,0
41840,1
16708,0
33966,0
31960,1
18338,0
36258,0
11413,0
6727,0
35092,0
11932,0
21796,0
27578,0
41401,0
19991,0
9939,0
2083,0
39450,0
8790,0
25768,0
36890,0
5322,0
40695,0
36857,0
16318,0
40171,1
27124,0
11512,0
43075,0
24154,1
4189,0
12132,0
14190,0
4490,0
16093,0
21382,0
17586,0
13391,0
34288,0
3351,0
43915,1
16991,0
765,0
11454,0
3588,0
29113,0
25591,0
11755,0
10372,0
36827,0
4580,0
19125,0
27070,0
23905,0
45018,0
40510,0
10109,1
43979,0
14024,0
20517,0
24568,0
36483,0
38777,0
37989,0
7986,0
1016,0
30581,0
31182,1
19186,0
35339,0
38067,0
7374,0
8723,0
9339,0
16790,0
18324,0
19358,0
40357,0
27998,0
32724,0
2483,1
31072,1
3910,0
26839,1
13348,0
2434,0
31312,0
35715,0
17609,0
9632,0
25075,0
11069,0
40549,0
14904,0
11048,0
40213,0
34076,0
16187,1
17660,0
9907,0
28704,0
29614,0
27650,0
6297,0
563,0
9765,0
43005,1
27508,0
13683,0
2740,0
18680,0
21828,0
38952,0
28734,0
1227,0
30071,0
41044,0
34784,0
33051,0
23072,1
41680,0
7856,0
12655,0
155,0
40765,0
35,0
7170,0
30781,0
1277,0
36409,0
18156,0
29683,0
25868,0
37540,0
28640,0
42998,1
17460,0
13483,0
11495,0
18847,0
22037,1
44252,1
19099,1
2522,0
20852,0
17462,0
2232,0
435,0
35657,0
4030,0
33304,0
4253,0
28154,0
41749,1
24589,0
21193,0
39453,0
13512,0
43029,0
31332,0
23621,0
24470,0
22041,0
1027,0
38071,0
25277,0
25357,0
30462,0
13748,0
16944,0
644,0
36392,0
24487,0
32648,0
38374,0
5116,0
34989,0
27020,0
7499,0
15899,0
26931,0
32390,0
38003,0
11142,0
6244,0
37678,0
5132,0
37274,0
22805,0
31348,1
42913,0
10576,0
26852,0
19625,0
8274,0
6771,0
12098,0
10443,0
6872,0
9110,0
33295,0
28926,0
6868,0
10289,0
29291,1
18577,0
4088,0
43321,0
36093,0
27870,0
39472,0
17577,0
13494,0
36036,0
22118,0
28016,0
27633,0
26176,0
18885,0
44359,0
3608,0
36682,0
23544,0
920,0
39140,0
27778,0
34138,0
4522,0
37619,0
5913,0
15784,0
28635,0
23383,0
43123,1
35487,0
18580,0
16519,0
17263,0
17010,0
13028,0
43179,1
3109,0
43900,0
42964,1
21506,0
37804,0
3431,0
45124,1
3994,0
40703,0
37354,0
17214,0
6995,0
23970,0
19858,0
7285,0
39489,0
38836,0
13235,0
32314,0
29064,1
38658,0
30740,0
22284,0
40507,0
35690,0
22315,0
2875,0
28939,0
23110,0
8703,0
25353,0
34672,0
41757,0
44941,1
25911,0
23249,0
35836,1
15773,0
40973,0
24159,1
38775,0
38438,0
19390,0
12679,0
34870,0
28617,0
41667,0
25970,0
39315,0
12316,0
1222,0
23494,0
16807,0
16085,0
28179,0
7658,0
1831,0
42750,1
26750,0
10684,0
31839,1
9872,0
33819,0
39428,0
19258,0
12824,1
25855,0
18810,0
1091,0
19170,0
26590,0
9820,0
3581,0
2288,0
43236,0
36174,0
2757,0
19536,1
39635,0
16481,0
35509,0
26287,1
29517,0
16783,0
31342,0
35722,0
10592,0
25557,0
32814,0
43810,0
44670,1
15364,0
17821,0
33240,0
3510,0
40258,1
37838,0
13887,0
4983,0
8062,0
8856,0
41836,1
15281,0
37970,0
41203,0
20397,0
3888,0
13692,0
18650,0
44504,0
11612,0
44246,0
17879,0
31743,0
3222,0
5247,0
35333,0
18943,0
43777,1
22567,0
12354,0
15224,0
38070,0
22351,1
1970,0
27106,0
39564,0
23559,0
32262,0
2316,0
23140,0
43428,0
38710,0
21230,0
18678,0
32465,0
43819,1
38749,0
3117,0
29391,0
5483,1
25434,0
29906,0
43882,1
31970,0
9990,0
40229,0
43054,1
28522,0
26651,0
20256,0
41184,1
37491,0
28626,0
29101,1
22988,0
9379,0
23616,0
5898,0
7747,0
35481,0
22782,0
24043,0
25789,0
6191,0
39616,1
14326,0
32880,0
9706,0
25752,0
39292,0
24279,0
15475,0
23353,0
31810,0
34594,0
26503,0
13674,0
38861,0
6933,0
25801,0
387,0
15620,0
27175,0
35579,1
26126,0
21850,0
14936,0
8391,0
15301,0
42140,1
91,0
14922,0
12975,0
10618,0
7511,0
9740,0
37689,0
40934,0
34310,0
28821,0
4710,0
4628,0
28717,0
31417,0
36708,0
30889,0
10397,0
5653,0
24102,1
6060,0
17735,0
10807,0
27009,0
42367,1
23004,0
3475,0
12335,0
15930,0
43468,1
37167,0
42132,1
42166,0
27892,0
23619,0
14679,0
9137,0
4934,0
23700,0
12332,0
43372,0
19703,0
9223,0
5291,0
14060,0
37482,0
35626,0
40162,0
35352,0
32461,0
40024,0
24962,0
8661,0
38236,0
40670,1
9782,0
25887,0
23747,0
33909,1
1666,0
43851,1
20978,0
20816,0
4269,0
16764,0
41683,1
3455,0
42137,1
42715,0
30248,0
7835,0
35537,0
35310,0
6039,0
5376,0
36317,0
44168,1
29402,0
16266,0
43007,1
9365,0
38253,0
22479,0
37611,1
20498,1
13916,0
12404,0
12130,0
8883,0
44759,1
27305,0
23606,0
12023,0
10054,0
25232,0
19001,0
33323,0
25263,0
3956,0
24938,0
27809,0
41063,0
16221,0
2270,0
9973,0
6493,0
29443,0
34120,0
38229,1
30982,0
38747,0
1480,0
35909,0
11268,0
32232,0
10175,0
11850,0
44860,0
40139,1
35930,0
30549,0
19663,0
21252,0
17034,0
42237,1
17112,0
14671,0
6064,0
40085,1
40945,0
18405,0
28278,0
35786,1
5631,0
23983,0
26904,0
36327,0
17770,0
37080,1
44832,0
23589,0
22563,0
33502,0
42088,1
23502,0
4346,0
4619,0
24378,0
20148,0
24889,0
10892,0
3032,0
7580,0
432,0
22098,0
42061,1
10263,0
22635,0
5592,0
27233,1
14860,0
26811,0
24913,0
21672,0
43314,0
22313,0
37449,0
24927,0
18953,0
36493,0
20516,0
2267,0
23007,0
14672,0
43890,1
21224,1
42617,0
6837,0
29642,0
29040,0
35604,0
1869,0
43177,0
20789,0
33900,0
19084,0
44029,1
36051,0
11266,0
9199,0
2114,0
16982,0
19792,0
30046,0
24013,0
19676,0
40939,0
26128,0
29137,0
13431,0
17505,0
27866,0
1673,0
42576,1
28415,0
5244,0
1705,0
3858,0
4930,0
10217,1
6927,0
21891,0
16873,0
12948,0
12788,0
23614,0
23261,0
3236,0
15010,0
16324,0
16390,1
30915,0
10969,0
6989,0
8638,0
5835,0
17548,0
19484,0
12014,0
36046,0
31391,0
44074,0
29590,0
7903,0
13704,0
26396,0
34846,0
27846,0
24392,0
11762,1
27767,0
2437,0
3214,1
32602,0
43092,1
28713,0
34884,0
15168,0
25882,1
22283,0
12735,1
35704,0
3008,0
15998,0
26199,0
42846,1
18763,0
19798,0
21888,0
38450,0
20562,0
33195,1
27206,0
33205,1
28980,0
548,0
7719,0
29203,0
14350,0
36287,1
28601,0
6282,0
32915,0
30646,0
44797,1
34481,0
31904,0
24582,0
1882,0
41221,1
34949,0
17166,0
33650,0
25691,0
42937,0
37707,0
8523,0
1386,0
22265,0
17864,0
3061,0
23292,0
43780,1
17285,0
8352,0
40472,1
19975,0
39724,1
39437,0
14550,0
44452,0
34068,0
22170,0
33548,0
42766,1
22589,0
21728,0
33343,0
12722,0
44352,1
13670,0
43099,1
327,0
16370,0
17196,0
11320,0
26740,0
43289,0
24598,0
41142,0
6677,0
5360,0
36147,0
4726,0
23069,1
38399,0
1698,0
32238,0
24064,1
26079,0
31457,0
33172,0
40447,1
18349,0
16721,0
3339,0
19235,0
10534,0
25719,0
771,0
35767,0
40169,1
42721,0
38007,0
44913,1
13374,0
25404,0
28387,0
21434,0
30980,0
25082,0
9594,0
25755,0
4777,0
28944,0
24985,0
26240,0
12218,0
8137,0
1663,0
742,0
3792,0
420,0
1247,1
25167,0
5851,0
7193,0
2776,0
38376,0
33462,0
2069,0
31736,0
24001,0
38859,0
7778,0
15658,0
28947,0
4473,0
29075,0
44482,0
44761,0
1797,0
26052,0
7219,0
12591,0
27844,0
8401,0
1853,0
14902,1
34269,0
32812,0
17088,0
41831,1
33344,0
34978,0
27912,0
21173,0
25535,0
13298,1
35081,0
36641,0
29812,0
19785,0
32634,0
43275,0
635,0
18973,0
16934,0
11817,0
30400,0
29099,0
44126,0
641,0
19111,0
13329,0
36084,0
28450,0
10163,0
27855,0
34102,0
12003,0
40020,0
36793,0
41702,0
42635,1
25313,0
39432,0
28330,0
41070,1
3975,0
37378,0
16254,0
26551,0
35237,0
44366,0
33774,0
390,1
1028,0
5864,0
35791,1
5496,0
12248,0
7508,0
16494,0
4299,0
29803,0
42130,1
31242,1
12676,0
11100,0
143,0
32288,1
14438,0
17171,0
12512,0
12708,0
17763,0
3262,0
28079,0
35347,0
25657,0
13018,0
6980,0
18280,0
6528,0
36929,0
10227,0
28057,0
4501,0
21977,1
25430,1
11193,0
1809,0
13228,1
3215,0
2858,0
33686,0
11359,0
7410,0
29686,0
2314,0
20414,0
12888,0
3697,0
24320,0
2255,0
12853,0
5890,0
18849,0
38312,0
10724,0
28227,0
22506,0
13277,0
23938,0
37267,0
6171,0
24775,0
35218,0
39020,0
39030,0
13045,0
30704,0
4615,0
38049,0
43697,1
42504,1
44179,1
43880,1
43499,1
42826,0
1326,0
44896,0
43297,0
40774,0
9994,0
5401,0
19706,0
30929,0
7947,0
2882,1
16657,0
30685,0
8904,0
9419,0
21623,0
44220,0
14787,0
13064,0
37697,0
19597,0
22710,0
14393,0
13828,0
19204,0
12944,0
39595,0
20179,0
19285,1
29654,1
3158,0
1352,0
2344,0
38274,0
18462,0
35258,0
5997,0
3694,0
14641,0
31850,1
21205,1
8589,0
44785,0
11808,0
17780,1
223,0
27407,0
37377,1
23763,0
9548,0
9577,0
6967,0
5687,0
28648,0
45102,1
37547,0
21077,0
9210,0
14007,0
27604,0
25219,0
30351,1
24089,1
9332,0
40915,0
17775,0
40947,1
34205,1
33475,0
42455,0
14244,0
34467,1
17336,0
33043,1
18572,0
37557,0
19642,0
29553,0
27278,0
19966,0
9693,0
14011,0
16812,0
37456,0
38610,0
14520,0
38428,1
1818,0
21693,0
42315,0
17371,0
26514,0
18756,0
3827,0
34323,0
35949,0
10917,0
18309,0
5065,0
5145,0
38371,0
3746,0
2204,0
17555,0
37074,0
27339,0
41827,0
8815,0
41505,1
3334,0
12198,0
36290,0
13966,0
25853,0
1959,0
37947,0
35600,0
15406,0
18329,0
3153,0
22360,0
6393,0
22173,0
17217,0
7435,0
7019,0
34292,0
24762,0
35666,0
44080,0
993,0
42663,0
40371,0
37796,0
41707,0
4068,0
16204,0
34173,0
27649,0
2338,0
18240,0
1071,0
25466,0
34488,0
28285,0
17354,0
2609,0
31221,0
30952,0
14285,0
33384,0
17773,0
17846,0
40218,1
17063,0
11507,1
2739,0
4687,0
24819,0
43073,1
40588,1
13406,0
4641,0
24597,0
26619,0
726,0
30178,0
12489,0
20207,0
19802,0
21465,0
37687,1
103,0
42881,0
37126,0
27623,0
42955,1
37948,0
25827,0
33801,0
29716,0
33914,1
41029,0
33007,0
34316,1
27919,0
18592,0
40657,0
33619,0
40835,1
24070,1
43448,0
42546,0
38164,0
8659,0
35003,0
20899,0
6484,0
28828,0
1675,0
12144,0
19475,0
28432,0
33762,0
22648,0
40123,0
36298,0
10273,0
27979,0
3211,0
24395,0
10341,0
12192,0
39541,0
25315,0
35771,0
40814,0
8864,0
31297,0
35787,0
42013,1
28586,0
40130,1
29604,0
23387,0
17242,0
13260,1
41113,0
23258,0
10223,0
3937,0
40622,1
25536,0
23598,0
17646,0
21844,0
15382,0
2968,0
21497,0
320,0
9233,0
18444,0
18148,0
27631,0
44821,1
34696,0
27485,0
18880,0
6351,0
23921,0
5352,0
6248,0
23522,0
13705,0
5135,0
42029,1
10901,0
40199,1
7590,1
5312,0
41283,1
28762,0
13077,0
16580,0
13642,0
37978,0
35007,0
36207,0
7409,0
41588,1
18154,0
38014,0
9404,0
43475,1
43538,1
18394,0
2966,0
8530,0
1536,0
22258,0
3284,0
24165,0
6370,0
21149,0
29407,0
8945,0
10138,0
32639,0
10875,0
1672,0
34396,0
322,0
31647,0
31031,1
37337,0
9467,0
12337,0
2170,0
18478,0
42749,0
33441,0
13347,0
36688,0
21646,0
10495,0
28061,0
33061,0
34536,0
4998,0
37811,1
27932,0
22514,0
9630,0
15510,1
5583,0
23493,0
19309,0
27994,0
18415,0
3115,0
33859,0
35928,0
1231,0
27102,0
623,0
31629,0
41110,0
3941,0
39776,0
2014,0
34222,0
14909,0
41412,0
44118,0
40606,0
13699,0
6349,0
37544,0
5872,0
24401,0
6819,0
28633,0
32067,0
27170,0
40678,0
40715,0
12133,0
31096,1
43700,1
37242,1
3954,0
18292,0
13917,0
34529,0
5539,0
31611,0
15627,0
8637,0
16121,1
39317,0
33313,0
18894,1
35191,0
26624,0
37379,0
4187,0
4658,0
42243,1
33418,0
20400,1
26849,0
5019,0
24139,1
23483,0
11624,0
20860,0
34073,1
8046,0
12460,0
29904,0
10415,0
22257,0
13652,0
42105,0
28546,0
17311,0
43650,0
8061,0
962,0
39519,1
24924,0
17921,0
2960,0
17978,0
30737,0
20080,0
8547,0
29056,0
10612,0
38479,0
30745,0
39863,1
32435,0
2007,0
17829,0
4152,0
13144,0
25715,0
40030,0
29498,0
31374,1
989,0
24991,0
19327,1
26978,0
40476,0
31158,1
1949,0
14544,0
22005,0
394,0
3075,0
44249,1
44569,0
43564,1
24000,0
16558,0
5836,0
25843,0
21286,0
12809,0
44257,1
41173,1
32775,0
31757,0
10866,0
39097,0
41938,1
20458,0
21444,0
21566,0
37320,0
15033,0
35776,0
19441,0
23534,0
11529,0
14018,0
13688,0
7891,0
26410,0
7890,0
44202,0
17456,0
10224,0
41400,0
19650,0
34177,0
5041,0
31527,0
6453,0
804,0
41161,0
35443,0
42432,0
43176,1
10405,0
40423,0
2236,0
13354,0
19144,0
29457,0
33078,0
10761,0
24315,0
40302,1
44787,0
22377,1
27733,0
18080,0
11919,0
26745,0
22156,0
27887,0
110,0
8975,0
2497,0
10192,0
21402,1
27290,0
11148,0
7247,0
25102,0
1053,0
34019,0
34325,1
26100,1
27056,0
24140,0
40836,0
6028,0
18563,0
27792,0
13251,0
31899,0
6117,0
40151,0
22343,0
29264,0
21203,1
975,0
14447,0
34088,0
16156,0
44329,1
21056,0
5651,0
42624,1
13043,0
39414,0
37016,0
6364,0
28095,1
20739,0
31022,1
22558,0
8958,0
24055,1
515,0
25836,0
3649,0
20533,0
14286,0
20921,0
13664,0
40149,1
24168,0
15702,0
34208,1
6617,0
18037,0
5766,0
961,0
32601,0
23126,0
32926,0
31682,0
16749,0
26381,0
4409,0
38786,0
9241,0
10230,0
17457,0
15148,0
1130,0
23951,0
4181,0
20202,0
3713,0
6088,0
847,0
15166,0
8358,0
38709,0
5266,0
32413,0
10625,0
3481,0
44697,1
39559,0
33407,0
34856,0
30656,0
21498,0
14407,0
3679,0
21393,0
16968,0
4193,0
17838,0
12830,0
26616,0
35311,0
16909,0
18724,0
18278,0
12011,0
33690,0
20908,0
38987,0
32348,0
42422,0
29766,0
36251,0
12024,0
30709,0
45114,0
10349,0
41387,0
32810,0
26533,1
18761,0
14245,0
2442,0
19392,0
29662,0
44297,1
16328,0
18781,0
18934,0
12363,0
39245,0
40252,0
36683,0
42625,0
7646,0
37394,0
31875,1
35919,0
42215,0
372,0
4792,0
4174,0
17997,0
32297,0
37323,0
1128,0
42659,0
19554,0
12052,0
13424,0
16336,0
33468,0
29722,0
5178,0
33056,0
4276,0
40146,1
23660,0
32816,0
22991,0
970,0
18179,0
10767,0
27828,0
32803,0
32776,0
22271,0
17693,0
42882,1
1659,0
17593,0
227,0
34308,1
20556,0
25829,0
28482,0
19136,0
14960,0
786,0
38468,1
21845,0
14196,0
37582,0
6810,0
36926,0
40292,0
268,0
41092,0
44636,0
11703,0
24554,0
11548,0
25200,0
17293,0
26464,0
25680,0
19869,0
17681,0
32526,0
15823,1
21245,0
8463,0
19609,0
39049,0
19425,0
23487,0
40708,0
36260,0
17254,0
30419,0
39182,0
42123,1
43745,1
33749,0
7198,0
18427,0
10538,0
6494,0
23313,0
9755,0
31543,0
3456,0
42224,1
23682,0
33481,0
20087,0
1414,0
25846,0
39543,0
10044,0
23790,0
12490,0
2976,0
6755,0
21705,0
4310,0
34944,0
12466,0
42413,1
27462,0
45118,0
20659,0
26358,0
29,0
25981,0
22244,0
38174,0
35887,0
20653,0
17610,0
15325,0
1530,0
3372,0
15227,0
37548,0
36175,0
6806,0
17097,0
13773,0
35287,0
23862,0
39181,0
42023,0
31896,0
9858,0
25004,0
42039,0
44055,0
13315,0
18204,0
12236,0
5248,0
35993,0
9080,0
9902,0
42204,1
43576,0
30827,0
29708,0
15855,0
13392,0
5754,0
28634,0
41765,0
42924,0
22229,0
1224,0
28719,0
18641,0
939,0
8763,0
35558,0
26468,0
21613,0
19287,0
31612,0
39940,0
30731,0
8265,0
35669,0
350,0
34319,0
26943,0
30655,0
36030,0
24203,0
399,0
38123,0
3662,0
34015,0
17617,0
11394,0
6857,0
44208,1
36412,0
19326,0
10809,0
23395,0
23906,0
1435,0
1351,0
28589,0
24049,0
2248,0
2663,0
25720,0
608,0
2618,0
40891,0
14201,0
19674,0
32459,0
41014,1
18308,0
27153,0
7517,0
26337,0
38718,0
20770,0
29317,0
28048,0
873,0
27537,0
14677,0
27690,0
3162,0
8325,0
19617,0
12101,0
37160,0
32251,0
2444,0
8309,0
4344,0
32172,0
1723,0
21866,0
33255,0
18487,0
12571,0
38978,0
23205,0
5473,0
32868,1
11008,0
43,0
36678,1
16730,0
31069,1
19203,0
16853,0
22446,0
43558,0
30844,0
9641,0
32393,0
7932,0
40028,0
27693,0
8504,0
17818,0
6554,0
1822,0
18192,0
8478,0
6036,0
29552,0
4558,0
30457,0
33915,1
637,0
14334,0
13857,0
29416,0
25367,0
22301,0
5350,0
4722,0
9129,0
27470,0
43568,1
11218,0
44727,0
2274,0
19540,0
37187,0
37094,0
36933,0
27368,0
21109,0
14312,0
33946,1
44864,0
19257,0
39318,0
15999,0
7445,0
23490,0
40271,0
14113,0
39690,1
7815,0
41902,1
14878,0
40988,0
38546,0
5871,0
11907,0
9536,0
21795,0
31765,1
21689,0
22307,0
22981,0
15151,0
5052,1
6249,0
21533,0
8488,0
17050,0
11664,0
1358,0
13008,0
39276,0
12381,0
31616,1
28770,0
1625,0
12827,0
484,0
38937,0
5665,0
34942,0
6536,0
1381,0
24874,0
43482,1
11747,0
30868,0
18091,0
3536,0
34244,0
13646,0
12523,0
16044,0
32768,0
22221,0
39007,0
29199,0
32427,0
26648,0
40527,0
9399,0
41935,1
17606,0
18323,0
35750,0
6398,0
39990,1
10834,0
41773,1
29673,0
36017,0
37286,0
37211,0
30782,0
38572,0
16385,0
7571,0
21958,0
22070,0
19675,0
5879,0
31917,0
11480,0
3344,0
137,0
44769,1
22675,0
43902,1
22742,1
42014,1
27042,0
14165,0
3324,1
30137,0
18413,0
39683,0
45199,0
25869,0
42812,0
9010,0
27711,0
7461,0
43961,1
35394,0
43050,1
3439,0
42044,1
29921,0
30439,0
31703,0
32346,0
11107,0
44781,1
44149,1
14143,0
36119,0
10960,0
17955,0
37215,0
30430,0
22860,0
16796,0
12185,0
32552,0
37777,0
39767,0
4098,0
43937,1
31091,0
10135,0
18568,0
35870,0
8143,0
30567,0
44811,1
42905,0
4415,0
20031,0
20583,1
32895,0
35696,0
8733,0
28578,0
34141,0
13279,0
25221,0
14322,0
1644,0
37617,0
23874,0
39841,0
44478,0
13530,0
30763,0
13055,0
13554,0
10528,0
36415,0
23351,0
13729,0
35156,0
22491,0
29887,0
28137,0
7522,0
23219,0
41696,1
32015,0
30097,0
21416,0
28824,0
15761,0
26822,0
4840,0
42729,0
29441,0
10557,1
24307,0
27696,0
3664,0
5670,0
36035,0
2473,0
20146,0
9386,0
109,0
44143,0
5152,0
2050,0
35199,0
35376,0
26321,0
4223,0
9374,0
22847,0
27465,0
22401,0
42121,1
27575,0
2653,0
16445,0
397,0
38024,0
42081,1
33563,0
4551,0
2425,0
2713,0
29791,0
33767,1
4122,0
27420,0
18175,0
10589,0
30444,0
22074,0
43950,1
37605,0
45107,1
27488,0
24763,0
7697,0
27280,0
8518,0
1350,0
23913,0
19993,0
14400,0
41094,0
40589,0
3302,0
16416,0
10089,0
534,0
31890,0
25250,0
17603,0
35823,0
8299,0
42943,0
4776,0
26985,1
38838,0
43761,1
34381,1
19368,0
36397,1
16860,0
18151,0
4020,0
5721,0
19294,0
5283,1
20180,0
35441,0
24451,0
35667,0
14991,0
32575,0
35569,0
8456,0
11123,0
11826,0
12272,0
6853,0
33392,0
44170,1
24217,0
42640,0
9073,0
26660,0
37476,0
13980,0
21301,0
12858,0
897,1
30689,0
36226,0
23739,0
20524,0
10077,0
21500,0
26367,0
13571,0
37374,0
7021,0
28390,0
2186,0
32326,0
7310,0
21076,0
40985,0
34230,0
17723,0
33572,0
32618,0
42718,1
16938,0
25658,0
28563,0
2481,0
12543,0
44593,0
30598,0
16110,0
19877,0
17530,0
36401,0
2797,0
36267,0
43809,0
11928,0
21622,0
22275,0
193,0
30962,0
27011,0
24870,0
21260,0
6558,0
28143,0
11288,0
26603,0
34918,0
31866,0
36367,0
44684,0
36895,0
9181,0
31659,0
33163,0
30426,0
25130,0
12419,0
18564,0
33834,1
37121,0
2360,0
10467,0
5252,0
648,0
18711,0
5465,0
6653,0
7675,0
32869,0
45005,1
21288,0
4119,0
21887,0
3016,0
10479,0
3373,0
31277,1
2660,0
16781,0
17200,0
10122,0
22029,0
29937,0
35740,0
31733,0
12876,0
11089,0
8011,0
22424,0
25694,0
941,0
27200,0
15635,0
40771,0
30304,0
27394,0
32358,0
34203,0
19123,0
39184,0
44330,1
632,0
4779,0
38464,1
41012,0
12678,0
25849,0
20665,0
29135,0
8923,0
42830,0
45174,1
24729,0
13782,0
44975,1
9303,0
25790,0
31430,0
7886,0
41426,0
639,0
2596,0
44265,1
4521,0
36352,0
23243,0
18384,0
27360,0
8870,0
23615,0
21473,0
2815,0
35211,0
44489,1
15149,1
14167,0
21561,0
21132,0
31395,1
2348,0
43688,0
21611,0
43385,1
18406,0
36229,0
15514,0
18184,0
43940,1
10789,0
31661,1
34704,0
10208,0
22551,0
43676,0
41610,1
21773,0
36297,1
2377,1
3057,0
44614,1
30104,0
38906,0
40658,1
30850,0
10738,0
24056,0
353,0
829,0
1740,0
14250,0
35201,0
39270,0
17988,0
18879,0
36559,1
41494,1
43838,1
24116,1
41584,0
41579,1
4070,0
18407,0
32969,0
38020,0
4761,0
3961,0
7829,0
11341,0
35049,0
11966,0
23328,0
32037,1
40063,1
37718,0
22494,0
27729,0
4884,0
15326,0
32913,0
38249,0
40752,1
13117,0
27934,0
9355,0
44275,1
22067,0
7121,0
24581,0
39407,1
15571,0
20709,0
22803,0
12203,0
12517,0
21954,0
23873,1
35395,0
12445,0
19029,0
43541,0
28476,0
14273,0
21082,0
3842,0
28953,0
3691,0
36331,0
23899,0
23528,0
41298,0
15091,0
30086,1
31553,0
34446,0
15177,0
4967,0
587,0
29731,0
14792,0
37298,0
1186,0
41469,0
9063,0
39679,0
36469,0
21435,0
29122,0
38815,0
13119,0
35115,0
13790,0
37790,0
24826,0
38813,0
39680,0
21036,0
13068,0
40647,1
25519,0
17777,0
694,1
12842,0
17047,0
4933,0
16787,0
16789,0
28391,0
31883,0
9389,1
18100,0
7153,0
31201,1
38011,1
18908,0
15005,0
40416,0
6427,0
1344,0
22714,0
14440,0
3948,0
33026,0
30384,0
3361,0
27596,0
34039,0
22631,0
5768,1
2302,0
17858,0
5156,0
5796,0
32130,0
20473,0
13597,0
23356,1
34736,0
37399,0
16319,0
2266,0
28215,0
41091,0
23927,0
28822,0
17700,0
23122,0
42205,0
20877,0
35075,0
14442,0
43740,0
31755,0
37931,0
1446,0
44138,1
1699,0
903,0
44669,0
34443,0
20083,0
44567,1
12563,0
8903,0
12327,0
8172,0
7449,0
11400,0
5707,0
38108,0
20079,0
39177,0
12874,0
17136,0
2613,0
3223,0
17696,0
4092,0
10079,0
3509,1
23049,0
16924,0
40075,0
43872,0
562,0
38638,0
4252,0
9280,0
18412,0
30208,0
3141,0
34819,0
30836,0
42404,0
26860,0
12075,0
30535,0
39333,0
45179,0
7373,0
10530,0
42077,0
625,0
22071,0
6074,0
28201,0
27454,0
32734,1
26558,0
3396,0
3534,0
16155,0
8054,0
35825,0
17463,0
13819,0
33022,0
41748,0
33376,0
6784,0
3354,0
16079,0
30468,0
42861,1
2264,0
891,1
2834,0
35104,0
10243,0
12131,0
37195,0
18695,0
12501,0
35119,0
27872,0
35274,0
18949,0
42968,1
10585,0
37887,1
23575,0
3498,0
31132,1
30507,0
21883,0
5397,0
26789,0
39281,0
11590,1
2937,0
31291,0
33860,0
12542,0
38384,0
22738,0
5418,0
10938,0
14510,0
9711,0
19377,1
22753,0
12159,1
2617,0
10032,0
17934,0
3998,0
26206,0
32795,0
7914,1
26485,0
10107,0
32762,0
32165,0
25172,0
7504,0
18136,0
30942,0
44060,0
7770,0
26501,0
13471,0
24462,0
27263,0
11863,0
25832,0
31524,0
23024,0
15266,0
37153,0
17175,0
30083,0
27882,0
41093,0
27835,0
16476,0
5229,0
21816,0
39064,0
42086,1
37791,0
9075,0
42066,0
16753,0
8291,0
31149,1
30693,0
7382,0
520,0
18301,0
40235,0
43463,1
28481,0
42380,0
7970,0
33452,0
4136,1
23779,0
21482,0
1760,0
24863,0
33639,0
28971,0
10674,0
7252,0
20578,0
39332,0
5606,0
7321,0
36820,0
3887,0
42768,0
32873,0
36445,0
37447,0
42303,0
13914,1
36340,0
511,0
37198,0
19499,0
18784,0
37550,0
13717,0
25382,0
26701,0
29583,0
21711,0
23708,0
25830,0
17455,1
23707,0
37987,0
11785,0
4429,0
32436,0
34858,0
20380,0
5487,0
12682,0
41264,1
9169,0
41684,0
22504,0
21676,0
31249,0
9751,0
29046,0
32774,0
23711,0
39509,0
24258,0
37895,0
16397,0
23825,0
1346,0
44827,1
35992,0
30056,0
40486,1
24228,0
35873,0
28913,0
34864,0
3716,0
11146,1
20108,0
40786,0
17715,0
42650,1
10568,0
36442,0
32644,0
5225,0
43090,0
41201,1
21361,0
33849,0
6775,0
16458,0
2475,0
20248,0
7362,0
313,0
19151,0
34121,0
39096,1
43117,0
29522,1
20158,0
15793,0
14953,0
4973,0
217,0
34227,0
26132,0
42394,0
22653,0
5051,0
13006,0
38055,0
36870,0
11377,0
20537,0
42152,0
35071,0
16590,0
37961,0
23334,0
42681,0
30498,0
14797,1
15249,0
4886,0
7952,0
16575,0
19707,0
24950,0
5800,0
21751,0
31262,0
30938,0
17274,0
42778,1
38064,0
37360,0
30093,0
3279,0
20584,0
22489,0
11075,0
18806,0
23895,0
3345,0
43324,0
2139,0
16062,0
127,0
31285,1
11183,0
42322,1
31111,1
33715,1
26032,0
25018,0
38865,0
32878,0
31216,0
2748,0
41510,1
36590,0
42841,0
3692,0
25049,0
842,0
31586,0
18837,0
25615,0
2830,0
36365,0
10211,0
5040,0
22312,0
17475,0
34257,0
4954,0
18188,0
33534,0
43734,1
20444,0
34523,0
18962,0
10620,0
20445,0
27387,0
24095,0
27221,0
17190,0
4879,0
2900,0
2415,0
17360,0
538,0
2038,0
32554,0
24163,0
13033,0
25860,0
43222,0
38529,0
6477,0
16660,0
12956,0
38647,0
17675,0
19283,0
24786,0
16886,0
13647,0
10382,0
25019,0
9011,1
40286,0
7327,0
10491,0
11044,0
19964,0
5981,0
13981,0
16471,1
29289,0
44076,0
966,0
11601,0
20057,0
1873,0
33634,0
5747,0
10647,0
30153,0
15532,0
38922,1
25346,0
33238,0
3675,0
1610,0
16928,0
22538,0
39963,0
25570,0
837,0
35207,0
33416,0
3499,0
30236,0
37736,0
18105,0
39028,0
3639,0
27638,0
33729,0
15927,0
4689,0
29313,1
34295,0
10095,0
13202,0
22196,0
7215,0
24232,0
29219,0
5869,0
44984,1
36930,0
15575,0
9185,0
1254,0
11653,0
35057,1
22114,0
22760,0
16184,1
25978,0
32244,0
36339,0
5736,0
36015,0
12078,0
37620,0
16904,0
7679,0
9860,0
7996,0
16883,0
11373,0
2633,0
2017,0
24471,0
17585,0
19824,0
40265,0
6435,0
19537,1
3300,1
25709,0
30293,1
38558,0
21411,0
11661,0
44269,1
764,0
41349,0
19900,0
38021,0
23584,0
15272,0
6307,0
35409,0
24177,1
12387,0
2785,0
4883,0
17761,0
9924,0
43534,0
27983,0
9429,0
26758,0
18546,0
32770,1
3855,0
12155,0
4015,0
1925,0
31107,1
42400,1
8780,0
2430,0
37331,0
18792,0
7885,0
19795,0
21185,0
16574,0
5213,0
35970,0
3977,0
37450,0
41608,1
29976,0
37795,0
2809,0
2750,0
23085,0
28989,0
398,0
4220,0
16665,0
42182,0
13112,0
37134,0
15097,0
23238,0
17868,0
31033,0
5761,0
21208,0
9140,0
9818,0
37115,0
29735,0
7370,0
6262,0
42021,0
29536,0
42821,1
9105,0
37199,0
43939,0
11038,0
26907,0
25692,1
6673,0
23173,1
4685,0
37381,0
11445,0
27997,0
1682,0
9534,0
40550,0
161,0
16181,0
37264,0
28307,0
21981,0
26285,0
5818,0
15854,0
12759,0
2371,0
6658,0
21665,0
17355,0
44994,1
25222,0
31375,0
42060,1
41289,0
32368,0
4503,0
170,0
17930,0
36757,0
38482,0
35411,0
39669,0
3254,0
23339,0
33674,0
36041,0
39601,0
15288,0
23624,0
3258,0
38729,0
1315,0
25298,0
29990,0
28332,0
37981,0
37276,0
19344,0
29286,0
19601,0
38324,0
27749,0
31756,0
12782,0
31350,0
3134,0
23696,0
38311,1
4736,0
26795,0
12718,1
20182,0
28575,0
43694,1
17574,0
14431,0
13626,0
9391,0
22014,0
23093,0
28253,0
2983,0
16843,0
31550,0
42817,1
34313,1
9639,0
14663,0
41759,0
3951,0
255,0
21098,0
30016,0
35167,1
5154,0
33773,0
11017,0
3578,0
25051,0
18597,0
38420,0
20139,0
22968,0
36221,0
14830,0
32446,0
25963,0
35714,0
8688,0
42698,0
18155,0
24658,0
15235,0
20633,1
2064,0
28529,0
40823,0
29492,0
15096,0
15383,0
25076,1
34112,0
33372,0
26844,0
36121,0
38940,0
17158,0
82,0
1017,0
24109,1
36286,0
43829,1
36711,0
5573,0
16699,0
5978,0
8016,0
15900,0
8544,0
43207,1
44324,1
13849,0
11425,0
39535,1
17102,0
21107,0
1332,0
19605,0
25407,1
23685,0
16496,0
13856,0
28844,0
1147,0
42073,1
32275,0
30357,1
30679,1
4431,1
39324,0
42290,1
10215,0
43966,1
7005,0
22021,0
35340,0
14719,0
41905,0
19031,0
17991,0
20844,0
43415,1
41985,1
28089,0
33434,0
12138,0
44983,0
26877,0
29782,1
12576,0
7892,0
24266,0
12396,0
14621,0
23207,0
35848,0
43485,0
6091,0
26793,0
40523,1
15983,0
18305,0
215,0
40828,1
40767,0
26075,0
9549,0
32101,0
36312,0
23224,0
13648,0
30884,0
42952,1
10285,1
33996,0
4566,0
13001,0
43977,0
18034,0
37439,0
43455,0
6009,0
7429,0
15713,1
43082,1
40841,0
31963,0
30267,0
36324,0
7639,0
11909,0
3500,1
18472,0
4944,0
8374,0
16020,0
42439,1
35457,0
40822,0
25625,0
3919,0
32080,1
42542,1
34660,0
34133,0
1336,0
4332,0
10337,0
29672,0
29155,0
28404,0
28372,0
6226,0
22964,0
13694,0
30873,0
24691,0
9412,0
29856,0
8852,0
3039,0
6630,0
20586,0
33537,0
39806,0
32977,0
81,0
40301,1
638,0
18057,0
26404,0
4909,0
7609,0
30184,0
41399,1
14790,0
5585,0
38941,0
12807,0
42298,0
32099,1
44145,0
31880,0
12450,0
14309,0
31952,0
25345,0
40710,1
9253,0
22497,0
3276,0
11298,0
32336,0
14475,0
6014,0
25498,0
44354,1
5427,0
7473,0
13466,1
20349,0
25725,0
43543,0
37779,0
32157,0
361,0
33665,0
12813,0
31157,1
34081,1
35015,0
15906,1
6827,0
28899,0
14516,0
33150,0
4995,0
5121,0
7694,0
4455,1
20851,0
7552,0
28855,0
8330,0
17345,0
21078,0
254,0
9243,0
14100,0
2780,0
40304,0
14932,1
26232,0
32616,0
30138,0
28757,0
33881,1
16712,0
7280,0
4684,0
11882,0
31593,0
11178,0
4452,0
9486,0
37303,0
31250,1
42257,1
17908,0
37498,0
41927,1
37192,0
27602,1
20717,0
35908,0
28237,1
6100,0
38033,0
35300,0
23769,0
4849,0
33624,0
43704,1
19422,0
8102,0
25378,0
40064,0
38053,0
5061,0
2095,0
33803,1
3058,0
20376,0
42531,0
19414,0
20120,0
25399,0
14934,0
25901,1
5772,0
42847,0
26702,0
248,0
1460,0
4204,0
41159,1
32498,0
44410,0
10009,0
1624,0
44847,1
36748,0
37373,0
19915,0
17648,0
28653,0
37857,0
7855,0
40552,1
10759,0
10563,0
41034,0
26296,0
16356,1
11623,0
2507,1
26724,0
716,0
1794,0
37506,1
4302,0
20274,0
16808,0
21885,0
620,0
4397,0
8230,0
35113,1
4538,0
29560,0
44490,0
25948,1
25747,0
18421,0
37684,0
605,0
19943,0
28205,0
24282,0
43988,1
37481,0
7928,0
18168,0
41467,0
23540,0
9862,0
33330,0
16635,0
28745,0
32074,0
43782,0
42820,1
1532,0
37284,0
13238,0
5036,0
21557,0
39386,0
20024,0
44657,1
30051,0
21779,0
9884,0
13775,0
39915,0
4164,0
31646,0
797,0
29798,0
11131,0
17184,0
22915,0
3368,0
12913,0
15996,0
15764,0
4471,0
16732,0
10976,0
16176,0
14444,0
8211,0
36979,0
40864,0
22838,0
1569,0
19619,0
37326,0
23450,0
37651,1
18022,0
8239,0
16130,0
37282,0
21528,0
12838,0
18396,0
36396,0
34499,0
12737,0
32779,0
22474,0
22685,0
17431,0
7814,0
17153,0
10071,0
30041,0
20775,0
21595,0
22048,0
40928,0
26225,0
40981,0
37462,0
29631,0
25149,0
23909,0
39628,0
14129,0
10943,0
21867,0
19887,0
27419,0
15370,0
12870,0
25952,0
28308,0
8318,0
17159,0
8881,0
15639,0
31759,0
28054,0
15130,0
13995,0
35943,0
23808,0
17231,0
19318,0
3064,0
16931,0
37587,0
16854,0
29829,0
6840,0
6114,0
2628,0
39681,0
4702,0
32697,0
5399,0
20560,0
14928,1
40033,1
21184,0
25495,0
12547,0
39642,0
15951,0
339,0
25940,0
12511,0
4110,0
20245,1
33293,0
33886,1
25705,0
36073,0
604,0
22171,1
44817,1
12915,0
760,0
15198,1
19691,0
23639,0
3073,0
356,0
44907,0
42155,0
44397,1
14929,0
32627,0
25777,0
24961,0
4433,0
43209,0
3169,0
16871,1
11436,0
15675,0
6391,1
15656,0
10565,0
43725,1
29061,0
31496,0
33817,0
28748,0
31694,0
38435,0
591,0
22751,0
18584,0
22466,0
44802,1
18113,0
30371,0
39449,0
9093,0
32391,1
1217,0
23089,0
34900,0
43334,1
14600,0
1935,0
4768,0
38684,0
14721,0
3575,0
23572,0
12610,0
44303,0
24779,0
30561,1
43350,1
4892,0
28998,0
5148,0
39029,0
24672,0
15355,0
18882,0
24357,0
24736,0
44565,1
20857,0
26119,0
24923,0
16111,0
25732,1
37713,0
18276,0
20547,0
25837,0
42101,0
43066,1
38764,0
32875,0
8829,0
1552,0
17801,0
10238,0
5804,0
21241,0
26163,0
28146,0
23295,0
30202,0
9479,0
17240,0
15242,0
35246,0
45075,1
22576,0
4756,0
2159,0
15994,0
18701,0
38490,0
15753,0
7913,0
21515,0
37194,0
16132,0
6371,0
24595,0
17951,0
40145,0
30727,0
14399,0
18065,0
44017,0
7668,1
9686,0
9067,0
17271,0
44194,1
28175,0
17160,0
34104,0
36074,0
1574,0
28183,0
22250,0
17335,0
41582,1
12709,0
20512,0
44450,1
5789,0
5034,1
19307,0
26343,0
38346,0
22559,0
4021,0
5877,0
27898,0
29805,0
27923,0
44347,1
17252,0
30769,0
45010,0
31876,0
12957,0
33104,0
5610,0
41398,0
7493,0
32549,0
24074,1
1832,1
21090,0
4862,0
15838,1
36905,0
31640,0
40045,0
40728,1
35520,0
27201,0
38190,0
34700,0
13395,1
43288,0
23041,0
18304,0
28880,0
21020,1
35945,0
26209,0
11378,0
36981,0
36190,0
14016,0
38811,0
5740,0
33463,0
33596,0
38418,1
20606,0
7858,0
1499,0
30301,0
39561,0
3267,0
15193,0
22290,0
34212,0
2285,0
19784,0
0,0
42824,0
2438,0
41440,1
5299,0
12320,1
39594,0
4280,0
37184,1
6743,0
26445,0
22598,0
12674,0
23986,0
32737,0
9976,0
34338,0
16958,0
20803,0
3347,0
21278,0
17764,1
29325,0
16884,0
25702,0
34249,1
42340,0
9383,0
35769,0
42989,1
38876,0
5386,0
7972,0
44599,0
31002,0
18367,0
17224,0
29158,0
4673,0
8196,0
33893,0
444,0
34601,0
36444,0
28321,0
3513,0
17213,0
23472,0
40876,1
7973,0
24241,0
15943,0
34475,1
45105,0
10681,0
4664,0
28551,1
27615,0
35864,0
4574,0
25293,0
3397,0
1529,0
15824,0
4645,0
1410,0
41194,0
22587,0
37649,0
42927,1
44696,0
16260,0
5162,1
26673,0
22399,0
12162,0
16067,1
30903,0
2760,0
26801,0
42084,0
1704,0
25922,0
38022,0
10421,1
21960,0
35087,0
16881,1
21279,0
34956,0
19891,0
34841,0
423,0
16343,0
42675,0
43913,1
2449,0
12790,0
11419,0
13731,1
42041,1
15618,0
41903,1
40851,0
5086,0
33927,1
10161,0
42099,0
13752,0
31220,0
39705,0
19154,0
39005,0
34199,1
42381,0
39759,0
18476,0
23782,0
28509,0
43368,0
936,0
16943,0
10552,0
28478,0
41352,0
43707,1
28380,0
12264,0
26705,0
17640,0
34191,0
17256,0
30353,1
11851,0
24681,0
20825,0
4197,0
153,0
39127,0
13444,0
866,0
1649,0
27807,0
34241,1
9099,0
38300,1
29328,0
1821,0
9688,0
31738,1
25151,0
17305,0
13690,1
13718,0
25338,0
3144,0
44096,0
24972,0
43595,0
11640,0
29266,0
42511,1
9242,1
18274,0
27812,0
27084,0
35471,0
41843,0
42908,0
13283,0
43779,1
40998,1
9950,0
31,0
38275,0
2131,0
4171,0
30580,0
20124,0
1206,0
40332,0
30688,0
6557,0
11855,0
25620,0
2896,0
1798,0
7437,0
36976,0
44336,1
26226,0
35137,0
30183,0
25748,0
2215,0
9013,0
40456,1
8915,0
39132,0
31840,1
19426,0
44597,0
21381,0
13751,0
19330,0
19677,0
35853,0
24612,0
45187,1
7664,0
23746,0
9984,0
16192,0
33436,1
19942,0
30157,0
27442,0
14340,0
9617,0
23008,0
34217,0
8136,0
14500,0
39430,0
23935,0
10130,0
7026,0
27506,0
9056,0
29188,0
21617,0
8398,0
39992,0
14955,0
8988,0
29609,0
19459,0
10050,0
5846,1
9880,0
857,0
36494,0
22415,0
35440,0
29749,0
25783,0
13455,0
42814,0
10026,0
8892,0
4893,0
16776,0
18857,0
2366,0
15859,0
45183,0
1342,0
40842,0
39382,0
3732,0
30752,0
41862,1
36509,0
33564,0
41248,1
41689,0
28902,0
18291,0
12079,0
42536,0
30486,0
22883,0
22260,0
21222,0
32434,0
11753,0
79,0
6068,0
9736,0
15380,0
4322,0
13602,0
42910,0
41693,0
39853,0
24490,0
38713,0
41319,0
41796,1
28829,0
20023,1
42047,0
28768,0
11969,0
30209,0
19486,0
24610,0
35172,0
1402,0
42575,1
1920,0
27281,0
28535,0
37401,0
17653,0
18363,0
19303,0
9364,0
19010,1
3723,0
27710,0
33891,0
10125,0
3614,0
11740,1
10460,0
9759,0
42734,0
27833,0
18738,0
20090,0
36243,0
4914,0
39977,0
5727,0
32204,0
10452,0
24347,0
40759,0
28472,0
32527,0
20076,0
44312,1
22984,0
30846,0
9141,0
5059,0
11110,0
22209,0
6350,0
4139,0
39631,0
15977,0
24918,0
6157,0
42435,0
6705,0
13944,1
27730,0
5071,0
11727,0
2112,0
9721,0
3479,0
820,0
3011,0
23535,0
8027,0
26847,0
18095,0
3594,0
18749,0
33477,0
22521,0
38734,0
4089,0
43849,0
9002,0
203,0
21722,0
41886,0
7618,0
11761,0
36408,0
22242,0
8103,0
35662,0
1090,0
15248,0
36176,0
11874,0
36875,0
42150,0
27742,1
3833,0
10845,0
19112,1
2772,0
28850,0
36231,0
30449,1
4406,0
16459,0
41432,0
42288,0
16040,0
39089,0
42445,1
35806,0
35100,0
14655,0
13973,0
32632,0
12109,0
30859,1
40717,0
26584,0
1523,0
2831,1
34291,1
3427,0
14125,0
42457,1
34420,0
34031,0
18940,0
16482,1
9503,0
13,0
2120,0
38617,0
33587,0
16741,0
42050,0
26910,0
20313,0
12664,0
6962,0
44005,1
1181,0
7049,0
21280,0
36025,0
28638,0
827,0
23365,0
38911,0
12667,0
12085,0
30592,0
26401,0
6916,0
22417,0
7040,0
34153,1
8929,0
10775,0
18651,0
33720,1
23848,0
20365,0
3469,0
36726,1
29529,0
29287,0
22365,0
23546,1
14725,0
14212,0
35353,0
39496,0
23577,0
15211,0
38705,0
29010,0
42369,1
33802,1
34993,0
610,0
20824,1
12005,0
19819,0
37883,0
13662,0
1041,0
35309,1
4639,0
24059,1
39706,0
30506,0
7093,0
21346,0
11777,1
27557,0
12544,0
11122,0
28571,0
36894,0
32534,0
9551,0
26422,0
44980,0
35418,0
35790,0
7012,0
22378,0
6797,0
41907,1
42991,0
7816,0
25589,1
30034,0
4278,0
42305,0
39235,0
22798,0
11707,0
19652,0
26040,0
37478,1
11120,0
24334,0
37040,0
33422,1
23467,0
33118,0
38218,0
8709,0
14033,1
37743,0
4633,0
4919,0
181,0
35547,0
12606,0
26356,0
40831,0
40173,0
21742,0
18332,0
699,0
24051,0
1201,0
24081,1
5097,0
42665,1
42719,0
14353,1
18522,0
15907,0
30318,0
12373,0
38478,0
34158,1
43836,0
9358,0
826,0
29268,0
12848,0
13079,0
44070,1
25044,0
29120,0
8156,0
34248,0
8040,0
21695,0
38251,0
28362,0
11792,0
28661,1
9285,0
2587,0
1421,0
37906,0
41049,0
10985,0
30833,0
4439,0
14640,0
16914,0
41033,0
15844,0
16165,0
19179,0
8731,1
13620,0
1178,0
44493,1
1080,0
37831,0
32665,0
9644,0
29922,0
38511,0
39173,0
10948,1
28968,0
11950,0
39862,0
22818,0
31303,1
10744,0
31464,0
7495,0
4154,0
26115,0
28065,0
44788,1
44800,1
12507,0
31930,0
21865,0
24724,0
32637,0
17383,0
29794,0
27937,0
20048,0
1697,0
7397,0
6199,0
44384,0
36846,0
27582,0
30145,0
2350,0
8079,0
32537,0
26245,0
23963,0
33177,0
7874,0
33458,0
6912,0
12122,0
19311,0
11358,0
44276,0
13610,0
16941,0
18786,0
28556,0
27826,0
43445,0
2212,0
12992,0
36062,0
13400,0
22614,0
15378,0
16523,1
18006,0
42992,1
2506,0
7812,0
34724,0
411,0
36211,0
43196,1
35798,0
38494,1
31998,0
6215,0
23516,0
20708,0
32433,1
3046,0
10508,1
940,0
39534,0
28067,0
39662,1
1070,0
25640,0
7731,0
10883,0
24034,0
7559,0
31035,1
21496,0
10306,0
21370,0
27563,0
28078,0
23506,0
428,0
9827,0
30354,0
13170,0
8355,0
19804,0
44216,0
7940,0
39592,0
26452,0
13589,0
33151,0
15458,0
21180,0
25294,0
10177,0
20198,0
44520,1
11684,0
22305,0
26098,0
8176,0
8044,0
14394,0
19411,0
18744,0
3414,0
25256,0
1810,0
14730,1
39311,0
1030,0
41980,0
10069,0
30039,0
2468,0
43732,0
30237,0
38005,1
34517,1
32990,0
30569,0
43669,0
19248,0
40886,1
27876,0
21405,0
45072,1
19269,0
4602,0
24524,0
41543,0
28199,0
20251,0
303,0
40687,1
23785,0
17804,0
15997,0
27390,0
13486,0
38895,0
19628,0
25552,0
24849,1
5918,0
8207,0
4395,0
8520,0
3720,0
11741,0
3699,0
12614,0
15774,0
3999,1
30222,0
33276,0
14252,0
27150,0
40977,0
31580,0
2404,1
9156,0
38291,0
28115,0
39811,1
31466,0
22184,1
32055,1
28898,0
23281,0
6580,0
18111,0
31587,0
31531,0
30923,0
37338,0
23820,0
36138,0
15877,0
44544,1
20819,0
19057,0
44724,1
19202,0
22314,0
26698,0
25180,0
33473,0
35174,0
15453,0
16595,1
31048,0
28884,0
38106,0
31517,0
13129,0
25035,0
5393,0
8010,0
31323,0
25224,0
44716,0
26555,0
32987,0
30395,0
13166,0
17697,1
4719,1
43617,0
43695,0
6908,0
11921,0
29433,0
2056,0
23448,0
11002,0
27348,1
32588,0
30482,0
13572,0
25726,0
23892,0
11214,0
5250,0
20412,0
35743,0
16640,1
19659,0
33498,0
33928,1
17065,0
45128,0
11355,0
17152,0
19445,1
43291,1
18788,0
24158,1
37773,0
40378,0
28036,0
7355,0
2171,0
40289,1
36947,0
24664,0
28345,0
10676,0
37090,0
11914,0
19631,0
24160,1
14886,0
15263,1
6601,0
30205,0
22966,0
9508,0
39886,1
13730,0
4896,0
16628,0
26623,0
38459,0
44658,0
10649,0
5765,0
5474,0
28784,0
30637,0
3939,0
42302,0
853,0
3389,0
4129,0
2116,0
37776,0
42589,0
10799,0
7560,0
6037,0
44403,1
19948,0
34083,1
36488,0
34159,1
29170,0
14437,0
1893,0
42761,0
17990,0
40214,0
38641,0
22031,0
21483,0
4811,0
27726,0
19432,0
30654,1
36326,0
14472,0
27096,1
28320,0
40925,1
20457,0
10708,0
14775,0
33808,1
16834,0
11890,0
29945,0
2864,0
21213,0
16431,0
26751,0
11496,0
33040,0
6458,0
30324,1
43180,0
4880,0
18925,0
33178,0
1730,0
34945,1
27385,0
21200,0
16124,0
44011,1
29506,0
31203,0
20817,0
14900,0
13638,1
30894,0
26517,0
40427,0
16738,0
7371,0
36586,0
19150,0
22153,0
18066,0
15706,0
34053,0
10919,0
24730,0
45116,1
44290,0
34648,0
32385,0
18654,0
2286,0
16299,0
38977,0
24919,0
22473,0
34860,0
2945,0
43352,1
12060,0
20830,0
11611,0
17139,0
36561,0
6914,0
30667,0
5101,0
23028,0
10373,0
23410,0
6518,0
41346,0
8403,0
33006,0
12568,0
27255,0
39239,0
31010,1
25965,1
8065,0
14020,0
44034,0
12905,0
21953,0
32223,0
27921,0
42102,0
680,0
35674,0
14613,0
40337,1
40349,1
31137,1
42914,0
19527,0
6447,0
25383,0
28383,0
14809,0
13118,0
10709,0
8655,0
13327,0
35845,1
25261,0
16092,0
30770,0
37266,0
15195,0
10794,0
37376,0
16715,0
16292,0
36333,0
21724,0
13394,0
22020,0
25600,0
25426,0
22263,0
44652,1
4290,0
40244,1
9620,0
29953,0
43223,1
29970,0
6138,0
24983,0
23164,0
18697,0
2546,0
2527,0
1692,0
10830,0
34897,0
18347,0
18624,0
30891,0
30509,0
21649,0
27005,0
14323,0
3218,0
37997,0
15441,0
42005,0
42341,0
10484,1
19457,0
10718,0
5355,0
26306,0
2376,0
7839,0
14282,0
6714,0
6549,0
37709,0
755,0
38589,0
32189,0
37128,0
29275,0
34059,0
16992,0
37603,0
11681,0
28333,0
24973,0
19129,0
1465,0
26175,0
21734,0
7985,0
8277,0
33414,1
15502,0
21099,0
33108,0
26498,0
4714,0
12938,0
37680,0
28528,0
1559,0
13822,0
22638,0
21439,0
3095,0
23174,0
7773,0
28077,0
29600,0
9352,0
27753,0
6040,0
13295,0
23155,0
33792,0
12777,0
41417,0
28788,0
44069,1
30375,0
30416,0
33183,0
11989,0
26518,1
10678,0
19221,1
24731,0
3555,0
15842,0
33362,0
26757,0
40852,0
37742,0
2680,0
32993,0
17301,0
30250,0
2647,0
27077,0
33256,0
41990,1
24933,1
13044,0
3522,0
42274,1
2329,0
28807,0
6224,0
32491,0
22367,0
19771,0
29574,0
4273,0
12068,0
1134,0
42792,0
27249,0
32124,0
17046,0
4553,0
5624,0
24952,0
32191,0
20261,0
36525,0
29908,0
23098,0
20264,0
25012,0
43336,1
5431,0
14608,0
33496,0
13606,0
37576,0
8037,0
25424,0
16552,0
9051,0
42328,0
41873,0
30583,0
28708,0
19615,0
42253,1
1137,0
22624,0
24234,0
24669,0
19479,1
18013,0
1995,0
36113,0
43214,0
34512,0
9692,0
13157,0
16875,0
19740,0
5832,0
12437,0
12371,0
20688,0
18059,0
19600,0
20012,1
17950,0
44973,1
43844,0
10437,0
27962,0
9839,0
32853,0
19724,0
7092,0
10781,0
42238,0
2702,0
15154,0
32680,0
32508,0
37780,1
38426,0
23099,0
43537,0
28238,0
16939,0
25016,0
38474,0
25648,0
29505,1
9991,0
29284,0
41169,1
17352,0
34775,0
5946,0
2183,0
21582,0
6197,0
6096,0
33120,0
44962,1
18386,0
34587,0
36811,0
32777,0
41803,0
1955,0
40697,1
53,0
128,0
6612,0
40800,1
18775,0
21772,0
26482,0
15542,0
5390,0
25464,0
18070,0
19580,0
40755,0
13552,0
17625,0
40294,1
36549,0
19397,0
43234,0
2779,1
43113,1
24609,0
9767,0
21074,0
21424,0
20297,0
36280,0
34542,0
19448,0
16451,0
13509,0
19246,0
37986,0
26944,0
32574,0
19365,0
2893,0
4982,0
5280,0
16646,0
39695,0
27957,0
36621,0
177,0
33981,0
27572,0
29548,0
7568,0
27643,0
36501,0
19994,1
2524,0
9958,1
1225,0
14592,0
40184,1
1051,0
12521,0
27479,0
38239,0
37879,0
13081,0
8292,0
1626,0
1735,0
30084,0
2804,0
18477,0
25080,0
32153,0
35658,0
5328,0
20503,0
24042,0
23303,0
12230,0
44300,1
37982,0
2127,0
31278,1
16312,0
8671,0
35163,0
30307,0
21069,0
23398,0
3851,0
11620,0
18317,0
25974,0
26879,0
17626,0
26120,0
38444,0
19588,0
6869,0
41711,1
20410,1
25095,0
7969,0
22132,0
22902,0
20964,0
23876,0
23542,0
27069,0
3993,0
24566,0
4952,0
26529,0
33797,0
32302,0
6983,0
30407,0
5904,0
11492,0
33706,1
40253,1
39700,0
18373,0
33342,0
36974,1
16335,0
16535,0
38100,0
34872,0
28181,0
8583,0
38242,0
33959,1
4147,0
7763,1
35426,0
40415,0
43803,1
32941,0
40713,0
34387,0
19066,1
13234,0
43962,1
11538,0
854,0
16901,1
13378,0
20303,0
14406,0
11144,0
19722,0
12273,0
1980,0
42074,0
13330,0
26645,0
17283,0
2540,0
32580,0
43156,0
39280,0
22458,0
7088,0
290,0
28071,0
41367,0
43146,1
22389,0
15685,0
28608,0
17288,0
20593,0
1107,0
36224,0
15197,0
22106,0
35700,0
32692,0
40100,0
1897,0
12084,0
44630,1
15423,0
34946,0
32488,0
18443,0
21177,0
26347,0
40336,0
24404,0
44030,1
3519,1
14958,1
19814,0
34561,0
39288,0
14852,0
18294,0
35413,0
31001,0
32980,0
44087,1
34157,1
12950,0
15524,0
11434,0
18198,1
14933,0
32228,0
23091,0
23185,0
10595,0
6974,0
39777,0
19278,0
28100,0
40091,0
6710,0
1655,0
17168,0
28101,0
12641,0
3670,0
14375,0
13032,0
5492,0
36395,0
32477,0
10732,0
19340,0
37020,1
26156,0
3253,0
276,0
23124,0
2851,0
7359,0
45122,0
10971,0
39918,0
32953,0
3246,0
11554,0
2098,0
2947,0
43776,0
33204,0
18818,0
35195,0
27217,0
23358,0
8012,0
43120,0
4007,0
16837,0
602,0
29728,0
36965,0
11264,0
30806,1
22854,0
13935,0
30564,0
9944,0
11669,0
22240,0
20440,0
24739,0
7488,0
5304,0
1582,0
44945,0
16513,0
23714,0
15448,0
37546,0
10894,0
10577,0
43046,0
42879,0
12815,0
16073,0
41629,0
13794,0
10048,0
17041,0
12341,0
45026,0
41358,0
3897,0
11561,0
3096,0
35433,0
37304,1
19590,0
44685,0
28135,0
33939,0
20030,0
1356,0
28003,0
20695,0
21584,0
41141,0
19591,0
5307,0
9422,0
30292,0
41685,0
22339,0
6360,0
37058,0
36701,0
39327,0
17751,0
16478,0
37996,0
11194,0
30036,0
29800,0
15929,0
32425,0
44404,1
33157,0
288,0
3436,0
42181,0
44583,1
22157,0
32274,0
18670,0
8313,0
2650,1
28802,0
23429,0
8068,0
30333,0
21266,0
22946,0
39566,0
11162,0
41130,0
19413,0
23066,0
15873,0
801,0
33190,0
25622,0
11302,0
36058,0
15182,0
34592,0
17686,0
26325,0
34723,0
7004,0
28164,0
13912,0
11109,0
5962,0
19890,0
18366,0
16691,0
25696,0
2635,0
1307,0
34614,0
28484,0
27893,0
24665,0
20862,0
19886,1
44082,1
40643,1
19210,0
37480,0
16718,0
16127,0
21476,0
38461,0
35675,0
4472,0
33584,0
22416,0
15938,0
25537,0
42461,1
12359,1
6178,0
27148,0
34766,0
7459,0
36481,0
26566,0
35575,0
20413,0
12053,0
30219,0
12461,0
13569,0
39119,0
25824,0
2001,0
4294,0
35076,0
12865,0
14338,0
41562,1
8134,0
37754,0
25358,0
41046,0
44703,1
24538,0
741,0
11790,0
38115,1
20096,0
10553,0
30556,0
8786,0
17507,0
31232,1
29924,0
35797,0
28256,0
18911,0
16929,0
15797,0
27559,1
12805,0
11976,0
34448,0
14810,0
33340,1
36476,0
8825,0
42170,0
26556,0
26070,0
516,0
15082,0
14889,1
3320,0
9267,0
37289,0
43348,1
19961,0
18544,0
32612,0
30413,0
15415,1
2364,0
2574,0
36761,0
31406,0
37867,0
24956,0
63,0
41165,1
16389,0
24711,0
12026,0
18138,0
38267,0
6051,0
41438,1
17133,0
32177,0
42726,0
14455,0
28569,0
43268,0
25875,0
6285,0
20992,0
17527,0
30,0
10085,0
30130,0
31023,1
7072,0
11471,0
14049,0
40198,0
33110,1
25693,0
20401,0
25238,0
7467,0
9541,0
13915,0
14316,0
32329,0
38806,0
44653,0
37625,0
14993,0
13701,1
40190,0
12416,0
26158,0
18817,0
3680,0
11441,0
524,0
40564,1
39550,0
12486,0
13592,0
25230,0
33203,0
22492,0
17101,0
20875,0
21366,0
36864,0
17181,0
27471,0
6234,0
33906,0
13676,0
14180,0
18218,0
14718,0
29017,0
3180,0
20459,0
33941,0
22674,0
38439,0
10790,0
27790,0
15244,0
25770,0
24267,0
43713,0
33726,0
25507,0
44799,0
35536,0
30739,0
27756,0
38770,0
42763,1
30981,0
16697,0
38621,0
4721,0
20175,1
8714,0
42493,1
25560,0
11704,0
21138,0
33574,0
29932,0
25856,0
31276,1
7469,0
28623,0
10546,0
38924,0
12031,0
18120,0
31799,1
34729,0
20611,0
27868,0
33985,1
20644,0
10043,0
5349,0
5234,0
16243,0
33654,0
27968,0
43571,0
35948,0
35146,0
12599,0
38337,0
19548,0
41083,1
2843,0
8660,0
31719,0
32573,0
4071,0
31752,0
24460,0
2432,0
2391,0
38403,0
42806,1
24891,0
18222,0
31905,1
5594,0
5830,0
25416,0
38873,0
3586,0
4755,0
3137,0
12191,0
11068,0
24518,0
30538,1
24896,1
2482,0
23688,0
32607,0
22797,0
25802,0
19245,0
35315,0
40066,0
518,0
17135,0
13756,0
28423,0
29571,0
21650,0
1321,0
44723,1
28868,0
7669,0
2284,0
30050,0
13769,0
12123,0
15215,0
42510,0
10727,0
2054,0
30714,0
14035,0
34902,0
745,0
15214,0
23102,0
33391,0
4711,0
10757,0
10004,0
36127,0
15318,1
25192,0
28222,0
20240,0
1572,0
26812,0
28040,0
42950,1
9240,0
43364,0
37520,0
3686,0
21369,0
2595,0
2259,0
18423,0
2109,0
33041,0
9532,0
17509,0
19075,0
23735,0
41103,0
17719,0
39906,0
20979,0
4793,0
17734,0
7464,1
10221,0
23336,0
17120,0
561,0
17500,0
20871,0
11229,0
19082,0
34545,0
40330,1
32492,0
30414,1
5481,0
40134,0
43349,1
14402,0
5928,0
23145,0
44969,0
34773,0
22341,0
11591,0
7548,0
44171,1
16337,0
21592,0
3840,1
33451,0
10852,0
35101,0
7058,0
35220,0
10451,0
19109,0
41926,1
30809,0
13214,0
43712,1
30431,0
43471,1
42643,1
22957,0
44189,1
8255,0
3380,0
16627,0
42857,0
11975,0
30872,0
23296,0
16827,0
26271,0
29384,0
26460,0
40798,0
18480,0
21991,0
3442,0
2047,0
13206,0
34982,0
71,0
11384,0
27856,0
15567,0
36619,0
18112,0
28290,0
22072,0
35686,0
33210,0
38268,0
33510,1
21322,0
34391,1
17459,0
44090,0
12199,0
37270,0
19034,0
6589,0
3309,0
26043,0
30834,0
13423,0
7154,0
21048,0
42157,0
22733,0
12912,0
1792,0
22185,0
12076,0
32564,0
32421,0
15070,0
32242,0
39241,0
12408,0
40478,1
8908,0
28532,0
798,0
5782,0
40380,0
16,0
14726,1
40544,0
15316,0
7479,0
3618,0
17814,0
41717,0
13051,0
23835,0
41923,1
43895,0
7081,0
8372,0
29732,0
8916,0
2884,0
37464,0
26909,0
32033,0
5810,0
24795,0
5880,0
9363,0
18741,0
41474,0
35553,1
8139,1
11526,1
9847,0
32354,0
6066,0
28490,0
33034,0
15041,1
43820,1
22636,0
4668,0
37979,0
20600,0
13809,0
29359,0
35251,0
32805,0
19060,1
37006,0
31222,1
29815,0
43361,1
22470,0
9325,0
36664,0
39262,0
13261,0
37817,1
18177,0
41854,0
37188,0
15009,0
45038,1
21757,1
42545,1
25769,0
43925,1
32945,0
29521,0
14377,0
36506,0
12696,0
17736,0
33011,0
44625,0
4349,0
6325,0
21466,0
18494,0
27197,0
11488,0
3560,0
44251,0
27367,0
29065,0
14919,0
9628,0
37473,0
6375,0
42096,0
1429,0
44356,0
15439,0
988,0
19434,0
10152,0
38843,0
36587,0
43643,0
5722,0
38923,0
30700,0
44947,0
22088,0
32282,0
36676,0
9266,0
2250,0
19907,0
11532,0
28842,0
29251,0
40986,0
14930,0
38186,0
19052,0
12835,0
36508,0
27698,0
7768,0
18622,0
14985,0
16229,0
43072,0
4799,0
8427,0
24491,0
31749,0
6802,0
28435,0
29129,0
32277,0
32431,0
30520,0
4782,0
22662,0
9833,0
23849,0
15653,0
23609,0
25871,0
8185,0
32902,0
11335,1
10416,1
17253,0
34034,0
24505,0
35988,0
34896,0
22601,0
13139,0
42503,1
29700,0
36992,0
22722,0
39265,0
4550,0
9306,0
30928,0
5468,0
36217,0
30857,1
32543,0
31937,0
30147,0
10332,0
36447,0
20804,0
2004,0
21401,0
24287,0
24213,0
6071,0
42436,0
33756,1
22059,0
17086,0
15563,0
30348,0
3404,0
20810,0
3731,0
8643,0
15605,0
26257,0
30085,0
28446,0
23443,0
5460,0
43149,1
25888,0
6481,0
42810,1
14977,0
35373,0
28591,0
29813,0
24022,0
11369,0
37806,1
14683,0
42349,0
15655,0
19857,0
5643,0
21846,0
24608,0
11531,0
44274,1
20972,0
20734,1
42095,0
36378,0
36149,0
2418,0
25198,0
34287,0
22813,1
24240,0
37014,0
36662,0
30004,0
31746,1
14248,0
37302,0
28866,0
27718,0
37375,0
3471,0
29446,0
36576,0
9262,0
27057,0
32572,0
24003,0
18842,0
43645,0
34708,0
7876,0
32076,1
42584,0
33540,0
16219,0
24458,0
33989,0
9815,0
19969,1
42167,1
18873,0
24224,0
41819,0
7489,0
13645,0
16502,0
34738,0
19167,0
25717,0
35593,1
33084,0
5955,0
44705,0
21698,0
12700,0
171,0
15681,0
41890,0
44112,0
42496,1
24770,0
7024,0
32069,1
33561,0
7509,0
20434,1
31014,1
42752,0
30703,0
8109,0
37434,0
2368,0
39290,0
32054,0
6646,0
18272,0
25191,0
19620,0
37300,0
25329,0
17278,0
2603,0
16068,0
14989,0
7319,0
8169,0
45059,0
29502,0
22544,0
32930,0
36851,0
5171,0
1249,0
10929,0
14160,1
28903,1
24591,0
42506,0
13599,0
37477,0
16817,0
34994,0
18573,0
30213,0
29448,1
29755,0
10797,0
31926,0
12274,0
41898,0
32283,0
23556,0
33685,0
3388,0
11052,0
22478,0
34324,0
3516,0
24905,0
24852,0
32305,1
34803,0
37428,0
4638,0
35921,0
3194,0
38700,0
3689,0
12423,0
22449,0
17255,0
27963,0
41917,1
13901,0
41628,0
23299,0
18030,0
27687,0
44831,1
35741,0
45053,0
28820,0
32898,0
11990,0
23758,0
9074,0
410,0
12036,0
3204,0
24370,0
26229,0
4810,0
23312,0
2079,0
4651,0
26581,0
15919,0
19171,0
23424,0
36615,0
36713,0
44115,1
16918,0
22414,0
2464,0
30978,0
6133,0
35645,0
3454,1
16782,0
28857,0
25540,0
20228,1
41877,0
43394,1
38974,0
31255,0
17895,0
21044,0
23384,0
19727,0
25027,0
23877,0
36269,0
44396,1
32690,0
7268,0
41191,0
39571,0
3812,0
2658,0
3619,0
7347,0
42462,1
43486,0
37574,1
28743,0
20697,0
21793,0
15982,0
10911,0
30622,0
21903,0
9035,0
22128,0
4696,0
37692,1
34278,0
36954,0
44693,0
26170,0
21100,0
3120,0
40107,0
31909,0
17425,0
18881,0
37026,0
39485,0
16216,0
27037,0
4485,0
38644,0
17363,0
26516,0
28398,0
9264,0
44301,0
13614,0
28686,0
39844,0
20744,0
40959,0
13499,0
25401,0
41989,1
18239,0
3607,0
39960,0
14735,0
1236,0
25244,0
22219,0
717,0
16021,0
29240,0
37723,0
31588,1
22193,0
41933,1
28625,0
44291,0
33651,0
34040,0
13658,0
35494,0
12908,0
6600,0
37869,0
5018,0
37311,0
5241,0
19893,0
6104,0
5258,0
41969,1
43611,0
34378,0
25645,0
32407,0
1565,0
14256,0
42713,0
25037,0
7169,0
22785,0
14723,0
8861,0
27785,0
9281,0
28442,0
41715,0
4430,0
12917,0
24912,0
7574,0
36789,0
31258,0
20666,1
8453,0
14599,0
32355,0
18726,0
24007,0
28837,0
1114,0
8517,0
36132,0
31714,0
33993,0
31335,0
14163,0
140,0
33579,0
37630,0
15016,0
26021,0
45050,0
34078,0
39910,1
1256,0
16599,0
25502,0
31507,0
26224,0
44958,1
17612,0
629,0
9400,0
32658,0
14868,0
21061,0
24099,1
15341,0
10522,0
3045,0
19511,0
26941,0
8414,0
43910,1
31722,0
23683,0
38484,0
39369,1
44004,1
41839,0
33725,0
20723,0
21534,0
24778,0
17162,0
14954,1
32360,0
35460,0
17000,0
12642,0
25787,0
12056,1
7743,0
22906,0
36985,1
44726,1
22438,0
18720,0
40017,0
29962,0
21549,0
33753,1
33181,0
3106,0
41157,0
33976,0
29417,0
8690,0
12094,0
41281,0
6456,0
3157,0
21809,0
35013,0
24692,0
27731,0
1812,0
15110,0
16826,0
19815,0
19296,0
29081,0
5259,0
34242,0
1549,0
42401,0
33971,0
12673,0
2154,0
22921,0
13383,0
32004,0
12778,0
287,0
42690,1
22918,0
42767,1
27905,0
29424,0
21058,0
944,0
4938,0
28853,0
32727,1
32255,0
31979,0
29633,1
27947,0
932,0
34297,0
25147,0
23731,0
15334,0
13503,0
18242,0
35316,0
39956,0
40288,0
37122,0
37577,0
44071,0
40536,0
9291,0
16023,1
34365,0
15897,0
6603,0
11222,0
22146,0
24723,0
21169,0
44187,1
24517,0
3370,0
2944,0
29570,0
26980,0
16937,0
35768,0
24216,0
38152,1
30904,0
33667,0
32699,0
29831,0
34084,0
20184,0
22011,0
38540,0
38105,0
8619,0
7902,0
33539,0
20837,0
34557,0
44534,1
26552,0
14676,0
6231,0
10741,0
12253,0
24126,1
9097,0
32307,0
21298,0
31742,0
20014,0
25989,0
21292,0
777,0
1442,0
43211,1
35817,0
17890,0
12941,0
11576,0
965,0
4516,0
17026,0
5075,0
21573,0
21349,0
35133,0
27222,0
17973,0
22328,0
5384,0
39814,0
25160,0
37580,1
35530,0
11033,0
39069,0
33864,0
9488,0
11386,0
14207,0
22091,0
7491,0
29093,0
40744,1
7596,0
5738,0
28553,0
40153,1
15379,0
40446,1
25815,0
15837,0
26957,0
37662,0
15720,1
7448,0
35366,0
5301,0
13578,0
42301,0
38460,0
16131,0
9382,0
6516,0
32707,0
42331,0
21009,0
38968,1
15788,0
17487,0
663,0
34579,0
15459,0
7505,0
6985,0
30359,0
18433,0
4102,0
26057,0
29118,0
2151,0
29936,0
14558,0
28491,0
22683,0
38723,0
34491,0
33873,1
41892,0
37612,0
6692,0
14299,0
16419,0
10605,0
41893,0
43908,0
12357,1
22252,0
25467,1
38808,0
32419,0
34769,0
21386,0
19174,0
10065,0
39468,0
5933,0
5813,0
9957,0
17892,0
24737,0
19335,0
34014,0
24393,0
12252,0
21697,0
33066,0
9114,0
3816,0
25223,0
25260,0
25342,0
27443,1
41368,1
26637,0
15830,0
29115,0
30789,0
2086,0
40210,0
4805,0
2563,0
27848,0
29927,0
1433,0
40454,0
15045,0
45171,0
6271,0
40900,0
38245,0
27320,0
30464,0
35995,0
29440,0
13924,0
42158,0
33589,0
25534,0
19895,0
32628,0
12282,0
24854,0
44892,0
41720,0
31838,0
1440,0
19728,0
6485,0
10776,0
16863,0
37954,0
15432,0
25276,0
36284,0
12727,1
16263,0
14126,0
21172,0
10300,0
8447,0
20919,0
37131,0
36799,0
9145,1
21024,0
590,0
10946,0
2799,1
23809,0
22380,0
36969,0
6602,0
12604,0
5591,0
16707,0
31155,0
7984,0
11534,0
21706,1
29630,0
34750,0
28397,0
29718,0
9258,0
15052,0
38262,1
41512,1
11656,0
18418,0
13898,0
42405,0
5096,0
6902,0
24516,0
29968,1
26536,0
6166,0
30484,0
29121,0
15677,0
13755,0
37174,0
19470,0
22989,0
27474,0
30284,0
26785,0
31572,1
11945,0
5273,0
11347,0
26829,0
42304,1
41149,1
3465,0
19570,0
12269,0
40363,1
4121,0
36878,0
20641,0
2388,1
25671,0
14639,0
3307,0
17277,0
26539,0
34432,0
27267,0
7246,0
35131,0
2477,0
16137,0
9867,0
2620,0
38929,0
270,1
30516,0
26942,1
37425,0
5618,0
9792,0
25043,0
9625,0
17709,1
39117,0
24467,0
21400,0
18232,0
4507,0
38606,0
34445,0
3893,0
43625,0
34099,0
33218,0
26585,0
6972,0
35264,1
10062,0
34646,0
5607,0
7253,0
20664,0
7677,0
27292,0
6343,0
23772,0
36314,0
39607,0
11763,0
23148,0
14387,0
6521,0
7195,0
22914,0
14881,0
10296,0
21594,0
23713,0
19064,0
22826,0
42032,0
4424,0
19529,0
25205,0
29350,0
20500,0
19968,0
8158,0
44007,0
38768,0
36215,0
19579,0
38789,0
20277,0
25443,0
39736,0
19962,0
34394,0
15886,0
695,0
31471,0
1716,0
4510,0
43327,0
5731,0
35184,0
26207,0
302,0
38874,0
24201,0
23740,0
31394,1
5681,0
15716,0
31920,1
5409,0
29742,0
14352,0
32740,0
6836,0
30508,1
1502,0
6599,0
40128,1
27935,0
26089,0
16997,0
5911,0
27967,0
30772,0
16593,0
34263,0
44855,1
23460,0
14157,0
43887,0
18987,0
28412,0
19855,0
10823,0
29799,0
42195,1
13605,0
25976,0
44910,1
9475,0
18969,0
29247,0
6058,0
40485,0
16340,0
24542,0
23201,0
33465,0
20671,0
20074,0
32818,0
13224,0
22419,0
40808,1
21152,0
1660,0
11553,0
11424,0
38278,0
5990,0
27384,0
22202,0
30863,0
568,0
4470,0
13457,0
27884,0
23959,0
28267,0
26947,0
24297,0
36161,1
25113,0
16916,0
40358,0
7001,0
28611,0
12554,0
45074,1
14249,0
3613,0
36270,0
31094,1
2984,0
29471,0
8286,0
14978,0
38156,1
22861,0
1578,0
29995,0
18233,0
35240,0
26051,0
16402,0
35526,0
7898,0
35308,0
12531,0
21626,0
24187,0
19640,0
14082,0
10680,0
39417,1
35450,0
11987,0
38520,0
6950,0
37251,0
38442,0
24084,1
30614,0
34526,0
32457,0
19841,0
34444,0
4,0
1957,0
40633,0
6131,0
8580,0
430,0
1808,0
40873,1
6204,0
32959,1
27691,0
6801,0
14280,0
24349,0
41060,0
220,0
39653,0
10105,0
40513,1
14870,0
32343,0
17287,0
25142,0
29646,0
31973,0
31815,0
30047,0
30620,0
21813,0
1770,0
6822,0
34816,0
10593,1
3898,0
15438,1
38314,0
35523,0
31975,0
30278,0
15020,0
35857,0
5663,0
39843,0
42603,1
30166,0
12358,0
42736,1
15743,0
40923,0
33105,0
24507,0
1198,0
35585,0
17608,0
28386,0
7486,0
28328,0
9482,0
29957,0
24367,0
132,0
531,0
10606,0
3928,0
9914,0
37051,0
6155,0
509,0
22602,0
10627,0
24488,0
6463,0
11030,0
11023,0
26466,0
6333,0
4660,0
17836,0
29344,0
25807,0
14209,0
3982,1
35812,0
12932,0
3556,0
22426,0
719,0
41497,1
17081,0
42583,0
20790,0
17933,0
28306,0
1310,0
31405,0
31885,0
8928,0
12271,0
4783,0
30977,0
36806,0
2623,0
23787,0
28113,0
20786,0
27720,0
40356,0
22788,0
25575,0
32452,0
24946,0
17090,0
5859,0
20867,0
30424,0
16311,0
28265,0
10841,0
39001,0
11605,0
14757,0
12961,0
10712,0
32009,0
18610,0
35165,0
23857,0
9489,0
2670,0
25762,0
5389,0
19704,0
1642,0
42897,0
42735,0
31448,0
35386,0
27843,0
8440,0
38095,0
21812,0
24805,0
10295,0
39632,0
30609,0
16752,0
43051,0
10196,0
3711,0
39141,0
6305,0
10331,0
15920,0
43483,1
39710,0
45140,1
12877,0
39996,1
36451,0
44287,1
36351,0
14331,0
39753,0
37050,0
25216,0
10210,0
14042,0
17444,0
39104,1
1756,0
37154,0
44238,0
29238,0
28034,0
17800,0
43993,0
35840,0
9865,0
25013,0
13515,0
539,0
27374,0
2895,0
28178,0
34044,0
19407,0
3829,1
146,0
28452,0
31874,0
18922,0
25128,0
33888,0
30029,0
5281,0
35382,0
41225,0
29712,0
29052,0
34680,0
41521,0
17165,0
43982,0
17510,0
36866,0
40853,1
20275,0
40645,0
21392,0
4360,0
20385,0
41267,0
43854,0
4257,0
24041,0
35249,0
36188,0
17857,0
32976,0
28576,0
41197,0
28120,0
8328,0
9649,0
26694,0
32745,0
31168,0
45111,0
41916,0
43949,1
12146,0
31802,1
24765,0
36869,0
1715,0
14537,0
32671,0
16358,0
27444,0
29588,0
29456,0
747,0
43614,1
43127,0
39605,1
44690,1
42785,1
30475,0
4377,1
30724,0
21870,0
35618,0
23967,0
14358,0
35031,0
15135,0
38780,0
35069,0
21746,0
33010,0
10374,0
16835,0
10982,0
1364,0
31636,0
5146,0
39238,0
34390,0
2766,0
31991,0
45071,1
21943,0
3836,0
18631,0
36775,0
588,0
13872,0
3198,0
15986,0
17229,0
40464,0
14528,0
43589,0
2417,0
23006,0
25712,0
38737,0
1302,0
31789,1
18776,0
12237,0
40902,1
14419,0
37470,0
18562,0
35751,0
5042,0
24293,0
36010,0
3393,0
43061,0
7312,0
24355,0
3738,0
24754,0
7998,0
28758,0
17044,0
6483,0
44369,0
23564,0
31472,1
19471,0
23741,0
27587,0
15718,0
17281,0
12714,0
14629,0
25716,0
39491,0
13894,0
39461,0
24839,0
45191,1
12660,0
40132,1
1116,0
31673,0
25971,0
38791,0
32369,0
7212,0
44472,1
16848,0
10377,0
37668,1
8760,1
10562,0
25118,0
16315,0
1297,0
36891,0
34193,1
31227,0
39460,1
20754,0
19762,0
15479,1
34640,0
12715,0
31665,0
20058,0
7806,0
32613,0
30385,0
6915,0
36369,0
11709,0
3467,0
1526,0
26375,0
30440,1
37034,0
8003,0
9596,0
33800,0
20628,0
9395,0
39243,1
2077,0
13181,0
490,0
44563,0
514,0
37739,0
15054,0
1976,0
4353,0
22931,0
1866,0
7,0
43025,1
42553,0
30764,0
24052,0
39630,1
10159,0
33852,1
13879,0
25436,0
8422,0
26363,0
20055,0
4856,0
43941,1
7223,0
35738,1
10963,0
24091,0
16722,0
13998,0
828,0
27636,0
37073,0
13876,0
14004,0
38143,0
37244,0
12553,0
43859,1
14895,0
37661,0
35428,0
20933,0
17637,0
26937,0
12796,1
11602,0
496,0
20310,0
8364,0
18420,0
9951,0
26717,0
20219,0
13667,0
37848,0
20476,0
36585,0
38343,0
2682,0
27514,0
31791,0
33724,0
2889,0
33055,0
38496,0
38153,0
41408,0
38894,0
40535,0
44621,0
44612,1
23348,0
14563,0
30554,0
23924,0
27193,0
20694,0
27417,0
24792,0
38454,0
44241,1
14846,0
26293,0
43649,1
25818,0
272,0
38856,0
30624,0
21269,0
15555,0
23831,0
3244,0
28652,0
13816,0
33360,1
14036,0
27452,0
3600,0
3429,0
41772,1
28833,0
40803,0
2771,0
25880,0
3609,0
16505,0
5755,0
42598,1
2217,0
39420,0
25447,0
28579,0
24758,0
22285,0
34899,0
37047,1
11752,0
26390,0
10652,0
336,0
16526,0
30755,1
35077,0
44732,0
1459,0
24004,0
41450,0
44511,1
6209,0
43847,0
22705,0
17203,0
35925,0
25740,0
26238,0
40764,0
44557,1
17741,0
2290,0
45203,1
24865,0
44310,0
4601,0
43503,1
9502,0
17544,0
19223,0
12261,0
5026,0
19951,0
13706,0
2591,0
9529,0
5087,0
41270,0
8201,0
5346,0
29233,0
18704,0
30477,0
28338,0
5884,0
9834,0
7670,0
10376,0
2631,0
42279,0
19782,0
8765,0
20004,0
5794,0
30680,0
18255,0
6125,0
35465,0
42608,0
14815,0
41410,1
19435,0
26734,0
4541,0
38206,0
23047,1
17186,0
23636,0
41906,1
41615,1
16792,0
38025,0
25479,0
2556,0
25898,0
28548,0
27146,0
6247,0
9608,0
43274,1
41889,0
15028,0
18534,0
38756,0
5967,0
3576,0
38721,0
12567,0
37339,0
31100,1
38804,0
6429,0
39354,0
14524,0
36124,0
33225,0
25475,0
43566,0
3698,0
17378,0
13357,0
39754,1
4518,0
18081,1
6001,0
27137,0
22318,0
16368,0
15700,0
44870,0
12389,0
32381,0
11345,0
29007,0
21690,0
21153,0
36592,0
3631,0
30913,0
30985,0
27832,0
19231,1
36141,0
7132,0
43375,0
21997,0
19472,0
1550,0
35902,0
44754,1
36558,0
7156,0
16680,0
9550,0
10186,0
36003,0
25109,0
29280,0
43174,1
1469,0
182,0
12202,0
30190,0
32567,1
40963,0
13087,0
36299,0
12659,0
19100,0
1009,0
35389,0
12582,0
2458,0
39361,1
38548,0
16766,0
29870,0
43996,1
19341,0
40726,0
14290,0
28235,0
14284,0
10914,0
12785,0
16227,0
41016,1
5661,0
16449,0
43292,0
817,0
12169,0
7053,0
9135,0
36309,0
296,0
16433,0
38552,0
2515,0
20429,0
35363,0
29994,0
5282,0
3441,0
39894,0
22564,0
22617,0
14461,0
27831,0
41855,0
20624,1
18770,0
19198,0
27869,0
12981,0
31356,1
40449,1
39224,0
7991,0
4258,0
43608,0
38693,0
5335,0
2372,0
29510,1
25982,0
3868,0
1473,0
28600,0
5220,0
19636,0
20826,0
42447,1
7833,0
32167,1
21142,0
5621,0
12143,0
44439,1
43609,1
30818,0
20771,0
3911,0
36497,0
6717,0
33310,0
403,0
6173,0
30992,1
25893,0
29804,0
33509,1
19613,1
31800,0
40949,0
12767,0
14571,0
32669,0
40080,1
6515,0
43942,1
13476,0
40437,1
12283,0
39138,0
6279,0
21857,0
12317,0
9142,0
3737,0
15043,0
30744,0
23850,0
13502,0
43565,1
4080,0
8023,0
35312,0
36168,0
2053,1
29310,1
33501,0
33866,0
39751,0
8718,1
35046,0
42108,0
38161,0
32152,1
17816,0
40193,0
19909,0
15436,0
18666,0
34703,0
41538,0
36067,0
849,1
36911,0
22734,0
30881,0
29540,0
31923,0
27159,0
205,0
31804,0
22082,0
20540,0
27068,0
16653,0
38385,0
43376,1
35348,0
12215,0
19881,0
3277,0
27504,0
21161,0
6774,1
10931,0
37962,0
9464,0
23162,0
17624,0
1388,0
33187,0
27344,0
42295,1
17241,0
19856,0
2122,0
28160,0
18241,0
20189,0
2196,0
22164,0
41022,1
83,1
10550,0
38620,0
14346,0
5972,0
19387,0
2624,0
23407,0
13732,0
22063,0
14287,0
13791,0
7933,0
145,0
23889,0
11737,0
31710,0
29281,0
20975,0
3038,0
23549,0
8957,0
43635,1
44815,1
24419,0
33818,1
40399,0
9582,0
25143,0
17781,0
24076,1
37351,0
13641,0
30179,0
15280,0
17105,0
34623,0
12831,0
29867,0
882,0
18835,0
14277,0
11537,0
2610,0
25904,0
42667,0
6158,0
31560,0
32751,0
3105,0
1683,0
9977,0
13482,0
11402,0
7483,0
37229,0
32661,0
2816,0
44259,0
25644,0
6551,0
3920,0
42411,1
40594,1
28221,0
19551,0
38179,0
12027,0
23095,0
14772,0
44236,1
29696,0
23776,0
26492,0
2993,0
14391,0
43255,1
2510,0
25380,0
10543,0
16521,0
36823,0
11005,0
3690,0
18599,0
36830,0
40016,0
27329,0
39202,0
11500,0
22332,0
29878,0
3874,0
32438,0
3199,0
41904,1
23513,0
22644,1
5003,1
35552,0
16047,0
3849,0
3148,0
24685,0
40187,0
20955,0
35512,0
28142,0
26561,0
36467,0
43259,0
26006,0
25863,0
4222,0
9214,0
22371,0
11956,0
27982,0
30999,0
41134,1
44417,0
42637,1
34366,1
5215,0
44420,1
22016,0
5961,0
24935,0
20214,0
11577,0
13675,0
38234,0
25251,1
15612,0
27321,0
35849,0
42786,0
17797,0
9408,0
45148,1
29645,0
36223,0
35850,0
7080,0
12361,0
2084,0
35516,0
30998,0
1317,0
25723,0
30310,0
17749,0
23474,0
14139,0
21117,1
5424,0
2298,0
24305,0
14864,0
41730,0
11622,1
13750,0
16631,0
7655,0
11435,0
2351,0
14596,0
1360,0
22517,0
15705,0
7188,0
2665,0
5776,0
43480,1
2584,0
21928,0
16778,0
2020,0
42631,1
6361,0
13558,0
18489,0
21926,0
29423,0
11910,0
28782,0
8867,0
4878,0
6431,0
40825,1
9480,0
42845,0
17837,0
11887,0
19184,0
18127,0
12298,0
33568,0
8483,0
18919,1
13387,0
8179,0
20809,0
32019,0
24448,0
34128,1
7086,0
24358,0
3213,0
15839,0
38250,0
41970,0
29740,0
19308,0
30860,0
8650,0
6428,0
30112,0
11473,0
26289,1
31670,0
25766,0
21170,0
6229,0
28858,0
15754,0
44880,0
30019,0
15486,0
36546,0
19206,0
37729,0
31418,1
42478,1
40043,0
35030,1
34554,0
29026,0
37273,0
12994,0
36437,0
29581,0
6115,0
3803,0
1314,0
15083,0
12394,0
43216,1
43477,1
44660,0
36391,0
10808,0
32028,1
12615,0
468,0
7076,0
35243,0
22418,0
30955,0
3074,0
40051,0
36156,0
38879,0
35748,0
19635,0
11064,0
34087,1
28991,0
22046,0
16765,0
29827,0
5593,0
20011,0
38252,0
44609,0
10879,0
3821,0
41527,0
7323,0
43459,1
32240,0
22498,0
13343,0
10113,0
6527,0
18094,0
12434,0
10214,0
38996,0
42144,1
5117,0
33578,0
44338,1
18056,0
18283,0
13492,0
5268,0
18167,0
44213,1
4124,0
37030,0
14944,0
18709,0
33581,0
15236,0
3969,0
13116,0
33934,0
17094,1
21003,0
10414,0
26326,0
35749,0
31605,0
41956,1
6,0
24255,0
39658,0
44160,1
36938,0
2712,0
19039,0
7472,0
36344,0
29117,0
8522,1
17180,0
20951,0
32056,0
33279,0
20801,0
25454,0
18062,0
40281,0
11557,0
42458,1
30312,0
15196,0
29301,0
1936,0
33615,0
33835,0
10978,0
16191,0
41806,0
5572,0
14744,1
12057,0
18634,0
14262,0
25305,0
22893,0
18850,0
11066,0
16115,0
12630,0
4543,0
41167,0
18840,0
10458,0
31919,1
22481,1
6640,0
42036,1
5947,0
22752,0
7145,1
44825,0
8884,1
3453,0
26319,0
15967,0
20291,1
4648,0
2912,0
42551,0
37527,0
11769,0
4823,0
16780,0
23716,0
27849,0
24350,0
23017,0
20574,0
4028,0
11903,0
15155,0
38241,0
29192,0
36373,0
42094,0
23323,0
13221,0
24171,0
13766,0
21096,0
29334,1
43641,1
39289,0
40667,0
28756,0
9216,0
40668,1
14002,0
23463,0
41449,0
15933,0
21043,0
25159,0
42632,0
4161,0
8602,0
13265,0
6748,0
29303,0
7186,0
43441,0
24385,0
26591,0
42296,1
17476,0
35966,0
40520,0
15108,1
29665,0
8785,0
15411,0
12096,0
28198,0
26814,0
35435,0
36095,0
10786,0
16639,0
14337,0
32046,1
2347,1
39023,0
9045,0
39347,0
19430,0
26407,0
25934,1
39426,1
12864,0
38176,0
25972,0
7062,0
35265,0
8578,0
15246,0
44073,0
39959,1
21893,0
41596,1
23672,0
21899,0
19758,0
19904,0
7964,0
30241,0
43731,1
34619,0
2973,0
41954,1
22835,0
29100,1
39091,0
25116,0
33876,1
36934,0
35705,0
3747,0
32752,0
13286,0
17251,0
36136,0
6761,0
13967,0
26500,0
29949,0
25241,0
34756,0
18243,1
15482,0
3517,0
13393,0
44915,0
5917,0
11803,0
25819,0
27789,0
4924,0
24605,0
45165,0
10411,0
19825,0
8664,0
21562,0
8479,0
15619,0
28972,0
22230,0
40567,0
40269,0
28082,0
6202,0
20797,0
13285,0
20268,1
26349,0
4375,0
27495,1
8014,1
31049,1
17107,0
29282,0
14413,0
35734,0
21737,0
37862,0
15772,0
13625,0
9342,0
17616,0
15343,1
30417,0
29702,0
28438,0
35665,0
30497,0
13013,0
32621,0
20608,0
9949,0
7346,0
21585,0
21350,0
39608,0
37083,0
25942,0
5645,0
36144,0
14921,0
27399,0
18510,0
11293,0
15543,0
43765,1
11979,0
26817,0
33089,0
8214,0
10722,0
15715,0
11494,0
23094,0
22867,0
23580,0
24584,0
22461,0
36622,0
41068,1
36812,0
38044,0
45095,0
39579,0
23878,0
5672,0
24910,0
35136,0
31194,0
31206,1
43781,1
43197,1
33595,0
25347,0
28121,0
9925,0
17954,0
27593,0
20787,0
40860,0
29323,0
26668,0
22442,0
25956,0
27269,1
9546,0
41220,1
20116,0
17284,0
37239,0
37446,0
5773,0
31073,1
5062,0
2193,0
29139,0
45201,1
30820,0
15606,0
2909,0
11719,0
20043,0
28607,0
2821,1
29406,0
38408,0
4876,0
6010,0
26489,0
1986,0
24075,1
14729,0
1584,0
24077,1
34829,0
40309,0
32986,0
21692,0
1150,0
3669,0
8121,0
45110,0
17,0
37190,1
45149,1
651,0
28295,0
43100,0
40972,0
3472,0
22191,0
22268,0
30682,0
6614,0
25991,0
41026,0
495,0
23481,0
18451,0
28908,0
10001,0
11522,0
11934,0
2253,0
437,0
546,0
29009,0
30669,1
11877,0
18261,0
494,0
20009,1
4698,0
3417,0
43317,0
1728,0
26365,0
13798,0
34735,0
12379,0
6092,0
27955,0
39865,1
13272,1
16930,0
22487,0
1416,1
16920,1
27651,0
10280,0
37589,0
12500,0
35623,0
40956,0
21787,0
16240,0
41453,1
14307,0
34726,0
14854,0
42628,1
8905,0
19495,0
13075,0
13987,0
8985,0
2985,0
31478,0
11820,0
13627,0
8542,0
8376,0
38349,0
25639,0
39770,0
33337,1
19356,0
35286,0
8576,0
367,0
34774,0
22640,0
5491,0
43339,1
5388,0
8943,0
37011,0
7013,0
30523,0
1191,0
41699,0
19146,0
45096,1
42418,1
36304,0
3507,0
28260,0
8652,0
37283,0
25411,0
36063,0
13778,0
14756,0
13680,0
40690,1
18521,0
29304,0
27000,1
1956,0
6320,0
31947,0
24864,0
10512,0
18609,0
1447,0
25576,0
5622,0
9691,1
3401,0
19741,0
26131,0
10053,1
6304,0
6838,1
33778,0
31366,1
29655,0
5649,0
33076,0
18683,0
24752,0
14050,0
5595,0
33805,1
11464,0
25246,0
6238,0
34333,0
11679,0
9601,0
42321,0
30596,0
5996,0
42668,1
7270,0
33193,0
44054,0
14283,0
6381,0
10475,0
26091,0
16648,0
41966,0
30031,0
37732,0
26762,0
40474,0
34919,0
44132,1
45002,1
34148,1
30618,0
27520,0
15063,0
19737,0
18452,0
4817,0
42154,0
12651,0
21668,0
34008,0
37361,0
17124,0
13873,0
25300,0
2700,0
8045,0
1654,0
236,0
3049,0
32944,0
6183,0
29360,0
38793,0
23451,0
38272,0
40209,0
3278,0
15757,0
29841,0
36770,0
13632,0
38063,0
43539,0
1865,0
33357,0
10754,0
22954,0
18410,1
17503,0
42878,0
14057,0
26898,0
27228,1
24829,0
160,0
2616,0
28772,0
22834,0
5938,1
18655,0
17944,0
44649,0
12697,0
41424,0
7328,0
8233,0
14839,0
38810,0
28309,1
2023,0
17531,0
30053,1
1564,0
8491,0
41040,0
18361,0
21030,0
12889,0
37902,0
37770,0
7744,1
1641,0
6022,0
7693,0
385,0
37569,0
2005,0
5614,0
10466,0
11593,0
15171,0
37969,0
27299,0
4634,1
31651,0
10855,0
9898,0
21849,0
25070,0
1183,0
13779,0
2387,1
9677,0
150,0
23250,0
20594,0
11812,0
15974,0
22747,0
37237,0
32771,0
21821,0
38528,0
20991,0
15763,0
16957,0
3794,0
5521,0
14631,0
36148,0
6965,0
4675,1
30081,0
37089,0
466,0
38875,0
31443,1
8936,0
23386,0
15425,0
20203,1
22725,0
1209,0
34518,0
15092,1
7278,0
10351,0
30257,0
16339,0
8552,0
20622,1
15226,0
35359,0
11833,0
412,0
31865,0
41407,1
33254,0
38027,0
12846,0
22028,0
39855,0
22333,0
38469,0
23595,0
8938,0
12787,0
33598,0
27501,0
2080,0
19087,0
43351,0
5675,0
41099,0
12514,0
33102,0
9421,0
39019,0
16106,0
44541,0
29979,0
35709,0
13581,0
135,0
35255,0
14418,0
9103,0
36541,0
32837,0
14567,0
36809,1
28280,0
30392,0
32123,0
35492,0
21568,0
28930,0
29751,0
38728,1
7787,0
15255,0
36363,0
29663,0
30606,0
3921,0
9611,0
2588,0
23119,0
5461,0
18408,0
30805,0
6754,0
22450,0
41095,1
13927,1
28550,0
382,0
13587,0
17496,0
11431,0
11941,0
25613,0
23417,0
29704,0
33419,0
2686,0
1826,0
10149,0
10219,0
4708,0
26945,0
20287,0
25265,0
13834,0
6245,0
1806,1
32525,0
22554,0
24097,1
34797,0
23456,0
3735,0
16284,0
1924,0
30091,1
25335,0
41465,1
23568,0
35278,1
29885,0
14521,0
21143,0
125,0
8679,0
31691,0
33377,0
14965,0
24340,0
9794,0
34369,0
8311,0
37288,0
41951,1
26350,0
29882,1
8912,0
20965,0
13528,0
25524,0
12063,0
44551,1
3889,0
2494,0
33523,0
44043,1
3054,0
42128,1
38698,0
22697,0
2982,1
14834,0
41156,0
25239,0
15961,0
6530,0
12413,0
38264,0
2016,0
12073,0
18229,0
23733,0
15283,0
42242,1
11236,0
19305,0
28374,0
43554,0
8775,0
29043,0
30914,0
37397,0
4438,0
8210,0
25551,0
25697,0
20218,0
25483,0
17918,0
4559,0
15348,0
26333,0
22215,1
35036,0
38999,0
22413,0
30799,0
5723,0
40331,0
11830,0
13702,0
3765,0
19897,0
11968,0
31608,0
13430,0
9697,0
740,0
18587,0
12232,0
10959,1
10477,0
40458,0
18820,0
14948,0
11545,0
6240,0
4950,0
44780,1
9040,1
7696,0
26478,0
9569,0
24251,0
6541,0
10253,0
2158,0
42782,1
3099,0
36840,0
7408,0
44890,0
28741,0
25784,0
23332,0
15377,0
15285,0
44231,1
39873,0
3406,0
36589,0
29789,0
9071,0
9727,0
31090,1
39330,0
12671,0
18252,0
21964,0
13274,0
1691,1
43834,1
20724,0
28002,0
2166,0
13281,0
4489,0
7648,0
34757,0
22460,0
21190,0
24468,0
26913,0
37348,0
12951,0
9384,0
36097,0
5457,0
21010,0
43125,0
3358,0
17169,0
26315,0
25793,0
12032,0
27762,0
8882,0
15324,0
12817,0
12537,0
26461,0
39377,0
31327,1
38039,0
22891,0
1039,0
6327,0
6713,0
32780,0
14150,1
29917,0
13248,0
23320,0
11539,0
23331,1
35879,0
40684,0
34669,0
13085,0
16638,0
922,0
2226,0
16366,0
6953,0
21880,0
25721,0
36323,0
18035,0
15302,0
35794,0
38485,0
34622,0
27538,0
28896,0
8417,0
41067,0
25686,0
31095,0
7133,0
40375,1
37057,0
40964,1
27283,0
27556,0
42065,0
40656,1
4674,0
45020,0
7471,0
15121,0
13825,0
31482,1
43935,0
37469,0
18298,0
15039,0
33363,0
15572,0
22897,0
19698,0
15044,0
35510,1
23706,0
20917,0
18173,0
1967,0
27543,0
8395,0
9248,0
31559,0
37968,0
30544,0
14460,0
6994,0
23640,0
43698,1
10029,0
5637,0
37166,0
35187,0
34881,0
20077,0
25580,0
4530,0
32077,0
4173,0
39084,0
28660,0
27939,0
15941,0
14851,0
25316,0
8215,0
38202,0
14857,0
34596,0
21967,0
21358,0
16877,0
21942,0
16145,1
20296,1
36698,0
4801,0
4130,0
27601,0
15964,0
26340,0
39689,1
5756,0
32376,0
3363,0
19051,0
19645,0
37549,0
32339,0
17561,0
16261,0
33604,0
28092,0
34462,0
27467,0
2989,0
31067,0
21212,1
4318,0
24286,0
15353,0
15132,0
39636,0
20370,0
9360,0
36523,0
22374,0
12142,0
36577,0
14124,0
34493,0
1004,0
20662,0
28,0
31568,0
3531,0
6544,0
8791,0
43187,1
34844,0
3382,0
7690,0
41324,0
39410,0
21675,0
25231,0
18258,0
22749,0
19833,1
34868,0
3703,0
27815,0
6376,0
44590,0
43138,0
39766,1
33836,0
29707,0
17642,1
20040,0
31013,0
23664,0
13651,0
26473,0
43229,0
13291,0
14216,0
39984,1
2987,0
38359,0
23665,0
805,0
31384,0
9472,0
2455,0
14423,1
23923,0
7114,0
233,0
19169,1
17808,0
28123,0
23134,0
16099,0
9864,0
28329,0
39587,0
32620,0
5975,0
11565,0
36818,0
35672,0
1855,0
29405,0
41035,1
31279,0
17470,0
8537,0
8604,0
28451,0
19516,0
6392,0
29563,0
34437,0
41578,1
44720,0
8696,0
28479,0
31698,0
1019,0
1702,0
42722,1
6733,0
21302,0
22732,0
6147,0
28929,0
36332,0
13417,0
42246,1
14885,0
16271,0
27393,0
39580,0
5914,0
37023,0
20111,0
36618,0
29784,0
41343,0
28813,0
18801,0
38116,1
12971,0
5083,0
38615,0
7002,0
17072,0
38344,0
41697,0
34911,0
40940,1
28709,0
37809,0
298,0
18872,0
18623,0
401,0
27920,0
11451,0
33719,1
43277,0
31199,1
16857,0
41823,0
30058,1
18381,0
7537,0
44065,1
35189,0
30953,0
35252,0
38986,0
39106,1
2071,0
12338,0
29788,0
23824,0
2026,0
2201,0
9752,0
1008,0
27802,0
39711,0
29576,0
2934,0
40955,0
27536,0
11662,0
2096,1
5570,0
23057,0
31281,1
11289,0
12635,0
28200,0
39325,0
18388,0
37414,0
41828,1
34580,0
33763,0
39942,1
1627,0
28056,0
19832,0
44996,0
22526,0
14397,0
12163,0
16815,0
12179,0
15254,0
27125,0
14005,0
9021,0
33486,0
1204,0
30524,0
1160,0
23154,0
12902,0
38243,1
10340,0
3734,0
44180,0
25774,0
9910,0
34341,1
8025,0
17020,0
32854,0
37870,1
40074,1
35854,1
32456,0
44250,1
23973,0
20577,0
27165,0
17754,0
30936,0
37314,0
18965,0
10002,0
39575,0
31233,0
29961,1
22817,0
16899,0
9981,0
21810,1
29292,0
8343,0
8616,0
39720,0
1488,0
19467,0
225,0
37003,0
42970,1
5334,0
18195,1
5508,0
31534,0
5903,0
1485,0
24457,0
29028,0
36914,0
43631,1
40114,0
19090,0
9960,0
19334,0
698,0
7573,0
23852,0
23504,0
8645,0
44751,1
26643,0
12135,0
15955,0
16223,0
31272,0
18740,0
11028,0
29545,0
17602,0
22691,0
18235,0
9317,0
31976,0
22302,0
34057,0
25078,0
25121,0
36686,0
16483,0
22111,0
33748,1
37710,1
23729,0
30337,0
27458,0
31790,1
11506,0
9689,0
9903,0
18617,0
10338,0
25710,0
9331,0
41895,0
15274,0
16637,1
39589,0
37861,0
13607,0
31313,0
30815,0
1546,0
22898,0
28009,0
25171,0
25772,0
10726,1
21485,0
25627,1
5337,0
2402,0
13484,0
14091,0
12494,0
29918,0
21589,0
38565,0
2577,0
5840,0
34401,0
20032,0
39488,0
32131,0
11209,0
31113,0
15023,0
22364,0
2531,0
44012,0
11205,0
38052,0
41109,0
3871,0
42926,0
7686,0
14506,0
3752,0
9725,0
42609,0
42498,0
34451,0
31045,0
11257,0
31133,1
4730,0
34094,1
33970,0
35453,0
38030,0
13453,0
39222,0
23080,0
11319,0
8053,0
15504,0
4949,0
30108,0
3492,0
30406,0
11139,0
42903,0
23065,0
42234,1
20320,0
5064,0
25979,1
22951,0
41208,1
16056,0
30207,0
38741,0
7440,0
10729,0
34565,1
11936,0
28773,0
3684,0
40129,1
23142,0
35041,0
8953,0
23404,0
13959,0
25024,0
35636,0
30066,0
10188,0
1074,0
18539,0
22965,0
7931,0
36659,0
23869,0
15118,0
25953,0
27134,0
11723,0
5719,0
29987,0
21872,0
43705,1
28489,0
19809,0
28376,0
408,0
22467,0
25138,0
26447,0
37578,0
26047,0
1395,0
9484,0
29850,0
18658,0
13284,0
471,0
32362,0
37402,0
2472,0
43804,0
15205,0
19563,0
43287,0
41756,0
13830,0
16011,0
5356,0
547,0
37748,0
14962,0
37871,0
37117,1
39646,0
35393,0
35070,0
12663,0
31422,0
32796,0
6109,0
20446,0
33831,0
31529,0
30218,0
43952,0
45093,1
38387,0
9314,0
28400,0
328,0
7766,0
720,0
15785,0
13888,0
29851,0
34749,0
38926,1
18398,0
42470,1
23364,0
609,0
16434,0
691,0
27109,1
26680,0
21560,0
22597,0
18333,0
33071,0
8499,0
42985,1
12661,0
14668,0
3193,1
10499,0
40992,0
7150,0
17621,0
41088,0
1269,0
19710,0
11321,0
20893,0
28117,0
37479,0
9908,0
25786,0
545,0
26902,0
15160,0
4617,0
34226,0
12081,0
44664,1
38853,0
25372,0
18591,0
44640,0
9986,1
35701,0
3760,0
14597,0
5865,0
701,0
2860,0
37740,0
31877,1
21918,0
26112,0
30013,0
43930,0
11948,0
4569,0
21409,0
6208,0
1507,0
11368,0
33305,0
9483,0
40012,1
23536,0
30935,0
36043,0
15295,0
25279,0
19405,0
38491,1
16849,0
30678,0
24813,0
26508,1
12019,0
42384,0
23268,0
38293,0
31761,0
31361,0
35964,0
37788,1
30073,0
33351,0
32968,0
33954,0
28957,0
39926,0
34985,0
22295,0
40249,1
13999,0
42869,0
26113,0
6917,0
36318,0
25195,1
24774,0
45088,0
32882,0
33890,1
3410,0
17790,0
15089,0
5510,0
41241,1
7810,0
32481,0
15672,0
16310,0
9023,0
14130,0
29027,0
33505,1
8140,0
41226,0
11140,0
26870,0
16940,0
21095,0
17992,0
16151,0
31518,0
12326,0
30778,0
36146,0
30640,0
28462,0
12050,0
32653,0
24812,0
33196,0
35745,0
3000,0
24529,0
21889,0
31780,1
7383,0
15443,1
37530,0
28928,0
13591,0
8891,0
10476,0
9952,0
24569,0
11361,0
23932,0
30185,0
22303,0
4843,0
10635,0
6232,0
34522,0
20186,0
7841,0
20954,0
19750,0
31346,0
22338,0
28722,1
5533,0
21263,0
43623,0
28514,0
14198,0
5362,0
37803,0
45103,1
43668,0
25190,0
19629,0
13326,0
15484,0
22998,0
44731,1
26318,0
22286,0
17260,1
13041,0
27619,0
1961,0
877,1
1343,0
1299,0
22612,0
21780,0
9612,0
26123,0
4209,0
4467,0
36453,0
14176,0
17861,0
27123,1
27552,0
17547,0
550,0
25927,0
39717,1
37747,1
21256,0
1927,0
12331,0
35009,0
12182,0
8117,0
5131,0
6356,0
43826,1
7344,0
19085,0
36593,0
4905,0
26327,0
36863,1
31181,1
37789,0
25069,0
37369,0
43121,0
39968,1
33097,0
36402,0
8983,0
9036,0
8888,0
1727,0
45068,0
25354,0
5686,0
36081,0
27931,0
15094,1
12092,0
29533,0
29834,0
18730,0
32001,0
41606,1
10115,0
30396,0
29451,0
36253,0
23816,0
19883,0
30228,0
40148,0
28540,0
36972,0
27231,0
12536,0
11730,0
22233,0
5511,0
32042,0
26341,0
32411,0
44795,1
40317,0
11784,0
32401,0
29883,0
21438,0
18989,0
26393,1
17406,0
5276,1
592,0
14232,0
6408,0
9773,0
10603,0
34320,0
41764,0
7236,0
34873,0
26457,0
30038,0
42353,0
25749,0
13253,0
1687,0
28128,0
21994,0
18794,0
20673,0
39586,0
34814,0
39293,0
9989,0
6269,0
23754,0
25713,0
12677,0
18777,0
4086,0
32522,0
11952,0
23011,0
31446,1
1285,0
10587,0
18958,0
20676,0
18774,0
22076,0
21397,1
31280,1
5476,0
29694,0
41722,0
19489,1
40467,0
400,0
19623,0
21881,0
35694,0
44193,1
22986,0
42877,1
29130,0
23368,0
29717,0
31777,0
5115,0
7591,0
16953,0
30370,0
29741,0
4058,0
39082,0
39088,0
38023,0
8430,0
21631,0
9406,0
28680,0
307,0
14226,0
17374,0
1648,0
29250,0
33113,0
8644,0
12120,0
33278,0
33681,0
39367,1
44050,1
40308,1
11708,0
39139,0
33224,0
42793,0
23063,0
13568,0
25985,0
25476,0
19822,0
23541,0
29826,0
3248,0
34651,0
40582,0
45136,0
35421,0
37332,0
39338,0
25626,0
4836,0
575,0
41712,0
11129,0
16830,0
4881,0
23092,0
23668,0
39827,0
35378,1
25364,0
29088,0
8428,0
20262,0
21452,0
32857,0
30055,0
18060,0
1082,0
9458,0
38015,0
26121,0
40159,0
33442,0
30469,1
32158,0
23294,0
31808,0
6925,0
20650,0
27049,0
23088,0
38570,0
20016,0
41932,1
35320,0
24365,0
9335,0
1571,0
13767,0
7543,1
32535,0
8132,0
18991,0
24818,0
42895,1
10581,0
2327,0
17662,0
8000,0
17126,0
13052,0
1639,0
8112,0
8077,0
7412,0
13345,0
3599,0
20529,0
25185,0
42089,1
25886,0
41308,0
42557,1
31882,0
20322,0
27400,0
479,0
3569,0
16423,0
27232,0
28190,1
23803,0
7917,0
26385,0
10510,0
17604,0
14013,0
5119,0
41845,0
18611,0
11668,0
17338,0
29783,0
19504,0
26835,0
26331,0
13533,0
42239,0
25117,0
8297,0
16726,0
13300,0
15609,0
8952,0
12633,0
29439,0
38690,1
42602,1
21443,0
4743,0
33162,0
17765,0
7135,0
17395,0
18990,0
36771,0
15934,0
38390,0
24098,1
6480,0
26935,1
5063,0
34069,1
41593,0
28378,0
35503,0
32463,1
3677,1
13437,0
16499,1
44501,1
29085,0
37935,0
29181,0
26166,0
33334,0
7127,0
758,0
14186,0
24412,0
19106,0
23225,0
39900,0
4632,0
30944,0
39922,0
28498,0
21832,0
19884,0
41801,0
28736,0
20086,0
38827,0
18506,0
10663,0
15795,0
41240,1
29429,0
30325,0
25402,0
20973,0
8267,1
17634,0
30134,0
6389,0
9802,0
20840,0
25867,0
27194,0
42899,0
38889,1
34470,0
4235,0
25957,0
23864,0
11415,0
21067,0
6479,0
42280,1
40971,1
4915,0
17019,0
33364,0
38652,0
21192,0
32578,0
23934,0
28073,0
26244,0
26530,0
9228,0
13273,0
21156,0
39455,1
8527,0
38134,0
6112,1
7726,0
15498,0
23555,0
22808,0
41416,1
7803,0
13402,0
12942,0
42487,0
37078,0
31379,0
28941,1
6181,0
35897,0
21303,0
28714,0
35141,0
21315,0
38535,0
2067,0
43839,0
33858,0
42345,0
7293,0
8073,0
43276,0
30590,0
15117,1
2656,0
22348,0
29824,0
14064,0
23473,1
10025,0
43999,0
14494,0
21819,0
17446,0
18377,0
32048,0
5602,0
37123,1
32005,1
44584,0
700,0
14626,0
26525,0
35695,0
3886,0
13774,0
41602,0
22427,0
441,0
2495,0
4678,0
21103,0
35387,0
41009,0
3229,0
32092,0
28974,0
36039,0
20265,0
25474,0
9699,0
10641,0
22519,0
1367,0
29613,1
803,0
36596,0
20356,0
16601,0
11135,0
21477,0
8100,0
43722,1
2678,0
36434,0
37055,1
29243,0
1063,0
1025,0
13600,0
1437,0
31458,0
27013,0
43303,0
1889,0
35475,0
36721,0
44477,0
31060,1
26778,0
36042,0
39371,1
33116,0
26276,0
5565,0
37944,0
40313,0
29245,0
2480,0
41564,0
40460,0
7999,0
8971,0
26335,0
11098,0
9779,0
42120,0
10721,1
3558,0
17965,0
16063,0
6150,0
12929,0
14937,0
25513,0
30391,0
9028,0
38051,0
25743,0
29710,0
19036,0
23347,0
5435,0
25067,0
42489,0
33223,0
31387,0
37674,0
1946,0
43978,0
10591,0
15616,0
11026,0
12091,0
24690,0
21648,0
27895,0
34134,0
7795,1
39997,1
6735,0
22255,1
35647,0
11339,0
3021,0
29852,0
28319,0
34129,0
13972,0
39066,0
32782,0
6517,0
30835,0
15712,0
30817,0
32608,0
9423,0
31450,0
18933,0
9640,0
38867,0
9290,0
8359,0
15949,0
8135,0
14058,0
24543,0
1778,0
778,0
8052,0
39791,1
21472,0
13218,0
20387,0
27516,0
7036,0
25218,0
33312,0
31788,0
30141,1
9576,0
18010,0
26412,0
41643,1
39320,0
8866,0
2300,0
34307,1
20225,0
12897,0
12021,0
36850,0
28418,0
2859,0
9495,0
43562,0
2638,0
25949,0
20279,0
19561,0
32721,0
11521,0
34768,1
12136,0
5537,0
45134,1
11497,0
10268,0
12228,0
20995,0
12289,0
37615,0
15040,0
37432,0
40935,0
11467,0
35304,0
7676,0
32370,0
3828,0
44154,0
20572,0
30390,0
1837,0
21671,0
16264,0
35570,0
4831,0
2800,0
16844,0
10438,0
6886,0
265,0
35297,0
24702,0
26807,0
16205,0
38928,1
23998,0
25437,0
31597,0
36961,0
17435,0
10129,0
8568,0
10773,0
14477,0
17452,0
23980,0
6716,0
823,0
43315,0
15362,0
23101,0
27012,0
212,0
24979,1
4219,0
2836,0
8288,0
43555,0
6469,0
492,0
36123,0
45207,1
17755,0
43855,0
39994,0
21144,0
15956,0
43721,1
32791,0
44358,0
1417,0
5222,0
16095,0
20514,0
44577,0
44278,0
6336,0
3845,0
26342,0
28781,0
28622,0
42582,0
17405,0
41813,0
8231,0
16305,0
42226,0
38596,0
18210,0
24847,0
39010,1
6105,0
32708,0
19243,1
8308,0
19253,0
12666,0
26983,0
42534,1
19002,0
24667,0
4385,0
37659,0
9072,0
26833,0
11232,0
26899,0
21993,0
453,0
28800,0
17862,0
25309,0
8254,0
38600,0
16122,0
31893,0
28167,0
26237,0
35719,0
19250,0
38792,0
11045,0
15164,0
24906,0
4326,1
32633,0
34254,0
36293,0
3535,0
20346,0
14882,1
34045,1
29302,0
5659,0
9085,0
32982,0
11253,0
18497,0
35783,0
1690,0
27464,0
8626,0
35224,0
37665,0
31189,0
33042,0
38951,0
10547,0
39012,0
23182,0
32715,0
33185,0
14293,0
27953,0
216,0
11281,0
29108,0
32973,0
37654,0
20036,0
24374,0
32664,0
41464,0
18686,0
10246,0
32772,0
6919,0
31754,0
5249,0
9807,0
5844,0
16003,0
21334,0
23981,0
7968,0
12609,0
25797,0
19827,0
381,0
570,0
19232,0
33271,1
18575,0
26074,0
834,0
27541,1
7065,0
17442,0
38533,0
14031,0
9310,0
6067,0
3521,0
38354,0
40172,1
10608,0
26712,0
9760,0
3238,0
28419,0
40257,1
17655,0
30927,0
15791,0
33777,0
7901,0
35724,0
1223,0
41150,0
12516,0
37823,0
15583,0
14803,0
666,0
41228,1
23288,0
37683,0
42485,1
9929,0
33533,0
33926,0
18642,0
28251,0
40725,0
37433,0
185,0
15270,0
41778,0
35527,0
18689,0
8480,0
28988,0
32150,0
28570,0
1503,0
21080,1
23149,1
36772,0
36719,0
34568,0
19254,0
17896,0
7176,0
202,0
76,0
7398,0
22036,0
42832,0
28533,0
16556,0
34821,0
10353,0
25708,0
30595,0
15333,0
3972,0
31349,0
28562,0
26726,0
4709,0
5478,0
16862,0
14939,0
3943,0
22596,0
8094,0
21567,0
39661,0
35259,1
6210,0
14869,0
14802,0
27965,0
30876,0
16098,0
4024,0
12786,0
15253,0
13246,0
40863,1
11814,0
25290,0
32217,0
19193,0
32701,0
6863,0
34668,0
39303,0
18400,0
15544,0
26011,0
10178,0
13588,0
1651,0
38437,0
20272,0
28310,0
16604,0
17579,1
6395,0
9468,0
26981,0
14173,0
15390,0
8663,0
29884,0
9603,0
32579,0
39624,0
28299,0
42829,0
43760,1
42446,0
27377,0
34732,0
18027,0
32209,0
5965,0
3979,0
35673,0
41076,0
27881,0
44393,0
16030,0
7700,0
1118,0
40231,1
8067,0
2501,0
14780,0
34155,0
34639,0
3638,0
43357,0
3012,0
34229,0
30545,0
10601,0
23650,0
28105,0
37295,0
9553,0
43816,0
30866,0
3301,0
25799,0
34425,0
21733,0
32521,0
27025,0
38767,0
3292,0
22278,1
18089,0
1862,0
24384,0
2827,0
15507,0
23079,0
7653,0
13760,0
30855,0
10350,0
8002,0
43235,0
41278,1
35762,0
37913,0
33024,1
30586,0
11983,0
2938,0
13223,0
11167,0
502,0
11059,0
31954,0
12781,0
26484,0
33493,1
28604,0
3001,0
25484,0
3562,0
42009,0
29202,1
39495,0
34065,0
8268,0
15035,0
2941,0
32888,0
24942,0
43254,1
25617,0
32951,0
29538,0
29288,1
23211,0
14414,0
35097,0
10226,0
8770,0
30734,0
1418,0
30064,0
18529,0
32442,0
35121,0
24197,0
1168,0
33200,0
186,0
20153,0
34839,0
32891,0
35204,0
38678,0
24975,0
29153,0
40769,0
29462,0
5750,0
30139,0
12662,1
12287,0
39585,0
42737,1
11263,0
36534,0
22571,0
19259,0
41059,0
17771,0
7950,0
12749,0
41742,1
38825,0
28018,0
4657,0
3340,0
25450,0
38998,0
40542,0
2303,0
13672,0
25921,0
42408,1
24830,1
43932,0
14947,0
10255,0
5480,0
1156,0
10158,0
42765,0
26736,0
2390,0
29032,0
37539,0
1874,0
29454,1
37722,0
14511,0
12006,0
3707,0
29349,0
39761,1
43019,1
26402,0
2583,0
10656,0
4113,0
9909,0
26135,0
33903,0
20183,0
12799,0
36852,0
31891,0
4358,0
26017,0
11262,0
23027,0
14304,0
21428,0
11013,0
15230,0
12605,0
39464,1
31195,0
3844,0
21639,0
30661,0
45077,0
13318,0
39613,0
33535,0
18984,0
9213,0
34426,0
6020,0
25077,0
11796,0
35814,1
24424,0
13048,0
32733,0
20327,0
10434,0
29989,0
21922,0
32409,0
37063,0
16269,0
17671,0
33611,0
44527,1
44921,0
42310,0
8496,0
39821,1
9756,0
17409,0
44178,1
8586,0
9873,0
6712,0
34056,0
9485,0
44521,1
9315,0
33798,1
8076,0
13069,0
39431,0
31289,0
20536,0
6875,0
36928,0
8382,0
9183,0
7400,0
9064,0
3411,0
6960,0
17659,0
7381,0
18132,0
19176,0
9249,0
41655,1
14835,0
14258,0
16306,0
37585,0
43665,0
38213,0
17127,0
33536,1
40845,0
18866,0
24836,0
36181,0
14997,0
5367,0
14531,0
37162,0
1650,0
42863,0
1878,0
10123,0
14166,0
44803,0
32247,0
42532,1
34763,0
31700,0
218,0
34866,0
25553,0
1275,0
9842,0
12611,0
26704,0
35739,0
27421,0
2929,1
39297,0
5737,0
17708,0
24761,0
17913,0
35289,0
44863,1
21760,0
1562,0
26490,1
38805,0
13368,0
36368,0
13868,0
42056,0
11902,0
23778,0
27949,1
8226,0
11683,0
3209,0
32289,0
34049,0
18440,0
21996,1
39143,0
38060,0
4093,0
27791,0
7028,0
25440,0
41231,1
9959,0
44770,1
28399,0
31341,0
45080,0
41511,1
49,0
16457,0
28536,0
2930,0
29455,0
37181,0
8920,0
40177,1
25000,0
32938,0
39819,1
43672,1
11842,0
38995,0
20342,0
12347,1
1710,0
40087,1
29070,0
24857,0
40482,0
9544,0
30493,1
21634,0
42941,1
4669,0
41252,0
37900,0
26309,0
15891,0
8667,0
39217,0
18723,0
37938,0
18639,0
35977,0
21587,0
44608,1
12959,0
17661,0
37097,0
33638,0
13349,0
2593,0
39470,0
89,0
23679,0
2102,0
20229,0
44085,1
4050,0
19690,1
42232,1
18125,0
404,0
15778,0
7674,1
25225,0
26731,0
29839,0
33019,0
29858,0
21948,0
12774,0
41151,0
11477,0
26247,0
22102,0
16140,1
8620,0
27777,1
31900,0
5098,0
5453,0
28370,0
7925,0
7313,0
19122,0
15435,0
29801,0
43045,0
8989,0
38193,0
11352,0
32615,0
25029,0
41565,0
19949,0
23551,0
31514,0
38666,0
16988,0
38769,1
13547,0
36735,0
18863,0
17559,0
2319,0
14368,0
4101,0
23287,0
16663,0
25234,0
6254,0
17791,0
29111,0
8060,0
3365,0
15462,0
44158,1
43158,1
44790,1
23438,0
37523,0
20667,0
1109,0
31117,0
21282,0
12546,0
17524,0
40694,0
14088,0
21114,1
34973,0
34840,0
18966,0
8055,0
1620,0
8997,0
21588,0
15174,0
44222,0
31404,0
26067,0
4108,0
31318,0
20866,0
27752,0
11701,0
18570,0
44232,1
24920,0
29248,0
9793,0
38918,0
35625,0
6324,0
7302,0
16302,0
43513,1
39475,1
34368,0
363,0
14371,0
7555,1
30199,0
26792,0
41548,0
9309,0
9100,0
13012,0
279,0
38640,0
8668,0
17942,0
10922,0
25944,0
11447,0
32877,1
38350,0
7015,0
42110,0
8922,0
40849,0
43115,1
17480,0
7784,0
11011,0
40322,0
19132,0
21578,0
10964,0
24503,0
33153,0
39264,0
9017,0
5528,0
33794,1
11946,0
21019,0
27182,0
40400,0
39164,0
4005,0
42216,1
6992,0
12823,0
33239,0
38784,0
4640,1
43157,1
8432,0
4851,0
19153,0
10751,0
1780,0
43799,1
14051,0
39422,0
41577,1
20510,0
27589,0
7889,0
5406,0
17366,0
34342,0
25606,0
40738,0
25496,0
3597,0
20426,0
6651,0
32090,0
11207,0
7338,0
8631,0
38323,0
26834,0
15393,0
22066,0
20073,0
5155,0
8361,0
17382,0
37886,1
21685,0
12549,0
15990,0
17128,0
12074,0
21644,0
39734,0
35828,0
41658,1
36244,0
39302,0
42953,1
11831,0
18471,0
5130,0
38582,0
31442,0
36874,0
7501,0
44197,1
11839,0
21127,0
4614,0
1902,0
25883,0
1858,0
11039,0
20464,0
1444,0
44634,0
28712,0
4635,0
1103,0
37109,0
37168,0
43559,0
40391,0
34898,1
19177,0
28136,0
17758,0
38914,0
40918,0
42858,1
12798,0
43542,1
40165,0
5082,0
3819,1
18387,0
33131,0
3313,0
38869,1
27525,0
23846,0
9054,0
39545,0
37598,0
30100,0
9279,0
12134,0
2567,0
3152,0
16682,0
24496,0
31962,1
23235,0
11809,0
24413,0
29159,0
33645,0
21287,0
2262,0
30238,0
5446,0
45143,0
24342,0
28879,0
473,0
25272,0
35833,0
39072,0
9397,0
31468,0
28313,0
15139,0
11046,0
42188,1
34196,1
44379,0
39101,0
32426,0
2272,0
31929,0
10920,0
3068,0
42815,0
14221,1
17043,0
11324,0
41849,1
13270,0
33644,0
27214,0
42957,0
19978,0
18257,0
28978,0
16378,0
1587,0
24425,1
10092,0
2498,0
21175,0
21373,0
42038,1
17348,0
459,0
15062,0
32100,0
14688,0
41202,0
31139,0
36346,0
22585,0
41333,0
29535,0
5232,0
9027,0
18699,0
25271,0
32910,0
35383,0
39871,0
25833,0
10294,0
29981,0
22799,0
18358,0
31282,1
2101,0
7262,0
2768,0
1977,0
18350,0
10686,0
30577,0
2222,0
32747,0
29119,0
376,0
4579,0
11632,0
31643,0
34455,0
19116,0
25669,0
41137,0
39151,0
40293,0
30964,0
22440,0
35821,1
9819,0
34795,0
33159,0
27544,0
16426,1
41116,1
24841,0
15750,0
5462,0
12370,0
20829,0
38655,0
17387,0
19940,0
27156,0
5128,0
32059,1
35880,0
39850,0
3189,0
31870,0
17594,0
9089,0
21167,0
35130,0
42670,0
38089,1
1996,0
1396,0
35507,0
5425,0
19173,0
10060,0
17461,0
1950,0
44110,1
30599,0
19310,0
34966,0
29145,0
631,0
9328,0
41483,0
16553,0
20206,0
4306,0
44919,0
23455,0
40702,1
6424,0
41024,0
44470,1
15976,0
41504,0
3273,0
44463,1
15535,0
31978,0
987,0
17357,0
36833,0
38798,0
42228,1
6777,0
20133,0
25274,0
33237,0
18078,0
25207,0
5878,0
26663,0
1857,0
39788,1
27755,0
23087,0
27477,0
30593,0
9868,0
24243,0
38837,0
21763,0
37741,0
28804,0
28296,0
28531,0
30217,0
40979,1
41219,0
25501,0
9009,0
4116,0
38628,1
22661,0
34149,0
29346,0
14496,0
39795,0
22731,0
26283,0
12453,0
24958,0
31369,1
29227,0
6363,0
33820,1
2209,0
3916,0
37013,0
26696,0
10420,0
35089,0
21978,0
36648,0
12729,0
43248,1
34913,0
34634,0
28429,0
18288,0
4019,0
22358,0
11875,0
29476,0
447,0
29168,0
11065,0
35505,0
33318,0
5084,0
33764,1
7187,0
4240,0
34147,1
29207,0
34385,0
2242,0
11479,0
34509,0
38266,0
3421,0
34537,0
8290,0
32544,0
31624,0
30171,0
3173,0
22821,0
29461,0
997,0
27030,0
3539,0
22035,0
25090,0
12055,0
5091,0
12469,0
129,1
3488,0
25572,0
19760,0
27834,0
44227,0
5636,0
36238,0
7296,0
25642,0
19871,0
38062,0
1161,0
28672,0
43251,1
24223,0
763,0
29107,0
27950,0
14931,0
1875,0
27253,0
16983,0
6632,0
2333,0
9841,0
9684,0
30536,0
7353,0
3489,0
24892,0
13419,0
3400,0
569,1
27981,0
11016,0
3290,0
42662,0
2113,0
30376,0
30117,0
10787,0
1111,0
19522,0
31311,1
41723,1
17562,0
8509,0
5574,0
12596,0
9972,0
36104,0
23957,0
38320,0
24709,1
8540,0
1606,0
3360,0
43456,1
7032,0
533,0
20321,0
23285,0
36171,1
44495,1
11774,0
27430,0
36847,0
42891,1
8561,0
40219,1
33832,1
36167,0
28004,0
14315,0
31304,0
40226,1
33002,0
795,0
15796,0
36252,0
16249,0
6951,0
21501,0
20672,0
40683,1
5,0
34755,1
31664,0
3328,0
10193,0
30726,0
31566,0
33965,1
32625,0
2019,0
42980,1
41166,0
3518,0
3848,0
28474,0
2394,0
27941,0
41950,0
41766,0
4016,0
5550,0
16275,0
19829,0
42683,1
31494,0
20847,0
28618,0
7068,0
34495,0
32333,0
2165,0
7466,0
18557,0
7601,0
24257,0
19268,0
28297,0
21778,0
25924,0
17902,0
6142,0
25302,0
38712,1
36892,0
23912,0
19376,0
26968,1
9810,0
12589,0
37309,1
10127,0
44215,1
1120,0
25561,1
41811,0
44466,0
40679,1
40113,0
44392,1
41347,0
14274,0
31238,1
29037,0
44692,1
22871,0
30478,0
44159,1
18430,0
5702,0
38127,0
35085,0
8594,0
37157,0
2126,0
22880,0
12761,0
26997,1
16383,0
34951,0
27028,1
12443,0
33708,0
37256,0
6120,0
29435,0
41481,1
9631,0
6947,0
30338,0
11937,0
33785,1
35103,0
2822,0
2199,0
24981,0
9626,0
6439,0
11648,0
31824,0
31009,1
20625,0
41266,0
33837,0
22018,0
9322,0
36232,0
6638,0
20984,0
30167,0
3048,0
12288,0
23143,0
32062,0
29057,0
17471,0
20835,0
30715,0
44686,0
2789,0
17850,0
33324,0
43626,1
21073,0
1777,0
36050,0
15634,0
6561,0
44650,0
26959,0
8992,0
33114,0
4465,0
2428,0
7284,0
39760,0
11336,0
18102,0
2307,0
29667,0
35565,0
17108,0
35238,0
43371,0
2931,0
30437,0
13833,0
39261,0
16687,0
16477,0
33075,0
2558,0
39563,0
45035,1
31084,1
22502,0
34085,1
42311,0
36310,0
5024,1
2306,0
8877,0
23918,0
42900,0
5385,0
13529,0
17748,0
23044,0
26954,1
13902,0
31966,0
39121,0
31388,0
362,0
30568,0
16945,0
37819,0
37542,0
9622,0
6168,0
27839,0
40124,1
30452,0
34609,0
274,0
910,0
29453,0
44828,1
41101,1
38623,0
29337,0
2743,0
12710,0
20949,0
1038,0
44963,0
28507,0
36360,0
30741,0
40405,1
33065,0
33761,0
44532,1
31092,0
36999,0
28602,0
31655,0
21647,0
29973,0
34925,0
28255,0
10766,0
40307,0
30743,0
17981,0
9251,0
21949,0
25202,0
15692,1
3815,0
19930,0
12,0
17341,0
6680,0
1252,0
10539,0
36416,0
13002,0
10578,0
1847,0
6656,0
13005,0
12772,0
35910,0
18819,0
21433,0
9390,0
3777,0
37411,0
20295,0
12608,0
20981,0
7325,0
40746,0
29124,0
6275,0
33251,0
21085,0
13884,0
14118,1
38625,0
36462,0
45182,1
9149,0
29514,0
15396,0
37792,0
15896,0
13963,0
35869,0
2202,0
24303,0
26956,0
9685,0
17492,0
2704,0
14632,0
2602,0
14883,0
14164,0
43888,1
12995,0
12803,0
11420,0
9648,0
11242,0
45204,1
7515,0
20449,0
28914,0
34935,0
8056,0
4449,0
36090,0
16800,0
29785,0
43306,1
21854,0
40466,0
18484,0
10435,0
40039,1
18977,0
43143,0
7742,0
9614,0
18114,0
13239,0
16138,0
30949,0
34515,0
38883,0
24311,0
16619,0
12440,0
32591,0
15590,0
16405,0
13151,0
13232,0
14795,0
15987,0
2586,0
2955,1
5717,0
29807,0
33592,0
43728,0
19480,0
44239,1
21215,0
26532,0
14583,0
41108,0
4186,0
3512,0
14044,0
23389,0
9930,0
18618,0
37826,0
43355,0
34080,1
39499,0
26423,0
45094,1
6225,0
29568,0
4038,0
31619,0
25129,0
9448,0
22228,0
3595,0
17903,1
1424,0
6049,0
8009,0
36624,0
21581,0
4725,0
18008,0
38750,0
6077,0
39928,0
19810,0
12311,0
28108,0
7786,0
42209,0
30358,0
38046,1
9337,0
1824,0
8113,0
11325,0
44624,1
21804,0
32596,0
23525,0
29868,0
2991,0
29828,1
1489,0
18453,0
34683,0
924,0
18474,0
15541,0
23059,0
985,0
4759,0
12356,0
21462,0
24638,0
40272,0
21484,0
26078,0
27992,0
18807,0
3582,0
36750,0
36923,0
880,0
5439,0
33086,1
3772,0
23374,0
16258,0
22125,0
21345,0
5657,0
29299,0
27262,0
11940,0
45177,1
18012,0
7424,0
23579,0
11063,0
43658,1
11775,0
43845,0
27245,0
2474,1
36950,0
10359,0
14194,0
25307,0
40138,1
13633,0
9261,0
850,0
23480,0
27961,0
38181,0
42233,0
24867,0
10355,0
21814,0
39748,0
32321,0
5404,0
15520,0
23434,0
6635,0
1508,0
24714,0
14422,0
23083,0
1037,0
35039,0
29975,0
16618,0
41537,0
16683,0
20396,0
20613,0
34137,0
21762,0
25884,0
35539,0
42611,0
33902,1
12985,0
12141,0
35802,0
20718,0
1085,0
28257,0
36235,0
36572,0
24497,0
34699,0
22730,0
282,0
32194,1
41196,0
4794,0
4305,0
22903,0
31658,0
16681,0
951,0
40140,1
27546,0
13733,0
34758,0
523,0
37850,0
34538,0
42803,1
37501,0
25493,0
3023,0
43013,1
25056,0
22094,0
39031,0
29584,0
35580,0
29992,0
21206,0
30668,0
5212,0
16652,0
34717,0
1450,0
35867,0
7225,0
6732,0
23284,0
24008,0
24150,0
15413,1
13742,0
34189,0
41128,0
40306,0
24336,0
22241,0
40299,1
32746,0
1331,0
40369,0
306,0
28592,0
26272,0
35429,0
678,0
11457,0
8726,0
15517,0
5514,0
20636,0
5852,0
1372,1
39048,0
36723,0
32198,0
21227,0
2783,0
37105,0
20765,0
38531,0
29895,1
42725,0
8693,0
13185,0
42612,1
18467,0
116,0
681,0
9799,1
5509,0
32820,0
22320,0
24934,0
14436,0
9050,0
889,0
39080,0
40636,1
18461,0
40417,1
24700,0
6242,0
12108,0
43727,0
8170,0
15412,0
27116,0
34050,1
28702,0
43043,0
10688,0
42890,0
5081,0
8195,0
40055,1
4227,0
31190,1
17323,0
6606,0
1135,0
31786,0
29494,0
38646,0
43040,1
2397,0
19437,0
40160,0
26324,1
28568,0
35291,0
24435,0
29003,0
35549,0
16396,0
77,0
43853,0
20541,0
28776,0
11364,0
18526,0
18696,0
38315,0
25339,0
24556,0
26743,0
3989,0
21239,0
19357,0
17883,0
39115,0
22634,0
2392,0
9812,0
22754,0
3645,0
37866,0
31063,0
5742,0
30398,0
25084,0
42837,0
36450,0
1647,1
26346,0
35621,0
20928,0
28654,0
40073,0
32105,0
20409,0
32311,0
9515,1
41883,0
20889,0
29016,0
22687,1
2490,0
33469,0
3005,0
18963,0
1839,0
6905,0
19042,0
7756,0
22869,0
19938,0
34456,0
35622,0
41477,0
28723,0
41056,1
37671,0
31617,0
3593,0
29418,0
14966,0
44804,0
18479,0
30007,0
13666,1
26279,0
9521,0
31209,0
35699,0
39838,0
37602,0
36268,0
6127,0
17316,0
39629,1
36931,0
7656,0
31263,0
32507,0
31835,0
44933,1
43393,1
24023,0
37656,0
26827,0
17270,0
31000,0
32394,0
42363,1
25038,0
18613,0
28140,0
6251,0
36628,0
41216,1
22848,0
27904,0
12221,0
40557,1
22625,0
974,0
40135,0
35800,0
12411,0
27279,0
26515,0
38711,0
29623,0
40751,0
41627,1
7939,0
34798,0
44734,0
19416,0
4706,0
28165,0
4076,0
257,0
38669,0
249,0
14259,0
31493,0
20980,0
37677,0
23547,0
26958,0
42156,0
8567,0
26711,0
5297,0
34343,0
21929,0
33036,0
34454,0
44425,1
12265,0
20403,0
45047,0
29639,0
19134,1
29910,0
32960,0
6184,1
4852,0
38096,0
20325,0
11659,0
16670,0
3006,0
4272,0
30626,0
35708,0
30245,1
24753,0
10645,0
6355,0
17515,0
18183,0
23215,0
36054,0
26573,0
8127,0
42441,0
4899,0
42495,1
34616,0
14158,0
29205,0
35901,0
16785,0
42518,1
19769,0
9941,0
35241,0
42544,1
18960,0
25987,0
40655,0
28599,0
43488,1
28751,1
12979,0
15055,0
17083,1
36096,0
31702,1
42072,0
20555,0
13067,1
32294,0
2162,0
15363,0
32132,0
16673,1
42052,0
28159,0
32516,0
39870,0
41770,1
43492,0
40969,1
10335,0
15888,0
15203,0
15960,0
5197,0
33691,1
7336,0
20864,0
2100,0
34090,0
25292,0
43984,0
37048,0
38551,0
39891,0
18207,0
14278,0
12839,0
15674,0
37427,0
40323,1
27493,0
8229,0
18648,0
10792,0
21579,0
33085,0
38009,0
26215,0
22464,0
38577,0
34398,0
980,0
1913,0
37438,0
19898,0
37676,0
31020,1
7977,0
33713,1
38682,0
5237,0
9761,0
22166,0
28864,0
21825,0
42423,0
44078,0
6359,0
28287,0
19315,0
5157,0
29410,0
39790,1
5526,0
4260,0
20715,0
19115,0
31901,0
18671,0
15184,0
32319,0
35942,0
25632,0
18620,0
2571,0
30735,0
40068,1
37041,0
22885,0
24292,0
38763,0
43630,1
29098,0
9167,0
38356,0
20487,0
11273,0
33244,0
23462,0
1834,0
37265,0
24633,0
11208,0
41755,1
36185,0
4410,0
10778,0
35574,0
30021,0
44746,1
18708,0
42451,0
8546,0
33417,0
14063,0
1327,0
7214,0
31768,0
41062,1
20565,0
40815,1
30018,0
22190,0
10614,1
5757,0
10150,0
50,0
45138,0
8129,0
38443,0
36801,1
16720,0
22455,0
31212,0
35392,1
477,0
12211,0
17972,0
27428,0
9547,0
24509,1
45058,1
15876,0
35253,0
37076,0
30566,0
34487,0
8719,0
27126,0
30366,0
36491,0
11599,0
6798,0
36419,1
2002,0
14182,0
20366,0
43130,0
4165,0
44553,0
8085,0
12884,0
17030,0
21162,0
7329,0
4382,0
1484,0
42533,1
19986,0
11230,0
15120,1
2730,0
998,0
20753,0
9669,0
36986,0
3704,0
32623,0
3929,0
12551,0
25599,0
1035,0
33249,0
34344,1
40156,0
27851,0
12731,0
44146,1
32207,0
40320,0
11330,0
8410,0
18174,0
1884,0
16288,0
41590,0
34635,0
37632,0
12721,0
3850,0
19800,0
21744,0
29142,0
38057,0
14308,0
8272,0
44465,1
32378,0
12009,1
21380,0
11759,0
19564,0
19119,1
44738,1
35914,0
43702,1
37349,1
14603,0
26332,0
12603,0
7736,0
28144,0
16621,0
40766,0
2964,0
5668,0
20072,0
22882,0
15048,0
44317,1
18710,0
26161,0
34677,0
10516,0
19104,0
12598,0
43655,1
19607,0
15298,0
15268,0
325,0
41403,0
15570,0
43014,0
33274,0
23420,0
38594,0
4236,0
23306,0
43605,1
15213,0
39667,0
10610,0
2396,0
18441,0
42426,0
13978,0
24632,0
36672,0
17537,0
38042,0
43517,1
4336,0
20027,0
6358,0
8819,0
25391,0
29020,0
24766,0
7888,0
28692,0
15199,0
32264,0
28539,0
33877,1
8550,0
30847,0
37112,0
44127,0
20029,0
44976,0
2308,0
40621,0
38103,1
41913,1
11234,0
30410,0
44899,0
22935,0
6791,0
35634,0
3387,0
26107,0
3418,0
42187,1
10480,0
451,0
38076,0
3369,0
26836,0
43671,1
33871,1
6084,0
37037,0
5080,0
28459,0
44185,1
42356,0
31528,1
17941,0
2835,0
14733,0
21877,0
13734,0
3787,0
28731,0
38002,0
14999,0
24618,0
4444,0
42319,1
28705,0
28792,0
41473,1
37607,0
1586,0
30079,0
44760,1
10140,0
13344,0
11278,0
42723,1
15450,0
20722,0
24756,0
13314,0
38217,0
14764,0
41751,1
45007,0
19298,0
20546,0
29925,0
43905,1
19037,1
3078,0
11847,0
41475,1
7572,0
13016,0
5339,0
10554,0
36076,0
41881,0
13294,0
744,0
41177,0
28149,0
13603,0
7304,0
5170,0
41484,1
28771,0
17018,0
27366,0
13175,0
41478,0
18588,0
22274,0
31544,0
3741,0
11578,0
42666,0
3270,0
44701,0
3256,0
21027,0
29912,0
346,0
26788,0
5658,0
22534,0
11926,0
6698,0
43241,0
41000,1
19612,0
26549,0
44671,0
13795,0
44188,1
25616,0
26392,0
462,0
19280,0
17391,0
19774,0
36588,0
39714,1
6034,0
39650,1
27637,0
41285,0
1029,0
38221,0
30570,0
36647,0
29770,0
41884,1
27989,0
35302,0
12695,0
39881,1
22846,1
26429,0
7941,0
5341,0
41379,0
29261,0
36371,0
15550,0
31836,0
8171,0
22912,0
19960,0
43244,1
20288,1
21421,0
3071,0
22756,0
39498,0
32091,0
41509,1
8460,0
30087,0
36597,0
19550,0
43899,0
20328,0
20075,0
2838,0
30629,0
36574,0
37843,0
4606,0
18793,0
6432,0
41878,0
4549,0
33478,0
28666,0
11332,0
8489,1
41624,0
28612,0
13974,0
33017,1
15515,0
35744,0
7534,0
2673,0
87,1
15131,0
6641,0
45085,1
26259,0
18765,0
26905,0
44468,1
12201,0
28755,0
26204,0
25650,0
3013,0
18579,0
25822,0
8876,0
3186,0
22375,0
17523,0
10139,0
5901,0
8101,0
35327,0
31500,0
20783,0
21739,0
36386,0
22127,1
1034,0
11736,0
10966,0
29546,0
24809,0
13123,0
34678,0
15564,0
22137,0
8766,0
44938,0
13585,0
30388,0
26559,0
34838,0
20836,0
5498,0
4363,0
19572,0
40487,0
14342,0
16913,0
38493,0
38847,0
30858,0
25558,0
30619,0
40115,0
17919,0
23673,0
22379,0
8987,0
19114,1
44120,1
3687,0
24671,0
21657,0
33262,1
28951,0
44522,1
7490,0
26142,0
42516,1
28027,0
34638,1
24121,0
34535,0
4266,0
41587,0
35442,0
21218,0
23560,0
7717,0
9745,0
44950,1
41710,0
42477,1
44006,1
9670,0
21396,0
33155,0
42069,0
30170,0
73,0
22243,0
27266,0
41160,0
40773,0
2856,0
41532,1
39818,1
34958,0
17545,0
29872,0
8973,0
16688,0
24387,0
44891,1
31576,0
13567,0
3160,0
6730,0
18746,0
43213,1
36060,0
17266,0
20453,0
5654,0
6319,0
34665,0
5733,0
30810,0
2948,0
40182,1
3587,0
34367,0
20001,0
1380,0
36370,0
13190,0
11450,1
20149,0
43300,0
30664,0
7722,0
9115,0
12771,0
28024,0
8497,0
2759,0
44325,0
32995,0
24113,0
39412,1
6596,0
41458,0
32981,0
8782,0
35608,0
25186,0
15598,0
7463,0
26450,0
41066,1
2872,0
13555,0
2519,1
25670,0
37474,0
60,0
36264,0
28973,0
425,0
38783,0
4971,0
16055,0
35529,0
10604,0
1800,0
22363,1
32827,0
20241,0
29959,0
20161,0
6505,0
38921,1
9540,0
9168,0
38433,0
5845,0
25210,0
2677,0
21040,0
8462,0
28050,0
9518,0
37293,0
8250,0
35893,0
43664,0
7433,0
23061,0
16540,0
36206,0
31925,0
38645,0
18303,0
14224,0
2829,0
28629,0
1952,0
24463,0
10742,0
15101,0
39878,0
29444,0
23273,0
14072,0
35525,0
39731,0
44648,0
12233,0
11947,0
25861,0
42414,0
34356,0
23352,0
9319,1
18988,0
44793,1
43484,1
1456,0
40824,1
1049,0
11665,0
38822,0
24504,0
24521,0
16925,0
24135,0
19398,0
32258,0
11639,0
23946,0
6986,0
34809,0
11829,0
12845,0
32347,0
14135,0
23138,0
33978,0
44025,0
21389,0
1164,0
10252,0
17731,0
35676,0
33241,0
26339,0
12244,0
27847,0
33460,1
5302,0
44349,1
12691,0
4500,0
24628,0
42600,1
20710,0
32455,0
32008,0
26487,0
31299,1
39283,0
24371,0
37764,0
406,0
17089,0
19191,0
9032,0
25845,1
11312,0
43111,1
22790,0
37327,0
4908,0
20974,0
2734,0
31314,0
27177,1
16794,0
37120,0
23137,0
762,0
23300,0
44846,1
25604,0
22180,0
42129,1
9187,0
2175,0
9433,0
5228,0
13544,0
36883,0
10602,0
25327,0
25735,0
39384,0
24881,0
38833,0
38386,0
38668,1
10131,0
41704,1
19594,0
37106,1
16972,0
22668,0
34165,1
33728,0
24290,0
33935,0
8711,0
7454,0
45141,0
9769,0
11125,0
29520,0
1595,0
22637,0
3753,0
20559,1
14945,0
43652,1
20948,0
111,0
4597,0
31825,0
11827,0
31340,0
15924,0
43070,1
36536,1
8959,0
23199,0
3879,0
10912,0
13458,1
1786,0
43662,0
1391,0
39930,0
23925,0
6217,0
35896,0
13893,0
6072,0
1479,0
3331,1
1767,1
15825,0
9380,1
42417,1
4607,1
13551,0
19996,0
28523,0
24415,0
44874,0
34855,0
18459,0
4237,0
22608,0
27303,0
38226,0
18282,0
27580,0
35576,0
24369,0
4275,0
30672,0
41454,0
36414,0
35219,0
6738,0
7298,0
11111,0
20702,0
13537,0
26441,0
35955,0
31819,1
26872,1
535,0
9520,0
37551,0
18948,0
7191,1
21336,0
41238,0
6877,0
29329,0
1040,0
29047,0
26769,0
39666,0
2545,1
6573,0
40367,0
10980,0
6932,0
1658,0
9748,0
17999,0
6804,0
18646,0
42825,1
26916,0
29635,0
3532,0
13565,0
21065,0
15331,0
37613,0
29258,0
23501,0
16057,0
15584,0
11559,0
40050,0
1801,0
14861,0
8251,0
33470,0
1923,0
32233,0
14785,0
4123,0
12775,0
12579,0
4264,0
20901,0
35417,0
582,0
36047,0
26316,0
29413,0
34469,0
6093,0
19626,0
38330,0
715,0
24555,0
3592,0
35485,0
28317,0
25183,0
31762,0
18033,0
43089,1
17843,0
4822,0
19965,0
7426,0
41187,0
6948,0
37641,0
11422,0
144,0
28647,0
43506,1
16473,1
22139,0
27081,0
6547,0
44836,0
37712,0
28389,0
32896,0
2747,0
10955,0
18523,0
27333,0
19274,0
13720,0
41268,0
3706,0
426,0
3974,0
11894,0
17698,0
40592,0
34405,0
22859,0
25999,0
22639,1
14827,0
24057,0
42969,0
7854,0
11917,0
14783,0
33374,0
16510,0
44719,1
12629,0
10739,0
22297,0
27673,0
32280,0
40545,0
16693,0
34020,1
30320,0
2517,0
8104,0
40436,1
32866,1
21882,0
39976,1
34548,0
2378,0
27819,0
24537,0
27531,0
37706,1
13089,0
13764,0
37885,0
29666,0
25040,0
34971,0
1990,0
41687,0
7954,0
25087,0
31581,0
8801,0
2443,0
12640,0
44750,1
24252,0
43965,1
29527,0
7231,0
37566,0
25889,0
33931,1
27517,0
16979,0
36614,0
34593,0
16462,0
41388,0
39252,0
31709,0
6486,0
35555,0
42024,0
9225,0
24249,0
22232,0
22488,0
42944,1
18998,0
32698,1
35023,0
29711,0
28549,0
44581,0
5705,1
45062,0
43920,0
24050,1
13753,0
42248,1
20347,0
30232,0
5648,0
31678,0
25628,0
44887,1
36118,0
45040,1
4051,0
37808,0
34555,0
23485,0
8379,0
41991,1
21264,0
35182,0
26152,0
14971,0
40295,0
22677,0
18223,0
18265,0
7834,0
5982,0
30187,0
43640,1
8088,0
10636,0
15277,0
30402,0
13337,0
40707,1
44363,0
18823,0
18970,0
21360,0
42479,0
38235,0
6579,0
9758,0
24048,0
18950,0
30229,0
36289,0
36321,0
13011,0
4001,0
24804,0
1298,0
43304,0
40136,0
5656,0
26773,0
25125,0
20178,0
25698,0
3795,0
18036,0
7663,0
40648,1
16394,0
24085,1
33732,0
1264,0
33571,0
710,0
8071,0
33553,0
9431,0
22033,0
6856,0
9831,0
1333,0
21387,1
19767,0
35020,0
16365,0
42925,0
28927,0
31630,1
35916,0
4432,0
41679,0
37039,0
39385,0
3705,0
19290,0
40617,1
16015,0
9824,0
5196,0
38651,0
22405,0
24329,0
15018,0
44610,1
35446,0
13412,0
10286,0
16576,0
26313,0
43955,0
14871,1
28193,0
34507,0
12706,0
5309,0
27241,0
20034,0
41644,1
1153,0
44833,0
23388,0
37724,0
21312,0
13401,0
25106,0
38870,0
5195,0
32474,0
38824,0
4283,0
5434,0
26005,0
24637,0
16965,0
43520,0
37907,0
35271,0
29018,0
2615,0
39718,0
18403,0
2910,0
20441,0
32257,0
39675,1
31741,0
27032,0
36358,0
7221,0
33744,1
33405,0
7350,0
17641,0
15935,0
20174,0
28208,0
9226,0
8551,0
3154,0
4520,0
31532,0
9710,0
36216,0
41155,0
24268,0
4234,0
13046,0
31165,0
44234,0
21920,0
22688,0
28905,0
31433,1
17403,0
39500,1
21013,0
23526,0
16347,0
30648,0
13905,0
24186,0
544,0
35561,0
20351,0
30848,0
22937,0
9124,0
40763,1
31721,0
593,0
267,0
19324,0
15506,0
36689,0
37601,0
24948,0
24513,0
30262,0
42106,0
14949,0
22462,0
118,0
1736,0
33176,0
5613,0
7754,0
38452,0
16893,0
2299,0
7143,0
30181,0
33769,0
8005,0
6338,0
2315,0
16231,0
4241,0
38056,0
41302,0
33383,0
12372,0
1757,0
24092,1
37958,0
25835,0
33443,0
9557,0
40450,0
14845,0
17142,0
44327,1
30243,0
39253,0
9460,0
34786,0
36642,0
3761,0
34739,0
20929,0
22203,0
8454,0
3040,0
40922,0
43264,0
2903,0
38441,0
34564,0
36005,1
26015,1
7761,0
36580,0
41820,0
32036,0
44333,0
18306,0
24417,0
23775,1
1909,0
34375,0
44141,1
1122,0
7716,0
29426,0
20460,0
28457,0
37572,0
18311,0
5944,0
33809,1
12829,0
28382,0
4232,0
22896,0
29652,0
38916,0
33698,1
70,0
28210,0
13844,0
8240,0
33757,1
18533,0
20192,0
22621,0
24678,0
19648,0
104,0
39603,0
35234,0
10282,0
26598,1
18530,0
33662,0
15863,0
21495,0
29730,0
32156,0
39965,0
23131,0
38128,0
39991,0
9042,0
27666,0
9587,0
4686,0
35422,0
34386,0
18319,1
32542,0
42245,1
6805,0
7147,0
25785,0
29699,0
984,0
11485,0
11053,0
17691,0
36607,0
44122,0
17178,0
2280,0
1205,0
22430,0
9846,0
3996,0
22727,0
8258,0
15201,0
20220,0
14741,0
23945,0
10070,1
22992,0
43530,1
41263,1
25457,1
33918,1
15143,0
10179,0
16887,0
4156,0
43951,1
21898,0
20035,0
16970,0
44572,1
21123,0
14336,0
6742,0
2694,0
39979,1
13564,0
10907,0
40700,0
25996,0
14912,0
21307,0
4581,0
14458,0
3544,0
21535,0
40340,0
26996,0
7320,0
39764,0
5321,0
21226,1
22890,0
26874,0
43593,1
27238,0
30690,0
9856,0
37905,0
24233,0
19040,0
8260,0
42651,0
27067,0
41462,0
5555,0
15881,0
40362,0
44623,1
3093,0
3201,0
5552,0
6200,0
39716,0
10393,0
13570,0
45173,0
44655,1
36612,0
32261,0
19007,0
1511,0
42402,0
20337,0
44042,0
37247,1
29947,0
25136,0
448,0
44443,1
21399,0
7288,0
43466,1
3717,0
2687,0
21851,1
41681,1
26025,0
43750,1
14321,0
1138,0
15767,0
9454,0
22522,0
17058,0
33565,0
913,0
21432,0
29697,0
43583,1
3901,0
43824,0
4125,0
33048,0
37720,0
43153,0
16470,1
25897,0
2172,0
10344,0
42771,0
17929,0
7064,0
7000,0
29913,0
31745,0
784,0
2203,0
33998,0
29403,0
35390,0
35410,0
26697,0
20668,0
40342,1
6368,0
26018,1
14341,0
10632,0
38167,0
13524,0
26146,0
19197,0
31057,1
37086,0
34867,0
30666,0
10041,0
11900,0
21785,0
37752,0
24162,0
42017,0
28871,0
8541,0
25810,0
27476,0
26846,0
42030,1
14704,0
14115,0
617,0
17745,0
38301,0
20154,0
29095,0
11303,0
3504,0
6126,0
31370,1
38329,0
366,0
3495,0
26810,0
34686,0
1894,0
28087,0
30797,0
22828,0
2030,0
29180,0
30012,0
44595,0
22393,0
12982,0
32013,0
14490,0
20208,0
14047,0
35328,0
42509,0
23966,0
34234,1
10288,0
30864,0
25025,0
31451,0
9621,0
7530,0
18123,0
26759,0
43769,0
39275,0
35631,0
19348,0
30125,0
36640,0
31176,0
19939,0
38561,1
32974,0
28289,0
23601,0
41724,0
7238,0
22592,0
23001,0
35134,0
9043,0
11417,0
17187,1
4379,0
7465,0
34006,0
26472,0
10967,0
30109,0
44296,1
25156,0
19929,0
10368,0
13739,0
39008,0
36990,0
10202,0
36410,0
13531,0
8406,0
14385,0
11284,1
3728,0
18751,0
38912,1
43661,0
34553,0
27418,0
43020,1
13037,0
13493,0
24844,0
33711,0
22451,0
2155,0
10187,0
41359,0
25348,0
20067,0
40158,0
45106,1
26280,0
35926,0
1774,0
29300,0
9718,0
2138,0
36044,0
27330,1
43801,1
29262,0
2643,0
21257,1
11993,0
44253,1
23198,0
32937,0
2537,0
4703,0
8855,0
13217,0
43796,1
19576,0
3017,0
31432,1
30288,0
17543,0
27773,0
2550,0
19783,0
13835,0
40489,1
30189,0
9469,0
26606,0
43294,1
26416,0
887,0
35533,1
20430,0
11483,0
8424,0
10308,0
37036,0
17445,0
33683,0
814,0
25468,0
16548,0
8907,0
32225,0
1788,0
24926,1
20607,0
38297,0
43332,0
18074,0
24675,0
33716,1
37893,0
16581,0
22505,0
42368,0
30828,0
16797,0
1244,0
43501,1
40569,1
43588,1
33889,0
27184,0
31352,1
36110,1
21377,0
19977,0
8824,0
6999,0
43403,1
21600,0
32468,0
37994,0
43263,1
44888,1
10498,0
41595,1
41570,0
33378,0
35550,1
8571,0
33504,0
18475,0
28422,0
16282,0
7605,0
42528,0
25096,0
3224,0
35231,0
25359,0
10502,0
31480,0
1567,0
23361,0
36027,0
8160,1
44095,1
28764,0
39077,0
24105,0
42502,1
33617,0
4198,0
40403,1
38604,0
8893,0
25085,0
23492,0
38215,0
24512,0
41807,0
27002,0
21748,0
14378,0
44801,1
28443,0
24722,0
5870,0
8939,0
10995,0
9350,0
11745,0
41598,0
34236,0
18115,0
28261,0
31196,1
28554,0
41456,1
25605,0
34371,0
22955,0
15027,0
20989,0
36499,0
25047,0
16072,0
34813,0
5251,1
3084,0
12958,0
13958,0
1457,0
15050,1
14066,0
15344,0
28217,0
38963,0
42819,0
12452,0
22331,0
36201,0
8758,0
38800,0
16392,0
19211,0
30901,0
5829,0
39936,0
8475,0
19196,0
31294,1
19389,0
4931,0
7331,0
12770,0
26084,0
29626,0
41656,0
9662,0
7316,0
39208,0
5290,0
8026,0
17453,0
37614,0
9153,0
2492,0
39877,0
38970,0
39454,0
18907,0
1058,0
42251,0
27274,0
4287,0
13940,0
21976,0
2110,0
2399,0
39929,0
2699,0
18877,0
113,0
29256,0
35296,0
36836,0
8512,0
19412,0
9937,0
19367,0
42520,0
42282,1
14264,0
43335,1
17215,0
37903,0
31264,1
13093,0
19910,0
42190,1
19665,0
3444,0
1885,0
29324,0
40202,0
10269,0
3923,0
5781,0
5122,0
19976,0
21712,0
13264,0
29140,0
32894,0
5862,0
5896,0
18805,0
34785,0
44641,1
18432,0
17328,0
44402,0
26642,0
42247,0
24398,0
43916,1
25964,0
735,0
25962,0
10024,0
22194,0
44651,1
13241,0
10838,0
1334,0
37135,0
38462,0
36903,0
36219,0
31805,0
3318,0
1963,0
41999,0
39335,0
38396,0
33356,0
16234,0
36844,1
75,0
9165,0
23308,0
10463,0
25522,0
10840,0
30758,0
20683,0
11272,0
19331,0
4288,0
450,0
41513,0
28725,0
36737,0
30275,0
14911,0
16208,0
40604,0
23802,0
4526,0
23256,0
43150,1
33388,0
16273,0
12687,0
21126,0
13885,0
35899,0
40429,0
18153,0
19018,1
35546,0
1635,0
44881,1
34524,0
20418,0
9785,0
35084,0
14355,0
31087,0
39295,0
42703,1
5894,0
29943,0
34106,0
8750,0
19256,0
31652,0
29501,1
10017,0
32936,0
14184,0
43220,1
9805,0
3822,0
39849,1
38395,0
13859,0
13712,0
14090,0
33522,0
21442,0
21147,0
8459,1
11965,0
22056,0
39342,0
28109,0
39648,0
17787,0
31887,0
6939,0
31631,0
23724,0
24998,1
4188,0
36457,0
41495,0
40098,0
8237,0
18747,0
39036,0
1006,0
44166,0
41943,0
39522,0
8404,0
31161,0
33766,0
40896,0
16331,0
38801,0
34473,0
17392,0
21014,0
39626,0
4443,0
22432,0
17732,0
15719,1
1248,0
40758,0
13710,0
35630,0
13192,0
36377,0
31184,1
31549,0
29565,0
26406,0
29745,0
19944,0
4758,0
4295,0
8141,0
12639,0
4072,0
36687,0
13971,0
23078,0
18368,0
6749,0
2693,0
16905,1
22436,0
18108,0
4977,0
8106,0
43012,0
19083,0
16441,0
38367,1
13317,1
8818,0
2200,0
23796,0
10194,0
26055,0
20699,0
37236,0
2305,0
12937,0
25990,0
28433,0
4094,0
19098,0
30960,0
43133,0
33386,0
43296,1
27383,0
10619,0
35987,0
12205,0
33081,0
39889,1
34142,1
42779,1
19241,1
8771,0
6812,0
29147,0
34990,0
38286,1
17887,0
16329,0
42689,0
35542,0
4215,0
37526,0
34072,0
6504,0
6535,0
39051,0
90,0
15074,0
41763,0
24576,0
28281,0
32907,0
23949,0
32999,0
16952,0
6866,0
26622,0
2949,0
20874,0
12090,0
27161,0
4191,0
42708,0
29218,0
40274,1
19118,0
14899,0
23690,0
37590,0
42291,1
37705,0
5603,0
22400,0
36420,0
4963,0
32226,0
34741,0
15553,0
1681,0
5182,0
43710,1
29903,0
27277,0
29733,0
32382,0
31396,1
14218,0
22394,0
33029,0
6936,0
26149,0
34403,0
29954,0
28049,0
13299,0
13962,0
39713,0
1057,0
40119,1
35178,0
19530,0
12498,0
31642,0
42007,1
27440,1
12703,0
1115,0
38305,0
22154,0
4107,0
10992,0
45133,1
45081,1
32991,0
44656,0
22086,0
18270,0
43265,0
3210,0
32349,1
11461,0
28449,0
29221,0
4594,0
16114,0
37069,1
39517,1
45012,1
37383,0
24317,0
4134,0
23186,0
16512,0
27894,0
18524,0
42586,0
6514,0
33529,0
12065,0
1729,0
25103,0
24040,1
14366,0
28093,0
17915,0
13843,0
38296,0
39532,0
14181,0
16805,0
37955,0
39220,0
22264,0
36608,0
2161,0
20101,0
7617,0
16584,0
2243,0
15909,0
32404,0
2435,0
38194,0
26424,0
33164,0
18583,0
35562,0
40871,0
35642,0
43737,1
24955,0
20758,0
22778,0
20281,0
4045,0
12004,0
14503,0
38248,1
37960,0
22266,0
29468,0
368,0
40011,0
42538,1
32748,0
5831,0
38375,0
38414,0
38708,0
42040,1
16213,0
44764,0
9642,0
27402,0
31229,1
2722,0
22017,0
4042,1
11326,0
21471,0
21629,0
21774,0
661,0
22480,0
27425,0
12459,0
43118,0
7779,0
37457,1
33697,1
36617,1
37087,0
9222,0
20966,0
11525,0
44053,0
19688,0
33872,1
5308,0
11772,0
13316,0
24557,0
16272,0
18778,0
7404,0
41392,1
11105,0
33406,0
33949,1
10497,0
38821,0
36089,0
7564,0
33608,0
39124,0
1089,0
2606,0
8588,0
35707,0
43936,1
194,0
27708,0
19789,0
17522,0
12802,0
21467,0
15684,0
318,0
36744,0
7774,0
43266,0
27717,0
43718,0
30321,0
15734,0
39597,1
36366,0
21603,0
1573,0
38983,0
5253,0
13673,0
38637,1
30542,0
31101,1
8416,0
35504,1
39719,0
8974,0
35886,0
12392,0
41651,1
10046,0
13187,0
7055,0
24705,0
7780,0
43360,1
41573,1
1149,0
6661,0
34466,1
24480,0
16198,0
34276,0
37393,0
2767,1
37145,0
28642,0
14485,0
33730,0
1555,0
13227,0
19845,0
5202,0
12907,0
40401,1
42079,1
22618,0
1512,0
10784,0
12751,0
26437,1
7388,0
5016,0
34089,1
32082,0
18836,0
34389,1
38514,0
15319,0
18645,0
17141,0
20716,0
23853,0
41975,0
39554,1
6322,0
16824,0
13560,0
2625,0
35476,0
40058,0
1815,0
34995,0
16577,0
13053,0
13557,0
14798,0
31681,0
4762,0
4717,0
30078,0
27969,0
25564,0
32121,0
11070,0
5897,0
34075,1
21333,0
40757,1
17073,0
38209,0
2850,0
13463,0
20681,1
20210,0
42134,0
40131,1
39039,1
13517,0
20300,0
31386,1
26644,0
34093,0
4953,0
9845,0
32992,0
33640,0
17236,0
31779,0
18093,0
27401,0
33094,0
13115,0
25215,0
41848,1
2070,0
12541,0
816,0
39411,0
35990,0
18203,0
16043,0
18019,0
4877,0
21094,0
669,0
12039,0
27857,0
26950,0
9786,0
5410,0
33917,1
20123,0
11675,0
12475,0
14055,0
20247,0
4408,0
15568,0
28471,0
17314,0
3807,0
7704,0
6707,0
3445,0
33119,0
36204,0
6196,0
4798,0
33659,0
8474,0
42269,0
38659,0
25023,0
22308,0
23409,0
41145,0
5974,0
5183,0
24858,0
21998,0
13538,0
8585,0
20237,0
35726,0
18356,0
41176,1
42960,0
13781,0
14585,0
36784,0
36052,0
26929,0
28132,0
14897,0
34215,1
30908,0
43232,1
33156,0
39625,0
32170,0
20815,0
1175,0
16746,0
13693,0
12152,0
29615,1
1126,0
445,0
17307,0
38885,0
23491,0
15187,0
3709,0
17512,0
12224,0
14526,0
41676,0
10788,0
4630,0
8990,0
20290,0
31089,0
38544,1
26136,0
29674,0
10968,0
33583,0
41084,0
22977,0
9236,0
5408,0
24136,0
27529,0
1739,0
38401,0
23723,0
3376,0
8900,0
19768,0
43247,1
32755,0
16504,0
35055,0
44925,0
11071,0
10339,0
27535,0
5158,0
39902,0
38043,0
30286,0
39742,0
17667,0
15970,0
11520,0
22689,0
22412,0
44753,0
1466,0
14927,0
11155,0
2496,0
10582,0
13114,0
28301,0
38608,0
29394,0
4229,0
41701,0
35827,0
38288,0
43144,1
5150,0
19366,0
359,0
28791,0
26145,0
38701,0
41533,0
35954,0
29230,0
26858,0
16281,0
36385,0
11421,0
5671,0
38362,0
39897,0
40278,1
31826,0
20294,0
21337,0
25028,0
1790,0
4729,0
28194,0
19322,0
39165,0
26181,0
36814,0
11615,0
15365,0
20818,0
28473,0
26770,0
39866,1
11629,0
37859,0
11203,0
15678,0
17324,0
9913,0
43822,1
29759,0
983,0
28375,0
21836,0
9777,0
13000,0
9657,0
44195,0
22231,0
9999,0
25268,0
23587,0
34479,0
41670,0
17246,0
16064,0
2965,0
17372,0
31435,0
38907,0
18656,0
4190,0
2373,0
35192,1
29470,0
24877,0
44422,1
19788,0
4057,0
20865,0
14615,0
16645,0
20703,0
8592,0
34901,0
11012,0
5600,0
19669,1
41020,1
8452,0
40632,1
7245,0
24613,0
5959,1
43897,1
9088,0
7600,0
40239,0
33765,1
40506,1
7551,0
27293,0
18565,0
3443,0
18446,0
38287,0
14759,0
43000,1
34882,0
43607,1
6720,0
17516,0
9378,0
27033,0
17528,0
41461,0
37410,1
33359,0
29964,0
30203,0
8575,0
23116,0
5326,0
37946,0
44481,0
32890,0
30888,0
14564,0
18397,0
15521,0
3088,0
20354,0
43591,1
19461,0
1454,0
31607,0
21625,0
22781,0
904,0
16971,0
17841,0
13968,0
28525,0
41190,0
10172,0
35324,0
7847,0
9615,0
35193,0
12910,0
31026,0
2263,0
11550,0
2594,0
20884,0
23321,0
33315,0
37855,0
4980,0
12250,1
10199,0
5333,0
28007,0
9675,0
18851,0
278,0
39111,0
30048,0
28658,0
24922,1
32112,1
18025,0
28761,0
17760,0
42068,1
18520,0
22386,0
17785,0
3352,0
9556,0
20755,0
30990,0
44331,1
36754,0
11173,0
649,0
10644,0
4604,0
44710,0
20028,0
19126,0
42053,1
10716,0
21124,0
31339,1
33281,0
34476,0
39092,0
990,0
30226,0
24025,0
30492,0
44052,0
36533,0
34595,0
30994,0
18822,0
20904,0
28693,0
34874,0
16463,0
16298,0
23441,0
40163,1
40141,0
26755,0
27926,0
39494,0
10394,0
20779,0
594,0
42902,0
28836,0
38802,0
29157,0
3799,0
5329,0
44014,0
19157,1
30379,0
40811,0
33896,0
41783,0
1,0
15875,0
40316,0
40833,1
28969,1
9019,0
27247,0
1782,0
16214,0
38823,0
38065,0
25060,0
20898,0
15042,0
25683,0
12525,0
29215,0
30192,1
3756,0
40978,0
5057,1
34685,0
6809,0
40221,0
34430,0
12527,0
29431,0
10824,1
23774,0
10474,0
35210,0
23197,0
1971,0
23050,0
982,0
6003,0
21642,0
23193,0
15633,0
2359,0
13595,0
5219,0
29625,0
23792,0
22910,0
39610,0
6097,0
34701,0
41320,1
13506,0
16543,0
8872,0
21335,0
20362,0
14602,0
37934,0
30251,0
1365,0
37762,0
16096,0
21940,0
26886,0
8436,0
32640,0
22390,0
13148,0
18664,0
41326,0
33000,0
1515,0
8096,0
20610,0
34667,0
2828,0
16019,0
27191,1
24031,0
39957,1
9814,0
44344,0
23881,0
23613,0
39640,0
13172,0
17394,0
29622,0
30671,0
14076,0
11448,1
31689,0
23279,0
8800,0
8947,0
39944,0
41727,0
4532,0
24677,0
19047,0
8049,0
39334,0
39978,1
17290,0
25131,0
28219,0
16401,0
32872,0
25485,0
33922,1
38059,0
10450,0
43238,1
15866,0
33135,0
40929,0
37966,0
17317,0
6946,0
6725,0
486,0
24354,0
6546,0
10493,0
4447,0
39623,0
22235,0
41119,0
11915,0
19006,1
44285,0
43994,0
33112,0
26082,0
25738,0
26138,0
20823,1
32464,0
27108,0
9055,0
13073,0
40481,1
18307,0
3748,0
42011,0
27034,0
19233,0
26548,0
112,0
40514,1
16961,0
31565,0
10523,0
7011,0
14204,0
19865,0
29664,0
17753,0
33347,0
18504,0
10404,0
38816,0
37138,0
1590,0
11399,0
17304,0
26975,0
20545,0
27242,0
24214,0
1443,0
22355,0
42119,0
26921,0
25899,0
34417,0
29579,0
26262,0
589,0
13970,0
37733,0
31628,0
24465,0
9282,0
7927,0
7087,0
14071,0
11589,0
1975,0
34485,0
9477,0
14620,0
32398,0
30548,1
8495,0
38237,1
21789,0
17513,0
8899,0
31510,0
4941,1
10216,0
37990,1
22100,0
18449,0
28315,0
1043,0
6719,0
28943,0
30347,0
10271,0
7048,1
16524,0
3103,0
27019,1
39402,0
28852,0
4859,0
30068,0
26604,0
5912,0
39395,1
37828,0
43985,0
30760,0
26185,0
7258,0
23767,0
31012,0
29193,0
18803,0
9967,0
21306,0
7644,0
1817,0
7983,0
9619,0
16325,0
672,0
11571,0
11927,0
7734,0
5495,0
7248,0
29104,0
22833,0
44061,1
34500,0
9321,0
4547,0
21962,0
31378,1
14398,1
7776,0
10981,0
3779,0
25392,0
4486,0
24621,0
5791,0
27598,0
21461,0
11572,0
29372,0
11020,0
24706,0
10682,0
3567,0
26553,0
40477,1
17611,0
22447,0
36182,0
39362,0
27218,0
24335,0
18942,0
16334,0
6186,0
5501,0
34046,1
13990,0
23695,0
43620,1
6796,0
5261,0
6017,0
22877,0
42984,0
20792,0
4354,0
2330,0
17415,0
4770,0
39860,0
39350,0
10042,0
2398,0
5288,0
3508,0
3865,0
8262,0
41422,1
15533,0
8081,0
29445,0
3834,0
41791,0
11608,0
44255,1
27951,0
8754,0
31054,1
5387,0
38299,0
44292,1
9416,0
36126,0
20626,0
38255,0
25470,0
16498,0
18417,0
34824,0
3235,0
38967,0
30274,0
1278,0
39581,0
27795,0
30539,1
16125,0
12586,0
13095,0
33069,0
16013,0
44020,1
23010,0
45014,0
1099,0
35276,0
26295,0
27944,0
2585,0
33641,0
43262,1
2881,0
3751,0
14836,0
15895,0
10862,0
36804,1
43843,1
4407,0
41353,1
26716,0
30182,0
34607,0
29821,0
27679,0
33141,0
13878,0
42874,1
16265,0
2271,0
39526,0
14156,0
10080,0
43119,0
4376,0
958,0
23603,0
17924,0
13168,0
24271,1
40443,1
32997,0
39343,0
9220,0
36374,0
20201,0
35939,0
4493,0
4659,0
44235,0
25439,0
27346,0
37371,1
18161,1
32400,0
17551,0
13323,0
297,0
13546,0
9006,0
2627,0
1608,0
11117,0
5546,1
2380,0
32049,0
18705,0
17334,0
7750,0
12268,0
23827,0
33246,0
7136,0
19312,0
1972,0
34119,0
28614,0
21972,0
42299,0
10881,0
42484,0
13939,0
250,0
13576,0
32313,0
14077,0
25267,0
18260,0
16667,0
13461,0
21661,0
18500,0
37012,0
37004,0
25539,0
19216,0
31343,0
28346,0
9323,0
16566,0
4262,0
22431,0
44173,1
7175,0
14210,0
36616,0
4480,0
32372,0
25951,0
9783,0
43634,0
24751,0
18834,0
18425,0
43049,1
11211,0
33865,0
31599,0
15022,0
28124,0
21984,0
9983,0
29259,0
10487,0
11884,0
9118,0
30732,1
39364,1
11216,0
5176,0
8813,0
351,0
22276,0
80,0
17061,0
29774,0
10918,0
21900,0
30463,0
2210,0
24148,0
41784,0
18625,1
44927,0
9147,0
17202,1
37443,0
17768,0
20109,0
31380,1
30918,0
20391,0
13796,0
21632,0
1881,0
41977,0
44066,0
26650,0
32146,1
37389,0
29660,0
17118,0
37719,0
27635,0
34029,1
34262,0
18181,0
20095,0
37219,0
1528,0
24869,0
14642,0
17206,0
31328,1
27008,0
27873,0
11042,0
36785,1
2601,0
31296,0
937,0
33373,0
19718,0
41198,1
37045,0
13433,0
1221,0
17426,0
41919,0
20488,0
18371,0
26554,0
25503,0
36197,0
38210,0
919,0
8821,1
6284,0
24837,0
11060,0
39360,1
4381,0
6854,1
12814,0
38844,1
19003,0
44223,0
42273,0
17428,0
29225,0
6731,0
44556,1
6739,0
16497,1
37528,0
37912,0
18374,0
34957,0
2010,0
20806,0
25767,0
7031,0
39567,0
2145,0
10973,0
41192,0
273,0
18231,0
41466,0
14687,0
38513,0
25005,0
34243,1
36068,0
15038,0
38892,0
16658,0
39993,0
20496,0
18512,0
4479,0
35522,0
28716,0
7403,0
31192,1
14270,0
305,0
28366,0
37189,0
3966,0
30696,0
42958,1
17968,0
34627,0
6216,0
17306,0
42198,1
25176,0
23135,0
36524,0
31179,0
20888,0
16734,0
40279,1
12468,0
11767,0
37092,0
21558,0
32287,0
7871,0
15128,0
37271,0
17289,0
7266,0
28152,0
2331,0
3749,1
35765,0
35462,0
22292,0
34091,0
2892,0
23100,0
36924,0
11385,0
17677,0
24478,0
17320,0
42688,1
15359,0
36475,0
40440,1
2708,0
10184,0
22009,0
12296,0
41952,0
36521,0
3251,0
28728,1
7159,0
2413,0
17563,0
31427,0
26936,0
19194,0
22024,0
35920,0
14740,0
30433,0
32667,0
16338,0
18279,0
11104,0
22030,0
12189,0
41256,0
7612,0
41554,1
15742,0
16048,0
30826,0
34335,1
23654,0
3918,0
1140,1
10132,0
40847,0
15119,0
26288,0
3010,0
6920,0
12234,0
6341,0
26273,0
41447,0
8653,0
32557,1
2108,0
15536,0
20903,0
4985,0
12089,1
43791,1
41487,1
9098,0
18976,0
42795,0
22050,0
33350,0
41406,0
33191,0
28786,0
40607,0
5428,0
44618,1
8438,0
23200,0
44040,0
19450,0
38424,0
10928,0
14183,0
39201,0
19209,0
37463,0
3856,0
17048,0
25960,0
19560,0
30922,0
19775,0
31470,0
30342,0
18594,0
11898,0
43687,0
36710,0
30313,0
15537,0
40905,0
10717,0
4605,0
40941,0
580,0
15559,0
33988,0
40691,0
1259,0
14542,0
32315,0
35728,0
38689,0
7554,0
42193,0
10648,0
348,0
43874,1
34483,1
43225,0
13341,0
38227,0
20021,0
29768,0
36742,0
9879,0
31119,1
44342,0
8314,0
10237,0
39134,0
20970,0
9707,0
44558,0
29849,1
20726,0
1652,0
25587,0
15368,0
12432,0
37784,0
41433,0
5527,0
10779,0
42507,0
41007,0
28997,1
32190,0
15840,0
15141,0
33630,0
32934,0
3793,0
12613,0
8446,0
8848,0
15643,0
34706,0
5169,0
7547,0
15748,1
27039,0
23399,0
19120,0
18128,0
25980,0
7608,0
17958,0
2429,0
24127,0
18821,0
23346,0
13947,0
28020,0
19726,0
33974,1
13842,0
26821,1
35573,0
1720,0
12947,0
39255,0
37673,1
4245,0
2353,0
27179,0
23904,0
2718,0
9112,0
4902,0
16052,0
33403,0
25776,0
15208,0
31734,0
8960,0
28921,0
41690,1
3671,0
39946,0
5937,0
23937,0
44667,0
16143,0
19523,0
12620,0
21564,0
39792,1
37640,0
40034,1
3473,0
33045,1
1911,0
36751,0
24666,0
32137,0
4705,0
13536,0
8593,0
40540,0
32657,0
33770,1
21553,0
26488,0
34422,0
27107,0
9245,0
17239,0
31159,0
18995,0
30450,0
34392,0
614,0
20115,0
27946,0
26589,0
32683,0
14464,0
28963,0
1208,0
23290,0
13908,0
19162,0
24330,0
29321,0
39707,0
3385,0
32568,0
23019,0
10535,0
43453,0
5577,0
10902,0
4040,0
26056,0
7809,0
18286,0
23519,0
23574,0
43865,0
2598,0
32838,0
32614,0
7760,0
38571,0
10504,0
2304,0
36019,0
45186,0
27230,0
9741,0
21035,0
21641,0
10518,0
19684,0
2237,0
31713,0
9599,0
14354,0
7800,0
24176,1
9066,0
12212,0
15051,0
17130,1
16533,0
15147,0
31650,1
35454,1
7200,0
1100,0
43616,0
23166,0
23355,0
7309,0
6153,0
42550,1
7265,0
3554,0
30783,0
32904,0
28269,0
44988,0
7386,0
13350,0
8191,0
12580,0
33125,0
41345,1
5340,0
42743,1
2117,0
10891,0
41518,1
11164,0
14776,0
2453,0
38457,0
21385,0
16196,0
31994,0
25706,0
9347,0
32405,0
32203,0
26360,0
507,0
27405,1
23657,0
28805,0
117,0
37984,0
16846,0
16852,0
528,0
44830,1
9969,0
9217,0
18335,0
42579,1
24207,0
11935,0
32327,0
24313,0
9324,0
6323,0
40247,1
19185,0
41789,1
34354,0
30111,0
8749,0
20922,0
29073,0
31957,0
16080,0
15480,0
23000,0
27396,1
28981,1
5486,0
21251,0
41540,0
40194,0
39113,0
26427,0
42307,0
41787,1
27978,0
36783,0
33067,0
26883,0
26538,0
11682,0
2408,0
7907,0
41714,1
6930,0
3797,0
24248,0
35463,0
28808,0
40411,1
8909,0
44487,1
43726,1
23897,0
33046,0
21022,0
25034,0
16921,0
35963,0
8174,0
23062,0
44258,1
26174,0
36439,0
35935,0
44200,0
7873,0
28028,0
22840,1
23872,0
31999,0
9517,0
6124,0
15546,0
157,0
18687,0
9800,0
11490,0
22868,0
1591,0
4153,0
24596,0
29295,0
18254,0
10806,0
11115,1
9966,0
33389,0
19888,1
25499,0
9539,0
20379,0
564,0
36879,0
7811,1
31938,0
8941,0
17998,0
39542,0
37563,0
28581,0
24288,0
23118,0
21973,0
17580,0
44370,0
7865,0
14518,0
9229,0
42808,0
10783,0
29022,0
3395,0
22069,0
26188,0
42064,1
28026,0
2119,0
17420,0
35611,0
2025,0
15085,0
6726,0
26264,0
25614,0
3167,0
37988,0
36945,0
34725,0
14832,1
8248,0
21937,0
8742,0
26665,0
6816,0
23168,0
10867,0
44514,0
23689,0
33672,0
10500,0
23752,0
34061,1
37159,0
7782,0
45086,1
37031,0
9272,0
36517,0
12658,0
13034,0
10478,0
45031,1
24899,0
29134,0
14538,0
19449,0
38432,0
19055,0
39562,0
11815,0
32696,0
44183,1
17226,0
41039,1
17362,1
8789,0
28740,0
19716,0
6415,0
41788,1
36835,0
4176,0
12592,0
12095,0
26602,0
32939,0
43128,1
35497,0
24712,0
40613,1
41459,0
42082,1
42194,1
44101,1
30571,0
21859,0
26218,0
42565,1
5841,0
7718,0
22975,0
23939,0
7683,0
27629,0
9108,0
19734,0
26638,0
37347,0
15894,0
14142,0
35594,1
42680,1
8356,0
27246,0
8217,0
36021,0
34460,0
8022,0
38013,0
12369,0
18941,0
12487,0
98,0
31317,1
16748,0
20104,0
32039,1
25761,0
36341,0
26738,0
38586,0
36446,0
14410,0
23930,0
5868,0
16147,0
9911,0
781,0
2048,0
1583,0
21034,0
14132,0
21427,0
15766,0
43535,1
24954,0
16578,0
33348,0
41395,1
11114,0
32422,0
5905,0
38184,0
34209,1
41597,0
33684,0
28986,0
18273,0
43273,0
36656,0
41218,0
12390,0
18314,0
30234,0
42387,0
18926,0
10426,0
5843,0
13162,0
35132,0
39339,0
7085,0
20383,0
30099,0
24195,0
13540,0
23692,0
1187,0
18004,0
20558,1
27296,0
21670,0
24842,0
23184,0
32929,0
13933,1
40880,0
28058,0
11154,0
13738,0
26380,0
1516,0
4787,0
25808,0
15615,0
16515,1
28849,0
20470,0
36706,0
23958,0
16814,0
16256,0
26069,0
17494,0
9087,1
11390,0
18316,0
5144,1
43023,1
27714,0
17600,0
11192,1
16798,0
6799,0
40519,0
2701,0
20915,0
27449,0
9851,0
31492,1
6498,0
28298,0
29489,0
35331,0
3409,0
40425,0
22779,0
7277,0
35244,0
20404,0
23380,0
4867,0
39973,1
34233,0
11130,0
2427,0
9753,0
41708,0
4270,0
18262,0
42258,1
23040,0
15858,1
38207,0
26213,0
32901,0
28118,0
12680,0
4482,0
3181,0
35729,0
23805,0
34414,0
15557,0
2037,0
33609,0
22516,0
7965,0
1592,0
37635,0
12998,1
7411,0
24263,0
22322,0
31620,0
22385,0
41206,0
20924,0
26387,0
5325,0
10850,0
45101,1
10354,0
9221,0
1397,0
41882,0
25489,0
27164,0
4697,0
24575,0
6786,0
31888,0
27933,0
31138,0
20405,0
37419,0
33423,0
23649,0
3359,0
28922,0
30825,0
14079,0
45030,0
16210,1
21011,0
10486,0
9509,0
6352,0
25031,0
7224,0
19982,0
5881,0
4233,0
42684,1
32823,0
43973,1
5695,0
37915,0
10313,0
14009,0
2043,0
7852,0
31315,1
25943,0
10752,0
38463,1
15847,1
38445,0
18296,1
6233,0
16795,0
27539,0
4133,0
21955,0
25929,0
9263,0
27743,0
38938,0
20307,0
1560,0
40762,0
41607,1
33987,0
36218,0
8354,0
28492,0
926,0
20085,0
3426,0
36516,1
17536,0
9523,0
3905,0
22398,0
39998,0
28628,0
7660,0
37353,0
33059,0
32826,0
29835,0
21348,1
42018,0
23976,0
912,0
5151,0
41626,0
21924,1
5819,0
7446,0
27964,0
4590,0
14770,0
36418,0
5581,0
34765,0
39619,0
37147,0
31481,0
21202,0
29171,0
35162,0
29482,0
30749,0
19848,0
13579,0
21145,0
25145,0
22075,0
21441,0
33314,0
27101,1
40396,1
14669,0
30600,0
11067,0
19500,0
19000,0
11939,0
19267,0
2754,0
2313,0
14972,0
31878,0
33411,0
3147,0
14575,0
33823,1
29296,0
8365,0
11484,0
7059,0
34103,0
19876,0
3895,0
14238,0
9891,0
14628,0
18014,0
6315,0
7006,0
17298,0
26267,0
24773,0
3622,0
1982,0
11239,0
7389,0
37261,0
36679,0
17106,0
24068,1
5088,0
12795,1
20784,0
4146,0
3766,0
16039,0
9996,0
28665,0
17957,0
41760,0
5710,0
28541,0
30448,0
2103,0
44646,0
38041,0
30537,0
22819,0
27261,0
26275,0
22548,0
27865,0
26706,0
37408,0
11292,0
42103,0
29086,0
24337,0
23150,0
31324,0
25101,0
34787,0
16821,0
41508,1
12883,0
23475,0
28759,0
7232,0
6519,0
19687,0
7099,0
31634,0
10844,0
30555,0
20773,0
12754,0
24978,0
7908,0
8007,0
37759,0
37107,1
1579,0
26562,1
19854,0
23233,0
8455,0
42126,1
7980,0
821,0
26965,1
30289,0
7369,0
1413,0
39986,1
38542,0
21767,0
11181,0
38451,0
33121,0
18266,0
42601,0
34194,0
35236,0
737,0
14314,0
1207,0
26241,0
33867,1
38605,0
2668,0
3876,1
32815,0
29634,0
42185,0
27014,0
20612,0
33001,0
19328,0
4821,0
37936,0
33209,0
43933,1
12990,0
43472,1
25071,0
32295,0
23153,0
30968,0
1257,0
22022,1
21463,0
36387,0
16163,0
31571,0
17412,0
15664,0
23666,0
36502,0
4293,0
7307,0
21638,0
35736,0
41384,0
3485,0
31764,1
19498,0
44538,1
40745,0
6577,0
22119,0
37001,0
652,0
30930,0
39774,1
8569,0
23514,0
11840,0
32503,0
41330,0
18518,1
657,0
36159,0
43037,0
14211,0
24391,0
31674,0
28588,0
2140,0
4150,0
36492,0
18858,0
18827,0
8737,0
12422,0
29668,0
12863,0
28249,0
19148,0
9947,1
3970,0
44039,1
24304,0
17916,0
1576,0
16104,0
21460,0
34035,1
45069,1
26439,0
40291,0
39183,0
14021,0
31124,1
3642,0
36170,0
18289,0
11360,0
8228,0
25208,0
39556,0
18000,0
38402,0
40884,1
35260,0
15150,0
9271,0
17831,0
33082,0
36426,0
41427,1
4037,0
15472,0
24144,0
27252,0
38966,0
29175,0
44854,0
16276,0
5689,0
11379,0
2296,0
30133,0
21532,0
31737,0
1263,0
34791,1
37494,0
43077,1
7957,0
33986,1
4225,0
28655,0
17432,0
26497,0
5095,0
25349,0
10777,0
179,0
43160,1
22456,0
15582,0
14247,0
35012,0
6170,0
11607,0
26534,0
3332,0
13415,0
35519,0
21410,0
27483,0
17876,0
29636,0
29942,0
12733,0
5814,0
41992,1
44067,1
12150,0
22540,0
14153,1
44353,0
26179,0
44895,0
35217,0
35984,0
35878,0
20260,0
16005,0
6858,0
18016,0
40975,0
28681,0
13846,0
33005,0
855,0
26749,0
22850,0
38410,0
7478,0
40733,1
25112,0
45024,0
42724,1
5456,0
18107,0
10019,0
14227,0
4609,0
42973,0
28780,0
24318,0
31254,1
38379,1
36697,0
30432,0
20632,0
16802,0
36920,0
13152,0
14010,0
7292,0
27427,0
3541,0
20527,0
32756,0
39396,0
1451,0
14892,0
38502,0
3984,0
4957,0
21195,0
16546,0
34931,0
36734,0
27665,0
39606,0
11157,0
28609,0
34952,0
11051,0
27838,0
13366,0
20233,0
36164,0
11056,0
11693,0
15309,0
39074,0
43717,0
35050,0
24721,0
25413,0
35105,0
33731,0
12350,0
31355,1
25247,0
40587,0
30172,0
37253,0
33044,0
42483,1
17557,0
30811,0
4488,0
37173,0
44718,0
26621,0
27080,0
13992,0
37650,0
23076,0
31164,0
29558,0
28885,0
8515,0
15159,0
16172,0
19680,0
8151,0
17740,0
26808,0
10470,0
35080,1
10073,0
44394,0
41243,0
16956,0
40385,0
36482,0
15323,0
44929,0
8001,0
5812,0
576,0
4307,0
2763,0
37448,0
44905,0
24218,0
28891,0
39627,0
2414,0
21580,0
28667,0
21289,0
7634,0
18517,0
17385,0
8724,0
12188,0
43584,0
40036,1
42656,1
19329,0
21105,0
10630,0
21277,0
40343,0
42867,1
36474,0
20711,0
26085,0
12896,0
12522,0
40861,1
32654,1
8587,0
15206,0
5838,0
36166,0
35950,0
4854,0
17692,0
14990,0
19142,0
2024,0
20063,0
24192,0
8059,0
35826,0
21151,0
24662,0
229,0
3379,0
9700,0
28726,0
32338,1
9768,0
13432,0
25163,0
38077,0
22391,0
12726,0
16028,0
23086,0
25490,0
25057,0
43770,1
23952,0
23818,0
371,0
13749,0
5484,0
15338,0
7171,0
31769,0
26263,0
26064,0
36085,0
41957,1
21217,0
17898,0
22211,0
14298,0
17554,0
14715,0
35514,0
28424,0
3527,0
29133,0
21274,0
1420,0
41018,0
34285,0
9041,0
17150,0
40333,0
28659,0
44783,1
2846,0
20640,0
32541,0
133,0
29714,0
13640,0
37352,0
12406,0
2294,0
17233,0
25506,0
18053,0
16361,0
13507,0
44673,1
7988,0
26563,0
13127,0
30777,0
30991,0
8366,0
19350,0
43454,1
28675,0
42855,0
37084,0
36980,0
26669,0
21620,1
39443,0
39323,0
18048,0
14569,1
26671,0
25859,0
2423,0
36503,0
1634,0
24359,0
5942,0
39778,0
29795,0
34943,0
35834,0
30694,0
33705,0
23691,0
11000,0
8510,0
10314,0
20890,1
1064,0
41549,1
39574,0
15418,0
7844,0
6334,0
32041,0
413,0
33788,1
43337,1
13820,0
15607,0
14789,0
40439,1
33782,0
15845,0
39647,1
9333,0
41315,1
35026,1
28379,0
36978,0
30074,0
7715,0
27429,0
24810,0
39319,0
8756,0
11511,0
38956,0
25124,0
8773,0
14080,0
19837,0
2115,0
5899,0
4529,0
27239,0
7204,0
44575,1
39415,1
39867,1
4655,0
16207,0
20267,0
11733,0
30713,0
28458,0
3063,0
12822,0
37161,0
34589,0
7503,0
11835,0
16296,0
16027,0
40048,0
34742,0
10181,0
1711,0
29790,0
25132,0
35615,0
31330,1
25915,0
895,0
19188,0
33166,0
24600,0
25063,0
3174,0
20834,0
7710,0
13727,0
11463,0
2384,0
9878,0
40101,1
5447,0
23457,0
7117,0
38145,0
25050,0
26399,0
32440,0
7395,0
41271,0
37365,1
14534,0
17036,0
14970,0
33675,0
22851,0
11299,0
44048,0
43968,1
9888,1
28277,0
10453,0
37835,0
32489,0
15046,0
10749,0
35671,0
30933,0
28975,0
1753,0
29573,0
41817,0
38661,0
14384,1
16112,0
9715,0
16564,0
27093,0
42818,0
41247,0
43433,1
25097,0
32587,0
44449,0
22062,0
23077,0
12418,0
17053,0
30362,0
33953,1
22823,0
35052,0
27066,0
38518,0
23362,0
22775,0
12686,1
21729,0
42784,1
25098,0
12694,0
29825,0
14568,0
9852,0
29200,0
20038,0
29814,0
43869,0
31564,0
36862,0
40699,1
29187,0
41592,0
5320,0
22115,0
37760,0
23838,0
37164,0
11334,0
37833,0
13084,0
35245,0
2076,0
14734,0
2354,0
28875,0
21481,0
9701,0
8751,0
23507,0
28580,0
7261,0
9026,0
28870,0
13128,0
36652,0
32083,0
29605,0
44479,0
5644,0
34317,1
7610,0
4519,0
39688,0
4663,0
12927,0
17776,0
17447,0
12724,0
19289,0
7538,0
36348,0
19851,0
36169,0
44960,1
41393,1
13156,0
21330,0
17059,0
22402,0
13076,0
13071,0
38727,0
5673,0
14865,0
34930,0
4911,0
31577,0
6597,0
830,0
40052,0
18141,0
31367,1
41718,0
23447,0
43406,0
10083,0
12149,0
9922,0
10566,0
44460,1
16818,0
19306,0
21752,0
21446,0
34277,0
38636,0
2916,0
29031,0
35518,0
19214,0
38699,0
17714,0
2488,0
41818,0
16784,0
38158,0
14847,0
33853,1
14386,0
35962,0
24256,0
40413,1
31982,0
27086,0
41153,1
4453,0
10637,0
38738,0
41805,0
32363,0
32626,0
19657,0
41616,0
19091,0
1394,0
36987,0
32084,0
11635,0
17971,0
4362,0
36278,0
25668,0
35122,0
41385,0
14504,0
16420,1
25314,0
19035,0
27908,0
21986,0
8654,0
29132,0
4004,0
19602,0
14573,0
10051,0
2854,0
16622,0
6386,0
43205,0
29530,0
9102,0
22825,0
29611,0
30951,0
20935,1
33133,0
22403,0
17943,0
30287,0
4006,0
16000,0
20953,0
19661,0
28558,0
6057,0
34005,1
19773,0
3530,0
7946,0
17398,0
37704,0
24875,0
7883,0
27863,0
16610,0
584,0
35727,0
4962,0
29587,1
6582,0
40022,0
26433,0
3288,0
21228,0
23510,0
11213,1
45065,0
26294,0
4082,0
27139,0
16647,0
36430,0
31685,0
3470,0
15179,1
29368,0
39337,0
2986,0
16976,0
29682,0
33657,0
44606,0
2339,0
41180,1
28291,0
34079,0
3940,0
34457,0
28823,0
38543,0
9555,0
22025,0
20942,0
39363,0
14527,0
23503,0
43218,1
20222,0
20680,0
5821,0
8629,0
16841,1
5354,0
44768,0
37863,0
1612,0
17783,0
280,0
23771,0
19546,0
21130,0
23234,0
13839,0
1594,0
20340,0
33742,1
37813,0
43028,1
14469,0
15729,0
2514,0
10330,0
23445,0
44632,1
6220,0
17429,0
38595,0
31078,1
11095,0
1088,0
17591,0
11134,0
14482,0
17400,0
27362,0
21944,0
44712,0
32742,0
31498,0
37627,0
10748,0
40502,1
7095,0
1075,0
4095,0
40586,0
8108,0
27854,0
16592,0
31637,0
3424,0
29899,0
10267,0
37977,0
25184,0
40402,1
13472,0
12412,0
16888,0
28409,0
7392,0
12386,0
40397,0
44991,1
7557,0
17713,0
10909,0
35299,0
23317,0
12955,0
333,0
2657,0
16570,0
20132,0
9987,0
35941,0
2218,0
6894,0
18852,0
20530,0
23896,0
32519,0
32996,0
6081,0
31188,1
43928,0
39180,0
34933,0
26620,0
10190,0
26108,0
4475,0
4109,0
3398,0
19820,0
21005,0
9849,0
16565,0
42909,1
20505,0
1534,0
11446,0
3769,0
38372,0
36158,0
28955,0
30328,0
34810,0
7286,0
33382,0
33440,0
14624,0
33009,0
22707,0
29594,0
32763,0
42977,1
12330,0
22239,0
19226,0
22873,0
35668,0
44694,1
30862,0
37953,0
4661,0
260,0
24834,0
41745,0
16582,0
8180,0
44464,1
43496,0
8582,0
5969,0
7576,0
42453,0
3350,0
19552,0
831,0
1445,0
37922,0
42347,1
9470,0
29232,0
32396,0
35737,0
30461,0
4767,0
43159,1
12038,0
409,0
3184,0
3090,0
44706,0
20828,0
38692,0
28138,0
44486,1
39418,0
23385,0
337,0
8925,0
40044,0
25529,0
13925,0
31463,0
36769,0
9244,0
30319,0
26408,0
6879,0
18121,0
24553,0
41631,0
37897,0
25624,0
30529,0
22673,0
35365,0
23940,0
15737,0
8105,0
6552,0
13194,0
16313,0
14215,0
21351,0
35831,0
19038,0
38477,1
11710,0
27192,0
9094,0
8317,0
34530,0
3319,0
42329,1
7007,0
20856,1
7801,0
19107,0
33253,0
11986,0
16076,0
34178,0
26352,0
21583,0
20299,0
31774,0
9155,0
37170,0
682,0
26494,0
42466,1
36725,0
34283,0
40212,1
18556,1
40511,0
26250,1
12246,0
21910,0
165,0
15505,0
26526,0
11047,0
16350,0
16933,0
8853,0
35281,0
26908,0
11626,0
38726,0
42409,1
30295,0
31398,1
4428,0
22976,0
39875,1
32952,1
31644,0
32676,0
11837,0
29185,0
13726,0
7631,0
41955,1
29797,0
16446,1
3740,0
19766,1
3743,0
2959,0
35225,0
43860,1
34438,0
2176,0
36732,0
38593,0
32408,0
4372,0
42376,0
38969,0
27382,1
17969,0
43344,0
43022,0
24644,0
11676,0
29905,0
25566,0
37755,0
39218,0
24695,0
6984,0
10436,0
23524,0
35194,0
8741,0
3326,0
16876,0
6328,0
6911,0
5477,0
39014,0
7912,0
10038,0
38563,0
44638,0
1329,0
34506,0
44226,1
1492,0
14850,0
42267,1
22684,0
41816,0
31955,1
34216,0
27282,0
16228,0
36599,1
14372,0
19917,0
2147,0
7588,0
17408,0
963,0
19460,0
5866,1
41979,1
33962,1
12309,0
36424,0
31131,1
1734,0
37081,0
35858,0
33167,0
39086,1
12974,0
30480,0
37943,0
44777,0
32113,0
4592,0
18971,0
30161,0
12178,0
7332,0
11260,0
26567,0
29083,0
40262,1
40797,0
21320,0
21875,0
24325,0
28830,0
1076,0
19238,0
29196,0
12040,0
19140,0
42444,1
15455,0
17100,0
10555,1
1234,0
42271,0
40590,1
8531,0
42080,1
34041,0
2971,0
3643,0
18359,0
31530,0
38579,0
44219,1
26664,0
8089,0
10763,0
43378,0
571,0
32040,0
20513,0
26165,0
4662,0
27045,0
40995,0
6019,0
42488,0
28241,0
6464,0
22615,0
44708,0
44447,1
3872,0
36237,0
36932,0
14877,0
41838,1
8021,1
8039,0
32441,0
38988,0
31980,0
6699,0
210,0
7060,0
31795,0
4631,0
24696,0
34516,0
39254,0
34953,1
39120,0
2258,0
40561,0
1185,0
21437,0
20308,0
5332,0
8017,1
36964,0
18889,0
4214,0
15157,0
43313,1
5405,0
39026,0
43323,1
39692,0
39715,0
17956,0
995,0
3200,0
15738,0
26077,0
33182,0
35551,0
30399,0
22435,0
2936,0
27461,0
206,0
8740,0
2652,0
30941,0
14794,0
12685,1
34862,0
12513,0
21209,1
25394,0
9224,0
42568,0
20812,0
3657,0
1112,0
36137,0
44807,1
38590,0
6255,0
8457,0
5995,0
28080,0
19033,0
12115,0
6704,0
14806,0
4652,0
18605,0
3055,0
33912,1
15848,0
21936,0
794,0
41677,0
27478,0
40770,0
289,0
31488,0
22483,0
2698,0
43033,1
28477,0
43383,1
6213,0
40933,0
14979,0
34822,0
27147,0
4618,0
1431,0
3710,0
12545,0
33134,1
35933,0
40377,0
22108,0
22344,0
24363,1
26654,0
19080,0
5575,1
41997,0
2341,0
31758,1
39501,0
28233,0
42196,1
14231,0
8335,0
13293,0
14702,0
27455,0
25471,1
32871,0
513,0
8506,0
24373,0
13684,0
16427,0
23031,0
326,0
36876,0
1795,1
16770,0
5652,0
34927,0
21324,0
35866,0
37702,0
33267,0
23175,0
22077,0
26248,0
27570,0
43098,0
22764,0
26311,0
7384,0
12644,0
34808,0
18052,0
33379,0
38720,0
2867,0
20685,0
20423,0
38866,0
443,0
8601,0
44796,1
44191,0
13385,0
25842,0
30220,0
3788,0
16372,0
29719,0
23179,0
44856,1
5143,0
11885,0
36919,0
33775,1
26196,0
25264,0
35981,0
7339,0
35284,0
8525,0
19595,0
30128,0
7641,0
23309,0
10232,0
12167,0
3269,0
18376,0
7614,0
39345,0
28621,0
10659,0
37182,0
20859,1
14043,0
41594,0
458,0
4243,0
22616,0
29408,0
8823,0
43096,0
40157,1
33629,1
34983,0
18238,1
38910,0
17070,0
22948,0
2533,0
6466,0
25633,0
42995,1
43560,1
26227,0
11570,0
21591,0
9896,0
37064,0
9514,0
4138,0
33936,0
19801,0
19634,0
15879,0
27740,0
33289,0
17935,0
23567,0
28106,0
42620,1
32533,0
31718,0
31024,0
7990,0
23413,0
6627,0
5858,0
20649,0
6657,0
22774,0
5934,0
33722,1
34339,1
29053,0
7482,0
32610,0
37088,0
10021,0
43811,1
23255,0
3620,0
16942,0
33144,0
37534,0
20098,0
23270,0
44075,0
9885,0
29657,0
11476,0
35591,0
25919,0
20068,0
45000,0
17874,0
12624,0
17486,0
24284,0
6258,0
5305,0
28014,0
25361,0
32229,0
33095,0
10864,0
30956,0
23702,0
6461,0
24205,0
33398,0
25925,1
19067,0
11715,1
37652,0
44266,1
29756,0
36739,0
18466,0
36554,0
23811,0
11828,0
12267,0
38331,0
10771,0
3724,0
5650,0
15468,0
8859,0
9227,0
31436,0
14749,0
39388,0
11112,0
3942,0
38955,1
42669,1
41900,1
13799,1
28447,0
21000,0
20091,0
39144,0
41325,0
10941,0
25966,0
18797,0
16418,0
20838,0
23466,0
33480,0
15871,0
12895,0
36247,0
15516,0
6340,0
17434,0
3583,0
3786,0
136,0
5402,0
42202,0
18717,0
13691,0
15306,0
12117,0
25939,0
34300,0
7911,0
2489,0
4562,0
42917,0
18086,0
21342,0
11633,0
36495,0
526,0
33277,0
13938,0
1452,0
4212,0
26775,0
34532,0
35344,0
27702,0
21743,0
21326,0
4951,0
10173,0
10016,0
23527,0
36092,0
22530,0
19165,0
34214,0
24080,1
6695,0
7242,1
30616,0
16879,0
19295,0
40712,0
20772,0
10390,0
24622,1
38872,0
44668,0
25682,0
4320,0
1015,0
1717,0
31889,0
14539,0
12382,0
24631,0
29428,0
43775,0
34917,0
16128,0
37698,0
32983,0
9456,0
37686,0
3838,0
8689,0
38555,0
23391,0
25547,0
42213,1
416,0
1162,0
8707,0
8649,0
30553,0
38238,0
35051,0
28051,0
24130,1
7794,0
14920,0
36538,1
16317,0
40027,0
28503,0
41825,0
38992,0
7158,0
41617,1
11357,0
41282,0
1213,0
14306,0
10137,0
13267,0
39,0
22626,0
2191,0
27236,0
21572,0
18259,0
22092,0
15279,0
37248,0
45210,0
38256,0
31145,0
4256,0
43106,1
37556,0
8995,0
34374,1
19518,0
27577,0
960,0
9565,0
25577,0
26990,0
37466,0
38855,1
43493,1
22865,0
32582,0
44536,1
214,0
33447,0
21008,0
18760,0
23521,0
25690,0
3658,0
15381,0
29252,0
16251,0
16788,0
30404,0
30107,0
19244,0
6259,0
43430,0
24616,0
31050,1
30445,0
40528,1
13897,0
6594,0
43991,0
27088,1
43789,1
28094,0
30363,0
23129,0
17733,0
35997,0
11692,0
40850,0
3965,0
41121,1
14235,0
18055,0
7468,0
29166,0
43561,1
27568,0
3107,0
2179,0
9709,0
23880,0
31792,0
32439,0
12638,0
25676,0
21092,0
4991,0
13854,0
16421,0
37716,0
31907,0
29013,0
30823,0
38132,0
10075,0
1904,0
8680,0
32561,0
36131,0
30017,0
40259,0
16158,0
44897,0
9106,0
30200,0
17926,1
19419,0
1233,0
10101,0
37021,0
17493,0
17315,0
21308,0
28674,0
25892,0
1279,0
13863,0
4533,0
36055,0
22941,0
15804,0
20450,0
14782,0
86,1
1793,0
1738,0
14415,0
33743,0
2705,0
33219,0
26168,0
44568,0
30926,0
39278,0
41695,1
13821,0
24208,0
7038,0
27656,0
16897,1
10965,0
43053,1
6106,0
41669,0
12780,0
36889,1
1490,0
21852,0
42695,0
42046,1
30044,0
21970,1
12187,0
31401,1
22792,0
17109,0
3463,0
27391,0
32027,1
42762,0
30434,0
29923,0
11586,0
41709,1
30896,0
26451,0
27352,0
9915,0
667,0
5515,1
13556,0
9356,0
1065,0
44387,1
7474,0
27667,0
32383,0
30225,0
6545,0
30909,1
21736,0
25514,0
28427,0
13289,0
28337,0
42770,0
38203,0
19937,0
16345,0
39678,0
29127,0
10067,0
33570,0
18576,0
10380,1
37824,0
6887,0
7351,0
30728,0
42559,1
4002,0
35468,0
5070,0
40671,0
26049,0
19463,0
45046,1
11019,0
23576,0
31125,0
2805,0
13847,0
20961,0
42070,0
1195,0
4515,0
10265,0
39112,0
40270,1
35871,0
7851,1
1412,0
2719,0
32851,0
27758,0
30887,0
32169,0
12699,0
31772,0
20022,0
28062,0
11416,0
15491,0
34180,0
42063,0
23354,0
5407,0
32693,0
8700,0
16353,0
11376,0
23132,0
42646,1
17907,0
12241,0
12276,1
39194,0
19666,1
43633,1
43440,0
17747,0
5764,0
13405,0
34876,0
33940,0
8944,0
5803,1
21790,0
7510,0
30794,0
10136,0
11906,0
33883,0
26681,0
35890,0
6080,0
11199,0
21204,0
39389,0
40723,1
12077,0
1725,0
41719,0
43142,0
25711,0
30911,0
6583,0
26383,0
33515,0
9804,0
5174,1
29931,0
26277,0
34190,0
7848,0
16677,0
30070,0
5758,0
24636,0
7685,0
34156,0
43654,0
42530,0
13388,0
8114,0
29762,0
38757,0
10379,0
27502,0
28042,0
16651,0
3633,0
30532,0
13960,0
39033,0
26164,0
20046,0
44672,0
36248,0
41085,1
8461,0
36722,0
13418,0
16522,0
2671,0
41262,0
23372,0
18213,0
23216,0
36918,0
34772,0
19913,0
40168,0
4812,0
37783,0
8020,0
29557,0
10816,0
7708,0
323,0
32718,0
11133,0
7267,0
1081,0
782,0
15613,0
17052,0
10403,1
21694,0
4481,0
4090,1
2933,0
40895,0
22812,0
40537,1
15080,0
34164,1
24820,0
24903,0
37593,0
25527,0
41490,1
35018,0
17421,0
29637,0
13864,0
4023,0
35746,1
38982,0
14228,0
1750,0
19385,0
30090,0
26744,0
10343,0
13803,0
31968,0
39162,0
26270,1
9844,0
41547,1
41276,1
40785,0
31055,1
650,0
15679,0
16295,0
14736,0
21051,0
12025,0
6723,0
20701,0
40951,0
258,0
14427,0
7953,1
44661,0
36394,0
38852,0
36398,0
12828,0
42336,1
31490,0
304,0
27229,0
7862,0
30052,0
41851,0
40470,0
12164,0
36048,1
40901,0
9905,0
44525,0
20345,0
43290,1
37015,0
7654,0
27466,0
16194,0
38061,0
22090,0
42313,0
28344,0
41557,1
28413,0
16642,0
25334,0
38845,0
20227,1
5855,0
39670,0
14493,0
162,0
10533,0
28839,0
35351,0
21776,0
12555,0
34484,0
21827,0
25317,0
6346,0
2839,0
1238,0
35517,0
44063,1
21707,0
10231,0
37487,0
39805,0
10872,0
23196,0
3548,1
7866,1
32713,1
18392,0
11073,0
28669,0
9801,0
39032,0
36595,1
40383,1
11706,0
15081,0
42615,0
34326,0
39879,1
18152,0
9732,0
39444,0
42781,0
42706,0
14401,0
7961,0
39463,0
13334,0
37967,0
25209,0
30496,0
18732,0
25724,0
17860,0
34239,0
26200,0
17346,0
26426,0
44289,1
4053,0
39234,0
8874,0
26675,0
21037,0
17766,0
32484,0
33520,0
21464,0
36631,0
37717,0
26569,0
12366,0
37725,0
37060,0
34907,0
27609,0
37685,0
26864,0
5089,0
38276,0
30268,0
38294,0
42701,1
15914,0
7723,0
28985,0
18702,0
27058,0
37888,0
1211,0
27121,0
33913,1
6526,0
40624,1
23920,0
9394,0
26768,0
43404,1
35021,0
15029,0
5293,0
14310,0
29651,0
3338,0
29216,0
2911,0
42856,1
36936,0
39226,0
30751,0
2318,0
32884,0
30839,0
10357,0
26476,0
13488,0
14480,0
11880,0
9413,0
21754,0
28258,0
44424,1
27304,0
17194,0
9163,0
4853,0
9510,0
40600,0
28814,0
13247,0
17049,0
38086,0
38752,1
40280,0
9784,0
33538,0
30247,0
33287,0
29754,0
25083,0
23515,0
14412,0
6542,0
360,0
10651,0
15124,0
5147,0
18798,0
18883,0
31234,1
41082,1
40608,0
19539,0
38782,0
25651,0
9696,0
33776,1
8807,0
152,0
11466,0
35841,0
12526,0
29235,0
33967,1
23111,0
24426,0
17881,0
6971,0
36807,0
33669,0
21700,0
17134,0
28775,0
41713,0
9003,0
22701,0
17465,0
13865,0
14351,0
26900,0
14365,0
36858,0
32111,1
14171,0
28594,0
19406,0
2669,0
11931,0
34611,0
41939,1
11567,0
19314,0
27208,0
34264,0
30605,0
35796,0
40944,0
38840,0
12477,0
7831,0
18491,0
30458,0
26116,0
27085,0
2513,0
17017,0
42790,1
24277,0
16737,0
28286,0
14750,0
37059,0
23631,0
34328,0
18357,0
13890,0
29090,0
18541,0
40640,1
17550,0
31219,1
43919,0
611,0
5951,0
7727,0
31034,0
16534,0
23879,0
30989,0
6671,0
3817,0
4612,0
1611,0
14453,0
17068,0
21519,0
32706,0
24525,0
25295,0
34395,0
19496,0
31621,0
8184,0
35247,0
34805,0
14168,0
30793,0
43577,1
21394,0
24965,0
12151,0
7872,0
1819,0
3540,0
6382,0
26230,0
44762,1
7415,0
5450,0
2335,0
34885,0
42648,0
37214,0
42169,1
645,0
20411,0
40441,1
35112,0
31135,1
13440,0
15587,0
96,0
27392,0
31040,0
3824,0
28587,0
41188,0
15790,0
35484,0
35407,0
41303,1
6906,0
28166,0
24037,0
36172,0
1379,0
31424,0
20374,1
38851,0
38495,0
31521,0
4205,0
21007,0
23719,0
19228,0
42177,1
34409,0
35691,0
23592,0
17482,0
15867,0
37032,0
10417,1
38358,0
8193,0
35420,0
3955,0
17649,0
20390,0
29566,0
2833,0
20293,0
2511,0
19451,0
28231,0
31487,0
43795,0
32911,0
41306,1
5725,0
31257,1
16779,0
28384,0
25554,0
26820,0
35543,0
31750,0
29847,0
15239,0
11374,0
15241,0
176,0
10588,0
35321,0
17639,0
5123,0
5588,0
251,0
33194,0
18020,1
9200,0
18426,0
17878,1
28122,0
11954,0
40711,0
33566,0
22708,0
33425,0
40220,1
5684,0
4591,0
27111,0
4367,0
606,0
40596,1
2233,0
32350,0
27414,0
41663,0
2755,0
17230,0
32954,0
36860,0
13824,0
34777,0
32789,0
8803,0
27103,0
31533,0
27984,0
14265,0
35693,0
26928,0
26336,0
5323,0
33847,0
26026,0
42562,0
38446,0
5371,0
15862,0
38139,0
19286,0
925,0
38361,0
24767,0
22700,0
31116,1
17006,0
26160,0
21677,0
38897,0
7453,0
36526,0
40546,1
38960,1
25968,0
11982,0
18092,0
32231,0
35953,0
38730,0
36675,0
2753,0
37221,0
21028,0
21253,0
3935,0
26458,0
21316,0
3178,0
28011,0
24440,0
37653,0
34936,0
19955,0
33472,0
34186,1
24138,0
30852,0
19208,0
33332,0
955,0
1354,0
9150,0
21916,0
12976,0
30352,0
23810,0
101,0
25374,0
4956,0
9205,1
22613,0
25745,0
27337,0
24382,0
8042,0
40365,0
30343,0
35813,0
29792,1
34419,0
751,0
23999,0
7069,0
26593,0
6634,0
8013,0
37437,0
44645,0
20832,0
11248,0
11333,0
40242,0
41546,0
14593,0
39538,0
33559,0
17867,0
29241,0
41437,1
15273,0
3818,0
1036,0
12041,0
18157,0
28582,0
9354,0
39205,0
41055,0
26880,0
27271,0
11970,0
10687,0
44591,0
12286,0
35068,0
18589,0
18263,0
39215,0
37648,0
10290,0
29419,0
4142,0
24364,0
4626,0
24901,0
33911,1
32471,1
3864,0
6622,0
2374,0
7276,0
11924,0
18698,0
5787,0
31688,0
35010,1
19772,0
44840,0
34373,0
3346,0
35107,0
41317,0
5783,1
12173,0
16880,0
34776,0
22195,0
43063,0
19556,0
25512,0
30332,0
16495,0
20781,0
41814,0
33142,0
19141,0
25918,0
24769,0
22147,0
4009,0
6815,0
43438,0
38141,0
22350,0
25178,0
14189,0
43401,0
15178,0
6087,0
16217,0
500,0
1706,0
23942,0
33358,0
8282,0
14814,0
27680,0
34528,0
1861,0
13399,0
13167,0
5523,0
17084,0
5557,0
5189,0
28595,0
43592,0
21527,0
42566,1
23477,0
10000,0
169,0
36004,0
5540,0
35456,0
8346,0
33446,0
16744,0
32318,0
29472,0
40394,1
15808,0
21544,0
38137,0
42300,0
34251,0
34207,0
42337,1
10431,0
1867,0
12899,1
1423,0
20737,1
12960,0
34458,0
40452,0
6163,0
42124,0
13104,1
43192,1
32454,0
30838,0
39591,0
26970,0
30712,0
247,0
41261,0
29149,0
6306,0
928,0
30813,0
12239,0
45066,1
2612,0
10360,0
40240,0
22929,0
26571,0
29024,1
25959,0
17834,0
3226,0
4250,0
3944,0
37794,0
21548,1
42442,0
2197,0
31211,0
24406,0
12654,0
8293,0
19743,0
12791,0
31434,1
33612,0
35335,0
24932,0
6385,0
6922,0
44642,1
10878,0
37726,0
20880,0
9573,0
21238,0
38391,0
7075,0
31344,0
10690,0
4446,0
39755,0
11225,0
32342,0
41519,0
4997,0
20475,0
9381,1
41472,1
22566,0
38258,0
13107,1
6961,0
32793,0
18448,1
24713,0
37430,0
43396,1
16845,0
41551,0
34033,0
22800,0
43716,1
3667,0
634,0
22579,0
7457,1
12519,0
37254,0
31447,1
24699,1
44523,0
1155,0
42003,0
18954,0
39804,0
17110,1
22829,0
21879,0
4882,0
16430,0
3295,0
25385,0
29632,0
18916,0
1497,0
38954,0
27509,0
24916,0
14901,0
19201,1
29644,0
9545,0
24428,0
9144,1
45172,0
2466,0
20092,0
1439,0
20776,0
28508,0
12730,0
1322,0
21407,0
34887,0
23298,0
14992,0
39285,0
21050,0
23791,0
36322,0
9659,0
30552,0
13469,0
8090,0
9985,0
94,0
1044,0
20570,0
34783,0
22329,0
23259,0
34017,1
35109,0
24573,0
37956,0
21141,0
34163,1
39514,0
10950,0
799,0
44442,1
18313,0
30747,1
20141,0
16762,1
20131,1
6239,0
13511,0
29437,0
13807,1
33542,0
35488,0
1561,0
10319,0
25376,0
3775,0
11674,0
38455,0
44242,0
24118,0
19844,0
13136,0
43027,0
35005,0
8878,0
7354,0
38635,0
34336,1
26359,0
4790,0
32862,0
11161,0
39045,0
17701,0
44687,1
35277,0
29999,0
13583,0
29473,0
9933,0
13212,0
6335,0
20712,0
759,0
30808,0
34645,0
24107,1
9212,0
18429,0
2441,0
37009,0
21509,0
31041,0
41122,1
29318,0
11997,0
35540,0
29944,1
41071,1
3585,0
43929,1
32739,0
8150,0
32097,0
29952,0
31618,0
43502,0
9618,0
9997,0
6569,0
28131,0
5239,0
39250,0
31499,0
41737,1
718,0
9411,0
22362,0
15320,0
41491,0
16536,0
4636,0
42012,1
38662,0
26292,0
24742,0
6663,0
30832,0
30054,0
8269,0
4417,0
41500,0
38765,1
100,0
27639,0
18727,0
43552,1
17599,0
13711,0
36957,0
22454,0
17893,0
2221,0
26991,0
13553,0
42220,1
28246,0
45083,1
36912,0
35381,0
31428,0
31172,0
48,0
31365,0
35405,0
43088,1
20909,0
22383,0
32344,0
13009,0
41647,0
21246,0
41251,0
27642,0
20195,0
10146,0
43830,0
42332,1
27581,0
6492,0
43319,1
25834,0
14566,0
37455,0
44725,1
25331,0
35713,0
27063,0
14433,0
21207,1
17863,0
7506,0
41911,1
20333,0
23202,0
40916,0
36272,1
37622,1
27023,1
27295,0
14578,0
5712,0
2775,0
13313,0
2451,0
2992,0
21210,0
7637,1
13501,0
29861,0
34712,0
38581,0
9501,0
25453,0
30146,0
40894,0
29661,0
16777,0
35336,0
12110,0
4052,0
43934,1
37972,0
10309,0
22140,0
43003,0
26456,0
43164,1
10120,0
38204,0
9743,0
26249,0
18293,0
20185,0
3546,0
33555,0
43389,0
22837,0
14382,0
18914,0
38109,0
25296,0
39573,0
34382,0
693,0
19293,0
9780,0
37721,0
16363,0
21365,0
23161,0
8921,0
14488,0
36295,0
9447,0
13628,0
7755,0
894,0
3696,0
28817,0
40381,0
28402,0
30683,0
16380,0
37066,0
42360,1
4033,0
30204,0
9122,0
24188,0
1696,0
38512,0
21135,0
16414,0
26334,0
8757,0
18582,0
24740,0
12690,0
18209,0
9198,0
38187,0
44955,0
40826,0
26876,0
30215,1
27916,0
7514,0
44574,0
22741,0
28434,0
28268,0
30211,0
12058,0
21431,0
40946,0
12397,0
12669,0
38679,0
30277,0
38082,0
12481,0
14145,0
30421,0
35295,0
32830,0
40706,1
38472,0
30349,0
42962,1
3123,0
18042,1
11080,0
43857,0
14694,0
17792,0
16220,0
34144,0
6266,0
17347,0
11237,0
23025,0
22655,0
2689,0
34421,0
28639,0
32778,0
28976,0
23947,0
23172,0
14635,0
7647,0
14918,0
7113,0
30513,0
38355,0
39832,0
33476,0
10013,0
24184,0
18180,0
1669,0
13010,0
12444,0
18745,0
1102,0
42580,1
5779,0
861,0
25240,0
3912,0
8548,0
2461,0
34252,0
15758,0
44237,0
11493,0
44970,1
42672,0
33497,0
15968,0
24548,0
9196,0
20361,0
29693,0
27799,0
26235,0
29390,0
44728,0
34581,0
23971,0
13454,0
37422,0
2249,0
39242,0
33944,1
1943,0
42567,1
27491,0
30890,0
23246,0
33671,0
27178,0
31773,0
12451,0
11824,0
7211,0
30691,0
34600,0
7163,0
16218,0
27952,0
10445,0
11649,0
7882,0
2149,0
19443,1
41520,0
34302,1
15252,0
16704,0
37277,0
40562,0
5127,0
6571,0
15431,0
20645,1
44654,1
42117,1
35223,0
21353,0
30006,0
4087,0
32366,0
21111,0
33073,0
27181,0
17479,0
22044,0
35677,0
44428,1
40547,0
23642,0
31376,0
12832,0
28560,0
30697,0
15704,0
10765,0
44813,1
36766,0
16058,0
39687,0
38233,0
14838,0
20332,0
29680,0
4078,0
2640,0
34171,0
41653,0
18221,0
35354,0
24270,1
38961,0
35597,0
4285,0
22584,0
1355,0
7748,0
26732,0
18735,0
26231,0
32143,0
5227,0
19541,0
11789,0
15008,0
22129,0
15882,0
166,0
19436,0
22117,0
42289,0
578,0
11963,0
41023,0
36705,0
26216,1
3754,0
28872,0
39921,1
6973,0
26201,0
27745,0
43151,1
26685,0
42714,0
40334,1
14981,0
20377,0
28353,0
42732,0
37633,0
13735,0
29206,0
1775,0
27924,0
26268,0
34986,0
41244,0
38488,0
16173,0
8826,0
42178,1
16287,0
25678,0
29464,1
21871,0
6293,0
43753,0
10661,0
7084,0
28161,0
20483,1
27890,0
13805,0
8784,0
7997,0
16990,0
14925,0
18856,0
16969,0
10703,0
42333,1
579,0
44125,0
22646,0
27645,1
19260,0
2841,0
44165,0
40555,1
19534,0
14863,0
44524,1
20729,0
35459,0
11825,0
34358,0
22649,0
8565,0
1002,0
15446,0
16772,0
17138,0
26284,0
40418,0
29597,0
37467,0
12515,0
37468,0
22409,1
20442,0
36537,0
13188,0
10118,0
22291,0
21414,0
34284,0
13665,0
5419,0
21930,0
38633,0
10899,0
41915,0
12811,0
26431,0
29385,0
35216,0
41961,1
20658,0
7104,0
3866,0
39904,0
3113,0
28706,0
5683,0
14301,0
19908,0
1908,0
40372,0
27358,0
39446,0
28935,1
43374,0
30634,0
8745,1
17299,0
30045,0
11252,1
16869,0
16014,0
7413,0
34519,0
1895,0
43840,1
13040,0
39441,0
12843,0
36646,0
17737,0
13309,0
38165,0
15529,1
3335,0
15259,0
16588,0
6598,1
4718,0
28180,0
16008,0
11542,0
32186,0
2049,0
18473,0
12906,0
30101,0
32395,0
1951,0
26719,0
26243,0
15103,0
30405,0
1286,0
1556,0
10617,0
2737,0
42751,0
27522,0
20599,0
44858,1
23394,0
44952,0
42049,1
10389,0
34585,0
13635,0
28279,0
12779,0
13196,0
25946,0
14630,0
226,0
3476,0
34036,0
3265,0
18668,0
40888,0
24464,0
6708,0
30621,0
6287,0
43575,1
28689,1
9034,0
19105,0
12037,0
13669,1
4961,0
1093,0
16341,0
4284,0
39378,0
22181,0
28847,0
24861,0
35176,0
27078,0
42556,0
32754,0
42278,1
29226,0
40040,0
3915,0
5133,0
42184,1
34416,0
9928,0
26470,0
37891,0
42463,0
772,0
39726,0
17368,1
39093,1
21066,0
13017,0
18144,0
17116,0
15093,0
32704,0
37985,0
19935,0
19492,0
15267,0
19581,0
9703,0
28103,0
120,0
3837,0
27089,0
21614,0
43097,0
11275,0
36152,0
5214,0
25866,0
8897,0
42460,1
13231,0
26809,0
22267,1
34266,0
27209,0
27071,0
19505,0
5715,0
37568,0
7311,0
15744,0
34910,0
20224,0
5925,0
35047,0
32925,0
44427,0
122,0
32472,0
11617,1
1719,0
17614,0
15024,0
12887,0
16517,1
2239,0
13886,0
16993,0
25826,0
18930,0
34799,0
13677,0
14202,0
35126,0
5108,0
5785,0
30761,0
25779,0
24124,1
38388,0
3101,0
14236,0
19510,0
31129,1
11778,0
13797,0
16071,0
21570,0
35486,0
29260,0
36868,0
7525,0
3727,0
10667,0
3688,0
13072,0
34077,1
43540,1
12219,0
2326,0
35229,0
26088,0
21982,0
39011,0
25621,0
29877,0
44162,1
33750,0
12488,0
11418,0
35106,0
38714,0
27804,0
40046,0
23169,0
25800,0
12035,0
22457,0
41799,0
19273,0
34092,0
32836,0
41605,1
20234,0
4656,0
32769,0
27685,0
5076,0
32822,0
41337,0
32218,0
33854,1
23192,0
28189,0
13743,0
8177,0
5541,0
30089,0
20643,1
27594,0
18011,0
31151,0
4935,0
29638,0
41463,0
23416,0
1461,0
8858,0
35170,0
41790,0
19843,0
13686,1
11469,0
35242,0
12375,0
43048,1
34544,0
27613,0
15776,0
40206,0
14499,0
2345,0
7682,0
16977,0
16268,0
3121,0
30150,0
2695,0
59,0
28920,0
32428,0
21947,0
26105,0
26964,0
12193,0
11382,0
21907,0
16922,0
17815,0
10023,0
35972,0
13525,0
13655,0
22550,0
1701,0
39892,0
42966,1
6744,0
17948,0
42500,0
35633,0
6452,0
16838,0
9597,0
4917,0
18315,0
13435,0
5808,0
22709,0
29487,0
31357,0
2228,0
7895,0
36817,0
41622,0
10142,0
26695,0
26127,0
30336,0
15741,0
26971,0
45189,0
11609,0
15807,0
1287,0
28407,0
19022,1
14251,0
1171,0
26377,0
13331,0
38205,0
2493,0
23009,0
13487,0
6506,0
22553,0
39160,0
43976,0
4897,1
9606,0
5505,0
28072,0
43772,1
14229,0
30578,0
14617,0
39490,0
13178,0
27226,0
886,0
8674,0
42250,0
23436,0
7178,0
4213,0
18355,0
6159,0
17349,0
36790,0
27569,0
18492,0
13154,0
27768,0
39905,1
14361,0
15335,0
32551,0
15676,0
30420,0
37149,0
45057,1
26984,0
38716,0
39357,0
40059,0
36968,0
37908,0
43528,1
5286,0
23437,1
32450,0
1992,0
10997,0
7513,0
17424,0
31322,0
37753,0
139,0
37185,0
6102,0
29387,0
6509,0
23013,0
42797,0
39273,0
18201,0
44688,0
30423,0
19139,0
517,0
26193,1
8348,0
39353,0
10248,0
14111,0
25446,0
30374,0
42986,1
19543,0
7764,0
37575,0
4458,0
32844,0
8465,0
44446,0
34934,0
7864,0
34183,0
22841,0
15358,1
20386,1
1919,0
41671,0
31610,0
16954,0
42685,0
26361,0
1679,0
7103,0
2470,0
25370,0
9892,0
36915,0
20891,0
32679,1
8648,0
11201,0
17192,0
35654,0
6763,0
39251,1
9605,0
38197,0
31561,0
37655,0
26253,0
30895,0
34597,0
43619,1
24893,0
7022,0
20905,0
4000,0
4818,1
26848,0
35288,0
12245,0
2174,0
9432,0
34875,0
11279,0
27410,0
29495,0
23800,0
16541,0
5797,0
39484,1
16355,0
30940,0
25839,0
22720,0
10259,0
21897,0
39931,1
29399,0
40722,0
22376,0
37077,0
41945,1
22234,1
14360,0
17450,0
34716,0
15869,0
8418,0
5980,0
30505,0
20452,0
39834,0
38694,1
5318,0
7783,0
9107,1
23985,0
4044,0
21487,0
14986,0
21235,0
11224,0
34318,0
9897,0
20359,0
2589,0
11891,0
29244,1
33955,0
3052,0
35927,0
3206,0
9720,0
32387,0
27627,0
38691,0
43986,0
9269,0
4637,0
26323,0
14127,0
15915,0
5929,0
17481,0
2703,0
10908,0
4478,0
43409,1
14645,1
23454,0
6367,0
15311,1
14483,0
10896,0
17970,0
2961,0
10328,0
14320,0
25408,0
44949,0
36014,0
27938,0
4945,0
29526,0
33184,0
30481,1
9953,0
14465,0
36155,0
22216,0
22983,0
41835,0
32292,0
36082,0
24878,0
15578,1
8041,0
7793,0
39830,0
17234,0
24432,0
11621,0
7566,0
25481,0
16193,0
30738,0
12632,0
15059,0
23440,0
6566,0
38697,1
37035,0
24764,0
18725,0
6846,0
12491,1
25105,0
40200,1
31699,0
17021,0
11372,0
22900,0
33695,0
39352,0
19776,0
23206,0
31170,0
1347,0
32352,0
37222,0
30730,0
7139,0
12251,0
26403,0
25048,0
30092,0
1316,0
2849,0
36680,0
37220,0
24992,0
44922,0
27715,1
32182,0
41021,1
22927,0
6724,0
7263,0
36627,0
6943,0
29463,0
10191,0
30988,0
2386,0
42494,0
529,0
15972,0
39945,0
13021,0
9127,0
35147,0
42928,0
20324,0
18859,0
11141,0
2379,0
34345,0
15115,0
34016,0
41350,0
20730,0
15940,0
27813,0
11393,0
3730,1
2905,0
34477,0
33421,0
1563,0
35495,0
21835,0
22434,0
17778,0
24029,0
17111,0
10800,0
17786,0
7705,0
23144,0
22659,0
29650,0
11349,0
32855,0
30932,0
30465,0
22569,0
20990,0
28806,0
37911,0
33879,1
28526,0
32509,0
20552,0
44562,0
1261,0
9353,0
18076,0
36143,0
22490,0
35357,0
32220,0
3659,0
27010,0
27676,0
32414,0
38285,0
10549,0
29948,0
21233,0
9591,0
19934,0
43429,1
14739,0
35502,0
25619,0
39521,1
14781,0
32299,0
20271,1
19352,0
20882,1
28699,0
41445,0
40479,1
35682,0
7352,0
22815,0
5598,0
10785,0
22660,0
34347,0
25114,0
33784,0
30015,0
22632,0
41501,0
7391,0
18772,0
17091,0
4789,0
42472,1
32589,1
35777,0
39527,1
11407,0
14116,0
6167,0
10462,0
11282,0
14577,0
126,0
35024,0
19424,0
33426,0
42590,0
43656,0
28234,0
19720,0
3225,1
5561,0
14197,0
16669,0
3327,0
1721,0
13256,0
20938,0
17064,0
10671,0
5932,1
24338,0
30585,0
9717,0
35491,0
6446,0
36651,0
11388,0
34449,0
11883,0
26467,0
28005,0
23377,0
32214,0
779,0
31935,0
29488,1
25862,0
11905,0
5422,0
29518,0
31949,0
17728,0
35402,0
36065,0
37319,0
7867,0
30472,0
14610,0
26124,0
33375,0
11856,0
33484,1
14014,0
24940,0
16118,0
20923,0
25823,0
14549,0
1335,0
12738,0
8492,0
26580,1
27772,0
39223,0
44576,0
17739,0
37734,0
36802,0
17802,0
40125,0
9292,0
25665,0
43391,0
4731,0
19846,0
34562,1
43056,0
31134,1
23781,0
16190,0
12464,0
42087,1
26631,0
15067,0
9301,0
39614,0
42702,0
12588,0
14961,1
34271,0
1724,0
5438,0
4816,0
18050,1
2440,0
24523,0
15642,0
28790,0
6205,0
7451,0
978,0
38120,0
34322,1
30306,0
44455,1
39686,1
1232,0
9415,0
17303,0
20941,0
28517,0
34552,0
31062,0
32388,1
40754,0
64,0
13516,0
39497,0
20725,1
27842,0
17393,0
20384,0
28649,0
3721,0
17114,0
12064,0
40792,0
38345,0
11079,0
2068,0
5079,0
29977,0
25923,0
41277,0
35756,0
30856,0
1938,0
16387,0
44221,0
27760,0
1031,0
35214,0
31511,0
40230,0
23866,0
27297,0
4032,0
5058,0
4402,1
16060,0
9610,0
21101,0
31787,0
27858,0
5391,0
30779,0
28334,0
43189,1
32962,0
23151,0
27765,1
18898,0
3553,0
24185,0
15047,0
25821,0
32443,0
8584,0
16806,0
2309,0
671,0
23743,0
8443,0
26190,0
36788,0
38280,1
29183,0
41874,0
43112,0
27622,0
25906,0
44704,0
34811,0
4448,0
27404,0
4267,0
38321,0
25456,0
30643,0
13785,0
14288,0
27724,0
33047,0
17595,0
34794,1
31123,1
45162,1
5448,0
42999,1
24145,0
13137,0
2190,0
30002,0
24086,0
19805,0
40909,0
2405,0
40451,1
38893,0
42093,0
31669,0
41340,1
8633,0
28502,0
4049,0
40843,0
44639,0
45132,0
4932,0
13278,0
13220,0
45120,1
1478,0
26150,0
9044,1
31585,0
41129,0
24777,0
1101,0
13545,1
5211,0
10541,0
19911,0
3131,0
34825,0
17129,0
15884,0
37246,0
839,0
39161,0
2796,0
43868,1
30223,0
32201,0
3458,0
141,0
6969,0
41498,1
23070,0
8977,0
29381,0
34914,0
347,0
15756,0
15392,1
28769,0
40435,0
13786,0
44117,0
40457,1
6813,0
10725,0
40352,0
12285,0
626,0
34895,0
2325,0
2710,0
13867,0
9962,0
5735,0
39649,0
6476,0
31316,1
14291,0
39582,1
19831,0
9917,0
31707,0
18064,0
27775,0
37329,0
14380,0
43081,1
27574,1
42513,1
43356,1
16035,0
3287,0
38381,0
23297,0
17568,0
2535,0
9843,0
25844,0
28766,0
4647,0
13280,0
32211,0
25177,0
39401,0
19108,0
16572,0
19992,0
18264,0
39203,0
9250,0
1069,0
16109,0
17912,1
27155,0
27284,0
6193,0
11152,0
29679,0
35844,0
14517,0
42396,0
27308,0
21525,0
31079,0
23236,0
34690,0
16148,0
4741,0
37299,0
16395,0
10511,0
7541,0
34450,0
20456,0
7579,0
16960,1
15580,0
33983,1
23759,0
25811,0
37263,0
7689,0
1835,0
28041,0
14179,0
38567,0
15001,0
27497,0
37763,0
19458,0
23760,0
17596,0
3140,0
42173,1
2873,0
30131,1
41964,0
38219,0
41541,0
5359,0
2927,0
35635,0
42904,1
37203,0
37119,0
1671,1
18189,1
5430,0
29151,0
29131,0
36791,0
34511,0
25525,0
15163,0
7604,0
26465,0
6042,0
27265,0
15176,0
43670,1
42870,1
37980,0
11231,0
43152,0
11286,0
22382,0
18815,0
36117,0
10302,0
29214,0
9886,0
10333,0
30547,0
34571,0
42835,1
20140,0
6501,0
8270,0
24058,1
18676,0
36214,0
29311,0
17228,1
43074,1
3066,0
6169,0
13080,0
44268,1
34327,0
24817,0
18246,0
34570,0
3127,0
37860,0
43200,0
19748,0
44008,1
34883,0
33895,0
41329,0
37700,0
15292,0
33703,1
3683,0
35605,0
12292,0
43108,0
22406,0
24755,0
19683,1
39536,0
12868,0
18979,0
2865,1
26436,0
30005,0
5025,0
7992,0
26183,0
34760,0
44153,1
2421,0
18665,0
40370,1
8554,0
8993,0
37715,0
10993,0
42370,1
27824,0
3341,0
27860,0
26251,1
12925,0
39952,1
26574,0
30043,0
19906,0
21684,0
40042,0
15835,0
1876,0
17664,0
19861,0
35022,0
17312,0
10464,0
5009,0
38642,0
16598,1
29853,1
40078,0
40312,0
40434,1
43983,0
33633,0
9652,0
14976,0
18734,0
9519,0
3945,0
22676,0
7110,0
39773,1
22604,0
7436,0
19786,0
35108,0
25397,0
24200,0
3952,0
36282,0
20130,0
5125,0
28869,0
42354,0
10141,0
43706,1
9016,0
23839,0
9668,0
3789,0
1106,0
33678,0
33511,0
68,0
18983,0
19983,0
30011,1
41826,0
11094,0
18559,0
10923,0
25375,0
9859,0
6572,0
29561,0
45016,0
1014,0
7109,0
33260,0
14383,0
36489,0
22664,0
41972,0
13451,0
33467,0
9326,0
29087,0
2848,0
3104,0
22958,0
26434,1
33516,0
32081,0
24725,1
35761,0
20740,0
14801,0
17987,0
7027,0
26496,0
41569,1
43711,1
41442,0
20319,0
34802,0
34428,0
7702,0
36275,0
33220,0
12645,0
39135,0
27806,0
37384,0
41506,1
18416,0
33307,1
26760,0
41097,0
17628,0
41446,0
24860,0
40960,0
15690,1
9344,0
37664,0
38092,0
21829,0
13346,0
3024,0
39684,0
12345,0
12229,0
42055,1
28627,0
22096,0
45036,0
23324,0
15645,0
28214,0
17051,0
17467,0
10822,0
13806,0
41431,0
16088,0
26475,0
2269,0
30155,0
13975,0
38289,1
1056,0
15989,0
12560,0
38368,0
7906,0
12869,0
78,0
6397,0
15646,0
28520,0
14595,0
22345,0
3146,0
32210,0
21906,0
40127,1
12745,0
7701,0
17404,0
15308,0
44678,0
22247,0
10975,0
8383,1
5173,0
679,0
3477,0
39765,0
39107,1
36471,0
11958,0
1845,0
30252,0
32978,0
39972,1
8197,0
42285,1
35355,0
8772,0
29499,1
37230,0
8218,1
14841,1
16197,0
19464,0
10736,0
8795,0
39068,0
12414,0
30123,0
22103,0
21300,0
15434,0
17852,0
42421,0
42379,0
9320,0
24321,0
38222,0
31085,1
2534,0
16870,0
42142,1
20920,0
35610,0
5400,0
6129,0
15375,0
42114,0
8986,0
15591,0
23239,0
23005,0
28046,0
23060,0
17517,0
29036,1
21489,0
24276,0
23333,0
15327,0
22395,0
15687,0
35157,0
28950,0
4832,0
34108,1
22158,0
10758,0
8895,0
25638,0
12153,0
31886,1
41612,0
39336,0
9438,0
44587,0
10906,0
20466,0
20911,0
29629,0
8425,0
33789,0
28182,0
3293,0
10715,0
38001,0
13376,0
18667,0
40346,1
28959,0
36034,0
34377,0
32147,0
33117,0
5704,0
26242,0
22280,0
18713,0
37898,0
35152,0
5210,0
560,0
24750,0
9776,0
29758,0
35362,0
18150,0
29033,0
6675,0
3060,0
33146,0
24110,0
26550,0
40806,0
35535,0
35181,0
25618,0
15640,0
22699,0
41069,0
11381,0
29612,0
40848,0
37554,0
9797,0
5471,0
26395,0
12752,0
43109,1
16183,0
41746,0
14335,0
10803,0
30821,0
25229,0
24873,0
9231,0
3274,0
34630,0
996,0
19812,0
6765,0
39555,0
8860,0
3853,0
7691,0
14275,0
25100,0
25091,0
31548,0
27512,1
8533,0
24430,0
7797,0
8949,0
19622,0
23801,0
1665,0
1324,0
414,0
38365,0
8965,0
1097,0
11933,0
25995,0
31142,1
6316,0
739,0
43055,1
16932,0
24880,0
26888,0
26868,0
38799,0
5380,0
12047,0
19351,0
19924,1
42896,0
33840,0
1387,0
27562,0
38069,0
31244,1
26850,0
21935,0
20187,0
13532,0
17369,0
6472,0
3636,0
28275,0
28395,0
14330,0
10945,0
27917,0
38501,1
18110,0
32420,0
29174,0
3778,0
30263,0
19021,0
15926,0
43788,1
18191,0
25549,0
9566,0
16439,0
334,0
8031,0
44822,0
2691,0
4048,0
6380,0
36591,0
29358,0
30132,0
17443,0
35143,0
5048,0
33768,1
34559,0
14450,1
1558,0
21159,0
29955,0
42679,0
9235,0
18924,0
34937,1
18149,0
2231,0
24657,0
41675,1
5300,0
29315,0
19531,0
15264,0
28206,0
43863,0
13535,0
37690,1
9388,0
2297,0
34962,0
12147,0
25459,0
34152,1
4238,0
756,0
17223,0
3333,0
40261,0
30597,0
28732,0
19730,1
2683,0
9215,0
27110,0
25588,0
33408,0
17729,1
25913,0
24515,0
11857,0
17397,0
23120,0
43981,0
19319,0
44628,0
35447,1
154,0
37519,0
35095,0
14147,0
26362,0
3053,0
21963,0
23167,0
24235,0
17674,0
9247,0
20099,0
22323,0
41733,0
16026,0
9963,0
31829,0
41995,1
12977,0
30573,0
8814,0
5432,0
16829,0
21863,0
39932,0
22801,0
38292,0
34117,0
23133,0
33265,0
2808,0
28156,0
21933,0
1032,0
1142,0
13961,0
37223,0
44107,0
13639,0
23014,0
37046,0
25001,0
39486,0
16351,0
18009,0
42965,1
16885,1
38040,0
14068,0
10905,0
27974,0
44901,0
16031,0
16081,0
43675,1
41668,0
10322,0
22590,0
21118,0
36431,0
24298,0
24772,0
21064,0
23730,0
35083,0
12255,0
3037,0
31006,1
7879,0
7636,0
19736,0
8206,0
5677,0
22820,0
36454,0
25548,0
10218,0
12919,0
7805,0
11182,0
26882,0
43735,0
4524,0
30959,1
29042,0
35759,0
11180,0
31948,0
14443,0
18084,0
10607,0
23588,0
4304,0
43451,1
21062,0
45078,1
28893,0
31794,0
28610,0
36822,0
446,1
30893,0
17682,0
15161,0
38506,0
24915,0
29138,0
36531,0
24134,1
2667,0
40471,0
2840,0
16061,0
17143,0
9,0
16001,0
7611,1
37896,1
38848,0
24806,0
27761,0
23638,0
37525,0
14243,0
22784,0
4206,0
33221,0
3242,0
14001,0
17269,0
24783,0
43417,1
13240,0
22994,0
20060,0
18450,0
15282,0
35014,0
12572,0
4981,0
44031,0
20065,0
1020,0
40734,1
37745,0
23531,0
32265,1
21468,0
39061,0
29220,0
24814,0
34955,0
7375,0
22970,0
23340,0
17179,0
36633,0
20462,0
15463,0
18346,0
20482,0
3336,0
21311,0
38908,0
34575,1
38526,0
36620,0
5993,0
43257,1
44677,0
39504,0
25445,0
508,0
44592,0
25509,0
3712,1
26330,1
24782,1
3900,0
21904,0
39190,0
10358,0
13369,0
30613,0
27379,0
39937,1
1877,0
39474,1
28774,0
26045,0
26851,0
24399,0
25026,0
36153,0
32532,0
23756,0
5347,0
3459,0
25258,0
11082,0
8278,0
13449,0
39009,1
43267,0
28196,0
28916,0
33518,1
329,0
28500,0
8154,0
1245,0
2715,0
14065,0
3166,0
43095,0
35599,0
15426,0
24444,0
31831,1
29757,0
14768,0
20957,0
45029,0
31803,0
16238,0
33952,0
35120,1
11322,0
7820,0
16706,0
41058,0
42851,1
35380,0
10018,0
2375,0
34923,0
43536,1
39785,0
25110,0
8869,0
33346,0
4261,0
28169,0
51,0
18383,0
38125,0
2855,0
43798,0
37144,0
17410,0
4653,0
36279,0
19864,0
12946,0
25592,0
41732,0
19922,1
8043,0
44130,0
8256,0
38732,1
44979,1
3823,0
20200,0
3451,0
39847,1
7516,0
5968,0
9038,0
7788,0
4875,0
26066,0
3590,0
5027,0
12622,0
41771,1
12278,0
17622,0
37875,0
34410,0
36330,0
5482,0
28243,1
40652,0
7190,0
12581,0
480,0
34413,0
13142,0
39518,1
19870,0
6681,0
8152,0
34465,0
13737,0
17245,1
41038,1
27435,0
8511,0
10621,0
14767,0
3466,0
34673,0
656,0
28583,0
41841,1
7255,0
29034,0
40740,0
7721,0
35323,0
9561,0
20282,0
39071,0
26722,0
8324,0
37316,1
15003,0
27482,0
17451,0
3044,0
11563,0
14675,0
18164,0
14373,0
15717,0
8148,0
19264,0
9031,0
12844,0
5833,0
36222,0
15860,1
7706,0
44909,0
11190,0
19427,0
25366,0
44620,0
17318,0
12194,0
1426,0
34502,1
4937,0
29373,0
16801,0
33811,0
37714,1
180,0
24309,0
2572,0
40041,0
41556,1
33091,0
29684,0
20280,0
13853,0
30565,0
2268,0
16120,0
19515,0
30948,0
22533,1
36545,0
7441,0
10953,0
32331,0
33487,0
13761,0
31295,1
21456,0
22052,0
39551,0
24436,0
24153,0
42355,0
24502,0
36644,0
40904,1
17161,0
27003,0
5275,0
39200,0
35329,0
25419,0
45175,1
8624,0
9593,0
2636,0
39373,0
10665,0
22015,0
31567,0
20542,0
11085,0
4786,0
41619,0
2565,0
2696,0
3420,0
24993,0
40898,0
19130,0
24486,0
3234,0
21237,0
3377,0
19379,0
32237,0
18501,0
30575,0
25010,0
11267,0
4807,0
2962,0
42720,0
29808,0
40335,0
5361,0
18217,0
18326,0
5224,0
909,0
29772,0
10433,0
11853,0
2426,0
23214,0
36109,0
30945,0
23523,0
27046,0
33038,0
15528,0
12216,0
31796,0
27659,0
30636,0
40475,0
6326,0
7518,0
33787,0
14261,0
7098,0
38724,0
7630,0
9152,0
40117,0
14392,0
31817,0
27966,0
9104,1
22582,0
10334,0
5708,0
9543,0
22528,0
18470,0
1931,0
38735,0
26155,0
37904,0
21554,0
4866,1
41233,0
35060,0
22939,0
39128,0
23278,0
25791,0
6162,1
27431,0
1265,0
11158,0
21538,0
34224,0
38744,0
11137,0
41471,0
23728,0
42008,1
34111,0
33202,0
34563,0
38985,0
33623,0
41257,0
5847,0
44842,0
32174,0
25053,0
21191,0
9674,0
17966,0
14085,0
22703,0
19069,0
8687,0
27224,0
1318,0
845,0
1272,0
43590,1
23188,0
7050,0
43154,1
43828,0
24117,0
17291,0
3702,1
12574,0
19263,0
8873,0
31460,1
10836,0
30483,0
43124,0
16403,0
38648,0
26636,0
9901,0
123,0
20580,0
45144,0
21750,0
35160,0
40609,1
12495,1
21258,0
21855,0
6033,0
12650,1
34980,0
9049,1
16082,0
4063,0
39136,1
36970,0
17620,0
35467,0
6996,0
29398,0
16094,0
40166,1
19558,0
34441,0
6123,0
16659,0
20003,0
7094,0
27154,0
14220,0
12385,0
12328,0
19016,0
35918,0
16713,0
39511,0
36139,0
7237,0
6276,0
36973,0
19428,0
22349,0
31419,1
37660,0
36464,0
28480,0
10363,0
40830,0
14339,0
40862,1
8847,0
7475,0
24351,0
18249,0
683,0
40631,1
24104,0
31602,0
13877,0
2365,0
27675,0
4169,0
27167,0
11306,0
14995,0
23926,0
42231,0
3408,0
8802,0
42634,1
30742,0
905,0
20406,0
8627,0
5817,0
17980,0
2765,0
16985,0
780,0
40414,1
27496,0
11984,0
40388,0
6977,0
35369,0
35048,0
12934,0
36819,1
31820,0
22256,0
19454,0
25249,0
24676,0
4986,0
20156,0
27786,0
22739,0
981,0
25896,0
8092,0
23499,0
45099,1
39828,0
44009,1
26919,0
18442,0
20873,0
19353,0
2823,0
31725,0
1240,0
28343,0
15802,0
38627,0
8980,0
19410,0
24683,0
35780,0
22736,0
37127,0
14327,0
14295,0
41342,0
19266,0
40246,0
25556,0
26842,0
24129,1
3988,0
31059,0
1742,0
9567,0
8397,0
34143,1
25582,0
8658,0
22327,0
34074,0
41120,0
33910,0
44295,1
36927,0
34984,0
15287,1
1268,0
41726,0
17329,0
25629,0
7228,0
36102,0
38667,0
39348,0
7343,0
22396,0
10297,0
25311,0
27074,0
8968,0
43446,0
21490,0
25504,0
37510,0
27436,1
20204,0
5327,0
25733,0
12986,0
26865,0
9077,0
34418,0
35877,0
42727,1
14099,0
12223,0
39214,1
6347,0
1007,0
28867,0
26379,0
42325,1
33925,0
26024,0
32002,0
35078,1
16855,1
14240,0
19509,0
13409,0
11244,0
22588,0
27343,0
33875,0
31047,1
27524,0
41144,0
10174,0
30919,0
26688,0
34682,0
42189,1
29109,0
12304,0
36867,0
22717,0
25936,0
15104,0
33829,0
4022,0
22547,0
12433,0
30531,0
31897,0
190,0
6891,0
11731,0
29156,0
40176,0
7269,0
10126,0
34770,0
1370,1
29425,0
4210,0
37818,0
13422,0
8686,0
8302,0
10658,0
20122,1
33557,0
23509,0
3220,0
12648,0
30273,0
12520,0
29920,0
28810,0
44776,0
12978,0
2928,0
1914,0
43016,1
42127,1
12653,0
34830,0
24445,0
9570,0
5141,0
22336,0
27072,0
12300,0
13714,0
30059,0
29269,0
24194,0
42592,0
5099,0
2457,0
1021,0
29508,0
15732,0
40893,1
1048,0
9478,0
1284,0
31936,0
36826,0
14565,0
5035,0
10112,0
3767,0
31583,0
24680,0
30436,0
40603,0
3392,0
22210,0
16226,0
5230,0
7294,0
13439,1
20996,0
4724,0
17310,0
31986,0
9535,0
5991,0
23961,0
11551,0
34431,0
16180,0
16164,0
14146,0
38830,0
38101,0
33582,0
35829,0
10461,0
24108,1
44663,1
25254,0
7808,0
38629,0
20395,0
14239,0
24741,0
14219,0
41621,1
24196,0
32482,0
27018,0
32115,0
24629,0
8727,0
9798,0
13105,0
16614,0
35811,0
39882,0
44940,1
45152,0
12859,0
3483,0
29617,0
14956,0
40716,0
9840,0
12334,0
18310,1
18234,0
33653,0
19989,0
8192,0
26884,0
3233,0
12299,0
4026,0
31871,1
40525,0
14112,0
22448,0
22978,0
31690,0
10347,0
12177,0
29670,0
25542,0
40222,1
21990,0
19660,0
16963,0
39712,0
39070,0
41762,0
21493,0
21001,0
17154,0
34533,0
27990,0
35567,0
27728,0
14222,1
16878,0
1083,0
33186,0
32540,0
355,0
37646,0
39858,0
43519,1
22650,1
37465,0
15561,0
35086,0
12374,0
36805,0
5634,0
23646,0
33248,0
6301,0
2950,0
10396,0
27015,0
7971,0
33812,0
28720,0
41758,0
29997,0
43002,1
23002,0
6758,0
22706,0
39153,0
39825,0
40174,0
6374,0
38352,0
17803,0
20137,0
37868,0
31542,0
21445,0
23988,0
43615,1
21593,0
33394,0
12441,0
6281,0
44108,1
17022,0
37785,0
23221,1
30639,0
31412,0
42697,1
43848,0
17901,0
38138,0
21367,0
20691,0
5449,0
28530,0
24654,0
44571,0
34402,0
4366,0
14856,0
21031,0
10746,0
13913,1
17947,0
34764,0
23583,0
44134,0
15433,0
31574,0
34567,0
41560,1
8245,0
40089,0
1744,0
3422,0
26742,0
35717,0
24278,0
5762,0
31847,0
11801,0
35506,0
43525,0
8386,0
42649,1
18172,0
32126,0
29409,0
15404,0
39291,0
5316,0
42000,0
4128,0
13414,0
24199,0
35042,0
18897,0
40325,0
8963,0
17670,0
19592,0
29290,0
8312,0
4157,0
34852,0
35936,0
35150,0
9678,0
12949,0
41958,1
7567,0
7250,0
20971,0
7789,0
25851,0
44902,0
23742,0
622,0
30796,0
1680,0
2654,0
20707,0
15140,0
3172,0
18354,0
16344,0
22187,0
44328,0
33666,0
42420,0
27380,0
40353,0
10114,0
31477,1
11116,0
28410,0
10839,0
4539,0
38157,0
25574,0
18716,0
12139,0
41468,1
16571,0
20339,0
11922,0
19093,0
44794,0
11702,1
7334,1
25469,0
34642,0
26708,0
10643,0
40908,1
19147,0
39233,0
11295,0
29616,0
44985,0
19521,0
18537,0
31841,0
31535,0
4624,0
1062,0
13434,0
39158,0
18216,1
7733,0
11638,0
21517,0
37766,0
19799,0
1670,0
24264,0
29523,1
20870,0
38228,0
5718,0
29911,0
21371,0
6417,0
11309,0
14003,1
1631,0
39584,0
43443,0
26723,0
32848,0
15650,0
12623,1
23686,0
24908,0
32919,0
10505,0
44961,1
38653,1
29500,1
39174,0
2579,0
28195,0
17825,0
27901,0
25825,0
3992,0
19234,0
39358,1
28794,0
5205,0
20163,0
3960,0
39465,0
36562,1
38656,0
26592,0
3022,0
43026,1
15589,0
10059,0
35004,0
25286,0
37842,0
5011,0
1129,0
21817,0
36334,0
11972,0
23213,0
36728,0
43907,1
23736,0
27526,0
17225,0
30259,0
44537,1
10304,0
6413,0
37281,0
3163,0
26189,0
27092,0
37638,0
24931,0
20250,0
19834,0
8508,0
42853,1
40267,1
2997,0
33647,0
6345,0
3678,0
30394,0
41986,0
16714,0
8978,0
11770,0
9690,0
36896,0
29549,0
38677,0
37336,1
35185,0
31267,0
14618,0
32712,0
34206,0
32118,0
22698,0
25586,0
39133,0
32106,1
39447,0
21621,0
7216,0
26625,0
3428,0
42339,1
20152,0
7256,0
40108,1
8082,1
35614,0
13896,0
3130,0
19172,0
28259,0
44256,1
38004,0
43967,1
2758,0
27889,0
43114,0
8133,0
31400,1
4542,0
14697,0
44176,1
42710,1
39812,0
38397,0
26003,0
39193,0
6998,0
31989,0
44150,1
36208,0
18369,0
27498,0
28148,0
11010,0
6721,0
44839,0
22006,0
29983,0
15221,0
9623,0
6278,0
26428,0
7315,0
40742,0
522,0
15356,0
1500,0
35063,0
9302,0
9493,0
24687,0
12766,0
25947,0
8880,0
27588,0
27453,0
25432,0
3321,0
41382,1
469,0
5374,0
3936,0
6425,0
39919,0
7054,0
27706,0
27091,1
31266,0
27977,0
6015,0
12900,0
8545,0
10692,0
12154,0
11743,0
30308,0
25350,0
15202,0
28045,0
37228,0
23684,0
9836,1
15827,0
40189,0
13186,1
11265,0
28695,0
34617,0
32957,0
24627,0
17012,0
3240,0
20097,0
39703,0
11834,0
21805,0
10940,0
31684,0
14191,0
45034,0
6056,0
22507,0
18906,0
37865,0
31915,0
24994,0
9713,0
37100,0
2818,0
18619,0
8247,0
22643,0
16724,1
37396,0
27062,0
3968,0
36302,0
32270,0
24112,1
12324,0
21219,0
475,0
26386,0
28226,0
31830,0
42707,0
33439,0
14681,0
5517,0
38373,0
41147,1
32908,0
15921,0
21957,0
26693,0
15885,0
39884,1
35239,0
40776,0
22282,0
2099,0
43390,1
13800,0
8223,0
7512,0
615,0
31821,0
12570,0
16696,0
22839,0
11712,0
5535,0
10279,0
24698,0
44426,1
32328,0
6751,1
26504,1
15694,0
11430,0
20774,0
14421,0
39911,0
6118,0
23832,0
8610,0
9894,0
37682,0
20569,1
25526,0
21609,0
14152,0
16895,0
12725,0
43709,0
23548,0
35809,0
5532,0
15181,0
11654,0
28543,0
44421,0
8058,0
33905,0
19207,0
28664,0
35989,0
18608,0
37398,0
13109,0
14136,0
5667,0
25299,0
7613,0
42711,0
22862,0
23442,0
35142,0
34185,0
13851,0
44644,0
43987,0
7944,0
9257,0
4018,0
2044,0
44659,0
31666,0
3515,0
23114,0
20751,0
32984,0
30105,1
10856,0
17986,0
13934,0
28019,0
28641,0
8822,0
27579,0
20006,0
16136,0
44156,0
15342,0
6021,1
8064,0
9095,0
4749,0
36461,0
4010,0
31353,0
6512,0
19765,0
16448,0
34834,0
6219,0
26081,0
28888,0
33680,0
32279,0
39391,1
29102,0
658,0
97,0
43778,1
14420,0
17015,0
11964,0
32213,0
26583,0
7144,0
9139,0
35951,0
41227,1
29984,0
23315,0
35641,0
17905,0
25255,0
6913,0
13030,0
42604,1
43603,1
13370,0
24611,0
21783,0
16200,0
32359,0
12776,0
1752,0
19145,0
673,0
11217,0
19525,0
14774,0
29950,0
7619,0
29775,0
7563,0
3263,0
7161,0
1787,0
42827,0
25584,0
40548,0
36075,0
39854,1
15686,1
624,1
44809,1
26002,0
10561,0
22913,0
14454,0
12550,0
15444,0
32003,0
30063,0
6613,0
27925,0
24033,0
5426,0
34629,0
4027,0
39909,0
38774,0
19043,0
44773,0
34009,1
30851,0
18602,0
24455,0
38585,0
40637,0
27117,0
13519,0
31720,0
30878,0
20876,0
32829,0
6683,1
40790,0
1667,0
1535,0
41019,0
29550,0
31115,1
14748,0
10151,0
12901,0
4629,0
30906,0
21858,1
35222,0
30210,0
13203,0
29725,0
19049,0
2287,0
37514,1
19354,0
4583,0
23053,0
27457,0
10970,1
35058,0
1678,0
4441,0
9505,0
22940,0
1581,0
25428,0
23694,0
24821,0
14950,0
41052,1
3381,0
2424,0
10160,0
34218,1
8219,0
7220,0
37658,0
23488,0
19923,0
21680,0
22796,0
9682,0
4552,0
29374,0
18158,0
2469,0
38316,1
43341,1
43311,0
10935,0
13113,0
42931,1
9304,0
29890,0
23865,0
23411,0
38389,0
20082,1
42031,0
32531,0
20135,0
11705,0
32373,0
41390,1
24495,1
19627,0
40224,0
31225,0
18927,0
24212,0
21682,0
41948,1
36707,0
34525,0
3316,0
29509,0
38603,0
37992,0
26678,0
41280,0
28341,0
35027,0
2342,0
29213,0
577,0
37537,0
16239,0
11510,1
23405,0
39699,0
4308,0
10473,0
8399,0
6296,0
38719,0
39321,0
6522,0
28619,0
6928,0
44361,0
22810,0
17367,0
37124,0
22155,0
785,0
18956,1
23242,0
11307,0
33268,0
3652,0
18378,0
16747,0
38981,0
11097,0
1361,0
16676,0
1964,0
15916,0
28032,0
31381,0
20531,0
15397,0
1712,0
30750,0
43206,1
40329,0
37143,0
40350,1
23804,0
11543,0
38803,0
15547,0
29309,0
36702,0
16360,0
31109,1
37778,0
17322,0
18519,0
42871,1
32356,0
28678,0
17830,0
4393,0
38527,1
16608,0
32357,1
3275,0
16820,0
21971,0
28185,0
5922,0
29144,0
29274,0
38325,0
28325,0
9774,1
30530,1
39840,1
38717,0
12455,0
768,0
40727,0
38943,0
35364,1
38087,0
23498,0
25420,0
25912,0
23318,0
3043,0
26507,0
15204,0
464,0
33336,0
499,0
10010,0
34294,0
2988,0
18348,0
12683,0
6467,0
21140,0
16006,0
34869,0
25611,1
39058,0
36468,0
34591,0
25879,0
26391,0
24273,0
42268,1
10154,1
22245,0
33541,0
1349,0
33855,0
5639,0
21537,0
21633,0
15812,0
14752,0
43546,0
21270,0
26922,0
8331,0
10078,0
33106,0
36900,0
35384,0
16757,0
3892,0
29048,0
4842,0
4716,0
44635,1
13363,0
29393,0
5801,0
26141,0
17148,0
40791,0
42281,1
11781,1
39533,0
24848,0
41421,0
19896,0
19265,0
32249,0
25162,0
26223,0
5464,0
1985,0
17566,0
43188,1
34051,1
11041,0
33961,1
23341,0
40741,0
31305,1
15238,1
34976,1
6090,0
25941,0
39824,0
12377,0
3574,0
13923,0
22472,0
20831,0
35002,0
25794,0
16557,0
25179,0
14230,0
8591,0
25451,0
29721,0
341,0
34792,0
44539,1
24997,0
38265,0
34546,0
23269,0
25677,0
20745,1
10707,0
35303,0
15026,0
39524,1
22535,0
33597,0
29460,0
3973,0
2972,0
37536,0
23989,0
9004,0
43545,0
12744,0
40345,1
3646,0
43116,0
34219,0
27439,0
17489,0
37836,0
28557,0
24974,0
25373,0
39085,0
44035,1
10422,0
11412,0
7589,0
38322,0
41025,0
18131,0
20598,0
44391,1
20506,0
3051,0
27317,0
9866,0
15786,0
29336,0
1229,0
23036,0
3781,0
22936,0
38085,0
41292,0
11444,0
22947,0
19485,0
598,0
32530,0
11771,0
20398,0
35922,0
42883,0
4242,0
1415,0
13027,0
4572,0
16612,0
33266,0
36871,1
32296,1
6073,0
33670,0
38877,0
40243,0
39152,0
8070,0
23181,1
21404,0
1237,0
892,0
27862,0
30604,0
31053,1
25795,0
14471,0
10768,0
27258,0
13436,0
43923,1
14305,0
20731,1
27725,0
4217,0
36824,0
16290,0
32044,0
17437,0
10301,0
45168,1
42033,1
10820,0
39727,0
6511,0
26065,0
17665,0
39546,0
13103,0
18691,0
2118,0
37775,0
15821,0
6766,0
43642,1
25817,0
24469,0
32058,1
158,0
1708,0
40838,0
27001,0
5032,0
37976,0
44373,0
16090,0
9442,1
22027,0
25684,0
32276,1
23928,0
5050,0
3155,0
14048,0
24859,0
33904,0
39617,0
27821,0
18362,0
38993,0
7938,0
754,0
2094,0
31103,1
42357,1
44997,0
10197,0
35248,0
12174,0
10321,0
43342,0
12080,0
19028,0
38436,0
9096,0
26301,0
43457,0
38915,0
17351,0
12530,0
43945,0
8739,0
32162,0
41293,1
41010,0
38538,0
16037,0
17658,0
18936,0
21038,0
6870,0
2022,0
17592,0
1151,0
16393,0
1707,0
39457,1
20511,0
13359,0
45169,0
22346,0
22476,0
29388,0
10088,0
7358,0
36212,0
39331,0
22603,0
38675,0
15874,0
34440,0
44262,1
36178,0
14463,0
24100,1
20019,0
40290,0
1872,0
18920,0
44211,1
20742,0
4350,0
18917,0
39425,0
20344,0
12954,0
30617,1
16555,0
5272,0
23605,0
10098,1
17121,0
15631,0
8885,0
12871,0
32786,0
37670,0
16774,0
15058,0
19517,0
21261,0
28895,0
12260,1
17099,0
12808,0
23042,0
30974,0
3179,0
34747,0
2728,0
12762,0
10162,0
19672,1
31486,0
26092,0
23435,0
31705,0
19222,0
40056,1
17436,0
15628,0
23163,0
33594,0
17914,0
9723,0
27326,0
39529,0
20167,0
35155,0
18846,0
44784,1
43202,0
39054,1
22236,0
13130,0
39880,0
27301,0
37141,0
3967,0
35640,0
17499,0
15304,0
38456,0
8458,0
23283,0
26432,0
43134,0
7470,0
6773,1
39941,0
9037,0
572,0
31028,1
22681,0
35947,0
3232,0
20056,0
14769,0
32716,0
30973,0
20094,0
36855,1
22609,0
20335,0
5786,0
4374,0
31271,1
23360,0
30080,0
999,0
14818,0
11429,0
17031,1
14969,0
32695,0
40354,0
42352,0
31704,0
32975,0
27097,0
7264,0
36507,0
23919,0
5311,0
20777,0
5586,0
4623,0
14408,0
15820,0
7828,0
45206,1
29810,0
4898,0
35822,0
11427,0
6470,0
15811,0
23037,0
3416,0
1836,0
40237,0
35221,0
3029,0
16551,0
9664,0
47,0
39065,0
40553,0
890,0
18996,0
26194,0
5365,0
41946,1
41383,0
1434,0
23012,0
4333,0
35054,0
31191,1
37666,0
3958,0
40505,0
31093,1
17833,0
27660,0
20305,0
34920,0
34505,0
33371,0
29019,0
16018,0
6944,0
38380,0
9661,0
39076,0
23345,0
41524,0
17613,0
28354,0
28746,0
4378,0
5963,0
29939,0
3306,0
41507,0
42780,0
7850,0
32175,0
30242,0
13446,0
20360,1
33488,1
33308,0
25041,0
13324,0
38481,0
7016,0
40782,0
15025,0
44786,1
8252,0
13477,0
19920,0
24472,0
39390,1
16711,0
6539,0
41575,1
25111,0
13020,0
42519,1
908,0
7581,0
30368,0
9455,0
32940,0
124,0
27398,0
36225,0
27446,0
31241,1
29685,0
5379,0
38037,0
19879,0
38505,0
16440,0
43458,1
5445,0
17384,0
36942,0
8796,0
17623,0
8607,0
33932,0
1779,0
33506,0
25388,0
23375,0
8787,1
1811,0
812,0
44934,1
19502,0
30435,0
5263,0
7365,0
7897,0
28892,0
11367,0
22990,0
38556,1
21395,0
1486,0
2013,0
20585,0
23837,0
32672,0
8966,0
27959,0
4401,0
11744,0
39823,1
439,0
41673,0
20934,0
8415,0
40021,0
3549,0
13312,0
33975,0
33850,0
5784,0
22773,0
41694,0
30346,0
6310,0
36024,0
19506,0
8368,0
3378,1
489,0
42593,0
15057,0
26689,0
36023,0
5706,0
26219,0
40386,1
21699,0
8549,0
8722,0
16376,0
21115,0
9647,1
14053,0
7521,0
7402,0
14732,0
30607,0
37849,0
19304,0
45142,0
8188,0
6621,0
15469,0
32330,0
2337,0
20465,0
4263,0
32286,0
43527,1
21925,0
36271,0
11406,0
42798,1
5069,0
40282,1
17170,0
20592,0
44316,1
12873,0
22748,0
8597,0
18808,0
12446,0
13305,0
24990,0
26906,0
28158,0
6867,0
10889,0
9466,0
24760,0
14502,0
31083,1
19941,0
37595,0
28063,0
24732,0
24403,0
39797,0
9589,0
10640,0
34549,0
40927,0
44411,1
30240,0
28192,0
11186,0
15219,0
7203,0
39471,1
16398,0
44429,1
32681,0
30719,0
3685,0
17993,0
15424,0
35586,0
18256,0
25017,0
32948,0
34941,0
24362,0
2778,0
3884,0
8279,0
21802,0
40047,1
38946,0
40768,0
9349,0
28453,1
41499,1
40463,0
42543,0
3446,0
12577,0
19953,0
4062,0
41,0
9656,0
42219,1
30657,0
29871,0
10472,0
27250,0
44057,1
27422,0
32386,0
30546,0
10066,0
7335,0
24427,0
15068,0
21356,0
2383,0
23511,0
12794,0
4149,0
24114,1
8579,0
13379,0
12595,0
38200,0
17711,0
277,0
21735,0
36154,0
12628,0
34569,0
28816,1
10147,1
25356,0
16629,0
32585,1
22484,0
7987,0
40319,0
27171,0
25323,0
8956,0
35723,0
4155,0
21983,1
15946,0
26195,0
5957,0
17149,0
39346,0
16211,0
5021,0
44885,1
9462,0
29551,0
22319,0
7179,0
13211,0
1274,0
24727,0
2508,0
17826,0
44013,1
16004,0
36236,0
26754,0
2630,0
26246,1
11876,0
32057,0
25282,0
16123,0
16162,0
14963,0
21376,0
36202,0
5842,0
27634,0
1400,0
3159,0
21070,0
2240,0
488,0
38366,0
15290,0
15637,0
521,0
9665,0
34584,0
8323,0
35416,0
7607,0
9393,0
11670,0
8776,0
44772,1
36234,0
34992,0
39599,0
43813,0
18079,0
9334,0
24586,0
28086,0
39809,0
9850,0
12760,0
35732,1
7628,0
15194,0
22776,0
22325,0
27845,0
21049,0
39846,1
16649,0
23667,0
15146,0
20454,1
2276,0
15834,0
7817,0
9600,0
32377,0
4700,0
15138,0
13287,0
27486,0
4672,0
32088,1
43271,0
40883,0
7197,0
40649,0
34959,0
688,0
44707,1
3673,0
3947,0
13478,0
43102,1
5741,1
1677,0
9341,0
20389,0
17877,0
22594,0
1323,0
2125,0
9082,0
28134,0
24744,0
11138,0
9020,0
22293,0
4608,0
12847,0
6871,0
19925,0
7394,0
36657,0
707,0
41443,0
583,0
29880,0
21959,0
35401,0
20388,0
42979,1
44378,0
32107,0
29547,0
41078,0
5662,0
38047,0
44261,1
32291,0
24125,0
26830,1
18653,0
40672,1
26212,0
15116,0
38453,0
4091,0
28262,0
40133,0
22629,0
24388,0
38175,0
35861,1
32599,0
6488,0
6787,0
36452,1
40179,0
20597,0
11187,1
1411,0
5412,0
36213,0
31205,0
23039,0
37010,0
44829,1
31591,0
41589,1
9954,0
4259,0
9459,0
5826,0
14699,0
4858,0
32972,0
6918,1
35888,0
3089,0
24368,0
24949,0
5548,0
10842,0
35515,1
32272,0
28126,0
11308,0
39216,0
1754,0
24390,1
6311,0
26577,0
5999,0
979,0
3528,0
549,0
23647,0
45185,1
43842,1
44451,0
12987,0
17809,0
2906,0
36087,1
13456,0
41536,1
15798,0
40832,0
39671,0
26028,1
32524,0
17704,0
20925,0
41809,1
32142,0
44230,1
4723,0
20827,0
41301,0
38936,0
13065,0
37511,1
1871,0
24879,0
29598,0
24483,0
22557,0
39172,1
39839,0
30684,0
19429,0
4392,0
7594,0
24951,0
20448,0
38878,0
24146,0
33554,0
9789,0
8362,0
23016,0
3266,0
33445,0
17280,1
25703,0
12318,0
6030,0
37341,0
31776,0
1617,0
12625,0
34663,0
2129,0
45125,1
2792,0
25211,0
37484,0
30381,0
22138,0
6198,0
14474,0
621,0
21157,0
17054,0
7230,0
25064,0
22763,0
19598,0
27370,0
33449,0
20415,0
22189,0
30970,0
37027,0
29933,0
42599,0
27991,0
15831,0
6046,0
12184,0
18029,0
20502,0
37599,0
21016,0
16053,0
15947,1
16012,0
42911,0
27345,0
34353,0
44733,1
35235,0
17250,0
44254,1
10609,0
915,0
20678,0
39329,0
45202,1
38471,0
22575,0
14,0
24649,0
40743,0
24156,0
22901,0
40178,0
22277,0
43572,1
28363,0
39974,0
38370,0
27133,0
33603,0
20647,0
42153,1
27513,0
32103,0
25796,0
17578,0
14652,0
18860,0
44102,1
18082,0
35370,0
8128,0
15697,0
6851,0
31823,0
6286,0
37234,0
25061,0
40338,0
2454,0
2281,0
34711,0
35584,0
11974,0
947,0
23599,0
6949,0
43748,1
6079,0
10052,0
1722,0
10316,0
3033,0
27259,0
33771,0
2824,0
8702,0
12227,0
25022,0
17743,0
5203,0
7804,0
3252,0
11911,0
6298,0
6264,0
35436,0
15826,0
11505,0
44823,1
40577,0
44157,1
42151,0
27307,0
36623,0
21919,0
44172,0
24833,0
26911,0
26036,0
45159,0
31408,0
43690,1
8131,0
28494,0
1688,1
21160,0
13996,0
1864,0
16544,0
28516,0
29342,0
29938,0
29025,0
19959,0
24400,0
2679,0
16133,0
6421,0
44603,0
29478,0
25088,0
22509,0
13653,0
2225,0
21313,0
37227,0
10793,0
6455,0
12402,0
36955,0
38508,0
36605,0
36738,0
22444,0
15596,0
13468,0
27129,0
4690,0
42621,1
22881,0
33037,0
41102,0
44271,0
29141,0
40903,0
17880,0
40731,1
26178,0
10933,0
6471,0
15843,0
41609,0
35091,0
9162,0
31744,0
13593,0
31437,0
30746,0
39954,1
24204,0
19391,0
24045,1
15384,0
19161,0
30454,0
34131,0
5564,0
3056,0
6041,0
13364,0
1640,0
35037,0
34464,0
25059,0
18833,0
41369,0
5915,0
24982,0
1805,0
26389,0
40126,0
4929,0
30652,0
37176,0
14268,0
7282,0
28055,0
13832,0
33991,0
28799,0
41364,0
7672,0
23727,0
5187,0
21171,0
36765,0
4199,0
20761,0
25259,0
27409,0
40721,0
17502,0
4693,0
11651,0
37856,0
22465,1
12118,0
36108,0
6176,0
13336,0
2121,0
4419,0
5909,0
26926,1
28711,0
6768,0
14470,0
26151,0
15819,0
32024,0
32365,0
28718,0
30874,0
10720,0
43416,1
8557,0
37930,0
18455,0
39537,0
12575,0
35994,0
35799,0
30541,0
6263,0
42348,1
39609,1
42541,1
39697,1
2062,0
18993,1
19336,1
28493,0
39907,0
21294,0
19070,0
8526,0
22546,0
17441,0
37657,0
40984,1
44305,0
22212,1
25673,0
36520,0
29965,0
5046,0
17855,0
34025,0
43201,1
14344,0
38994,1
34916,0
11128,0
33980,0
16303,0
44857,1
33490,0
10225,0
40327,0
9787,0
14466,0
21244,1
33948,1
14813,0
28547,0
15769,0
37518,1
26016,0
38313,0
43600,0
18643,0
7799,0
32920,0
36120,0
10631,0
18106,0
34213,1
29653,0
43301,1
38017,0
7738,0
40919,0
12962,0
5413,0
17995,0
33197,0
20334,0
38419,0
37993,1
1210,0
25492,0
20646,0
31731,0
24816,0
6550,0
18878,0
41960,0
5274,0
3020,0
208,0
34879,0
43060,0
38171,0
16809,0
8889,1
42225,1
4833,0
34361,1
31781,0
18685,0
37356,0
5956,0
10392,0
43386,1
25395,0
31538,0
1887,0
24536,0
41581,1
9025,1
21847,0
24202,0
27624,0
18162,0
12258,0
19026,0
23645,0
9275,0
40264,1
2607,0
39729,1
28145,0
20408,0
20439,0
24966,0
32881,0
28499,0
17321,0
14161,0
34940,0
40559,1
29687,0
6979,0
33025,0
3959,0
14552,0
33760,1
15247,0
1846,0
10750,0
37873,1
10164,1
29198,0
32236,0
19787,0
6524,0
32900,0
20515,0
22249,0
40448,0
10367,0
37502,0
5381,0
26425,0
7585,0
5314,0
42558,1
2725,0
45006,1
2409,0
4863,0
44343,0
34062,1
18043,0
26320,0
15445,0
23439,0
36198,0
26815,0
12249,1
41089,1
14543,0
27,0
13497,0
22692,0
24331,0
2244,0
11797,0
20427,0
3494,0
34893,1
41419,0
26967,0
12968,0
10201,0
40675,0
38611,0
38818,0
20841,0
42764,0
8394,0
37798,0
7621,0
16723,0
4201,0
3651,0
41924,1
16508,0
6644,0
35793,0
35154,0
1965,0
31187,1
7257,0
16069,0
32494,0
33737,1
40563,0
1588,0
17319,0
42410,1
6563,0
33291,0
22777,0
3138,0
33956,0
13703,0
40480,0
39513,0
8706,1
32946,1
42982,1
3070,0
24642,0
11886,0
28933,0
9673,0
8437,0
32502,0
37600,0
22326,0
19813,0
23263,1
43680,1
7845,0
6299,0
10951,0
26520,0
37524,0
40659,0
30118,0
32617,0
18888,0
4384,0
3542,0
36853,0
33550,0
2163,0
28696,1
30650,0
24802,0
17144,0
13015,0
32014,0
17989,0
4279,0
19275,0
41868,0
13088,0
13056,0
32961,0
43686,1
43131,1
32114,1
25188,0
15538,0
1870,0
18595,0
7807,0
36406,0
11732,0
21422,1
38964,0
19584,0
9920,0
8566,0
3412,0
11127,1
38787,0
43239,1
41967,1
44964,0
34788,0
16793,0
9803,0
27310,0
39042,0
43258,1
4927,0
15913,0
32604,0
12732,0
31660,1
22309,0
34938,0
43708,0
17541,0
7481,1
14574,0
39018,0
37342,0
3129,0
35557,0
6250,0
6752,0
35164,0
39004,0
3124,0
42831,0
32453,0
31292,1
12753,1
31423,0
1948,0
32950,0
3547,0
4338,0
2716,0
21874,0
33821,0
1464,0
148,0
17092,0
16407,0
17669,0
24409,0
35028,0
22012,0
29591,0
1199,0
4508,0
41429,0
2283,0
1192,0
8298,0
33816,0
41310,1
24316,0
5605,0
9452,0
28910,0
7762,0
35461,1
20635,0
38933,0
19182,0
14951,0
31390,0
32924,0
35279,0
7558,0
34676,0
40598,0
31474,0
28184,0
30603,0
24452,0
34474,0
34232,0
36568,0
19417,0
6418,0
34602,0
41824,0
26459,0
10317,0
32798,0
35074,0
33994,1
3413,0
173,0
10868,0
44721,0
36009,0
4955,0
3742,0
5920,0
43231,1
31163,1
24450,0
41287,1
33575,0
34237,0
36670,1
28846,0
23611,0
27771,0
33261,0
13911,0
39515,0
14374,0
1001,0
2317,0
23226,0
26933,0
33740,0
38172,0
35148,0
31945,0
6585,0
22175,0
21091,0
6861,0
19121,0
11003,0
24960,0
30142,0
12965,0
20494,0
18047,1
9893,0
28688,0
198,0
33826,0
640,0
32219,0
27586,0
23693,0
30841,0
32324,1
27389,0
42306,0
16703,0
42146,0
15369,0
32444,0
7431,0
2662,0
7642,0
30020,0
42676,1
31632,0
15952,0
24344,0
14254,0
34688,0
27719,0
34720,0
16755,0
7729,0
4132,0
21552,0
16460,0
39102,0
31595,0
6862,0
5093,0
18752,0
41585,1
40412,1
29876,0
38913,0
11595,0
10097,1
37503,0
375,0
16464,0
7650,0
18554,0
21807,0
27369,0
23773,0
2898,0
23170,0
16573,0
21995,0
42071,1
35660,0
45117,0
43749,1
3170,0
2059,0
44056,1
23561,0
10440,0
42343,0
38492,1
9065,0
31167,0
24578,0
14614,0
17074,0
39002,0
15217,0
3114,0
40775,0
5566,0
30511,0
7545,0
41200,0
1517,0
16038,0
7430,0
11628,0
8868,0
36470,0
25170,0
5979,0
32603,1
34400,0
17257,0
42342,0
33973,0
10646,0
39783,0
33577,0
25603,0
21499,0
18200,0
23585,0
41706,0
16856,0
4795,0
36733,0
31064,1
11247,0
38347,0
25204,0
43333,1
27564,0
35838,0
10559,0
32594,0
4231,0
39487,1
42252,0
13140,0
16327,0
3150,0
22097,0
2826,0
3852,0
15465,0
2614,0
28624,0
13174,1
6963,0
26208,1
42614,0
38224,0
32254,0
24716,0
40373,1
9781,0
6581,0
39301,0
40143,1
20421,0
45137,1
4916,1
33844,0
31204,0
1136,0
14105,0
28901,1
35483,0
38422,0
32709,0
27776,0
39958,1
6676,0
8216,0
26725,0
12916,0
13759,1
261,0
30060,0
27616,0
19681,0
23033,0
26998,0
28066,1
1695,0
8200,0
42862,1
6507,0
1713,0
3250,0
26570,0
42499,1
27878,0
31218,1
38045,0
5627,0
15569,0
36902,0
22772,0
13575,0
864,0
15942,0
18208,0
6489,0
5530,0
31112,0
2433,0
40950,0
29956,0
4303,0
19712,0
27677,0
3362,0
27144,0
5165,0
43574,1
30768,0
33658,0
29341,0
11009,0
22134,0
8890,0
28715,0
40326,1
41253,0
4055,0
21374,0
27300,0
13613,0
18681,0
37847,0
11980,0
33880,0
33399,0
23393,0
41172,1
20438,1
1838,0
42569,0
5970,0
23484,0
38151,0
27986,0
45209,0
26952,0
44627,0
6357,0
5370,0
20165,0
18182,0
5538,0
7665,0
19566,0
37387,0
6373,0
3149,0
34702,0
36303,0
24179,1
25146,0
29362,0
24550,0
13250,0
28304,0
19015,0
295,0
23903,0
27747,0
2876,0
27902,0
1166,0
6076,0
29493,1
27886,0
7393,0
25780,0
8759,0
2446,0
23979,0
2439,0
7982,0
39803,0
33049,0
17040,0
18469,0
18893,0
22787,0
40692,0
34058,1
44212,0
9837,0
29163,0
12007,0
44516,1
25737,0
38751,0
16661,0
37022,0
8187,0
40003,0
9338,0
16678,0
23232,0
31872,0
11210,0
19901,0
19708,0
36313,0
12701,0
10873,0
1369,0
28911,0
25480,0
38945,0
31368,1
4085,0
12107,0
34494,1
35125,0
36163,0
11040,0
40509,1
7406,0
22270,0
25895,0
15660,0
43953,0
11323,0
6212,0
9362,0
34012,0
7620,0
33601,0
32917,0
38036,0
43308,0
13480,1
184,0
41847,1
44315,1
30490,0
1487,0
2926,0
38378,1
16091,0
38736,0
20018,0
27060,1
41439,1
25248,0
26684,0
22126,0
2035,0
5777,0
43191,1
264,0
21803,0
2504,0
37460,0
42371,1
44819,1
3030,0
13979,0
24785,0
44849,0
23176,0
18779,0
1378,0
34268,0
2291,0
23267,0
42227,1
11739,1
7074,0
29306,0
40529,0
35477,0
11074,0
19821,0
13236,0
11514,0
20350,0
39971,0
41769,0
11362,0
27451,0
36022,0
40196,1
19466,0
44986,0
29838,0
32819,0
7792,0
8798,0
7633,0
30800,0
44064,0
13325,0
23254,0
11346,0
34737,0
15556,0
19097,0
40616,1
5578,0
25938,0
34282,0
24015,0
19717,0
35090,0
28831,0
30271,0
4671,0
44436,1
15167,0
18986,0
36262,0
9437,0
34122,0
13577,0
40005,1
28811,0
32122,0
36305,0
24291,0
3156,0
36094,0
36768,0
25073,0
9307,0
10675,0
33621,0
29011,0
467,0
16235,0
39947,1
16437,0
23307,0
44808,1
31377,1
31106,1
24738,1
2177,0
6290,0
23026,0
34407,0
3995,0
4715,0
3700,0
43512,1
17375,0
19225,0
40566,1
14289,0
40532,0
43892,1
44509,0
20232,0
20378,0
23860,0
29161,0
3591,0
10998,0
27341,0
40817,0
6924,0
44518,1
33283,0
2709,1
33124,0
39730,0
15629,0
8118,0
8721,0
36088,0
16443,0
21823,0
9449,0
16377,0
24500,0
3348,0
34397,1
33148,0
37916,0
41411,1
36343,0
40093,1
11552,0
4047,0
27142,0
6991,0
33573,0
8844,0
43514,0
39622,0
38434,1
22038,0
19438,0
25377,0
10677,0
34135,0
31569,0
15948,0
15817,1
40321,0
16374,0
38812,0
37840,0
42994,1
42229,1
1022,0
23032,0
8704,0
34054,0
9654,0
5908,0
15579,0
13427,0
22335,1
6543,0
34116,0
28361,0
43442,1
21800,0
25630,0
37043,0
27031,0
29934,1
14644,0
22824,0
33300,0
19749,0
25746,0
380,0
10058,0
44626,1
39901,0
19065,0
10195,0
930,0
2626,0
18910,0
45156,1
35663,0
8611,0
42440,0
31974,0
26546,0
32841,0
22356,0
19557,0
35372,0
23620,0
11072,0
17636,0
20778,0
39416,1
31310,1
10086,0
34632,0
9653,0
4603,0
25757,0
28886,0
25700,0
42217,1
26117,0
24964,0
44376,1
12111,0
31965,0
44454,1
43171,0
10702,0
2995,0
21341,0
6648,0
22811,0
17199,0
40382,0
9278,0
35688,1
38440,0
30784,0
19514,0
40804,0
9471,0
21084,0
42389,0
2777,0
24928,0
7097,0
7544,0
8159,0
28995,0
13955,0
44388,0
20257,0
14486,0
1203,0
18083,0
26281,0
38931,0
16141,0
37486,0
21469,0
38695,0
25850,0
10399,0
31801,0
16547,0
14041,0
15512,1
39110,0
28264,0
15851,0
24984,0
12430,0
4118,0
38634,0
17025,0
17727,0
33656,0
26133,0
42045,0
3927,0
14508,0
33299,0
11200,0
14141,0
24386,0
23867,0
7249,0
7875,0
43407,0
39552,1
9863,0
15271,0
18493,0
9340,1
13074,0
38449,1
35934,0
16650,0
33128,0
17844,0
952,0
2160,0
1799,0
15531,0
31371,1
9766,0
40892,0
19721,0
22656,0
29701,0
38195,0
10034,0
10400,0
11171,0
28012,0
7711,0
8946,0
42338,1
6564,0
41246,1
23108,0
11280,0
32243,0
25730,0
5175,0
26087,0
21372,0
20615,0
29105,0
35932,0
8466,0
7108,0
10990,0
2324,0
41258,0
31217,0
12855,0
24396,0
28250,0
43269,1
3776,0
33083,0
43875,0
7758,0
27864,0
21002,0
18404,0
2974,0
34043,0
23661,0
43373,0
20788,0
42465,0
3598,0
14907,0
36449,0
15508,0
34086,0
23127,0
31004,0
27956,0
13121,0
5778,0
3034,0
43340,0
37579,0
21505,0
12503,0
37493,0
28047,0
44924,0
37218,0
22620,0
27447,0
33990,0
44319,0
37711,1
4255,0
6883,0
44416,1
24947,0
3482,0
7066,0
10323,0
11610,0
1538,0
14763,0
19128,1
34321,0
14266,0
40109,0
2817,0
31121,0
7960,0
8810,0
2381,0
12583,0
20910,0
36292,0
35397,0
45023,0
40215,0
20507,0
31686,0
35534,0
14324,0
12087,0
34424,0
37586,0
40664,0
25545,0
3151,0
44935,1
19770,0
37814,0
42171,1
4025,0
36485,0
16810,0
20478,0
38342,0
12463,0
34691,0
6223,0
12881,0
11587,0
45193,1
39822,0
27612,0
28070,0
6177,0
23282,0
25400,0
11865,1
29519,0
40953,0
25567,0
36283,0
44456,1
39799,1
17869,0
38575,0
4969,0
42748,1
15414,0
6387,0
32717,0
43105,1
31042,0
6548,0
7241,0
7363,0
15759,0
44987,0
38168,0
33977,0
9166,0
474,1
3311,0
8407,0
4596,0
40424,0
27095,0
9775,0
13922,0
30708,0
12826,0
44491,0
27614,0
26639,0
31728,0
5060,0
15210,0
28923,0
30686,0
21794,0
11758,0
34109,1
2184,0
29319,0
11807,0
23112,0
33015,0
5560,0
12566,0
32797,0
1119,0
15354,0
23954,0
7407,0
14686,0
37610,0
30958,0
38939,0
22357,0
12435,0
29331,1
10166,0
22549,0
33401,1
41006,0
40920,0
43759,0
37513,0
30558,0
33636,0
29562,0
9512,0
44081,1
15387,0
7165,0
9735,0
23997,0
38887,0
36897,0
30515,0
3559,0
30088,0
18887,0
29729,0
11250,0
33628,0
7785,0
36873,1
26714,0
23602,0
26560,0
18694,1
19143,0
10723,0
23359,0
15511,0
14484,1
33616,0
34011,1
21097,0
28750,0
38093,0
22886,0
27621,0
6179,0
17564,0
3460,0
18755,0
23558,0
10381,0
36779,0
38340,0
23343,0
25994,0
32766,0
44894,0
41822,0
3863,0
27737,0
21194,0
35319,0
3047,0
2431,0
20181,0
16694,0
32750,0
1940,0
3825,0
32410,0
38643,0
30584,0
15722,1
33997,0
15509,0
6820,0
37623,1
1474,0
14525,0
34501,0
35396,0
29335,0
11942,0
11255,0
13810,0
2622,0
25969,0
40565,0
39227,0
29414,0
37330,1
37820,0
43365,0
19393,0
28698,0
17146,0
7444,0
5110,0
36658,0
39578,0
23648,0
31933,0
14260,0
3314,1
36209,0
14137,0
21343,0
27122,1
991,0
33682,0
10022,0
30144,0
30819,0
20254,0
8377,0
36422,0
12362,0
21359,0
9811,0
7418,0
18868,0
33508,1
32799,0
971,0
38607,0
10756,0
3962,0
38328,0
33884,1
5805,0
31475,0
23991,0
2467,0
28436,0
33599,0
41795,1
2825,0
8694,0
5217,0
39228,0
6694,0
15428,0
25565,0
7368,0
34812,0
34748,0
24825,0
35451,0
34114,0
27707,0
23071,0
36421,0
16739,0
33512,1
31213,0
39876,0
33491,0
37108,0
18598,0
5394,0
37581,0
28224,0
3870,0
22226,0
44022,0
43948,1
15394,0
33514,0
21660,0
18251,0
42275,1
13200,0
15723,0
9154,0
33033,0
39893,0
18812,0
31723,0
12308,0
27662,0
3139,0
24082,1
37301,0
9992,0
10427,0
3062,0
43172,0
36486,0
16597,0
42945,0
9563,0
32073,0
13964,0
5223,0
10249,0
13855,0
36715,0
34826,0
8086,0
39219,0
4922,0
36606,0
40150,1
41074,0
19520,0
284,0
43624,1
11634,0
26878,0
25643,0
31869,0
44798,1
40627,0
5536,0
18905,0
19997,0
14123,0
9476,1
28598,0
15833,0
23717,0
44743,0
2003,0
38114,0
26729,0
43199,0
20316,1
15666,0
29928,0
12343,0
20962,0
41003,0
32227,0
12148,0
13831,1
20800,0
27378,1
44049,1
14766,0
22737,0
3217,0
22922,0
37101,0
42769,0
1003,0
29724,0
43353,0
39621,0
9268,0
449,0
28431,0
27988,0
27098,1
5295,0
32293,0
24876,0
11090,0
18891,0
25518,0
10247,0
35290,0
7199,0
11348,0
20943,0
20485,0
9033,0
26444,0
41286,1
44437,1
27784,0
44778,1
44091,0
7297,0
21174,0
4483,0
43531,1
19487,1
31683,0
23578,0
44293,0
16987,0
4418,0
38731,0
42850,1
36810,0
25515,0
21945,0
6659,0
19751,0
31274,0
9022,0
19533,0
36567,0
10096,0
12743,0
22600,0
39169,0
39126,0
43010,1
42262,0
32705,0
33096,0
35261,0
12217,0
31284,0
20013,0
25751,0
44689,1
43917,0
41077,1
38835,0
13845,0
11054,0
25455,0
25042,0
39129,0
34967,0
24394,0
35851,0
38220,0
10167,0
14940,0
18170,0
44580,1
5587,0
31798,0
5353,0
38862,0
16468,0
9857,0
3487,0
32722,0
29760,0
14973,0
43103,1
10391,0
38989,0
39300,0
11401,0
17115,1
26796,0
21166,0
12693,0
4861,0
43743,0
26578,0
30033,0
27313,0
11858,0
37238,0
31657,0
35627,0
24570,0
3122,0
35952,0
18439,0
32741,0
6814,0
4334,0
12275,0
16511,0
4450,0
32932,0
36832,0
26086,0
23845,0
35967,0
38754,0
1319,0
40410,0
43500,0
472,0
1997,0
18,0
27532,1
26618,0
37926,0
41057,0
38703,0
35882,0
24128,0
6110,0
11027,0
19545,0
5940,0
24272,0
16833,0
25126,0
44911,1
37140,1
39130,0
3744,0
16562,0
37297,0
17724,0
11560,0
36316,0
28096,0
34359,1
30315,0
39593,0
42476,0
45197,1
1769,0
3596,0
16867,0
27386,0
26597,0
39762,1
17690,0
2485,1
17164,0
4644,0
23381,0
7229,0
16461,0
15294,0
23073,0
39815,0
42849,1
13216,0
35367,0
40516,1
32584,0
8865,0
13163,0
41418,1
43825,1
22469,0
6006,1
41081,0
27500,0
8142,0
32643,0
6942,0
15232,0
34260,0
28426,0
14914,0
30116,0
15191,0
40991,0
23591,0
34922,0
14038,0
14359,0
16453,0
1449,0
3175,0
11819,1
20343,0
27041,0
11338,0
34299,0
29914,0
10624,0
15352,1
44142,0
24062,1
42872,1
7208,0
504,0
14612,0
39721,0
41299,0
29486,0
3580,0
7089,0
44835,1
22713,0
29602,0
37608,0
5074,0
42554,1
40032,0
61,0
18159,0
43805,0
18063,0
12429,0
13563,0
15667,0
4742,0
32246,1
14369,0
4456,0
9881,0
28729,0
19370,0
32600,0
23597,0
17952,0
12157,0
40254,0
26915,0
43001,1
26776,1
45158,0
15200,0
33149,0
39056,0
28440,0
2412,0
42350,1
31653,0
15109,0
12106,0
16195,0
4162,0
24178,1
14027,0
6172,0
43302,0
28785,0
33013,0
17823,0
25598,0
7937,0
24230,0
8603,0
26837,0
20596,0
41229,0
37889,0
20727,0
19945,0
41625,0
27375,0
41692,0
32071,0
28029,0
114,0
28565,0
43437,0
31308,0
11442,0
44904,1
24694,0
15749,0
2180,0
41223,0
13882,0
33543,0
21255,0
12840,0
7360,0
21060,0
13132,0
23670,0
20144,0
18628,0
39445,0
23390,0
42006,1
17752,0
25473,0
29348,0
40974,0
10740,0
9159,0
24439,0
17490,0
3425,0
20720,0
20352,0
17638,0
2923,0
4780,0
45157,1
33901,0
19903,0
42838,0
32738,0
33039,0
31325,1
42433,0
17931,0
1018,0
37208,0
9030,0
22095,0
26411,0
21275,0
24275,1
24988,0
9904,0
31943,0
29619,0
10987,0
24953,0
17875,0
41698,0
36383,0
12410,0
52,0
12306,0
38173,0
21478,0
19478,0
1389,0
11380,0
7884,0
3478,0
20575,1
21979,0
26885,0
19606,0
43550,0
12467,0
27750,0
13004,0
11168,0
24115,1
16851,0
44948,0
41863,1
44918,0
32839,0
44177,0
38284,0
26474,0
21436,0
13671,0
17974,0
11036,0
5159,0
38392,1
43165,0
17042,0
40669,0
32379,0
24639,0
26414,0
21556,0
19420,0
5479,0
39246,0
33170,0
38309,0
34240,0
41637,0
3356,0
9808,0
9443,0
1983,0
44385,1
4918,0
37827,0
36611,0
29507,0
17417,0
174,0
41899,1
15437,0
29363,0
27163,0
7713,0
41294,1
25449,0
19237,0
17870,1
38919,0
37061,0
24872,0
23944,0
44775,0
43227,1
44965,0
38394,1
36613,0
22225,0
28336,0
3110,0
16230,1
43730,1
20302,0
20522,0
26786,0
31811,1
2599,0
26628,0
15905,0
40781,1
15893,0
27416,0
42284,0
29283,0
10527,0
3820,0
15787,0
25532,0
13920,0
34655,1
8336,0
1182,0
45195,1
16202,0
20986,0
32061,0
1888,0
13442,0
34490,0
42627,1
35652,0
2994,0
4763,0
9078,0
4056,0
38148,0
11024,0
24909,0
8345,1
5516,0
15123,0
6645,0
38704,0
7880,0
33489,0
373,0
8186,1
24407,0
39502,0
33080,1
26198,0
42,0
16209,0
29643,0
14313,0
39964,0
12810,0
41377,1
29434,0
37521,0
27788,0
2791,0
25280,0
33500,0
13719,0
31902,0
33712,0
11806,0
25594,0
24571,0
38333,0
41867,0
34461,0
10983,0
30165,0
16903,0
818,0
44409,1
4830,0
42482,1
26214,0
28133,0
15004,0
44868,0
39826,1
42660,0
28102,0
21601,0
20118,0
39040,0
38778,0
11238,0
6833,0
24174,1
2592,0
379,0
11967,0
12195,0
37207,0
18532,0
3726,0
10336,0
35334,0
22422,0
18187,0
21738,0
31208,1
23529,0
36389,0
6108,0
7061,0
28904,1
4890,0
26282,0
23994,0
25291,0
31842,0
31077,1
2559,0
14553,0
40296,0
34350,1
2547,0
7078,0
4321,0
5138,0
29864,0
6884,0
27940,0
39309,0
34531,0
13954,0
39452,1
39240,0
19227,0
21328,0
15662,0
44196,1
43101,0
13058,0
37201,0
40889,1
22740,0
31859,0
5278,0
29840,0
16489,0
4946,0
14028,0
28381,0
19190,0
29528,0
26041,0
23209,0
35721,0
7519,0
11754,0
27100,0
40570,1
26050,0
19213,0
2502,0
16701,0
1200,1
18662,0
23847,0
25228,0
24646,0
17558,0
33856,0
15207,0
8734,0
40788,0
4064,0
43346,1
37403,0
601,0
38196,0
7753,0
12984,0
30106,0
18603,0
10657,0
11517,0
42587,1
8998,0
4978,0
38348,0
35883,0
8615,0
37591,0
23495,0
24474,0
37240,0
7500,0
18870,0
14811,0
24726,0
11301,0
34348,0
6045,0
22254,0
7125,0
35770,0
20985,0
44756,1
30517,0
11673,0
16527,0
12854,0
12206,0
10072,0
31160,0
21635,0
3452,0
3605,0
40639,0
44302,0
30103,0
4420,0
18555,0
37939,0
27356,0
4720,0
14089,0
1527,0
25900,0
6078,0
690,0
13360,0
35056,0
19686,0
38553,0
25926,0
39370,0
10921,0
22172,0
20945,0
17571,0
41105,0
3572,0
15548,0
26338,0
11992,0
29378,0
45091,0
25687,0
16241,0
26703,0
13189,0
7399,0
26853,0
44755,1
31512,0
2499,0
6035,0
26400,0
27364,0
20211,0
43452,0
17262,0
15075,0
41351,0
26859,0
43674,1
24339,0
30195,0
27534,0
41435,0
1694,0
9487,0
2092,0
23316,0
27626,0
9329,0
38099,1
40105,0
16975,0
29234,0
5716,0
28168,0
23882,0
12510,0
30775,0
8445,0
23840,0
5168,0
10882,0
29217,0
13237,0
17227,0
28735,0
4509,1
44334,1
15310,0
27970,0
20931,0
15917,0
38122,0
44956,0
22061,0
5582,0
34253,0
26993,0
35035,0
6165,0
19192,0
28469,0
14535,0
8642,0
31881,0
13307,0
22040,0
1979,0
33464,0
1741,0
3718,0
25387,0
7796,0
44244,0
2189,0
37774,0
21529,0
8147,0
33273,0
36071,0
41365,1
40665,0
39229,0
16567,0
3082,0
34644,0
22197,0
2033,0
6629,0
22806,0
18352,0
23158,0
20,0
26794,0
13713,0
15237,0
7183,0
43184,1
16359,0
42834,1
14825,0
22368,0
40630,1
28938,0
42716,1
2178,0
29537,0
4979,0
19794,0
40508,0
25182,0
43424,1
15836,0
26314,0
16252,0
22807,0
11274,0
269,0
16480,0
14546,0
40444,1
12016,0
39481,0
13252,0
3885,0
42759,1
13159,0
9764,0
24094,1
12820,0
1067,0
40268,0
35528,0
6221,0
22791,0
33483,0
30869,0
4059,0
29236,0
33229,1
42755,1
10061,0
13681,0
9537,0
37559,0
5271,0
38616,0
23854,0
33982,1
34140,0
243,0
4039,0
24345,0
40023,1
10991,0
34447,0
44810,1
9504,0
17032,0
27814,0
10835,0
20793,0
15269,1
16539,0
36196,0
42263,1
17534,0
19431,0
1046,0
9832,0
1306,0
10119,0
13783,0
11631,1
12313,0
27712,0
15,0
28114,0
29993,0
29555,0
35437,0
9552,0
1844,0
19482,0
34380,0
41457,0
11032,0
34105,1
16277,0
34246,1
9287,0
16926,0
36842,0
431,0
39539,0
32397,0
29960,0
2561,0
42297,0
3606,0
37183,0
33799,0
39053,0
33878,0
44510,1
26103,0
17137,0
19433,0
24535,0
31959,0
27204,0
22926,1
37532,0
19946,0
8444,0
35730,0
21758,0
32025,0
36230,0
31228,0
43757,0
7751,0
20609,0
32912,0
21440,0
7813,0
43723,0
32511,0
5192,0
12172,0
33003,0
